case_id,q,h,Lm,t_final,terminal_x,terminal_y,terminal_z,finite_values,norm_terminal,status
chua_mem_sens_Lm_0.10,0.9998,0.02,0.1,0.4,0.04064532280889953,0.003265568768825166,0.21226292131390315,True,0.21614405837389056,passed
chua_mem_sens_Lm_0.20,0.9998,0.02,0.2,0.4,0.04065270952780569,0.0032620058156592,0.21226057282433525,True,0.21614308744349994,passed
chua_mem_sens_Lm_0.40,0.9998,0.02,0.4,0.4,0.040659749458056844,0.0032599970269426596,0.21225789990280955,True,0.21614175644182856,passed
