test_id,h,y0,expected,computed,abs_error,tolerance,passed
q1_stage_formula_check_1,0.1,0.3,0.3350800965417399,0.3350800965417399,0.0,1e-15,True
q1_stage_formula_check_2,0.05,0.3,0.31726243914976904,0.31726243914976904,0.0,1e-15,True
q1_stage_formula_check_3,0.02,0.3,0.30684127331870126,0.30684127331870126,0.0,1e-15,True
q1_stage_formula_check_4,0.01,0.3,0.30341025904900987,0.30341025904900987,0.0,1e-15,True
q1_analytical_exponential_decay_check,0.01,1.0,0.36787944117144233,0.3678794257199938,1.5451448509562482e-08,1e-05,True
q1_scipy_solve_ivp_comparison,0.01,1.0,0.36787944119184823,0.3678794257199938,1.5471854408755092e-08,1e-05,True
