{
  "params": {
    "alpha_chua": 8.4562,
    "beta": 12.0732,
    "gamma_chua": 0.0052,
    "m0": -0.1768,
    "m1": -1.1468
  },
  "matlab_reference": "C:/Users/moren/Documents/MATLAB/verifica_chua_entero.m",
  "P": [
    [
      1.241370160000001,
      8.4562,
      0.0
    ],
    [
      1.0,
      -1.0,
      1.0
    ],
    [
      0.0,
      -12.0732,
      -0.0052
    ]
  ],
  "qvec": [
    -8.4562,
    0.0,
    0.0
  ],
  "r": [
    1.0,
    0.0,
    0.0
  ],
  "err_lure": 0.0,
  "omega_roots": [
    2.039186939959001,
    3.245287288346079
  ],
  "k_roots": [
    0.20986735451508398,
    0.9596881849458435
  ],
  "chosen_branch": {
    "branch_index": 0,
    "omega0": 2.039186939959001,
    "k": 0.20986735451508398,
    "a0": 5.856145086257356,
    "Phi_a0": -2.211772431870429e-16,
    "Phi_a0_closed_form_check": 5.106365991531268e-16,
    "X0": [
      5.8561450862573015,
      0.3693315782467822,
      -8.36653616833188
    ]
  },
  "nyquist_df_residuals": {
    "convention": "W(s)=r(P-sI)^(-1)q; integer-order Nyquist uses s=i*omega and closure W(i*omega0)=-1/N(a0).",
    "omega0": 2.039186939959001,
    "W0_real": -4.764914497114539,
    "W0_imag": -4.440892098500626e-16,
    "N_a0": 0.209867354515084,
    "minus_inv_N_a0": -4.764914497114538,
    "imag_W0_abs": 4.440892098500626e-16,
    "real_closure_abs": 0.0,
    "df_gain_closure_abs": 2.7755575615628914e-17,
    "total_complex_closure_abs": 9.930136612989092e-16
  },
  "P0": [
    [
      -0.5333101632504522,
      8.4562,
      0.0
    ],
    [
      1.0,
      -1.0,
      1.0
    ],
    [
      0.0,
      -12.0732,
      -0.0052
    ]
  ],
  "eigP0": [
    [
      -1.5385101632504523,
      0.0
    ],
    [
      4.163336342344337e-16,
      2.0391869399589995
    ],
    [
      4.163336342344337e-16,
      -2.0391869399589995
    ]
  ],
  "d": 1.5385101632504523,
  "canonical": {
    "h": 16.715822458956225,
    "b1": 8.259622458956299,
    "b2": 10.400069224718846,
    "S": [
      [
        0.9999999999999908,
        2.4424906541753444e-15,
        -16.71582245895626
      ],
      [
        0.06306735451508783,
        -0.2411469619875305,
        1.9870325602212358
      ],
      [
        -1.428676380980668,
        -0.3697530876524686,
        15.645785230567526
      ]
    ],
    "err_transfer": 8.09169049910734e-15,
    "err_S": 9.576015784685792e-14,
    "err_dyn": 6.950246880240535e-14,
    "err_b": 5.57008971223466e-14,
    "err_c": 3.6783918902496076e-14
  },
  "status": {
    "lure_ok": true,
    "amplitude_ok": true,
    "nyquist_df_ok": true,
    "canonical_ok": true
  }
}