label,dist_3d,dist_xy
E0,7.05832008207144,2.669747500286955
E+,3.93522998955317,3.934892533653971
E-,16.05310613986859,9.251126519791368
