label,dist_3d,dist_xy
E0,8.551998383283724,4.09273211394616
E+,2.663222123500041,2.497940560963166
E-,17.68414792018247,10.680487955752
