time,y1,y2,y3
0.0,0.10111728485276818,-0.030990870956544337,-0.15372003226310038
0.02,0.0714992448406721,-0.023500047466460165,-0.2630912155180112
0.04,0.05088252684020208,-0.015099169177566183,-0.34050837997141925
0.06,0.04338370843969096,-0.006274906720633779,-0.3833237274085003
0.08,0.053926048096340336,0.002567642023495565,-0.3906888365415883
0.1,0.088180175019295,0.011147196209524606,-0.36314001245611466
0.12,0.1513252756397145,0.019327439678984707,-0.30204878001396535
0.14,0.24212589709220717,0.02706342756540082,-0.20910760626213626
0.16,0.34193323144738563,0.03416810733962858,-0.08635995962797703
0.18,0.42018340549016997,0.03999966122776134,0.06255722514199932
0.2,0.46448088849857916,0.04359542132019576,0.23064372383692627
0.22,0.48377939717224205,0.04421592501957929,0.40733019237881907
0.24,0.4887573277212164,0.04160670106915893,0.5800460827984169
0.26,0.4850289443008602,0.0359337390347523,0.7360856634779243
0.28,0.47495076564844574,0.02766313185277017,0.864043413889356
0.3,0.4595656568667177,0.01746638018486936,0.954816918206627
0.32,0.4394724866455654,0.006141579870328625,1.0022680549991911
0.34,0.41513731644809004,-0.005460256808808302,1.0035809692323312
0.36,0.3870005703856709,-0.016505216396985815,0.9593321406833925
0.38,0.3555197484307337,-0.026239981711896034,0.8732921809050788
0.4,0.32119620697686957,-0.034044959810586514,0.751993114795571
0.42,0.28460507155236686,-0.039473610312457386,0.6041097498112425
0.44,0.24644000549931708,-0.0422755222364043,0.439715607904457
0.46,0.20758406355333953,-0.04240196169313466,0.2694813845018634
0.48,0.1692173259112774,-0.03999382125777107,0.1038865903535075
0.5,0.13296526873764486,-0.035353108861333124,-0.04748709815382098
0.52,0.10107318792595378,-0.028900406879896104,-0.1765193388276999
0.54,0.0765657496165719,-0.021122222948428082,-0.2769226710185495
0.56,0.06334478499426845,-0.012513631418173108,-0.34439205807717077
0.58,0.06621809942862479,-0.003522241140363834,-0.37652568437450473
0.6,0.09081563317262623,0.00550080466094548,-0.37253371135663954
0.62,0.14271221003187856,0.014332546221746598,-0.3327797342276008
0.64,0.2231622769421135,0.022854327831368523,-0.25828490682402483
0.66,0.31930278013598434,0.030881706100495183,-0.1505863416792777
0.68,0.4028687304167342,0.03785999149796034,-0.012608909864562028
0.7000000000000001,0.45525304475744266,0.0428459270279677,0.14963220679995745
0.72,0.4806587661952546,0.04497714301030979,0.3263302815457173
0.74,0.48970123096695245,0.04383259757358714,0.5050614508584826
0.76,0.48894349348399624,0.03943779127016755,0.6726425528076809
0.78,0.4812899240691224,0.03215535339833762,0.8167030033122665
0.8,0.46799741944055157,0.022588415479321167,0.9268322627300757
0.8200000000000001,0.44973338578317185,0.011500670843478496,0.9953787768240397
0.84,0.42697678548108375,-0.00025832710560292965,1.017942052106575
0.86,0.4001565500871415,-0.0118256048376826,0.9935702499987321
0.88,0.36970197926776815,-0.022392575562727904,0.924676070361289
0.9,0.3360672063358662,-0.031264222321816366,0.816697283872717
0.92,0.2997521528564636,-0.03790581339525655,0.6775443056601288
0.9400000000000001,0.2613311421358132,-0.04197418388838278,0.5168909709988823
0.96,0.22149870847027406,-0.043331782122929784,0.3453742608961125
0.98,0.18114290548302775,-0.0420429189731387,0.17377345416230058
1.0,0.1414545631679081,-0.038352874386899674,0.012238984996083831
1.02,0.1040700208404615,-0.032651726427577736,-0.13036373835529466
1.04,0.07122022710315103,-0.025426112327643285,-0.24694037526345408
1.06,0.045832458196292725,-0.017203690723019086,-0.3324442865193819
1.08,0.031545358977811126,-0.008496382646390292,-0.3839264480163798
1.1,0.032690836918759604,0.0002518101133642727,-0.4003658727433659
1.12,0.05435733534912568,0.008709200926008718,-0.38230631251619457
1.1400000000000001,0.10222185876152773,0.01669004039231284,-0.3313347146556087
1.16,0.18004776759700772,0.024154745316154427,-0.24947683314632682
1.18,0.28064086107439284,0.03109210892079319,-0.13878691584993832
1.2,0.3769993255327853,0.03719942295168036,-0.0018198176995543763
1.22,0.4418604565861124,0.04167339018977971,0.1566362019922145
1.24,0.474036307041889,0.04359794604187379,0.32814738140596295
1.26,0.4858029666334864,0.0424514428482507,0.5013026985864887
1.28,0.48610269607860795,0.038195055546704264,0.6635964285152006
1.3,0.47899596730989913,0.031153730117793273,0.8031389887004089
1.32,0.4661586883622036,0.02190122247850525,0.9098709022421104
1.34,0.44839846124232235,0.011172709999847253,0.9763769732468557
1.36,0.4262471916233852,-0.0002109646581262845,0.9983784130512062
1.3800000000000001,0.40016579889051707,-0.011414430785246727,0.9749318615856105
1.4000000000000001,0.37061844562955787,-0.02165366421648041,0.9083535030332405
1.42,0.3381094098860696,-0.030253258536645303,0.8038956445735573
1.44,0.30321595035914095,-0.03669149264689933,0.6692175013126326
1.46,0.2666330456645734,-0.040630300086069604,0.5137051083316352
1.48,0.22924244043047762,-0.04192831010398231,0.3477047951185345
1.5,0.19221787881437127,-0.040636303729727055,0.18173964508203005
1.52,0.15717390000979511,-0.03697562560237792,0.0257786029836426
1.54,0.1263508563533095,-0.031301359989494,-0.11137676239981979
1.56,0.10280350834742023,-0.024053534484663804,-0.22253290107383936
1.58,0.09053982356012945,-0.01570121762782909,-0.3023336486360897
1.6,0.09454868185659494,-0.006685752721400678,-0.3472619864654667
1.62,0.12052705397358937,0.0026289377924069548,-0.3554256344248633
1.6400000000000001,0.17337816525494917,0.011982706270503438,-0.3261819117072064
1.6600000000000001,0.2520372008270368,0.02117588407613759,-0.25977323727978885
1.68,0.3410507215599429,0.029882114225149387,-0.15740548786917413
1.7,0.41469870072093523,0.037404585512185236,-0.022279730721539687
1.72,0.46009478264284215,0.042770306240129896,0.13894647015770112
1.74,0.4825057887474534,0.04517225867317503,0.3159101862961842
1.76,0.49069337425572523,0.04423438792446075,0.4958527403562399
1.78,0.48985859965436224,0.03999624443665187,0.6653706985313357
1.8,0.48234954344248,0.03281980897472577,0.811894445906934
1.82,0.4692397541968214,0.023304987511163534,0.924804087946169
1.84,0.4511402007428714,0.012214517316088764,0.9962295048420734
1.86,0.42851103058993806,0.00040063686647892355,1.021554942223138
1.8800000000000001,0.4017718763723889,-0.011267362638218292,0.9996314347662912
1.9000000000000001,0.37134332259414987,-0.021971551650269663,0.9327061415245225
1.92,0.3376675742968833,-0.0310054636668889,0.8260932184852933
1.94,0.3012262692931424,-0.0378219037836749,0.6876276749767508
1.96,0.26256487799180167,-0.042065410346872334,0.526957860768982
1.98,0.22233221002932024,-0.04358750352811395,0.354742120193066
2.0,0.1813446826883693,-0.04244411232680505,0.18182010002135518
2.02,0.1406840129572213,-0.03887579748606459,0.01842916224300719
2.04,0.10182774216061619,-0.03327258629838516,-0.12646850831211282
2.06,0.06678850934557418,-0.026126539746307128,-0.2456923172818886
2.08,0.03820747533847278,-0.01797671896100526,-0.3341429104479794
2.1,0.019349267245903735,-0.009352682505000582,-0.38887655167346524
2.12,0.014033288929051667,-0.0007227374927438392,-0.4089611891270466
2.14,0.026665693158049265,0.007549553811659415,-0.3951415985081083
2.16,0.06241980065080556,0.015240769482790637,-0.3493469397480099
2.18,0.12659741971999422,0.022288921486899496,-0.2740792432059462
2.2,0.2195871814283103,0.02875401488277363,-0.17181018355691352
2.22,0.32489166755429,0.03460060417867507,-0.04484915577248457
2.24,0.41006839299804804,0.03933763595338692,0.1035377840715346
2.2600000000000002,0.458655951421808,0.042062690295100416,0.2671597938427552
2.2800000000000002,0.4793286056545152,0.042031338762320326,0.4363401445563205
2.3000000000000003,0.4843082892772852,0.038986049090533145,0.5993727127932749
2.32,0.4802007825090964,0.033098942276553495,0.7444265556657037
2.34,0.4697594171330669,0.024837510671935976,0.8609900231049823
2.36,0.45416690074846744,0.01486207048315465,0.9408363291213484
2.38,0.43407827069708643,0.003945487641765862,0.9786299446621411
2.4,0.4099969736646394,-0.007098652433793299,0.9722313394833723
2.42,0.3824067101002836,-0.01748258258478894,0.9227248406439814
2.44,0.35182780182825313,-0.026503550885616685,0.8341939679477427
2.46,0.31885768191706576,-0.03359229173463105,0.7132802949161298
2.48,0.2842196263103794,-0.03834766521494687,0.5685751807675339
2.5,0.24883457609455625,-0.04055524561222242,0.4099044836611801
2.52,0.21392867297376203,-0.04018874047070017,0.24757307868598646
2.54,0.1811847159393474,-0.037394299533499036,0.0916381431513707
2.56,0.15293200821263836,-0.03245904693127652,-0.0487225649444571
2.58,0.13234215356348794,-0.02576666340487363,-0.1656894328665626
2.6,0.12356045515219731,-0.01774466782548338,-0.253083554819626
2.62,0.13163181205287539,-0.00881036187950891,-0.3064329276925229
2.64,0.16181196047552185,0.0006731211408042455,-0.3228374661102464
2.66,0.21706521709920232,0.010405965872218145,-0.30071568215014677
2.68,0.2922589081189472,0.02007552250486163,-0.23966509732208324
2.7,0.3696837758559342,0.029168483056558607,-0.1408636179163671
2.72,0.42935545366347555,0.03684997808857048,-0.008193501448699516
2.74,0.4654447221798601,0.04217833404275159,0.1507858669450268
2.7600000000000002,0.4835823805962977,0.04446350075027108,0.3251567824997228
2.7800000000000002,0.4901139873346041,0.04341660261010586,0.5020345864496947
2.8000000000000003,0.48864570787469497,0.039118253940392866,0.6681412351359313
2.82,0.48088021561566485,0.03194477835713976,0.8111371371307423
2.84,0.46767704701520585,0.022497156972994804,0.9206603484407886
2.86,0.44958395418118857,0.011531781745200769,0.9890869534957536
2.88,0.4270469617832978,-0.00011023205871735166,1.0120118162251879
2.9,0.4004896393116201,-0.011573786242120002,0.9884454390739161
2.92,0.37034700385294356,-0.022056692623582154,0.9207340783870823
2.94,0.3370867573586955,-0.030868272582785107,0.8142274303550863
2.96,0.3012318312199158,-0.03747568959815675,0.6767352684536998
2.98,0.26339344930803543,-0.04153499841335072,0.5178284998936158
3.0,0.22432423942200502,-0.04290506543069599,0.34804987243148444
3.02,0.18500208225311646,-0.04164374329923401,0.17810448905143916
3.04,0.14675300584818188,-0.03798689421355223,0.01810032543961175
3.06,0.11140942328358086,-0.03231208468919859,-0.123095865164928
3.08,0.08147545851753134,-0.025090152415236166,-0.238331849286392
3.1,0.06024907998541408,-0.0168293969600892,-0.32243289063203756
3.12,0.051871323666933124,-0.00801832400590446,-0.3722365506277831
3.14,0.061337258750894554,0.000927405594455295,-0.3864052222461761
3.16,0.0943805517101971,0.009708982899803405,-0.36504266447005945
3.18,0.1561384546899878,0.018166237267658984,-0.30917058391446384
3.2,0.24524759431305423,0.026223950788909545,-0.22024010114254028
3.22,0.3432867627760809,0.03366300297568151,-0.10018128704911405
3.24,0.42046188031497483,0.03982087325811783,0.047372421399951126
3.2600000000000002,0.4645973419299353,0.04372727744303948,0.21537140293427662
3.2800000000000002,0.48419045809949735,0.04463313307003998,0.39316683205677366
3.3000000000000003,0.48957134451321754,0.042268304178561374,0.5680568112446395
3.3200000000000003,0.4862310687264461,0.03678282015713068,0.727139048844239
3.34,0.47649409770597795,0.028630775918143173,0.8587546470953229
3.36,0.46139506511906464,0.018477330850839222,0.9535108414920531
3.38,0.44152882714538955,0.007120300561062772,1.0049659192061082
3.4,0.4173565017114681,-0.004583814895477222,1.0100110360518182
3.42,0.38931073600191274,-0.01579062801457759,0.9689619355121587
3.44,0.35783673385653064,-0.025732517082617343,0.8853784867799034
3.46,0.3234165224571405,-0.03377318120479716,0.765644507374461
3.48,0.28659480205403787,-0.03944856475491473,0.6183555935537264
3.5,0.24801733181474064,-0.042491604058518165,0.4535749517920454
3.52,0.20849236594766457,-0.04283943773454037,0.2820250681160046
3.54,0.16908573581941463,-0.040622944753035156,0.11428603660205876
3.56,0.1312549936331782,-0.036139678953351545,-0.039930498838109355
3.58,0.0970112357785755,-0.029812529093763602,-0.17236958788013515
3.6,0.06906992100339734,-0.022137887101056655,-0.2766333481470495
3.62,0.05093953461123347,-0.013628636619484902,-0.34836166784979844
3.64,0.04694261880393507,-0.004758034824800717,-0.3851846806647564
3.66,0.062228541831450775,0.004090486692608006,-0.38646125380195123
3.68,0.1025805992817803,0.012662991651823158,-0.35283549104684725
3.7,0.1724322759777513,0.020845862983268827,-0.2856804140306476
3.72,0.26729592818952463,0.02857856723353931,-0.18665932719545164
3.74,0.3639688536407534,0.03557588241259264,-0.05800727111506804
3.7600000000000002,0.43382610946365446,0.041075200621522236,0.09596086310852114
3.7800000000000002,0.4709818651571038,0.04411643628421871,0.26729940362757837
3.8000000000000003,0.48618694503137533,0.044065738406622916,0.44474695365848776
3.8200000000000003,0.48887494045462776,0.04077486004021747,0.6154877821538802
3.84,0.4836140692106892,0.03448654560863267,0.7669371114528026
3.86,0.4723077625969703,0.025720252605124047,0.8880678835470367
3.88,0.4558406236124496,0.015183199399670513,0.9703332084704422
3.9,0.4347612586477473,0.003693397293949758,1.0082614893985087
3.92,0.4095214663361567,-0.007893427648053418,0.9997524571025743
3.94,0.3805596345740152,-0.018752951218661044,0.9460880059483271
3.96,0.34833624188169743,-0.028154063721066283,0.8516798661429122
3.98,0.3133590634150961,-0.03550950716006118,0.7235911462217551
4.0,0.27621393782034026,-0.04041207291198821,0.5708832777925759
4.0200000000000005,0.23761210867623234,-0.042654147332603906,0.40385093249853365
4.04,0.19846524199683407,-0.04222959065425657,0.23321395472639045
4.0600000000000005,0.15999811697445282,-0.039318145217840605,0.06933698531346338
4.08,0.12390042764834062,-0.034253780769663386,-0.07845574395414368
4.1,0.09249807997613596,-0.02747970465274937,-0.20241117508500622
4.12,0.06889861994263007,-0.019494285170835967,-0.29667837603707653
4.14,0.05706831522214033,-0.010793532067684698,-0.3574142679906636
4.16,0.06185146975408111,-0.0018160803585476008,-0.3826624275337162
4.18,0.08889419799275848,0.007104100029717607,-0.3720254739382216
4.2,0.14370698449608696,0.015766925341658883,-0.3261782072751
4.22,0.22703716295838233,0.024075811835037823,-0.24635956184828578
4.24,0.32464016529494466,0.03185218690901221,-0.1342623756004485
4.26,0.4073466316794301,0.038523647125734764,0.007005386900429752
4.28,0.4578332091021201,0.043138749726222905,0.1711781215701487
4.3,0.481657127635852,0.044862427498863384,0.348237618661169
4.32,0.4896035820253068,0.04331623868074531,0.5256977908867229
4.34,0.488033462177711,0.038563833509486986,0.6904781584927018
4.36,0.4797131063673749,0.0309969926766956,0.830445677489526
4.38,0.465842040615921,0.02123892264734301,0.9355257440045321
4.4,0.44706836966527835,0.01006439226237955,0.998465033750252
4.42,0.4238666974632046,-0.0016748485228472764,1.015287736671665
4.44,0.396668018912746,-0.01312199583959235,0.9854584950607288
4.46,0.3659077891266617,-0.023481963285333068,0.9117667173652706
4.48,0.33205067086106055,-0.03207903717975398,0.7999606941187132
4.5,0.2956134174806371,-0.03840167862862023,0.6581756801695954
4.5200000000000005,0.25719715401010346,-0.042131643724189934,0.49621337631164464
4.54,0.21753905969174506,-0.04315576328300445,0.32473926356687244
4.5600000000000005,0.17759404271633653,-0.04155995491766699,0.15446841489386975
4.58,0.13865408108323865,-0.03760624967767056,-0.00459031007502185
4.6000000000000005,0.10249991564243792,-0.03169484136649581,-0.14376733653104085
4.62,0.07155382178255906,-0.024314551798535453,-0.2561890872303896
4.64,0.048979927600734795,-0.01598666894779694,-0.3370213990525468
4.66,0.03870524662770238,-0.007208243855431758,-0.38348513766501263
4.68,0.04542509984115077,0.0015996831950621593,-0.3946533874914722
4.7,0.07462184011603584,0.010135572388306905,-0.3710571547016141
4.72,0.1318500191602123,0.018245004923201108,-0.3141435306809514
4.74,0.21825853982633364,0.025892053233197748,-0.22571187850895819
4.76,0.31967376824492155,0.03297054429134348,-0.1077452473494191
4.78,0.4054843768794207,0.038966283847059406,0.03663150586887776
4.8,0.4571249655215362,0.04295016518258162,0.20129601071123696
4.82,0.48074693797774937,0.04409953310934521,0.37643021613378536
4.84,0.4880247276205882,0.042060311405475226,0.5498206926001689
4.86,0.4857260771587385,0.03692536102868671,0.7087709308343431
4.88,0.4767442972539878,0.029110222519881976,0.8416402705950663
4.9,0.4623148777527701,0.01925155875749231,0.9389218237349822
4.92,0.443099271764593,0.008125859106929234,0.9939604614840756
4.94,0.4195830001652089,-0.0034248259104481807,1.0033623002531116
4.96,0.3922122245999105,-0.01456340239233387,0.9671144739401217
4.98,0.36144586458566097,-0.024522305317093925,0.8884335796335804
5.0,0.3277853090312278,-0.032658389561066224,0.7733739233716594
5.0200000000000005,0.29180501119368873,-0.0384946109659379,0.630241570128481
5.04,0.2541968776517086,-0.041745860586776755,0.46887266682375256
5.0600000000000005,0.2158400280845627,-0.04232745573143531,0.29984281548619424
5.08,0.17790712621163124,-0.04034599076105745,0.13367786350583022
5.1000000000000005,0.14201279094407032,-0.036073455011464306,-0.019864736505095328
5.12,0.11039266072904455,-0.0299068054924971,-0.15238098696811003
5.14,0.08607579229783945,-0.02231665453104511,-0.25722044122480725
5.16,0.07300124727626867,-0.013790257176584508,-0.329667705501679
5.18,0.07605229678111725,-0.0047748985961654266,-0.36689461868853135
5.2,0.10091604415088858,0.004371840868666828,-0.36769732799679905
5.22,0.1530053549009845,0.013412664881358883,-0.3320659407443326
5.24,0.23286612429932882,0.02220074770243382,-0.2607302416263506
5.26,0.32671571903638075,0.030502973123788944,-0.15508942298338432
5.28,0.40698451756736054,0.03771307946607632,-0.018143470359291897
5.3,0.4570080451098463,0.04287245312573678,0.1438744671253251
5.32,0.48142236957733614,0.04513389712228493,0.32095063201813945
5.34,0.4902143719520485,0.04408937239805296,0.5005179628769902
5.36,0.48947014601122757,0.039767440019239694,0.6692810797225351
5.38,0.48189824552333316,0.03252947095201343,0.8147588190986824
5.4,0.4686908537049909,0.022977303123054686,0.9264240532122183
5.42,0.4504950860369618,0.011874967225298025,0.9965064534762519
5.44,0.42778246098820233,7.436340793332799e-05,1.0204921108040996
5.46,0.400977231063498,-0.011557339637071765,0.997328960297606
5.48,0.37050334498118903,-0.022205923150436725,0.9293492940706608
5.5,0.3368070977760097,-0.031169847489832144,0.8219349815108179
5.5200000000000005,0.30037619363156237,-0.037907586356630704,0.6829673845239108
5.54,0.26176561494070494,-0.042069557769413964,0.5221179265545375
5.5600000000000005,0.22163927084925628,-0.04351282068840186,0.3500450043005934
5.58,0.1808373345267387,-0.04229795680335075,0.17756775587080734
5.6000000000000005,0.14047784974865066,-0.03866877881850962,0.014887061429058499
5.62,0.10209128135078178,-0.033016708854056206,-0.12908080813165135
5.64,0.06776263416732967,-0.025832989699683732,-0.24720242183553523
5.66,0.040226430585551254,-0.017653446209310496,-0.3344175198620826
5.68,0.022866482188751626,-0.009001926167705803,-0.3878035707949618
5.7,0.019663936947629284,-0.00033849153202420367,-0.40642186430377897
5.72,0.035250380377948934,0.007984350848623202,-0.3909720382900017
5.74,0.0750207708773458,0.015756918066423715,-0.3432881574078781
5.76,0.14399915902001778,0.0229286762962603,-0.26572323312077395
5.78,0.24043486753541232,0.0295462971910426,-0.16059160667615524
5.8,0.34386421772134407,0.03549576170111781,-0.03021839284089578
5.82,0.4222755301220817,0.04016971898605264,0.12169130398918143
5.84,0.4647180102091019,0.042638655492415516,0.28818488933576486
5.86,0.48193054963707166,0.04222887001843527,0.45893845319172133
5.88,0.4851175622951044,0.038762331228758336,0.6219221469502508
5.9,0.4799029630686689,0.03246773184409794,0.7652542203191957
5.92,0.46860227726966885,0.02385157957455643,0.8785606257584966
5.94,0.45224296089467214,0.013601671657730031,0.953883964866126
5.96,0.4314290628735963,0.002508828866316933,0.9862487081009231
5.98,0.4066470021515269,-0.008604581169028002,0.9739287590408783
6.0,0.3783735931552896,-0.018950969812669867,0.9184389632274659
6.0200000000000005,0.34712453173830926,-0.027836108528480178,0.8242756634651699
6.04,0.3134920964632836,-0.03470646704440324,0.6984442782161578
6.0600000000000005,0.2781927858507554,-0.039182260107284816,0.5498252363783348
6.08,0.24213879158604587,-0.041074110776677934,0.3884399777129764
6.1000000000000005,0.20654570976057118,-0.04038236701266848,0.22468486740761187
6.12,0.17308450292313893,-0.03727929455690072,0.06860236969888939
6.140000000000001,0.14407171072140196,-0.03207564158260174,-0.07074456510846186
6.16,0.12266570241689828,-0.025174549566375732,-0.18573779710835456
6.18,0.11300481488711256,-0.017017527758599667,-0.27046717936978704
6.2,0.12017175830961077,-0.008029211876029427,-0.3207725668128875
6.22,0.1496336851288814,0.001428702386597906,-0.3340785868062872
6.24,0.20498341135819695,0.0110716542368572,-0.3090974140674243
6.26,0.2820798069005542,0.020622920008564777,-0.24561939398943147
6.28,0.3632471995633278,0.02961824194098096,-0.14483748745838687
6.3,0.4265969466661586,0.037248097130375774,-0.010486102298243316
6.32,0.4648210893209744,0.04255364556025259,0.15003580306408104
6.34,0.48380953506038316,0.04481582929322016,0.3258657086928278
6.36,0.4905846939795669,0.043729636732159675,0.50408083296032
6.38,0.4891317345713962,0.03937210195977616,0.6713276419554388
6.4,0.4812960154413458,0.03212245172996897,0.8151914021726655
6.42,0.46798186358903454,0.022587363243392937,0.9252530428290611
6.44,0.44974907084058036,0.011529968321276562,0.9938567959099731
6.46,0.42704499158158016,-0.00020178918677179255,1.0165930641854002
6.48,0.40028998280741945,-0.011746559388590835,0.9924942442394118
6.5,0.3699122982137949,-0.02229700377635849,0.9239514463926946
6.5200000000000005,0.3363683563273589,-0.03115880738637874,0.816376913458412
6.54,0.3001630181045932,-0.037797315637725544,0.6776539582424582
6.5600000000000005,0.26187889631756645,-0.04186878811625161,0.5174303072495571
6.58,0.22222374286529062,-0.043234446838363944,0.3463204400271397
6.6000000000000005,0.1821061710275188,-0.04195673901234819,0.17508731835456903
6.62,0.14274810445072295,-0.038278451029514084,0.013873773732093052
6.640000000000001,0.10583120284732984,-0.032586526085356594,-0.12845113911117176
6.66,0.07364990006534415,-0.02536379032814397,-0.24477555683830213
6.68,0.04921821870002574,-0.017133350261266864,-0.33001862036111757
6.7,0.036294150426103164,-0.00840169581301666,-0.38117718661177
6.72,0.03937475352567442,0.00039377427531830695,-0.3971522070248159
6.74,0.06374284850745954,0.008929412776395397,-0.3783800760305472
6.76,0.11509657755879452,0.017027376277002057,-0.3263071779343395
6.78,0.19629241076993073,0.024645721718421162,-0.24280156378987114
6.8,0.2973916868089501,0.031732909690203114,-0.1298336908153528
6.82,0.38951960021916515,0.03789481736719273,0.009853741249116671
6.84,0.44873315747296816,0.042263238197500844,0.17093385935229807
6.86,0.4772032305297149,0.04395031798798767,0.34436241118580474
6.88,0.48708415004118855,0.042500081662548386,0.5183318600467898
6.9,0.48635420993011713,0.03792621288553818,0.680182993230289
6.92,0.47853582029278796,0.03058950089466014,0.8180473088362052
6.94,0.4650991224222564,0.021089088084954667,0.9220072633067485
6.96,0.4467826118602823,0.010178043461322516,0.9848756840770104
6.98,0.42409524213136374,-0.0013117415453997566,1.0026596406684372
7.0,0.3974890001209174,-0.01254064179551118,0.9747322209972347
7.0200000000000005,0.3674223983888677,-0.022726977316071345,0.9037297554699374
7.04,0.3343933832443811,-0.031203718469906855,0.7952030005433455
7.0600000000000005,0.2989701323912791,-0.03746260681480142,0.6570655691825341
7.08,0.26183404226579565,-0.04118287278285372,0.49889591851250087
7.1000000000000005,0.22384677419446145,-0.04224283396905476,0.3311583302814677
7.12,0.18615295091800266,-0.04071384705388039,0.16441281465528906
7.140000000000001,0.1503255253574585,-0.03683728718073486,0.008583579161629204
7.16,0.11854578853352173,-0.030986493162283833,-0.1276494780654097
7.18,0.09378464697341247,-0.0236170647222438,-0.2372823676636398
7.2,0.07993470747181333,-0.015210458908137624,-0.31520450830696095
7.22,0.0818532386361596,-0.006216976481930113,-0.35818725860609807
7.24,0.10520765239527405,0.002994989163607453,-0.36465432128334824
7.26,0.1553910342677571,0.012170764614929802,-0.33428022655520434
7.28,0.23308847486541298,0.0211423856672835,-0.26755783228765884
7.3,0.3251980286671422,0.029660495735557624,-0.16572829294302044
7.32,0.40498915161011634,0.03711761358941044,-0.03166965650491504
7.34,0.45554610484221775,0.042558235699881854,0.12851839153819294
7.36,0.48072435533995195,0.045123119502076654,0.3049408531362511
7.38,0.4901877540160695,0.04438006398319758,0.4850730458690885
7.4,0.4900071738288633,0.04033230392594477,0.6555602476483552
7.42,0.4829256776516945,0.03331980670122113,0.8037676315515798
7.44,0.4701564373720654,0.023928507952102065,0.9189394952267713
7.46,0.4523549838257105,0.012912678491447789,0.9930254686400825
7.48,0.4299949769292818,0.00112083731760972,1.0212053066285889
7.5,0.40349971109845545,-0.010577027122590343,1.0021196173864857
7.5200000000000005,0.37329010682556774,-0.02135828423460674,0.9378161012897889
7.54,0.3398072615011308,-0.030508389620092453,0.8334352595894273
7.5600000000000005,0.30353059335198335,-0.03746952787903723,0.6966761511304449
7.58,0.26500186907989937,-0.04187405972181267,0.5370971176534026
7.6000000000000005,0.2248637948677071,-0.04356083420960245,0.36531655245970435
7.62,0.18392284581031637,-0.042573681488190664,0.19218403892503436
7.640000000000001,0.1432452379812876,-0.039142629490103435,0.027992450531627595
7.66,0.10428634571869301,-0.03364958589904979,-0.11820296208657853
7.68,0.06903123098056406,-0.026581520712116332,-0.23910196129081868
7.7,0.04009324236435126,-0.018475718621407372,-0.3294717841392534
7.72,0.02071636469683193,-0.009863161558189724,-0.3862346849997617
7.74,0.014709143617155944,-0.0012163137705182231,-0.40833595815065754
7.76,0.02646841852365624,0.007094968736866526,-0.3964188191361982
7.78,0.06115462944843134,0.01483938129697255,-0.35233941113568074
7.8,0.12411743028889133,0.021946514290127245,-0.27855997175221237
7.82,0.21610134259932232,0.02847135103075203,-0.177541449963348
7.84,0.32140111718252395,0.0343852668348895,-0.05158177059792593
7.86,0.40772288921128913,0.0392146867108468,0.0961179697064205
7.88,0.4575660355638134,0.04206143076183736,0.2594837304210824
7.9,0.479031735476191,0.04216499140857302,0.4289279308257337
7.92,0.4844645252093912,0.03924845827030884,0.5927573930059394
7.94,0.4806535701764296,0.033469716470889525,0.739086207771365
7.96,0.47043980873660324,0.02528697881890571,0.8573011671104103
7.98,0.4550370762369753,0.015355153804704475,0.9390448062472871
8.0,0.4351096095012227,0.004445060786443329,0.9788361178686874
8.02,0.4111622001458367,-0.006628691368366513,0.974388144096721
8.040000000000001,0.38367654800860973,-0.017074590085986073,0.9266474605010502
8.06,0.35316863344086624,-0.026183907796876276,0.8395794665278871
8.08,0.32022882480972137,-0.03337980558915556,0.7197349442071238
8.1,0.2855694042910132,-0.038252709241429914,0.5756467344823136
8.120000000000001,0.250094445821176,-0.04057969062016937,0.4171163190305408
8.14,0.21500475913095718,-0.04032668514482292,0.2544570071472681
8.16,0.18194658730244714,-0.03763355144794209,0.09776277297787261
8.18,0.15319975699819435,-0.03278324391343637,-0.04373071983668213
8.2,0.13187499733871613,-0.02615784154091107,-0.1621343043340808
8.22,0.12205380605118389,-0.018185964534878987,-0.2511985434591486
8.24,0.12874089535935837,-0.009288329451077926,-0.30639019365828485
8.26,0.15725838172457363,0.00016771402250706675,-0.3247640113439512
8.28,0.21095104970503903,0.009881556504212668,-0.3047054762110386
8.3,0.28556656603609126,0.019551423358686454,-0.24576201471137502
8.32,0.3641035019795934,0.028690295992214152,-0.14898528043149123
8.34,0.425839432607236,0.03648513791361734,-0.0180244170493166
8.36,0.4636609093705134,0.04198678491131315,0.1398263557258021
8.38,0.48286702145679977,0.04447723138125977,0.3138360393412865
8.4,0.4900457873264349,0.04363924832131873,0.491189457800323
8.42,0.48902819582574575,0.03953136889814336,0.6585768086323897
8.44,0.4816239126880154,0.03251362727820192,0.8035503998440426
8.46,0.4687327958474513,0.023175630969050155,0.9155850281116316
8.48,0.4509160204379135,0.012267064756434859,0.9868573814131094
8.5,0.42862315841042015,0.0006269356412744382,1.0127453312170418
8.52,0.4022774017223901,-0.010887381689779159,0.9920428362394632
8.540000000000001,0.3723112139272489,-0.021467511497848875,0.9268967404113976
8.56,0.3391876952325347,-0.030413410274064388,0.8224887160372606
8.58,0.3034223758431877,-0.03718064434706202,0.6865027800567676
8.6,0.2656147117429222,-0.04141252648413347,0.5284331397203444
8.620000000000001,0.22649864894161262,-0.04295519141791429,0.35879717864374083
8.64,0.18702284998583757,-0.04185492052755531,0.1883236166721247
8.66,0.1484692766184415,-0.03833823981743061,0.02718619927575088
8.68,0.11260775032405515,-0.03277653721714194,-0.11565124818823162
8.700000000000001,0.08186020487746021,-0.025638305410518158,-0.2329221998134303
8.72,0.05942464877584415,-0.01743366463517395,-0.31933653176034704
8.74,0.049325193143390046,-0.008657064977723323,-0.3716320179596585
8.76,0.05642429346159796,0.00026611988563671,-0.3884027512757189
8.78,0.0863653536892908,0.009024621139112312,-0.3697291442947769
8.8,0.14457036752822236,0.017447510244148024,-0.3166587227494111
8.82,0.23118162343116785,0.02546613146347201,-0.2306848039232282
8.84,0.33036234713196805,0.03291065475790245,-0.11367422584879704
8.86,0.4120292636164839,0.03919114324214886,0.03106839239327275
8.88,0.46040151338366403,0.043351443856072,0.1970189961662324
8.9,0.482486331967156,0.04459085917013429,0.3739623490147157
8.92,0.4892148889175057,0.04258001989640796,0.5493926446046085
8.94,0.4867296176870383,0.03742532754776944,0.7103967843750162
8.96,0.4776552920392038,0.029550475251694013,0.8451586666777026
8.98,0.46313412387900776,0.019599699329631053,0.9440264496141846
9.0,0.4437958567424204,0.008358055164672603,1.0002321600195139
9.02,0.4201122879706514,-0.0033228732168845434,1.0103054129465663
9.040000000000001,0.3925189005760777,-0.014596103963707655,0.9741959321357094
9.06,0.3614610841731297,-0.024684618519850283,0.8951218584721454
9.08,0.32741994661068324,-0.03293705235645648,0.7791746468401042
9.1,0.2909383876503512,-0.038870114788022346,0.6347266750762214
9.120000000000001,0.2526590133043371,-0.042195073264655485,0.47170034456524573
9.14,0.21338455337594484,-0.04282680765591655,0.3007658091007751
9.16,0.17417162129656544,-0.04087515901542997,0.1325380072384563
9.18,0.1364641344954801,-0.03661950217412988,-0.023157636559193045
9.200000000000001,0.10225710473472857,-0.03046872436727331,-0.15788766088444894
9.22,0.07425490071995819,-0.02291022883605443,-0.2650295118892133
9.24,0.05597313783269778,-0.014453120859565799,-0.3399729231358425
9.26,0.051771209650875866,-0.005571614590225908,-0.38009248562504055
9.28,0.0668571477662071,0.003346048900004762,-0.38450335957356185
9.3,0.1070417758988545,0.012037857450294726,-0.35363174698868083
9.32,0.17663441888467532,0.020377982356054036,-0.288672676035658
9.34,0.27079750715747514,0.028286693943787463,-0.19117324728383406
9.36,0.36621342529118756,0.03545338511045064,-0.06334371035665987
9.38,0.4349213055681271,0.04109757911077356,0.09043340106136355
9.4,0.47153012556034474,0.044257492629327454,0.2621069250237573
9.42,0.48661601857960257,0.04430210770382234,0.4403169952478293
9.44,0.4893509785738229,0.04108262765214021,0.6121544508664819
9.46,0.48417681013868796,0.03483939193897422,0.7649341642317591
9.48,0.4729525530815378,0.026090090565563342,0.887519791065779
9.5,0.4565484243969477,0.015541930739895566,0.9712514098170286
9.52,0.4355074655857989,0.004014910368269968,1.0105483500577812
9.540000000000001,0.41027762074090407,-0.007631435587409908,1.0032129617746894
9.56,0.38129258409671346,-0.018567542216796507,0.9504480125864571
9.58,0.34900584852085165,-0.02805614227950784,0.8566090886122625
9.6,0.3139143196623188,-0.03550348883488724,0.7287286496311925
9.620000000000001,0.2765867483892231,-0.04049616869444905,0.5758630723331182
9.64,0.23770752918986499,-0.042821263890549244,0.4083251940806358
9.66,0.19814660849969615,-0.04246882607315669,0.23687144437068727
9.68,0.1590655223489936,-0.03961684598635306,0.07191434938352506
9.700000000000001,0.12206181321501437,-0.03460010768493764,-0.07717194138067185
9.72,0.08933366502715716,-0.02786561900986191,-0.20259356188877414
9.74,0.06381958205773085,-0.019918818699672016,-0.29848044529630413
9.76,0.04926752118570417,-0.011266198707364509,-0.36100545376400506
9.78,0.05024944507822779,-0.0023603163145212974,-0.3882769383515607
9.8,0.07216170611918084,0.006448183790311846,-0.38002406448111203
9.82,0.1207648078928257,0.01494522200374035,-0.3371131253848864
9.84,0.19897323204097972,0.023045679065788405,-0.2609920208112675
9.86,0.29737888124987427,0.030655477711211254,-0.1533868063396944
9.88,0.38825450046848914,0.03735466130974838,-0.016937562677624106
9.9,0.44782101934309104,0.04226494214335776,0.1430662868932739
9.92,0.47725305866721984,0.04447804722227807,0.31756437731105464
9.94,0.4880849797400657,0.04350285649500902,0.49461811604886785
9.96,0.4881722452260261,0.039317335675466636,0.6612911776900988
9.98,0.4810460367698897,0.03225453018034992,0.8053094762818842
10.0,0.46819015530148667,0.022896499487570977,0.9162598107008821
10.02,0.450346729556372,0.01199050069466445,0.9864135381032849
10.040000000000001,0.4280207187562478,0.0003735358057935065,1.011235106093138
10.06,0.4016537415098372,-0.011099868070279208,0.9895955050800842
10.08,0.3716865376345922,-0.021625160999795338,0.923705221838778
10.1,0.33858875649989256,-0.03050685336296389,0.8187926966398215
10.120000000000001,0.3028841034498699,-0.037205398448253095,0.682569688386842
10.14,0.26518417240009,-0.04136887876874915,0.524538678745246
10.16,0.2262416941686923,-0.04284761806742779,0.35520725437746964
10.18,0.18703429276463618,-0.04169105330883727,0.1852795017740113
10.200000000000001,0.14888738895615491,-0.03812740841664603,0.02489469132686456
10.22,0.11363317531024081,-0.03252793747815561,-0.11702106796084896
10.24,0.08377840927465066,-0.02535887784298543,-0.23323426638708672
10.26,0.06263140358065362,-0.017125802430370055,-0.31847422662700575
10.28,0.05435679958413041,-0.00831626528067593,-0.36947528684422754
10.3,0.06398568944434246,0.0006535421923956172,-0.38479588318404684
10.32,0.09727535336566359,0.009482980532513202,-0.3644405195371983
10.34,0.1592898579400453,0.018008028857650422,-0.30934248273308157
10.36,0.24836013412934518,0.02614477187948364,-0.22088823849896644
10.38,0.345706511349834,0.033657698157157925,-0.10099341151009239
10.4,0.42184470341984115,0.03986787859879928,0.046652319807757976
10.42,0.46525276639324536,0.04380238537399965,0.21490259543429435
10.44,0.4845203567889725,0.04471910846243279,0.39302472433094104
10.46,0.4897827208413482,0.042353932255458596,0.5682609913124652
10.48,0.48639741893214633,0.03686006896233266,0.7276713079664812
10.5,0.4766349995136866,0.02869351142435223,0.8595686471025383
10.52,0.4615118788638599,0.018521048430816648,0.9545389749906361
10.540000000000001,0.44161682676000946,0.00714217130153874,1.0061258852996162
10.56,0.41740837544924314,-0.004584894491333287,1.0112126663450938
10.58,0.38931719626442207,-0.015814087793398872,0.9701140330182132
10.6,0.35778600311237474,-0.025776291905488684,0.8863952058461347
10.620000000000001,0.3232930806428663,-0.03383401240898525,0.7664507694604605
10.64,0.28637727511320477,-0.03952240923624878,0.6188910760530252
10.66,0.24767514075786284,-0.04257413336367011,0.45379625488343567
10.68,0.20798056889603125,-0.04292661284360343,0.28190573011621606
10.700000000000001,0.16833740582933265,-0.040711659252230574,0.11381411230375273
10.72,0.13017060182029122,-0.03622847031793955,-0.0407575680767763
10.74,0.09544487221298241,-0.029902359460589494,-0.17355308826641141
10.76,0.06681227333990086,-0.02223299057793495,-0.27818466525524804
10.78,0.04769629757917163,-0.013737436237349448,-0.3503171815354953
10.8,0.042305889434324756,-0.004894168826048345,-0.38762452653620005
10.82,0.0556525618466044,0.003907037692012994,-0.3895324442769855
10.84,0.09345336772052958,0.012405516173243,-0.3567786926206143
10.86,0.16056674614019373,0.020485772317098014,-0.29085042540841
10.88,0.2542000098113548,0.02810730318594587,-0.19349680331517485
10.9,0.3531737681601819,0.035045259065251085,-0.06687880374216065
10.92,0.4274192660650927,0.0405998123993659,0.08503493048878012
10.94,0.4679358783081799,0.04380786907535813,0.2547756247759543
10.96,0.4849256135986408,0.043987247442127196,0.43143638124139205
10.98,0.4885460193554575,0.04094477884628549,0.6023598523031675
11.0,0.4838824214153809,0.03489219178971474,0.7549685771773625
11.02,0.47305197936441024,0.026327390809732808,0.878139204017106
11.040000000000001,0.4570127893466178,0.01594242702730216,0.9631556681764557
11.06,0.4363374133457527,0.004545650780352112,1.0043276399873113
11.08,0.4114859423995881,-0.007011494573576137,0.9993082486423276
11.1,0.3829006777157329,-0.017903729267560536,0.949126217041305
11.120000000000001,0.35104550151369884,-0.027394154625977846,0.8579537795429079
11.14,0.316432754796359,-0.03488559712660598,0.7326462401894128
11.16,0.27965515686357856,-0.03995776674638873,0.5821035741912464
11.18,0.24143435953547554,-0.042387932288037916,0.41651578906977244
11.200000000000001,0.2026975200207179,-0.042153998324707426,0.24656061111535826
11.22,0.16469219403968727,-0.039420074132680505,0.08262411004412255
11.24,0.12914159152468427,-0.03450583710868247,-0.06588789809085935
11.26,0.09842178244864434,-0.02784231293864305,-0.19108761914405153
11.28,0.07571697082207729,-0.01991821247986273,-0.28694563929821565
11.3,0.06510888369012684,-0.011222384986599037,-0.34940684581802617
11.32,0.07159418569774519,-0.0021884322848925728,-0.3762785265070359
11.34,0.10092347664305121,0.0068524371130598205,-0.36691106763371756
11.36,0.15830423524296428,0.0156967782917122,-0.3217256808325462
11.38,0.2430042652727205,0.024224093850297668,-0.24175503923674796
11.4,0.33843812091375225,0.03219012149492653,-0.12866059761602397
11.42,0.4160156967550246,0.038938958612250545,0.014160257079574903
11.44,0.462069295738541,0.04349774347993198,0.17992083187041
11.46,0.48350605276105013,0.045075244115325395,0.3581447452502707
11.48,0.4903337723825604,0.04334235448237529,0.5360898408295689
11.5,0.4881620529774827,0.03839583788308326,0.7005848254890712
11.52,0.479419750602643,0.030649059116216824,0.8395129242655176
11.540000000000001,0.4651873294915366,0.02074044090232225,0.9428883213887969
11.56,0.4460740989320687,0.00945547642135808,1.0035980949932937
11.58,0.4225414654613172,-0.00234750462781649,1.017841430568146
11.6,0.39501445551747355,-0.013809258830607445,0.9852759990259081
11.620000000000001,0.36392361475487606,-0.024136289971804465,0.9088858635334686
11.64,0.3297271568753034,-0.03265816564256083,0.7946000737089632
11.66,0.29293198228655215,-0.038871754842274744,0.6507070440576836
11.68,0.2541237949583185,-0.04246961133054897,0.48712295729214183
11.700000000000001,0.21401579408088034,-0.04335092191471348,0.3145811853678875
11.72,0.17352616500019885,-0.04161468165515824,0.14381355513563765
11.74,0.13389178722401573,-0.03753596885862188,-0.015206796490843097
11.76,0.09681256795319784,-0.031527411644795694,-0.153897138572631
11.78,0.06459412501345413,-0.024089315942497018,-0.26551863764295974
11.8,0.04023220547109475,-0.01575350287293023,-0.3454158400605231
11.82,0.02740788447096452,-0.0070270787127108564,-0.3910292445771521
11.84,0.030467693868558764,0.0016583124324192722,-0.4016924764608254
11.86,0.054507756979517305,0.009989167782911602,-0.37824225208957324
11.88,0.10517060183434077,0.017801772698975905,-0.32247717946753096
11.9,0.1858161571545319,0.025077223577717054,-0.23654627167060902
11.92,0.2878682306040479,0.03180876234522829,-0.12257000688247462
11.94,0.3829663293731027,0.037668400079906184,0.01678821409495746
11.96,0.44515885535005517,0.04183014805103878,0.1765163155002212
11.98,0.47522739298416633,0.043399883949258415,0.3479516868088
12.0,0.4857111200848288,0.04190135457090076,0.5196024652492877
12.02,0.4851816495241866,0.03733513700315081,0.6790568327216382
12.040000000000001,0.4774535753599066,0.03005383368270305,0.8146529851788887
12.06,0.4641045586856052,0.020648761750764553,0.9166490778082755
12.08,0.44591046592234057,0.009863785982114247,0.9779997856235236
12.1,0.4233960742188276,-0.0014798023530910578,0.9948142653943701
12.120000000000001,0.39702497925858377,-0.012553696970130557,0.9665235731010476
12.14,0.367269856840383,-0.022587348463106643,0.8957767928211774
12.16,0.3346495317239837,-0.03092372917583004,0.7880948621075797
12.18,0.2997642797066821,-0.03706257227067149,0.6513253093360865
12.200000000000001,0.2633450333875791,-0.04068830971483111,0.49495388000859086
12.22,0.22632915327903452,-0.041681005943324384,0.3293380447948904
12.24,0.18997448201372855,-0.04010975407323506,0.16493186805183674
12.26,0.15601755449885188,-0.03620920316146865,0.011571458546246888
12.280000000000001,0.12686511841186987,-0.0303411803593914,-0.12211498840052626
12.3,0.10578162538943059,-0.022944874751669554,-0.2291193312339978
12.32,0.09701359447005875,-0.014480694835113144,-0.3042517363727692
12.34,0.10576345121454839,-0.005374455723099303,-0.34411252990551133
12.36,0.13769267912492647,0.004028556170981309,-0.3468563108794643
12.38,0.19667689555302764,0.013477440173551073,-0.3118247322548101
12.4,0.2784535660974385,0.02274102602019634,-0.239275277195619
12.42,0.3638470968857203,0.031390471187937016,-0.13069568839556478
12.44,0.4291464550171366,0.03861769238078087,0.00996081983300185
12.46,0.4672862626546433,0.04345301390440608,0.1750428651629711
12.48,0.48539586335291524,0.045190510841448206,0.3534339092170793
12.5,0.49116316291147216,0.043560992649859645,0.5320602452593777
12.52,0.4887429561359141,0.03868411215218947,0.6975788134224223
12.540000000000001,0.47999641537674875,0.03097891598953799,0.8377522895157884
12.56,0.46581923305375844,0.021084745634038577,0.9424849709770045
12.58,0.44676411622407763,0.009787973782471829,1.0045568264093394
12.6,0.4232743035770411,-0.002050854581899261,1.0200659367454512
12.620000000000001,0.39576715076726376,-0.013568772326678975,0.9885807865025138
12.64,0.36466738100147505,-0.023967319098280218,0.913013756836758
12.66,0.33042597618058933,-0.032570309987796295,0.7992438173654695
12.68,0.29353902751357885,-0.038868609691751176,0.6555330030435895
12.700000000000001,0.25457528527046586,-0.04254908640878705,0.4917946889449067
12.72,0.21422117555587086,-0.043506133963206656,0.3187805860343492
12.74,0.17335315413724792,-0.041835405093448345,0.14725731269501893
12.76,0.13314502870564301,-0.03781061394562822,-0.01275762090039511
12.780000000000001,0.09520578613754069,-0.03184547512194973,-0.15263641110584283
12.8,0.06171706521383826,-0.024444203012407253,-0.265605040625979
12.82,0.03551213883333394,-0.016145577366037445,-0.3469945529122884
12.84,0.020056866081287237,-0.007466864887432812,-0.39426612113336335
12.86,0.01939917575005948,0.0011465927507490373,-0.4068215878180494
12.88,0.03825109451664239,0.009363529967479595,-0.38562870845810204
12.9,0.0820676264050334,0.01700022660692697,-0.33269443370703045
12.92,0.15549320042250858,0.02403110728531477,-0.2504392954175265
12.94,0.2548586511017499,0.030506381692422598,-0.14117773759957056
12.96,0.35673180394679394,0.03626329580269592,-0.007319148413810657
12.98,0.4301184733055787,0.04062587503331069,0.14708275423360312
13.0,0.468181785878101,0.042669742529314776,0.3145787296594015
13.02,0.48284109658146124,0.04178985906508083,0.484518988742606
13.040000000000001,0.4845637745146481,0.037875815154041766,0.6448349979478878
13.06,0.4783533791645573,0.031203931113970313,0.7838369645348534
13.08,0.46625996327475105,0.02231200872903947,0.8914989778359215
13.1,0.4492201867319089,0.011906395525360531,0.9603107297338465
13.120000000000001,0.4278116386140622,0.0007851409328266412,0.9857950438920455
13.14,0.4025169192219948,-0.01023264686161831,0.9667318186221102
13.16,0.37381861784421566,-0.02037200960211361,0.9051096578526951
13.18,0.34224493494414426,-0.028959077179685128,0.8058320487669987
13.200000000000001,0.3084085823638374,-0.035466267927863365,0.6762181575281875
13.22,0.27305810894509197,-0.03954283583287221,0.5253513088869125
13.24,0.23715532815845705,-0.04102884061470753,0.3633379752171646
13.26,0.20199091439161707,-0.03995175458911742,0.2005455453830245
13.280000000000001,0.16934454988560252,-0.03650611513580055,0.046887917992554304
13.3,0.14167974212622433,-0.031017933204028875,-0.0887762192520691
13.32,0.12233516875563168,-0.023897102037833205,-0.19907737664486297
13.34,0.1156398553694006,-0.015582861536065204,-0.2783629833314511
13.36,0.12680813021169238,-0.006489582446926383,-0.3227046978840117
13.38,0.16114976967618264,0.0030351093515399723,-0.32970798387215045
13.4,0.22119448613560072,0.012712375318931024,-0.29822010476630406
13.42,0.30023089403978576,0.02223811416276539,-0.22820030286921109
13.44,0.3784861859492118,0.03107524674509451,-0.12121585097861876
13.46,0.4362137589855436,0.03835390218079073,0.018327122858380944
13.48,0.4697282124547014,0.04313874044383807,0.18227527039313157
13.5,0.4857933752828406,0.04479090271193695,0.3592408822297391
13.52,0.49075804894179165,0.04308603948532947,0.5361102033104372
13.540000000000001,0.48800865967516754,0.038164544507003705,0.6996276885183752
13.56,0.47911084848226176,0.030452972658722443,0.8376969751007445
13.58,0.4648644791536938,0.02059136295866,0.9403783910185459
13.6,0.445794592201691,0.009362673448636416,1.0006019373534896
13.620000000000001,0.4223391082264102,-0.002378798995896122,1.0145960709541735
13.64,0.39491878680093323,-0.013778258070331836,0.9820305261751276
13.66,0.36396745606606207,-0.024046469473201736,0.9058838482684495
13.68,0.32995172874828477,-0.03251664438246141,0.7920636294894532
13.700000000000001,0.29339290432344817,-0.03868832598452815,0.6488240849801412
13.72,0.25489988058751034,-0.04225547968547651,0.4860389368007645
13.74,0.21522248466845556,-0.043117190371963175,0.3143963981438739
13.76,0.1753356191061845,-0.04137060828713488,0.14458695532177893
13.780000000000001,0.13656139403793044,-0.037286995255428695,-0.0134463503737959
13.8,0.10072262942862902,-0.0312729554047568,-0.15113128142123064
13.82,0.07029463639655183,-0.023820334856965872,-0.26171060300008875
13.84,0.04850161631003064,-0.01544983785992576,-0.34047138631043666
13.86,0.0393353426072904,-0.006654463915695747,-0.3847463625824789
13.88,0.04756395776396018,0.002151879492721178,-0.3936979590240667
13.9,0.07873398453062924,0.01067722778997291,-0.3679127926761615
13.92,0.13829378021752786,0.018776973310882045,-0.30885342649226166
13.94,0.2266030239181203,0.026416761852555218,-0.2183073416582987
13.96,0.3278205688020715,0.033466739669938135,-0.09828444568981919
13.98,0.41105680211655793,0.039368012370468414,0.04791604197054216
14.0,0.45995012058831763,0.043176537816655904,0.2138604155063299
14.02,0.4818774612555407,0.04409971826409916,0.3894577724327799
14.040000000000001,0.4882282997114944,0.041822406328697985,0.56237122437454
14.06,0.4853456611252479,0.03646687217746746,0.7199189864504236
14.08,0.4759164914318352,0.028469034821472453,0.8505736880224557
14.1,0.4611011357472498,0.01847934757854051,0.9450095252587734
14.120000000000001,0.4415367487025787,0.00728246288973554,0.9967962120137471
14.14,0.4177017891086409,-0.004276751531501666,1.0027865994937148
14.16,0.39004118497967305,-0.015363450616140601,0.9632155652451975
14.18,0.3590149468368148,-0.02521685821726628,0.8815291507044253
14.200000000000001,0.32512705164569544,-0.03320434778817726,0.763976177262031
14.22,0.28895629456724886,-0.038862074129362933,0.6190094082880542
14.24,0.2512016395709585,-0.041919597386811516,0.4565555320725208
14.26,0.21275359507676747,-0.04230709232905299,0.2872212093993623
14.280000000000001,0.1748026412727738,-0.040144937366495895,0.1215056558078516
14.3,0.13898947900220118,-0.035716683697228746,-0.030911353553290558
14.32,0.10758409144304039,-0.029427693901072752,-0.1617436972057243
14.34,0.08365464136303055,-0.02175322356667243,-0.2644850378084326
14.36,0.07117783650915131,-0.013181225673231439,-0.3345747593414027
14.38,0.07506847836465655,-0.004155981830649757,-0.3693347238298038
14.4,0.10103258191302791,0.00497103436552971,-0.3676926184408296
14.42,0.15443509263820365,0.013970471506727384,-0.3297413310895796
14.44,0.2355104454884584,0.02270162684817721,-0.25628337188357886
14.46,0.3297745416900698,0.03092824873040971,-0.148782072448718
14.48,0.40936541566709345,0.03803093879303459,-0.010337252796451889
14.5,0.45836191899609285,0.04304631342674303,0.15267494261486614
14.52,0.48200324597276206,0.045140572218959965,0.3301165849359931
14.540000000000001,0.4902911265858007,0.04392550345682181,0.5093675154455374
14.56,0.4891856742187232,0.039446963467866365,0.6771548469860312
14.58,0.4813198318337808,0.032079575285551214,0.8210809779650197
14.6,0.46785530495525185,0.022434621081127395,0.930747663590201
14.620000000000001,0.44942877766130845,0.011281859623366076,0.9985438026322827
14.64,0.42650881526934575,-0.0005247871134244191,1.0201301968909167
14.66,0.3995195733193171,-0.012119694237071581,0.9946303675918319
14.68,0.36888631941144695,-0.02269339740222182,0.9245394409338019
14.700000000000001,0.33505784804055283,-0.031551753015121246,0.8153775976274861
14.72,0.29852591042567594,-0.03816252922358775,0.6751308588349162
14.74,0.2598519720233584,-0.042186476099117805,0.5135357542684513
14.76,0.21971037288825715,-0.04349110598830678,0.34127390786979517
14.780000000000001,0.1789578805251869,-0.04214666435324864,0.16914715406640557
14.8,0.13873798192980769,-0.038404990375125035,0.007303422958381768
14.82,0.10061764255986207,-0.03266317166307902,-0.13542156186213633
14.84,0.0667294864622493,-0.025415229764447152,-0.25199193843908974
14.86,0.03986386020428016,-0.017196636749724045,-0.33744989561362637
14.88,0.0234661189129522,-0.008527829123361624,-0.38896775069471873
14.9,0.021590453514959168,0.00013731622278492393,-0.40568234334298403
14.92,0.038964572847758394,0.008454965352368409,-0.38833905737332747
14.94,0.0810617320280568,0.016226024701191055,-0.33877878868421
14.96,0.15267181133177973,0.02340898663332395,-0.25931987705814513
14.98,0.25077131756008514,0.030044659365679453,-0.15222885353255527
15.0,0.35293127306862093,0.03597833343946486,-0.019872255205532284
15.02,0.42784894025246556,0.040549605846263076,0.13379585240688793
15.040000000000001,0.4673447071345885,0.04282675445854683,0.30144921422546544
15.06,0.48291036585108005,0.04217753037181167,0.472484525201524
15.08,0.48520440697840106,0.03846528634376335,0.6347680039152307
15.1,0.4794059489964068,0.0319477790488381,0.7764547295282654
15.120000000000001,0.46764073447770776,0.023151292486346033,0.8873039113035216
15.14,0.4508704460019814,0.012776742912232473,0.9595566887776616
15.16,0.4296783432479618,0.001622286204507786,0.9884768459918242
15.18,0.40454496170200976,-0.009487880027520067,0.9725958498582853
15.200000000000001,0.3759462563560454,-0.01976950504388065,0.9136829409942606
15.22,0.3443991263437497,-0.028536259719151313,0.8164661305373163
15.24,0.3104985318921398,-0.035246179886449965,0.6881432324839207
15.26,0.2749655874320478,-0.03953358478206575,0.5377353234552457
15.280000000000001,0.23872020839996022,-0.04122446245485662,0.3753451109047773
15.3,0.2029905728198847,-0.0403344532771011,0.21138846962510263
15.32,0.16946696504987666,-0.03704975296114277,0.055868516665179356
15.34,0.14049292549709147,-0.031692534685283484,-0.08224219941782766
15.36,0.1192601864063993,-0.02467397653176442,-0.19545510327730506
15.38,0.10994356407347665,-0.016439710620975604,-0.2780140405937672
15.4,0.11766370001259759,-0.007414441987948321,-0.32592123122031347
15.42,0.14792571238837057,0.002043925097310124,-0.3367561025168683
15.44,0.2043225583114867,0.011657727021043,-0.30936380850938816
15.46,0.2825263802146438,0.02115755020975233,-0.24363780660051548
15.48,0.3643993813442039,0.030081255026681044,-0.1408533521738828
15.5,0.4277953694054894,0.03761480137415995,-0.004833491817345201
15.52,0.4656962233153421,0.04279767183225991,0.15691794219190405
15.540000000000001,0.4843139825320968,0.04491810431526743,0.3334448853335239
15.56,0.4907661371651367,0.043683391150989806,0.5117721419341416
15.58,0.48903243320530304,0.0391833401069867,0.6785449288729537
15.6,0.4809420751929315,0.03180850439844092,0.8213958235362898
15.620000000000001,0.4673901943751162,0.02217467449917907,0.9299941293585874
15.64,0.44893254818734263,0.011051426048193109,0.9968036899966392
15.66,0.4260147967483191,-0.0007098024668066417,1.0175544582714082
15.68,0.399056430209738,-0.012247193576261554,0.9914262949797623
15.700000000000001,0.3684849357201842,-0.022755828555998385,0.9209537879927874
15.72,0.33475565158369225,-0.03154635505906604,0.8116777470056163
15.74,0.29837171948508445,-0.03809110899417328,0.6715859502463737
15.76,0.2599130546722915,-0.04205473153907397,0.5103996187655205
15.780000000000001,0.22008331525894353,-0.04330751567271367,0.33877158313050937
15.8,0.17978503827414177,-0.04192096234352068,0.16746667675504315
15.82,0.14023112207718144,-0.03814624285815475,0.006594523643463139
15.84,0.10308939220887556,-0.032377478863753466,-0.13504030961528285
15.860000000000001,0.07063189131294832,-0.02510310617251612,-0.25041610867038727
15.88,0.04583479148389113,-0.016850152430983742,-0.3345612172238182
15.9,0.03239258000496082,-0.008127525026341917,-0.38459425606482517
15.92,0.03470468318687283,0.0006259764993446547,-0.39954537731446893
15.94,0.05793825322800726,0.009085792834306463,-0.3799846924387312
15.96,0.10777948174490486,0.017074249550385934,-0.3274944439646962
15.98,0.1875756499615968,0.02455591691756995,-0.24406831792992842
16.0,0.28877899326585893,0.031505916785562665,-0.13174150895477257
16.02,0.38328629674422304,0.03758087597651566,0.0068388526046140805
16.04,0.4453501826879542,0.04194587847779856,0.16662847902149425
16.06,0.47558228184998225,0.04369945510863184,0.33890243554464017
16.080000000000002,0.4863087414714931,0.04235560234138705,0.5120723096599258
16.1,0.4860132128010064,0.037905073867418766,0.6735894560702205
16.12,0.4784858672108343,0.030693236574444494,0.8116205246318536
16.14,0.4652975323321474,0.021307883062446107,0.916230416294215
16.16,0.4472206760835895,0.010493303603966338,0.9801743657642319
16.18,0.42477626971386423,-0.0009250650304178983,0.9993713672332176
16.2,0.3984221834483662,-0.012111601309458878,0.9730854633415859
16.22,0.36862217138073816,-0.022286060699630756,0.9038330412701181
16.240000000000002,0.3358811800912906,-0.030780299011584855,0.7970443051812315
16.26,0.30077792686927546,-0.03708256927456263,0.6605216055407045
16.28,0.26400994624207036,-0.04086655284972636,0.503750335597577
16.3,0.22646337525193996,-0.04200336699780141,0.3371273591040139
16.32,0.18931923464591222,-0.04055596990394992,0.1711766184625517
16.34,0.1542031530996135,-0.036756583541904954,0.015821497774082705
16.36,0.12337021224069228,-0.03096902672815771,-0.12022146582825878
16.38,0.09989110670970738,-0.02363931216172507,-0.2298733467329798
16.4,0.08778678380840112,-0.015239450962984213,-0.3079105017511835
16.42,0.09205521910149427,-0.006210705607961518,-0.3509541100278474
16.44,0.11840885431488532,0.003085934777832067,-0.35724400731850225
16.46,0.17178913255614145,0.012396020743002974,-0.32625235443432987
16.48,0.2511550974106005,0.02152800554115317,-0.25830846177839856
16.5,0.3408970007434395,0.0301635696579454,-0.15467133731809501
16.52,0.4149680335187442,0.03760907568101294,-0.018571480340932943
16.54,0.46041650676228124,0.042890640170217084,0.14330679727735565
16.56,0.4827040499506644,0.04520278104649882,0.32057337653199164
16.580000000000002,0.49073053531280164,0.04417484111540481,0.5004568507899719
16.6,0.4897391873296627,0.03985312625750296,0.6695662050055576
16.62,0.4820847414723644,0.03260588914079848,0.81537069675018
16.64,0.4688403174704304,0.023038011986190602,0.9273119718760943
16.66,0.4506160734096401,0.01191554627060647,0.9975981134623059
16.68,0.4278718289273241,9.222322577231252e-05,1.0217012103042458
16.7,0.4010272686485811,-0.011563000386834693,0.998562434858045
16.72,0.3705032828205953,-0.02223422360126469,0.9305142919734931
16.740000000000002,0.33674260318322463,-0.03121844765301336,0.8229451878498387
16.76,0.3002276846278023,-0.03797303215698176,0.6837482069109995
16.78,0.2615052974705072,-0.04214773746965683,0.5226100735364945
16.8,0.22122638607012576,-0.0435995204317094,0.3502060363455518
16.82,0.18021086428999178,-0.042389508513038576,0.177371228605997
16.84,0.13954590803536887,-0.038762802134193995,0.01431889103899106
16.86,0.10071677372405467,-0.033112953548781965,-0.13002914627784073
16.88,0.0657453207363141,-0.025934279298836096,-0.2485442684351582
16.9,0.037280974216145284,-0.01776671486169587,-0.33618536976255753
16.92,0.018592140468344183,-0.00913937375460016,-0.3900677713894602
16.94,0.013495739920445279,-0.0005190158410925158,-0.4093144035797669
16.96,0.026391965096319307,0.007733164064381796,-0.3947171027230896
16.98,0.062449014234387736,0.015396683859587642,-0.3482413996332265
17.0,0.126953912982168,0.022412769069758188,-0.2724132410880547
17.02,0.22021743824611872,0.028844020707580006,-0.16971611104370213
17.04,0.32556733857381387,0.03465503895164671,-0.04246525447566947
17.06,0.4105202290586167,0.039352306053460115,0.10606159921181303
17.080000000000002,0.458837266590804,0.04203350571688628,0.26965537576098697
17.1,0.47932570112602885,0.041958554571203635,0.43863081583522257
17.12,0.4841906709245354,0.0388748887327506,0.6012930532646643
17.14,0.4800034273364783,0.0329582850270804,0.7458398447071702
17.16,0.46950046195259926,0.024678508452870184,0.8618000272203813
17.18,0.453858648391097,0.014696956878948423,0.9409939593036578
17.2,0.4337315939743558,0.003786510061294442,0.9781354125081543
17.22,0.4096230514053222,-0.007240188033600497,0.9711322596895402
17.240000000000002,0.3820179929734775,-0.017597117095107723,0.9211107964144666
17.26,0.351438944524192,-0.02658388029032036,0.8321882340884762
17.28,0.31848679597994706,-0.03363393906817097,0.7110295897187197
17.3,0.28389013420601056,-0.03834899165723271,0.5662384462584675
17.32,0.24857795658232815,-0.04051729216776944,0.40764176011045217
17.34,0.2137883504155353,-0.04011480755018701,0.24553554168751662
17.36,0.18122112313283278,-0.03728928846916357,0.08996030962927558
17.38,0.153228293870274,-0.03232860874729675,-0.049927591751531386
17.400000000000002,0.13300898074994594,-0.025616231841491977,-0.16633104943142363
17.42,0.1247362616556749,-0.017578505532587933,-0.2530908463033254
17.44,0.13346837816806353,-0.008630861353447511,-0.30574843716454503
17.46,0.16441480899084987,0.000865310062432843,-0.321409529414571
17.48,0.22032962667471478,0.010609607387890218,-0.2984950421685254
17.5,0.29564195668517773,0.020282524691830936,-0.236618421155384
17.52,0.37236596943444483,0.02935688306108322,-0.1370164047642639
17.54,0.43096507415373697,0.0369879172412752,-0.003682905508400336
17.56,0.46621779601543206,0.04223894803118806,0.15570037996718972
17.580000000000002,0.4838623443358881,0.04443373799012434,0.33013497247200707
17.6,0.49010498151009557,0.043296470975683295,0.5067111685166783
17.62,0.4884403133697643,0.03891748439857143,0.6721714695532273
17.64,0.48052030029557613,0.03168001040002839,0.8142298486571962
17.66,0.4671858580673696,0.02218964741145676,0.9226008752079894
17.68,0.4489787064899156,0.011205289943699136,0.9897513586812154
17.7,0.42634342536745023,-0.0004314827797004619,1.0113727915928763
17.72,0.39970401539837297,-0.011867012873009595,0.9865702902204501
17.740000000000002,0.3694970600308425,-0.02230221276640265,0.9177755424758661
17.76,0.33619299409989567,-0.031050811859411474,0.8104085250692321
17.78,0.3003191274746816,-0.037585249583745144,0.6723297662362756
17.8,0.26249362952510674,-0.041567228954098125,0.5131389083387777
17.82,0.22348010370536767,-0.042861117144214304,0.34338496215925507
17.84,0.1842734965894981,-0.04152960633653511,0.17375844591317988
17.86,0.14622545041813226,-0.03781225850906537,0.014335521486819446
17.88,0.11120473338644248,-0.032088789920723726,-0.12606069195928615
17.900000000000002,0.08176358316932854,-0.024830338060581377,-0.24032657073727182
17.92,0.06125973353178725,-0.016543504980371153,-0.32333321401797266
17.94,0.05390618975424874,-0.0077131151252575305,-0.37195323285371273
17.96,0.06477958158511342,0.0012506708210298595,-0.3848656168710278
17.98,0.09965753155109774,0.010055709009997523,-0.36216597129445166
18.0,0.16345152242760566,0.018546557013727587,-0.3048431750604838
18.02,0.25379211716824945,0.02664052890693954,-0.2143159634107944
18.04,0.35078729956877647,0.0340848210564724,-0.0925618968092847
18.06,0.42516359763396355,0.04017458616214842,0.056571102642639905
18.080000000000002,0.4668845290774603,0.04393634788415314,0.22571671474697114
18.1,0.48510878616372305,0.0446532871870359,0.4039791833584727
18.12,0.4897527535620446,0.04208895117201146,0.5785497072995647
18.14,0.4859395724542072,0.03641760860190866,0.7365350927265373
18.16,0.47583159794256996,0.028110223060981945,0.8663667653788266
18.18,0.46040636296246973,0.017843574769331506,0.9587988469417931
18.2,0.4402402714928997,0.006422541052521136,1.00757378461831
18.22,0.4157886930931342,-0.005293717848926198,1.0097863007921275
18.240000000000002,0.3874825533422927,-0.016462372044554547,0.9659578181356778
18.26,0.355766576232474,-0.026321175566810635,0.8798398437513373
18.28,0.32112265715881744,-0.03424238094554176,0.757979724304055
18.3,0.2840954711895279,-0.039772823148989445,0.6090973903226123
18.32,0.2453309204685935,-0.04265769324273902,0.4433337535370843
18.34,0.20563782868113073,-0.04284672099792296,0.27143897020114177
18.36,0.16608331410391886,-0.040482710413967934,0.10397145066037927
18.38,0.1281267352026443,-0.03587357655458863,-0.04942369061530367
18.400000000000002,0.09377965708119286,-0.029450296010437964,-0.1805951265824722
18.42,0.06575156800951756,-0.02171464567702851,-0.28327563012466284
18.44,0.04752988381858355,-0.013182129669149356,-0.35325170866282896
18.46,0.04339298568463693,-0.004326189464941588,-0.38830555907824366
18.48,0.05842830800190913,0.004471442553163462,-0.387944901817472
18.5,0.09838771169085202,0.012960196578480881,-0.35295265645719137
18.52,0.1678533911740165,0.021032974396490888,-0.2848218943073766
18.54,0.26286244514745594,0.028643847984186677,-0.1852958770072244
18.56,0.3606692883778578,0.035533480766332726,-0.05660753667706635
18.580000000000002,0.4319946758247381,0.04096133842027398,0.09703462013896513
18.6,0.47008464102671144,0.04396767456056892,0.26783745344935317
18.62,0.48569022251409477,0.04390789090532021,0.4446648365613498
18.64,0.48852826961070484,0.0406255320258619,0.6147863593182811
18.66,0.48333386096995473,0.0343587194160738,0.7656776276524154
18.68,0.472074880792301,0.025623651504748934,0.886356811773548
18.7,0.4556576691327464,0.01512447582485458,0.9683097913607847
18.72,0.434638503676778,0.003676045394680338,1.0060852880666713
18.740000000000002,0.4094730508473775,-0.007869064772956957,0.9975906726690411
18.76,0.38060331412366866,-0.01868946456207749,0.9441032331233928
18.78,0.34849471877828403,-0.028056534882802627,0.8500191704479069
18.8,0.3136625963091252,-0.03538485905545835,0.7223773368712676
18.82,0.27670458330596026,-0.04026824882573901,0.5702091331737769
18.84,0.23835032418364238,-0.04249915311972635,0.4037769938276517
18.86,0.19953982758651692,-0.042070426795131635,0.2337703780921456
18.88,0.1615404908482265,-0.039159642886349474,0.0705298601388724
18.900000000000002,0.12610384134718552,-0.034097346576547734,-0.07663323708690933
18.92,0.09564175805424216,-0.027321980050677597,-0.1999624114737684
18.94,0.07337691405953944,-0.01932573414233765,-0.2935814232481018
18.96,0.0634255138733405,-0.010596965558558906,-0.35359424520494287
18.98,0.07081146099129478,-0.001565185738635783,-0.3779579053702671
19.0,0.10129847090043331,0.007445393281080111,-0.36615006255783994
19.02,0.16002425851983246,0.016239770988300414,-0.3186875469533082
19.04,0.24587874161310597,0.024703060191520212,-0.23666833206929638
19.06,0.34153506628173397,0.03258594785241466,-0.12181565497244584
19.080000000000002,0.41827035749324776,0.0392187274404354,0.02236903249831529
19.1,0.4632725860359115,0.04362652539451728,0.18895642434239854
19.12,0.48396583656485737,0.04503393780685573,0.3673581847037048
19.14,0.4903131737323951,0.04313201629094646,0.5447965788076898
19.16,0.4877933995051519,0.038034256976492556,0.7081394691086621
19.18,0.4787655131496454,0.030166501182446112,0.8453675409528283
19.2,0.46428314714533797,0.02017574019197736,0.9466344487652812
19.22,0.44494678737429094,0.008852246391087518,1.0049934239125613
19.240000000000002,0.4212156438100813,-0.0029446004415705686,1.0168214268035045
19.26,0.39351517839149724,-0.014358028513309966,0.9819509561529155
19.28,0.3622778582442542,-0.02460011184738993,0.9035246418290297
19.3,0.32796526953742333,-0.03300845776040229,0.7876026402572512
19.32,0.2910897295136081,-0.039089653718630255,0.6425686718214435
19.34,0.25224560883076197,-0.04254675681263116,0.4783934729164762
19.36,0.21215997421933536,-0.04328930674522585,0.3058229444308265
19.38,0.17177282607842495,-0.041425583605131246,0.13556186947275853
19.400000000000002,0.13235396539045247,-0.03723804049861879,-0.022477240452430276
19.42,0.09564970075343183,-0.031144066012407226,-0.15979675419915756
19.44,0.06402543475069686,-0.023645625017251294,-0.2697558939708112
19.46,0.04054762240402749,-0.015272903873290864,-0.3477973204470647
19.48,0.028979270504296873,-0.006528186345840185,-0.3914466584581299
19.5,0.033769107195297826,0.0021646372073322617,-0.4000974181723806
19.52,0.06013192172503283,0.010502415965275378,-0.37460981942288035
19.54,0.11370347304306477,0.018332794852391116,-0.31676144490878805
19.56,0.19713463139069234,0.025641187415078287,-0.2286441859662491
19.580000000000002,0.2997485071518841,0.032396527342189806,-0.11235250778901461
19.6,0.3918273072372808,0.03820823962286148,0.029295837861337826
19.62,0.44994945109252116,0.0422086503400128,0.1908975171130748
19.64,0.47731744362018563,0.04353006395812111,0.363370417133866
19.66,0.4863716561131126,0.04174829670762581,0.5349792191837471
19.68,0.4850144576348208,0.036905478326090896,0.6932605381944839
19.7,0.47669156888749303,0.029382731208967033,0.8266397258823864
19.72,0.46284039409608596,0.019790971326558156,0.9255572735238653
19.740000000000002,0.44419028132015337,0.008886702969959165,0.9832143486063502
19.76,0.4212515457337174,-0.002502579030257202,0.9960042053592755
19.78,0.3944837023764721,-0.013548553434903849,0.9636543309207121
19.8,0.3643587820368413,-0.0234863826730705,0.8890986377816765
19.82,0.3313963258026813,-0.031669677269206734,0.7781098686796377
19.84,0.2961983128731984,-0.037612619237728136,0.6387367663060121
19.86,0.2594987974858,-0.041016550594451175,0.48060309453879174
19.88,0.22224069483931408,-0.04177942798137037,0.31413423501925686
19.900000000000002,0.18569122419721631,-0.03998772210420994,0.14978113360684003
19.92,0.15160120761149012,-0.035891545332645824,-0.002689339096606791
19.94,0.12239597492085176,-0.029865092511791775,-0.13477423185391885
19.96,0.10135924941215026,-0.02235598833808679,-0.23963246280619654
19.98,0.09275293074783732,-0.013828745883823605,-0.3122663968981453
20.0,0.10179485035809739,-0.004708939011586949,-0.3494762515286187
20.02,0.1341880354654981,0.004662686874294327,-0.3496069794340226
20.04,0.19390980035920088,0.01404436081546442,-0.312163389782989
20.06,0.2767736770438492,0.023218368574489695,-0.23752042857452804
20.080000000000002,0.3633324327581059,0.03176891407934885,-0.12722756710306493
20.1,0.42933817311232514,0.038892174014747316,0.014736822567556616
20.12,0.4676358577023086,0.04361606080296359,0.18069664787585643
20.14,0.48563170771839936,0.045235658361400324,0.35950540468902115
20.16,0.49120951584546585,0.04348816419179332,0.538075024351867
20.18,0.4885916896368915,0.038501682362222886,0.7030788727645045
20.2,0.47965524168817103,0.030703299169965056,0.842329588610741
20.22,0.46529831429836804,0.02073882613698948,0.9458107034668266
20.240000000000002,0.44607357034792455,0.009398995527260118,1.006403200309452
20.26,0.4224239893152666,-0.002453638273108328,1.0203189541794708
20.28,0.39476673398359163,-0.013956474089257077,0.9872435066516171
20.3,0.36352631506678174,-0.02431363238918178,0.9102003204306748
20.32,0.3291533571136313,-0.03285340348151301,0.795165204415768
20.34,0.29214333613160837,-0.039072574949363136,0.6504760708556713
20.36,0.2530640321087196,-0.04266485377010188,0.4860964620920195
20.38,0.2126004558164861,-0.04353181715445923,0.31280001994687157
20.400000000000002,0.17162707218632273,-0.041776081572955384,0.1413468173443955
20.42,0.13131477375917303,-0.03767759340100415,-0.018278730107726154
20.44,0.09326767069399453,-0.03165515335280261,-0.15750466713153777
20.46,0.059657959868643154,-0.024216646316307034,-0.26963039815578377
20.48,0.03329975125736346,-0.015903035633881138,-0.35007208165350884
20.5,0.017622291429149003,-0.0072324583854048415,-0.39638201235230347
20.52,0.016611723045755887,0.0013497646256912213,-0.4080546776971186
20.54,0.034894150406180095,0.009512725005661509,-0.38614954460128664
20.56,0.07785610435927703,0.01707317211014463,-0.33276371183414205
20.580000000000002,0.15027039219281166,0.024007817244700157,-0.2504035688343997
20.6,0.24915735137121106,0.030377991088014745,-0.14144608215601265
20.62,0.3520061318553095,0.0360497232225059,-0.008284289701827055
20.64,0.4272589051055931,0.04037823567417349,0.14517560919972503
20.66,0.46672289297800196,0.04244194550094845,0.3117052863944631
20.68,0.48209089412349143,0.041618293534773386,0.480837816261084
20.7,0.4841589246034134,0.03778025434078246,0.6406151458231301
20.72,0.4781600892011147,0.031192675086529568,0.7794022482350091
20.740000000000002,0.46623911685946234,0.022384875052128297,0.8871887680097618
20.76,0.4493658563098014,0.01205633796402065,0.9564494923092641
20.78,0.42812963189279646,0.0009995675472493977,0.982667520873185
20.8,0.4030184383486591,-0.009970442337306519,0.9645636472167624
20.82,0.3745192239154612,-0.020081240135341145,0.9040540768941714
20.84,0.3431656794091508,-0.028659746706610558,0.8059632842714496
20.86,0.3095785230140746,-0.03517745386807005,0.6775317116413743
20.88,0.27451823140559467,-0.039281076382885825,0.5277709425435785
20.900000000000002,0.23896415231993964,-0.0408067158856343,0.3667287796369393
20.92,0.2042320279957572,-0.03977672525556457,0.20473219074223234
20.94,0.17213594363208665,-0.03637965712934334,0.05167696477679183
20.96,0.14518395727191197,-0.03093499179126119,-0.08357117924273924
20.98,0.12676723943653853,-0.02384589834460782,-0.1936090830795742
21.0,0.12126337507850368,-0.015545165150006101,-0.2727239607897003
21.02,0.13388618193224414,-0.006441893967484969,-0.31690335991629426
21.04,0.16975568486900908,0.0031179419053823875,-0.32365351294275757
21.06,0.23074511664203048,0.012847385707243067,-0.2917325025739658
21.080000000000002,0.3090364299224732,0.022415427862728453,-0.2210780706053027
21.1,0.3846373762918506,0.031244488339699186,-0.11337793685217838
21.12,0.43941688376512394,0.03844514018220057,0.026707968275613336
21.14,0.47100511573330667,0.043101487469489844,0.19077525552151653
21.16,0.4860813705405022,0.04460784206527912,0.3673010667891037
21.18,0.49053304410712173,0.04276555978540199,0.5431573196521129
21.2,0.4874686739945744,0.037731318980370264,0.705157206840665
21.22,0.47834182041517825,0.02994156765281549,0.8413245721380165
21.240000000000002,0.46391426537445146,0.02004168883522408,0.9418700510671391
21.26,0.4446997114722303,0.008816175516955987,0.9998875532942879
21.28,0.42113417826381316,-0.002882539316752559,1.0117686546111617
21.3,0.3936406085319987,-0.014204470387114672,0.9773326852354761
21.32,0.3626579479245388,-0.0243675428090228,0.8996836199286741
21.34,0.32866140421504103,-0.03271373240710039,0.7848223642654808
21.36,0.2921860171672666,-0.03875210464547046,0.6410595780960867
21.38,0.25386247870095024,-0.042186001831141726,0.4782873246440316
21.400000000000002,0.2144749429017656,-0.04292282768116588,0.3071764652086233
21.42,0.17505139431844813,-0.04106610922229691,0.13837045678716628
21.44,0.1369932351066429,-0.036890724193062906,-0.018254931609917494
21.46,0.10223588997917471,-0.030803427789167313,-0.1542024770552767
21.48,0.0734057048685128,-0.023292236097722817,-0.26278273396929247
21.5,0.053921416119451976,-0.014869771823942798,-0.33932678954729995
21.52,0.048024175752242756,-0.006016623292282395,-0.38117041552221353
21.54,0.06078883931416117,0.002869991829707241,-0.38742080217312785
21.56,0.09797859962509486,0.011517714453886812,-0.35853565320920355
21.580000000000002,0.1643895106548999,0.019795067003210296,-0.29577713993104154
21.6,0.25703342764786674,0.027640080210490883,-0.20074400514287824
21.62,0.35476572547206386,0.03480310529272847,-0.07554155342529836
21.64,0.42809079268563427,0.040567098679262524,0.07582898554926243
21.66,0.46830630542817697,0.04396389855262633,0.24582357071467473
21.68,0.48536486338777357,0.04430782116202111,0.42344660219838953
21.7,0.48917252629890184,0.04139877154132099,0.5959309055771926
21.72,0.48470763505308123,0.03544096205850942,0.7505591127355965
21.740000000000002,0.47405305186019775,0.026926939609669073,0.876041602483016
21.76,0.45815617573089934,0.0165467072078718,0.9634810383623954
21.78,0.437584841935819,0.00511010376590262,1.0070047212624529
21.8,0.4127948114132265,-0.00652666187575934,1.004096063627111
21.82,0.38422232637972253,-0.01753083264242168,0.9556387854178293
21.84,0.352321950200558,-0.027156096751686544,0.865694184879833
21.86,0.31759145751645895,-0.0347948472113693,0.7410466445626892
21.88,0.2806006885873912,-0.04001633167134875,0.5905673468751018
21.900000000000002,0.24203539583933445,-0.042588340870425394,0.42445772373772783
21.92,0.2027670125047901,-0.04248127740280359,0.25344120927391367
21.94,0.16395870427024806,-0.039854660958763846,0.08797406340716059
21.96,0.1272109181586669,-0.03502733335027506,-0.06245659824905548
21.98,0.09473022273026746,-0.02843392166560833,-0.18988702143532263
22.0,0.06947852110549978,-0.020571615248452437,-0.2882358930974944
22.02,0.055256306101410226,-0.011942771866842282,-0.35344017081508905
22.04,0.05672570955653627,-0.0029993503925631188,-0.38336309654775347
22.06,0.07938276222777253,0.005905771295760446,-0.3774921477895429
22.080000000000002,0.128954040964355,0.01455285087105468,-0.33646702281294466
22.1,0.20781965930997812,0.0228425055560161,-0.26154594871005943
22.12,0.305372167148222,0.030646668307359463,-0.15435813859865177
22.14,0.39360764810475746,0.03749464392921902,-0.017623920621713144
22.16,0.45056339277049423,0.04248064699360846,0.1431152052709081
22.18,0.47855514891758,0.044709363623788474,0.31852325798407477
22.2,0.4887850629909046,0.04371234704711295,0.4964681013997806
22.22,0.4886203088187717,0.039482385737757864,0.6638960934654616
22.240000000000002,0.48135403177293995,0.03236129881284907,0.8084614974082108
22.26,0.4683838701808549,0.02293758890358653,0.9197090407226662
22.28,0.45042343617290104,0.011964167242385516,0.9898919706987076
22.3,0.4279673887237294,0.00028317333775123725,1.0144782238787498
22.32,0.4014517160439824,-0.011246416687008142,0.9923615378194596
22.34,0.3713114730476431,-0.0218165608633207,0.925791117533814
22.36,0.3380082975101989,-0.030729475977817704,0.8200457632275022
22.38,0.30205353898468573,-0.037444695040433934,0.6828940674724739
22.400000000000002,0.2640394216249222,-0.04161085697587006,0.5238960969251659
22.42,0.22468841979050277,-0.04308036474662201,0.35361176035922476
22.44,0.1849315817971691,-0.04190627291725037,0.18278607619444662
22.46,0.14602446268684593,-0.03832197765630056,0.021581675560648036
22.48,0.10969817715689699,-0.032705500406085636,-0.1210758322815193
22.5,0.07831887299421908,-0.025531512832528608,-0.23798381144895409
22.52,0.05500451925340442,-0.017315802205873462,-0.3239397069316531
22.54,0.043664660849652245,-0.008558129444326311,-0.3757907256136696
22.56,0.04900828248910371,0.00031082773611584516,-0.39226149898689594
22.580000000000002,0.07654212945712122,0.00897451427799048,-0.3735843898263203
22.6,0.13186940543606607,0.017259759400756206,-0.32097604754642617
22.62,0.21641866837295912,0.02511183862768127,-0.23608252023666432
22.64,0.3168346626083451,0.0324151155388914,-0.12079401717026814
22.66,0.4030974624941068,0.03866108979142966,0.021851560827457456
22.68,0.45587425807458454,0.04292218876804267,0.18584282395803928
22.7,0.48046842618500063,0.044356599911880346,0.3614372206259069
22.72,0.48843468700565407,0.0425826401241506,0.5363974402422487
22.740000000000002,0.48665191260749,0.037669350198195464,0.6978981270505461
22.76,0.47808953933784126,0.030015065414653656,0.8340875614331921
22.78,0.46401366913477576,0.02024587897165747,0.9351923071636543
22.8,0.4450948864436913,0.009134161268826477,0.9942613789900349
22.82,0.42181896005433617,-0.002476018086772384,1.0076009853197503
22.84,0.3946276572204221,-0.013740025708254288,0.9749177343410079
22.86,0.36397146888224924,-0.023878204969406572,0.8991873376831709
22.88,0.3303381350448641,-0.03223204037748473,0.7862786067788957
22.900000000000002,0.29428057620491704,-0.038307331869237723,0.6443776887502112
22.92,0.2564568448326875,-0.04180164549762787,0.4832703237335639
22.94,0.2176932401837793,-0.04261445105336244,0.3135485967607572
22.96,0.1790817544260801,-0.04083956489453297,0.14581260220912878
22.98,0.14211851426160932,-0.03674071993667069,-0.010063441080270977
23.0,0.10887457206555697,-0.030712342094843966,-0.14553684873350653
23.02,0.0821645310841454,-0.023229051214790998,-0.25382124979211074
23.04,0.06566346090119622,-0.014788941605585115,-0.33009501691117993
23.06,0.06395195320602612,-0.005856646143862375,-0.3714803656901761
23.080000000000002,0.08248059134953661,0.0031880589777267838,-0.37680393413174434
23.1,0.12703767263978238,0.012088217473228111,-0.3461745361086993
23.12,0.200702036364749,0.02070647720949873,-0.280475103816334
23.14,0.2951266514225704,0.028900983262022267,-0.1810740824100442
23.16,0.3844814692910338,0.036232687374854126,-0.05039410495535871
23.18,0.44501697313880656,0.04182430011416539,0.10646981383150217
23.2,0.47616505489874433,0.044743554167641066,0.2806171950530661
23.22,0.48853156037273787,0.04444680241488127,0.4601087936915182
23.240000000000002,0.4898804640106772,0.040856085494159554,0.6317835549327737
23.26,0.4838199919779735,0.034258607614837885,0.7829368927433122
23.28,0.47188419243910507,0.02520442716691157,0.9025688382468705
23.3,0.4548340671283297,0.014423684558487523,0.982265581996531
23.32,0.4331769662026308,0.0027511948016845497,1.016767934147241
23.34,0.4073476800095093,-0.008946665964992679,1.0042430320851656
23.36,0.37777244044247665,-0.01984131215869923,0.9462700461894074
23.38,0.34489693000967797,-0.029203724921844816,0.8475622491346805
23.400000000000002,0.30920681060317207,-0.036454673527499176,0.7154638550134226
23.42,0.27125341674344067,-0.04120015275143213,0.5592746381315677
23.44,0.23169411836797538,-0.04324992515322538,0.38946609249453296
23.46,0.19135748175032422,-0.04261829148102641,0.2168588804707013
23.48,0.15134272279009947,-0.0395074381231125,0.05183236204139688
23.5,0.11315501978706086,-0.034274913556175575,-0.09636680178524906
23.52,0.07885702364892538,-0.027388079300912412,-0.2201587135619765
23.54,0.05118791123843563,-0.019369897015594197,-0.3139630555818061
23.56,0.03359977568896341,-0.010741884134795201,-0.37430727765520855
23.580000000000002,0.030235228598133948,-0.001970348240659066,-0.39971132930302045
23.6,0.045966753977306915,0.006580111122341777,-0.39037108767785617
23.62,0.08639132513636735,0.014683758815172214,-0.34767336485612105
23.64,0.15632791841263602,0.022267735853678094,-0.27359861978371247
23.66,0.25277659100723376,0.029338062720403985,-0.1702086567083444
23.68,0.35367126740488086,0.03570782749246966,-0.039802463088462116
23.7,0.4281898056529776,0.04069560553668343,0.11362558996332742
23.72,0.46795847937023993,0.04335453627083337,0.28264099836212686
23.740000000000002,0.4840125254389418,0.043033105182348944,0.4564645968512304
23.76,0.4867913366297723,0.0395739761076936,0.622704595912216
23.78,0.4814125000459595,0.03321868839030327,0.7691827920309734
23.8,0.46998577919327056,0.024484587656888976,0.8852743052621798
23.82,0.45346593050111533,0.014071664466401632,0.9628164206990781
23.84,0.43242911203213774,0.002784855347741591,0.9966810060542074
23.86,0.40734536462484344,-0.008538144015021981,0.985048593610739
23.88,0.3786743175713936,-0.01909437117766151,0.9294024809168653
23.900000000000002,0.34690751690040406,-0.028175447710955624,0.8342669303994577
23.92,0.31260066040004997,-0.03521612918912409,0.7067273925327623
23.94,0.27641422942819704,-0.03982842662865989,0.5557844947321514
23.96,0.23917530622688565,-0.041819173695997615,0.39160413328650767
23.98,0.20197273329249343,-0.04119007139151977,0.22473221646941838
24.0,0.16629490343952674,-0.038120433392391836,0.06534410289916773
24.02,0.13420782516273716,-0.03293409457500482,-0.07740456076689517
24.04,0.10854778065596246,-0.026053344827885436,-0.19586747496158838
24.060000000000002,0.09307861787788164,-0.017944342544296436,-0.2841942632812578
24.080000000000002,0.09255467666042613,-0.009059943745258908,-0.33839135121566183
24.1,0.11255918930341759,0.00021270084393768636,-0.3561608545864338
24.12,0.15846252409121672,0.009586825281028692,-0.3365587290639664
24.14,0.23140258706298072,0.018856544506417626,-0.2796034627179196
24.16,0.3199679091406363,0.027749068857488783,-0.18619363032523167
24.18,0.3992278930204977,0.03566726008710298,-0.05889147509776667
24.2,0.45143656663998244,0.04166974908805432,0.09658688480323437
24.22,0.47857611166394254,0.04487106539227269,0.27071190200834294
24.240000000000002,0.489642351470417,0.04478323755509348,0.4511501749181471
24.26,0.4907562282137565,0.04135097489179285,0.624503296988728
24.28,0.4847865372591314,0.0348642466328273,0.7778739709861497
24.3,0.4730139774846124,0.025870565975141133,0.900066620613385
24.32,0.4561210024160173,0.015098672195992304,0.9824627535447339
24.34,0.43458994088443814,0.0033851554400146124,1.019598960064873
24.36,0.4088450416488824,-0.008398388785956213,1.0094522121864364
24.38,0.3793043335868317,-0.01941516548463365,0.9534385953536678
24.400000000000002,0.34640310419225834,-0.0289257605045135,0.8561458135740447
24.42,0.3106113977219097,-0.03633935806856917,0.7248368262303234
24.44,0.272456025829886,-0.04125027364863031,0.5687770557820049
24.46,0.23255548794518502,-0.04345762514879708,0.39844866867426787
24.48,0.19167719130931335,-0.04296721835233306,0.22472164450138998
24.5,0.15082637803091195,-0.039975960891098325,0.05805255178136949
24.52,0.11136965927959548,-0.03484031677882451,-0.09222170848530381
24.54,0.07517631431073973,-0.028031574220599043,-0.21843644886200994
24.560000000000002,0.04472955888780192,-0.020082186735605273,-0.3149532657230336
24.580000000000002,0.023148370060981506,-0.011529012082100734,-0.3782911177902806
24.6,0.014124219597429797,-0.0028598724771470452,-0.4070349967090439
24.62,0.021911029471156463,0.005532121566733532,-0.40154553647030466
24.64,0.05149424900724022,0.013385998827952543,-0.36350272758773544
24.66,0.10835300594825822,0.0205995652892458,-0.2953183567656727
24.68,0.19496703390226777,0.02721317542199004,-0.19950676938926365
24.7,0.29999659402092144,0.033246466648230215,-0.07836890294550085
24.72,0.3927222961688513,0.03834089259595569,0.06523978617627274
24.740000000000002,0.45000730386651316,0.041649789631940895,0.2259758396354031
24.76,0.47616958364087386,0.04233998763527096,0.3949234053298219
24.78,0.4841494720874807,0.04003161820492798,0.560676751844638
24.8,0.4819065484276423,0.03480509501933801,0.7112712350479872
24.82,0.4728672672394642,0.027066721356159246,0.8357589564421755
24.84,0.45845970884325965,0.017437912431312708,0.9252786414574947
24.86,0.4394163086173285,0.0066712440045555085,0.9737425614003362
24.88,0.41625966149750493,-0.004422839450454332,0.9782125216262952
24.900000000000002,0.3894711757239365,-0.015043968575538193,0.9389936777195668
24.92,0.3595577721802013,-0.024463181762093285,0.8594688580552147
24.94,0.327093180958603,-0.03207437204899644,0.7457061668928961
24.96,0.2927629633208853,-0.0374325906692245,0.6058861059995773
24.98,0.2574292263885057,-0.04027674032830959,0.44960604954653144
25.0,0.22222810110303756,-0.040535259947824746,0.2871276872312353
25.02,0.18870991898580267,-0.03831456543571146,0.12863633790758544
25.04,0.15902120929168584,-0.03387125195822963,-0.016420466126338774
25.060000000000002,0.13610404267946624,-0.027570487216546005,-0.1398545085939256
25.080000000000002,0.12385323706863004,-0.019834756245558312,-0.23507098321342795
25.1,0.1271172026107106,-0.011089247520782799,-0.29718832695005504
25.12,0.1512407462016946,-0.001713696105082387,-0.3229482420923434
25.14,0.2002035308241628,0.007979438245765021,-0.3104760133321111
25.16,0.2716440290844793,0.017696403408409212,-0.25907479115576393
25.18,0.35083626296389764,0.026996833158108368,-0.1694441235591348
25.2,0.4164242043993562,0.03512309523778674,-0.04465528710117304
25.22,0.4582897744310459,0.04112353923553569,0.10869724997302621
25.240000000000002,0.48031805902988295,0.04421842552458223,0.2804404334500191
25.26,0.4893484409767979,0.04401556666037567,0.4580302544436539
25.28,0.48968651933535684,0.04050887725039862,0.6281459036345599
25.3,0.4834039327481886,0.03400714388128864,0.7780971255869658
25.32,0.47150710968526083,0.02506152054067646,0.8969368334282095
25.34,0.45459508094704576,0.014396206631956008,0.976291798932679
25.36,0.43312912375079254,0.0028380901234719004,1.0109146922060708
25.38,0.4075341399888446,-0.008754332458686799,0.9989524483647858
25.400000000000002,0.37823972023579877,-0.019559273260724038,0.9419344170572482
25.42,0.3457028232793712,-0.028852774994624256,0.844500152921319
25.44,0.31042894795883663,-0.036058484341564376,0.7139041520144344
25.46,0.2730015036616424,-0.04078279115238178,0.5593498472917334
25.48,0.2341285818712926,-0.04283318358294277,0.39121610151245045
25.5,0.19471762925407837,-0.04221889451783597,0.2202455936547008
25.52,0.1559875790327795,-0.03913413255626417,0.05676574849830719
25.54,0.11961904198191958,-0.033925404470923966,-0.08999072924132956
25.560000000000002,0.08792139889719917,-0.02704576167810635,-0.21240727045428098
25.580000000000002,0.06396980740119292,-0.019000330881420554,-0.3048026946577596
25.6,0.05167087807894658,-0.010288860632820284,-0.3635245682448601
25.62,0.055778424999078105,-0.0013511752986678123,-0.38681677533029957
25.64,0.0818573202192925,0.0074797388411613625,-0.37448266350261034
25.66,0.13552376204016112,0.016008334298961636,-0.32738780516918836
25.68,0.21822317630550664,0.024152867377830338,-0.24692670168789232
25.7,0.31696448476726663,0.03177139300314138,-0.13484772825034708
25.72,0.4024556121609511,0.038340395783398915,0.005867430187015314
25.740000000000002,0.4554077926046053,0.042926491745637924,0.16922662797143762
25.76,0.48053506049300865,0.04467531006823798,0.345473802364319
25.78,0.4890462678166607,0.04318439269050951,0.5222890789685606
25.8,0.48774378876865826,0.03850190044168777,0.6866788479897541
25.82,0.4795948864356314,0.031009930113541903,0.8265480082096799
25.84,0.46587014843611396,0.021324588331747524,0.9318270199777214
25.86,0.447241051869019,0.01021492767664987,0.9952421598156765
25.88,0.42419065028840935,-0.0014718173124769751,1.012776738593753
25.900000000000002,0.3971545584539248,-0.012882035899157984,0.9838390491793126
25.92,0.3665728927501121,-0.02322236958512615,0.9111522700014175
25.94,0.33291689759237425,-0.03181729471116814,0.8003946165115142
25.96,0.29671349869103814,-0.03815394207799747,0.6596335694459505
25.98,0.2585797774552244,-0.041911314654927215,0.498611265734071
26.0,0.21927780884585862,-0.04297221818448747,0.3279472344661669
26.02,0.1798007338513876,-0.041417441248730265,0.15832895956825913
26.04,0.1414977413401642,-0.037502928519827915,-0.0002398159209173953
26.060000000000002,0.10623230572837301,-0.0316219241058025,-0.13906854136338842
26.080000000000002,0.07654237338629354,-0.024255458427783864,-0.2512331883599226
26.1,0.05575091130181433,-0.015916106570078675,-0.3318161839782783
26.12,0.048002876859454535,-0.0070910284289524075,-0.37791790085633625
26.14,0.058276687190566695,0.0018102333513942688,-0.38844828259376407
26.16,0.0922880930447647,0.010498793788948798,-0.3637262582689121
26.18,0.15515850355168667,0.018827333114615263,-0.30494282003998857
26.2,0.24539450711993135,0.026734445587133136,-0.21366392183522245
26.22,0.34414910508616886,0.03401041117974588,-0.09188574980517156
26.240000000000002,0.42131394638132996,0.03999410303782807,0.05671301468520435
26.26,0.46503902968185734,0.04371769298079951,0.22504078474532396
26.28,0.4842021566528569,0.044443138083437236,0.4024338091628712
26.3,0.4892286916696733,0.041914993073647266,0.5762291202282382
26.32,0.4855958758864071,0.03629632910789801,0.7336198758876212
26.34,0.4756102993519039,0.02805086205951182,0.8630882096229596
26.36,0.460298595453681,0.017849522367336734,0.9554132376254819
26.38,0.4402536042511388,0.006491970490929984,1.0043403467052303
26.400000000000002,0.4159375309560815,-0.00516721617828984,1.0069475427748875
26.42,0.3877862981873735,-0.01628893440253099,0.9637228296382085
26.44,0.3562507758125218,-0.026113571036888748,0.8783715042498543
26.46,0.3218220404237213,-0.03401473389383059,0.7573866774383822
26.48,0.2850590944695444,-0.03953922355438176,0.6094313765044539
26.5,0.2466302982961655,-0.04243076000492323,0.44459261415624973
26.52,0.20737936328629497,-0.04263616192996839,0.2735754150868753
26.54,0.16842654201127075,-0.04029389254803725,0.10690756418882738
26.560000000000002,0.13130965086526764,-0.03570609113853084,-0.045776223066988225
26.580000000000002,0.09815170971126341,-0.029296485853001295,-0.1763089886462217
26.6,0.07181508429935872,-0.021558057238339687,-0.2783758175745384
26.62,0.055993438094672866,-0.012995822698486183,-0.3476770297748174
26.64,0.05523922160261951,-0.004070770421935688,-0.3818628675890374
26.66,0.07495095780987368,0.004849897815526895,-0.3802550004463359
26.68,0.12092243812859355,0.013529515637904667,-0.34339134137882543
26.7,0.19636060060919425,0.021858678466792767,-0.27248751032742713
26.72,0.2929101708849077,0.029729247676622314,-0.1691195208833304
26.740000000000002,0.38403136837993246,0.0367301795236802,-0.03578852463033668
26.76,0.4452340421222191,0.04199468810769522,0.12240943035204603
26.78,0.47622706528444225,0.04459568007750114,0.29659715020889577
26.8,0.48815965204069167,0.04400336727083484,0.47489545663411364
26.82,0.48904446761826825,0.04015884646594214,0.6442717959244153
26.84,0.4825568472109353,0.03336684029984664,0.7922249052560392
26.86,0.47024450162877185,0.024190031180300504,0.9080190836470123
26.88,0.4528714527397845,0.013365059728828996,0.9835432458588885
26.900000000000002,0.4309476106140163,0.0017268721521411048,1.013854158431855
26.92,0.4049122115584415,-0.009864031804956956,0.9974232195307482
26.94,0.3751989013876638,-0.020590116616599805,0.9360996607939085
26.96,0.34226517841855364,-0.02973737678908201,0.8348142335294356
26.98,0.3066153587093913,-0.03674407226319844,0.701063092236681
27.0,0.26883031579610356,-0.04123450907756329,0.5442257779285736
27.02,0.22961420941728922,-0.04303585375349465,0.37478154260910546
27.04,0.1898689145143477,-0.04217719095830325,0.20349387056539217
27.060000000000002,0.15080541660254773,-0.038871248918436185,0.040633774713592266
27.080000000000002,0.11409173182482656,-0.03348042932273666,-0.10469166252652551
27.1,0.0820141294892136,-0.0264701105268013,-0.22504817889252193
27.12,0.05760242328687684,-0.01835373070828815,-0.3149782290952889
27.14,0.0446793222051184,-0.009635501159686893,-0.37107840120152386
27.16,0.04786809852606211,-0.0007565866097183458,-0.39185290700502995
27.18,0.07260026296921056,0.007951117145893246,-0.37736584205768103
27.2,0.12457483784345423,0.016297003628146928,-0.3287327191154214
27.22,0.20609757137424034,0.024216653071600407,-0.24755814644174645
27.240000000000002,0.30598026625266456,0.03161487947576117,-0.13567772368267733
27.26,0.3951613864955906,0.038037445239370485,0.004084328931186522
27.28,0.4516746306984695,0.042583151716615426,0.16611740396056743
27.3,0.4787714014225612,0.044373746780818964,0.34105376397464093
27.32,0.4881585148319447,0.04297170060628823,0.5168295151068014
27.34,0.48727857000586433,0.03840134509802464,0.6805879234439828
27.36,0.4794033279440352,0.031029492097408667,0.8202944842982389
27.38,0.4659131026909273,0.021460910094044564,0.9258880255606661
27.400000000000002,0.44751581526952217,0.010455480357927965,0.9900624219454647
27.42,0.4247077399230818,-0.0011468249931699424,1.008735683295177
27.44,0.3979316839973821,-0.012497544837398875,0.9812258904320388
27.46,0.3676349630906645,-0.02280612534517955,0.9101500388730577
27.48,0.3342989343334886,-0.03139738538745162,0.8010738520595119
27.5,0.2984660862451942,-0.037756365651082556,0.6619558474704025
27.52,0.26077779319086625,-0.041557707138417874,0.5024421746906964
27.54,0.22203381521329793,-0.04267783316077897,0.3330779575881275
27.560000000000002,0.18328479467662173,-0.041189416076533675,0.1645053672772999
27.580000000000002,0.14596539259126046,-0.03733881384873444,0.0067183180963589495
27.6,0.11206192175840367,-0.03150840521066975,-0.13156151551475284
27.62,0.08428309667934891,-0.02416716483890838,-0.24333313005546836
27.64,0.06618421198978917,-0.015814367599749538,-0.32355131415802324
27.66,0.06221935861165486,-0.006922378675143675,-0.369132725107756
27.68,0.07772509922935908,0.002115698218584679,-0.37874102577356006
27.7,0.11853142288399694,0.011026572782494349,-0.35238283457194264
27.72,0.18847827751328622,0.01966255549350276,-0.29089725162280167
27.740000000000002,0.2814620987886347,0.027900257489916886,-0.1956022282862451
27.76,0.3735237474384548,0.03536254813940112,-0.06870515695921753
27.78,0.43865943866455553,0.041221734117214553,0.08516738287585265
27.8,0.47324980517435294,0.04452042020865701,0.2576364252378416
27.82,0.4875842244344411,0.04465045720845625,0.43708386122346593
27.84,0.4901173352057263,0.04147649790739374,0.6104179196492241
27.86,0.4849130738952611,0.035243969798075515,0.7648056537932099
27.88,0.4736916058960083,0.026473389059910465,0.8889771912491934
27.900000000000002,0.4572778068067349,0.015875491797905626,0.9741512735313271
27.92,0.43619900678810336,0.004275277914064217,1.0146429034487272
27.94,0.41089512167190384,-0.0074613907038126905,1.0081728896133704
27.96,0.38179210435016864,-0.01849779491302784,0.9558896161276409
27.98,0.3493326932900032,-0.02808931368768755,0.8621235207499399
28.0,0.31399725101764775,-0.03563531049837402,0.7339106229903566
28.02,0.27632850421592625,-0.04071659876278755,0.5803363975579736
28.04,0.23696983635144486,-0.043116220673460985,0.4117626054176331
28.060000000000002,0.19672719814817302,-0.04282250062393893,0.2390063212284994
28.080000000000002,0.15666449397583945,-0.04001456377751238,0.07254208099863507
28.1,0.11823564515558359,-0.03503171280307029,-0.07820509371611707
28.12,0.08343707982346005,-0.028329329930560386,-0.20541610721184264
28.14,0.05493532156491547,-0.02042546083809362,-0.30323751753423644
28.16,0.03611673662316943,-0.01184375253523827,-0.3679182226483759
28.18,0.0310701675991792,-0.0030589234399550232,-0.39772104599774694
28.2,0.04461456402121719,0.005550865003778698,-0.39262907783460793
28.22,0.08231523045937421,0.013742556564028594,-0.3538787201642295
28.240000000000002,0.14923788458084195,0.02142604535156473,-0.28337143086888145
28.26,0.2436007659792787,0.028603176332832936,-0.1831394858355194
28.28,0.3452794497962957,0.035116049222711006,-0.05540705392023829
28.3,0.42293885180904,0.04032671375357591,0.09606953734732421
28.32,0.4655666530417208,0.04328593778015119,0.2641905652174531
28.34,0.48333518654414837,0.04329726453193727,0.43840284539400776
28.36,0.4871175480753295,0.04015739254493732,0.6063488140118355
28.38,0.4824301182888654,0.034074513319121966,0.755725433546891
28.400000000000002,0.47155772258119444,0.025543476379219356,0.8756722839056669
28.42,0.4555158608011986,0.015250481678758584,0.9577189762869477
28.44,0.43489879184472124,0.003994547931389016,0.9963904551170363
28.46,0.41017965866061235,-0.007385160568439891,0.9895116116200345
28.48,0.3818149807466618,-0.018077535979245562,0.9382296286121249
28.5,0.3502890344790736,-0.027360470642303396,0.8467768318100788
28.52,0.31614547575364993,-0.03465086029943615,0.722010448784642
28.54,0.280025722124142,-0.039540445619630646,0.572779750141141
28.560000000000002,0.24272693832021058,-0.04181524908576537,0.40918207371468923
28.580000000000002,0.20529176859227458,-0.04145751737896838,0.24177592480733515
28.6,0.16913976801320446,-0.03863027037062147,0.08082132745053762
28.62,0.1362402366043637,-0.033645785625004074,-0.06438523274162786
28.64,0.10930406484846264,-0.026920718426190125,-0.18602192237889426
28.66,0.091947297725356,-0.018922127802274185,-0.27805327346266995
28.68,0.08877144918060104,-0.010110165110759246,-0.33631720724473607
28.7,0.10526523051745262,-0.0008843771651235008,-0.3583874536735157
28.72,0.14702378264649185,0.008455350372766606,-0.3432450628008728
28.740000000000002,0.21642854943589737,0.017702612305589616,-0.2908676839673421
28.76,0.30466094872963667,0.02662162611986436,-0.20204837045535937
28.78,0.38781165939951984,0.03468873813395726,-0.07901020133697118
28.8,0.4450322610704501,0.040999947878203165,0.07312128429443521
28.82,0.475652290533709,0.04462813177994503,0.24539341539118073
28.84,0.4887111927858244,0.045013812419064346,0.42580259263155185
28.86,0.49106199662673833,0.04204113603466981,0.6010101130936738
28.88,0.4860098842523919,0.03595555437040168,0.7579692139908583
28.900000000000002,0.47501082165415887,0.02727265414108927,0.885182935742716
28.92,0.4588075912724588,0.016700086343479373,0.9736256305714328
28.94,0.437901459061172,0.005063822810492945,1.017363367666503
28.96,0.41272131857986494,-0.0067649383561426794,1.0138807085885968
28.98,0.38368439383944186,-0.017940287890524122,0.964119097596566
29.0,0.3512222363925044,-0.02770549178811005,0.8722449978521181
29.02,0.3157983574245652,-0.035446054114558055,0.7451828195944007
29.04,0.27792901923689806,-0.04072849538758429,0.5919631839650052
29.060000000000002,0.23821562896180556,-0.043322498716619105,0.42294876003104365
29.080000000000002,0.1973979389643169,-0.04320532290432942,0.24900682666995078
29.1,0.15643769119832945,-0.04054862652559662,0.08069961006323287
29.12,0.11663721461236196,-0.035689047177465114,-0.07243953822479599
29.14,0.07977992028647417,-0.029085120108627384,-0.20248387317140087
29.16,0.04824923391865276,-0.021264569995946954,-0.30349779449050684
29.18,0.02506461012223156,-0.012767603290105706,-0.371700443110227
29.2,0.013823280801412539,-0.004092674831326568,-0.40540532215207253
29.22,0.018667728953529087,0.004350341636892742,-0.4047567400901244
29.240000000000002,0.04443661659004644,0.012278613683242096,-0.37129597184276586
29.26,0.09661226714512439,0.019565446171649365,-0.30739041960629215
29.28,0.17869646179137202,0.026235958083596286,-0.2155966289484273
29.3,0.28253629542157266,0.0323371604191242,-0.09824753492613084
29.32,0.3796217120928689,0.037598266835576426,0.04200840099452165
29.34,0.4430343326860369,0.04123230672271674,0.20037324606610218
29.36,0.47333525693184736,0.042363138707199294,0.36850756808833557
29.38,0.48355329260257224,0.04052892928256615,0.535303016899698
29.400000000000002,0.4826349410206218,0.035744919275463284,0.6887907328709262
29.42,0.4745541777202568,0.02837342527485811,0.8178023211443172
29.44,0.4609469500194626,0.019007019667331027,0.9131119411270534
29.46,0.4426134894535533,0.00838152881796562,0.9681766595697597
29.48,0.42009541973810594,-0.0026983091077872785,0.979558396973295
29.5,0.39387618349488474,-0.013427534580097513,0.9470604861453896
29.52,0.3644573317907407,-0.023063439624900157,0.873601076768478
29.54,0.33240168958796174,-0.030978701477305415,0.7648541687638116
29.560000000000002,0.2983770299667308,-0.03670185507755074,0.6287024129752072
29.580000000000002,0.26321735343273334,-0.03994249162557717,0.47455786134855144
29.6,0.22801513422640554,-0.04059961006631447,0.3126152808111915
29.62,0.19425521023433712,-0.03875270019519283,0.1531066558732732
29.64,0.16399165161552323,-0.03463636190067721,0.005624772021740457
29.66,0.1400471715820908,-0.028600656573357298,-0.12142214970606849
29.68,0.1261805223775965,-0.021061077718799563,-0.22117484721306743
29.7,0.12711615921323102,-0.0124441135098896,-0.28847607695242694
29.72,0.14817234015955605,-0.003137621685827959,-0.31981159949152277
29.740000000000002,0.19366092328307608,0.006536009751093583,-0.3130895143529506
29.76,0.26238852919655853,0.0162836843718396,-0.2674199365534778
29.78,0.3413542040961217,0.025691863198150634,-0.1832575833422749
29.8,0.40926897296073966,0.034043435797169695,-0.06328166028059679
29.82,0.4540060424386169,0.040393714815169686,0.08641486010058705
29.84,0.4781645423238621,0.043924365396518374,0.2560905801757942
29.86,0.48861233911092417,0.04418950620204512,0.4334380394275381
29.88,0.4899815302175147,0.04113460807834814,0.6051655358446957
29.900000000000002,0.48454616084821805,0.035029208408808465,0.7584364122251306
29.92,0.47339899233614957,0.02639433909415945,0.882018461672764
29.94,0.4571706353396186,0.015933413248515844,0.9671513778189407
29.96,0.4363326214236386,0.004462269526270069,1.00813698124996
29.98,0.41131202640946357,-0.007161855521002149,1.0026468146554472
30.0,0.38253714685898915,-0.018109192745142125,0.9517485684180763
30.02,0.3504614957247176,-0.02763974179129907,0.8596686784388787
30.04,0.3155848325556876,-0.03515477161456155,0.7333260167977445
30.060000000000002,0.2784813772840854,-0.04023409320609301,0.5816870672719306
30.080000000000002,0.23984435523757278,-0.04265678709266538,0.41500452854928527
30.1,0.2005572971713108,-0.04240428622957884,0.24400813518417752
30.12,0.1618021289275517,-0.03964593478972881,0.0791184358720281
30.14,0.12520649945541154,-0.034708353693991334,-0.07024862647992082
30.16,0.09301270400175321,-0.02803124831010062,-0.1962263637424893
30.18,0.06822405996234024,-0.020113801087953388,-0.2928447460609352
30.2,0.054683741038408236,-0.011457228515154579,-0.35615367735015374
30.22,0.05709574825527102,-0.0025094768286071266,-0.3841189082225665
30.240000000000002,0.08099072877146232,0.006382942033483833,-0.37630943969327985
30.26,0.1320556290946584,0.015007776703865517,-0.33341809445974446
30.28,0.2123036859519473,0.023270092751413392,-0.2567300598670631
30.3,0.31019755189418174,0.031033666701745583,-0.14790527569621237
30.32,0.3972404486541525,0.03780448462870864,-0.009761314067147552
30.34,0.4525491331596574,0.04266388068982386,0.15197934160119841
30.36,0.4793976136109525,0.044731378525512865,0.3278052214386285
30.38,0.48896908553161333,0.04356343226077497,0.5054956738153165
30.400000000000002,0.4883857517387114,0.03917345866704399,0.6720015571532545
30.42,0.4808017750621349,0.03191812449103465,0.8150522045386874
30.44,0.4675609591756542,0.022396209309469957,0.9243173409584203
30.46,0.4493589817200382,0.01136691457097374,0.9922082540302539
30.48,0.42668523286685867,-0.00032514999502331185,1.0143684025388
30.5,0.39997485229745416,-0.011822187402547436,0.9898695467059851
30.52,0.3696638979639963,-0.022320635571942065,0.9211274445579377
30.54,0.33621626921510633,-0.031129934845049393,0.813563824137644
30.560000000000002,0.3001470612115752,-0.037718849913041974,0.6750570257931088
30.580000000000002,0.26205451328719775,-0.041746399705256176,0.5152373397863604
30.6,0.22267075624486452,-0.043075593873571905,0.3446926142881763
30.62,0.18294211271954508,-0.041769399768643675,0.17415446796381012
30.64,0.1441473136987293,-0.038069574370435434,0.013735315979470954
30.66,0.10805017772833629,-0.03236021744137004,-0.1277185412079102
30.68,0.07705852943508452,-0.025119270220219626,-0.24310260471459083
30.7,0.054337722885015,-0.01686273918216329,-0.3273194608194159
30.72,0.043847409228008075,-0.008087629809004682,-0.37731631173608493
30.740000000000002,0.05035050577120981,0.0007807910485793717,-0.3919013172953852
30.76,0.07940021379897631,0.009433492976661784,-0.3713642423872815
30.78,0.13652641099305546,0.017705298424203094,-0.3169471117198224
30.8,0.22259362337133706,0.02554382613390443,-0.23029735359439563
30.82,0.32300145515304485,0.032817417300782345,-0.11332962359687113
30.84,0.4074120468482493,0.03898469412003024,0.030788702642400835
30.86,0.45809891872764597,0.043105517105353555,0.19581210605211075
30.88,0.48136810343750586,0.04436003420806029,0.37178795136407605
30.900000000000002,0.48860072548065325,0.042396662433715614,0.5463818879346979
30.92,0.4863548296830697,0.03730767410963497,0.7067796314259557
30.94,0.4774386567439316,0.029507638056357758,0.8412187540473369
30.96,0.463058813785112,0.01963367701451128,0.9400692244289923
30.98,0.4438665370775579,0.008464722523867941,0.9965585289443833
31.0,0.4203419846848699,-0.0031528463669646656,1.0071890360537379
31.02,0.3929260060503338,-0.014376120327854843,0.9718645843958066
31.04,0.36207008868904805,-0.02443078551953308,0.8937438053377829
31.060000000000002,0.3282642419342084,-0.03266664600448207,0.7788508561902292
31.080000000000002,0.29206516224145956,-0.03859996462868171,0.6354893614150577
31.1,0.2541370022628237,-0.04193995057237014,0.4735179911117918
31.12,0.21531587096997576,-0.04259787471837323,0.3035545288333632
31.14,0.176709142635955,-0.04067850288214288,0.13617893948651016
31.16,0.1398357183082171,-0.036454740997316736,-0.018795218712484803
31.18,0.10679736010349128,-0.030327650001468635,-0.1529177555356573
31.2,0.08044510008885729,-0.022775438078824744,-0.2595153586103745
31.220000000000002,0.0644914108874977,-0.014296566544283788,-0.3338873676536702
31.240000000000002,0.06355136038914524,-0.005352987695965676,-0.3732722286387877
31.26,0.08310285472402194,0.0036807888033178584,-0.3765967141164239
31.28,0.12891518958429665,0.012554706488697137,-0.34404494818610815
31.3,0.2038309145057596,0.021137055761724304,-0.276548502005527
31.32,0.29881859408505695,0.029283221382249244,-0.17551571191914989
31.34,0.38749823846884146,0.036538544104787296,-0.04344712125152662
31.36,0.4467826524639201,0.04201393704053026,0.11442073210810606
31.38,0.47696092923027006,0.044786623078543926,0.28904035664373323
31.400000000000002,0.48873782690765627,0.04433330974672734,0.46839109645167265
31.42,0.48970448581319387,0.04059436506656531,0.6393101011523439
31.44,0.48335327648562804,0.033870717952812796,0.7891550168273824
31.46,0.47117048706097703,0.024722176371820746,0.9070348349308182
31.48,0.4539006697833075,0.013885062710657238,0.9846765073699236
31.5,0.43204621362623985,0.0021969101108890365,1.0169793832835696
31.52,0.4060410457963884,-0.009476531800787526,1.0022732592396035
31.54,0.37631226860219663,-0.02031036331086736,0.9422912119411865
31.560000000000002,0.3433076007028725,-0.029581830291323302,0.841880328237457
31.580000000000002,0.3075160866340768,-0.03671989540490258,0.7084894798535546
31.6,0.2694944834814941,-0.041339903766500256,0.5514877396396832
31.62,0.22990887128463572,-0.04326128826401359,0.38137757500433356
31.64,0.18960169218987066,-0.042507494454370354,0.20897271397822123
31.66,0.14969356765549383,-0.03928852835603021,0.04461140010525225
31.68,0.11172074250405638,-0.03396773475398864,-0.10252826323509612
31.7,0.07778708633409535,-0.02701571727692448,-0.22495315410486144
31.720000000000002,0.05068098074505727,-0.018955837690362378,-0.31717706295921383
31.740000000000002,0.03390899039621677,-0.010307173669192728,-0.37581742132989404
31.76,0.03167602796821904,-0.0015309848254873677,-0.3994690862007781
31.78,0.04892991921024753,0.007015466409207589,-0.38837795325131225
31.8,0.09131231316401744,0.015115374330318569,-0.3439478870556011
31.82,0.16339309950438763,0.02270302092200512,-0.26814215083033605
31.84,0.26105519431184837,0.029778186292504876,-0.16299787270375435
31.86,0.360738578835809,0.0361196139635832,-0.030868688811357074
31.88,0.4324374609727657,0.04100609361213569,0.12403092491011884
31.900000000000002,0.4699299487955539,0.0434938631884474,0.2939640431945721
31.92,0.48471686765826527,0.042966353048888566,0.46793826316171955
31.94,0.4867933229494097,0.039299483366880356,0.6334918829578541
31.96,0.48094296280123017,0.03275820230082813,0.778489829856742
31.98,0.4691359515928799,0.023875892473309065,0.8924283187602325
32.0,0.4522790776087465,0.013363109073617922,0.9673185770843209
32.02,0.43093344370305237,0.002030483993884391,0.9982388430705025
32.04,0.4055649307376025,-0.009283247507017435,0.983589418993842
32.06,0.37663272432959594,-0.019778434215930108,0.9250686906564761
32.08,0.34462951152768423,-0.0287538162609957,0.8273949254966363
32.1,0.3101133245517878,-0.0356542891493334,0.6978127641795442
32.12,0.2737485643542524,-0.040104048653402995,0.5454370250773459
32.14,0.23636877552226893,-0.041923064412752314,0.3804967783820235
32.160000000000004,0.19907323726446305,-0.04112599476549759,0.21354854567951215
32.18,0.16336630100851238,-0.03790384887831102,0.05472864890519774
32.2,0.13133615958855283,-0.032589945793887395,-0.08688894562562702
32.22,0.10584595668179965,-0.02561312844532092,-0.2037718841900507
32.24,0.09068690481137891,-0.017442780672630394,-0.2902033641775174
32.26,0.09063724607460918,-0.008531624706996897,-0.34232952148329254
32.28,0.11129996586099544,0.0007364088440476005,-0.3579853430783464
32.3,0.15804806054576218,0.010080288205114689,-0.3363414713723556
32.32,0.23191958956586484,0.01930080772303224,-0.2775053929383842
32.34,0.32115816461803937,0.02812874974183865,-0.18244240860843494
32.36,0.4004818767608544,0.03596387857742006,-0.05378055460352961
32.38,0.4523258020820987,0.04186137059976606,0.10268133553963901
32.4,0.47905444630104915,0.04494077960542528,0.27733297117100913
32.42,0.4897938032803536,0.044725267259281304,0.4577946337577074
32.44,0.49064826416292345,0.04117127269132487,0.6306686214798458
32.46,0.48445735935845186,0.03457883660795974,0.7831022773819192
32.480000000000004,0.4724864625146496,0.025503317878490722,0.9039806015763989
32.5,0.4554119207583273,0.014678827479245033,0.9847921813974547
32.52,0.43371399676956396,0.002944698080782015,1.0201969470806833
32.54,0.4078165024552165,-0.008827376585231951,1.0083008687781858
32.56,0.37813775140247935,-0.019802987561524512,0.9506443712704427
32.58,0.3451137606357521,-0.02924725844569984,0.8519255130433907
32.6,0.30921577087452734,-0.03657558474655346,0.7194959302101174
32.62,0.27097250171424586,-0.04138958319956351,0.5626824895920128
32.64,0.23100556475061887,-0.0434961204630354,0.3919984830406629
32.660000000000004,0.19008746059027945,-0.04290854483422045,0.21831421816575175
32.68,0.14923148115352597,-0.03983048136398447,0.052057875909862675
32.7,0.10981598393735652,-0.03462374791186427,-0.09748633389441053
32.72,0.07372523092924559,-0.027763215123149106,-0.22272439569645236
32.74,0.04345790086374824,-0.01978292919192433,-0.31809896284349787
32.76,0.022144237837205604,-0.011219373090309619,-0.3802124370597542
32.78,0.013479747357802536,-0.0025582822933643405,-0.4077282146269906
32.8,0.021718333332249064,0.005810655197938985,-0.4010741882331828
32.82,0.05184744033506649,0.01363087591766642,-0.36198183806168205
32.84,0.10933289362013665,0.020805131124560877,-0.2928955048138163
32.86,0.1965265690316428,0.027377759250685894,-0.1963433678830466
32.88,0.3017252254992484,0.033367520772528234,-0.0746323902167222
32.9,0.3939942125842117,0.03840843866873148,0.0693581448229243
32.92,0.4506331931422227,0.04164995454625909,0.23023362520584403
32.94,0.47634780986759717,0.04226572705262648,0.3990335763292815
32.96,0.4840676155062943,0.039886138304404455,0.5643448580625002
32.980000000000004,0.48165771051191636,0.034599584769672564,0.7142326086985724
33.0,0.4724933539443775,0.02681761433589991,0.8378049877830154
33.02,0.45798364993912066,0.01716469073175485,0.9262732184771699
33.04,0.4388553060995319,0.006394547999181866,0.9736304160616619
33.06,0.4156300106132999,-0.004682925789934295,0.9770203770561118
33.08,0.3887903063894404,-0.015269433735946912,0.9368249125845158
33.1,0.3588456496849174,-0.024639327443005503,0.8564926297123141
33.12,0.32637390778997777,-0.03219070114607274,0.7421422538319306
33.14,0.29206706982337877,-0.037483284589613,0.6019870045791951
33.160000000000004,0.25679708811374646,-0.040260693948977355,0.4456380402063303
33.18,0.22171488994239683,-0.040455670157329614,0.2833526569928943
33.2,0.18839226598316053,-0.03817809777834123,0.12529610575193884
33.22,0.15900510372846782,-0.033686843224118475,-0.019115736513665306
33.24,0.1365322589350311,-0.027347886927234725,-0.14173254055448234
33.26,0.12490842794219373,-0.019582976073333574,-0.23599752983226469
33.28,0.12901087964865413,-0.010815206153175456,-0.297061374135343
33.3,0.15415800502343113,-0.0014216668862652576,-0.3216880942175408
33.32,0.20413081493848131,0.008286083559305326,-0.3080170355488571
33.34,0.2760537967142453,0.01800858740089012,-0.2553730433640512
33.36,0.35466749213557325,0.027289505411229893,-0.16452097448292521
33.38,0.4189275957909255,0.03535492108722813,-0.03866821692586689
33.4,0.45958674896047297,0.041254390135653206,0.11542074773287724
33.42,0.48085721981887286,0.044224880233015594,0.2874430707427992
33.44,0.48944185274795887,0.04389274138628169,0.46479908246263263
33.46,0.4894833065518666,0.04026646155968693,0.6341790313931331
33.480000000000004,0.48297072485186954,0.03366549070093068,0.7829539045649775
33.5,0.47087868519461684,0.024648445186391983,0.9002739525949187
33.52,0.4537954490439437,0.013944047568935093,0.9778872209558525
33.54,0.43217927834561204,0.0023808402595170324,1.0106799854920454
33.56,0.4064550588746118,-0.009183768227894011,0.9969338551326432
33.58,0.37705392434087354,-0.019931543651661904,0.9383034500717372
33.6,0.34443574495458307,-0.029144109836215626,0.8395351552571765
33.62,0.30911073355628876,-0.036252148810663465,0.7079648546202556
33.64,0.271669788966081,-0.040869872610971116,0.5528474205591088
33.660000000000004,0.23283288067012006,-0.042812662402434594,0.3845814828956702
33.68,0.19352607201012986,-0.04209699479677235,0.21389897798014865
33.7,0.1549965817566593,-0.03892299112404987,0.05109005874704532
33.72,0.11896576551977872,-0.03364114183322514,-0.0946698146640446
33.74,0.08779762023091404,-0.026706094592248243,-0.2158326002543379
33.76,0.06463529778367619,-0.018621928548167535,-0.3067867886132942
33.78,0.05346639365113808,-0.009884676508693863,-0.3639400624208992
33.8,0.059138512651963904,-0.0009279573540827532,-0.3855764867399596
33.82,0.08729318278181189,0.007923385206241387,-0.3715105640959629
33.84,0.14341669113342131,0.01648140790486225,-0.3225859836170624
33.86,0.22806959854029746,0.024662110471379704,-0.24015970681259102
33.88,0.32644847734724275,0.03229344453371452,-0.12600165156848236
33.9,0.408964180182,0.03879933649969522,0.016707823598639624
33.92,0.4587622035542757,0.043227023694790784,0.18161447847949733
33.94,0.48195613422130273,0.04475364261488413,0.35863313732127244
33.96,0.4894354662707994,0.04301919214808549,0.5352757119469332
33.980000000000004,0.487503794967274,0.03810400763493382,0.6985314646695653
34.0,0.4788821517488423,0.03041257930214588,0.8363961035165004
34.02,0.4647506539694484,0.02057656540842675,0.9389661265144894
34.04,0.44575109137435237,0.009374885721414223,0.9991845165367083
34.06,0.42235726566473625,-0.002340773433352118,1.013279882904914
34.08,0.3950021117478459,-0.01371757364924116,0.9809130819292067
34.1,0.3641251903775515,-0.0239677282214047,0.905046975963349
34.12,0.3301979256066463,-0.03242536355691206,0.7915687330340958
34.14,0.293747814502401,-0.03859035756462572,0.6487096291056753
34.160000000000004,0.25539303386873774,-0.042156392853062115,0.4863203336735109
34.18,0.2158977428824957,-0.04302163214078023,0.31506841185460677
34.2,0.17625881483119327,-0.041281649092004956,0.14562869423584188
34.22,0.13783117735390002,-0.03720545463304201,-0.012063787163354392
34.24,0.1024848610786326,-0.03119669512540592,-0.14943439994353014
34.26,0.07276052265981112,-0.02374350592576755,-0.25971019504737314
34.28,0.05197090472147018,-0.015362060330481011,-0.3381460749794325
34.300000000000004,0.04422791413048331,-0.006539877624266584,-0.3820226395627457
34.32,0.054454943816470834,0.002315763531139301,-0.39042602340510546
34.34,0.0883249227796623,0.010920374080333207,-0.36383797060283174
34.36,0.15103610132086895,0.01913383397433302,-0.3035896809963051
34.38,0.24145630890499237,0.026908013007205973,-0.21134792200336677
34.4,0.34115615813173,0.034055739487255356,-0.08913788458502492
34.42,0.4196216308356815,0.03993794711313883,0.05942828384907619
34.44,0.46421016199401677,0.04359163884517026,0.2273820480452641
34.46,0.48372329084671,0.04427210129909021,0.4041737193939156
34.480000000000004,0.48884678802226483,0.04171858838131721,0.5772280902165461
34.5,0.4852273087731931,0.03609202119094604,0.7338118008297695
34.52,0.47523855201140536,0.02785490840023846,0.8624744156494537
34.54,0.45992978159002035,0.017676575381705913,0.9540571064925345
34.56,0.43990171530615285,0.00635430014840957,1.0023593692653991
34.58,0.41562046155832116,-0.005260434110926297,1.0045023043888655
34.6,0.38752556985313374,-0.01633208648281094,0.9610036003219738
34.62,0.35607287051421593,-0.026104761378347885,0.8755835690985504
34.64,0.32176101694281123,-0.03395560555765971,0.7547357119693119
34.660000000000004,0.2851608606708675,-0.039434450767405343,0.6071101992318827
34.68,0.2469593260461617,-0.04228722959351645,0.4427705992635661
34.7,0.20802893755762644,-0.04246186698481405,0.2723917625462717
34.72,0.169533719024849,-0.040096559847434154,0.10646953443351877
34.74,0.1330757055231999,-0.035491563446338054,-0.045389086023083336
34.76,0.10086797910500683,-0.02906689106115872,-0.1750337228571369
34.78,0.07589375702445765,-0.02130981853920319,-0.27614724608233904
34.800000000000004,0.062004197308785924,-0.012717570624416391,-0.34440079066219637
34.82,0.06394857962070732,-0.003741217900014561,-0.37737998321650207
34.84,0.08731041977020121,0.005263642135790206,-0.3742984575190674
34.86,0.13774104246645122,0.014070068455820423,-0.33554105731535655
34.88,0.21700951196417365,0.022561292768693546,-0.26215723307638256
34.9,0.3133304842446851,0.030571159172199557,-0.15567545152709553
34.92,0.3986974426929978,0.03757745136124391,-0.018903945051954956
34.94,0.4530674525593844,0.042650844379257424,0.14236373825054716
34.96,0.479712936354907,0.04491114205226938,0.3185303195503454
34.980000000000004,0.4894122991924063,0.043911297963769795,0.4972854592134146
35.0,0.489045391485564,0.039656803988101,0.6654660712457903
35.02,0.48167908332747594,0.032496369658963194,0.8106545223716252
35.04,0.46863093085938473,0.023023410037452733,0.9223463954984384
35.06,0.45058840108147225,0.011995314574278156,0.992764336783004
35.08,0.42803676553163916,0.000258562961072977,1.017363324348373
35.1,0.4014068440123956,-0.011323814645844282,0.9950410055884501
35.12,0.3711284141422676,-0.021940272942926504,0.9280657020594585
35.14,0.33765563707415164,-0.030890340030453906,0.8217477969529796
35.160000000000004,0.3014882927301975,-0.03763189783899902,0.6838962112288206
35.18,0.263200391936219,-0.04181314424488072,0.5241155736295833
35.2,0.22348580366429693,-0.04328738077504798,0.3530094778268798
35.22,0.18323126287897992,-0.04211000637648996,0.18136017534630958
35.24,0.14362542794034747,-0.03851831439998746,0.019355085328242254
35.26,0.10630213418647706,-0.03289590063447359,-0.1240742932493036
35.28,0.07349186644036128,-0.025724829055381527,-0.24174531937524565
35.300000000000004,0.04812874830458708,-0.017530255657262597,-0.32850889515986303
35.32,0.03387295567584583,-0.008823535971519539,-0.3813074963911764
35.34,0.03509748460858922,-4.963867541232575e-05,-0.39901260621493556
35.36,0.05694388013504105,0.00845774619924496,-0.38206653115538197
35.38,0.10511118482347137,0.016509942734690305,-0.3319645174139475
35.4,0.1832282097104985,0.024062136721124786,-0.25065604262017777
35.42,0.2836773562615798,0.031091510829438018,-0.14015110092341843
35.44,0.37919066274424895,0.0372759371877432,-0.0030239058882094703
35.46,0.44307466882797075,0.04179792184018742,0.15584445942887473
35.480000000000004,0.4746733890431333,0.043742971087766175,0.3279026271648747
35.5,0.48619695307517197,0.042597068988034906,0.5016447740006266
35.52,0.48639896285068157,0.038326959165680394,0.6644976759122643
35.54,0.47923952495016214,0.03126113034678772,0.8045219404530024
35.56,0.4663566971129698,0.02197626588643589,0.9116208776260332
35.58,0.448545059383626,0.01121046754549277,0.9783536965710505
35.6,0.4263314431497113,-0.00021243749085474379,1.0004278598415817
35.62,0.40017359122956564,-0.01145418324793273,0.97689808312288
35.64,0.3705321493485144,-0.021728146509403377,0.9100896855429781
35.660000000000004,0.33790634688048926,-0.030356821165526068,0.80527357059384
35.68,0.3028657209919773,-0.03681706066917511,0.6701346523542466
35.7,0.2660933443893733,-0.0407701856450885,0.5140887814778669
35.72,0.22845276124164865,-0.04207512759108187,0.347512753219635
35.74,0.19109044476397555,-0.040783958510499596,0.18095695085446079
35.76,0.1555813693487308,-0.037120354479891836,0.024410388197987958
35.78,0.12411095851343562,-0.0314428021588351,-0.11331675880306855
35.800000000000004,0.09966163757959408,-0.024195799420746875,-0.2250380873813908
35.82,0.08615244843231293,-0.015853884634802005,-0.30542450079510186
35.84,0.08848059827287287,-0.006864618864245753,-0.35100957079762957
35.86,0.11232297253956089,0.0024021291162019606,-0.359976555152744
35.88,0.16290240460113226,0.011684520125373124,-0.3317758536051214
35.9,0.24032264523176722,0.020796790427716195,-0.2667238523361005
35.92,0.33078832668555946,0.029456316149300343,-0.16598742140167677
35.94,0.4081163451468872,0.03702079302119642,-0.03251601730389263
35.96,0.4568439626810005,0.04252715091737952,0.12742807506840595
35.980000000000004,0.4811843527727381,0.045131304857552644,0.3038107482870436
36.0,0.49036836478538753,0.04441471754897942,0.4840315390101522
36.02,0.4901207565180202,0.040386321929329706,0.6546980819106367
36.04,0.4830385110534168,0.03338742443189867,0.8031506329481447
36.06,0.47028585802481837,0.024003943542545474,0.9186105628975315
36.08,0.4525033109479038,0.012990026834654517,0.993004066803276
36.1,0.4301598895252984,0.001194364108880604,1.0214874979508535
36.12,0.40367718052668305,-0.010512506894993993,1.0026795009294538
36.14,0.3734750725726391,-0.021307060717338837,0.9386087224714987
36.160000000000004,0.33999354719342056,-0.03047359626412139,0.8344007465009776
36.18,0.3037104243368651,-0.037452989150900465,0.6977446851974707
36.2,0.2651649854942079,-0.04187626146263316,0.538194270952817
36.22,0.22499599928924602,-0.043581021337561775,0.3663684893484299
36.24,0.18400374200783962,-0.042610081652913245,0.19312207365678644
36.26,0.1432449208490122,-0.03919279649666826,0.028756467866492334
36.28,0.10416096969441035,-0.03371085113129363,-0.11766268114514956
36.300000000000004,0.06871770631745906,-0.026651531449623837,-0.23882490232936598
36.32,0.03950337269161826,-0.018553030096336433,-0.3294896355014113
36.34,0.019729622792366276,-0.009947849497436882,-0.38657619088309825
36.36,0.01316088298646101,-0.0013106127651983893,-0.40903426021177103
36.38,0.024131158580690565,0.006985931041004104,-0.397521515149491
36.4,0.05773060893088003,0.014706794476142655,-0.35392175061813286
36.42,0.11934313788263527,0.02177809073372579,-0.28073994089654086
36.44,0.2102099229132364,0.028256866456235315,-0.18048561441021801
36.46,0.3157573126764488,0.03413374315187211,-0.05546655355485589
36.480000000000004,0.4038973988296501,0.03896922695179305,0.09122020751256912
36.5,0.45560379244028015,0.04187874913767528,0.2537125324808458
36.52,0.4781644757571119,0.04208432118994502,0.4226211332159254
36.54,0.48415843256250846,0.03928571586576173,0.5863617148103937
36.56,0.4806810186558421,0.033623757746157446,0.7330757125255338
36.58,0.47071833172538835,0.02554493644868224,0.8521205181735285
36.6,0.4555368582847529,0.01569585657939737,0.935069626009249
36.62,0.43581827085378283,0.004841743604038733,0.9763452898910054
36.64,0.41207317553852524,-0.0062058076801779615,0.9735466073897302
36.660000000000004,0.38478557701252986,-0.016655760329630703,0.9274992549249674
36.68,0.3544729389092834,-0.025797464848968266,0.8420506961447007
36.7,0.3217272372271393,-0.03305004932867496,0.7236458067533424
36.72,0.2872628611406659,-0.03799821739548709,0.5807311917913841
36.74,0.2519866257451935,-0.04041215395751619,0.42304750277878583
36.76,0.21710267730501975,-0.04025032705721699,0.2608761275618426
36.78,0.18426099833283824,-0.037645146682233774,0.10430914827871338
36.800000000000004,0.15574527041213276,-0.032872706548984734,-0.03739086455583738
36.82,0.13466965768280312,-0.02630931237101827,-0.15628241758887326
36.84,0.12511612865474528,-0.018379310518846764,-0.24604352778683414
36.86,0.1320753411279996,-0.00950103553835659,-0.30205494577378916
36.88,0.16080435149934497,-4.2006787224063095e-05,-0.32128067813252603
36.9,0.21446523691613467,0.009692983168045144,-0.302023499038457
36.92,0.2885252343480513,0.019392071838393327,-0.2437762733873399
36.94,0.36597644864200707,0.02855447523127845,-0.14758602828945253
36.96,0.4266386848482117,0.036360131082672005,-0.01714285162627932
36.980000000000004,0.4638286742619605,0.04186499562733406,0.14021529966598384
37.0,0.48277882963826185,0.044359682547963096,0.313744866039174
37.02,0.489882285922904,0.04353186023939507,0.49064607581274244
37.04,0.4888585243138282,0.03944120235436668,0.6576360294632283
37.06,0.4814747238342445,0.03244686995995229,0.8022939737594674
37.08,0.4686173233264672,0.023136677630546908,0.9141160661863671
37.1,0.45084390183332096,0.012258131146302304,0.9852922862747067
37.12,0.4286036847883414,0.0006479755736835168,1.0112048325422036
37.14,0.4023209285695126,-0.01083853916223637,0.990643151709438
37.160000000000004,0.3724302927279731,-0.02139484523180437,0.9257416560459659
37.18,0.3393985256028681,-0.030322243797713703,0.82166323782707
37.2,0.30374698421956786,-0.03707706995304411,0.6860688751356432
37.22,0.2660843258599346,-0.04130274898032816,0.528427951930571
37.24,0.2271588895070621,-0.04284481779439166,0.35923398447035776
37.26,0.18794149468373655,-0.0417482110849896,0.18919570264523627
37.28,0.14974732166428498,-0.03823732373272899,0.02847380507396932
37.300000000000004,0.11439418823125491,-0.03268058667017958,-0.11397076860436069
37.32,0.08437061799622224,-0.025542661510670733,-0.2308608189894854
37.34,0.06296430278831987,-0.017328907093132995,-0.3168783854381535
37.36,0.054318394394298586,-0.008527995969136185,-0.36871236372155236
37.38,0.06344243772303834,0.0004415795481980374,-0.3848826540018088
37.4,0.09608252311050386,0.009276003328241009,-0.36536633413978237
37.42,0.1573652460400856,0.017808172237378853,-0.31108234706884014
37.44,0.2459173322710629,0.02595429384570668,-0.22341029305830706
37.46,0.3434384760712029,0.033486949689994716,-0.10424358201370162
37.480000000000004,0.4203637082298831,0.03973918081276315,0.04279465571885639
37.5,0.46452027668943646,0.04373907087715289,0.21065452781963354
37.52,0.4842427918486714,0.04473401823426258,0.3886776573520639
37.54,0.4897668930926756,0.0424482637155875,0.5641336523596999
37.56,0.48655792508223855,0.03702623636751865,0.7240686660424249
37.58,0.4769361903535496,0.02891771063188414,0.8567521544196031
37.6,0.46193598117425777,0.01878527399482035,0.9527058386363888
37.62,0.4421518034784871,0.007426046894258281,1.0053959497928278
37.64,0.41804377495633416,-0.0043023474722929875,1.011622488601687
37.660000000000004,0.39004268475150994,-0.015552782257282714,0.9716178570727318
37.68,0.358590701022653,-0.025553600702433656,0.8888722554852058
37.7,0.324165045207404,-0.03366358261867762,0.7697178902815075
37.72,0.2873028275809458,-0.03941334107166719,0.6227194121680695
37.74,0.24863780225990503,-0.04253057221624998,0.4579303949488812
37.76,0.20895935437324797,-0.04294777306840098,0.28608362290303535
37.78,0.1693042576951604,-0.04079226862108785,0.11778603723592562
37.800000000000004,0.13108697779047795,-0.03635959459479746,-0.03721258703908943
37.82,0.09625806387069437,-0.03007253420636642,-0.17061481179923296
37.84,0.06745270444686001,-0.022429549549140965,-0.27598413168174685
37.86,0.048076872948963865,-0.013947891859963415,-0.34893466901001713
37.88,0.04232251971019813,-0.005107499984999002,-0.3870928939760351
37.9,0.05518395285144306,0.0036992857208706566,-0.38984527028248106
37.92,0.0923697505907398,0.012208435063106312,-0.35790228248866773
37.94,0.1588027379207067,0.02030124594532252,-0.29273751429234257
37.96,0.2519844685255663,0.027937261637442857,-0.19609442211526568
37.980000000000004,0.35117589620753137,0.03489936272973528,-0.07011356607086416
38.0,0.4261647144637181,0.040498239120908386,0.08129767169042038
38.02,0.46734401332123043,0.043770329698572176,0.2507550319342574
38.04,0.4847274253290742,0.0440232001705552,0.4274113745374722
38.06,0.48857650451783974,0.041053171911302686,0.598625340925164
38.08,0.48407006705385963,0.035064256612617965,0.7517989204205291
38.1,0.47336638638083717,0.026549009590928145,0.87576230567436
38.12,0.45743796153666444,0.0161960149679272,0.9617354393837195
38.14,0.4368618269311775,0.004811871302504179,1.00395358993815
38.160000000000004,0.4120991363643493,-0.006752091630333372,0.9999917826544691
38.18,0.3835919719298763,-0.017669192591581034,0.95080326715587
38.2,0.35180329838553576,-0.0271998262786699,0.860493105600927
38.22,0.3172438552966967,-0.03474310153343725,0.7358623886552736
38.24,0.28050378731298564,-0.03987435847534472,0.5857731808573695
38.26,0.24230063731893245,-0.04236624132848461,0.42039570398239845
38.28,0.20355507266062614,-0.04219218414609965,0.25040622403624124
38.300000000000004,0.16550472460856533,-0.03951237262171531,0.0862062640814686
38.32,0.129858509056291,-0.03464345634304572,-0.06276889799966326
38.34,0.09897362502297258,-0.028014601319759143,-0.1885921570744914
38.36,0.07601180304842609,-0.020113986526622288,-0.2851899742588874
38.38,0.06503031353293814,-0.011431278493130522,-0.3484636989816862
38.4,0.07100129367139471,-0.0024021297709298796,-0.37618287826928815
38.42,0.09966216064000158,0.006639268810918631,-0.36767038061089236
38.44,0.1562796111546711,0.015486521351308756,-0.3233323192614702
38.46,0.24040968757711415,0.024019245765034666,-0.24419346850871465
38.480000000000004,0.33596610473076544,0.032001271965300615,-0.13189223201788888
38.5,0.4143448965791293,0.03878959105163201,0.010242918501201077
38.52,0.46121270140277637,0.04341381961642826,0.17552952757380538
38.54,0.48315790392420144,0.04507240648299922,0.35357690736334485
38.56,0.490276784071009,0.04342379898117388,0.5316799475906724
38.58,0.4882975687494811,0.03855512664048517,0.6966598398911403
38.6,0.47970678803742967,0.03087283845317055,0.8363594441819708
38.62,0.46560614522894733,0.02101056693800809,0.9407292942496231
38.64,0.4466119088628476,0.00975092970014944,1.0025775142854556
38.660000000000004,0.42318752988121633,-0.0020487580541418576,1.0180165714670806
38.68,0.39575838122329077,-0.013528488939224688,0.9866169592722216
38.7,0.36475465912340366,-0.02389240295344164,0.9112818962651194
38.72,0.33063377369822283,-0.032466385697657724,0.7978717885706981
38.74,0.2939012920591756,-0.03874267256036009,0.6546231719534099
38.76,0.2551407591512503,-0.042408655487622335,0.49142008854125796
38.78,0.2150618636535332,-0.043358279949984285,0.3189847264099722
38.800000000000004,0.1745771799936392,-0.04168566252640419,0.1480581113295459
38.82,0.13491506969248557,-0.03766177124732497,-0.011359317689524528
38.84,0.09776364257663006,-0.031696228153864484,-0.1506431982572721
38.86,0.06541427158766536,-0.024287666041708803,-0.2630036530771859
38.88,0.040848339239196806,-0.015967647675074796,-0.34373032206183113
38.9,0.027734712243670114,-0.0072443549258712145,-0.3902104834448619
38.92,0.030409027216588395,0.0014483557130255905,-0.40173119314046046
38.94,0.053955284395239514,0.009793861585450233,-0.3790933419058714
38.96,0.10401909593282406,0.017624783632221863,-0.3240734764668205
38.980000000000004,0.18406972836453472,0.024919331965555725,-0.2388124253229796
39.0,0.28588786282271106,0.03167238873780802,-0.12542661730158067
39.02,0.3814130158270413,0.037564820193909804,0.013446170859406137
39.04,0.444308886912662,0.04177751114950489,0.1728559300249023
39.06,0.474886225678975,0.04341147474294799,0.3442064752959029
39.08,0.4856581253127447,0.041980227567166385,0.5160387657305029
39.1,0.48530446066237853,0.03747579230360363,0.6759351511336459
39.12,0.47770494726946927,0.03024485343846292,0.8121992161458529
39.14,0.46446261230293756,0.02087484731999466,0.915035081868367
39.160000000000004,0.4463616303141588,0.01010745162151237,0.9773313173451932
39.18,0.4239290281354041,-0.001236666343942503,0.9951253833715755
39.2,0.39762846924678136,-0.012328371820614126,0.9677770939609613
39.22,0.36793166338120914,-0.02239500749498228,0.897870234832067
39.24,0.33535561153392274,-0.030776409403716166,0.7908710295338823
39.26,0.30049765217040714,-0.03696846376849503,0.6545863738699095
39.28,0.2640840936559399,-0.04065140810639328,0.4984775895975485
39.300000000000004,0.22704509335193548,-0.0417011489123714,0.3328945572839293
39.32,0.1906275482756859,-0.040183037862254,0.1682996732784568
39.34,0.15655212279458813,-0.03632874913223383,0.014550919712138032
39.36,0.12720412577919618,-0.030498191697126226,-0.1196917655541392
39.38,0.10582159760940339,-0.02312988699388729,-0.22738328240077205
39.4,0.0966221594705961,-0.014684884331063292,-0.3032967926478228
39.42,0.10478416589505066,-0.005590816943516633,-0.3440006218636323
39.44,0.1359780343499375,0.003804546959247217,-0.3476262539366462
39.46,0.19421228147326003,0.013248776041527596,-0.3135011114359464
39.480000000000004,0.2756112289590566,0.022513956927921554,-0.2418666247791507
39.5,0.36140222698007024,0.031182452383743165,-0.13416540673590516
39.52,0.42759786045326115,0.038457328807261264,0.005744191369870016
39.54,0.4665063364396279,0.043366838027372366,0.17032608951641948
39.56,0.485083076777018,0.04519289115981151,0.3485469933586372
39.58,0.49112910560520734,0.043653809725016014,0.5273648774580441
39.6,0.48890288290556627,0.03885962683811506,0.6934240032277563
39.62,0.48031341513623227,0.031222330107057286,0.8344412159197693
39.64,0.4662739481408599,0.021376323809872935,0.9402510712259802
39.660000000000004,0.44734297348796187,0.010105046724520176,1.0035480641735703
39.68,0.4239653775789055,-0.0017319118746167575,1.020337035780181
39.7,0.3965586517869901,-0.01327064780788545,0.9900932393443305
39.72,0.36554695115461844,-0.02371006788448794,0.9156430497368803
39.74,0.33138014077760936,-0.032369967341297046,0.8027928553409075
39.76,0.29455249268210854,-0.03873620305772393,0.6597503101944314
39.78,0.25562982852588845,-0.04249010613007801,0.4963956575948632
39.800000000000004,0.215293838302707,-0.04352048876267565,0.32346987658184745
39.82,0.17441342765959175,-0.041917855447446736,0.1517504681421062
39.84,0.1341508846599173,-0.03795164478817789,-0.008715190729987686
39.86,0.0960989382027648,-0.03203253589564614,-0.14925470102934557
39.88,0.06241872715720159,-0.024663202855020327,-0.26304023697675466
39.9,0.03592090077583764,-0.016382479700295566,-0.34534605784199723
39.92,0.020048452862590476,-0.007709208739066118,-0.39357986235888104
39.94,0.018823887300458614,0.0009083594845513635,-0.40709905679156005
39.96,0.036925756350152106,0.009134908948891718,-0.38684093851092455
39.980000000000004,0.07978460904604916,0.016781832799858894,-0.3348000602603849
40.0,0.15215380708280324,0.02381936805419891,-0.2534036847614273
40.02,0.2508957311280493,0.030299810304008443,-0.14497997797866602
40.04,0.35332567439736984,0.03607633590788742,-0.01191716256420338
40.06,0.4280771943062202,0.040492286860623165,0.1418310392435767
40.08,0.46725169986238524,0.042621941723971074,0.30895596559085975
40.1,0.4825310139949735,0.04184322653038408,0.47890523891927933
40.12,0.4845977750374883,0.03802955173938507,0.6396378713295683
40.14,0.4786181352043463,0.03144597137738333,0.7794368610201797
40.160000000000004,0.46671003077000967,0.022622716084149414,0.8882118726128654
40.18,0.44983335349841724,0.012261307308694888,0.9583635613028416
40.2,0.42857282498145727,0.0011573897916688635,0.9853113079122178
40.22,0.4034127527397544,-0.009870048660879488,0.9677265633329092
40.24,0.3748354430442361,-0.020044067995750953,0.9074932853576744
40.26,0.3433677612026353,-0.028687010778795742,0.8094219724208146
40.28,0.3096200613962112,-0.03526611418617131,0.6807568929943048
40.300000000000004,0.27433707918133726,-0.03942455800913245,0.5305291629872939
40.32,0.23847455943913803,-0.04099598876909498,0.368818210179649
40.34,0.20331375861605072,-0.04000169462794805,0.20598976097146363
40.36,0.17062047117418289,-0.03663079880932942,0.05197941934871991
40.38,0.14283930733918268,-0.031205136816003884,-0.0843131034520729
40.4,0.12328586016899427,-0.024132010490193954,-0.19546367158777503
40.42,0.1162645646925142,-0.015849822796642443,-0.2757581885821492
40.44,0.12696969372921674,-0.006773808844061571,-0.32120690450162626
40.46,0.16071558428741886,0.002746243060261813,-0.3293601542553725
40.480000000000004,0.2201242293440915,0.01242927070566676,-0.2990194890500139
40.5,0.29874648719849045,0.02197165801731999,-0.23010305748558124
40.52,0.377074377693642,0.030841667009013356,-0.12412527793280845
40.54,0.43522225596024766,0.03817477647314302,0.01458491152128187
40.56,0.4691610389894243,0.0430334633560576,0.17795898487967265
40.58,0.4855301594972261,0.044770549900073967,0.35467124061482214
40.6,0.4907101073391456,0.04315240043171461,0.5316334181150436
40.62,0.48813083357784076,0.03831135315027303,0.6955805097518416
40.64,0.47938069294088276,0.03066747524808447,0.8343775817662096
40.660000000000004,0.46526865505130083,0.02085595283215723,0.9380236799195163
40.68,0.44632300737680064,0.00965663000104754,0.999371554497396
40.7,0.42298269581909664,-0.0020774996251361373,1.014563567189727
40.72,0.3956686688174367,-0.013491159142688782,0.9831817405585771
40.74,0.36481459385834986,-0.02379299633116369,0.9081221737368569
40.76,0.3308867156922485,-0.032312726465402966,0.7952213437579732
40.78,0.2944057346943838,-0.03854536925849602,0.6526785183225274
40.800000000000004,0.25597956524550886,-0.04217975117237205,0.49033194112053674
40.82,0.2163563783476851,-0.04310964375551394,0.3188553998726875
40.84,0.1765083504662724,-0.041427146376430676,0.14894582530407832
40.86,0.137753461967731,-0.03739913234984675,-0.009428294459353004
40.88,0.1019091871109166,-0.03142880860294008,-0.147653609704044
40.9,0.07144568740394745,-0.024005835070489322,-0.25892055596398766
40.92,0.0495851625132972,-0.015650012125885807,-0.3384576988503007
40.94,0.04032374498232048,-0.006854622620150294,-0.38353808047531684
40.96,0.04844051108094416,0.001965175899535257,-0.3932675898193551
40.980000000000004,0.07949331370704045,0.010515430953799514,-0.368182842768979
41.0,0.13892906220132956,0.01864889151984459,-0.30970565255673527
41.02,0.2270837581404133,0.026327776871691553,-0.2195948324205313
41.04,0.32810776238716743,0.033418149334530294,-0.09984685092807594
41.06,0.4111849527848426,0.03935776595453627,0.046236984806212966
41.08,0.46001826761008224,0.04320117976681508,0.21221140954508683
41.1,0.48195476737574006,0.04415501306817847,0.38797023502333294
41.12,0.4883388989861357,0.04190284887654252,0.5611572423123299
41.14,0.48549254627254135,0.036565546043044704,0.7190657496942314
41.160000000000004,0.4760956691449641,0.02857797523331151,0.8501384498938556
41.18,0.46130643978278796,0.018590135977675927,0.9450165577587403
41.2,0.44176110453403583,0.007386875710213396,0.9972362889524057
41.22,0.4179373474359516,-0.004186133696395818,1.0036190190803498
41.24,0.3902790371755149,-0.015292731717847523,0.9643724295369791
41.26,0.35924456262680116,-0.025170453611604776,0.8829214250115819
41.28,0.325335373628233,-0.03318477620476689,0.7655009188342188
41.300000000000004,0.28912631013040024,-0.03886992988490717,0.6205574698503163
41.32,0.2513101505268286,-0.04195370766332094,0.4580190064720349
41.34,0.21276782129895314,-0.042364856054502166,0.288499879619137
41.36,0.17467529039644966,-0.04022283567351919,0.12251174192624721
41.38,0.13865209699235614,-0.03581094493994287,-0.030250805516484833
41.4,0.10693890718593253,-0.029535085145380575,-0.16148735129603164
41.42,0.08256545185432883,-0.021871924387463715,-0.2646811522515611
41.44,0.06946052204476774,-0.013311725318807345,-0.33526863419332686
41.46,0.07248452213446235,-0.004301914902196962,-0.3705796548093815
41.480000000000004,0.09730965268083819,0.00480240429916334,-0.36956367467113993
41.5,0.1494112167119715,0.01376942954497976,-0.3323485204358426
41.52,0.2295762006501357,0.02246278687478592,-0.25977071969185284
41.54,0.3242957170321221,0.030666521372758482,-0.15328077921852917
41.56,0.4057058539301009,0.037791476051682996,-0.015857077100822615
41.58,0.4564991136370318,0.04288348716137273,0.14633445872796572
41.6,0.481212444799633,0.0450904393815623,0.3233423188489867
41.62,0.49006035995227676,0.044000848964282836,0.5026426918812792
41.64,0.48928854154726287,0.03964329024428843,0.6709771127652201
41.660000000000004,0.4816689543533906,0.03238047547457604,0.8159047365169079
41.68,0.4684142565602913,0.022815413947790308,0.9269440941927197
41.7,0.45017785860289566,0.011712550140474638,0.9963737863044113
41.72,0.4274335682708821,-7.670609223276391e-05,1.0197286876659755
41.74,0.4006071003301769,-0.011686533009624658,0.996001807012894
41.76,0.3701241025014769,-0.02230476797458345,0.9275636429669277
41.78,0.33643336722933953,-0.031232428247829996,0.8198249684074659
41.800000000000004,0.30002649198806247,-0.03793079900614204,0.6806852255887899
41.82,0.26146462905648943,-0.042053098104661145,0.5198226052333443
41.84,0.22142148124568004,-0.043458900852460174,0.3478915486385231
41.86,0.18075258144645612,-0.04221075521051847,0.1756981862217521
41.88,0.14059938433182478,-0.03855363761753551,0.01342404966462767
41.9,0.10252642663247635,-0.032879104697050424,-0.13003660453531707
41.92,0.06866550300304666,-0.025677323931679485,-0.24757052790140102
41.94,0.041812305584894884,-0.017481724020755585,-0.33413072460374105
41.96,0.025430393997508134,-0.008812383513715827,-0.38679561124431405
41.980000000000004,0.02361039315227436,-0.00012413386259209238,-0.40460947654437257
42.0,0.04113190820560832,0.008237416374663409,-0.38823077029039577
42.02,0.0835093221459669,0.016070864756080237,-0.3394216207186005
42.04,0.1554717186489939,0.023331124125755914,-0.2604328076245533
42.06,0.2536682359673908,0.03005091508452551,-0.15348505678485183
42.08,0.3552602992709438,0.03605924243105926,-0.020947664416774564
42.1,0.4292502146010745,0.04067914974678832,0.13315143157226023
42.12,0.4680923857211181,0.04297637747399955,0.3013716539081403
42.14,0.48335430643856997,0.04232558955271438,0.4730083167655195
42.160000000000004,0.4855199473253244,0.03859653342765777,0.6358546891786614
42.18,0.4796529016778878,0.03205122787822847,0.7780138838331052
42.2,0.4678319414168523,0.023219335105325114,0.8892080473311198
42.22,0.45100220374518685,0.012804987188387816,0.9616543283955971
42.24,0.4297407548270543,0.0016095174056622967,0.9906053237501604
42.26,0.404524733125459,-0.00953986703459898,0.9745937486400933
42.28,0.37582674358898616,-0.019856273640068665,0.9154014634536064
42.300000000000004,0.3441590860794366,-0.028651295794385398,0.8177785986125132
42.32,0.3101098133817718,-0.03538161965491952,0.6889519893247906
42.34,0.2743895377667972,-0.03968106306782324,0.5379754682814916
42.36,0.23790236449419472,-0.04137603807144184,0.3749846727313509
42.38,0.20185320289324435,-0.04048357326848465,0.21042479008721002
42.4,0.16789930210071966,-0.03719222289058744,0.054320753255888816
42.42,0.13833964803051768,-0.03182746039674587,-0.08434440744887692
42.44,0.11631005987904149,-0.024804624434525337,-0.19808659654916183
42.46,0.10592375342812291,-0.01657417775584654,-0.2811722157067345
42.480000000000004,0.11225948491369384,-0.007565833647164776,-0.3296459800983886
42.5,0.1408938715195498,0.0018588312470071559,-0.34114800889879854
42.52,0.19585379210462986,0.01142435265898988,-0.31458942536719736
42.54,0.2738497084978452,0.02087881577576732,-0.24989388412947017
42.56,0.3575633752768853,0.029797075536191167,-0.1482554488204293
42.58,0.4237987262727491,0.037395804598933866,-0.01326675512229368
42.6,0.4638668515827448,0.042707142814055,0.14784935702083613
42.62,0.48367667059516756,0.044987801185328066,0.3243294789348342
42.64,0.49075857131652223,0.043915907585374496,0.5032641525728796
42.660000000000004,0.48941359070283974,0.03956116073220068,0.6712660064551145
42.68,0.4816120536432584,0.032300797096534196,0.81586908201504
42.7,0.46829917258640935,0.022742118615825428,0.9266009414097552
42.72,0.4500465883006556,0.011650297255090656,0.9957580333814565
42.74,0.4273040328362557,-0.00012383863669345515,1.0188929713366575
42.76,0.40049062693516363,-0.01171559387751973,0.9950129384682747
42.78,0.3700310996831898,-0.022314160792902136,0.9264975697996015
42.800000000000004,0.33637577170171995,-0.031221951515210688,0.8187612210429093
42.82,0.30001965422908633,-0.03790153662062148,0.6797015102514178
42.84,0.2615296728591381,-0.042007176815337,0.5189901050141479
42.86,0.22158879857783437,-0.04339912495767198,0.34727144315335234
42.88,0.18106708445342068,-0.042140125527058425,0.1753398657110917
42.9,0.14112806669054326,-0.03847475871177245,0.01336547771218425
42.92,0.10336848171763083,-0.03279348464383957,-0.1297659400656504
42.94,0.06996482818401534,-0.025584578498419754,-0.24694366588345154
42.96,0.04377263459205546,-0.01737870576163187,-0.33311394174631576
42.980000000000004,0.02833594856627861,-0.008692234420334798,-0.38533550742617556
43.0,0.027857699159103518,2.482293719991281e-05,-0.40261599413957727
43.02,0.04726492606215446,0.008433043829171098,-0.38555525417226816
43.04,0.09216677097883194,0.016338133827456757,-0.3358297148498489
43.06,0.16690476803568197,0.023698064013597402,-0.25558089153122193
43.08,0.2664133386707742,0.030526988301217074,-0.14694280303713922
43.1,0.3657609613179709,0.03659373936599488,-0.012354256947999997
43.12,0.43545116638886666,0.041158492925202635,0.14381440573842763
43.14,0.4710491749387114,0.04329079303091795,0.31365145480964646
43.160000000000004,0.4845994800311302,0.04241314817056116,0.4861045162171083
43.18,0.4858623121408374,0.03843897439639828,0.6488112559504642
43.2,0.4794053344633366,0.031660423798727175,0.7898658239536027
43.22,0.4671050672650785,0.02262826329007936,0.8990824121599248
43.24,0.44983717453057426,0.012061605741732033,0.9688418725396046
43.26,0.4281558443326576,0.0007714249021820957,0.9946096691545012
43.28,0.40252997804005775,-0.010410686281321645,0.9751594286037542
43.300000000000004,0.37342788232799495,-0.020698591999080595,0.912521105145762
43.32,0.3413577767031402,-0.02940940729992191,0.8116801893651399
43.34,0.3069022358357388,-0.03600942763097314,0.6800683424222244
43.36,0.270763944464828,-0.04014523660807893,0.5268991280569302
43.38,0.23383566830070945,-0.041658064192292295,0.36241236002446914
43.4,0.19730652919785233,-0.04058062651505101,0.1970959945408863
43.42,0.1628122686958553,-0.03711687267380166,0.04095519477380901
43.44,0.13262281187995828,-0.03160633249708843,-0.09710600065072048
43.46,0.10983500003192176,-0.02447621988720077,-0.2097345910194061
43.480000000000004,0.09851401719707314,-0.016186091422631145,-0.2913701766088969
43.5,0.1037041294060915,-0.007171443708233095,-0.3382606452934728
43.52,0.13106126650377772,0.002204979107359348,-0.3482639411625832
43.54,0.18507116580965138,0.011675485055911223,-0.3204980828622135
43.56,0.2635268144122787,0.021014117856922636,-0.2550296786246087
43.58,0.34989696727003694,0.029842947325302578,-0.1530462145221841
43.6,0.419658464626528,0.03741712495281589,-0.017946653658093448
43.62,0.4621964385868104,0.042763245045001064,0.14330942156761195
43.64,0.4832018009090189,0.04510692652110738,0.32013561200964513
43.660000000000004,0.49079385146980387,0.04410086367233936,0.49968041765169174
43.68,0.48968624476826217,0.03980077858959883,0.6685365972773777
43.7,0.48202050778166355,0.03257698045208372,0.8141780024276546
43.72,0.4687997401690427,0.02303365631777657,0.9260526115308012
43.74,0.450613166120169,0.01193532943704038,0.9963700246460676
43.76,0.42791491176466495,0.00013409199298531184,1.020597368345621
43.78,0.40112380422861155,-0.011502543550219757,0.9976646167283406
43.800000000000004,0.370661845038877,-0.022159765718903986,0.9298879684601878
43.82,0.3369743201504678,-0.031135215061376224,0.822636041733456
43.84,0.3005480211610906,-0.03788638566969364,0.683780572741625
43.86,0.261936719982338,-0.04206264294568011,0.5229874543911684
43.88,0.2218024846563435,-0.0435200145322915,0.35091375254112944
43.9,0.18098261797015286,-0.0423181665047813,0.17838119918273906
43.92,0.14059078697425276,-0.03870020041845033,0.015596549958752582
43.94,0.102151118981723,-0.03305710901325457,-0.1285157445709807
43.96,0.06774008076428314,-0.02588004571504608,-0.24681302099876398
43.980000000000004,0.04008148252416651,-0.0177051165582569,-0.33422616580161085
44.0,0.022545986661790113,-0.009056822017967781,-0.3878256650671665
44.02,0.0190975050519541,-0.0003962375735374788,-0.4066691603854533
44.04,0.034344173463694685,0.007922750963069927,-0.3914574230716993
44.06,0.07366002342549088,0.015688770449060915,-0.34403184877456494
44.08,0.1421100401442329,0.02284992768680762,-0.26675931685096266
44.1,0.23819760489760827,0.029454520398749028,-0.16196888681683289
44.12,0.3418803594913638,0.035397410917358735,-0.03198032856749239
44.14,0.4210341766832998,0.040083284633638395,0.11955246802346045
44.160000000000004,0.46411542989058296,0.042584230055643095,0.2857587492100939
44.18,0.48168245500936985,0.04221835824032472,0.45638004433569374
44.2,0.48505603732227026,0.03879910875891851,0.6194162875530403
44.22,0.4799597893944612,0.03254916920697007,0.7629864453448045
44.24,0.4687523934327032,0.023970913792264452,0.8766971937925713
44.26,0.4524764142215911,0.013749276622182602,0.9525579816225385
44.28,0.43174080652478297,0.0026732924017627544,0.9855508534734333
44.300000000000004,0.40703357478124397,-0.008435420449251,0.9739022241806355
44.32,0.37883210305425474,-0.018789022816024785,0.9190784722144377
44.34,0.3476523880660006,-0.027692121750476195,0.8255303413884343
44.36,0.314086983189504,-0.03458925160676998,0.7002239073488286
44.38,0.27885269826076303,-0.039098112720898665,0.5520092264020076
44.4,0.24286204351831267,-0.0410264604723754,0.39088820895481685
44.42,0.2073308458937823,-0.04037166366286741,0.22724946582421854
44.44,0.17393009513934368,-0.037303136557904695,0.07113944543978204
44.46,0.14497612421793074,-0.032129121199390195,-0.06836413550772574
44.480000000000004,0.12362699002661268,-0.025250776161655372,-0.18361934166698507
44.5,0.11402041448571364,-0.01710827758741009,-0.26868556474500294
44.52,0.1212354300647865,-0.008125670262528766,-0.31936831881653704
44.54,0.1507221709574849,0.0013350517662789273,-0.33305722999832327
44.56,0.20602368510037114,0.010987771275022581,-0.308433008459016
44.58,0.28292249891812904,0.02055246107892403,-0.24526416132158194
44.6,0.36375078695700147,0.029560549632800113,-0.1447377328063922
44.62,0.42678735989389077,0.03720031228483584,-0.010596411177342013
44.64,0.46484302397387817,0.04251422905420072,0.14975120528497252
44.660000000000004,0.4837751061822802,0.044785312639955194,0.3254408461698566
44.68,0.4905440259217119,0.04370936154802829,0.5035539388331897
44.7,0.4891023673190265,0.039363148027963056,0.6707420367170439
44.72,0.48128381993744185,0.03212516849916801,0.8145933468506212
44.74,0.46798922784977126,0.022601251744288762,0.924688503938339
44.76,0.4497775015158228,0.011553729679657444,0.993368110515941
44.78,0.4270959201830865,-0.00017011686943872923,1.0162159917253324
44.800000000000004,0.40036509581188634,-0.011709410681854935,0.9922556813405154
44.82,0.37001380090426345,-0.022257064221308676,0.9238679723542538
44.84,0.3364993187507108,-0.031118778963074807,0.8164542540189448
44.86,0.30032789977632207,-0.03775968569046771,0.6778873855534802
44.88,0.26208436174559074,-0.041835614901352555,0.517805934621631
44.9,0.22247991899194342,-0.04320717031947869,0.346817325964931
44.92,0.18242853608007709,-0.04193601978519391,0.17568027107654308
44.94,0.1431602046895031,-0.03826403412007209,0.014536748192810249
44.96,0.10636834828151577,-0.0325771212012367,-0.12774113575940108
44.980000000000004,0.07436396698095468,-0.0253569568403703,-0.24403409459840536
45.0,0.05018395442491954,-0.017125371147642666,-0.3292490001511879
45.02,0.03761806873141462,-0.008387412407987209,-0.38036502415198276
45.04,0.041207053738173974,0.0004212108297612408,-0.39625920317675034
45.06,0.06628228810379153,0.008978843770156257,-0.37733663410069557
45.08,0.11853353133419164,0.017109413337129255,-0.32500446608550165
45.1,0.20054228948427344,0.02476954912566488,-0.24108910645998788
45.12,0.3016365598537317,0.031895731180421716,-0.1275433578885175
45.14,0.3925789597091971,0.03806973393589424,0.012832432083460903
45.160000000000004,0.4503711462350048,0.042408904716864114,0.17456710488054397
45.18,0.4779497554990342,0.0440344585574807,0.3484631443408647
45.2,0.48738143431016795,0.04250713519238044,0.5226177166238242
45.22,0.4864028042354042,0.03785348458891087,0.6843367446512926
45.24,0.4784092596884715,0.03044306468282675,0.8217595441224267
45.26,0.4648233536450987,0.020881251201103557,0.9250060144328776
45.28,0.44636770525374836,0.009925492649733383,0.9869475490798622
45.300000000000004,0.42354596144623824,-0.001589656085073935,1.0036638617882712
45.32,0.39680796510784144,-0.012823613984378538,0.9746079185041953
45.34,0.36661076702188317,-0.022995399250700807,0.9024964103867869
45.36,0.3334505897898798,-0.03144018613471192,0.7929545844414836
45.38,0.29789309342705916,-0.03765318262550386,0.6539591084619373
45.4,0.26061587176489787,-0.04131803044885907,0.4951356235800048
45.42,0.22247490685041035,-0.0423180406011268,0.3269766611919761
45.44,0.18460649117958144,-0.040729770733109794,0.1600499691640615
45.46,0.14857153961149971,-0.036799652199312666,0.004266868152389719
45.480000000000004,0.11653406185451487,-0.030905638291559845,-0.1317250583056581
45.5,0.09144016170550144,-0.02350729167475856,-0.2409713425817324
45.52,0.07714756392029704,-0.015089282116898708,-0.31842529036694694
45.54,0.07847055093803439,-0.006104358024808493,-0.36093347268336645
45.56,0.10105228726749674,0.0030775848626471763,-0.3670028572888876
45.58,0.150388139535918,0.012202597378949725,-0.33639359681314723
45.6,0.22762157588263957,0.021110057143237486,-0.269670216734988
45.62,0.3204013825965296,0.029571168368988657,-0.16809123040494015
45.64,0.40190680809116397,0.03700588588805478,-0.034449526998594174
45.660000000000004,0.45403915230901065,0.04246754778611908,0.125320732349761
45.68,0.4800997976840034,0.045082977025131386,0.30147485480669045
45.7,0.48997800076630765,0.04440272036821871,0.48157029002783786
45.72,0.4900122015600014,0.04041828350288808,0.6522760088133469
45.74,0.48307264544878,0.03346227897416063,0.8009435012064942
45.76,0.4704183229807261,0.02411577603658018,0.9167793657306004
45.78,0.4527195917192864,0.013129882814658662,0.9916796044417128
45.800000000000004,0.430454767710949,0.0013514474660203898,1.0207607077073164
45.82,0.4040486523820637,-0.010349789580686379,1.0025962036982168
45.84,0.37392274994284697,-0.02115011771118727,0.9391684194736724
45.86,0.3405185463549834,-0.03033275099593402,0.8355591942525693
45.88,0.30431593084962155,-0.037336709196572046,0.6994198273883352
45.9,0.26585736828509693,-0.04179055739928424,0.5402749261713571
45.92,0.2257866020063536,-0.04352904091169264,0.3687250580087512
45.94,0.18491161130236544,-0.042591904341287574,0.195618465551655
45.96,0.14430080841942133,-0.03920541193376412,0.0312624747087394
45.980000000000004,0.10541298165536056,-0.033748284693261715,-0.11525923648883993
46.0,0.07023907494223915,-0.026705063052216545,-0.23660672599943153
46.02,0.0414033632442913,-0.01861143479192376,-0.32749946909849015
46.04,0.02217006396745775,-0.009997558434801644,-0.38480716247397806
46.06,0.016382463604153883,-0.0013356385587481642,-0.40742047055600167
46.08,0.028489209561996548,0.007004491173280175,-0.39592753192717733
46.1,0.06370571023475265,0.014791566315456924,-0.3521293139637839
46.12,0.12736055217515527,0.021954694509840406,-0.2784332862648722
46.14,0.2198794503568832,0.028544515614754906,-0.17725341746119055
46.160000000000004,0.32488286839468217,0.03451740811602662,-0.050877253309227696
46.18,0.41003887299208913,0.0393770680977961,0.09742404428513281
46.2,0.4587830904639367,0.04221653208998034,0.26143632181983506
46.22,0.4796392907139061,0.04228481218712752,0.43143745017769414
46.24,0.4847785260859009,0.03931738974598112,0.5956479277256813
46.26,0.4808016725024196,0.0334810391420525,0.7421383300671028
46.28,0.47046309632376554,0.02524028678457532,0.8602817982420452
46.300000000000004,0.454945297721315,0.015254980248574974,0.9417294788220436
46.32,0.4349017276509713,0.004299884509997621,0.9810267100047486
46.34,0.4108328741682337,-0.006807452015773365,0.9759266804210611
46.36,0.3832176785594925,-0.0172736857335484,0.9274256860856543
46.38,0.35256907085158834,-0.026389437183619545,0.8395438255225324
46.4,0.319473122758646,-0.0335783952434529,0.7188868154759899
46.42,0.28463575228054905,-0.03843261903744727,0.5740380729700257
46.44,0.2489516680820158,-0.040731780683798395,0.41484113328017697
46.46,0.21360823833336678,-0.040445196603663434,0.2516393288302129
46.480000000000004,0.18023312839460467,-0.03771667206932598,0.09454192684344176
46.5,0.15108181926363573,-0.032833444089709306,-0.04721665263784335
46.52,0.12923566455035215,-0.026181968553677767,-0.16576588927928862
46.54,0.11874675626759071,-0.018195053428609692,-0.2548922318951792
46.56,0.12460997972186343,-0.009296949943243722,-0.310113986097408
46.58,0.15222126897058996,0.00014324139818341864,-0.3285486173625381
46.6,0.20523006358461668,0.009827900256579265,-0.3086432812146371
46.62,0.2800076972057309,0.01946826693079664,-0.2499768873547131
46.64,0.359924081355071,0.028600908374152568,-0.1535570557368976
46.660000000000004,0.4235111535691282,0.03642992695466431,-0.02289924367700847
46.68,0.4626770361173207,0.04199984680694005,0.1348589406900066
46.7,0.48259532186166737,0.0445732278183562,0.3090850511268926
46.72,0.49013030200022517,0.043816014314719945,0.4869868396206158
46.74,0.48931666111090566,0.0397759529017038,0.6552224931439666
46.76,0.48205239246863846,0.03280661351099785,0.8012784405305587
46.78,0.46926839885870897,0.023494062823672147,0.9145438917282805
46.800000000000004,0.45153546378909865,0.01258676941361141,0.9871005560211147
46.82,0.4293052794885316,0.0009245591879644402,1.0142306145680686
46.84,0.40300015721042814,-0.010632607442235233,0.9946392444996629
46.86,0.3730497996771482,-0.021272343842791055,0.9303978298982647
46.88,0.3399125171711545,-0.030289595633840163,0.8266307807465353
46.9,0.30409614525119566,-0.03713440741107484,0.6909860876751031
46.92,0.26618793372288807,-0.041444584636298014,0.5329441678840959
46.94,0.22690257958525278,-0.0430613039209785,0.3630297231392065
46.96,0.18715883240640804,-0.04202695980892482,0.19199665125703802
46.980000000000004,0.14819352162136873,-0.03856575290393687,0.030056455981397064
47.0,0.11171140840977506,-0.03304874079637635,-0.11378383607623054
47.02,0.08004569113013728,-0.02594641933304,-0.2322177513983014
47.04,0.05627884691379207,-0.01777344805864728,-0.3199282602697189
47.06,0.04428689357901127,-0.009031428121528863,-0.3736496002063466
47.08,0.048747270119992865,-0.0001554919002025915,-0.3920061713777185
47.1,0.07514028678436757,0.008531264982623273,-0.37515231230605095
47.12,0.1291119485189783,0.016848202379408796,-0.32425531816243186
47.14,0.21244743946251476,0.024736199237480723,-0.24093781261172928
47.160000000000004,0.3126519622095482,0.03208723455084309,-0.1270634158682723
47.18,0.4000548864432396,0.038413486259368856,0.014417176574474659
47.2,0.4542765574085426,0.042796578365816094,0.17764953732862235
47.22,0.47983964267487694,0.044379561788767695,0.3530336178252752
47.24,0.4883636708145173,0.04275849061455459,0.5283933457268853
47.26,0.48694157126944865,0.03798461755117057,0.6908831316406621
47.28,0.478656499750933,0.030443715336671055,0.8285707144930907
47.300000000000004,0.4648173707767227,0.020753440693615753,0.9315603903153188
47.32,0.4461086817605784,0.009681356577959845,0.9927525010311264
47.34,0.4230199751977384,-0.0019298215265785767,1.008292309287064
47.36,0.3959931290386082,-0.013233568845432482,0.9777266456423221
47.38,0.36547699821234686,-0.02344546580485079,0.9038849088452041
47.4,0.33195623038165767,-0.03189991875086288,0.7925134929223241
47.42,0.2959787354616907,-0.03809404093523735,0.6517079128426269
47.44,0.25819458023932473,-0.04171590970274263,0.4911999069653167
47.46,0.21941740227282952,-0.042655554471869896,0.3215657015507707
47.480000000000004,0.18071954234575696,-0.040998238163259086,0.1534257916125412
47.5,0.14356799317452287,-0.03700079843529253,-0.003294066315528768
47.52,0.10999360934366745,-0.03105306604364897,-0.1399764843917585
47.54,0.08276037060601663,-0.023627804899917212,-0.24974738151377152
47.56,0.06548498011342885,-0.01522416111059264,-0.3276958049175592
47.58,0.0626847031907563,-0.006310607093314054,-0.37086451297112355
47.6,0.07975285761164404,0.002726879865276673,-0.37802098274244794
47.62,0.12250481899434626,0.01162406652032917,-0.34924256820241834
47.64,0.1944217824768088,0.02023988087413163,-0.2854053113136738
47.660000000000004,0.2882885104327477,0.028443718008047437,-0.18786037975581488
47.68,0.37912239018250615,0.03582879782193631,-0.0589233869780891
47.7,0.44196117805490465,0.04154176499617129,0.09654512105929293
47.72,0.4747761279185506,0.044636892152191625,0.2699010629225806
47.74,0.48807791861323674,0.044539041995469944,0.44936120089354603
47.76,0.48998406721756477,0.0411429562507024,0.6217992914948309
47.78,0.4843251688882604,0.03471618621291423,0.774452118358872
47.800000000000004,0.4727246156314729,0.025794938410188293,0.8961946297769231
47.82,0.4559738565859299,0.01510024746198061,0.978442191099613
47.84,0.43458978012459076,0.003462296892704709,1.0157373516821921
47.86,0.4090097169677692,-0.008252828882149923,1.0060392047834992
47.88,0.37965996018097997,-0.01921279700847464,0.9507259279877637
47.9,0.34698511210437694,-0.028681347680008705,0.8543319998537773
47.92,0.31146882365886885,-0.03606928731192855,0.7240575375909051
47.94,0.27365914025211585,-0.04097086691796102,0.5691019662971603
47.96,0.23420804893567668,-0.0431833620859647,0.3998852461766458
47.980000000000004,0.19393534900031428,-0.04270890142081092,0.22722617212276036
48.0,0.15392652955777197,-0.03973881743673746,0.06154860625033294
48.02,0.11566698613174209,-0.03462199665801037,-0.08781699546199337
48.04,0.08119448296644906,-0.027819990710290895,-0.21317782237808125
48.06,0.05322275080704702,-0.019853154587352595,-0.30882375473048385
48.08,0.03518486915785595,-0.011243569284513536,-0.3711484310429551
48.1,0.031214380549033943,-0.0024608866758383443,-0.3985459791102667
48.120000000000005,0.046179507526242954,0.006124735052319311,-0.39110445455781156
48.14,0.08567845858454276,0.01428039770733945,-0.35012852314003456
48.160000000000004,0.15460728710158728,0.021925714462553838,-0.2775465742577029
48.18,0.2503271415595817,0.02906275138557779,-0.17539331867507196
48.2,0.3513552574195216,0.03551044056782002,-0.04593829783408353
48.22,0.4267375056069146,0.04059787955301693,0.10689156025225098
48.24,0.46733407105418395,0.04337581897309159,0.27574975187179784
48.26,0.4839113960153621,0.043178140288726616,0.449907096533892
48.28,0.48701554660207197,0.03983265941916676,0.6169599644915442
48.300000000000004,0.48187005630048246,0.03357001130890826,0.7646665853839753
48.32,0.47063179879674105,0.024900305237959663,0.882302459018739
48.34,0.45427175615592613,0.014519443471548335,0.9615827146811374
48.36,0.4333705237158869,0.0032311779228194446,0.9972465810957934
48.38,0.4083981582617346,-0.008125289249291453,0.9873426803737895
48.4,0.37981211133295545,-0.018743122442297845,0.9332332913929164
48.42,0.34809986323819736,-0.02790817121881444,0.8393411268892571
48.44,0.3138105833526698,-0.035048112309999914,0.7126760036102351
48.46,0.27759450879176845,-0.039767248935936146,0.5621927242170583
48.480000000000004,0.24026276642117797,-0.04186479819723404,0.39804225148453815
48.5,0.202879760080655,-0.041335655208968036,0.23078464033330173
48.52,0.16689770859814265,-0.03835381453927435,0.07063385939077652
48.54,0.13433190674136528,-0.033239863012474634,-0.07319852698935803
48.56,0.10795249364844905,-0.026415343403338554,-0.19300220142805255
48.58,0.09144416850432184,-0.01834836788642943,-0.2828651630871766
48.6,0.08947847522096616,-0.009496325657957662,-0.3387452965430474
48.620000000000005,0.10759214892873846,-0.00025276128056445253,-0.35831844551294245
48.64,0.15130573743273704,0.009089851785045204,-0.3406399370286335
48.660000000000004,0.22250443916135038,0.018328362593348184,-0.2857374772463126
48.68,0.31122760560210055,0.027214776790450798,-0.19446799196441691
48.7,0.39293649708495,0.03519538490408882,-0.06920723002054888
48.72,0.4480160198237883,0.04134825878386409,0.0846571683281923
48.74,0.47705773239702093,0.044763170528261016,0.2579089988398865
48.76,0.4891764277065394,0.044913144063643315,0.43838913554850023
48.78,0.4909269586232767,0.04171118130692267,0.6127292366243368
48.800000000000004,0.4854223306947723,0.035424549876579885,0.767954024208861
48.82,0.47403895557833137,0.02658475514137098,0.8927131273881622
48.84,0.4574917544805349,0.01591011834120925,0.9781805784469998
48.86,0.4362731366492725,0.004232133945546507,1.0186545059348135
48.88,0.41080978515845096,-0.007577540394674394,1.0118634346619184
48.9,0.3815192599068644,-0.01867727294515535,0.9589849771999135
48.92,0.3488348030169071,-0.028318716484646154,0.8643961783868818
48.94,0.3132228857294812,-0.03589897144455717,0.7351917252445549
48.96,0.2752045437021229,-0.04099826179576628,0.5805215234928344
48.980000000000004,0.23538892219854513,-0.04340086071898619,0.4108105226032312
49.0,0.19452832446372656,-0.0430982534412049,0.23693023626083504
49.02,0.15360429896061453,-0.040274766401396475,0.0693929565266402
49.04,0.11394852322207609,-0.035277090532673985,-0.08236366113636003
49.06,0.0773836168592954,-0.028570375714104243,-0.21054212855826787
49.08,0.04633824052674032,-0.020685041408862653,-0.3093548120307799
49.1,0.02387575011816788,-0.012160031384164714,-0.37517161725492987
49.120000000000005,0.01363227408744351,-0.0034889735088693627,-0.40644444732138
49.14,0.019793571870609327,0.004926051047525521,-0.40343057369285
49.160000000000004,0.04725687842445235,0.012812425244674696,-0.36774803985272997
49.18,0.10150817159948583,0.020055040684301695,-0.30179675534341543
49.2,0.1856382478005382,0.026687090110690297,-0.20812351243165095
49.22,0.2901390855015611,0.03274593258646328,-0.08904846563095592
49.24,0.3854347881437068,0.03792409319690178,0.05269721779194232
49.26,0.44615833611253475,0.04140737006463816,0.21208596827970005
49.28,0.4745960648247522,0.042337212318257246,0.3805292054059807
49.300000000000004,0.4837974979551529,0.0402881253572622,0.5467902618304007
49.32,0.48227821061086,0.03530473616274204,0.6989070379204566
49.34,0.47376519483297486,0.027769192042327816,0.8258155048924244
49.36,0.4597997332375864,0.018286956377922735,0.9184589157471509
49.38,0.4411511690076813,0.007601202137298084,0.970503649562629
49.4,0.41835260789453477,-0.00348102588447679,0.9787401313797351
49.42,0.39188687050155685,-0.014157135289985946,0.9431999350934988
49.44,0.36225844978807814,-0.023690915882836755,0.8670114997047725
49.46,0.33003590394017457,-0.03146488457098058,0.7560261372789151
49.480000000000004,0.2958962669229815,-0.037019753337570196,0.6182594130335644
49.5,0.2606880669719826,-0.04007847408307155,0.4632048165639522
49.52,0.22552618680360684,-0.040553366543731484,0.3010847787146802
49.54,0.19192888885308837,-0.0385359921314815,0.14210777167853242
49.56,0.1619972655002923,-0.03427066975640839,-0.004200852072846142
49.58,0.13861465463574218,-0.028113938045174976,-0.12953294452117867
49.6,0.12560873210710247,-0.02048398309532483,-0.22714776365884995
49.620000000000005,0.1277652902963366,-0.011806171734840271,-0.2920096283435895
49.64,0.15040873517578696,-0.0024642486413912726,-0.32071490377992784
49.660000000000004,0.19766098070210356,0.0072237958012256985,-0.3112638517666984
49.68,0.2676972913689839,0.016963016434525795,-0.262850734049618
49.7,0.3466163648885246,0.026323923058765557,-0.17604855914461656
49.72,0.4131450695980027,0.03456678953149852,-0.053738890949749915
49.74,0.456269639275455,0.040743158511227374,0.09772252974462929
49.76,0.479270005343532,0.04405549218334589,0.26836942845991096
49.78,0.4889711827595638,0.04408625098194998,0.4457735022305069
49.800000000000004,0.4898118335458128,0.040805900316996935,0.6166304817348647
49.82,0.4839499365818984,0.03450383761654474,0.7681808113770661
49.84,0.4724295562340065,0.025716111966419337,0.8893390630089977
49.86,0.4558637438429273,0.015156345510596195,0.9715422014943546
49.88,0.4347184671159954,0.0036456443193036534,1.0093203055154731
49.9,0.4094197924073474,-0.007958415283484564,1.0005843410168005
49.92,0.38039703993376767,-0.01883034644585773,0.946633381491652
49.94,0.34810612735287955,-0.028238435207882495,0.851899853660775
49.96,0.313050788422144,-0.03559535160160365,0.7234689106597465
49.980000000000004,0.2758115841005018,-0.040494332017290864,0.5704232760379062
50.0,0.23709190736130056,-0.04272869870529439,0.4030761408635172
50.02,0.19779147959263732,-0.04229370317072303,0.23216120208182112
50.04,0.15911715219902195,-0.03937089857724448,0.06805053799899657
50.06,0.12273250634242622,-0.03429645855628943,-0.0799322180389
50.08,0.09092677261204367,-0.027516176355992253,-0.20404418679900732
50.1,0.06675749976373443,-0.019531397044475055,-0.2984557331803198
50.120000000000005,0.05412398000698172,-0.01084153811931829,-0.3593578241981694
50.14,0.05778591383279961,-0.001889135782849175,-0.3848426867031599
50.160000000000004,0.08331869815346092,0.006987636986195807,-0.3745779934207134
50.18,0.13634421087847595,0.015586080992829167,-0.3293184845146544
50.2,0.2183498821498326,0.023816160479649018,-0.2503791767924484
50.22,0.3165470927990855,0.031529076961808365,-0.13946052859630947
50.24,0.4019079412743654,0.03819926154464013,0.00048537456257050863
50.26,0.4550565444504336,0.04289294225209541,0.1634935649709841
50.28,0.48044553076484364,0.04475071859714998,0.33982534133293957
50.300000000000004,0.48918108412324823,0.043361632101582386,0.5171497557638697
50.32,0.48806337244102727,0.0387655648198105,0.6824276755726603
50.34,0.4800710933412782,0.03133814319697963,0.8234887318265447
50.36,0.46648104837219495,0.021691225718341783,0.9301666154980341
50.38,0.447966740970617,0.010591945252702155,0.9950784878642368
50.4,0.42501108846691577,-0.0011120948669886745,1.0140954801338133
50.42,0.39804822998548517,-0.012564814001779952,0.9865194702694279
50.44,0.36751552473533494,-0.02296861424827105,0.9149807730824715
50.46,0.3338797545295638,-0.03164241673228159,0.8050844979356987
50.480000000000004,0.2976607804545416,-0.038067024080801794,0.6648489782169479
50.5,0.25946450221463585,-0.04191493364455711,0.5039930745686422
50.52,0.2200353575899614,-0.043062881296437046,0.3331383947200592
50.54,0.1803391215876075,-0.04158662134944222,0.16299690421240642
50.56,0.14168394338223467,-0.03773865708579598,0.00361395431795037
50.58,0.10587487185396373,-0.03191086331706382,-0.13626853277553663
50.6,0.07537168403621183,-0.024585325562181532,-0.24967443816553686
50.620000000000005,0.0533978580011107,-0.01627827825222491,-0.33164349765839296
50.64,0.04397340641599376,-0.007483163653033987,-0.3792532891292858
50.660000000000004,0.05192515212953293,0.0013816710113159756,-0.3914212018522541
50.68,0.08285745919777569,0.010016742026264097,-0.36851295276648394
50.7,0.14218931313746658,0.018266839772979267,-0.31180616969471237
50.72,0.2300452743279571,0.026082011927943457,-0.22295483784877088
50.74,0.33030690066077545,0.03330999748232072,-0.1039116501571739
50.76,0.4124168255774745,0.03937026791414815,0.04198849211420422
50.78,0.4606375956028937,0.04331089551811279,0.20821497056223778
50.800000000000004,0.4823669826193491,0.04434049732417914,0.38457097910093185
50.82,0.4887393360936944,0.04214378857419765,0.5586176927045032
50.84,0.48594009464682,0.036840739525830064,0.717565738152382
50.86,0.47659565681019506,0.028865275563119793,0.8497708640478963
50.88,0.46184621917329366,0.018867584609474103,0.9457856032740871
50.9,0.4423215784344668,0.007634175749846708,0.9990611670143988
50.92,0.4184958305400595,-0.003986230835491749,1.0063434175666701
50.94,0.3908090951635623,-0.015153330772555455,0.9677790262500098
50.96,0.3597144229375366,-0.02509981874051771,0.8867500013437664
50.980000000000004,0.32570505556013446,-0.03318608958235056,0.7694683621240266
51.0,0.2893430062157157,-0.0389415276012044,0.6243777893825143
51.02,0.2513009875453551,-0.04208978994493705,0.4614214530028675
51.04,0.2124288172612817,-0.04255665242357108,0.2912433057717248
51.06,0.1738552554530408,-0.04046019574109259,0.12439343951384181
51.08,0.1371307144501908,-0.0360843148228451,-0.02939341867765471
51.1,0.10439935310168003,-0.02983780640382839,-0.1617836221169486
51.120000000000005,0.07856274748991864,-0.022202754089630565,-0.2662437615478047
51.14,0.06338637935699301,-0.013677444815439761,-0.33822047031163865
51.160000000000004,0.06353627741288947,-0.004719845655326312,-0.3750910258670351
51.18,0.08453124606388758,0.00430271923016334,-0.37589841674715285
51.2,0.13210426435683517,0.013149186237502714,-0.3409098776443842
51.22,0.20871903037553605,0.021694193445222297,-0.27110697392912747
51.24,0.3043204294253522,0.029786267029814864,-0.16794483003053884
51.26,0.39183296278242974,0.03694585219050263,-0.034037122531122004
51.28,0.4492531869772737,0.04226737409307958,0.12517082533039264
51.300000000000004,0.4780571539156767,0.044843029163686335,0.3004197453574819
51.32,0.4890204673050329,0.04417857324220383,0.47957388404783746
51.34,0.48946646941713284,0.040239657860523456,0.6494667990131424
51.36,0.48272077994091434,0.03334586229082427,0.7975401480669672
51.38,0.4702026581133579,0.02407016057222756,0.913050218216324
51.4,0.4526338330730752,0.013157194971238783,0.9879141315702444
51.42,0.4305098082287413,0.001448135399396206,1.0172452865865007
51.44,0.4042632202796962,-0.010192147092491237,0.9995929591605481
51.46,0.3743221806472223,-0.020943759009193992,0.9368977622842384
51.480000000000004,0.3411368981783844,-0.030092430522683573,0.8341870801921862
51.5,0.3052005769698422,-0.0370782093207062,0.699050619303354
51.52,0.2670766562326999,-0.041529086387434105,0.5409504596115733
51.54,0.22744197289741203,-0.04327757537091304,0.3704302409955387
51.56,0.18715612581565608,-0.042359502803421,0.19829356874170778
51.58,0.1473661580881445,-0.03899548712567947,0.0348222394195114
51.6,0.10964640670512137,-0.0335567907858457,-0.1108994268061123
51.620000000000005,0.07615056678077207,-0.026518546630020044,-0.23149716657377392
51.64,0.049725014463343715,-0.018404897928017774,-0.321614304895808
51.660000000000004,0.03393815293911506,-0.009731992114180863,-0.37799343530749846
51.68,0.033063021462383706,-0.00095479662841933,-0.3993359848718653
51.7,0.05212729799342788,0.007578600474944779,-0.3859633070102333
51.72,0.09680733035097272,0.015662468703785213,-0.3393136404318224
51.74,0.17133861404005346,0.023239733085931503,-0.26134254148347286
51.76,0.2702564990168869,0.03030240568904971,-0.1540710437582056
51.78,0.36840627329159853,0.03658964760130355,-0.019930546437031738
51.800000000000004,0.43693867876989334,0.041338817990709785,0.1366043349229091
51.82,0.4719691381713522,0.04361459479622585,0.3074629462494655
51.84,0.4853877248828807,0.0428412492363453,0.48143277096589293
51.86,0.4866882678171696,0.03893195546591112,0.6459950307034066
51.88,0.480303949327818,0.03217780524878951,0.7890838778559962
51.9,0.4680614197535797,0.02313002941921658,0.9003517696593281
51.92,0.4508186430068748,0.012510676474405296,0.9720245031861119
51.94,0.42912166446619465,0.0011361293637564855,0.9994292741924451
51.96,0.40343259012534843,-0.01015459952337076,0.98122730067655
51.980000000000004,0.3742108805931441,-0.02056663993702292,0.9193686922809648
52.0,0.34195151387961464,-0.029407867662815466,0.8187953231304126
52.02,0.30721665948047555,-0.03613568619512282,0.6869317854075697
52.04,0.27067746946738563,-0.04038897671391207,0.5330180374831146
52.06,0.2331783795204109,-0.04200325249053914,0.3673473809735964
52.08,0.19583588868154053,-0.04100822506142904,0.20047893089406688
52.1,0.16018025871197003,-0.03760818500761241,0.04249452801150487
52.120000000000005,0.12833552766346484,-0.0321468500211987,-0.0976340327399127
52.14,0.1032089147275588,-0.0250597541974987,-0.21251096295635724
52.160000000000004,0.08863872315524585,-0.01681884102045416,-0.29657459240094236
52.18,0.08944682414618624,-0.00787529688250278,-0.3461281489707621
52.2,0.11126528651650956,0.001392080811790957,-0.35915012114524253
52.22,0.15942493233079705,0.010709702706886004,-0.3349288255825806
52.24,0.23465749406378184,0.019884415475878853,-0.27366051156408383
52.26,0.32448603405332055,0.028644072803358095,-0.1763902252651818
52.28,0.40322698357395814,0.03637456822159221,-0.045861884871764104
52.300000000000004,0.45399991297597253,0.04212393338242952,0.11195999982356557
52.32,0.47986499468631383,0.045023934304290254,0.2873100781862476
52.34,0.49002672273695685,0.04461880523947345,0.467725040586121
52.36,0.49046640003205366,0.040884542712274825,0.6398066799424252
52.38,0.4839381857220031,0.03413681001443375,0.7907723125074427
52.4,0.47167078690063974,0.024942661366873727,0.9096315102274304
52.42,0.45432734074524594,0.014043976679002184,0.9880363912492304
52.44,0.43238390492601336,0.0022838415483757203,1.0208334786871638
52.46,0.4062634219702969,-0.00946627130267904,1.0063223486513724
52.480000000000004,0.37638473990148,-0.020375868475769054,0.9462286230062078
52.5,0.343185275984837,-0.029717155976294252,0.8454133470845133
52.52,0.3071385989800981,-0.03691503941109297,0.7113576830789267
52.54,0.2687771616612482,-0.041582182271702454,0.5534765950286131
52.56,0.22872864170872462,-0.04353706078830632,0.3823258284243
52.58,0.1877753807071097,-0.042804209383404776,0.20877222953461896
52.6,0.14694610330023206,-0.039597084818911894,0.043198188165431674
52.620000000000005,0.10764167158181999,-0.03428517387919646,-0.1051931197271047
52.64,0.07177552501406757,-0.027348243551879876,-0.2289140039600366
52.660000000000004,0.04187831640718463,-0.019322142068650506,-0.32252688979430555
52.68,0.021108783800861886,-0.01074209921385316,-0.3827549735241356
52.7,0.013185027831883644,-0.0020899120846604047,-0.40837190061458356
52.72,0.022385597045732654,0.0062508489720823224,-0.39989553736025546
52.74,0.05373075346252624,0.014031457143317761,-0.3591192697917051
52.76,0.1126633069484785,0.021163267580494003,-0.2885158771138079
52.78,0.2011761729996241,0.02769591717885138,-0.19061181243864733
52.800000000000004,0.3065879254613091,0.033639851889710894,-0.06771430504104345
52.82,0.3974873465426508,0.038604370014524145,0.07722697592410166
52.84,0.45240198924897684,0.04172618163906447,0.23865983189087495
52.86,0.47699094605590414,0.042195088554909096,0.4074757538173389
52.88,0.4840913131307756,0.039665911265955346,0.5722026546004012
52.9,0.48129937708651926,0.034245751140471875,0.7209345578708283
52.92,0.47185098294064903,0.026358618758066762,0.8428702404497721
52.94,0.45710373745700245,0.016636827282026985,0.9293517633271071
52.96,0.4377680763442044,0.005838127431418693,0.9745266649397301
52.980000000000004,0.41436174332080716,-0.005227086045981655,0.975702123968881
53.0,0.38736793064891517,-0.01576321575643577,0.9334188267894775
53.02,0.3572991852858782,-0.02505007004828766,0.8512677645183423
53.04,0.3247387757763336,-0.032493338989460815,0.7354837095637594
53.06,0.29038723936937694,-0.03766173046289575,0.5943625102945755
53.08,0.25512979523123486,-0.04030837601545844,0.43756067617138034
53.1,0.22013757599060724,-0.04037519252284655,0.2753431807468995
53.120000000000005,0.1870120264072629,-0.03798005250395663,0.11784835282989065
53.14,0.1579699439869916,-0.03338786870357048,-0.025563148461551784
53.160000000000004,0.13604167450292287,-0.02696815024274195,-0.14681551384043762
53.18,0.12521818288059505,-0.019143363278982795,-0.23943501843393278
53.2,0.130420282794783,-0.010334661267747824,-0.2986527879479539
53.22,0.1569433622919154,-0.000915502675478097,-0.3213016080997047
53.24,0.20833238744119761,0.00880497988805437,-0.305575996871177
53.26,0.281072617758158,0.01852227249107099,-0.25085864605898717
53.28,0.35920955533893384,0.02776233360976816,-0.15801782274024528
53.300000000000004,0.4220172577019165,0.03573238643893783,-0.03044497731441992
53.32,0.4612743045707483,0.04148368732014541,0.12487228738217693
53.34,0.48161488096438165,0.04427398392006977,0.29745792320539
53.36,0.4896162741393494,0.04375359373141221,0.47463292386087264
53.38,0.4892458129921281,0.0399508617551532,0.6430966396497672
53.4,0.4824004197625433,0.03320050145178818,0.7902992109920423
53.42,0.47001810923178033,0.024072282519541563,0.9055227790715014
53.44,0.45267445650088445,0.013302073329764807,0.980683889058846
53.46,0.43082400120193914,0.0017215185941460791,1.0108578137422193
53.480000000000004,0.40489137885512827,-0.009812819697774918,0.9945196021997122
53.5,0.3753091958205463,-0.02048717192338576,0.9335065402880405
53.52,0.34254019738094943,-0.029590670575514618,0.8327235033898787
53.54,0.30709925892370776,-0.0365637718305694,0.6996300125569533
53.56,0.2695847015231678,-0.04103180381036865,0.5435624718610255
53.58,0.23072832738064997,-0.04282160448432798,0.374955557536817
53.6,0.19147484218214986,-0.04196043670783741,0.20453243444716962
53.620000000000005,0.1530998074705399,-0.03865758204162941,0.04253428894227915
53.64,0.11736503842410062,-0.03327023479641769,-0.10194436139414677
53.660000000000004,0.08668742159840344,-0.02625666669895629,-0.2214572365985636
53.68,0.06427285451015818,-0.018121173100980013,-0.3105023223676959
53.7,0.05417855312545756,-0.009356608926465525,-0.36559081401403165
53.72,0.061326955317125724,-0.0003903344055448736,-0.3850912670102836
53.74,0.09141244388043138,0.008461426065460529,-0.3688725394791824
53.76,0.14977890432514396,0.017019200131643795,-0.3177969970354826
53.78,0.23616366762003288,0.025198610154401082,-0.23321956044778863
53.800000000000004,0.3342026159307536,0.03280280743859059,-0.11695397606582983
53.82,0.41421551791327066,0.03921374344662745,0.0276307610094952
53.84,0.46143642732882884,0.043467351712591314,0.19386977142955517
53.86,0.48304438107511977,0.04477069466029182,0.37141296933251966
53.88,0.48964517179873007,0.04280105222830728,0.547652010512379
53.9,0.4871515138972182,0.03766713083111149,0.7095884870499823
53.92,0.4780952433328989,0.02979339781216238,0.8453262328743202
53.94,0.463587348245542,0.019825242967982815,0.9451368210258815
53.96,0.44424709564149045,0.008549877941907189,1.0021822400131588
53.980000000000004,0.4205415875889809,-0.0031779471920489583,1.0129327642708723
54.0,0.39290237720326715,-0.014507320866188434,0.9772930736260319
54.02,0.3617696794303528,-0.02465688396596848,0.898452933057542
54.04,0.32761675333636936,-0.03297091657185668,0.7824929485395055
54.06,0.290974210185162,-0.03896216288734095,0.6377914240984908
54.08,0.2524653147453857,-0.04233870969931636,0.4742911071280419
54.1,0.21286254745041247,-0.04301341442900648,0.302693024537362
54.120000000000005,0.17317607189181358,-0.041095605935708594,0.1336481711564446
54.14,0.13478073753380584,-0.0368659872288735,-0.02298349848648553
54.160000000000004,0.09957330248679212,-0.03073691103788767,-0.1587434894148321
54.18,0.07012466072858199,-0.023201620121905412,-0.2670027582203064
54.2,0.04977417673486519,-0.014777598506219642,-0.3431729384046462
54.22,0.04265030322970356,-0.005950128818786971,-0.3846893597132258
54.24,0.05368420906086046,0.0028787282223760218,-0.39077776059370395
54.26,0.08854951695794218,0.011431985796890335,-0.36203379142384834
54.28,0.15238446780339507,0.019578114296645674,-0.29986974623742735
54.300000000000004,0.24373916058592177,0.027275073364448146,-0.20600224169034606
54.32,0.3435647359078292,0.03433257956836697,-0.08249833215023596
54.34,0.421287935252431,0.04010130971819651,0.06695708090309108
54.36,0.4650125089534046,0.043618495847663405,0.23529706822839208
54.38,0.4839322927844753,0.04415377996643328,0.4119057705666009
54.4,0.4886739375099189,0.041463078795071946,0.5842073768195744
54.42,0.48477720495458493,0.03572043355460776,0.7395280957616366
54.44,0.4745627053730197,0.027397575657131367,0.8665215994483702
54.46,0.4590603156552817,0.017169545344634492,0.9561629508789106
54.480000000000004,0.4388649689608101,0.005836013744086635,1.0024017084308847
54.5,0.41444210382993435,-0.005752299210258782,1.0025122223422758
54.52,0.38623296433175386,-0.01676347185269419,0.957156536550823
54.54,0.35469689222487505,-0.02644760781024036,0.8701798946142062
54.56,0.3203382897780105,-0.03418959974258964,0.7481730058767745
54.58,0.28373711886047576,-0.039548023843223104,0.5998500047433657
54.6,0.24559468785789243,-0.042277742739273184,0.43530279826786394
54.620000000000005,0.2068060258082221,-0.04233496888569711,0.26519986694245823
54.64,0.16856948612223907,-0.03986474771979755,0.10000015876277783
54.660000000000004,0.13253714867956323,-0.03517202783827781,-0.050749527860085984
54.68,0.1009905507701414,-0.02867878460764483,-0.1789724895243067
54.7,0.07700019690007436,-0.02087116126380618,-0.27842700626083333
54.72,0.06452251195628181,-0.01224205839949662,-0.3448486958144846
54.74,0.06842622928803598,-0.0032352165538471842,-0.375864243256082
54.76,0.09438524581632055,0.005803358594951492,-0.3706940493541677
54.78,0.14787653950310684,0.01465537664173856,-0.3296912865280537
54.800000000000004,0.22957338581797143,0.023200306718723404,-0.2538579303421833
54.82,0.3254679083678593,0.031234111628291664,-0.1447514623611295
54.84,0.407120816402547,0.03816871858862449,-0.005430633309188554
54.86,0.45746306143916393,0.04304871492649114,0.1578521748695435
54.88,0.48160202549482134,0.04503206715239243,0.3350747728568921
54.9,0.4899623879749123,0.043725446865306584,0.5137022224876642
54.92,0.488787787385928,0.03917561746073727,0.680539522126594
54.94,0.48082190221654314,0.03176011874245205,0.8232758606503028
54.96,0.46726197406841424,0.022092480554226225,0.9316106672371088
54.980000000000004,0.44875573016399345,0.010943021727387765,0.9980362963380617
55.0,0.4257760183734742,-0.000835681467150586,1.0183154312123115
55.02,0.39875007861467543,-0.01238111235412116,0.9916644807304817
55.04,0.3681070115084242,-0.022888341096723004,0.9206560381032598
55.06,0.3343013486738287,-0.03166872965020796,0.8108675045978296
55.08,0.2978338209522384,-0.03819599459301571,0.6703190298130658
55.1,0.2592801269055842,-0.042136712464049396,0.5087575309849164
55.120000000000005,0.21933716395873415,-0.043363527391248026,0.33685291331321426
55.14,0.1788969758356424,-0.04195056260688017,0.16537709097776535
55.160000000000004,0.13915660896062262,-0.038151752508833424,0.004435958896090435
55.18,0.10176065223674223,-0.032364024017561985,-0.13718080821388282
55.2,0.0689480197356845,-0.025078607362985086,-0.25247759593207686
55.22,0.04364817031725274,-0.016825322518146366,-0.3365200054248975
55.24,0.029488835093178855,-0.00811597117342991,-0.3864752322401048
55.26,0.030774095742978156,0.0006074077455361243,-0.4014341663844923
55.28,0.05255480616571061,0.009016399682185454,-0.3820418037410488
55.300000000000004,0.10048719236109253,0.016929541679760934,-0.3299712072120326
55.32,0.1783869964145501,0.024312989612543707,-0.24731452369014614
55.34,0.2792215534386264,0.031164140864374572,-0.13616422433877243
55.36,0.3760466943208778,0.03719151216569804,0.0009272687226503061
55.38,0.44132973876456566,0.041599681183325056,0.15921483438733242
55.4,0.47370166238054806,0.04347374663711868,0.33032526468557705
55.42,0.48551116248084025,0.042291249909043406,0.5029070085641477
55.44,0.48579673947568336,0.03801339776784634,0.6645121309633442
55.46,0.47866513926430154,0.030965408160689618,0.8033098001060829
55.480000000000004,0.4658091806677923,0.02172071777093704,0.9092993792157056
55.5,0.448042510682247,0.01101328527043604,0.975121470420302
55.52,0.4258999334579511,-0.00033814327090312454,0.9965464117169338
55.54,0.3998449152154803,-0.011500990179041907,0.9726701135663741
55.56,0.37034500426864125,-0.021694460436655145,0.9058358913404355
55.58,0.33790957155806123,-0.030246514630234415,0.801309888356895
55.6,0.303123732161501,-0.03663862608278609,0.6667519296101839
55.620000000000005,0.2666946037557148,-0.040535445719830136,0.511536737427999
55.64,0.2295225148448557,-0.04179755700352246,0.34598989394894386
55.660000000000004,0.19280906630230246,-0.040476672248605926,0.18060788278355971
55.68,0.15820910163025875,-0.03679381922573254,0.025331752024220156
55.7,0.12801843920362654,-0.031102342360638857,-0.11106075995219043
55.72,0.10536352946724196,-0.02383901274308499,-0.22138995401546008
55.74,0.09433742271990814,-0.015468165585856808,-0.3002974924933131
55.76,0.10000978075540153,-0.006425250417888252,-0.344242741114497
55.78,0.12807236688167228,0.002931646250879449,-0.3512856305743215
55.800000000000004,0.18306351024719347,0.012343812944420647,-0.3207187479172496
55.82,0.26274005110469384,0.021597260462383968,-0.2527404644544191
55.84,0.35020108166004404,0.030323782014603055,-0.14862410349149519
55.86,0.4204386983455404,0.03777970009042053,-0.011831837347225567
55.88,0.4628966008861043,0.042989338095010744,0.1506074552606401
55.9,0.4836192199939373,0.04518263584059005,0.3280403424025296
55.92,0.49091132773438073,0.044022905479191556,0.5075796917528483
55.94,0.48952671742153836,0.03957810776880216,0.6758296585113732
55.96,0.48160634553397075,0.03222969195117738,0.8203228052924996
55.980000000000004,0.468148791517341,0.022590743695409303,0.9306061487168835
56.0,0.4497406750681755,0.011431882538232754,0.999018451250119
56.02,0.42683502061063683,-0.000391785551334802,1.0211742752504962
56.04,0.3998502735023968,-0.012012857918526982,0.9961568128891691
56.06,0.3692083151395026,-0.022619565980659364,0.9264290751489523
56.08,0.3353543379674284,-0.031515126194481366,0.8174890903601035
56.1,0.29877495768206336,-0.038164571227624254,0.677311562550024
56.120000000000005,0.2600236712707507,-0.042226078554444095,0.5156324076604699
56.14,0.21976224457314025,-0.04356501148225136,0.34314216535319625
56.160000000000004,0.17882777681345144,-0.04225014449857475,0.17065890906128084
56.18,0.13833381878361758,-0.03853276700153094,0.008350927892974348
56.2,0.09980375059580116,-0.032810560979187345,-0.13492571547035626
56.22,0.06531012175962905,-0.02557946972673704,-0.2521198006209817
56.24,0.03756403556827312,-0.017378335431163378,-0.33826871210960513
56.26,0.01990602237986927,-0.008732493982151843,-0.3905564716479993
56.28,0.016244030990539764,-0.00010241980200252632,-0.4081545263240666
56.300000000000004,0.031104377549808836,0.008159389472149052,-0.39187325600240003
56.32,0.06978486396033927,0.01584330507950463,-0.3436573781598686
56.34,0.13741560705475903,0.02290054799345547,-0.26596821075231375
56.36,0.23301859645610495,0.02938917723062291,-0.16120627557695816
56.38,0.33741272142720136,0.03522887488587577,-0.03169541461901486
56.4,0.41821439826216306,0.039855008958057776,0.11902602675322273
56.42,0.4626333092821874,0.04234749785527753,0.28428686981191836
56.44,0.48088502553634355,0.042011126972141224,0.4540102793832018
56.46,0.48457486542896655,0.03864488804291147,0.6163176790419498
56.480000000000004,0.4796569547091745,0.03246145352959126,0.7594007999577761
56.5,0.4685891252425794,0.023955769783836945,0.8729049040447515
56.52,0.4524492549972931,0.013806483606746495,0.9488508572417013
56.54,0.43185886859850453,0.0027971278227174514,0.9822085495410205
56.56,0.4073117818966788,-0.008255271556158116,0.9711719786445866
56.58,0.3792901072743626,-0.018566320184724178,0.9171589524552294
56.6,0.34831582487210816,-0.02744271529739266,0.8245605173831698
56.620000000000005,0.3149902555607531,-0.03432960096621083,0.7002776252714795
56.64,0.28004337006966706,-0.03884377274194608,0.5530958022814024
56.660000000000004,0.24440724010451623,-0.04079061684177883,0.3929590056779728
56.68,0.20932606316943778,-0.04016378606459151,0.23021011187727855
56.7,0.17651044155010182,-0.0371277991498622,0.07486712067183349
56.72,0.14832907184441171,-0.031985032156589044,-0.06399909960783107
56.74,0.12800370021415858,-0.025130074371460098,-0.17872848772363298
56.76,0.11973692471748183,-0.01699623256900551,-0.2633352564931328
56.78,0.12863407387026135,-0.008001213336487798,-0.3135529084589936
56.800000000000004,0.16000144475666458,0.0014965348191331809,-0.32667808909969276
56.82,0.21676349192881045,0.011205542996982109,-0.30129914480896675
56.84,0.2934394848233051,0.02082061471912505,-0.23714955105705227
56.86,0.3716582798392433,0.029827467487871313,-0.13552805806937257
56.88,0.43121443359426875,0.037382809826764396,-0.00045986028543166385
56.9,0.4667630212912176,0.042543533692643146,0.1603281080109615
56.92,0.4843501386068695,0.044631246830201164,0.3357719976583744
56.94,0.49041721887746353,0.04337508151422558,0.5129030522572657
56.96,0.4885482389959857,0.03887397150589549,0.6784330534559699
56.980000000000004,0.48041889043855884,0.031520491846750306,0.8200818232850752
57.0,0.46687457491698303,0.021928823202680317,0.9276059823613306
57.02,0.4484569818963485,0.010864863332086059,0.993545770761075
57.04,0.42560955129276395,-0.0008248830758351448,1.0136900966777314
57.06,0.3987544252555387,-0.012284191300378396,0.9872565368942875
57.08,0.3683252436035624,-0.02271384998750633,0.9167946176407289
57.1,0.3347877314254974,-0.03142980913655215,0.8078378990094903
57.120000000000005,0.2986617038525745,-0.03790881513145733,0.6683473284402663
57.14,0.2605535374390478,-0.041818583583005185,0.5080021858121313
57.160000000000004,0.22120853180696184,-0.04303074423570013,0.3374044103691013
57.18,0.18159371042736608,-0.041616026036212256,0.16726669419687656
57.2,0.1430190569324665,-0.03782236245444191,0.007654421807604762
57.22,0.10729275960414245,-0.032037824722011256,-0.1326536153942354
57.24,0.07688086791006689,-0.02474167165800574,-0.24663111923096853
57.26,0.0550196879748741,-0.01644836078743103,-0.32925844123213793
57.28,0.04575285829191319,-0.007650517774942727,-0.3775486444270099
57.300000000000004,0.053942370740826334,0.001233584675504688,-0.3903529024412655
57.32,0.08522300028286671,0.00990394199531813,-0.36797160003286455
57.34,0.14496988212155126,0.018203661188582618,-0.3116210056183498
57.36,0.2330377418319683,0.0260773018625237,-0.22290672493632294
57.38,0.33286485179357667,0.033359207239440074,-0.10376997082723545
57.4,0.41401183184418977,0.03945211089743372,0.04240123480380394
57.42,0.4614317272106376,0.04339930289763302,0.20897602723705327
57.44,0.48274992680758705,0.04441672674450184,0.3856660264074129
57.46,0.48894134109740456,0.04219722708786898,0.55997458076916
57.480000000000004,0.4860505440993808,0.036866050685839966,0.7190812532059934
57.5,0.47664241248104966,0.02886062186691661,0.8513278228262683
57.52,0.46183559358442366,0.01883383576907694,0.9472650677559359
57.54,0.4422526803483732,0.007574440420175579,1.0003522996841636
57.56,0.41836496028176035,-0.004067056779334617,1.0073515503531785
57.58,0.39061075147424196,-0.015249082877981473,0.9684317966998497
57.6,0.35944106048856594,-0.025203646285726293,0.8870012791071156
57.620000000000005,0.3253461474116641,-0.03329107038158495,0.7692997691157094
57.64,0.28888341020730657,-0.03904127891715875,0.6237977567620251
57.660000000000004,0.25071837223731813,-0.042179044069573284,0.46046189620447786
57.68,0.21168975579927118,-0.04263177621730863,0.289954104596455
57.7,0.17290952438035315,-0.0405196473114357,0.12283496594258758
57.72,0.13590338902406307,-0.036129044401331065,-0.03115948340668391
57.74,0.10278044791822015,-0.029871618782215108,-0.16370499007914951
57.76,0.07639412156393251,-0.022232656462415994,-0.2682896522042786
57.78,0.06044525793527042,-0.013714012809512096,-0.34039513941271043
57.800000000000004,0.05951720628683419,-0.004777637087049346,-0.37744885295591396
57.82,0.07904974856900404,0.0042048667763039315,-0.37856056015675194
57.84,0.12483026213256872,0.012989245006509977,-0.3440801594994709
57.86,0.19990469590825255,0.021454153159542473,-0.2750736088667451
57.88,0.2956281075488741,0.02947303052817907,-0.17302757897386575
57.9,0.3855726135517422,0.036613657696577526,-0.04043639004392367
57.92,0.4459022924266178,0.041998395364506204,0.11754261119836117
57.94,0.4765588859922962,0.04470122473416766,0.2919544808695517
57.96,0.48846049263864216,0.044193861572472806,0.4708506576430665
57.980000000000004,0.489418748923344,0.04041550098010877,0.6411280707370626
58.0,0.4830245320983919,0.03366785043355056,0.7902042247192885
58.02,0.4707977678046534,0.024511437994386678,0.9072514176688615
58.04,0.45349369518350807,0.013682404496609873,0.9840611262877675
58.06,0.4316186417823637,0.0020170061131132956,1.0155943110458308
58.08,0.40560902498261775,-0.009621289808832588,1.0002352036087143
58.1,0.37589481568429656,-0.02041064665446954,0.9397605355745274
58.120000000000005,0.34292794554229933,-0.02963185720269059,0.8390477215268761
58.14,0.30720401962007327,-0.036717578751408325,0.7055613619490958
58.160000000000004,0.2692901572938592,-0.04128664667095392,0.5486717705478806
58.18,0.2298688144053715,-0.04316142790144985,0.3788696909816461
58.2,0.18980802495401491,-0.04236740436622683,0.20694707526593423
58.22,0.15026739892595706,-0.03911539580103553,0.043214585906624754
58.24,0.11284019963037437,-0.033768039074210825,-0.10317755984934411
58.26,0.07970952214828689,-0.026793457073984443,-0.22475782136230674
58.28,0.05376909610332531,-0.01871058214318652,-0.3160477950390548
58.300000000000004,0.03866433870281214,-0.010031997930990539,-0.3736509092412354
58.32,0.03878690977597255,-0.0012102413241744437,-0.396117659893922
58.34,0.05931386134150763,0.007408546479177271,-0.38360988184776584
58.36,0.10597944463256367,0.015619692063262676,-0.33739968487826927
58.38,0.18253328578952338,0.023360809147627837,-0.259281578086364
58.4,0.28183623537691627,0.030595535056122405,-0.15117560342489939
58.42,0.3772858343362506,0.03700003557895376,-0.01559793083657273
58.44,0.4419472981629865,0.04175947100205964,0.1426367246399884
58.46,0.47437501957044637,0.04394823765956491,0.31502984698422193
58.480000000000004,0.48651121820659865,0.04303061869483239,0.490058484357906
58.5,0.4871652834178259,0.03895278171066528,0.6550450268975063
58.52,0.48036505217789355,0.032027980102556426,0.7978736480555451
58.54,0.4677791306137876,0.02282339555406457,0.9082217818386439
58.56,0.45021178663043104,0.012073206574035381,0.9783959770945917
58.58,0.4281906375409412,0.0006026185750129037,1.003846072414724
58.6,0.4021696991910089,-0.010743943622477763,0.9833844565925798
58.620000000000005,0.37260215945182307,-0.02116973381791775,0.9191270052740268
58.64,0.3399751113252357,-0.02998423948367898,0.816181834741667
58.660000000000004,0.304839005119803,-0.03664969897433126,0.6821267635412531
58.68,0.2678470641713122,-0.0408125958188166,0.5263299234169989
58.7,0.22981648149816242,-0.04231822126477564,0.3591778158893795
58.72,0.19182309990554192,-0.04120758274715629,0.19128038583521748
58.74,0.15533800220842858,-0.03769713534471025,0.032723175540724236
58.76,0.12240160435296574,-0.03214305637625432,-0.10756773916657841
58.78,0.09580660211341017,-0.024993190378194287,-0.2222919514416243
58.800000000000004,0.07924061906400418,-0.016731353710957866,-0.3060316116983913
58.82,0.07734888668984163,-0.007819927448606797,-0.35528001864512704
58.84,0.0956557950173691,0.001352775168687692,-0.3682478323821831
58.86,0.13984704088204641,0.01051039239266029,-0.34448319340388217
58.88,0.21239138881829933,0.019480811966890287,-0.284414264622387
58.9,0.3040002132255019,0.028065538374398086,-0.18913670563792234
58.92,0.389355610483629,0.03576154422832438,-0.06105328795394796
58.94,0.4469217180191486,0.0416633272914239,0.0945638657684889
58.96,0.47687546938675324,0.044848583695079325,0.26861161739184314
58.980000000000004,0.48906389092184654,0.04478321844117484,0.44899759693361774
59.0,0.4905949206231083,0.04138584690171078,0.6224188096824398
59.02,0.4848017075786103,0.03493466589745851,0.7760009941307392
59.04,0.47312899689626875,0.02597164653087848,0.8985388706568668
59.06,0.4563109302444066,0.015222550192924235,0.9813878795849746
59.08,0.43484558124697825,0.0035223427669474477,1.0190495396724681
59.1,0.4091621403899364,-0.008258003444752086,1.0094613162700428
59.120000000000005,0.379680445951014,-0.0192814423816649,0.9539990761562914
59.14,0.3468368120493229,-0.028807535756491247,0.857212892141721
59.160000000000004,0.31110233761415396,-0.036243798557305154,0.7263335274941904
59.18,0.27300531947372975,-0.04118239187715969,0.5706019135804937
59.2,0.23316652006626068,-0.04341997574311587,0.40048501285415955
59.22,0.1923568131278358,-0.04295978226120173,0.22684772579871476
59.24,0.15158668977496267,-0.03999620622165997,0.06015177009780806
59.26,0.11223060203584569,-0.03488340850831558,-0.09025112881695607
59.28,0.07616945191935988,-0.028090689355396204,-0.21667285059307226
59.300000000000004,0.04590379130697892,-0.020148875355527743,-0.3134443254850213
59.32,0.024579010287234627,-0.011593523909868378,-0.37704801922106795
59.34,0.01592749946940333,-0.0029113408454783324,-0.4060276653927462
59.36,0.024264219940677845,0.005505759358743399,-0.4006981188366201
59.38,0.05464733539238523,0.013398339347376678,-0.3626881730667015
59.4,0.11256002288486283,0.02066558490542602,-0.2943521151514206
59.42,0.20014159156386332,0.027345351350494363,-0.19814681999304853
59.44,0.30512267805354265,0.03344140623678832,-0.07634886168952806
59.46,0.3963735626849001,0.0385643950592551,0.06811297946827184
59.480000000000004,0.4519682117467952,0.04185003628062916,0.22971323819815542
59.5,0.477102234848857,0.0424762829337533,0.3993440590336662
59.52,0.4845710003077429,0.0400827018812053,0.5654764458620849
59.54,0.48204369492370885,0.03476443169961253,0.716092045147888
59.56,0.472799591067356,0.026937958743180352,0.8402383187004263
59.58,0.4582119542156709,0.017232211800515863,0.9290843147348472
59.6,0.4389946518410717,0.006405356528705148,0.9765987339746086
59.620000000000005,0.41566366753847017,-0.004728396398520055,0.9799185355317236
59.64,0.38869719299051025,-0.015366792087276412,0.9394353498814711
59.660000000000004,0.3585993575054573,-0.024780873594266895,0.8586222283823342
59.68,0.3259402863777527,-0.032366328937815506,0.743633845978439
59.7,0.291400334274911,-0.03768158044976691,0.602726854076279
59.72,0.25583406002932213,-0.040470168421650785,0.4455586429261641
59.74,0.22036692789842124,-0.04066606019928951,0.2824304535309562
59.76,0.18653475009148632,-0.038381682130423145,0.12354393991652925
59.78,0.15646522930571388,-0.03387971043337152,-0.021661348264907825
59.800000000000004,0.1330777345781303,-0.027531072152762882,-0.1450289848215975
59.82,0.12024404802629092,-0.019763311987713406,-0.2400177202587522
59.84,0.12280431712692903,-0.011005517381381655,-0.30181765942269156
59.86,0.1461613441564598,-0.001639227680197985,-0.3272540522292123
59.88,0.19454355421535033,0.008025777890722865,-0.314535159272945
59.9,0.2661342143754675,0.017707471574474228,-0.26301997912674036
59.92,0.3466216377475877,0.02698776956629548,-0.17339444819386432
59.94,0.4140542417830494,0.03512785747880185,-0.04862653663805263
59.96,0.4573115410666752,0.04117329047691664,0.10482726071126608
59.980000000000004,0.48006923624572323,0.044326969017137174,0.2768854276750886
60.0,0.48943820807089267,0.04418106874609396,0.4550258666552968
60.02,0.4899471088304145,0.04072005796305796,0.625899683100391
60.04,0.4837671872868389,0.03424770265917128,0.7767603327283056
60.06,0.4719400709249784,0.025312879227784822,0.8965902268379763
60.08,0.45507569166612705,0.014639473310464723,0.9769406158713296
60.1,0.43363785988888226,0.003055650938616751,1.0124906757639955
60.120000000000005,0.40805078329120376,-0.008577510067762213,1.0013216643337317
60.14,0.37874144199008397,-0.01943465510125121,0.944909664292093
60.160000000000004,0.3461621850446603,-0.02878764116398191,0.8478565976929869
60.18,0.3108110779695111,-0.036055713473779644,0.717396640811801
60.2,0.2732597382786403,-0.04084106484478001,0.5627302446677327
60.22,0.23419767242973766,-0.04294760997009548,0.3942489691041889
60.24,0.19450341321748038,-0.04238203713224756,0.22272055812060693
60.26,0.15535205928662746,-0.039337421558434726,0.05850498007526998
60.28,0.11836040884878735,-0.034160894719324965,-0.08913139191513297
60.300000000000004,0.08574952210509226,-0.027308176556050903,-0.2125448254246383
60.32,0.06047766607227517,-0.019289298923084085,-0.30604207693005087
60.34,0.04629966092197439,-0.01061125647531397,-0.3659829263419577
60.36,0.04777650070107001,-0.001723520332985751,-0.3906572504336071
60.38,0.07028485780344912,0.007029221681900842,-0.3799574178760822
60.4,0.11957404071933646,0.01544110603901722,-0.3348844060781685
60.42,0.19853473203234928,0.023436814099569724,-0.25698442237977037
60.44,0.2975981555055808,0.030931500543044957,-0.14804259355189406
60.46,0.3887367413813924,0.0375098721977182,-0.010729168002731788
60.480000000000004,0.44816299365372997,0.04229483493115266,0.14964595577631312
60.5,0.4773261641318462,0.04438289199015081,0.32401206839204555
60.52,0.4879103856308772,0.04329185063579573,0.5004488134819749
60.54,0.4877907429273162,0.039008820269186666,0.6660753691544674
60.56,0.4804899724230965,0.03187407254454862,0.8087062543044363
60.58,0.46748584494893414,0.022474365717324085,0.9180408155821286
60.6,0.449518488406261,0.011558983029732978,0.9864764196784483
60.620000000000005,0.42709321715584386,-3.566767385362966e-05,1.0096063410018818
60.64,0.40065358963751885,-0.011458046266928958,0.986423129900704
60.660000000000004,0.3706438865643124,-0.021908589537159975,0.9192427294595065
60.68,0.3375394645918887,-0.03069826272733782,0.8133759566569443
60.7,0.3018730368613791,-0.03729481031143894,0.6765892321157078
60.72,0.2642703968498388,-0.04135375200487182,0.518410006903443
60.74,0.22550657170016375,-0.04273228542529302,0.34934197909371223
60.76,0.18659364879626997,-0.041485464112365485,0.18006014024403316
60.78,0.1489086355996245,-0.03784522462615901,0.020655803406138713
60.800000000000004,0.11435724739930588,-0.032184069451445044,-0.12000296886883945
60.82,0.08554500880036865,-0.0249666012548068,-0.23474005012562277
60.84,0.06590625527353254,-0.01669365372981903,-0.31832943627281884
60.86,0.059761445429105595,-0.007844924040586525,-0.3675249183329388
60.88,0.07231611522795724,0.0011741176761617782,-0.38086705932118453
60.9,0.10939599106741713,0.010074928453493524,-0.3582958520622113
60.92,0.175486956093654,0.01869963571827872,-0.30063918803265904
60.94,0.2666535682300077,0.02694175031233901,-0.20920022808543803
60.96,0.36122059957100694,0.034488084026531154,-0.08600924504532328
60.980000000000004,0.4313090573480555,0.040572904130493345,0.06476680679830295
61.0,0.4697938040567441,0.04422366794518835,0.23531254008973945
61.02,0.48634076555128286,0.04476713037598334,0.41439056729684887
61.04,0.4901508356716467,0.04200709487432981,0.5890272859690757
61.06,0.4858329375327888,0.036144855157964104,0.746298393822545
61.08,0.4753362421121715,0.027669792663138355,0.8746935024406247
61.1,0.4595650603679295,0.017271751429577663,0.9650872741688764
61.120000000000005,0.439071957220068,0.0057642999988582015,1.0113860901595737
61.14,0.4143039661616146,-0.005988945785508807,1.010874894062816
61.160000000000004,0.38568792216042264,-0.01714487554442778,0.9642747578123725
61.18,0.35366482732787974,-0.02694489003149005,0.8755299824879468
61.2,0.3187114673688954,-0.03476832791738416,0.7513590421652239
61.22,0.28136466063989996,-0.040171851815604204,0.6006189057511725
61.24,0.2422581030747803,-0.04291237887066609,0.43354411898747264
61.26,0.20218187678661295,-0.04295235653716275,0.26092928090940803
61.28,0.16217477936525115,-0.0404474150502186,0.0933258756748331
61.300000000000004,0.12365403162672872,-0.0357176314810547,-0.05967811534337983
61.32,0.08856913398526574,-0.029204900016242114,-0.19003481014416065
61.34,0.059538031092536636,-0.021420366865006136,-0.2916210459430609
61.36,0.0399116585807942,-0.012887428074478877,-0.36040181930182286
61.38,0.033766819229853334,-0.004086476588224669,-0.3943672454314323
61.4,0.045926231418517996,0.004593901789084072,-0.3932603189062452
61.42,0.08196534904842225,0.012896715263363393,-0.35812649435629157
61.44,0.1470532684589682,0.020716360453487945,-0.2907361692419704
61.46,0.23993412527033212,0.028043539729454357,-0.19304696000914018
61.480000000000004,0.34148846851956377,0.034724555425169466,-0.06722550844256212
61.5,0.42041403030421015,0.040136931061334764,0.08307589260636486
61.52,0.46445118517719886,0.04332907893261228,0.2508966045851053
61.54,0.4831712171530501,0.04357997216261232,0.4257631870715316
61.56,0.4875636459631976,0.04065926308494869,0.5952889818544116
61.58,0.4833179839937863,0.03475457760045228,0.7470458143599852
61.6,0.4728017161706828,0.026346949248056743,0.8699796547732428
61.620000000000005,0.45705955352389155,0.01611476422847735,0.9553834261243009
61.64,0.4366937219461893,0.004854819863486503,0.9975254271554551
61.660000000000004,0.41217713356402996,-0.006590748016073636,0.993975567476892
61.68,0.3839618525397374,-0.017403295402707287,0.9456473204881859
61.7,0.35252394123370157,-0.026849522463593064,0.8565771060862765
61.72,0.31839388251729045,-0.034332625990916125,0.7334764440758643
61.74,0.28219241923232696,-0.03942945631890788,0.5851065332183305
61.76,0.2446844700307476,-0.041911352315463384,0.42153625851353926
61.78,0.20686310125595572,-0.04174748353102921,0.2533516525746934
61.800000000000004,0.17007393621422304,-0.03909072236088444,0.09088713564829322
61.82,0.13618135987684346,-0.034247287698711895,-0.05645365013409311
61.84,0.107756956510487,-0.02763274554763053,-0.1807271864120331
61.86,0.08824550510209708,-0.019718495365616484,-0.27578275465657853
61.88,0.0820585243840326,-0.010974339412881456,-0.3373711684445512
61.9,0.09453740347930367,-0.0018136610978687743,-0.3630266878582851
61.92,0.1314470725559595,0.007449845285610154,-0.3517486236479141
61.940000000000005,0.19646556633072149,0.016610060265148226,-0.30356737867470357
61.96,0.2839142874737337,0.02547577399257691,-0.21925043004549472
61.980000000000004,0.37186649819517437,0.03362141275207177,-0.1006996486725071
62.0,0.4359475707926733,0.04021069680884915,0.04765245652131313
62.02,0.47147336752449037,0.044279092550660315,0.21760822561518614
62.04,0.4872421310324595,0.045179355207129165,0.3976397464724929
62.06,0.4911536435278227,0.042719586180180694,0.5745460222705745
62.08,0.4871870281315424,0.03709090695480634,0.7351586039846085
62.1,0.47707389885970364,0.028770663205232756,0.8676754534192201
62.120000000000005,0.4616520734958994,0.018440953108744093,0.9626388406771422
62.14,0.4414529153888832,0.006913957506101458,1.0136041900584227
62.160000000000004,0.41691354328458097,-0.004941502322131113,1.0175132281215038
62.18,0.3884516182139309,-0.016271188077685066,0.974776805178712
62.2,0.35649553583966637,-0.02630066835134497,0.8890833965733498
62.22,0.3215027834542423,-0.03439032646118684,0.7669657979797073
62.24,0.28397979403005147,-0.04007655291438858,0.6171743815673247
62.26,0.24451201698252212,-0.0430965903206408,0.44991763474633867
62.28,0.2038132634595342,-0.043395733782269345,0.2760383865442706
62.300000000000004,0.1628041170118538,-0.04111683982201147,0.10619680313884121
62.32,0.12272537036418454,-0.0365733018465946,-0.04987100113281869
62.34,0.0852771882244307,-0.03020787318529814,-0.18395693792994944
62.36,0.05274553427060974,-0.022541127726353496,-0.2897979589234484
62.38,0.02805439459952623,-0.014114950469258633,-0.3632749222494256
62.4,0.014718313492559122,-0.005437513942650815,-0.40238623735603035
62.42,0.016793381988972223,0.0030648866080314066,-0.4070138550483047
62.440000000000005,0.03899953921727507,0.011087541249327792,-0.37851368061307894
62.46,0.08677975475622171,0.01847840312381923,-0.31916338041383396
62.480000000000004,0.16435014648630397,0.025242682748473168,-0.2315257506590619
62.5,0.2662342591194007,0.0314410414521099,-0.11796544572098203
62.52,0.3665999004116819,0.03687559002559906,0.019011999145854247
62.54,0.4357898028713391,0.04082523232603017,0.1750688600677262
62.56,0.47032718803470547,0.042385539603466,0.3424084610346162
62.58,0.4828816558294299,0.041017223533298626,0.5102255258195272
62.6,0.48332214850786415,0.03666985495153512,0.6665580038883931
62.620000000000005,0.4761993330992515,0.029661122028264996,0.8000251390524008
62.64,0.46337639086516874,0.020554516816537974,0.9010429723023397
62.660000000000004,0.4457286723848766,0.010069018684624145,0.9626192225004548
62.68,0.42381896183890333,-0.0009964594236679814,0.9808213799785166
62.7,0.39813291181681826,-0.01183256125454228,0.9549557920064596
62.72,0.3691659729191572,-0.021683106827096732,0.8874798293654095
62.74,0.33746865012315524,-0.029899901759223937,0.7836760452535788
62.76,0.3036887415454571,-0.03598536200415637,0.6511304084092534
62.78,0.26862892578916103,-0.03962020120857116,0.4990691498742664
62.800000000000004,0.23333334717840853,-0.04067443711566968,0.3376178269724516
62.82,0.19921454954290527,-0.0392011144239942,0.17705092466439598
62.84,0.16822427086186567,-0.03541335252672044,0.027100331437104417
62.86,0.14305197232631836,-0.0296466825582491,-0.10361404747202238
62.88,0.12730260216023195,-0.022310275231188986,-0.20797929658896724
62.9,0.12555890717147755,-0.013832668636539593,-0.2805761519276237
62.92,0.14310669084113242,-0.00461051504613503,-0.3176510321057685
62.940000000000005,0.18462591859711472,0.005023799930059292,-0.3169132084308699
62.96,0.2502443388613459,0.014779782010753535,-0.2772950798891817
62.980000000000004,0.32903621770103775,0.024277658002653302,-0.1990052416923206
63.0,0.3999866905263949,0.032853522979657775,-0.08428900903992713
63.02,0.4485127062798111,0.0395779653124398,0.06135074324389478
63.04,0.47544980203060294,0.043589456959639575,0.2287002622317253
63.06,0.48767086117854463,0.044377809983911,0.4057507215728404
63.08,0.4902672141254909,0.04183086612512983,0.5792607591490092
63.1,0.48580461695578875,0.03617240835458889,0.7362373222513424
63.120000000000005,0.4755005838082556,0.02788881667797607,0.8651312534708964
63.14,0.4600310746163051,0.017659684839427037,0.9567483029606683
63.160000000000004,0.43988217597036317,0.006288109061186813,1.0048831487785639
63.18,0.4154838994033452,-0.0053703459468783035,1.006671457839108
63.2,0.3872623969252049,-0.016477145389318045,0.9626595615099244
63.22,0.3556657084990784,-0.026274417622310253,0.8766063653316364
63.24,0.32118445781258853,-0.03413840470894826,0.7550497456398072
63.26,0.28437829221854666,-0.03961915058159909,0.6066856420934404
63.28,0.24591711616870277,-0.042463925139103735,0.44162029005243203
63.300000000000004,0.20664732993401863,-0.042623093066733266,0.2705636420687776
63.32,0.16769347492018113,-0.04023835960833613,0.10403473868264024
63.34,0.13059967265613004,-0.03561453319915605,-0.04835235341283241
63.36,0.09749721673576872,-0.02917722420439758,-0.1784604871139303
63.38,0.07125776576279436,-0.021420376293841414,-0.28001027659994093
63.4,0.0555836571026516,-0.012849023409367003,-0.3487395210385887
63.42,0.055034399221318836,-0.003923298829152879,-0.3823342262335805
63.440000000000005,0.07501389302778914,0.004991176899006603,-0.38014689541499663
63.46,0.12131203995338549,0.013659803867338274,-0.34273886302800227
63.480000000000004,0.19708158984347926,0.021975042077438035,-0.2713409268032909
63.5,0.2937982608097343,0.029828621664909127,-0.16754003277112448
63.52,0.38477128632059965,0.036806013425864016,-0.033855697100232326
63.54,0.4456665001227968,0.04203756304212565,0.1245827337150317
63.56,0.4764147573641584,0.04459858877668372,0.29886351466371086
63.58,0.4881961333418144,0.043964538355860075,0.47708970761287983
63.6,0.4889817279751047,0.040081241767549694,0.6462315345991705
63.620000000000005,0.48241830989275697,0.03325694443042365,0.7938070115563632
63.64,0.4700417986038814,0.024056782423688586,0.9091116156866761
63.660000000000004,0.452612193839269,0.013218883217585728,0.9840733038299944
63.68,0.43063825629331864,0.001578747185740824,1.0137919572290353
63.7,0.40455913128726123,-0.010003460905064918,0.9967825060434626
63.72,0.3748088713638952,-0.02071134067481153,0.9349347352571822
63.74,0.34184577834859825,-0.029832681740334998,0.8332140343262351
63.76,0.3061754773113366,-0.03680801543140474,0.6991429957301368
63.78,0.26838092880571535,-0.041264181463974696,0.5421179135087042
63.800000000000004,0.22916961723845736,-0.04303091290082582,0.3726245147812865
63.82,0.18944865063061325,-0.0421396636324694,0.2014228120579411
63.84,0.1504369825620452,-0.0388051169263583,0.03877162938296136
63.86,0.11381408221634183,-0.033391026713457395,-0.10624081062965182
63.88,0.0818814349587434,-0.026363378668519274,-0.22620306206727403
63.9,0.057687483285427846,-0.01823539774020104,-0.3156811966567556
63.92,0.04507676465683673,-0.009510260879496801,-0.37129291316233204
63.940000000000005,0.04869829990281184,-0.000627334417182079,-0.3915578425263576
63.96,0.07400863736522463,0.008083920610833562,-0.37654696276511085
63.980000000000004,0.12668855398754258,0.01643542679268824,-0.3273723941265182
64.0,0.208836352784604,0.024363126634725903,-0.2456283075727035
64.02,0.30875196041662845,0.03176485556726941,-0.1331511887689526
64.04,0.3971561856677585,0.038171445504946146,0.007187646355887128
64.06,0.45273234950901275,0.04267384786214884,0.16967865758964368
64.08,0.4792275373776445,0.044401479044945444,0.3448562849481993
64.1,0.4882936488142886,0.04292920414281483,0.5206031002224182
64.12,0.48722257265032537,0.03829104736752649,0.6840538418883401
64.14,0.479206805636734,0.0308605478183981,0.823197982134214
64.16,0.46559693032037913,0.021247134403635657,0.9280208828884349
64.18,0.4470910481293094,0.01021367576729704,0.9912781875295714
64.2,0.42418237827682787,-0.0013984438362586895,1.0089584579907265
64.22,0.39731285967397756,-0.01274087019647678,0.9804529116756314
64.24,0.36692965823044416,-0.02302455776556619,0.9084483969870959
64.26,0.33351425129338913,-0.03157703228117207,0.798571978538807
64.28,0.29760941917875106,-0.03788696046469692,0.6588307453009419
64.3,0.2598570629705381,-0.04163319377213546,0.4989036272751298
64.32000000000001,0.2210578833682032,-0.04269658665269233,0.32935112241274794
64.34,0.18226413141543574,-0.04115409835462977,0.16081322095572592
64.36,0.1449129277122847,-0.03725589131838864,0.003265368373002911
64.38,0.11099364734884913,-0.03138738407768951,-0.13460299979921195
64.4,0.08321747314173777,-0.024019632140023842,-0.2458334067930694
64.42,0.06513930801162762,-0.015652956964146456,-0.32542942577879413
64.44,0.06120802714771968,-0.006759789648463878,-0.37035868690019497
64.46000000000001,0.07675214989454059,0.002267547492144293,-0.37933434902082047
64.48,0.11760225838402483,0.011157322877374249,-0.3524078564815612
64.5,0.1876307694548994,0.01976440099070781,-0.2904550509649793
64.52,0.28079983024428523,0.02796942337576376,-0.19481757797429647
64.54,0.3731402282616129,0.03540014891360353,-0.06770803825668502
64.56,0.4384990279576097,0.04123170557957806,0.08625824866330128
64.58,0.473182671593568,0.04450654755964319,0.2587183603764042
64.6,0.4875296950765187,0.04461604299591318,0.43806810122341283
64.62,0.4900462113514372,0.04142524085866428,0.6112294566006605
64.64,0.4848188219855561,0.03518035839582191,0.7653858292229803
64.66,0.4735751876261443,0.0264025781606478,0.8892867265133548
64.68,0.4571424744081368,0.015802951834216077,0.9741722744164606
64.7,0.43604884099741764,0.004206381676717168,1.0143793005999953
64.72,0.41073475220255434,-0.0075217653874719344,1.0076492395388412
64.74,0.3816268256852181,-0.01854560321103588,0.9551484201535476
64.76,0.3491687910948694,-0.028121594354200474,0.8612213591009737
64.78,0.3138425572815968,-0.035650330462318,0.7329134937053542
64.8,0.27619329465679066,-0.0407138810213433,0.5793147080680824
64.82000000000001,0.23686825916105517,-0.043096451465694956,0.4107862936138293
64.84,0.19667948701882415,-0.04278731709531149,0.23814058797651763
64.86,0.15670022717280271,-0.03996622739223616,0.0718442028892175
64.88,0.11839818672154057,-0.034972678190713556,-0.07868743192269452
64.9,0.08378906597410572,-0.028261726300240955,-0.20564457326610586
64.92,0.055564948976915475,-0.020350513363574494,-0.30318068738364745
64.94,0.037145393447471454,-0.01176117324401767,-0.36754675293937655
64.96000000000001,0.032663423336227196,-0.002966276258303871,-0.3970003639806553
64.98,0.04699519505250499,0.005658842613007195,-0.3915094423613284
65.0,0.08574896605100597,0.01387445782110727,-0.35228273143694716
65.02,0.15386953739568365,0.02159259107213588,-0.2811819906330453
65.04,0.24894646266281334,0.028809550308336738,-0.1802033567524339
65.06,0.34991142906358047,0.03534496772604675,-0.051589207392438545
65.08,0.4257953249252554,0.04053299168877797,0.10077531674407418
65.1,0.4669507077358347,0.043421931564161666,0.26959405745166937
65.12,0.48391486295831415,0.043334701330186756,0.4441590012773739
65.14,0.4872771469548235,0.04008754768396514,0.6120404566629365
65.16,0.48232392717463823,0.03390236081151865,0.7609296424833144
65.18,0.4712417591633417,0.025283484659708564,0.8800061178491079
65.2,0.4550119173044662,0.014923791416316091,0.9608715441096375
65.22,0.43421748947843225,0.0036265729449493807,0.9981447557383525
65.24,0.40932783496629793,-0.0077670632278924595,0.989756957101749
65.26,0.3807978264468056,-0.018446334655404923,0.9369648440689375
65.28,0.34911046448225413,-0.027691555700955748,0.8441046810583933
65.3,0.314807805428769,-0.034923837960222366,0.7181242371824548
65.32000000000001,0.2785289548373785,-0.039740517005451476,0.5679435495645688
65.34,0.2410677300082944,-0.04193409760414436,0.40370639580262974
65.36,0.20346204015765754,-0.041493669524916316,0.23599089351601976
65.38,0.16712482577304327,-0.038588939164577715,0.07504945358433915
65.4,0.13401601202521474,-0.033538250177430035,-0.06985469779320705
65.42,0.10683269218939265,-0.026763337286397567,-0.19095537894693182
65.44,0.08917036568773057,-0.018735122646621805,-0.2822907100468919
65.46000000000001,0.08560353352003353,-0.009916311389784105,-0.3397850504951145
65.48,0.10160372147593479,-0.0007075820052784227,-0.36110602237118955
65.5,0.14282632943247398,0.008592204245374513,-0.34532925200480374
65.52,0.21194286622450856,0.01778249926191344,-0.292514567600115
65.54,0.3006722089467336,0.026642797525431274,-0.20349623086088328
65.56,0.38517415200756344,0.03467152699484984,-0.08046002851367476
65.58,0.4437438175405744,0.04097544742300181,0.07157820431100217
65.6,0.4751439231681238,0.04461932883022094,0.24377836886396506
65.62,0.48854811810510557,0.0450309008660935,0.42420243509007705
65.64,0.491049707151428,0.04208584016414531,0.5995339012644354
65.66,0.48607769795767747,0.0360249963662989,0.7567227694696739
65.68,0.47513375288666304,0.027361363530075015,0.8842549202058443
65.7,0.4589753916015438,0.016801095602470877,0.9730795370116299
65.72,0.4381083552351251,0.0051694545808217895,1.0172331595218462
65.74,0.4129627947769522,-0.006662389677954735,1.014169367851902
65.76,0.3839561430704589,-0.017847947035093487,0.9647997560708101
65.78,0.3515197371520445,-0.02762938499529172,0.8732643311708621
65.8,0.31611658388078656,-0.03539071148360053,0.7464662809106642
65.82000000000001,0.2782620911956874,-0.04069669678931056,0.5934215475331401
65.84,0.23855627366917295,-0.043315177377165996,0.4244853687488253
65.86,0.19773663784133336,-0.043221630234229994,0.250524902245084
65.88,0.15676139749675144,-0.040586151514653286,0.08210899084255052
65.9,0.11692762794763047,-0.03574417353829944,-0.07121681988806791
65.92,0.08001155086035998,-0.029153492742201186,-0.20150967248512686
65.94,0.048387776714089024,-0.021341627989838248,-0.30281595152227775
65.96000000000001,0.02506600234918557,-0.012849124026087014,-0.3713370537107991
65.98,0.013632685814031528,-0.004175278171513922,-0.4053711184787851
66.0,0.01821639092319435,0.004268745092453691,-0.40505137322592566
66.02,0.043637346008989,0.012198416168248223,-0.3719140035854002
66.04,0.09537193131127458,0.019485110856640925,-0.30832870513379557
66.06,0.1770099187562869,0.026152836903989472,-0.2168610436043213
66.08,0.28070536053432055,0.03225150402369993,-0.09985081292833534
66.1,0.378208497460441,0.03751953678143658,0.04007141284163103
66.12,0.4422555248192722,0.04117729346736927,0.19816311326555425
66.14,0.47299471073598587,0.042345411781293384,0.3661487538062897
66.16,0.48344570628807954,0.04055408613019761,0.5329584333322708
66.18,0.48265999027984147,0.03581202046783934,0.6866318253358928
66.2,0.47467268993476086,0.02847708316925443,0.8159873023331278
66.22,0.46114342407415626,0.019138834754815523,0.9117710499893502
66.24,0.4428803136884034,0.008531183681857901,0.9674023609690171
66.26,0.42042739440342286,-0.0025420570705376655,0.9793997123941943
66.28,0.39426870617583415,-0.013275907675364466,0.9475212018181273
66.3,0.36490574676062165,-0.022926769849180628,0.8746415980911967
66.32000000000001,0.3329009552392049,-0.03086568619964599,0.7663966205890974
66.34,0.2989213922006028,-0.0366189862684445,0.6306383843969672
66.36,0.26379985983218496,-0.039893694701811935,0.47675802391961697
66.38,0.2286268586945553,-0.040586113014612325,0.31493999497113956
66.4,0.1948840980589145,-0.03877313690672024,0.1554166309026062
66.42,0.16462101802335646,-0.03468709605503751,0.007790863942313445
66.44,0.1406541066996263,-0.028676293440074628,-0.1195108257899791
66.46000000000001,0.1267346016303884,-0.021155111852916235,-0.21960514403845235
66.48,0.12757865695123516,-0.012549646383034626,-0.28730779577528365
66.5,0.14849630550452025,-0.00324807865131209,-0.3190773646185573
66.52,0.1937969522736461,0.006426268334816238,-0.31279735641800105
66.54,0.26231287062386544,0.016179153011738313,-0.2675576721218414
66.56,0.3411212661287086,0.025596614746276714,-0.18379631971128882
66.58,0.40900210128641046,0.03396244313000913,-0.06417475217410384
66.6,0.45379482698568774,0.04033278377720792,0.085236014847234
66.62,0.478028825088611,0.04388844277210093,0.25471669535376074
66.64,0.4885434122264705,0.044181368689378844,0.4319755264055636
66.66,0.48996957155415616,0.04115453304572803,0.6037269120292904
66.68,0.48458515626058446,0.0350751380153857,0.7571305392494808
66.7,0.47348542296331875,0.026462231665338655,0.8809418654087598
66.72,0.457302131538838,0.01601769929258466,0.966381195696844
66.74,0.4365073034021054,0.00455638146338799,1.0077258910469447
66.76,0.41152825721381736,-0.007064914134922845,1.002620173963487
66.78,0.38279348443367656,-0.018016279008688508,0.9521038429242147
66.8,0.3507567529167236,-0.02755704728742603,0.8603770721492976
66.82000000000001,0.31591821810484194,-0.03508737484014394,0.7343360607816464
66.84,0.278852720571515,-0.040185619261169876,0.58292979213926
66.86,0.24025443447808079,-0.04262919318831431,0.4163997508836217
66.88,0.2010083070362118,-0.042397780294720966,0.24547133623669065
66.9,0.16229835279222837,-0.03965902282935897,0.08056770494473703
66.92,0.12575531901987363,-0.034738000018891615,-0.06888607103369052
66.94,0.09362621894741247,-0.02807312112609486,-0.19500847632521623
66.96000000000001,0.06892178381161805,-0.0201625637010289,-0.2918100445437688
66.98,0.0554968170463773,-0.011506825480304975,-0.35531780648024364
67.0,0.05807188804371492,-0.002553367615311415,-0.38347225401152946
67.02,0.08219352093826096,0.006351584516302702,-0.37581557724317954
67.04,0.133534436935655,0.014995617715372478,-0.33301334913899994
67.06,0.21398554837547618,0.023281959024142658,-0.2563268399838974
67.08,0.31175163974910036,0.03106841868031228,-0.14740690361546693
67.1,0.3982889194353762,0.037851668110004594,-0.009094278321525193
67.12,0.45308672588560195,0.04270869278872807,0.15283501617170478
67.14,0.4796408113806639,0.0447626862417503,0.32881586587967254
67.16,0.4890739896471518,0.04357557317195836,0.5065943501468418
67.18,0.4884193673904719,0.03916464393540223,0.6731070029440339
67.2,0.4807875268852821,0.03188908850866387,0.8160813723755221
67.22,0.4675064025674994,0.022349478348605616,0.9251938875794625
67.24,0.44926643858642606,0.011306327498676818,0.9928687115761374
67.26,0.4265552408817972,-0.00039487201432755704,1.0147665669182737
67.28,0.3998071459897471,-0.011895877260031754,0.9899791371392692
67.3,0.3694575574484092,-0.022393117352191117,0.9209430098573697
67.32000000000001,0.33596952206755243,-0.031196438285619146,0.8130999370747379
67.34,0.2998568388256828,-0.037775376800653224,0.6743459078172931
67.36,0.2617157229025371,-0.041790021544711245,0.5143251519096167
67.38,0.22227515943822831,-0.04310466810931777,0.3436347174845998
67.4,0.18247665446081704,-0.0417837014293027,0.17300998847374732
67.42,0.14359172031226305,-0.038070350011819604,0.012561343348523275
67.44,0.10737362977288376,-0.03235017750406263,-0.1288728419211848
67.46000000000001,0.07621513977664947,-0.025102544045125273,-0.24420176605484378
67.48,0.053260252823102656,-0.016844826130576824,-0.3283472851968034
67.5,0.04243833089262308,-0.008075393247345814,-0.3782813160160005
67.52,0.04847150877188313,0.0007790401769143395,-0.3928423235929834
67.54,0.0768749118827983,0.009407907222411263,-0.37235640008283244
67.56,0.13321973740018156,0.017645159993398284,-0.31810724750683783
67.58,0.2187012135578915,0.02544162090135579,-0.23178114394094682
67.6,0.3193880511479222,0.032679474630154366,-0.11529948598808587
67.62,0.40500032908833156,0.03883904369673954,0.02823947927159488
67.64,0.4568684856003743,0.04298836911295056,0.19272631451082517
67.66,0.4808184116535469,0.04429683231969821,0.36833552571433664
67.68,0.4883890524968568,0.04239871403859652,0.5428053439858043
67.7,0.4863358883878959,0.0373760911365271,0.7033449596281467
67.72,0.47756049873167816,0.029636587467304305,0.8381816860877568
67.74,0.4633031755788358,0.019812355872023554,0.9376516790858029
67.76,0.444226277295934,0.008678860239140315,0.9949318013285561
67.78,0.4208137588235589,-0.0029195637175644168,1.006462777025747
67.8,0.3935081585816912,-0.014140628314296522,0.9720814758587341
67.82000000000001,0.36276231243291784,-0.024209271048657555,0.8948798444402232
67.84,0.32906796602356525,-0.03247330946137137,0.7808208835641886
67.86,0.29298442523657947,-0.03844599173757611,0.6381571446096905
67.88,0.2551798432977218,-0.04183275235413557,0.4767098998134563
67.9,0.21649639511271748,-0.04254062802212103,0.30707565521006247
67.92,0.17805049968455605,-0.040669995104668316,0.1398304443290306
67.94,0.14137432951182877,-0.036489493425411086,-0.015198709257263708
67.96000000000001,0.108588911628308,-0.030396266076339735,-0.14953171893258643
67.98,0.08257316480801842,-0.022865095329033063,-0.2564506569814685
68.0,0.06707963362319555,-0.014391545480163147,-0.331197609088352
68.02,0.06677714689595977,-0.005435135340435715,-0.3709431370306665
68.04,0.08719407808485724,0.003631589508496965,-0.3745372689836859
68.06,0.13405562483143643,0.012559183804538986,-0.34208160961550776
68.08,0.20980991801915774,0.021211187738041336,-0.27443129729092103
68.1,0.3045287546567183,0.029424369958241447,-0.17296201261181562
68.12,0.39150545648668217,0.03671203370987257,-0.0402476691073218
68.14,0.44888481538833996,0.042167266758669567,0.11829073914000746
68.16,0.477894605445764,0.04487904146576157,0.29341181106052966
68.18,0.4891037384898098,0.044344932646545585,0.4729742557077294
68.2,0.48977571823648364,0.04052087564353982,0.6437690246346948
68.22,0.4832301506636624,0.03371796114516403,0.7931581861748459
68.24,0.47088860119409126,0.02450299362399181,0.9102889170006571
68.26,0.4534742169297925,0.013617155847288337,0.9869499000080222
68.28,0.4314824278153753,0.0019009582182686257,1.0181178648263671
68.3,0.40534459162479447,-0.009778717749739051,1.0022081978534254
68.32000000000001,0.37548633857018643,-0.020597624029582047,0.9410404911123815
68.34,0.34235382688371113,-0.02983528461375048,0.8395424172425916
68.36,0.3064338374304342,-0.03692430869038334,0.7052314833298474
68.38,0.268279609054793,-0.04148471766024346,0.5475286287724056
68.4,0.22855175656193802,-0.04334126282097529,0.3769680645499637
68.42,0.18808435061670448,-0.042522950292689404,0.20437337295476588
68.44,0.14798538937998423,-0.039245214373770716,0.04007055747262296
68.46000000000001,0.10977233168713274,-0.03387638347439723,-0.10679543246871544
68.48,0.07552122514445501,-0.026891384816126247,-0.22878329520439794
68.5,0.04797887827387351,-0.018817162808726064,-0.32047445390246454
68.52,0.030588699382072163,-0.0101757372451366,-0.3785669530279428
68.54,0.027460537396875012,-0.0014309948791043497,-0.40174725465028793
68.56,0.04341537937214149,0.007057017697505727,-0.39036353794708945
68.58,0.08400831633020697,0.015068649949257,-0.34593353052545384
68.60000000000001,0.1540886830679378,0.022538838598850565,-0.2705411093708147
68.62,0.25082631659439525,0.029484565386709242,-0.16631463227110022
68.64,0.35229428812589636,0.03573371787679997,-0.0355675395558257
68.66,0.42740392709972247,0.04061750453209942,0.11774938475642764
68.68,0.4674771846458655,0.04319303297250058,0.2862787314787368
68.7,0.483600499478236,0.04280864036091532,0.45932355126786195
68.72,0.48635262998444767,0.03930760318735231,0.6245746617280652
68.74,0.4809262114729882,0.032932514570487945,0.7699402809220258
68.76,0.4694593750067478,0.024200944544634152,0.8848848208830011
68.78,0.45291690264471945,0.013811708382981094,0.9613330385016031
68.8,0.43187939840904593,0.0025671257080741305,0.9942366468935544
68.82000000000001,0.40682043425075604,-0.008698939156628907,0.9818430231119399
68.84,0.378204140815736,-0.019188203478764244,0.9256851500823462
68.86,0.34652876925044085,-0.028197377459333907,0.8303172850015811
68.88,0.3123603384830088,-0.03516624284853179,0.7028344845131036
68.9,0.27637528254275934,-0.03971130134630466,0.5522277930860021
68.92,0.23942517241495428,-0.04164288911479632,0.3886373919579135
68.94,0.20263577010999315,-0.04096480434857281,0.22257214318056856
68.96000000000001,0.16754937196984548,-0.03785668449229457,0.06416540450213613
68.98,0.1363070471003214,-0.032640617521636155,-0.07746641561404008
69.0,0.11184338523154858,-0.02573489152529421,-0.19470479459041776
69.02,0.09804107779007763,-0.017599408134369724,-0.281706574098053
69.04,0.09977529926337506,-0.008678857336938593,-0.33445634108552974
69.06,0.12266530746761231,0.0006483379454652917,-0.35059980033814375
69.08,0.17172001508078075,0.010099856912494397,-0.3291074313342894
69.10000000000001,0.24667555166505692,0.019456190986873546,-0.2699240195609819
69.12,0.33389872222616646,0.028393342215268493,-0.17399974196462187
69.14,0.4085794568165892,0.03624271076082703,-0.04421182268292673
69.16,0.4562303471440484,0.04204228678182668,0.11320217295626037
69.18,0.48058209515296874,0.04495200378142718,0.288253286374858
69.2,0.4901740393235706,0.04454277868536359,0.46837402891669744
69.22,0.4904191905267931,0.040803786337534544,0.640141185122739
69.24,0.48382439213363354,0.03405553618634426,0.7907810083875552
69.26,0.471533982393722,0.02486638554959729,0.9093232371643998
69.28,0.45418522738578204,0.013978062636521635,0.9874420610304352
69.3,0.4322468375918268,0.0022328104757965658,1.0200039377988723
69.32000000000001,0.4061402240191375,-0.009499118381914496,1.005324179673075
69.34,0.3762848661611191,-0.020388643896086547,0.9451388241981978
69.36,0.3431201405570318,-0.029709427487398788,0.8443135466525492
69.38,0.3071230461615541,-0.036887731449126875,0.7103284692369258
69.4,0.2688316095137565,-0.04153734370975202,0.55259251050408
69.42,0.2288824071718743,-0.04347750666708935,0.38165154842407356
69.44,0.18807178429397362,-0.04273304276804993,0.2083604141157712
69.46000000000001,0.14744996270777092,-0.0395171019080736,0.043089481251403154
69.48,0.10844954106328313,-0.03419815449587728,-0.10496748131810921
69.5,0.07302853423829353,-0.02725413579574594,-0.22832652673620196
69.52,0.043777503877713994,-0.019218162151241096,-0.3215447206188824
69.54,0.023935193863270938,-0.010621756919865409,-0.3813270520225877
69.56,0.017331672813617843,-0.001941887319159163,-0.40641196423750475
69.58,0.0284058726295104,0.006444179801476614,-0.39726000538481565
69.60000000000001,0.06236047584590672,0.014295762759046511,-0.35557849010415254
69.62,0.12458024405600185,0.021531814127608566,-0.28372109448367977
69.64,0.2158996012441038,0.028196620594625747,-0.18408352107717585
69.66,0.3208567997374439,0.034253801392731445,-0.05893662092772146
69.68,0.4073128917195004,0.03922683737752744,0.08852469709092843
69.7,0.45751049521122283,0.042213620780014935,0.2522216209199528
69.72,0.4792949065858401,0.04244440523669216,0.4225351265662694
69.74,0.4849692809200216,0.03963184185655768,0.5876994656274285
69.76,0.48134491695589277,0.033925789306616896,0.7357186176581046
69.78,0.4712776508701215,0.02577968232841931,0.855843600113763
69.8,0.45598616138131287,0.015846881887939115,0.939568567250826
69.82000000000001,0.43613459790959486,0.00489968995775075,0.9812640909208036
69.84,0.412224988937751,-0.0062431231263275965,0.9785062255742738
69.86,0.3847338928357155,-0.016783721047037403,0.9321257278075201
69.88,0.35416908906856803,-0.026005549842646594,0.8460007178485704
69.9,0.321108261015934,-0.03332320111623911,0.7266277549278672
69.92,0.2862442477416559,-0.03831859844471884,0.5825198740350317
69.94,0.2504516295844182,-0.040761192697697235,0.4234912645361591
69.96000000000001,0.21488740279192856,-0.040610953785549075,0.2598953634951217
69.98,0.18113509856968332,-0.03800412112148689,0.10188565328084725
70.0,0.1513898425287938,-0.03322292536725555,-0.04123385722505085
70.02,0.1286574384155788,-0.026651931780614705,-0.16150912909244913
70.04,0.11690765791767337,-0.018725374944962608,-0.25264217470472144
70.06,0.1210735474244662,-0.009871870787117728,-0.3100787119459167
70.08,0.14659868259675388,-0.00046622325662985667,-0.33088463438398147
70.10000000000001,0.19753462600196856,0.009191602767238027,-0.31347402976863986
70.12,0.27131594289185196,0.018824047071536752,-0.25737919403367304
70.14,0.3524021256679286,0.028000085680910204,-0.16347331170780083
70.16,0.41863768536451723,0.03595630120607247,-0.034994436878717804
70.18,0.46016638502418383,0.04173352742210638,0.12126195909269956
70.2,0.4815554137550815,0.04456013486513136,0.2949205118389933
70.22,0.48996043311391263,0.04406504739840499,0.4732965711945758
70.24,0.4897346483077751,0.04026703222409884,0.6430231058212815
70.26,0.4829329593235944,0.033498374888051755,0.791461378766805
70.28,0.47054599301740413,0.02433019308717231,0.9078032512480414
70.3,0.4531645831983164,0.013501889401693414,0.9838851064617402
70.32000000000001,0.43124604868839433,0.0018499998168031977,1.0147191274815501
70.34,0.40521281705800594,-0.009763271069621278,0.9987385303375069
70.36,0.3754919037392382,-0.02051831271670238,0.9377619155535586
70.38,0.3425365208276697,-0.029698749030066224,0.8366983447235345
70.4,0.3068462381691528,-0.03674035906485097,0.7030320561385277
70.42,0.2689951296931589,-0.041265080448751434,0.5461404500142076
70.44,0.22967689481386144,-0.04309805530181811,0.3765095001807704
70.46000000000001,0.18977722412471676,-0.0422669151359978,0.20491644206608192
70.48,0.15048261123880846,-0.03898372189512039,0.041650347816937786
70.5,0.11342548922763471,-0.03361119341897606,-0.10416288019234278
70.52,0.08084301382683542,-0.026616166608013293,-0.22507366390869646
70.54,0.055700097849523324,-0.018514787158730298,-0.31561744841327316
70.56,0.04173471643919198,-0.00981528386627379,-0.3723972447807885
70.58,0.04346001083659037,-0.000964207785794602,-0.39394247566775764
70.60000000000001,0.06619100009062828,0.00769988423747304,-0.38036667257008366
70.62,0.11566600055721828,0.01598008539778945,-0.3328618765558406
70.64,0.19493592943839352,0.023814111962704748,-0.25312215982123765
70.66,0.2947577175454146,0.03113682685858104,-0.1430156502989908
70.68,0.38703423348304644,0.0375560236813997,-0.005206684171215309
70.7,0.44732105122827004,0.04220732718085253,0.15507680397455917
70.72,0.4768212342265076,0.04418723646056533,0.32886848080404885
70.74,0.4874425860222599,0.043012319055125085,0.5043466304480079
70.76,0.48725865430347937,0.038671168908784186,0.6687298515728166
70.78,0.47987729198582985,0.03150612754084429,0.8099400241205154
70.8,0.4668053280610215,0.022104770905904257,0.9177900181999631
70.82000000000001,0.4487927720183528,0.011215280585128011,0.9847902415882726
70.84,0.42634960212614553,-0.0003289758824156063,1.006638667090426
70.86,0.3999235834381173,-0.011681141627050853,0.9824169638007461
70.88,0.36996471593344193,-0.022047514524965013,0.9145089303375858
70.9,0.3369570655931334,-0.03074553724971581,0.8082683644687976
70.92,0.30144692982155075,-0.03724943854863886,0.6714785371911841
70.94,0.26408138165167555,-0.04122060822532588,0.5136588353771125
70.96000000000001,0.2256686048767496,-0.042520893481642806,0.3452836559185548
70.98,0.18727148753538433,-0.04120820232360593,0.17698349620263368
71.0,0.15034249861444138,-0.037515001790587185,0.01879823853678693
71.02,0.11689454797188874,-0.03181154224943004,-0.1204521789574041
71.04,0.08967780416690448,-0.024557048540280766,-0.23362458371769687
71.06,0.07231325534964876,-0.016243671013894807,-0.31549783319789004
71.08,0.06935154220450547,-0.007339130916819506,-0.3627892162312687
71.10000000000001,0.08623143508447378,0.0017658581539102512,-0.3739489578008427
71.12,0.12874234920154495,0.01079706700620313,-0.3487664535063566
71.14,0.2001088818388282,0.01959635450305339,-0.28788285323277374
71.16,0.2926642621824869,0.028005745845048665,-0.19250268699805514
71.18,0.38158471659365467,0.035586380292017626,-0.06491886030019013
71.2,0.44295381272913914,0.041468555092970934,0.08992731157887074
71.22,0.4751700630643048,0.04470950224693508,0.26328880850513897
71.24,0.48839013507876733,0.044737956056856425,0.4432985758383382
71.26,0.49039895010358153,0.04144638775648476,0.6167494086388984
71.28,0.48488469751590546,0.035097421623708554,0.7707812868651268
71.3,0.4734242072832413,0.026223004442336127,0.8941532339126508
71.32000000000001,0.456794824897214,0.015542017658894649,0.9781516052158619
71.34,0.43550843372906584,0.003885005645327654,1.017186320228583
71.36,0.4099991563947822,-0.007879148454188857,1.0090902390970136
71.38,0.3806894758913683,-0.018913218775694317,0.9551308374713979
71.4,0.34801834512094004,-0.02847447642734033,0.8597548114538368
71.42,0.3124606091994713,-0.035966317394168855,0.730102480571576
71.44,0.2745503854772101,-0.04097534420847451,0.5753438313373224
71.46000000000001,0.23491755513961626,-0.043291676548125844,0.4058992384921642
71.48,0.1943471226321165,-0.04291150452963473,0.23261433803433917
71.5,0.15387109371921123,-0.04002213232464264,0.06595998970471867
71.52,0.11489598127282759,-0.03497095995101135,-0.08467512698056656
71.54,0.07934951230206867,-0.02822111786877372,-0.21154001288993282
71.56,0.04980008637777571,-0.02029795647108878,-0.3088794251600845
71.58,0.029492775929521584,-0.011732133843723975,-0.37306899010448275
71.60000000000001,0.02230963762521702,-0.003005600007560246,-0.4025265002289044
71.62,0.03278300802685199,0.005495143994532409,-0.39742084153456164
71.64,0.06621275029196667,0.01351737040484851,-0.3592105962787927
71.66,0.12800821758410683,0.020965655710790905,-0.29005346861420733
71.68,0.21885523035515347,0.027866408678354784,-0.19221301747894332
71.7,0.32306128122030847,0.03416032309884694,-0.06790958016347397
71.72,0.40867885486797473,0.03934805630327842,0.07961740843601531
71.74,0.45840544655933113,0.04251522105880876,0.2441722694680984
71.76,0.48009837741285705,0.0428880056066454,0.41598950139379354
71.78,0.4858516620133363,0.04017550282830167,0.583143005784618
71.8,0.48234336503012976,0.034523991832373695,0.7334614921503938
71.82000000000001,0.47237529404948125,0.02638532200278148,0.8560098130579256
71.84,0.45714627118810397,0.0164143401951078,0.9420955901057839
71.86,0.4373115694716575,0.005388021535422063,0.9859152522975205
71.88,0.41336634562792135,-0.005867429980301012,0.9848951276092323
71.9,0.38577857860924997,-0.01654471276105383,0.9397503217350953
71.92,0.35504339894775166,-0.025916676194282506,0.8542837465107744
71.94,0.3217191774201942,-0.03338716783675691,0.7349597684991982
71.96000000000001,0.2864691592638144,-0.03852821976329721,0.5903008310582115
71.98,0.250122919107769,-0.04110120660993955,0.4301667774855978
72.0,0.21377028465388892,-0.04106072169139902,0.2649838823377051
72.02,0.17889784197172773,-0.03854109533324197,0.10499326854756552
72.04,0.14756780118092683,-0.03382671244455528,-0.040413743618945765
72.06,0.12261661489731059,-0.027308677441021768,-0.16321314534239093
72.08,0.10782198740272907,-0.019432005514650342,-0.25707177633489264
72.10000000000001,0.10795826172061639,-0.01063927491252258,-0.3174502717666227
72.12,0.12854672810506843,-0.0013189485773800334,-0.34148659731680914
72.14,0.17454713415988368,0.008226205470040007,-0.3277053751988851
72.16,0.2460167644598125,0.01775139198288346,-0.2757001515843878
72.18,0.33054135711454,0.026917459791103444,-0.18615729112809387
72.2,0.40458641085869623,0.03506419497475273,-0.061703962124021135
72.22,0.4531688342357878,0.041240796514434415,0.09172421567582481
72.24,0.4787861765792358,0.04459129167771252,0.264435204790711
72.26,0.48947860192874376,0.0446493516225668,0.44404582450938757
72.28,0.4906473692430385,0.04136294189111997,0.6171558670926883
72.3,0.4848660532338306,0.03501567797135729,0.7708569329506629
72.32000000000001,0.47332006985319575,0.026146123083091433,0.8939101534037842
72.34,0.4566645703776266,0.015474694300376854,0.9776185322540661
72.36,0.4353750779762257,0.003831659922326531,1.0164105751107233
72.38,0.40987536888878445,-0.007915099084813245,1.008134970148665
72.4,0.38058571279556097,-0.018929673956637035,0.9540702919136667
72.42,0.34794593169510973,-0.028470751146464288,0.8586688115803796
72.44,0.31243366929334465,-0.03594308046835175,0.7290708365311646
72.46000000000001,0.2745879803785129,-0.040934417701844764,0.5744412828316979
72.48,0.23504675824928245,-0.04323570781389108,0.4051914568014447
72.5,0.1946076596939785,-0.0428435190449966,0.23215548046677287
72.52,0.15432214840562994,-0.03994497224536908,0.06579227243836427
72.54,0.11562554913387305,-0.03488661196066829,-0.0845193873438086
72.56,0.08048624676681816,-0.028129939002494223,-0.21103346048963523
72.58,0.05152754803538423,-0.02019781708009483,-0.3079914560657969
72.60000000000001,0.03206783355522386,-0.011617490131793747,-0.3717539766035897
72.62,0.026090323232310437,-0.0028664444004176696,-0.40070809571844374
72.64,0.038266457421889,0.005674582294975886,-0.39497162316162676
72.66,0.07403312078336276,0.013759923402351052,-0.3559262279372993
72.68,0.13865525213820076,0.021299778077632857,-0.2856253638022775
72.7,0.23160700512685645,0.02831203563884462,-0.18622724812601726
72.72,0.3348200642029858,0.03469070682121134,-0.05995037731922478
72.74,0.41637928707898797,0.03986449391433246,0.08971181645191782
72.76,0.462284264569836,0.04289762785881915,0.2560996853703985
72.78,0.4818048814046477,0.04305666988040259,0.4290368625005991
72.8,0.48644932493344084,0.040098925308920653,0.5963784511987851
72.82000000000001,0.482273663024217,0.03420525613362791,0.7459008079289022
72.84,0.4717963798267856,0.025851380474502486,0.8667315984623245
72.86,0.45611513663156483,0.01570917013114293,0.9503222501819384
72.88,0.4358518042900989,0.004567106961232543,0.9910698917921055
72.9,0.41149011484017295,-0.006742412090638115,0.9866369418642695
72.92,0.38349299373303636,-0.01741114500393442,0.9379888168405011
72.94,0.3523516187617808,-0.026715971829560307,0.8491724148993478
72.96000000000001,0.3186194368283079,-0.03406915658031301,0.7268709499275356
72.98,0.28295263009023025,-0.03905467122950239,0.5797846731327732
73.0,0.24617059556401685,-0.04144828710984581,0.41789818232010256
73.02,0.2093488621299963,-0.04122027263813189,0.25170196195455974
73.04,0.17395441991636704,-0.038520720601400694,0.09143808110827542
73.06,0.1420229671083365,-0.03364876035691766,-0.05356255173149793
73.08,0.11635521211593867,-0.027008295447043536,-0.17539169747200145
73.10000000000001,0.10068267688673341,-0.01905451030630473,-0.2678780893040224
73.12,0.09973470833014605,-0.010237011809787176,-0.32667882535226106
73.14,0.11905414230383327,-0.0009472658713241767,-0.34914888711934755
73.16,0.1638949328367811,0.008515983042800952,-0.3340295345435893
73.18,0.2352073249871916,0.01792682425590579,-0.28108862913339683
73.2,0.3216974506787278,0.02698789422755959,-0.19106602480938792
73.22,0.3992711439014731,0.03508615758603637,-0.06645160030764949
73.24,0.4508156495691395,0.041280866458515184,0.08708184580270116
73.26,0.47801029676519646,0.044688854320116676,0.2600605346781885
73.28,0.48938689395247237,0.044814410094113494,0.44019668544202745
73.3,0.49085873844928224,0.041587924412499436,0.6140911909364154
73.32000000000001,0.4852386502598388,0.03528413478167336,0.7687855265801835
73.34,0.47379717067879124,0.026437397123769704,0.8929654697332948
73.36,0.4572161734229004,0.015766726151423237,0.977847814806224
73.38,0.4359785613203717,0.004103062863356013,1.0177735558286716
73.4,0.41050896551187743,-0.007683355720508265,1.0105100427976492
73.42,0.38122564521085944,-0.018752939244829556,0.9572667128888595
73.44,0.3485641801093364,-0.02835977129284719,0.8624434127173508
73.46000000000001,0.3129951498692481,-0.03590353152149284,0.7331475290052379
73.48,0.2750462663752363,-0.04096692308387679,0.5785314670973726
73.5,0.23533735104424786,-0.0433363498949325,0.40901337417602573
73.52,0.19463757277524846,-0.04300483690188386,0.23545054121407444
73.54,0.15395452078760197,-0.040157425598009874,0.0683364519052033
73.56,0.11465856625428344,-0.03514047696871092,-0.08291088708192554
73.58,0.07862691409595302,-0.028417572389099893,-0.210509897108056
73.60000000000001,0.04836136782031899,-0.020516180934346297,-0.3086798535630264
73.62,0.027021439823153737,-0.011970823811306819,-0.3737828518027787
73.64,0.018374888374116487,-0.0032691095536446758,-0.40424216693548737
73.66,0.026795504017457596,0.005194831503778762,-0.4002586589369186
73.68,0.05740860046569768,0.013158624952144524,-0.3633575758552333
73.7,0.11570936484159382,0.020517730626587127,-0.2958027320585683
73.72,0.2036232881629706,0.027303282668487864,-0.19998010772394326
73.74,0.30834280327432123,0.03350405648462754,-0.07813696855048356
73.76,0.3985945815432134,0.038708212041536794,0.06674896642469262
73.78,0.4532051974228722,0.04203893565054022,0.22902665222605448
73.8,0.477805379879813,0.042678506758624425,0.3994487921502852
73.82000000000001,0.4850485733860477,0.040274950919980616,0.5663767282795966
73.84,0.4824184016861569,0.034929462169418474,0.7177118480779842
73.86,0.47310502756859896,0.027062955483636734,0.8424417684365364
73.88,0.4584487117162251,0.017308434848446307,0.9316924335009948
73.9,0.43915149852282476,0.0064281959047560065,0.9794058217750383
73.92,0.4157240373227491,-0.0047594450993331755,0.9827087088981411
73.94,0.38864033722126196,-0.015448403047334785,0.9419985074356121
73.96000000000001,0.35839932167983585,-0.024906448169685052,0.8607683486686223
73.98,0.32556349673377305,-0.03252680861954975,0.7452045305164795
74.0,0.2908017095164656,-0.03786646527646126,0.6036031889881013
74.02,0.25495121690931016,-0.04066868315030323,0.4456646720043203
74.04,0.21911197024447177,-0.04086841184604577,0.2817317858253495
74.06,0.18478339037571698,-0.03858035657869679,0.12204123195903852
74.08,0.15404379802323762,-0.03407075373714955,-0.023944086050727342
74.10000000000001,0.12975027725246052,-0.02771528135385635,-0.14806105769314742
74.12,0.11570547045485127,-0.019947198316503274,-0.2437827908810514
74.14,0.11669821822079447,-0.011201717135562152,-0.3063377073704813
74.16,0.1381842010936839,-0.0018653917993262832,-0.3326124654199359
74.18,0.1847865353061892,0.0077524378979944185,-0.32088812008611334
74.2,0.25574023585382705,0.017385249009457742,-0.2705685763754131
74.22,0.3378823684740862,0.026653382614238996,-0.1822765381957409
74.24,0.40857866436548385,0.034858481675706314,-0.05874523306896167
74.26,0.45467292163843315,0.04104769291402389,0.09389693660474527
74.28,0.47908997708965323,0.04439005746110424,0.26582177884243585
74.3,0.48933097369808787,0.044441040703184755,0.444610649044811
74.32000000000001,0.4903527791293071,0.041158765839698755,0.6168912197786315
74.34,0.4845355094439353,0.03482959701634045,0.7698071082707263
74.36,0.47299863521676005,0.02599130778342004,0.892174490822211
74.38,0.4563775343568056,0.015361808538617273,0.975344441988797
74.4,0.43514295192158226,0.0037679668311287945,1.0137815282519993
74.42,0.4097191423480241,-0.007926143283652388,1.0053559440906616
74.44,0.380529615361425,-0.01888843847790603,0.9513523844069119
74.46000000000001,0.34802012991154657,-0.028381102248630233,0.8562144856408302
74.48,0.312678020567395,-0.035811740237714156,0.7270611164796158
74.5,0.27505781539194435,-0.040770047188634785,0.5730260791116173
74.52,0.2358219101579174,-0.04304775011006706,0.40448404905817786
74.54,0.19580629296809737,-0.04264082759961229,0.23223206369702265
74.56,0.15612104630716359,-0.039734233193054136,0.06669740197422638
74.58,0.11828800878924221,-0.03467055638286272,-0.08276062203510015
74.60000000000001,0.08439769261954638,-0.027905345345438627,-0.20839568835084324
74.62,0.057239284831427935,-0.019953319965087726,-0.30442089356794383
74.64,0.040354590879051785,-0.011331176515705421,-0.36713113260239727
74.66,0.03803397675462526,-0.00250304908328018,-0.3948001598834677
74.68,0.055348490167305774,0.0061671017217628365,-0.3873723766475469
74.7,0.0980185145554069,0.014452768754036257,-0.3459829472040761
74.72,0.17041817757857777,0.0222736440796774,-0.27237361039478397
74.74,0.2676741888351763,0.029602975136952984,-0.16843912632383548
74.76,0.36559320258909817,0.03617684790906624,-0.036531020433906596
74.78,0.43516833069728605,0.0412382291956968,0.11896900358415921
74.8,0.471390741215474,0.04383977076436095,0.2900766595907435
74.82000000000001,0.4856900019252742,0.04337683309404995,0.4655782790942521
74.84,0.48762737283625035,0.03973379903449275,0.6328342090759628
74.86,0.48174202709950903,0.03318004996362747,0.7795559759595039
74.88,0.4699105657510348,0.02425288635659124,0.8951021855143402
74.9,0.45300758101908806,0.013667958818753873,0.9713642204067373
74.92,0.4315816552446932,0.002242428797042209,1.0033237785487321
74.94,0.4060907645252997,-0.009177380376470598,0.9893130371602615
74.96000000000001,0.37698524134510425,-0.019783788474613095,0.9309937161547474
74.98,0.344744995774742,-0.028867759069693615,0.8330792621878027
75.0,0.3099084480096467,-0.03586735345574166,0.7028389408101609
75.02,0.273109592976408,-0.04040151952119382,0.5494365638063591
75.04,0.23513509291550494,-0.04228714351241833,0.38316703832570775
75.06,0.19701314114202126,-0.04153847338210109,0.21465986867043765
75.08,0.16014343974175443,-0.03834922144025389,0.054119909041913196
75.10000000000001,0.1264665372720262,-0.03305888388295793,-0.08932799930154223
75.12,0.09864778530083879,-0.026106190710617063,-0.2081327056522532
75.14,0.08022836005323461,-0.017974154337771237,-0.29660567694358575
75.16,0.0757011602407087,-0.009132512061743444,-0.35098283670975183
75.18,0.09046837319304492,1.6076865734437765e-05,-0.36926148904721406
75.2,0.1303123402689264,0.009177374712417034,-0.35084278174583516
75.22,0.19866819720310966,0.018169053857245827,-0.2960700949688425
75.24,0.28880304554041863,0.02681578430045651,-0.2059386308146871
75.26,0.37724695151047233,0.03468327016843453,-0.08256042395158487
75.28,0.4398474421806519,0.04091570920262386,0.06935250856217323
75.3,0.47357463308397285,0.04455861996746648,0.24129458784244215
75.32000000000001,0.48796904068280855,0.04500452734147626,0.42153741762299235
75.34,0.4908647617227313,0.0421063355569269,0.5968553415795214
75.36,0.48607680224255634,0.03609337804978196,0.7542228548495262
75.38,0.47524910005460314,0.02747246791198691,0.8821164328773079
75.4,0.4591849974327929,0.016945966062466053,0.9714564552857659
75.42,0.4384044426141081,0.0053367622767417225,1.0162384794424164
75.44,0.41334223797877595,-0.006485176390717926,1.0138679901703638
75.46000000000001,0.38441779528914877,-0.017673469846637348,0.9652058813475074
75.48,0.35206395225987563,-0.027469381435421908,0.8743430812077886
75.5,0.31674560264696044,-0.035255126594231474,0.7481391427018237
75.52,0.2789810004009311,-0.040592969346404516,0.5955750357969605
75.54,0.23937460271506866,-0.04324773478489223,0.42698213434011334
75.56,0.19867082192923202,-0.04319160520102694,0.25321641795676436
75.58,0.1578384352200814,-0.040591310298372575,0.08484894005561329
75.60000000000001,0.11819031607716454,-0.03577902284801922,-0.0685592393429166
75.62,0.08152575135246859,-0.029209512470239354,-0.19903714433794342
75.64,0.05025253749155764,-0.021407558653992225,-0.30059150451933453
75.66,0.027428540557609765,-0.012911211773797178,-0.3693736287516169
75.68,0.016712160319307605,-0.004217331327973468,-0.4036217983642389
75.7,0.02233922746048533,0.00426568793859916,-0.4033991299019924
75.72,0.04926630192663665,0.012256875733206905,-0.3701591451879522
75.74,0.10301851725510537,0.019631385532089825,-0.3061735479457044
75.76,0.1866873966734093,0.026411501416697993,-0.21390225327145437
75.78,0.29076980178992,0.03262293626170336,-0.09562398283911937
75.8,0.38579072401232756,0.03794782921982946,0.045926517244992374
75.82000000000001,0.44646448111624165,0.04156477550465994,0.2056828696692151
75.84,0.474995926830757,0.04260935750300714,0.374992539348321
75.86,0.48433233111087115,0.040649960014192785,0.5425308843714673
75.88,0.4829419166914177,0.035725930314434905,0.6962245129203787
75.9,0.47453506763498293,0.028216203626953217,0.8248808413821345
75.92,0.4606467640609615,0.018725599424095598,0.9193067856428503
75.94,0.4420427574327625,0.007999234571115779,0.9730350370227405
75.96000000000001,0.4192525051095254,-0.003151586496656968,0.9827348681931752
75.98,0.39275374679791714,-0.013918168820641681,0.9483376093471022
76.0,0.3630433037195405,-0.023556969019203264,0.8728985488368812
76.02,0.3306780008946095,-0.031442638392403834,0.7622264873795714
76.04,0.2963169455090647,-0.03710822589253717,0.6243257824762869
76.06,0.26078149078550283,-0.04026995144209604,0.46870774369459783
76.08,0.2251460601646255,-0.04083501880411994,0.30563653523034356
76.10000000000001,0.19087062462218776,-0.03889209594138835,0.14537856644983255
76.12,0.15997657820672204,-0.03468531386168433,-0.0024765764814813286
76.14,0.13524655035546881,-0.028574012762908406,-0.1295616894752411
76.16,0.12039676211558334,-0.0209821171553533,-0.2290941508260165
76.18,0.12012812096395736,-0.012342977984284452,-0.2960242427844
76.2,0.13982923434274802,-0.0030483430268227673,-0.32696746248505776
76.22,0.184170591419908,0.006582095956108438,-0.3199658493543649
76.24,0.25283141814835974,0.016272019648134625,-0.27422751106946186
76.26,0.33367601691345566,0.025643678352131657,-0.19019908544154446
76.28,0.404702386476873,0.034015521721147676,-0.07039714837457767
76.3,0.45199843311915056,0.04044410167563362,0.07932887612920829
76.32000000000001,0.4775667435854824,0.04408280189745821,0.24941771395340273
76.34,0.48868314041580524,0.04445694258174677,0.42762029037052246
76.36,0.4903913049393557,0.04149357564742971,0.6006085127335196
76.38,0.4851609522745587,0.03545196406536527,0.7554531952562147
76.4,0.4741561100116488,0.026847979756767296,0.8807994545911351
76.42,0.4580300225893036,0.016383526263356433,0.96775127051962
76.44,0.4372599841031412,0.0048759190511915955,1.0104748521552631
76.46000000000001,0.4122725344292191,-0.006813624754396658,1.0065172083802247
76.48,0.38349201342528944,-0.01784938468760175,0.9568415535429151
76.5,0.35136468515178465,-0.027484069331148418,0.8655965579326885
76.52,0.3163785514784291,-0.03511102787153064,0.7396539963549278
76.54,0.2790891610524366,-0.04030227787547015,0.5879649367781936
76.56,0.24016027555454983,-0.0428299964396791,0.42079630859717015
76.58,0.20042945976440313,-0.042670347986500656,0.24891666396036644
76.60000000000001,0.16100862378089748,-0.03998974912856265,0.0828019881535253
76.62,0.12342284713032611,-0.035114877711622146,-0.06807039779475144
76.64,0.08977157802189084,-0.028489017275595937,-0.1957795432921879
76.66,0.06286855830888174,-0.020618819232870997,-0.29432315960127853
76.68,0.046311476528956876,-0.012017049886050516,-0.35975688820857643
76.7,0.04449161815346202,-0.003147371452920701,-0.3901067388433836
76.72,0.06261301448657967,0.005624245308231817,-0.3850727374610027
76.74,0.10645333001151278,0.014066911049186955,-0.34555810676876975
76.76,0.18001799407028912,0.022089669559345625,-0.2731001957199528
76.78,0.27718215175669414,0.029636766651693843,-0.16946345609186833
76.8,0.372717969445453,0.036389513857353735,-0.0370394483340452
76.82000000000001,0.43914670688286656,0.041545878410545564,0.11953140634601532
76.84,0.4733442183647273,0.044162191462131836,0.2919215214695574
76.86,0.4867231703593996,0.043660912037984896,0.4686496626061527
76.88,0.4882583235395647,0.039947780412221724,0.6369097275978863
76.9,0.4821482080164074,0.03330558408102674,0.7843148890909275
76.92,0.47013784226606165,0.024281398654423858,0.9001705989943639
76.94,0.4530572017767004,0.013599218475117138,0.9763509643942115
76.96000000000001,0.43143908052486024,0.0020835772456271094,1.0078518426289875
76.98,0.40573361320114454,-0.009412998788046531,0.9930468287323266
77.0,0.3763839796010891,-0.02007813880868506,0.9336609606336255
77.02,0.34386041523917255,-0.029199927474724684,0.8344862260248986
77.04,0.30868663503622573,-0.03621555380392643,0.7028779795594259
77.06,0.271473801916216,-0.04074518199824597,0.5480854438624695
77.08,0.23297325836929877,-0.04260899055317092,0.38047990315231406
77.10000000000001,0.19415937701763666,-0.041826523268611235,0.2107500329407523
77.12,0.15635192273343398,-0.038598701115048865,0.049134820327678845
77.14,0.12137685054515873,-0.0332740658554375,-0.09523928971518952
77.16,0.09174167161776801,-0.02630218273708326,-0.214859315238596
77.18,0.07077799060709879,-0.018178671198211385,-0.3041217776424542
77.2,0.06271376572327664,-0.009387631805954547,-0.3594016155892737
77.22,0.07267845416578367,-0.0003474157034010449,-0.3788956119755154
77.24,0.106479389797699,0.008634100516555152,-0.362265329149062
77.26,0.16892542090752058,0.01737833293853882,-0.3101431153998544
77.28,0.2574469430819305,0.025771465151501013,-0.22369987562316182
77.3,0.35241288254801323,0.03352713372427081,-0.10479874987325745
77.32000000000001,0.4254783619788781,0.03992052047898412,0.04271448974497775
77.34,0.4669018420020202,0.043973722633208506,0.21143132180734175
77.36,0.4853587151359254,0.04496334253585268,0.3903969416824564
77.38,0.49037972171470373,0.04263890946718778,0.5667011045519247
77.4,0.4869458050272212,0.03715910905074918,0.7272878861822367
77.42,0.4771809668955346,0.02898237433613205,0.8603687490952818
77.44,0.4620531951740004,0.018777956929892987,0.9564373720105276
77.46000000000001,0.44213523447198555,0.007348797857265945,1.0089567714929695
77.48,0.4178786561887781,-0.004442404360208474,1.014745571092028
77.5,0.3897085424117047,-0.01574440735746217,0.9740732640466279
77.52,0.35806037778665784,-0.02578265075848614,0.8904812579571015
77.54,0.3234015060350358,-0.033914420981965496,0.7703618141123973
77.56,0.2862536062216062,-0.03967036883220146,0.6223425768010533
77.58,0.2472261307157438,-0.04277980913398884,0.456536807474728
77.60000000000001,0.20707046016012678,-0.04317844149858679,0.28372733226339275
77.62,0.1667649996391231,-0.040998368881823295,0.11455517234212105
77.64,0.12763719953576455,-0.03654149590054115,-0.04121809887664402
77.66,0.09151283639527673,-0.030238626825289723,-0.17531199610425857
77.68,0.06085467035753661,-0.02259800871736995,-0.281342532134395
77.7,0.03883396957251464,-0.014148637343511173,-0.35501931621770577
77.72,0.029319789667010578,-0.005384576503476469,-0.3941158452245801
77.74,0.03687968890353258,0.003284616977682527,-0.39822805999059674
77.76,0.06685509998081486,0.011575106984968428,-0.3683508393536081
77.78,0.124791769257368,0.019355690579829818,-0.30631353098837183
77.8,0.21216271336727655,0.026621643281354947,-0.21419030417325516
77.82000000000001,0.3152517364845982,0.033308983081892424,-0.0940920680010928
77.84,0.40298621731002177,0.038945633345749915,0.05090457130031067
77.86,0.4557579559887329,0.04262240470145123,0.214854095071303
77.88,0.47965840762230744,0.043519873731260234,0.3881546261064324
77.9,0.4868200293454462,0.04128835383582373,0.5588208283748328
77.92,0.48430244213518087,0.03602785611586722,0.7144087789506698
77.94,0.4751127758989958,0.02815923495608564,0.8435566646448324
77.96000000000001,0.4605252162311724,0.018319947384429273,0.9370491529387223
77.98,0.44121614152874616,0.007282073017607527,0.9885154471686246
78.0,0.4176808003819388,-0.004121569326929776,0.9948184708276779
78.02,0.390376691048886,-0.015066983697833953,0.9561571201914294
78.04,0.3597793391055991,-0.02480227489522675,0.875901747803602
78.06,0.3264157093309155,-0.03270105021187629,0.7601950540300048
78.08,0.29090002555247163,-0.038302525657802934,0.6173649436097352
78.10000000000001,0.25398595328000634,-0.04133578621128708,0.45720797792117196
78.12,0.21664747230169623,-0.04172676759441672,0.2902100617257816
78.14,0.1801995464946708,-0.03958771026245301,0.12677437416892728
78.16,0.14646220022927978,-0.035190047254734035,-0.023474853901065115
78.18,0.11795255806980945,-0.028923010240174154,-0.15225054675280728
78.2,0.09806303248293848,-0.021241770633560243,-0.2529729392538932
78.22,0.09116864364265945,-0.012610516079582561,-0.32092013210906045
78.24,0.10258193498704551,-0.003447188250053186,-0.3531517976201127
78.26,0.13799556159779316,0.00592041452328316,-0.3482301253210339
78.28,0.20094681476919668,0.015262855334576646,-0.30582342477919194
78.3,0.2858398548702405,0.024359424256514703,-0.22644498772009972
78.32000000000001,0.3716142228023439,0.0327617226717783,-0.11185316353480523
78.34,0.43482265922221836,0.03962992392517495,0.0336098108927502
78.36,0.47051136046900166,0.04400105945186784,0.20184104762432825
78.38,0.48680131051195746,0.0452162353580818,0.3813895252869919
78.4,0.49127392682505155,0.04306177802936226,0.5590611183263915
78.42,0.4878340011002753,0.037705596373809644,0.7216020097820482
78.44,0.47820672477520176,0.029605039166289034,0.8570374144488234
78.46000000000001,0.46323322948390316,0.019427403370219774,0.9556668304147063
78.48,0.44344705866400513,0.007976168683954047,1.010755714844338
78.5,0.4192857255223798,-0.0038821438645456176,1.0189338113290327
78.52,0.3911660308675121,-0.01528940155871987,0.9803033241609068
78.54,0.3595145221735207,-0.02546174896583351,0.8982710111887208
78.56,0.324785723965735,-0.03374566977764108,0.7791350046408287
78.58,0.28748142200260773,-0.03966052721949692,0.6314733539613769
78.60000000000001,0.24817958836840728,-0.0429249401725875,0.4653940545699475
78.62,0.20758184368157376,-0.04346558236080086,0.2917144658525066
78.64,0.16658927255018477,-0.041408245007428665,0.12114115660416934
78.66,0.12641323847295968,-0.037052212077608185,-0.03648057748945583
78.68,0.08871382877864105,-0.030830213510668496,-0.1727848829863709
78.7,0.055730337613570956,-0.02325760947086092,-0.28132031470581104
78.72,0.030343111672059823,-0.014876057183867256,-0.35776849383875026
78.74,0.016034912220367372,-0.006198073251457502,-0.39993704978372707
78.76,0.016837601761297612,0.0023419360241262017,-0.4075423558678317
78.78,0.0374378075827192,0.010428201112097251,-0.3818133308581297
78.8,0.08326317705299163,0.017895606810409748,-0.3249493720604758
78.82000000000001,0.15877422037477218,0.024737571879401815,-0.2394867355678406
78.84,0.259526538491596,0.031015184526919242,-0.12779157347405304
78.86,0.3609645433131204,0.036556217932812426,0.007680098279135728
78.88,0.43256018876469193,0.04066815811263287,0.16276435985598411
78.9,0.4690051386492105,0.04243732888690682,0.32988315469613394
78.92,0.482647444826791,0.04129070124437302,0.4983521202270132
78.94,0.4837251903317841,0.03714765424164805,0.6561969156740063
78.96000000000001,0.47704781203526725,0.030305186903546416,0.7919230638321725
78.98,0.46458364520641404,0.02131354848108471,0.8957657456008974
79.0,0.4472429576726515,0.01088441145004244,0.9605110239294349
79.02,0.4255980137520512,-0.0001853020583204904,0.9819862824942563
79.04,0.4001347525767184,-0.011083355592463543,0.9592597066305814
79.06,0.3713445724040607,-0.021046430351288326,0.8945707882893712
79.08,0.3397703616299344,-0.0294157942970635,0.7930198813217684
79.10000000000001,0.3060477563778877,-0.03568100548375636,0.6620579355913307
79.12,0.2709605491628705,-0.03950882838799575,0.5108302037015052
79.14,0.23552399905930452,-0.040755538413083735,0.34943708289059117
79.16,0.20110771442083414,-0.0394619267556271,0.1881803050220662
79.18,0.16960275852182935,-0.03583152158133945,0.03686305700546966
79.2,0.14361924755798575,-0.030193877106322257,-0.09579205512221872
79.22,0.12666970426829524,-0.022956383342225346,-0.20255378682838573
79.24,0.1232509713622577,-0.014549994328375672,-0.2778859447493141
79.26,0.1386295898642259,-0.005376952154696704,-0.31793463391610266
79.28,0.1777123159131111,0.004224953644824455,-0.3203325733203543
79.3,0.24145101362930296,0.013968449291798374,-0.2839438838787842
79.32000000000001,0.320278677344243,0.023497578611813,-0.2088578635769217
79.34,0.39345371840331467,0.0321867020406917,-0.09706789644695425
79.36,0.44473146566706917,0.0391208939026891,0.046294344864459554
79.38,0.47364557043568195,0.04341224620011516,0.21235887861637626
79.4,0.4870663441628147,0.04450869263829224,0.3893139541274464
79.42,0.49044324808965684,0.042261238233855684,0.5639545694377155
79.44,0.4865710346888056,0.03686541362267843,0.7231940657196679
79.46000000000001,0.47676452287814003,0.028786778339161084,0.8552919047672699
79.48,0.46173460981400377,0.01869089659542992,0.9507928321702499
79.5,0.4419784278352817,0.007373555454499091,1.0031878439525468
79.52,0.41792813340991314,-0.004310367639289277,1.0092930104058953
79.54,0.39000811586535744,-0.015516831040129308,0.9693449148815163
79.56,0.35866200826149247,-0.025477090322105447,0.8868258148259959
79.58,0.3243730551195146,-0.033552338401215194,0.7680492306913826
79.60000000000001,0.28768914186135525,-0.03927485701426307,0.6215528912933024
79.62,0.24926145119105347,-0.04237307088544684,0.45735859529900397
79.64,0.2099067404272677,-0.04277910296139652,0.28616659254021837
79.66,0.17070374316414405,-0.04061865628062228,0.11855523464172352
79.68,0.13312916077761186,-0.03618425516608332,-0.035745073602438074
79.7,0.09922205927364532,-0.02989414140532466,-0.16844120445285907
79.72,0.0717385158423795,-0.022240575272605142,-0.27307951755892657
79.74,0.05424612818070752,-0.013732816941079778,-0.3452286625694993
79.76,0.05115139067806458,-0.0048408367476800215,-0.38243379565797336
79.78,0.06770397873079204,0.004055098542712969,-0.3839559360874008
79.8,0.10971533380564844,0.012703540061937713,-0.3503295132678205
79.82000000000001,0.18124462843434486,0.020988450209204788,-0.28281516572984916
79.84,0.2765362395233164,0.028829451879292728,-0.1830028173866553
79.86,0.37119433210259056,0.0358944237320087,-0.053189215474297266
79.88,0.4379465622257214,0.041379471182991595,0.10205376953085821
79.9,0.47291653243456755,0.044331006854216426,0.27444991614515396
79.92,0.48701387509698874,0.044148077842196105,0.45250011093611725
79.94,0.48913849368768325,0.04071061337042391,0.6232783042282986
79.96000000000001,0.48352018113932427,0.03428026428177184,0.77418260538706
79.98,0.47192755064548364,0.025389650186901425,0.8942319293690124
80.0,0.45519945050836763,0.014755458451232722,0.9749702645277041
80.02,0.433869413764928,0.00320201511207301,1.0110484094835248
80.04,0.4083835818124711,-0.008411757382940891,1.0005075189326493
80.06,0.37917701080220384,-0.01926143034506709,0.9447774827990614
80.08,0.3467066030338817,-0.028618701977190547,0.8484125295928633
80.10000000000001,0.3114749734283911,-0.035901674850069364,0.7186017811414105
80.12,0.27406000592570706,-0.040710540209760455,0.5645069696127343
80.14,0.23516067339485716,-0.04284650705765565,0.3964904058123448
80.16,0.19566997109190618,-0.04231302330290649,0.22530253347503895
80.18,0.15678476279098127,-0.03929955094535786,0.06129977812667717
80.2,0.12015373357435748,-0.03414936740235149,-0.08624005839340808
80.22,0.08804328774304154,-0.027314181809368437,-0.2096460668608134
80.24,0.06347488310956513,-0.01929987690606004,-0.30318151448400477
80.26,0.05029095352744403,-0.010609083197772607,-0.3631457108742201
80.28,0.05316998243006613,-0.0016865045113958492,-0.38774987252840665
80.3,0.07760923033375887,0.00712837679291487,-0.3767876554050033
80.32000000000001,0.1292995314623374,0.01563362633101293,-0.3311417985959627
80.34,0.2103259409324563,0.02374806567796076,-0.25223934598887915
80.36,0.30914880489882496,0.03135177181149345,-0.14182105858788574
80.38,0.39693680051939484,0.03796389354913,-0.0027237402334571725
80.4,0.4525094133727494,0.04267085672591619,0.1593472520918562
80.42,0.4792865844050635,0.04459523061293727,0.33491081459743544
80.44,0.4886755514736476,0.04329989004857626,0.5117953084576252
80.46000000000001,0.48789822629061225,0.03880621997508023,0.6770304697689943
80.48,0.4801375065226321,0.03147770372566245,0.8184547279360158
80.5,0.46674431954330203,0.021917500896280608,0.9258695425028771
80.52,0.44841665040220013,0.01088633276496468,0.991829790907041
80.54,0.42564585388160053,-0.0007725302789578945,1.0121228323279368
80.56,0.39886999758787606,-0.012205219737861135,0.9859536647467297
80.58,0.3685297804495387,-0.022614218284226835,0.9158511513504682
80.60000000000001,0.33509641166817833,-0.031316501352756945,0.8073227366786441
80.62,0.299096499565925,-0.03778912914096619,0.6683005608739317
80.64,0.261146463997087,-0.041699390176488674,0.5084353169655619
80.66,0.22200704886350092,-0.042917737341597734,0.33830356494056407
80.68,0.18266891534697513,-0.04151297504574831,0.1685988214497987
80.7,0.14447736503106287,-0.03773036339116338,0.009376489070394484
80.72,0.10929149370941102,-0.031954536109924166,-0.13058240898681217
80.74,0.07964797810979214,-0.024660517527729707,-0.24423401279668022
80.76,0.05887871771106421,-0.016357676310574023,-0.3265224912003284
80.78,0.0511555845810445,-0.00753258109714176,-0.3744024841338834
80.8,0.06150079048278652,0.0014036636053515144,-0.38664031440565294
80.82000000000001,0.09566096098215152,0.010158802990446856,-0.3634211746225431
80.84,0.1586819807135832,0.01857967134787245,-0.30582021706819085
80.86,0.24875123752611894,0.02659365789010841,-0.21532031782012134
80.88,0.3466765001280844,0.03397192983344701,-0.09389550542198824
80.9,0.4227239528225916,0.04003516066686011,0.05471757186203593
80.92,0.4657149432020647,0.0438122419215952,0.22332432979866418
80.94,0.4845793484182252,0.04457129720955657,0.40116838469104815
80.96000000000001,0.4895200991379576,0.042061628990069766,0.5755178938164328
80.98,0.48587235165140835,0.03644826666911978,0.7335100054906941
81.0,0.4758868076559154,0.028195977357726044,0.8635763044790216
81.02,0.4605713753498516,0.017976963839051,0.9564497947533576
81.04,0.44051246870408545,0.006592707999965884,1.0058359097024225
81.06,0.416169215561028,-0.0050998784575501666,1.0087810570982336
81.08,0.3879747739362716,-0.01625902367640927,0.9657517201917385
81.10000000000001,0.3563762756674762,-0.026122343952269967,0.8804426353725526
81.12,0.32185909463083917,-0.03406082261607756,0.7593472258717398
81.14,0.28497330145741845,-0.039619026015772614,0.6111386282803716
81.16,0.24637322755738847,-0.04253906049195281,0.4459217343396289
81.18,0.206880738260541,-0.04276696537092286,0.27442430238826093
81.2,0.16758276390612958,-0.04044145798519914,0.10719796575922688
81.22,0.12996799940788623,-0.03586615146922568,-0.04610210798828321
81.24,0.09609021174698211,-0.029467633993541915,-0.17729712594882346
81.26,0.0687182718903061,-0.02174326312616584,-0.28007477591946855
81.28,0.051422666747185965,-0.013204045216020019,-0.3501586836040841
81.3,0.04859662906060642,-0.0043186585127423915,-0.3852497273876083
81.32000000000001,0.06546561858116623,0.004536404807738494,-0.3847543239034893
81.34,0.10782982392609218,0.013115514835685908,-0.3493330304171208
81.36,0.1797823161758595,0.021310515441938845,-0.2803452981067371
81.38,0.27561411814049447,0.029051018686128822,-0.1794439500045094
81.4,0.3708089998463953,0.03601474284397425,-0.048947564969770395
81.42,0.4378460141237805,0.04140304345576458,0.1065813716710666
81.44,0.472840281531779,0.044264126141893775,0.2788884418360467
81.46000000000001,0.486847666069926,0.044000066298820625,0.456505022468069
81.48,0.48885770599542083,0.04049533967439482,0.6265512456504811
81.5,0.483130553448036,0.03401590406751071,0.7764896233711066
81.52,0.4714430899646503,0.025097372309153758,0.8954182918895639
81.54,0.4546365895410021,0.014457713335799153,0.9749690731124326
81.56,0.4332459769947447,0.0029207626415588793,1.009882164526744
81.58,0.40771913229034873,-0.00865668795719229,0.9982828082591074
81.60000000000001,0.37849379231931285,-0.019453712145398,0.9416736073067021
81.62,0.34603106583365123,-0.028746512090001727,0.8446653535391283
81.64,0.31084017776541933,-0.03595825514698789,0.7144844391835916
81.66,0.2735094297297554,-0.04069427679554141,0.5603092845243326
81.68,0.23475419225093858,-0.04276051466017887,0.3924989779563311
81.7,0.19549296945088965,-0.042164243021286844,0.22178347199381576
81.72,0.1569612660629911,-0.03909738839866409,0.058485972488865
81.74,0.12086384063143461,-0.03390392008109557,-0.08815537686996476
81.76,0.08954414475411088,-0.02703413811062709,-0.2105079817390401
81.78,0.06612427805243615,-0.018990209466545144,-0.3028632198129284
81.8,0.05457473121355545,-0.01026866804043661,-0.36152889295806334
81.82000000000001,0.05973136621307337,-0.0013057770323305325,-0.3846955961024487
81.84,0.08722935860882426,0.007569250283245018,-0.3720985505778014
81.86,0.14258176825298413,0.016163091879572704,-0.3245220231961987
81.88,0.22652714641885524,0.02438744675749124,-0.2432840322371389
81.9,0.3246803639585763,0.03207153617105568,-0.13012324205140738
81.92,0.4076251182670806,0.03864675323569144,0.011830591778076372
81.94,0.4580433619241799,0.04316276993842219,0.17629814354548234
81.96000000000001,0.4816907479677591,0.04478834218023656,0.3532561537347737
81.98,0.48946018000471836,0.04315171415424913,0.5302353559689553
82.0,0.48773405511809337,0.038323370499622804,0.6941998970440544
82.02,0.4792779602747392,0.030700562476566787,0.83308625218036
82.04,0.4652892996732839,0.02091008194365849,0.9369075416622252
82.06,0.44641548680114407,0.009728237570178325,0.9985084356286655
82.08,0.4231316217608504,-0.0019937059756180682,1.0140131949186635
82.10000000000001,0.39587017964041393,-0.013401285102542949,0.982980801463217
82.12,0.3650692034064107,-0.0237033054263196,0.90828241782576
82.14,0.3311975020220579,-0.03222908518167677,0.7957300885570039
82.16,0.29477838796046874,-0.038472767768121266,0.653501221472946
82.18,0.25642337920759345,-0.04212190760456889,0.4914165268792545
82.2,0.2168860695804719,-0.043068701552593805,0.3201379844260916
82.22,0.1771468663732423,-0.04140346565108064,0.15035746308624282
82.24,0.13853602557590577,-0.03739116468402035,-0.007954202188416318
82.26,0.10288883008555386,-0.03143303400198712,-0.14617353844423425
82.28,0.07270062078351769,-0.024016730750061617,-0.2574729046827645
82.3,0.051228848033663586,-0.015660011125973636,-0.3370547083753958
82.32000000000001,0.042519101193745856,-0.006853999724455483,-0.38215746550842755
82.34,0.05141597472426626,0.0019885506908445764,-0.39184345704128243
82.36,0.08353360503221417,0.010576290192422896,-0.36659555407548455
82.38,0.14422802553547323,0.01876332637137107,-0.3077729125668339
82.4,0.23324634606283595,0.026505967162702374,-0.2170776289790838
82.42,0.33367374280538553,0.03364668519150717,-0.09650574411199343
82.44,0.4147887057988042,0.03958945031195562,0.050518188035439095
82.46000000000001,0.4618236863357131,0.04337942850921711,0.217329104021189
82.48,0.4827514792695185,0.0442420777410999,0.3936271029765722
82.5,0.48863045594428023,0.04188308998637772,0.5669509368375769
82.52,0.4854872246438684,0.03643901053200423,0.7245648219347459
82.54,0.4758676833266048,0.02835546678865893,0.8549343938078664
82.56,0.4608823031601078,0.018290159296508957,0.9487603399931221
82.58,0.4411516243985913,0.007033225788515141,0.9996642487599224
82.60000000000001,0.4171479207700615,-0.004566686550070682,1.004569398588291
82.62,0.3893125739502214,-0.015672744270728498,0.9637926559559299
82.64,0.3581018971001084,-0.025524008539454572,0.8808663484184148
82.66,0.3240146154076133,-0.03348944470006797,0.7621226826847423
82.68,0.28762146845629943,-0.03910837578641541,0.6160882117986027
82.7,0.24960897616752042,-0.042114843257298216,0.4527480160734659
82.72,0.21084863544442747,-0.04244450225073995,0.28274711597265756
82.74,0.17250244411418747,-0.040223885850955376,0.11659971090496837
82.76,0.13616953550429126,-0.035743078511042026,-0.03602490586802524
82.78,0.10406097320005359,-0.029414122201130814,-0.16687758388332474
82.8,0.07916353130907511,-0.021718957299544935,-0.26951571398579593
82.82000000000001,0.06534450129750378,-0.013152200033796578,-0.33946909441996653
82.84,0.06738483985973423,-0.004164801994197418,-0.37417667770822455
82.86,0.09089759862566141,0.004885579028196336,-0.3727093651235513
82.88,0.14149145785386225,0.01376743383350365,-0.33532218609265724
82.9,0.2206859831034915,0.022354744647895133,-0.262961283570863
82.92,0.3162966885910846,0.030464175010099768,-0.15710408269866202
82.94,0.4004566758034709,0.037553227266497714,-0.020586950579478493
82.96000000000001,0.4538728022425015,0.042684772868089894,0.1407078183529974
82.98,0.48007845910671804,0.04498412701873676,0.3170933346207232
83.0,0.4896404765274063,0.04401039003051516,0.4961963422736949
83.02,0.4892495757497356,0.039771558183124764,0.6648079738219707
83.04,0.4818907022565647,0.032616970074800355,0.8104703567151934
83.06,0.4688535116718181,0.02314041819431088,0.9226404970764085
83.08,0.45081655057410097,0.012100057970150168,0.9935046489283632
83.10000000000001,0.4282618152045333,0.00034365676267072206,1.0184855061748515
83.12,0.40161812841579186,-0.011264015576353629,0.9964545277766865
83.14,0.3713130410271024,-0.021909373669056167,0.9296614645754709
83.16,0.33779747335647864,-0.030889791848079582,0.8234065820927965
83.18,0.3015661605408886,-0.03766108421186259,0.6854971939989832
83.2,0.26318514093675915,-0.041869666766722054,0.5255440870271461
83.22,0.2233356942094384,-0.04336753886429106,0.35416324413498146
83.24,0.18288493064280875,-0.042209462483243726,0.1821532449394476
83.26,0.14299173161108536,-0.03863293688370941,0.01971875662717954
83.28,0.10524658459373723,-0.03302277343842517,-0.12419426397276126
83.3,0.07181990572289176,-0.025863404959288946,-0.24239584473299067
83.32000000000001,0.045565649354478155,-0.017683616427799833,-0.3297415223376959
83.34,0.03003686098761769,-0.008999748042377097,-0.3831955958501403
83.36,0.029459797166851605,-0.000263287696890551,-0.4016742963318166
83.38,0.04879456058832203,0.008183811421898989,-0.38569422905358447
83.4,0.09367266771420658,0.0161439455183396,-0.3368602791178988
83.42,0.16839867022531418,0.023570669457711284,-0.2572575996145919
83.44,0.2677597926888141,0.030471277782820747,-0.148985833019894
83.46000000000001,0.3667207460596375,0.03660479678944888,-0.014483282538190236
83.48,0.43599994722929725,0.04122354270054716,0.1418424415748087
83.5,0.471377383710976,0.04339563090690782,0.3120237850910319
83.52,0.48486038510030083,0.042544866978993234,0.4849540954858823
83.54,0.48611892258186823,0.03858533703783866,0.648221040035195
83.56,0.4796728820084129,0.03180942433170099,0.7898702793743728
83.58,0.46738071112995994,0.022768445455979107,0.8996688955210531
83.60000000000001,0.45011166024880855,0.012182701876090694,0.9699540656547202
83.62,0.42841708595710215,0.0008650017015829408,0.9961536544608113
83.64,0.4027636829481483,-0.01035072382204708,0.9770120962123223
83.66,0.37361698316252734,-0.02067570612979477,0.9145401712688748
83.68,0.3414810932365863,-0.029424371354408233,0.8137149212440494
83.7,0.30693227220094765,-0.036060514561766496,0.6819700178206204
83.72,0.27066347406478536,-0.040228643869714385,0.5285302632725039
83.74,0.23355260513953266,-0.04176855718379041,0.3636537942140746
83.76,0.19676656072380075,-0.040712377106773605,0.19785100151887786
83.78,0.16190897415998792,-0.03726446386058317,0.041149897464696564
83.8,0.13120564605216362,-0.03176588861105694,-0.0975265021373368
83.82000000000001,0.10769657048497026,-0.024646597421583444,-0.21081476082686765
83.84,0.09538017714250643,-0.016370020138983997,-0.2931572969900677
83.86,0.09923970413967886,-0.007376382083187332,-0.3408221863024926
83.88,0.12494353930437072,0.001967027353591861,-0.3517067075270914
83.9,0.17728132796871277,0.011391705997387288,-0.32498086047332075
83.92,0.2549850579469515,0.02068359542380293,-0.2607450114567994
83.94,0.34263629777327564,0.029498140606828573,-0.16013025017782828
83.96000000000001,0.41511684572832214,0.03712699973113706,-0.02632656398360616
83.98,0.4599859225815941,0.042598231275440004,0.13399980257961894
84.0,0.4823323382031506,0.045107997959722396,0.3104901371236472
84.02,0.49063627395691417,0.044277780748985494,0.4903919432412193
84.04,0.48996479520818853,0.04014079526206542,0.6602891532079225
84.06,0.4826237430108222,0.03305197802073737,0.8075719538610617
84.08,0.46967587351004314,0.023605178513601725,0.9215536872327362
84.10000000000001,0.4517297860225321,0.012558818921338163,0.9942765660746532
84.12,0.4292451897439603,0.0007628864587208124,1.0210239747041865
84.14,0.4026416657221108,-0.010913436977780855,1.0005413722285814
84.16,0.3723398505625931,-0.021650295578769903,0.9349740388353516
84.18,0.33878210994213453,-0.030737520722055395,0.8295456173862004
84.2,0.30245040633229525,-0.03762282126832437,0.6920183446756712
84.22,0.26389074661638745,-0.04194471245336359,0.5319902024251978
84.24,0.22375271398462598,-0.04354827670453057,0.36009426245943743
84.26,0.18285375873826407,-0.042483106152922,0.1871706162935136
84.28,0.1422770274405215,-0.038984003481672115,0.02348140935436836
84.3,0.10350249175947912,-0.03343621711150375,-0.12196519999063857
84.32000000000001,0.06854801270581214,-0.02632828910903036,-0.2419259794410787
84.34,0.04006665656658827,-0.018197135765850157,-0.3312276042168542
84.36,0.02134789145053476,-0.009571447595568381,-0.3868464126970466
84.38,0.016255810980715102,-0.0009196178242067139,-0.40776900533112814
84.4,0.029263315258296944,0.007394230668814485,-0.3946602715638582
84.42,0.06561268863034078,0.015146006921414237,-0.34937198567708655
84.44,0.1305757679570663,0.022272273688562334,-0.2743324288174113
84.46000000000001,0.22414332594261452,0.028826676621237293,-0.1719528627154613
84.48,0.32901930746395647,0.034754508364939575,-0.044531221008494506
84.5,0.4127812980967625,0.03953713544735486,0.10457782329816837
84.52,0.4600883634148215,0.04226219949021424,0.2690118576836046
84.54,0.4800676495021702,0.04219653202855126,0.4389304788906683
84.56,0.4847191231250183,0.0390966926399767,0.6025195610106366
84.58,0.4804275970806482,0.03314482238350589,0.7478885387194107
84.60000000000001,0.4698465438738494,0.02481564211694253,0.8644999877183105
84.62,0.4541226251721663,0.014775311016829523,0.9441272150463194
84.64,0.4338983077771464,0.003801566777912353,0.9814561846638578
84.66,0.4096717455038911,-0.007288157718669662,0.9743863475566553
84.68,0.3819229045571315,-0.01770343713940034,0.9240540778081167
84.7,0.35116772628194415,-0.02674018431389276,0.8346029618290866
84.72,0.317997368961716,-0.03382917638415012,0.7127372284352648
84.74,0.2831257729747156,-0.03857066226501146,0.5671080044831716
84.76,0.24746010612723301,-0.04075284140913711,0.407592839916721
84.78,0.21220669726105748,-0.04035311265057524,0.2445356039533388
84.8,0.17902093290108534,-0.03752217124193595,0.08801591849779972
84.82000000000001,0.1501962647758751,-0.03255229953099853,-0.052785506544019055
84.84,0.12886138742225636,-0.025832671900659254,-0.1700675118031472
84.86,0.11911962625828726,-0.017796269368836264,-0.25769170731017293
84.88,0.1260047437106166,-0.008865153472714228,-0.3112473744382283
84.9,0.15488730239067544,0.0005951788079158783,-0.32791084141617993
84.92,0.2091832450238018,0.010289313376310293,-0.3061750673781033
84.94,0.28464521290747097,0.01992323844295392,-0.2456683923675705
84.96000000000001,0.36401956907585725,0.029016332263324722,-0.1474931294866402
84.98,0.4262222923382291,0.03675568940422651,-0.015335269153023287
85.0,0.4641206226718269,0.0421889675512704,0.14346552720654088
85.02,0.4832202708929695,0.04459859832879547,0.3181258394524702
85.04,0.4902446539082204,0.043672254647194084,0.4957894263319744
85.06,0.48906821768682973,0.03947530730476408,0.6631297167055298
85.08,0.4815088205798544,0.03237472919407799,0.8077102219542229
85.10000000000001,0.46846640320555155,0.0229662584152793,0.9190432932119373
85.12,0.4505011862952379,0.012004403121754048,0.9893652093889155
85.14,0.42806183066844994,0.0003313807630679123,1.0141295771701475
85.16,0.40157051641567,-0.011193995000885353,0.9922154185136225
85.18,0.3714582651831533,-0.02176369899001604,0.925856800616547
85.2,0.3381859103079411,-0.03067971357687484,0.820317807633719
85.22,0.3022653723698902,-0.03740107769343652,0.6833537787435838
85.24,0.2642904215449372,-0.041575707682474664,0.5245139747647151
85.26,0.22498618490618214,-0.043055104342604525,0.35435076599564647
85.28,0.1852878800316971,-0.041891295129188336,0.18360550908154483
85.3,0.14645736176571972,-0.03831657544048614,0.022441444844439738
85.32000000000001,0.11023495785327281,-0.03270783288055348,-0.12021072744189588
85.34,0.07899991597507193,-0.025538596276969517,-0.23713872384077134
85.36,0.05588857634709301,-0.017323502256944207,-0.32312575869228044
85.38,0.044836234712588484,-0.008561121351829801,-0.37500014354607436
85.4,0.05058634921346289,0.00031916557892012185,-0.391462664211486
85.42,0.0786782985952834,0.009002205290302715,-0.372716394868337
85.44,0.13468290833765215,0.017315708935881823,-0.319943685402433
85.46000000000001,0.21975405787217356,0.025202472060460532,-0.23475793661128694
85.48,0.3199625929557971,0.03253537560743295,-0.1190428644655331
85.5,0.4052073802591709,0.038787326325716055,0.024106094818643675
85.52,0.45695681884925204,0.04302322764108152,0.18856142868486386
85.54,0.48095128393115955,0.0444102945047656,0.364470469225878
85.56,0.4886186738218005,0.04257915326299931,0.5395326697021509
85.58,0.4866660032021795,0.03760780364990479,0.7009024348461239
85.60000000000001,0.4779802160718054,0.029900679281227402,0.8367374521706795
85.62,0.4637974837545624,0.020088220551319008,0.9372943397039476
85.64,0.4447785073915737,0.00894581632113945,0.9956668389151321
85.66,0.4214057149212063,-0.0026806998393849235,1.008215446994788
85.68,0.39411944027865564,-0.013946178717353168,0.9747056146958895
85.7,0.363369088197511,-0.02407164761227253,0.898171532508298
85.72,0.32964103274476914,-0.03240035552241852,0.7845355421654707
85.74,0.29348615066256023,-0.0384407606606152,0.642028403527339
85.76,0.25555936199989415,-0.041893743250699216,0.4804684390303235
85.78,0.21668221614809643,-0.04266247673241789,0.31046618942912935
85.8,0.17793961950346798,-0.04084460079710273,0.1426250630727645
85.82000000000001,0.14081728104680036,-0.036707543684328575,-0.013192520787243645
85.84,0.10737105768158856,-0.030649097771762942,-0.1484698575116411
85.86,0.0803933645277253,-0.02314679100557228,-0.25645913365716966
85.88,0.06352695129831007,-0.014701132754798549,-0.3323879196618852
85.9,0.06130797931404722,-0.005778740231740655,-0.3734363960413671
85.92,0.07914175289132258,0.0032390200173019364,-0.3784963445355638
85.94,0.12283752248532724,0.012094584221204832,-0.34774655869475085
85.96000000000001,0.19576266668285217,0.020653957618913622,-0.2821361269681241
85.98,0.29029680410002207,0.02878955207985376,-0.1830670182621854
86.0,0.3809913238597499,0.036088808884830854,-0.05291085891263493
86.02,0.443145903065377,0.041691581014951316,0.10338537580141223
86.04,0.475322339022177,0.044657635486155416,0.2770865550819014
86.06,0.4881907309219801,0.04442597545643155,0.45636114003477185
86.08,0.4897953241245764,0.040905283422835566,0.6280926665995488
86.10000000000001,0.483899582342908,0.034374050975145495,0.779577669477772
86.12,0.47209670071491994,0.02537634763236672,0.8997883967717912
86.14,0.4551673653230507,0.014638104842042927,0.9802630185021289
86.16,0.4336253391847546,0.0029914683995480185,1.0156805923245178
86.18,0.4079077854062636,-0.008698344428039427,1.0041388509675644
86.2,0.3784423005024271,-0.019602433977401787,0.947145894041437
86.22,0.345676014254278,-0.028990107540766502,0.8493479514994846
86.24,0.3100966850302659,-0.03627929796330187,0.718031293814248
86.26,0.2722589058447386,-0.04107226709990817,0.5624509880585074
86.28,0.23282511742428702,-0.04317445766344636,0.39305003387130166
86.3,0.19263167292471423,-0.042595586517141015,0.22063851322889638
86.32000000000001,0.15278954867373462,-0.03953329678270606,0.05560355525520172
86.34,0.11482139634029052,-0.03434089021931433,-0.09278275580264983
86.36,0.0808155596558472,-0.02748195665879449,-0.21689901888551893
86.38,0.053549103498533895,-0.01947623185902981,-0.31110941559939137
86.4,0.03653078231245866,-0.01084247740971952,-0.37187398606481487
86.42,0.033987383937410034,-0.002044454286640556,-0.3976347835352881
86.44,0.050902373461929815,0.006555953232669403,-0.3884993771336886
86.46000000000001,0.09294462285730311,0.01473574590742509,-0.34575505569154324
86.48,0.16467214343577538,0.022421540148585908,-0.27127617347515254
86.5,0.26192402599099895,0.029603829317904187,-0.16704488168190645
86.52,0.36119350614680973,0.03605171269412814,-0.035398621455642126
86.54,0.43265679734915485,0.04103749249583462,0.11943098524762996
86.56,0.47012393463941665,0.043614265406515085,0.2896716072707161
86.58,0.4849861876743332,0.04316219340419374,0.4642834943954801
86.60000000000001,0.4871609055005727,0.039553209197873265,0.6307427356490667
86.62,0.4814022549911374,0.03304886556794905,0.7768368686791152
86.64,0.46967107904763744,0.02418061834776808,0.8919738978353644
86.66,0.45287082407593027,0.013658860473168163,0.9680726285168221
86.68,0.4315604711708069,0.0022958014654846605,1.0001217522094619
86.7,0.4062033764583898,-0.009066718841060802,0.9864414838431487
86.72,0.3772549721302598,-0.019624758384567675,0.9286650431269015
86.74,0.34520214427213547,-0.028672008728330135,0.8314643640127388
86.76,0.3105939067066083,-0.03564804122152372,0.7020586653825579
86.78,0.2740806374554643,-0.04017195678417508,0.5495583510292588
86.8,0.23647421401586088,-0.04205936121848646,0.38420715832969893
86.82000000000001,0.19884101076217553,-0.041321757814222045,0.21659146715968033
86.84,0.1626369744668875,-0.03814864424929576,0.05688692622788834
86.86,0.12988239273126093,-0.03287383715035247,-0.08579103721177556
86.88,0.10335068603852691,-0.02592893939860364,-0.20387506376026773
86.9,0.08672252908525988,-0.017788437520932877,-0.29162908032327567
86.92,0.0846558652655146,-0.008912299968592132,-0.34520478742187294
86.94,0.10268385365910887,0.0003070814486977034,-0.3624747068090039
86.96000000000001,0.14640672576797076,0.00958261919327091,-0.342678149326984
86.98,0.2179901232482405,0.01872291013591936,-0.285993555399058
87.0,0.3078306753479253,0.027500322943546214,-0.19336437405432938
87.02,0.3911151488376813,0.0353831927840569,-0.06716312585392062
87.04,0.44736162092995796,0.04145683930778173,0.08728865219971184
87.06,0.4768997402666313,0.044804275774815716,0.26083728012513174
87.08,0.4891290376975252,0.04489264830119944,0.44135701689048
87.10000000000001,0.49084693810154983,0.0416345631077405,0.6155007386492442
87.12,0.4852688394364514,0.035299719699472265,0.7703194944527992
87.14,0.4738044815603153,0.026422508081039388,0.8945004123628721
87.16,0.4571785205495123,0.015723510594543282,0.9792655274776343
87.18,0.4358861644124248,0.0040354555842481085,1.0189680337812577
87.2,0.4103550238425345,-0.007769905779708874,1.0113941844869319
87.22,0.3810031472595144,-0.0188519519695757,0.957777456558001
87.24,0.3482642424460467,-0.028464314187729937,0.8625447233581978
87.26,0.31260539668315523,-0.03600683166004235,0.7328309870051399
87.28,0.2745485769266413,-0.04106296940058624,0.577814416527759
87.3,0.2347044225181833,-0.043420457376031424,0.40793473112159867
87.32000000000001,0.19382766731609632,-0.043074160068873865,0.2340644454394269
87.34,0.15290370485664562,-0.040211426249046084,0.06670396063106439
87.36,0.11326987738382109,-0.03518136692580365,-0.08473191744598985
87.38,0.07675620192253471,-0.028450760700373792,-0.21247669882262643
87.4,0.045799384190095625,-0.020550757709377067,-0.3107784857321881
87.42,0.023469499946678414,-0.0120201337382212,-0.3760440265486581
87.44,0.01340677006277086,-0.0033515540957464217,-0.4067597575081501
87.46000000000001,0.0197999245012334,0.005054497473785679,-0.40321230887627674
87.48,0.04755079160766276,0.01292748644907835,-0.3670416762720218
87.5,0.10214217361234947,0.02015466444201796,-0.30066072397427734
87.52,0.18659982672768574,0.026771086863391344,-0.20662029718306535
87.54,0.29121111793702176,0.032813306839887715,-0.08724155753496726
87.56,0.3862486795907775,0.03796904747356111,0.054731634169159875
87.58,0.44658155588416126,0.04142082169315318,0.21424003326136018
87.60000000000001,0.4747452739081084,0.04231329474492907,0.3826633183096088
87.62,0.48379200643828046,0.04022672637311391,0.5487529077391318
87.64,0.4821774418124799,0.035210346006968,0.7005560154433854
87.66,0.47359458438832874,0.02764937080404819,0.8270331608283296
87.68,0.45957182295057336,0.01815115334348366,0.9191619656186117
87.7,0.44087442500217255,0.007459772064279246,0.9706487272873005
87.72,0.4180345711394777,-0.0036177156685134274,0.9783255998094555
87.74,0.3915353702412243,-0.014279510896913452,0.9422642903157362
87.76,0.361882293487652,-0.02379087986499135,0.865628783093493
87.78,0.3296455668572199,-0.031536334237981856,0.7542989318979171
87.8,0.29550484154540085,-0.037058900765161044,0.6163101541720074
87.82000000000001,0.2603126794160968,-0.04008394702336901,0.46116625583848797
87.84,0.22519007020905166,-0.04052608365597509,0.29909049611387784
87.86,0.19166421266089476,-0.038478820762516186,0.14028362692126928
87.88,0.16184854811324728,-0.03418789121294696,-0.005743502781631965
87.9,0.1386420676002731,-0.028010566766195205,-0.13070158083834307
87.92,0.1258897575990852,-0.020365015694227565,-0.2278701384022364
87.94,0.12839108727228157,-0.011675889351606595,-0.29223225426937566
87.96000000000001,0.15146411568759993,-0.0023258140239878888,-0.3203992219852411
87.98,0.1991594996949378,0.007367868757818049,-0.3103822500846531
88.0,0.26945279880947737,0.01710845627760845,-0.26138794688731865
88.02,0.34820614135134065,0.026460491929336576,-0.17401700865660338
88.04,0.41422675832672584,0.03467740676911838,-0.05120668030587243
88.06,0.4568526634459447,0.040810493409595625,0.10061557336328206
88.08,0.4795266002048877,0.04406875765510277,0.2714259043522258
88.10000000000001,0.48903157986235934,0.04404250535211477,0.44876882489921766
88.12,0.4897403816658459,0.04070860139031475,0.6193416746154741
88.14,0.48377567667211674,0.034361240331679234,0.7704088082051475
88.16,0.4721675113816203,0.025539914813233137,0.8909251313156162
88.18,0.45552409601531874,0.014960428634407929,0.9723791836004713
88.2,0.43430997944284694,0.0034448217412421777,1.0093588449490682
88.22,0.4089511204439486,-0.008149604534463104,0.9998341772940201
88.24,0.3798773792974297,-0.01899874145246487,0.9451599962398591
88.26,0.34754574243521985,-0.028373177904374366,0.8498170379585481
88.28,0.31246168340011093,-0.03568857113582913,0.720928096195257
88.3,0.27520852857546635,-0.04054154438662966,0.5676006867821598
88.32000000000001,0.23649406334127782,-0.0427288973988701,0.4001589594864848
88.34,0.19722491422140231,-0.0422491365710337,0.22933400210348368
88.36,0.15861846310553968,-0.03928654911922701,0.06548321102092411
88.38,0.12235350494047707,-0.03417925876752863,-0.08209391008714914
88.4,0.09073965603765559,-0.027374021154015837,-0.20568449169527916
88.42,0.06685964281656288,-0.019372039048780956,-0.29949057065642337
88.44,0.05464218070036483,-0.010671468752785906,-0.3597319670427286
88.46000000000001,0.058880330214871136,-0.0017125450572242806,-0.3845225948175136
88.48,0.08517702759971167,0.007169682136446864,-0.37354084220920253
88.5,0.13911169213235605,0.01577558558325329,-0.3275392380085161
88.52,0.2218658818290141,0.024014895749289653,-0.24782316737755444
88.54,0.3199965917224047,0.03172875349431823,-0.13610190106930678
88.56,0.4043177712240127,0.03837285711197355,0.004602178466886389
88.58,0.4563135359043815,0.04300577422663937,0.16819371415028248
88.60000000000001,0.48098007255295666,0.044779190927798036,0.3448132126580418
88.62,0.48932606452369165,0.04329785184981194,0.5220673624784591
88.64,0.48797031689947645,0.03861374235316501,0.6869110800665227
88.66,0.4797996035891814,0.03111095558349006,0.8272087723291057
88.68,0.4660565996081293,0.02140722995712107,0.9328573561061289
88.7,0.4474035730686317,0.010273420597197313,0.9965563592854633
88.72,0.4243199674933887,-0.0014412018207514586,1.0142700408349739
88.74,0.3972389774837837,-0.012880869472043333,0.9853960791362569
88.76,0.3665978749870805,-0.02325011404904382,0.9126556312898926
88.78,0.3328637086146457,-0.031871527250475734,0.8017329387658733
88.8,0.2965568684467531,-0.03823074880671952,0.6607083132495895
88.82000000000001,0.2582841563532726,-0.042005835549058956,0.4993416444367283
88.84,0.21879155543183723,-0.0430793261405133,0.32827268288310885
88.86,0.17904741861071538,-0.04153254317001902,0.15820863954808112
88.88,0.14036383796272356,-0.0376228830045848,-0.0008309484811745357
88.9,0.10455097449338616,-0.0317460719316491,-0.14014756787429583
88.92,0.07407341519022625,-0.024386754667763834,-0.25282138947244326
88.94,0.05215600230504561,-0.01606234059640209,-0.3339559076656396
88.96000000000001,0.04281311340780412,-0.007266151432004072,-0.3806945096418475
88.98,0.05085858651695539,0.0015846530917612545,-0.39201768959626987
89.0,0.0818839656048832,0.010192608023522422,-0.3683477976961266
89.02,0.14131442490652885,0.018405320010565312,-0.3110094716393443
89.04,0.22932010353083104,0.026176781948634265,-0.22169034244530733
89.06,0.3298220822005627,0.033359947424473985,-0.10235825654700999
89.08,0.4121732854259598,0.0393789208236431,0.04365744973102871
89.10000000000001,0.4605172477722413,0.043283462712274616,0.20984460093310198
89.12,0.48226771196488905,0.04428238066292497,0.3860276384804493
89.14,0.48861861490744457,0.04206109269694682,0.5597905108120838
89.16,0.4857879863589342,0.03674067246832051,0.7183704529859204
89.18,0.47641399312058164,0.02875593135778739,0.8501539628761011
89.2,0.4616406154087998,0.018757404335306826,0.9457268476477492
89.22,0.4420990654654306,0.007531321298775191,0.9985737328975888
89.24,0.41826438532137145,-0.004074470629613872,1.005471566999244
89.26,0.3905778377346929,-0.015221035280237006,0.9665935838493022
89.28,0.35949417385401616,-0.025142790102071457,0.8853421202693196
89.3,0.32550927462748025,-0.03320204024849984,0.7679421992000923
89.32000000000001,0.2891892883871053,-0.03893008674077195,0.6228427894585173
89.34,0.25121341102592487,-0.04205232480738849,0.4599849779203317
89.36,0.212441538925315,-0.042495908524613824,0.29000434256452634
89.38,0.1740177703086429,-0.040379765470876995,0.12343809508729973
89.4,0.13751502688265277,-0.0359879500052388,-0.029993978725074696
89.42,0.10510891192318844,-0.02972860034981972,-0.1619722130549233
89.44,0.07974269483082018,-0.022082233804601902,-0.2659727514648059
89.46000000000001,0.06523492838699257,-0.013544625548285252,-0.33744362755976254
89.48,0.06631555494677167,-0.004570309320253237,-0.3737516056609989
89.5,0.08855861073014092,0.004477512464305511,-0.3739138864822509
89.52,0.13763399692547987,0.01336123957395173,-0.3381558877581199
89.54,0.21550209120380898,0.021953032101712545,-0.2674125354096226
89.56,0.3109741794626906,0.030081974550860893,-0.16313233320562093
89.58,0.3965673080407582,0.03723249800404012,-0.028039144290679545
89.60000000000001,0.4517668358932463,0.042480391903486084,0.13218848522016868
89.62,0.47916463028033085,0.04493459249898608,0.3080577424751983
89.64,0.4893979968300517,0.0441284243049835,0.48729740748401934
89.66,0.48942741288078917,0.04004893311244307,0.6567054197034915
89.68,0.48238563660897704,0.03303039821562084,0.8037591776253621
89.7,0.469619110099919,0.023656047028341145,0.9178000617665637
89.72,0.45182537151040975,0.012677338465232724,0.9908642697071944
89.74,0.42949222213699184,0.0009390622807507638,1.0182051188168548
89.76,0.40304982547152596,-0.01069340088413551,0.9985200242754447
89.78,0.37292539131737645,-0.021402566382342395,0.9338938480365604
89.8,0.33956858638500304,-0.03047912738706498,0.8294833291987951
89.82000000000001,0.30347198565506794,-0.03737012191032743,0.692983423471493
89.84,0.2651981217221897,-0.041711910060904536,0.5339305102424916
89.86,0.2254225589701165,-0.04334603686138273,0.36290748368278314
89.88,0.1850031871100357,-0.042317295830535936,0.19072096890270845
89.9,0.14508465872438236,-0.038854529169399146,0.027621188520320625
89.92,0.10723730499698773,-0.033335906284719025,-0.11736954011501634
89.94,0.07360656580236322,-0.02624174271806656,-0.2369632369409003
89.96000000000001,0.04702077955630938,-0.01809946605166481,-0.32590645625816117
89.98,0.031012091967387075,-0.009426729057937514,-0.3810545079509479
90.0,0.029791375270668757,-0.000678641826930609,-0.4012246520908869
90.02,0.04830338377212387,0.007797374269220585,-0.3868528602194965
90.04,0.09217708059965676,0.015796976121973363,-0.3394880627815191
90.06,0.16584077427046306,0.023267396028797044,-0.2611865761869833
90.08,0.264582747634632,0.03021534153257495,-0.1540355891286658
90.10000000000001,0.36399298130760493,0.03641133311740812,-0.02043976041031533
90.12,0.43439958403320156,0.0411208855637996,0.1352837872778186
90.14,0.47070266597624605,0.0434073948661855,0.30527808953888225
90.16,0.48473056268408804,0.042677784966311694,0.4784983947648065
90.18,0.48631818048961184,0.038830580709219784,0.6425267021579928
90.2,0.48010727856872787,0.03214713945631399,0.7853498928945817
90.22,0.4680067743701032,0.023171493782256202,0.8966399587060178
90.24,0.4509028895511139,0.012619759102322808,0.9686161739605772
90.26,0.429351700744714,0.001303397184627431,0.9965774966367301
90.28,0.4038201917204794,-0.00994236742354475,0.9791394273307436
90.3,0.37477212049219377,-0.020325136949408122,0.9181937823640387
90.32000000000001,0.3427081605037979,-0.02915381622214938,0.8186171106692215
90.34,0.3081990275372326,-0.03588535363250904,0.6877675329690901
90.36,0.2719289585814301,-0.04015673770795394,0.534823260363823
90.38,0.23476227542284503,-0.04180026874794497,0.37002610674997266
90.4,0.1978451258994364,-0.04084128723038935,0.2038989260626
90.42,0.16275069932664765,-0.03747873419458441,0.04650679935442979
90.44,0.1316628243127246,-0.03205017493833704,-0.09317217771718582
90.46000000000001,0.10756820959786487,-0.024984352624261418,-0.20770997581182415
90.48,0.09440419871628526,-0.016745953237310967,-0.2914845217621157
90.5,0.09709606386656593,-0.007778749098409414,-0.3407091326769966
90.52,0.12130036816349976,0.0015449179446370281,-0.353243970804493
90.54,0.17199589616371247,0.01095258996519936,-0.3282413635843793
90.56,0.24861174004717154,0.020234391028146226,-0.2657868450402986
90.58,0.33675503720616123,0.029067261461249966,-0.16694705748944294
90.60000000000001,0.41114990854637046,0.03677191626560852,-0.034737477283914714
90.62,0.45791237108201166,0.04238108528368383,0.12442659434290228
90.64,0.4814483567600295,0.04506772610300983,0.30039406925854806
90.66,0.49043179834586254,0.04442517380361755,0.48051062424420304
90.68,0.49020225098327663,0.040464551862559435,0.6513568936747317
90.7,0.48320304245266016,0.03352474459286167,0.800244012155385
90.72,0.47054896424159415,0.02418826727613887,0.9163517904154734
90.74,0.45286603378163415,0.013206436704739786,0.9915520929802689
90.76,0.43061919633114143,0.001426262888128512,1.0209378146728838
90.78,0.4042289809124416,-0.010282064607878009,1.0030600642358
90.8,0.3741151783775634,-0.021094049803078302,0.9398812246043273
90.82000000000001,0.34071812951752284,-0.030291838006506984,0.8364669257909946
90.84,0.3045164246954278,-0.037313192071494646,0.7004569452101792
90.86,0.2660506422236988,-0.04178534685546841,0.5413695826108683
90.88,0.22596158409727773,-0.04354176665130035,0.36980436157094937
90.9,0.18505261109195742,-0.04262108663595853,0.19661330189459647
90.92,0.14438505092514048,-0.039248749269404436,0.032111406087558116
90.94,0.10540732117838521,-0.03380304472143474,-0.11460743452799907
90.96000000000001,0.07009613158147322,-0.02676855485773594,-0.23619226362604032
90.98,0.04105742189064957,-0.018681528997856644,-0.32735273869272574
91.0,0.021532269825222487,-0.010073219088251898,-0.38495204897068264
91.02,0.015333024608564953,-0.0014174580899419954,-0.40787978980526335
91.04,0.026864902214729737,0.006913713864428456,-0.3967306780160206
91.06,0.06129636152082803,0.014686245506275506,-0.3533222933182631
91.08,0.12398887227211712,0.021826663764509698,-0.28009003594552817
91.10000000000001,0.21573820394213544,0.028387183266811302,-0.17948001681387685
91.12,0.3209634847095746,0.034338116934473056,-0.053783519947059454
91.14,0.40741915508807786,0.03920685279144014,0.09380534482180333
91.16,0.45745449713397174,0.0420947788171173,0.257221962825239
91.18,0.4790620002250073,0.04223794069252662,0.4268799951944466
91.2,0.48458836941522127,0.03935540955879448,0.5910717025104784
91.22,0.48084457180326895,0.03360204677017843,0.7378823331537115
91.24,0.47068291344452706,0.025434199636773812,0.856660087830053
91.26,0.45532116765276764,0.015505962781467783,0.9390035856370791
91.28,0.4354244029507266,0.004588301012836882,0.9793865962622798
91.3,0.4114969342104808,-0.006503175766758212,0.9754792722665939
91.32000000000001,0.3840191593510212,-0.016975242380972966,0.9281907825416419
91.34,0.3535048774939908,-0.026116934706709886,0.8414570871737682
91.36,0.32054105359906626,-0.03334887504007241,0.721809157689415
91.38,0.2858347434027545,-0.03825889001130827,0.5777703828448139
91.4,0.2502820861292189,-0.040621639464985086,0.41914289640715224
91.42,0.21507210020929754,-0.04040107303184255,0.25624953222941615
91.44,0.18183416433313201,-0.03773570609075431,0.09920051366271085
91.46000000000001,0.15282539481838514,-0.03290796729523425,-0.04274845960145993
91.48,0.13112858558564294,-0.026300332887706074,-0.16168790811554623
91.5,0.1207959827648105,-0.0183427321981938,-0.2513515258105708
91.52,0.126814889686453,-0.009457872836697889,-0.30719593472770734
91.54,0.1545437961134754,-1.5021465695295305e-05,-0.3262739782803212
91.56,0.20752172059889337,0.009685454575237607,-0.3069736113999934
91.58,0.28194086015636655,0.01934824305806019,-0.24883284949697504
91.60000000000001,0.36115250964625467,0.02850075329825752,-0.15285117044519378
91.62,0.4240331573148213,0.03634195311992938,-0.02256712828729139
91.64,0.46278383270434814,0.04191920198117346,0.13485447208963755
91.66,0.4825390806984421,0.0445003930920705,0.30877278869690905
91.68,0.49003199811904075,0.04375438829480861,0.48640433759766705
91.7,0.4892216405221894,0.039729378315922666,0.6544223992429331
91.72,0.4819773348540311,0.03277810440887058,0.800327381492333
91.74,0.4692210125008459,0.023485288111501183,0.9135179562090272
91.76,0.45152105843560414,0.012597901138972743,0.9860795262827728
91.78,0.42932888775516037,0.0009543200972825655,1.0132920215498795
91.8,0.40306741441117155,-0.010586760885224955,0.9938528978538691
91.82000000000001,0.37316762093321265,-0.02121393664757725,0.9298212932175459
91.84,0.3400899564830614,-0.03022277501823414,0.8263061437883502
91.86,0.30434568403566387,-0.03706353499867114,0.6909382810779827
91.88,0.26652747984633834,-0.041373803394425306,0.5331809666338367
91.9,0.227358551507859,-0.04299409748555374,0.3635435021143919
91.92,0.18777079266316649,-0.04196571327961338,0.1927679019195105
91.94,0.14902082503881744,-0.03851131437982842,0.031059056625094512
91.96000000000001,0.11284217289641373,-0.032999975208019734,-0.11257558440953672
91.98,0.08160823315901093,-0.025899743199226204,-0.23082027009013256
92.0,0.05845615305990679,-0.01772233054060025,-0.3183379165509503
92.02,0.04733587738514344,-0.008965824541244302,-0.3718298164066896
92.04,0.05302138586794434,-6.116276521486437e-05,-0.38987204551501203
92.06,0.0810835264089911,0.008673338679804944,-0.37255251150002067
92.08,0.13707588366304835,0.017060561618929004,-0.3209541994364697
92.10000000000001,0.22200107263250088,0.025035506291117716,-0.2366157090942817
92.12,0.32170229653423393,0.03245849096735593,-0.12138646181228503
92.14,0.4062136235867567,0.03878879674464547,0.02161715025652595
92.16,0.4574479650469379,0.04308602438089812,0.18620652352491113
92.18,0.4812405065554231,0.04451944429658357,0.3624639921252559
92.2,0.48887046145190777,0.04272160164042804,0.53803364791279
92.22,0.4869349312952524,0.03777062423874664,0.7000183246579679
92.24,0.47827589822001143,0.03007063047384077,0.8365233135243043
92.26,0.46411434316385386,0.02025225454491616,0.9377524039932793
92.28,0.4451057622682481,0.009091898960907601,0.9967488901765412
92.3,0.4217300746370018,-0.0025627835592975335,1.0098285234094169
92.32000000000001,0.3944253195382288,-0.01386418045723677,0.976720642197389
92.34,0.3636377730313108,-0.024030444536164684,0.9004340857219045
92.36,0.32984903623922673,-0.0324018078778591,0.7868777201734177
92.38,0.29360252488783234,-0.03848385160018396,0.6442807124407351
92.4,0.2555414529441516,-0.04197499922103297,0.4824705516716421
92.42,0.21646912842718638,-0.042776657332753466,0.3120754798123253
92.44,0.1774425620359564,-0.04098564222865125,0.1437218684397089
92.46000000000001,0.13990618208253708,-0.0368697357576925,-0.012703886674073479
92.48,0.10585746670876224,-0.030828463707055515,-0.1486652179169854
92.5,0.07801018682772662,-0.023342618746871952,-0.25740440548170385
92.52,0.05990488669552722,-0.01491759140494459,-0.3341553874586846
92.54,0.055949203815604365,-0.006026518444011286,-0.3761275195234724
92.56,0.07141444785786252,0.0029412784727498877,-0.3822708808244304
92.58,0.112126918138323,0.01172056719749316,-0.3528549848519294
92.60000000000001,0.18217700220833632,0.020178027238556117,-0.28893825729216155
92.62,0.2760707293481461,0.02821607640491474,-0.19197938955591712
92.64,0.37002944163401424,0.03549338005613853,-0.06419946563964499
92.66,0.43697328045441075,0.04120563799470758,0.08988902719169417
92.68,0.4724917903539847,0.04439334830449478,0.2620614921506711
92.7,0.4871108928376546,0.044439307114456504,0.44082446064164305
92.72,0.48966629853501425,0.04120472586230006,0.6131848922341557
92.74,0.48440956857661904,0.034935456420216816,0.7664039111352287
92.76,0.47312742871816427,0.026152852110433097,0.8893090725656324
92.78,0.4566660525297709,0.015567295406951417,0.9732177949114993
92.8,0.43556025692627154,0.00400181926055751,1.01253914511093
92.82000000000001,0.4102541439181558,-0.007681198977445924,1.0050770120214103
92.84,0.3811780885596154,-0.018649712806704216,0.9520464114412027
92.86,0.3487811656619858,-0.02816451317922247,0.8578240809902792
92.88,0.3135535480797288,-0.03563060422425613,0.7294700585476419
92.9,0.27605342959563334,-0.040634133378292026,0.5760717083122737
92.92,0.2369486309696247,-0.04296263581385729,0.4079728506640179
92.94,0.19708335737501004,-0.042607569599732664,0.23595719723267186
92.96000000000001,0.15758004238382822,-0.03974934006683209,0.07045693335901149
92.98,0.1199788130736658,-0.034726217163658236,-0.07914591002612711
93.0,0.08639694003516799,-0.027989841369635234,-0.20506579571942501
93.02,0.059662744270282425,-0.020051517097518397,-0.30146195069318404
93.04,0.0433757747615859,-0.011424958384914325,-0.3645626520038962
93.06,0.041910126583364495,-0.0025715225508205026,-0.39256362041623905
93.08,0.06044048986808191,0.00614769033460756,-0.38532001240464553
93.10000000000001,0.10472708085020656,0.014508685810327195,-0.34386653263851474
93.12,0.17879307679477446,0.0224292761848811,-0.2698406826533343
93.14,0.2765181574618946,0.029863977095000504,-0.1650686342974018
93.16,0.3725185203132714,0.036503294590537576,-0.031963385094170925
93.18,0.439120489211364,0.041549983855201984,0.12484157225285802
93.2,0.47326268194615245,0.0440632353406214,0.29703912612257727
93.22,0.48650833506349067,0.04347023605768087,0.4731832546588063
93.24,0.4879042846132189,0.039682504846485646,0.6405247950980512
93.26,0.48166932563203574,0.032987771495324704,0.786755775214304
93.28,0.46955318571988025,0.023936281144890367,0.9012769022323482
93.3,0.4523873461221042,0.013253123712044387,0.9760661069166303
93.32000000000001,0.43070600367079165,0.001761859915978839,1.0062232779295288
93.34,0.4049614703206537,-0.009687827864825974,0.9902183155140062
93.36,0.37560040884962,-0.020287940102815698,0.9298579974717026
93.38,0.34309854073552937,-0.029332006351648548,0.8299962530579684
93.4,0.30798818618978113,-0.036263205348348954,0.6980273242322375
93.42,0.2708940142006972,-0.04070766664779274,0.5432152177283969
93.44,0.23258848448280833,-0.04249093090575355,0.3759231551305386
93.46000000000001,0.1940785072228639,-0.041636737757368605,0.2068124505689201
93.48,0.15673252021945386,-0.03834851267532049,0.046081163020873825
93.5,0.12244605867966797,-0.032975151798456115,-0.09719104628063159
93.52,0.09382070509000762,-0.025964075023081824,-0.21553448995701588
93.54,0.07430871944202623,-0.017806065850980757,-0.3033750546861504
93.56,0.06828575820389333,-0.00897769700228312,-0.35709228208779437
93.58,0.08103695702041883,0.00011257848280189255,-0.37485249085364175
93.60000000000001,0.11839267204863084,0.009167402336140704,-0.3562448109617938
93.62,0.1845104898480798,0.018011563065675855,-0.30179686357234486
93.64,0.2745961857732464,0.026505436679911735,-0.21260976442945018
93.66,0.36655854715683056,0.03428679171425901,-0.09068034822627657
93.68,0.43393416998238277,0.04055463737465532,0.05967553689534773
93.7,0.4709104148109206,0.044338373162044434,0.2304280739475707
93.72,0.4869350222681545,0.04498004778316587,0.4101710714532206
93.74,0.49065070411235157,0.042291119840010584,0.5858103192803278
93.76,0.4863712510975307,0.03647385841586034,0.7443163159768177
93.78,0.47593835843849464,0.028016948626103544,0.8740727467480637
93.8,0.4602219899979163,0.017610411177721462,0.9658468350686236
93.82000000000001,0.4397633493721622,0.00606964524407112,1.013441445680008
93.84,0.4150041591309699,-0.0057382332716703335,1.014048731384883
93.86,0.38636650358676977,-0.016965253274261932,0.96831382984757
93.88,0.35428494950431016,-0.02684705825436632,0.8801265151114208
93.9,0.31922643688295665,-0.03475687660017532,0.756174658445692
93.92,0.281712279882169,-0.04024548556712996,0.6053088120555166
93.94,0.2423516206290644,-0.04306472408508331,0.4377792246528981
93.96000000000001,0.20189591092293904,-0.04317333692616585,0.26441394609287505
93.98,0.16132438247823264,-0.04072517289147293,0.09580905702942481
94.0,0.12196562418325993,-0.036040962536440097,-0.05840044489869571
94.02,0.08564354549948519,-0.029566143065417785,-0.19012791764966241
94.04,0.054806704459663624,-0.02181864032350629,-0.29323199042025594
94.06,0.032582659549652906,-0.013332095486653142,-0.3636934353351372
94.08,0.022746627924114766,-0.004600878272871039,-0.3995664599835057
94.10000000000001,0.0297135568686863,0.003968179752869624,-0.4007223868578365
94.12,0.05865434541054123,0.012095750302411569,-0.36841674322415974
94.14,0.11512550457847844,0.019657662154437053,-0.3047174198515084
94.16,0.20133327926534167,0.026666260385709847,-0.21189326063200048
94.18,0.3052725921050102,0.033101411636617326,-0.09213361078923314
94.2,0.39621956755621496,0.038557641620655246,0.0516384841490933
94.22,0.4521336228889791,0.0421594913417527,0.21385207026311892
94.24,0.4777606450906708,0.04306896563740552,0.3853013890835936
94.26,0.48568400129663963,0.04090642097190739,0.5542869901505133
94.28,0.4835372573055803,0.035750821814781515,0.70854769903109
94.3,0.47460015505221825,0.028008441461946428,0.8368349130512636
94.32000000000001,0.4602463344897817,0.018304655173986953,0.9299940289512156
94.34,0.44118657413531404,0.007400589758411987,0.9816690516134325
94.36,0.4179302706460142,-0.0038807245945725564,0.9886960997218248
94.38,0.3909446669015874,-0.014723435331796427,0.9512112198091487
94.4,0.36071669385952954,-0.02438162570062251,0.8724935112781075
94.42,0.3277898752781163,-0.03223230716723386,0.758575544739306
94.44,0.2928036425899187,-0.037815272804419695,0.6176670753938515
94.46000000000001,0.256550071053529,-0.04085726040530427,0.45945004662128597
94.48,0.22006081822320384,-0.041278966033103645,0.29431094695003474
94.5,0.18473522573930645,-0.039184620123821214,0.13258009042652497
94.52,0.15251212370685288,-0.03483505567074876,-0.01615386888077644
94.54,0.12606768340862415,-0.028606549573990617,-0.14359223170647917
94.56,0.10899324208416508,-0.02093930534316735,-0.24308762001852835
94.58,0.10588043224717793,-0.012281179784574239,-0.3097876043371596
94.60000000000001,0.12216212684420658,-0.003034262842321944,-0.34055592245488797
94.62,0.16312442439823335,0.006482563779766884,-0.3337056274622444
94.64,0.23033121474124496,0.016022145923447435,-0.2886635825573834
94.66,0.31421668065429165,0.025283846296804007,-0.20588538296109915
94.68,0.39216605919101555,0.03368150118540371,-0.08752711603726905
94.7,0.44593649033468497,0.04029632723467957,0.0611886808831115
94.72,0.475323662780261,0.044221859345665346,0.23123994351051744
94.74,0.4883245202180523,0.044909131149883603,0.4106264308334046
94.76,0.49102409527652413,0.042233045028977075,0.5860128919082787
94.78,0.48642607311837527,0.03642080970090356,0.744297335607053
94.8,0.4758954103919556,0.027969149070794,0.873851456771886
94.82000000000001,0.4601510225544518,0.017570176530178252,0.9654486222812917
94.84,0.43968880088308215,0.006039397594080611,1.0129015352378907
94.86,0.4149372371774397,-0.005756660449024434,1.013410992152191
94.88,0.3863149677212887,-0.016970866599643464,0.9676278288052816
94.9,0.35425645956023816,-0.026839763648969096,0.8794439920247005
94.92,0.31923021625267756,-0.03473742140286027,0.7555460111177795
94.94,0.2817606238195552,-0.040215309679633264,0.6047800005343474
94.96000000000001,0.2424619137152625,-0.04302573259978501,0.4373894310141143
94.98,0.20209363090302035,-0.04312760157524604,0.2641942878696698
95.0,0.16164753025654877,-0.04067456591198878,0.09578263064386842
95.02,0.12247090027466877,-0.03598672398359114,-0.05821692281911184
95.04,0.08641431402886011,-0.02950838405046154,-0.18972060837564253
95.06,0.05596266487251242,-0.02175579069957868,-0.29258432928561096
95.08,0.03429212182758175,-0.013260302997489867,-0.3627782223346634
95.10000000000001,0.025244725051406194,-0.00451332951158238,-0.39833541171500586
95.12,0.03332866068111713,0.004082107983135515,-0.3990926666614414
95.14,0.06381914838265196,0.012251446693625618,-0.36625376383902447
95.16,0.12224103951350206,0.01987496694897445,-0.30181541772398757
95.18,0.2101446953464288,0.026962078678851333,-0.20796820793116708
95.2,0.3139014405473861,0.0334658029718644,-0.08687681116819684
95.22,0.4022454471842155,0.03892979057101963,0.05839623159263261
95.24,0.4552895750064558,0.04245336676910449,0.22196875505553412
95.26,0.47918181211106403,0.04322142313810829,0.3943256215367338
95.28,0.48622492322991234,0.04088926087749462,0.5635862380700181
95.3,0.4835718210949025,0.03556198249332176,0.7174322635522103
95.32000000000001,0.4742640861079321,0.027663790587990435,0.8446448203519386
95.34,0.4595877885370824,0.017832836269013202,0.9361597484651552
95.36,0.4402245852665962,0.0068390776058009,0.9857545389016248
95.38,0.4166740718987328,-0.004489346957685998,0.9904266644023668
95.4,0.3893994427254572,-0.015335170539024806,0.9504865498267692
95.42,0.35888478431492776,-0.024954601403473928,0.8693861662963452
95.44,0.3256702632398825,-0.032729950882470785,0.7533159492265273
95.46000000000001,0.2903905378641084,-0.03820892076354259,0.6106168834423383
95.48,0.25383077637790796,-0.04112804536513598,0.4510664716456053
95.5,0.21701286760541452,-0.04141889196527416,0.2851051470439198
95.52,0.1813226955997336,-0.03919680068572806,0.12307293133114715
95.54,0.1486808629020044,-0.034733162466243236,-0.025475397670710255
95.56,0.12173901109813703,-0.028413581766921197,-0.15231498927349593
95.58,0.10405647395680882,-0.020685842912542312,-0.25090627374218905
95.60000000000001,0.10019093507100442,-0.012003260568866988,-0.31653082580607994
95.62,0.11557557110433017,-0.002770724692797352,-0.34620318422416324
95.64,0.15565517297953915,0.006694481181350324,-0.3383905870803757
95.66,0.22254557799652014,0.016156114839199903,-0.2926513829556884
95.68,0.3075301128354637,0.025340407931915027,-0.209498438790996
95.7,0.387901565085285,0.03369632220668989,-0.09101373362373319
95.72,0.4439456257077625,0.04031835470313791,0.05776102600160805
95.74000000000001,0.4746251528717916,0.044283502670008065,0.2279728812034667
95.76,0.4881998262047826,0.04502064396458693,0.40770515818092884
95.78,0.4911505490718844,0.042390509246664695,0.583632404258054
95.8,0.4866821279493627,0.03661299060948854,0.7426206401766863
95.82000000000001,0.4762336189566538,0.028181254996063405,0.8729886012165695
95.84,0.46054764123612774,0.017786055233690756,0.965447168753633
95.86,0.44012685496814324,0.006243122167714104,1.0137444164474925
95.88,0.415400889057423,-0.0055795071886017905,1.0150200664468123
95.9,0.38678720677473033,-0.01683216506558586,0.9698720625013582
95.92,0.3547174834053301,-0.026748118849041744,0.8821511868185009
95.94,0.319655501200395,-0.03469775140835698,0.7585168431394711
95.96000000000001,0.2821180465275528,-0.04022878720488304,0.6078030052207717
95.98,0.2427072298675635,-0.04309008948252742,0.44025549661889424
96.0,0.20216343835170253,-0.043237792483396736,0.266709209594073
96.02,0.16144876274799183,-0.04082377806979802,0.09777631212761247
96.04,0.12186620686143217,-0.036167709994731324,-0.05688596303264124
96.06,0.08520354182474456,-0.029715075965337318,-0.1891666428693975
96.08,0.05386129957624294,-0.021985121772078405,-0.29290272936593265
96.10000000000001,0.030905443631302223,-0.01351414862417806,-0.36406131586545204
96.12,0.02003002087170769,-0.0048005564758135996,-0.40069629719255356
96.14,0.02553766510435668,0.003743321155803044,-0.40269769304988245
96.16,0.052466078678348786,0.011831095753450966,-0.3713648969604324
96.18,0.10637677389256804,0.01933132427879358,-0.30883940696810086
96.2,0.1902062357475698,0.02625696066629928,-0.21748177134333352
96.22,0.2939909417680426,0.03261727307061685,-0.0995212391235184
96.24000000000001,0.3880586040610834,0.038070643534540836,0.042274106428530675
96.26,0.447775922112421,0.041779735042102195,0.20271879160933165
96.28,0.4758026516530363,0.04288057472208553,0.3730117936112068
96.3,0.4849573409152451,0.04094714324573667,0.5416962737236711
96.32000000000001,0.483512300425065,0.03602264603457157,0.6965860298269262
96.34,0.47508066408153393,0.028488885950482146,0.8263885091378116
96.36,0.46116081776041823,0.018954004729177954,0.9218227249440387
96.38,0.442505107821999,0.008167380284305715,0.9763485993589485
96.4,0.4196365766143956,-0.003054599207052724,0.986581420940322
96.42,0.3930275253808668,-0.013897703505701232,0.952419918992067
96.44,0.36316774603949376,-0.02361286381078413,0.8769090616186509
96.46000000000001,0.3306036577391377,-0.03156969043513893,0.7658686174949927
96.48,0.29597855572893467,-0.03729712246476461,0.6273323551815762
96.5,0.260089843348104,-0.04050859664335634,0.4708549032023305
96.52,0.22397626768755474,-0.04111019254641578,0.30675165889752
96.54,0.18904624219810068,-0.039191374484168616,0.1453409948250834
96.56,0.15725007245742892,-0.034999166883473376,-0.003742877446863375
96.58,0.13127883687212336,-0.028897953890719332,-0.132104012857083
96.60000000000001,0.1147429958374633,-0.02131869758926794,-0.23295531498720667
96.62,0.1122507529894658,-0.012703191314166395,-0.3012738674461209
96.64,0.1292094715686925,-0.003451279308827008,-0.3337359905163615
96.66,0.17071521083001365,0.006114790588763191,-0.3284685891688856
96.68,0.2377892927540293,0.015734384791357293,-0.28474408396941614
96.7,0.32019250620823053,0.025078834847974244,-0.2029464608985864
96.72,0.39566740971193337,0.033530312657339266,-0.08528752448745701
96.74000000000001,0.44737551959800353,0.04016185554461211,0.06286734633049998
96.76,0.4756938095835697,0.04408354541805848,0.23237642298596545
96.78,0.4882763983491669,0.044764315008460884,0.4111954851921553
96.8,0.4908348476840384,0.04208832401782982,0.5859999114616624
96.82000000000001,0.4861968052219306,0.0362857798621226,0.7437215418647499
96.84,0.47566509491660025,0.027853362813763893,0.8727710339245034
96.86,0.45993953389513065,0.017481699965623005,0.9639573251202378
96.88,0.4395109950408547,0.005984063361891877,1.0111210927936887
96.9,0.41480768112566335,-0.005775623411452908,1.011481330149637
96.92,0.3862501151817854,-0.01695292094805658,0.965696391818661
96.94,0.3542765022149438,-0.02678690190220331,0.8776552211402149
96.96000000000001,0.3193615275172426,-0.034653777346317735,0.7540319299905884
96.98,0.28203948088849984,-0.0401065673895358,0.6036527690603832
97.0,0.24294031635749694,-0.04289835764061182,0.43673662617653203
97.02,0.20284827369958724,-0.04298791318628262,0.26407758248886787
97.04,0.1627931138907065,-0.04052765818659986,0.09624048606881869
97.06,0.12417870519505694,-0.035835234088214214,-0.05716194428671348
97.08,0.08893623325281831,-0.02935110628400275,-0.18804929421630212
97.10000000000001,0.059660711833730694,-0.02158614774919409,-0.290262432706831
97.12,0.03967637658054901,-0.013064674273261061,-0.3597316875434669
97.14,0.03302874941932962,-0.004269130495326108,-0.3944184792356903
97.16,0.04450233373122198,0.004408820930595312,-0.3940474054665381
97.18,0.0796418698446589,0.01270832543644906,-0.3596595534858809
97.2,0.14369420018011983,0.02052037125607801,-0.2930362912335809
97.22,0.2358556948396669,0.027837433835832454,-0.19615193343488432
97.24000000000001,0.3377847249574517,0.034520600590626276,-0.07115860936524519
97.26,0.418047392782948,0.039968856126746,0.07838527711893158
97.28,0.4632988620270304,0.04323397606880065,0.2456693033519438
97.3,0.4827165113186757,0.04357946349134913,0.42034053628797197
97.32000000000001,0.4874842081562802,0.04075808795597885,0.5900636904362311
97.34,0.48347836823023804,0.0349453212106191,0.7424037119856491
97.36,0.47314974238670066,0.02661383130007068,0.8662591565824375
97.38,0.45757240456073733,0.01643632694565961,0.9528476682910699
97.4,0.4373580084489951,0.005206239026460247,0.9963442333196526
97.42,0.4129823019667326,-0.006235452854799371,0.9942164283506151
97.44,0.38489804468370864,-0.01706915980025666,0.9472750227027993
97.46000000000001,0.35358124626426446,-0.026558750530720116,0.859461376724503
97.48,0.31956197066295083,-0.03410303690341436,0.7374065126375414
97.5,0.2834601703287791,-0.03927336231803604,0.5898110722980539
97.52,0.24603937225941688,-0.04183493335814838,0.42670683468592097
97.54,0.20829024445054092,-0.04175068561135005,0.2586676338012977
97.56,0.17155453960399697,-0.03916766708217694,0.0960399721203037
97.58,0.13769111816472338,-0.03438714015417279,-0.05173872472723212
97.60000000000001,0.10926509672799012,-0.027820943945463594,-0.176673688477567
97.62,0.08971582619020803,-0.019938201096418164,-0.27255089736527127
97.64,0.08345250967215423,-0.011207940183096687,-0.3350517698875787
97.66,0.09581554377735738,-0.0020441972899694644,-0.3616409646710735
97.68,0.1325597740145786,0.007237323063344764,-0.3512535182084931
97.7,0.19733125961095063,0.016427046930826295,-0.30386643820275305
97.72,0.28442903623398597,0.025328962854436223,-0.22021050739592118
97.74000000000001,0.3720226589543427,0.033513006895149286,-0.10217042117615652
97.76,0.4359039277744494,0.04014138532017075,0.04582595104777627
97.78,0.47139734541433276,0.04424996250245772,0.2155844893123705
97.8,0.4872098793547507,0.04519068155853626,0.39558063885436173
97.82000000000001,0.4911843237562178,0.04276933659009,0.5726102012312014
97.84,0.4872811429213656,0.03717434306189365,0.7334911653969827
97.86,0.4772276010505249,0.028880663629767715,0.8663975966913924
97.88,0.4618607545662387,0.01856865512427854,0.9618395536196567
97.9,0.4417118470353148,0.007049531663439008,1.0133348071148978
97.92,0.4172178790511973,-0.004808041268434817,1.017785185831468
97.94,0.3887962766057753,-0.016149204567268746,0.9755625941318509
97.96000000000001,0.3568750444939116,-0.026198223041228312,0.8903204505950019
97.98,0.32191105880328674,-0.03431363536209846,0.7685628451506318
98.0,0.28440979160542557,-0.04002962437065156,0.6190196126145939
98.02,0.2449551529325809,-0.04308106143060919,0.4518879294203274
98.04,0.20425847393337263,-0.043410913518760405,0.2780087810023333
98.06,0.1632364188489959,-0.041159952443611696,0.10804937993523799
98.08,0.1231238849639686,-0.03663991098962977,-0.048239566861753666
98.10000000000001,0.08561287053456693,-0.03029245247792727,-0.18262983584330558
98.12,0.05297923250835124,-0.022637725843249707,-0.2888351928276613
98.14,0.028135845559368204,-0.014217880951614845,-0.36271299430642284
98.16,0.014585504537250016,-0.005541999667931727,-0.40224052063722743
98.18,0.016369911416626692,0.002962147549962502,-0.407283387987945
98.2,0.038189412797802476,0.010987873537329619,-0.37918809161178235
98.22,0.08547533820257276,0.018380808011490307,-0.3202316004259531
98.24000000000001,0.16251713551749156,0.02514443876333004,-0.23298470654890302
98.26,0.2641483053400358,0.03134153969816025,-0.11982082430308882
98.28,0.36489369449316283,0.03678366532746732,0.016768743647888527
98.3,0.4348071019876578,0.040759252146798826,0.1725032377933172
98.32000000000001,0.4698872906308675,0.04236185768131376,0.339659474081492
98.34,0.4827360287244136,0.04104322482911513,0.5074802008728663
98.36,0.4833406721006472,0.036745017206079124,0.6640162143702446
98.38,0.47633004115146355,0.029779500019448454,0.7978731095011492
98.4,0.4635987454541094,0.020706510367119065,0.8994353495935151
98.42,0.44603275773582474,0.010242688761981743,0.9616671708459119
98.44,0.42419812275918384,-0.0008142181364040333,0.9805855945266082
98.46000000000001,0.39858129583436863,-0.011654908591986504,0.9554440783171027
98.48,0.36967764275966797,-0.02152223198851329,0.8886489734656527
98.5,0.3380371280608785,-0.029766141860021952,0.7854375169377127
98.52,0.3043065705104597,-0.035886520741577194,0.6533592071787737
98.54,0.2692870346279246,-0.03956111107244889,0.501614900816567
98.56,0.23402005448105817,-0.04065679090377154,0.3403170946046802
98.58,0.19991408390942111,-0.03922357244697742,0.17973964813761698
98.60000000000001,0.16891482517477202,-0.035471911453825215,0.02962529938712953
98.62,0.14370358791641255,-0.029735269555184175,-0.10138566412818566
98.64,0.1278754581181181,-0.022421506983711707,-0.206153142255461
98.66,0.12600262801072545,-0.013958693615802065,-0.2792271164563763
98.68,0.1433618997242968,-0.00474384067359201,-0.3168230565209402
98.7,0.1846347064047934,0.004889650652879829,-0.3166221331545653
98.72,0.24998897979992885,0.014650168467174141,-0.2775332005265328
98.74000000000001,0.328604780865527,0.024157894221177128,-0.19974408524684595
98.76,0.3995535237697704,0.032750582239537716,-0.08547593035122021
98.78,0.44819318821263593,0.03950014662535237,0.05979957807480074
98.8,0.4752549801117394,0.04354380014878813,0.22690026216060882
98.82000000000001,0.48757553332214165,0.04436823152205445,0.4038395330328771
98.84,0.49025099216956863,0.04185781288234446,0.5773847106873167
98.86,0.4858562763063344,0.03623318180855121,0.7345380863333822
98.88,0.47561399249819597,0.027978094035351782,0.8637342678129377
98.9,0.46020225958262295,0.01777014221223714,0.9557534892562971
98.92,0.440107994758949,0.006411124930563572,1.0043582932228226
98.94,0.41576152984892994,-0.0052439426152216945,1.0066485097327789
98.96000000000001,0.3875891718688734,-0.01635633204327484,0.9631339319580323
98.98,0.356039099580231,-0.026167292704502933,0.8775391000884962
99.0,0.3216021358080158,-0.03405160761439302,0.7563722433539412
99.02,0.284838237216302,-0.039557424781980544,0.6083064169771576
99.04,0.24641776718324943,-0.04242984944329227,0.44343315177706605
99.06,0.20718777476351732,-0.04261699171572681,0.27245659407213013
99.08,0.16827371128599278,-0.040258387242463646,0.10589888259421691
99.10000000000001,0.1312210609155082,-0.03565691611270676,-0.046614574438345754
99.12,0.09816343718262877,-0.029236624240219056,-0.1769282692085139
99.14,0.07197685063469822,-0.021490327535932663,-0.2787390565410923
99.16,0.05637167356623896,-0.012922377020645928,-0.3477573638706394
99.18,0.0559202881611416,-0.003992610886437149,-0.38163989648828656
99.2,0.07604093413851715,0.004933330169433537,-0.3797093210135978
99.22,0.12251980137541706,0.013620409374623868,-0.3424979462768998
99.24000000000001,0.19843304328869646,0.02195946984107372,-0.271211213918918
99.26,0.29506804079650356,0.02983766906884174,-0.16742244876127121
99.28,0.38565621105718917,0.03683290747877573,-0.033662778839796646
99.3,0.44613001783676565,0.042070904645500236,0.1248999127016638
99.32000000000001,0.47662909364416944,0.04462889738753482,0.2993104572111535
99.34,0.4882987325341485,0.04398630830266644,0.47764208454785706
99.36,0.4890331847807354,0.04009179177248008,0.6468491099199017
99.38,0.48243935340635286,0.03325533346646592,0.7944425547205247
99.4,0.4700383823861304,0.02404329219509305,0.9097166895625034
99.42,0.45258537794485676,0.01319475613970786,0.9846025906026209
99.44,0.4305874209480088,0.001545980011286392,1.0142066864717891
99.46000000000001,0.4044828748338312,-0.010042334821370538,0.9970530438959712
99.48,0.3747051248246442,-0.02075349005528791,0.9350422593902926
99.5,0.34171158810192076,-0.029875227194861874,0.833151227342059
99.52,0.30600654099453595,-0.03684827573976123,0.698913741420953
99.54,0.26817083155538524,-0.041299902635550445,0.5417360383800348
99.56,0.22890864151552495,-0.04306047019766683,0.372111664995119
99.58,0.18912198335219896,-0.04216223234233562,0.20080558442137153
99.60000000000001,0.1500221278281058,-0.03882081394844497,0.03807807932542402
99.62,0.11327732299431292,-0.033401030593561136,-0.10698518102609397
99.64,0.08117321478518714,-0.026370039577989213,-0.22697977172482892
99.66,0.05673638229382714,-0.018242352858323298,-0.3164836976327188
99.68,0.043781258639353365,-0.009522580374052656,-0.3721320146690434
99.7,0.04691652629560546,-0.0006517312182692678,-0.3924678381262457
99.72,0.07155737677092641,0.008038873119120306,-0.37759267600588325
99.74000000000001,0.12340652911135389,0.016359688229817728,-0.32865627995548685
99.76,0.2048476576250473,0.02424859984811652,-0.24729119213727704
99.78,0.30486451038955453,0.03161557470385006,-0.13534654207733282
99.8,0.39442287205592946,0.0380137798354544,0.004366220144332217
99.82000000000001,0.4512934662295444,0.04254584919771701,0.16627386170230765
99.84,0.47858065155020596,0.044331730543006695,0.3410491581145181
99.86,0.48804474379588775,0.04293091548456679,0.5166577082695833
99.88,0.4871959661169177,0.038365835902393015,0.6802623977734626
99.9,0.4793380841675025,0.031002147129575587,0.8198424466201955
99.92,0.46586291631805155,0.021443692171230294,0.9253463565730956
99.94,0.4474822447942769,0.010449460913498087,0.9894740691452456
99.96000000000001,0.42469383745584494,-0.0011414524876777509,1.0081461143011425
99.98,0.397941450248228,-0.012481409245199675,0.9806796741493761
100.0,0.3676734689999028,-0.022780564911929306,0.9096877627902723
100.02,0.33437280670044867,-0.031364280193567885,0.8007296029467627
100.04,0.2985843576627344,-0.03771792469472538,0.6617554565559439
100.06,0.26095325125534535,-0.04151622082097005,0.5024023872056896
100.08,0.22228507085570545,-0.04263540053726748,0.3332066454868472
100.10000000000001,0.18363933414490632,-0.04114765289427547,0.16480287272235836
100.12,0.14646384173108043,-0.03729854362052078,0.007179998957121847
100.14,0.11276361158952244,-0.03146933356965543,-0.13094147093347713
100.16,0.08527290032292374,-0.024127538386010783,-0.24255655395512574
100.18,0.06758074144199906,-0.015770619344865608,-0.3226095183058064
100.2,0.06418394852643029,-0.006868763866789498,-0.36799851855969345
100.22,0.0804626659740418,0.0021874030838693556,-0.37735934353077644
100.24000000000001,0.12223701965189467,0.0111267808647984,-0.3506609988239112
100.26,0.19309971841043222,0.01980087198275951,-0.2887006667871079
100.28,0.28624435365661627,0.028075616970719752,-0.19277452299749506
100.3,0.3771818023242388,0.03554982432189423,-0.06513940261619089
100.32000000000001,0.44071013250089736,0.041377287001372165,0.08943372079971403
100.34,0.4741875698552359,0.044607017270266176,0.26239646088034335
100.36,0.4879439678738824,0.044649357917615734,0.44201820764471317
100.38,0.4901673452101343,0.04138447111993816,0.6151650812367683
100.4,0.48475768900030597,0.03506836136779304,0.7690137183088589
100.42,0.4733701771461975,0.02622886937942546,0.8923391449136291
100.44,0.4568077084380206,0.015581748418005062,0.9764295210481461
100.46000000000001,0.4355905553642015,0.003954964026936373,1.0156852033147403
100.48,0.41015631303094413,-0.007784651825744154,1.0079202090747816
100.5,0.380930013288942,-0.018801316799036082,0.9543761524365986
100.52,0.34835376135658375,-0.028353061168004186,0.8594694419895171
100.54,0.31290713934034936,-0.035843313629524406,0.7303085186422204
100.56,0.27513170416760174,-0.040857979732320124,0.5760328236391113
100.58,0.23566907457595743,-0.043185779980114046,0.4070363915936498
100.60000000000001,0.19532259956364306,-0.04282084588731978,0.23414544872621118
100.62,0.15515236565077561,-0.039947802342208495,0.06782093098077616
100.64,0.11660650021464691,-0.0349107665060754,-0.08254648087985886
100.66,0.08167199750570034,-0.028168968275716067,-0.20918942985855868
100.68,0.0529989424630071,-0.020243190230754195,-0.3063194022085632
100.7,0.03394465363189558,-0.011658742091942502,-0.37025897725031504
100.72,0.02854970164866751,-0.0028911710949575575,-0.3993495306380333
100.74000000000001,0.04156473201260639,0.005680984293045812,-0.3936549865726541
100.76,0.07849754371352503,0.013814568167468351,-0.3544935970820923
100.78,0.1445077180726342,0.021420950334188404,-0.28384686201620657
100.8,0.2383694139740564,0.028510641035002178,-0.18380968274503923
100.82000000000001,0.34081356020241865,0.03494981379100892,-0.05660487395798363
100.84,0.42017785773583116,0.04012959122255237,0.09412788766148683
100.86,0.464180317366161,0.0431060982023291,0.2614809991601499
100.88,0.4826623603716827,0.043167464864697,0.4350660481390363
100.9,0.4867855922022484,0.04009453830658535,0.602623139753857
100.92,0.48229606389060836,0.03408469764795397,0.7518937928499057
100.94,0.4715763772854874,0.02562515875412125,0.8720259597940693
100.96000000000001,0.45567626960628155,0.015396203716814681,0.9545307940529927
100.98,0.435201653494355,0.004192238658848426,0.9938937537355893
101.0,0.4106304322459158,-0.007150852669688501,0.9878844221682636
101.02,0.3824223911283363,-0.01782380284419605,0.9375844008376931
101.04,0.35106563300389765,-0.02710484832688581,0.8471560605322762
101.06,0.31710938330961325,-0.034409766181828165,0.7233882497541916
101.08,0.2812035361706919,-0.03932783837612935,0.5750690690726448
101.10000000000001,0.24415812443911966,-0.04164148289784001,0.4122468866752367
101.12,0.2070349990072477,-0.041328435047810766,0.24544755388018777
101.14,0.17128164897086998,-0.03854655006624844,0.08491787669534862
101.16,0.1389066543172644,-0.03360252881582789,-0.06003731863334689
101.18,0.11267397706204785,-0.026907247725280966,-0.18156508327308288
101.2,0.09626765755755923,-0.018921960760746332,-0.27357561067303904
101.22,0.0943656199580702,-0.010101188665931484,-0.3318295216713142
101.24000000000001,0.11249797291398538,-0.0008396007517958199,-0.3538018801440285
101.26,0.15609593800268357,0.008564686124509982,-0.3383603969565867
101.28,0.22677628070451628,0.017896438664386262,-0.28537974713359804
101.3,0.3142934336414336,0.026887731408026857,-0.19562824176464677
101.32000000000001,0.3944599680953136,0.034964831769467124,-0.07147784378597066
101.34,0.44847226049463945,0.04120052308748442,0.08163366092333436
101.36,0.4770980055869297,0.044691137992220666,0.2544472043195037
101.38,0.4891551469508399,0.04491410194112245,0.43478602329776717
101.4,0.4909707615797658,0.04178129202541457,0.6092700958989276
101.42,0.48556573747483733,0.03555623810807597,0.7649017022973696
101.44,0.47428752774329874,0.02676643710837483,0.8902920089045067
101.46000000000001,0.4578429463959678,0.01612700208987262,0.9765619334802689
101.48,0.43672226253144253,0.004467453364036459,1.017946040390392
101.5,0.4113516333846521,-0.0073411433971081515,1.0121041394765877
101.52,0.38214856379363193,-0.018456379571278884,0.960145523820085
101.54,0.34954646064772715,-0.028127892065455285,0.8663845641298819
101.56,0.31401217093434486,-0.03574974684686069,0.7378634599707479
101.58,0.27606737828638905,-0.04089840105515345,0.5836933358248461
101.60000000000001,0.2363222383553884,-0.04335395412448059,0.41427635317451433
101.62,0.19553054919513377,-0.04310364745329505,0.24047818409530466
101.64,0.1546760426201851,-0.040327814139341646,0.07282185467845981
101.66,0.11509371256032702,-0.0353696798251671,-0.07922924575505225
101.68,0.07861167681983312,-0.028691664860278267,-0.2078394509256714
101.7,0.047668521143327605,-0.0208223034438937,-0.30717370316207804
101.72,0.025345922544922943,-0.012299475932375513,-0.3735486192531414
101.74000000000001,0.015312131324261975,-0.0036163916929536884,-0.4053599348342282
101.76,0.0218032029083962,0.004824960031863284,-0.40280785553579224
101.78,0.04977844578828967,0.0127520610815276,-0.3674530582663162
101.8,0.10474316751954596,0.020049732168097068,-0.3016377607801653
101.82000000000001,0.18957360117219296,0.026748538804216078,-0.20785498874697955
101.84,0.2940986954548879,0.032873924504853304,-0.08839746348543956
101.86,0.388340699581991,0.03809463789913617,0.053957330966837316
101.88,0.44776718402697385,0.04158037199407883,0.21404664234297904
101.9,0.47539766664770117,0.042478531369233234,0.3831275392493107
101.92,0.48420646249065774,0.040377462108047366,0.5498546194897136
101.94,0.4824797487393435,0.035332578977145236,0.702207530714831
101.96000000000001,0.4738227705951059,0.027733527253339517,0.8290999932812333
101.98,0.45973062571822004,0.01819148665188268,0.9214790754286685
102.0,0.4409567698708023,0.007454196882747907,0.9730354534479877
102.02,0.4180284298374212,-0.0036678129867641785,0.9805999732458669
102.04,0.39142527797851223,-0.014369647746498994,0.944256241013948
102.06,0.3616487951792749,-0.023914064747551256,0.8671914182758856
102.08,0.3292634924688485,-0.03168383800711974,0.755317082985315
102.10000000000001,0.2949404626042745,-0.03722116332090574,0.616705550205453
102.12,0.25951948613762155,-0.040251565782902426,0.46089888879545127
102.14,0.2241028456113566,-0.04069083279049315,0.29815595470183187
102.16,0.19019128762064721,-0.03863465540096553,0.138706368876064
102.18,0.15986275445203835,-0.034331891423436255,-0.00792079091374294
102.2,0.13597223603141906,-0.028143761842603095,-0.13343218530204184
102.22,0.1223177366596721,-0.020492980665793546,-0.2311204123537508
102.24000000000001,0.1236693625400195,-0.01180885431828844,-0.2960002590252025
102.26,0.14540102747817577,-0.0024775280482398224,-0.3247317239723275
102.28,0.19187820942895667,0.007184616394920106,-0.3153815180242879
102.3,0.26184907232604004,0.016893212333025556,-0.2671879101612712
102.32000000000001,0.34193621154085235,0.026241092348643632,-0.18070122549094206
102.34,0.41036377432025684,0.03450949655680484,-0.05868610625241942
102.36,0.455027914452466,0.040748909237583834,0.09266237612294548
102.38,0.47888410045310503,0.044143237208874954,0.2634933841355137
102.4,0.4890083620577152,0.04425649259110895,0.441415666645444
102.42,0.49007915934120094,0.04104693572984895,0.6131005513755554
102.44,0.48436733876006727,0.034796683706333986,0.7657258089869644
102.46000000000001,0.4729581396147385,0.02603776078560536,0.8881211160279544
102.48,0.4564777466940802,0.015482240904126672,0.9716275538924932
102.5,0.4353954291804714,0.003951806203934963,1.0106774659454707
102.52,0.4101368018715638,-0.007693548175035411,1.003090172942587
102.54,0.3811286305264471,-0.01862441522516911,0.9500859090889509
102.56,0.3488222125071812,-0.02810408411450444,0.8560362501683844
102.58,0.31371381185846126,-0.03553964332224798,0.7279868276921672
102.60000000000001,0.27637213967666563,-0.040518695193550176,0.5750034558706503
102.62,0.23748189946474363,-0.042829420436678166,0.40740414883990844
102.64,0.19791368958617075,-0.04246295660200837,0.2359461123064683
102.66,0.1588301254932749,-0.03959827699960373,0.071038483033633
102.68,0.12183032031086338,-0.03457096572643333,-0.07795156788966578
102.7,0.08911441577024272,-0.02782858758261871,-0.20323988305653717
102.72,0.06362286109300724,-0.019876861552640145,-0.29896778454175754
102.74000000000001,0.049104956223385746,-0.011222282789589415,-0.3613200847320696
102.76,0.05013311955027913,-0.0023171652219105303,-0.3884165905947037
102.78,0.07210364240300518,0.006488289632831822,-0.3799965339217148
102.8,0.12077599058055036,0.01498058977498761,-0.33693419023370136
102.82000000000001,0.19905598537211544,0.023075226555790484,-0.2606829785997067
102.84,0.29750611226281526,0.03067842731176247,-0.15297249401179197
102.86,0.3883690712308958,0.03736992161233334,-0.01644637563215702
102.88,0.4478887488360255,0.04227110772293671,0.1436007591415709
102.9,0.4772787814457256,0.044474250207120765,0.3181037101867345
102.92,0.4880819276577045,0.04348926456863326,0.49512244207303746
102.94,0.488148632323837,0.03929507448411982,0.6617232870401316
102.96000000000001,0.481006061723081,0.03222544774830353,0.8056381872631218
102.98,0.46813630000274103,0.022862930003130347,0.9164623829533991
103.0,0.4502809001915278,0.011955036840245792,0.9864771599746767
103.02,0.4279446963496014,0.0003388081034198867,1.0111574840797246
103.04,0.40156937567293133,-0.011131396870418947,0.9893845969910275
103.06,0.3715958721316669,-0.02165137428276801,0.9233781978186764
103.08,0.3384941656599795,-0.03052611995049748,0.8183742612651367
103.10000000000001,0.3027884883141951,-0.03721666354197494,0.6820899397045825
103.12,0.26509126744434625,-0.04137170055676818,0.5240307107982781
103.14,0.22615654840103258,-0.042842147442124216,0.3547047267810933
103.16,0.1869639971077548,-0.041677957344756926,0.18481440362375656
103.18,0.14884210167730882,-0.03810774130515931,0.02449551804047405
103.2,0.11362742465098269,-0.03250296608656938,-0.11733052771471086
103.22,0.08383255003912089,-0.025329873597940707,-0.23343537389424568
103.24000000000001,0.06277310457138971,-0.0170938158703885,-0.31855306322494625
103.26,0.05462261977703469,-0.00828190076145633,-0.3694213170937211
103.28,0.06442228349628913,0.0006903341642693086,-0.38459974459558105
103.3,0.09793480124051612,0.009523032856712514,-0.36409109714164484
103.32000000000001,0.16019666134681473,0.018052709834748326,-0.3088240416997165
103.34,0.2494161328333304,0.026194489616057533,-0.2201806614016701
103.36,0.34663353240195766,0.033708696486224245,-0.1000821483423655
103.38,0.4224267211546812,0.03991116011828787,0.04775561758776416
103.4,0.4655364912745935,0.043828494706632436,0.2161472888721945
103.42,0.48463514425440135,0.04472251609952023,0.39432954014573085
103.44,0.48980705644731265,0.04233323125195063,0.569531128011419
103.46000000000001,0.48636410250244955,0.03681681663136192,0.7288126312001227
103.48,0.47655663951143074,0.02863132627726604,0.8604976171387861
103.5,0.4613939625234417,0.01844497269986932,0.9551895642070796
103.52,0.4414625366916272,0.007058120183029484,1.006454160087227
103.54,0.41722017150224155,-0.004670664381094433,1.0111992116040798
103.56,0.3890973141818149,-0.015895488814659388,0.9697642862990214
103.58,0.3575366041627919,-0.025847868849263933,0.8857378338942083
103.60000000000001,0.32301628665150445,-0.03389132984641702,0.7655343339326766
103.62,0.2860751677824779,-0.03956233837904435,0.6177793439159679
103.64,0.2473497594979107,-0.042595022166786733,0.4525625909911143
103.66,0.2076339273844109,-0.04292833249348867,0.28062705593816156
103.68,0.16797152815100685,-0.04069552987683468,0.11256492280871878
103.7,0.12978751932027505,-0.03619707839572683,-0.04191066799578527
103.72,0.09504638591771877,-0.029859289406720738,-0.17455593609730055
103.74000000000001,0.06639909232123038,-0.0221825040234902,-0.27899890179721143
103.76,0.04726609479024475,-0.013684143360558908,-0.3509222968487105
103.78,0.04185025980912526,-0.004842739977152646,-0.38801865675515973
103.8,0.05515434700674544,0.003952089501305678,-0.3897321533112226
103.82000000000001,0.09288960471816794,0.012440018043625878,-0.35681798542346044
103.84,0.15993112358377917,0.020506253979391362,-0.29077879014636776
103.86,0.25355732148840865,0.02811204165171651,-0.19337463180133285
103.88,0.3526698150858622,0.035035999007587526,-0.06676694747143706
103.9,0.42712747370198406,0.04058169384981774,0.08509004721001126
103.92,0.46779186840227893,0.04378638365083524,0.25474994430113285
103.94,0.4848496409199131,0.043966263424263616,0.43132474904624774
103.96000000000001,0.4884978892632956,0.04092675305565005,0.6021695487942064
103.98,0.48384796709498523,0.03487872607959909,0.7547148640661876
104.0,0.47302747722217037,0.02631949125147374,0.8778425134426489
104.02,0.4569980841724573,0.01594058302596754,0.9628394099410581
104.04,0.43633358653937454,0.004549867807482812,1.0040162028803448
104.06,0.41149464928205254,-0.007001652623985935,0.9990251421293607
104.08,0.38292405943051067,-0.017889072231852095,0.9488924315494325
104.10000000000001,0.3510863373381507,-0.02737577223021295,0.8577864712049514
104.12,0.31649478858229757,-0.03486474408498324,0.7325578351222121
104.14,0.2797436325117925,-0.03993573324455388,0.5821013637759356
104.16,0.24155685285865222,-0.04236590584437548,0.41660206231715946
104.18,0.20286518728942216,-0.04213292131781398,0.2467333493080437
104.2,0.16492156224109308,-0.03940049894857062,0.08287825629105836
104.22,0.12945697238676038,-0.03448777885817641,-0.06555858525826803
104.24000000000001,0.098858319498962,-0.027825099020799084,-0.19068811693087803
104.26,0.07632432077407719,-0.019900328631318194,-0.286476603126128
104.28,0.0659554810241188,-0.01120131762089415,-0.3488609283733676
104.3,0.07277021863106353,-0.002160519849243326,-0.37563607252278797
104.32000000000001,0.10253030863097254,0.006892018419731372,-0.36613539553291985
104.34,0.1603861164485755,0.01575327975766847,-0.32075944643097754
104.36,0.24535866465430453,0.02430000662007948,-0.24052370436667442
104.38,0.34049494405697317,0.03227862699225868,-0.1270959599913713
104.4,0.41731481794547254,0.03902150714055694,0.01607435864600252
104.42,0.4627061880971908,0.04355384457512811,0.18211805506600431
104.44,0.48377180060162495,0.04509213831933625,0.360490664272984
104.46000000000001,0.4904098691047829,0.04331572857205442,0.5384165928121223
104.48,0.48812455649799064,0.03832735495768412,0.7027200369684015
104.5,0.4792971304124688,0.030544455836409138,0.841299514579929
104.52,0.46499115074070546,0.020608282023166318,0.9441981705476233
104.54,0.4458104341504693,0.009306140665472435,1.0043412954499966
104.56,0.4222146295767385,-0.002502789701997664,1.017971605554337
104.58,0.3946281591499021,-0.013959351658788734,0.9847918129891754
104.60000000000001,0.36348127928478335,-0.024270998729789516,0.9078289181218351
104.62,0.3292319357913556,-0.032768987993472366,0.7930495795313289
104.64,0.29238665295779703,-0.038952447173602224,0.6487718610114921
104.66,0.25353056758548564,-0.04251655490523987,0.4849317559904846
104.68,0.2133760434804371,-0.043363270403433185,0.31227157900380853
104.7,0.17284005727855165,-0.041594292456786836,0.14152107742689551
104.72,0.13315769631644664,-0.037487138357261286,-0.017359036878216105
104.74000000000001,0.0960259910390112,-0.031456452191524105,-0.1558074124675463
104.76,0.06374546796989712,-0.024004031171525324,-0.26711363216905937
104.78,0.03930244130808669,-0.015662638616426385,-0.3466555187013834
104.8,0.026361150840694802,-0.006939844288908177,-0.39190961847153255
104.82000000000001,0.029241335354875032,0.0017325610569721788,-0.4022467593323069
104.84,0.05300588081955576,0.010041061728641207,-0.3785411332456177
104.86,0.10328691845881988,0.017822147204136298,-0.32262858027936325
104.88,0.18355763634069797,0.025058580099788477,-0.2366923742249925
104.9,0.2855980045441252,0.031750293314946,-0.12287201944759313
104.92,0.3812872400500037,0.03758262996637799,0.016191220560493713
104.94,0.44422893366080396,0.04173921312082593,0.17555835051509192
104.96000000000001,0.4747702322157003,0.0433231167002992,0.346653170637015
104.98,0.4854807709594773,0.041850400012255776,0.5180457771519181
105.0,0.48506627989607604,0.037315619930622865,0.677358092590442
105.02,0.47741448581411594,0.030067292463398537,0.8129421697505222
105.04,0.46413089068380586,0.020693672472549638,0.9150559503809669
105.06,0.44600085429931097,0.009936178605047113,0.9766429383708445
105.08,0.42355257985523603,-0.0013857888587350182,0.9937924373859061
105.10000000000001,0.3972514140771638,-0.012445211129382381,0.9659092731450389
105.12,0.36757165501721606,-0.022472171686744914,0.8956124462237114
105.14,0.3350343125823894,-0.030809603664527882,0.7883916244308518
105.16,0.30024293416043485,-0.03695655320662462,0.6520645337456042
105.18,0.26393341281268023,-0.040596179794180384,0.4960910625132409
105.2,0.22705053849443563,-0.04160678074335802,0.3308089372210792
105.22,0.19086302459973775,-0.04005529444373456,0.16666035876056245
105.24000000000001,0.1571227995149346,-0.03617393858712073,0.01347878115270627
105.26,0.12825751513290565,-0.030321938106207865,-0.12010015401818681
105.28,0.10755849302511726,-0.022935807113798536,-0.22705027251897417
105.3,0.09930325991356191,-0.01447331273929033,-0.30215303331737553
105.32000000000001,0.10871723329736833,-0.005357872823860597,-0.34196986451180716
105.34,0.14142690609141947,0.004066664443974294,-0.3446083832623752
105.36,0.20107895520992664,0.01354753376436486,-0.30936288489172536
105.38,0.2828633332187628,0.022843425127897426,-0.2364656130747303
105.4,0.36721628117245453,0.03150532303136367,-0.12744128077418598
105.42,0.43104685272650106,0.038709496252774075,0.013640853722933484
105.44,0.46812960072054544,0.0434908477507239,0.17898998159943388
105.46000000000001,0.485684539353639,0.04515923410122722,0.3573965972527354
105.48,0.4911688124922325,0.04345913827978019,0.5357554115609
105.5,0.4885770918163023,0.038519246037812635,0.7007368908996949
105.52,0.4797035142577318,0.030764446189801085,0.84014649678231
105.54,0.4654206300964477,0.020837761534724275,0.9439501544078908
105.56,0.4462739094452239,0.009527457189813158,1.005000543379556
105.58,0.4227046963570431,-0.0023056791472197496,1.0194726878183695
105.60000000000001,0.3951303850102861,-0.01379995109258454,0.9870099037801581
105.62,0.3639767122567245,-0.024159474616556518,0.9105916266055241
105.64,0.32969654786370667,-0.032711658355668576,0.7961514320922869
105.66,0.29278905850719233,-0.038951624448980544,0.6519901332045166
105.68,0.2538279291246246,-0.042570767914722404,0.4880421788214576
105.7,0.21350747758052308,-0.04346786831602788,0.3150623916918032
105.72,0.17271658230145767,-0.041742420373734636,0.14380391596826483
105.74000000000001,0.13264790319930791,-0.03767106401802045,-0.015742864568968826
105.76,0.09493737680174671,-0.031669206732033675,-0.15498660297716862
105.78,0.06180230069892589,-0.024241295900115083,-0.2671936469760203
105.8,0.03611993574436167,-0.015924782457618403,-0.3477332245128532
105.82000000000001,0.02140993400731215,-0.007234063319205907,-0.3940962751906071
105.84,0.021791434238414346,0.0013898762353200282,-0.4056999467200681
105.86,0.042071270130272065,0.009621616623223974,-0.38350689308005975
105.88,0.08776815999920579,0.017284360456627616,-0.32949304962532655
105.9,0.16326051471225891,0.02435702925399573,-0.24602282190644434
105.92,0.26367015691533857,0.030879389060393253,-0.13536033856011676
105.94,0.364050824862187,0.03664850335795784,3.529169316217329e-05
105.96000000000001,0.4344378641292219,0.040945335288281745,0.15587519966906455
105.98,0.47020616316013764,0.04284916288290085,0.3243883832441822
106.0,0.4836344673642561,0.041789817891092325,0.49469457054270644
106.02,0.48469305234218163,0.03768877643127854,0.6546347424101102
106.04,0.47804153097824237,0.03084440360880288,0.7925358719986503
106.06,0.46558940877547705,0.02180973120755192,0.8984623603169131
106.08,0.44822518806742817,0.011301523623060436,0.9650451442221588
106.10000000000001,0.4265109519239719,0.00012401308709829133,0.9879814184730401
106.12,0.4009243140192007,-0.010901609185343919,0.9662419474809085
106.14,0.3719460854354758,-0.021002216527912395,0.9020066114059839
106.16,0.3401035444360472,-0.029509291824597314,0.8003556348173637
106.18,0.3060086080733895,-0.03590351121895228,0.6687574602271689
106.2,0.2704090502413307,-0.03984449176891911,0.516407156234902
106.22,0.2342661797406835,-0.0411838420531266,0.3534787961742786
106.24000000000001,0.19887094591926652,-0.03996080135155465,0.19036041543678364
106.26,0.16600462039848904,-0.0363809505203652,0.036940636687598866
106.28,0.13813367979064783,-0.030779780308828178,-0.09798843008488341
106.3,0.11860057448064248,-0.023574433078838167,-0.2071575180500074
106.32000000000001,0.11174030079000165,-0.015208709979723043,-0.2850380207409663
106.34,0.12278881978714909,-0.006098510913145635,-0.3278378675052309
106.36,0.157137152758558,0.0034106601451770915,-0.33329792600093366
106.38,0.2175204731263387,0.013047183353060394,-0.3003828079556523
106.4,0.2974677157517022,0.022520477552149934,-0.22912751606502496
106.42,0.3770215259589825,0.03130848271207271,-0.12111469432220758
106.44,0.4357800518030281,0.0385461680981444,0.019277260888805228
106.46000000000001,0.4697752824903119,0.04329192301518659,0.18391700031376274
106.48,0.48596583092683837,0.04490073451363284,0.36141052767789905
106.5,0.4909112590627386,0.043147211594312555,0.5386233615167494
106.52,0.48809477972635806,0.03817410324377561,0.7022827233641893
106.54,0.47911432374833635,0.030411566467433277,0.8402874658997664
106.56,0.4647788629171652,0.02050334867300843,0.9427080065097151
106.58,0.4456154920721978,0.009235667965526535,1.002498503865513
106.60000000000001,0.42206198701508735,-0.0025346730767931407,1.015923181371518
106.62,0.3945379355637624,-0.013951306632349657,0.9826957380515117
106.64,0.36347501188735454,-0.024224449115911238,0.9058429408858437
106.66,0.32933629291792316,-0.032687792763940245,0.7913207307187247
106.68,0.2926374170688004,-0.038842331258030986,0.6474277778618901
106.7,0.2539783207049527,-0.04238433586894407,0.48407470205804737
106.72,0.21409480953310453,-0.0432159070296431,0.31197592016420433
106.74000000000001,0.17394022668338197,-0.041437768612662115,0.14183489513366532
106.76,0.13480438093046684,-0.0373251829144261,-0.016407541140382523
106.78,0.09846326566324365,-0.03128909221534517,-0.15419805875656453
106.8,0.06732637643163479,-0.023825987018309555,-0.2648162947472203
106.82000000000001,0.04452658251250029,-0.015461571409906684,-0.3436054460721045
106.84,0.03392783845368866,-0.006694386317879761,-0.3879753592768926
106.86,0.04012504450149708,0.002055221046328472,-0.39718940743264525
106.88,0.06849521659785276,0.010487902093100951,-0.37196300419810546
106.9,0.12463789026505379,0.01845378369631917,-0.31391501917284204
106.92,0.2102921137705287,0.025929750482590778,-0.22498515754226717
106.94,0.3125112078881332,0.03284248352528216,-0.1072090284985885
106.96000000000001,0.4007650089764231,0.03872500797327975,0.03640522906253231
106.98,0.45467667180122395,0.042668988413249745,0.20000169495490458
107.0,0.47952077612438904,0.04383599001513114,0.37403132951472545
107.02,0.4873350303419406,0.041849873455322435,0.5464649367168967
107.04,0.485297582511533,0.03678855651648586,0.7047157004351977
107.06,0.4764916920092179,0.029057576663967303,0.8372040322118449
107.08,0.4622210364322163,0.019285646017565033,0.9344488174498534
107.10000000000001,0.4431701791970059,0.008242344291173848,0.9897910977265243
107.12,0.419833753689521,-0.003236187738208887,0.9998074597691043
107.14,0.39266382509447006,-0.01431751197719234,0.9644342795939589
107.16,0.3621260188192173,-0.024237192617924442,0.8868217454314846
107.18,0.3287314557480675,-0.032353491883633144,0.7729486330486108
107.2,0.2930695467231808,-0.03818895861667685,0.631043462756243
107.22,0.25585530933118666,-0.041456266605690135,0.47087010064693474
107.24000000000001,0.21800319734251972,-0.04206678211176522,0.3029442386794832
107.26,0.18073877032565835,-0.04012152977506323,0.13775089677056587
107.28,0.14575338174256483,-0.03588543109059153,-0.014967986459360816
107.3,0.11538967552838005,-0.02974698256126633,-0.14679283885022307
107.32000000000001,0.09281978840333104,-0.02216703127823235,-0.25102116035248223
107.34,0.08216473500429694,-0.013621854238761135,-0.3228439782041487
107.36,0.08850804016276016,-0.0045468314821894605,-0.35929359468578725
107.38,0.1176104788509321,0.004711623584502287,-0.35897937236221833
107.4,0.17427181251043813,0.013918910019340756,-0.32167235254447135
107.42,0.25663120624788927,0.02289888266011258,-0.24792527307704856
107.44,0.34743094747334957,0.03132650416936418,-0.13919762986962747
107.46000000000001,0.4201366025779039,0.038481139927422525,0.0010034234618571253
107.48,0.4634591761419448,0.04338374172598101,0.16563753626623545
107.5,0.48407521484261473,0.04526244740014426,0.34401998813887685
107.52,0.49093455041414363,0.04379346384193505,0.5232550710306666
107.54,0.4890552484019529,0.0390650970410272,0.6900080473692654
107.56,0.48065209315067486,0.03147896377699603,0.8319554182169913
107.58,0.4667400099774076,0.021664402054238245,0.9388617685911222
107.60000000000001,0.4479085747997871,0.0104027383522187,1.0033376905373008
107.62,0.42461149967541995,-0.0014464043290253721,1.0213001242582445
107.64,0.39726798696081606,-0.013017317208839422,0.9921402042760925
107.66,0.3663011497471103,-0.02350565512860514,0.9186104137018901
107.68,0.33215803737230953,-0.03222688608424918,0.8064585418600586
107.7,0.29532807703182257,-0.03866189368823962,0.6638523956982688
107.72,0.2563692327581108,-0.04248685738139251,0.500652780944654
107.74000000000001,0.21595062031496431,-0.043585740710083976,0.32760139990918097
107.76,0.17492136196160873,-0.042044974388910916,0.1554944751660118
107.78,0.13441364215371845,-0.03813113881172296,-0.005587891496604519
107.8,0.09597675256497502,-0.032253653596790215,-0.14693222642825796
107.82000000000001,0.061713234394124974,-0.02491581860652858,-0.26166828735978576
107.84,0.03435914775912814,-0.01665912667923247,-0.34503446221011463
107.86,0.017262746422258272,-0.008007131951682763,-0.3944173238763559
107.88,0.014317254379408806,0.0005851173571891286,-0.40917613509029555
107.9,0.030022413860131148,0.008773217812612354,-0.390281737189552
107.92,0.06965230091151371,0.01635746545945964,-0.3398030178527923
107.94,0.1382808998062969,0.023299831310848368,-0.2602836203282619
107.96000000000001,0.23467727143207415,0.029667058159523405,-0.15416597975845545
107.98,0.3391590081264888,0.03537979440234588,-0.023794782268962943
108.0,0.41931590222407,0.03986814652323231,0.12725876453430507
108.02,0.4630013781054449,0.04221517026125239,0.29228179567740475
108.04,0.4807500456106956,0.041739621305365834,0.4611928102209804
108.06,0.4841128240999759,0.038255055844575524,0.6221685636696945
108.08,0.4789590733763585,0.031984633553513414,0.7635066444439224
108.10000000000001,0.4677071192432211,0.023429599251192628,0.8749915765271169
108.12,0.45142174460620377,0.013271171635196598,0.948801100283023
108.14,0.43072195323181506,0.0022920730141456746,0.9800653918274246
108.16,0.4061035204029357,-0.008694479683378312,0.9671293465706041
108.18,0.3780534466303114,-0.018910372307198327,0.9115412890804008
108.2,0.34710181029387965,-0.027670374009838967,0.8177938294789748
108.22,0.313862536620883,-0.03442869653184894,0.6928549245024173
108.24000000000001,0.2790849257596418,-0.03881133612928208,0.5455402752802225
108.26,0.24373031686457713,-0.04063213508216806,0.3857884107754719
108.28,0.2090861659249809,-0.03989161519629136,0.22390585939338553
108.3,0.17692437358544197,-0.036758823613615765,0.06985124834097256
108.32000000000001,0.14969499396328717,-0.031537730399795474,-0.06737633286990471
108.34,0.130717518129848,-0.02462125904177384,-0.1801885061715981
108.36,0.12429151595819216,-0.016437917704676633,-0.2626580901506704
108.38,0.13556211860664766,-0.007398486141409165,-0.31055317126956516
108.4,0.16964381421866226,0.002144474990755197,-0.321177667507135
108.42,0.22864711047163783,0.011895985939513291,-0.2931184061958959
108.44,0.30548392516834344,0.0215236494562292,-0.22616408209384695
108.46000000000001,0.3809524042231482,0.030462068686636024,-0.12183190712300311
108.48,0.4366480466995395,0.03783550507620146,0.01544821409768608
108.5,0.46930877857401015,0.042722537326986255,0.1775222231838832
108.52,0.48522525734163574,0.044494662746334554,0.35305662143892913
108.54,0.49031447787894217,0.042926259777995676,0.5290095343498205
108.56,0.4877764997769944,0.03814941960867336,0.6921762071293268
108.58,0.4791179860106068,0.030580055667668436,0.8304720322747312
108.60000000000001,0.4651233191187971,0.020847710441871906,0.9339262497872218
108.62,0.44631472440371367,0.009726276142461661,0.9953983297854304
108.64,0.42313124412293446,-0.0019368236654134633,1.0110141219235256
108.66,0.39599686664315464,-0.013291011276858071,0.9803184574145201
108.68,0.3653509962972454,-0.023548396302449034,0.9061538180231115
108.7,0.33166928838755416,-0.03204065953992885,0.7942921398625431
108.72,0.2954874512064573,-0.03826313290869004,0.6528635578471592
108.74000000000001,0.2574370932712777,-0.041903233203563144,0.4916393673518523
108.76,0.21830340182782207,-0.0428515945778814,0.3212355068046566
108.78,0.17911536626384753,-0.041195471986265844,0.15230702838608182
108.8,0.14127574856410682,-0.03719519641069281,-0.005196687127587151
108.82000000000001,0.10672391534462555,-0.03124570559969259,-0.14265179157605734
108.84,0.07809881317912207,-0.023826587743162427,-0.2532015740075104
108.86,0.05885127788386653,-0.015445623965385936,-0.3319833386762399
108.88,0.05328506606307014,-0.006581830285352118,-0.3761264297624536
108.9,0.06656203180110158,0.0023665197682001117,-0.3845307906262493
108.92,0.10448797070648858,0.011123572952497138,-0.3574558045260459
108.94,0.17163150386679105,0.01954960089941618,-0.29598726832218203
108.96000000000001,0.264185024478751,0.027561910639098693,-0.20160205357452
108.98,0.36020753190140775,0.03487168974268174,-0.07640445924861602
109.0,0.4311450755548131,0.040726500224332655,0.075443097056982
109.02,0.46976165419153765,0.04415708235633584,0.24615896716102648
109.04,0.4861002601224056,0.04449634288922924,0.4245552269938349
109.06,0.48961960422083156,0.0415592670823467,0.5977436239757867
109.08,0.485017815299632,0.035558773714392616,0.7529322758023372
109.10000000000001,0.4742673745035732,0.026993185113501995,0.8787850051278709
109.12,0.45827848532613535,0.016557344569139765,0.9663787907402643
109.14,0.43760636704985484,0.005065541793040883,1.0098337866525613
109.16,0.41270118742480366,-0.006622001779823299,1.0066432445904436
109.18,0.3839946884504036,-0.01766917231310016,0.9577155419936023
109.2,0.35193563145901186,-0.027327184864348594,0.8671483646622996
109.22,0.3170130238005091,-0.03498702641044049,0.7417702926528147
109.24000000000001,0.2797829992570182,-0.04021773068909014,0.5904999777860525
109.26,0.24090983591484727,-0.042788138360822896,0.4235846659844092
109.28,0.20123166642848564,-0.04267100203618633,0.2517868142123486
109.3,0.16186110433551804,-0.04002951712528848,0.08558966319814358
109.32000000000001,0.12432431660607512,-0.03518756459172615,-0.06551010420001388
109.34,0.09072297894514642,-0.028586234336136718,-0.1935621465720838
109.36,0.06387589553064876,-0.020730686635691723,-0.2925273977013599
109.38,0.04739132910981581,-0.01213289566847096,-0.3584201748614868
109.4,0.04567893663475868,-0.0032563212855115397,-0.3892232254191556
109.42,0.06396608573005143,0.005532833484545922,-0.38459341666948177
109.44,0.10803727431570063,0.014002989911981789,-0.3453925713446858
109.46000000000001,0.1818202910058402,0.022061237846434663,-0.2731214223502943
109.48,0.2789486620134424,0.02964628061632678,-0.16952183062665718
109.5,0.37401946777735806,0.03642918768299201,-0.036995036745527995
109.52,0.43986167362621614,0.04160004503907035,0.11976902200373168
109.54,0.47368915215142116,0.044216426807040375,0.29237987735339055
109.56,0.4868999316442658,0.043706025857920786,0.4693089929584713
109.58,0.48836019331216896,0.03997859713614525,0.6377221617931248
109.60000000000001,0.4822072212192329,0.03331944086172925,0.7852172310119134
109.62,0.47016262718395346,0.02427744173160512,0.9010927612829697
109.64,0.45304850360215293,0.013578093572975385,0.9772225214297166
109.66,0.4313948846799551,0.0020472038456102034,1.0086075762701412
109.68,0.40565056712854347,-0.009461682517579473,0.9936313298236455
109.7,0.3762575392798718,-0.020135482628262473,0.9340321069919941
109.72,0.3436844367664574,-0.029261916791390976,0.8346173458458577
109.74000000000001,0.3084525408472523,-0.03627817827653215,0.7027585749854635
109.76,0.2711692254472008,-0.04080480431139651,0.5477204333722417
109.78,0.23257995150386432,-0.042662698885988115,0.37988741703083667
109.8,0.19365009173125183,-0.041872458109661094,0.20995784843893645
109.82000000000001,0.15568597329025066,-0.03863635534067346,0.04817554400154168
109.84,0.12049415507709192,-0.033304564027956264,-0.09633419557050497
109.86,0.0905551766448624,-0.026328549561078832,-0.21606659796540242
109.88,0.06916426354408672,-0.018206101913460396,-0.3054345322846514
109.9,0.06050174659470062,-0.009423780954635204,-0.36083853633453244
109.92,0.06964215932076293,-0.0004026804473871538,-0.38051141909501285
109.94,0.10237078009911656,0.008546667321987484,-0.36416184465467955
109.96000000000001,0.163670281601847,0.017245242174218293,-0.31247673890893457
109.98,0.25164672930622334,0.025587690051577638,-0.22666868085345904
110.0,0.3475358181002115,0.033312708000650976,-0.10857616979919073
110.02,0.4225124955007305,0.03972335779483971,0.0380956599045328
110.04,0.46547929482581313,0.04384299252071741,0.20614318267110976
110.06,0.48477190376121704,0.044928080971013404,0.3847708487688358
110.08,0.4902209199183574,0.04270819703435125,0.561142678306128
110.10000000000001,0.4870496062479734,0.03732819662671775,0.7222095745178029
110.12,0.4774862376512872,0.02923705216793171,0.8561439550713374
110.14,0.4625351579914199,0.019097428258246237,0.9533686494160186
110.16,0.4427808853275614,0.007708070445845402,1.0072543228896458
110.18,0.418678839930899,-0.00407021961781232,1.0145150773903013
110.2,0.39065557751014773,-0.015385867802132743,0.9753127915806539
110.22,0.3591475104150245,-0.025461927403118773,0.8930867741579297
110.24000000000001,0.32462305620484505,-0.033651545015286756,0.7741403601378941
110.26,0.28760548972334316,-0.03947988836044473,0.6270316649294647
110.28,0.24870670674376158,-0.04266993066371944,0.46182824016735213
110.3,0.20868176506605124,-0.04315068888167582,0.28929342398525526
110.32000000000001,0.16851453038428232,-0.041047748558768915,0.12007531198474651
110.34,0.12954062009345718,-0.036657113865935974,-0.036032475319998494
110.36,0.09359844881989254,-0.030404659641855538,-0.17069564872651638
110.38,0.06317132700640193,-0.022794885124876024,-0.27745902154075763
110.4,0.04146500805141957,-0.01435423694600249,-0.35194844135913406
110.42,0.03240518198231848,-0.005575211294959681,-0.3918455225118682
110.44,0.040642889253067756,0.0031336440988802036,-0.39664932889549254
110.46000000000001,0.07160626170396953,0.01148927153582686,-0.36725430020685046
110.48,0.1307951539665484,0.01936000325451566,-0.3053878763027916
110.5,0.2191263892302598,0.02673365586059323,-0.21303497464972343
110.52,0.321695796823794,0.03352004098416666,-0.09228089054575773
110.54,0.4072951390731935,0.03920639911795405,0.053681289041539196
110.56,0.45799118632370117,0.04286660597431269,0.21866124827238784
110.58,0.4807226643434263,0.04369827501625509,0.3928192031647285
110.60000000000001,0.48732538886189747,0.04137490618300412,0.5640208243848476
110.62,0.48450121902946125,0.03601303502094865,0.7197532994283113
110.64,0.47508962776969366,0.028044862010992797,0.848640636540685
110.66,0.460304265423306,0.018116375041636455,0.9414925775705824
110.68,0.4408011487966626,0.00700620335207028,0.9919934607457693
110.7,0.41706796197987644,-0.004448197192547726,0.9970837473980234
110.72,0.38955795406205257,-0.015420219772361519,0.957054404381629
110.74000000000001,0.3587423279905466,-0.025157447875198056,0.8753741218772259
110.76,0.32514200558381556,-0.03303500017060082,0.7582819170592527
110.78,0.2893620627483164,-0.038595453924081646,0.6141921860849253
110.8,0.2521422377836459,-0.04157281867881219,0.45297130083463305
110.82000000000001,0.21443559873007767,-0.04189916385268173,0.2851527351211256
110.84,0.1775264184546006,-0.039693693162183186,0.12116091697747598
110.86,0.14319100122605163,-0.03523526863077123,-0.02938757315766171
110.88,0.11388631785279826,-0.028920701843664562,-0.1582434218847744
110.9,0.09292536158352273,-0.021212648439353485,-0.2588948254528344
110.92,0.08458662448082101,-0.012582479851697007,-0.3267172559254711
110.94,0.09409961867604619,-0.00345460157081767,-0.3588953017147481
110.96000000000001,0.12723096184313035,0.005839262458471158,-0.3541379622766304
110.98,0.1881655826398247,0.015075015696267773,-0.3122611628732121
111.0,0.2729555408409549,0.024061815812691303,-0.2338613849618531
111.02,0.3617643585775309,0.03241218971969743,-0.12059420167357314
111.04,0.4292800714023428,0.03933441302360999,0.023541779543488787
111.06,0.4680310491336959,0.04385265271804938,0.19086147402875384
111.08,0.4859062241481553,0.04526202202573459,0.37019650150101907
111.10000000000001,0.4911833783540141,0.04330942882455137,0.5484574321343109
111.12,0.4882346506234622,0.038136799926280204,0.712365396119645
111.14,0.4789774259360612,0.030184450247840246,0.8498359753233825
111.16,0.4643185779293021,0.02010860429473789,0.9510033980169025
111.18,0.4448123182374549,0.00870662092820038,1.0089336258558232
111.2,0.4209020124623875,-0.003156473398821893,1.0200417598628233
111.22,0.3930052772786249,-0.014619727972867999,0.9842181422393104
111.24000000000001,0.3615473414848687,-0.02489267655391051,0.9046767399257628
111.26,0.3269798871951907,-0.033312153172989786,0.7875557021417325
111.28,0.2897999817387652,-0.03938577799674505,0.64131622096612
111.3,0.25057795530154575,-0.0428194018561798,0.4759988253316657
111.32000000000001,0.2100030685026095,-0.04352702118251388,0.30240467070114385
111.34,0.16895677809468804,-0.04162292981317208,0.13127282240033086
111.36,0.1286207024046667,-0.03739708542379713,-0.027476973652513732
111.38,0.09061330450285804,-0.03127587882738945,-0.16537284949039993
111.4,0.057121784635145584,-0.023771864542228568,-0.2758389299115281
111.42,0.030968888038731258,-0.015427605932319606,-0.35442861587250535
111.44,0.015577366207916417,-0.006760027057304854,-0.39883206754246575
111.46000000000001,0.014908066154733009,0.0017889852220676894,-0.4086721111278974
111.48,0.03355052625633541,0.009893480125057513,-0.385119550411663
111.5,0.07685995186902081,0.017376156833921557,-0.3303608760837841
111.52,0.1495963961742648,0.024220405411086426,-0.2469665563870133
111.54,0.24877160477028942,0.03049469701746684,-0.13734983771926954
111.56,0.35181914741139203,0.03607167508966594,-0.003912027719838921
111.58,0.42711821817804496,0.040311365455516515,0.14945542393292643
111.60000000000001,0.46651946656611265,0.04229603410100129,0.31555559363815167
111.62,0.4817918584885621,0.04140736797137199,0.48396905301548576
111.64,0.4837674869205443,0.03752236434478479,0.642802171786935
111.66,0.4776907590494833,0.03090869137281733,0.7804982672113281
111.68,0.465710216108297,0.022096850370469392,0.887133405233945
111.7,0.44879774360997043,0.01178578999679376,0.9552700756947573
111.72,0.42754466274709324,0.000765883707701036,0.9804736841010795
111.74000000000001,0.4024417196471563,-0.010151339589248359,0.9615360334066786
111.76,0.37398001470485187,-0.020197865561341257,0.9004284000027398
111.78,0.3426995926570114,-0.028705593498243268,0.802011346101023
111.8,0.30923088877125354,-0.03515106719281746,0.6735411822587603
111.82000000000001,0.2743491540375734,-0.039185652118326905,0.5240257982728848
111.84,0.2390558868447752,-0.04064924305765425,0.36349226877570684
111.86,0.20469914843467046,-0.03956671373717013,0.20223407674545646
111.88,0.1731380923980939,-0.03612751830408138,0.050106580727585434
111.9,0.14693942283341374,-0.03065018041526638,-0.0840648757486882
111.92,0.12956269536906778,-0.023534995408389076,-0.19290982746273266
111.94,0.12544789620854407,-0.015210223935592656,-0.2707332104721099
111.96000000000001,0.1398133485984695,-0.0060797534297529965,-0.31352028746053445
111.98,0.17757188799975104,0.003513523370219843,-0.3187569427998329
112.0,0.23988047989009087,0.013276614247392312,-0.2851835912564913
112.02,0.31773595831273915,0.022853416512559028,-0.2127800069347308
112.04,0.3909073627737696,0.03162772454871667,-0.10341088006552267
112.06,0.4428586810880431,0.0386931438570432,0.03796255313983207
112.08,0.47251068591217,0.04315585620452597,0.20264791896552922
112.10000000000001,0.4865073293796882,0.044446703628098175,0.37896182312053134
112.12,0.49032927328032666,0.042397404384333245,0.5537526068351072
112.14,0.48683110479142305,0.03718606471978351,0.7139129055759962
112.16,0.47736087430016155,0.029263745209501747,0.8476174402265971
112.18,0.4626434540552557,0.019284923807876435,0.9452748957473059
112.2,0.4431812498150059,0.00803812053013708,1.0002033852660461
112.22,0.4194083236899154,-0.0036249942189744712,1.0090251073663166
112.24000000000001,0.39174979528302256,-0.014859543519597089,0.9717780835627056
112.26,0.36064974083643564,-0.024892206668683033,0.8917569789195199
112.28,0.32659195371423616,-0.033076421317244024,0.775112610561469
112.3,0.2901251594204781,-0.03893430606514203,0.6302561258134676
112.32000000000001,0.25190173828825,-0.042182626664587594,0.46712670563590974
112.34,0.21273999148133343,-0.04274132787445895,0.2963899844821511
112.36,0.1737205874378133,-0.04072437800309624,0.1286378347428151
112.38,0.13632310259600672,-0.036413880517749124,-0.02634124043493383
112.4,0.10259249258371007,-0.030219667599672602,-0.16015815946060089
112.42,0.07529877176442741,-0.02262803778598961,-0.2662344929404065
112.44,0.05803982907063344,-0.014144829687780885,-0.3399953674541052
112.46000000000001,0.05527590010390771,-0.00523886084690321,-0.3788334086688805
112.48,0.07232368025495313,0.003708927204400887,-0.3818562730918166
112.5,0.11500396793310047,0.012444457405287799,-0.34945134346679696
112.52,0.1871159341196466,0.02084451880840769,-0.2827502361239115
112.54,0.282157214138487,0.02881000056090882,-0.1832628529383653
112.56,0.37525101437225816,0.03597606236807955,-0.053311440895782075
112.58,0.44012665088677605,0.041514649064654754,0.10238185708234374
112.60000000000001,0.47393907508562366,0.04447645011494835,0.27535096315005275
112.62,0.48752595621776346,0.04427653143586845,0.45395569135497443
112.64,0.48943635049350415,0.04080658072734971,0.6251865376185068
112.66,0.4837050562716546,0.03433517048277077,0.7763945777291787
112.68,0.4720268139329666,0.02539967810438906,0.8965743548526057
112.7,0.45521586834970823,0.014720714733186063,0.9772626235240246
112.72,0.43379732394460657,0.00312601721284217,1.0131176001288187
112.74000000000001,0.4082134149514508,-0.008522650566878868,1.0022004051557984
112.76,0.378895870025657,-0.019398733276498166,0.9459708798887638
112.78,0.34629718950738786,-0.028772648499899696,0.8490200555516824
112.8,0.3109132883401879,-0.03606214890063705,0.7185771372213019
112.82000000000001,0.2733115567156709,-0.040868040164858795,0.5638434146309604
112.84,0.2341745313358541,-0.0429931021060327,0.39521637778206187
112.86,0.1943697666114178,-0.04244327849414868,0.22347350428161877
112.88,0.15505562801219322,-0.03941142009308193,0.058986475752845956
112.9,0.11782444457984796,-0.03424507285355672,-0.08896696424489267
112.92,0.08486322926544694,-0.027401110522100616,-0.2127348202655306
112.94,0.05908487867605472,-0.019391529523481787,-0.3066218039928601
112.96000000000001,0.0441846584300932,-0.010726146570844471,-0.36699520950219516
112.98,0.04464588127091908,-0.0018581616443068174,-0.39216551210184675
113.0,0.06576089301488418,0.006863142792056243,-0.3820624012498753
113.02,0.11329258121870733,0.015227468473791642,-0.33774298030282235
113.04,0.1906125941942962,0.023160504638503998,-0.2608194918690564
113.06,0.28949540822640335,0.03059729483274259,-0.15310667147435425
113.08,0.3827353452458408,0.03716622533578676,-0.01717261523604778
113.10000000000001,0.4448944984468097,0.0420193185546367,0.14193861085175075
113.12,0.47584682414417834,0.04423752873437707,0.31544781995148
113.14,0.48735137722552246,0.04330595908231301,0.49161722521661727
113.16,0.48774235697792395,0.03918566062405614,0.6576279628930983
113.18,0.48079741693263817,0.03219907315260412,0.8012697352785444
113.2,0.46809165472167974,0.02292043916121349,0.912157128284666
113.22,0.4503977323531635,0.012090455220798836,0.9825607634045609
113.24000000000001,0.42823155091397114,0.0005405491005292308,1.0079200676001046
113.26,0.4020404627757302,-0.010879177609531868,0.987060932788687
113.28,0.3722707484264241,-0.021367217612680494,0.9221337381114766
113.3,0.3393997333202768,-0.03022956188345812,0.8182977245155637
113.32000000000001,0.3039628858071112,-0.036926494503205544,0.6831928154072864
113.34,0.26659014166793416,-0.041104281580680475,0.5262536423453558
113.36,0.22806269918545236,-0.04260985521725122,0.357930390268683
113.38,0.18940168519136094,-0.0414877936595161,0.18888628276614625
113.4,0.15199730385629326,-0.03796010228085168,0.029241913870520192
113.42,0.11777491800918252,-0.032390533122573326,-0.11206782433558195
113.44,0.08937041030680899,-0.025236567583036912,-0.2277681220531766
113.46000000000001,0.07026604881750113,-0.016993737024464727,-0.3125094306225088
113.48,0.0648541616799325,-0.008138154660084813,-0.36290429988473605
113.5,0.07842459723132678,0.0009268011385526859,-0.37734074353032354
113.52,0.11681129332817183,0.009912693855426657,-0.3556013280296893
113.54,0.18414042973092912,0.018655985300541654,-0.2983653750530245
113.56,0.275370024738546,0.027028233158405683,-0.20683823974745022
113.58,0.36787069069042655,0.034671344883546784,-0.08308821524015236
113.60000000000001,0.43502765852537134,0.04078147485600188,0.06849718511635011
113.62,0.47150191631715865,0.044390896844311946,0.2398122663435949
113.64,0.48707241107200644,0.04485440128465258,0.419407671130132
113.66,0.4904249638698112,0.04199903329191541,0.5942050822231723
113.68,0.4858433542594319,0.036040745097557385,0.7512502556555991
113.7,0.4751476229792034,0.02747864928699589,0.8790505530997785
113.72,0.4591985831677343,0.01700956141108858,0.9685313964266751
113.74000000000001,0.4385346545579085,0.00545189901589492,1.013673492320155
113.76,0.41359769099534466,-0.006327919477923787,1.0118514179047864
113.78,0.3848116043215756,-0.01748603458121646,0.9638829755965982
113.8,0.352614357112365,-0.027265078459377007,0.8738081887912462
113.82000000000001,0.31747837305568355,-0.035047411581407874,0.7484326648605646
113.84,0.2799336865507097,-0.04039421211979831,0.5966853175878445
113.86,0.24060335846695788,-0.0430680349052566,0.42885219894303567
113.88,0.20026096352169792,-0.04303768250093522,0.2557552930466776
113.9,0.15992012718207022,-0.040465466309959626,0.08794727327808465
113.92,0.12096058445293675,-0.03567813796290507,-0.0650094979268661
113.94,0.08527741040837965,-0.029124025422378092,-0.19511903204162534
113.96000000000001,0.055410807084067926,-0.021320369390011872,-0.29633512186845357
113.98,0.034600162684192456,-0.012796412405088133,-0.36472353082299824
114.0,0.026760153826941285,-0.004038515777926992,-0.39839859175667725
114.02,0.03649045774912641,0.004557992829908755,-0.39725270605605895
114.04,0.06916146970179352,0.012728474827760121,-0.362509807279624
114.06,0.1302102019751675,0.020363213417254583,-0.2961454654989958
114.08,0.22029925293116517,0.02747213160331085,-0.20030275952156681
114.10000000000001,0.3237986943353701,0.03397871090424705,-0.07714997944223353
114.12,0.40901471258007344,0.03937026929103954,0.07006268309201549
114.14,0.4587238308557713,0.042724422462448675,0.23508715765522112
114.16,0.480592348483281,0.04325955685486811,0.4080756162388772
114.18,0.486561398838514,0.04067564193401983,0.5769852274529106
114.2,0.48325178192916163,0.03511100716077721,0.729492963699389
114.22,0.47344811054914027,0.027012572594815848,0.8544858028462912
114.24000000000001,0.45834317254230095,0.017033932832008394,0.9430810432356049
114.26,0.4385883512864918,0.005954491355381624,0.9892872153871292
114.28,0.4146741203083809,-0.005393821996191299,0.9903592354996754
114.3,0.38706147501950755,-0.016195338062830737,0.9468692398555063
114.32000000000001,0.3562347724683087,-0.025712748039206913,0.8625145311400713
114.34,0.3227357167561549,-0.033338926866072184,0.7436964675003864
114.36,0.28720179968428217,-0.038635155113059816,0.5989182807717449
114.38,0.25042304569711266,-0.0413533139610166,0.4380614331688042
114.4,0.21342950972870545,-0.04144075136769889,0.27160761343770073
114.42,0.17762013442333294,-0.0390276996176929,0.10987632498306896
114.44,0.14493454303521183,-0.034398345414076104,-0.03765392072849642
114.46000000000001,0.11804849426515877,-0.027948009330873616,-0.16287984120532217
114.48,0.10054693249958267,-0.020130465265324457,-0.2594149959765878
114.5,0.09701110554838036,-0.011401045584334964,-0.3227101203986111
114.52,0.11289955887838958,-0.0021627698255379016,-0.34994914674949434
114.54,0.1536946572734499,0.007272619851260168,-0.33975379863190797
114.56,0.2215300065241653,0.016677535115855607,-0.2918081536819589
114.58,0.3075197626997554,0.025787344649564718,-0.20671371989481044
114.60000000000001,0.3885288531209316,0.03405490281723988,-0.08661315396407057
114.62,0.44465839228189424,0.04057254217908578,0.0633928419250329
114.64,0.47512974925106105,0.044417714948490665,0.2343858430497045
114.66,0.48844051145869793,0.0450263724126653,0.4143991982570624
114.68,0.49114428326090237,0.042269463560851935,0.5900934881258668
114.7,0.4864513224528992,0.03637700169398417,0.7483621600158088
114.72,0.47579549290969625,0.027850759943161926,0.8775891197952196
114.74000000000001,0.4599158026899033,0.017387952483957015,0.9685807042154574
114.76,0.43931324971931657,0.0058082865162385755,1.0152013971905038
114.78,0.4144168030747516,-0.006018850879776941,1.0147179985064456
114.8,0.3856436578642834,-0.017245014134350638,0.9678557350757133
114.82000000000001,0.3534252943218291,-0.027107024042582636,0.87858301168292
114.84,0.31822520083076605,-0.0349807448668888,0.7536586273115915
114.86,0.280559675440646,-0.040420783145841375,0.6019910323042031
114.88,0.24103010365943509,-0.04318367991162281,0.433871197720613
114.9,0.20037590527333837,-0.04323341039602452,0.26014791569051865
114.92,0.15955791173518324,-0.04072925088135038,0.09141658897504373
114.94,0.11987719908040473,-0.0359972749079579,-0.0627100855703293
114.96000000000001,0.08311756185738113,-0.02948797873021558,-0.19418862053373948
114.98,0.051670045690284286,-0.02172397525341075,-0.2969402992057951
115.0,0.02857927751434292,-0.013243285821060444,-0.36702662809261943
115.02,0.017497886555012675,-0.0045446502888517116,-0.4025999012483946
115.04,0.02266144098845149,0.003960135186405107,-0.40364794937739396
115.06,0.049025224886391376,0.011985565581780058,-0.3715650007293032
115.08,0.10212424672401044,0.019401571278480537,-0.30858319194235206
115.10000000000001,0.18516078528201507,0.026225878204071837,-0.21714321788635174
115.12,0.28898459429400686,0.0324840924777045,-0.0995155656601423
115.14,0.38440462552075433,0.03786535522500931,0.04158766266129185
115.16,0.4457473236542901,0.04155325286893492,0.2011515678639534
115.18,0.4747692509807068,0.042677251436961675,0.3705729698017632
115.2,0.4843940221766725,0.04079497579667114,0.5385395502511628
115.22,0.4831871951769586,0.0359370078898505,0.692950191235739
115.24000000000001,0.4749166773038755,0.028476406417577017,0.822555442871701
115.26,0.46113944776814975,0.01901447379656603,0.918086725354205
115.28,0.4426280876740352,0.008294838079164247,0.9729912946371986
115.3,0.4199133411273597,-0.0028708385154186744,0.9838507827204034
115.32000000000001,0.3934719576366659,-0.013671855649919488,0.950513683853847
115.34,0.36379829884994774,-0.02336129701376774,0.8759633153518971
115.36,0.33144511599837856,-0.03130943851792027,0.7659521376879107
115.38,0.2970651538435374,-0.03704438178111796,0.628446965165244
115.4,0.2614699678323971,-0.04027729590133491,0.4729417198709401
115.42,0.22571913251239434,-0.0409107076084002,0.3097027917288412
115.44,0.1912508054353946,-0.039029438222562676,0.1490160086571623
115.46000000000001,0.16005596706137867,-0.034875005252557364,0.0005034167854505861
115.48,0.1348780115955343,-0.028805673813229817,-0.12742786297670178
115.5,0.11938812911927203,-0.021245977742943973,-0.22795434697764913
115.52,0.11824716005854839,-0.012631448118127917,-0.29599113317503845
115.54,0.13684398020986924,-0.0033569539860189286,-0.32812949024996346
115.56,0.17999593069360495,0.006255695047948299,-0.32239873083958515
115.58,0.2478660394586801,0.015933836075776246,-0.27799331669217225
115.60000000000001,0.32902724981716636,0.025315103502110123,-0.19530931674455143
115.62,0.4014503194829182,0.033739154917702546,-0.07673391953961477
115.64,0.45023421854545836,0.04026789908096263,0.07207274171474697
115.66,0.4767872912975311,0.0440388940883054,0.24171434195784838
115.68,0.4884716802462276,0.04455598122797293,0.4200268724916971
115.7,0.4905394059739852,0.04172865912337686,0.593688035902416
115.72,0.485577502599136,0.03580333384003348,0.7497139382018794
115.74000000000001,0.4747970011909303,0.027286763056219757,0.8766512940789599
115.76,0.4588673822149015,0.01687503275199873,0.9654758842677763
115.78,0.438270841632447,0.005382827553277729,1.0102088443764126
115.8,0.41343464839252914,-0.006328189755880044,1.0082477965739693
115.82000000000001,0.38478197520867036,-0.01741903540642306,0.9604141028641238
115.84,0.3527565210340124,-0.02713677529442613,0.8707325678155814
115.86,0.31784204484269535,-0.03486733301521513,0.7459774581179495
115.88,0.28058732646076984,-0.04017422976098519,0.5950344289947531
115.9,0.24164534367877763,-0.042820853259451175,0.428139833429339
115.92,0.20183660544644313,-0.042775078997943056,0.2560660657843141
115.94,0.1622467312567326,-0.04019629678330903,0.08932382873787519
115.96000000000001,0.1243622022889015,-0.03540610162508418,-0.06255041167377758
115.98,0.09022966148912365,-0.028845182388712327,-0.19156105360147732
116.0,0.06259614066831351,-0.021020421317965457,-0.2916263582373625
116.02,0.04497950833841995,-0.012447724728254804,-0.35872927220106254
116.04,0.0416751685546582,-0.003596674979122549,-0.39084129782088445
116.06,0.05777847958608148,0.005158349131731705,-0.38763675684623045
116.08,0.099035953065271,0.013576706502978781,-0.3500302444141267
116.10000000000001,0.16990957849459973,0.021561915778685693,-0.2796043807028089
116.12,0.26592478381234796,0.029073733631842753,-0.17815658526821618
116.14,0.36358263333933855,0.03584555833871042,-0.047975566546317114
116.16,0.4338357251816433,0.04112467033161878,0.10662828794379822
116.18,0.47089266250874917,0.04395637241071578,0.27774084194115495
116.2,0.48582319038373883,0.04371608757466987,0.4541603378640991
116.22,0.4882207952814261,0.04026754887813908,0.6231746564385212
116.24000000000001,0.48269801759072484,0.033864137770187826,0.7723489174603249
116.26,0.4711677616496752,0.025032509506795884,0.8908420310224833
116.28,0.4545172068668129,0.014482933349481253,0.970313675008464
116.3,0.4332973397498838,0.0030322662366101746,1.0055025592078437
116.32000000000001,0.4079638413201395,-0.00846878752661483,0.9945062014268145
116.34,0.3789614248497865,-0.019204152499675796,0.9387774853846814
116.36,0.3467605823135324,-0.02845332038062299,0.8428611071443908
116.38,0.31188481826118714,-0.0356409485512361,0.7139077414365621
116.4,0.27494469165168245,-0.04037192463797755,0.5610179763752161
116.42,0.2366902017134098,-0.04244974815834981,0.39447883409438245
116.44,0.19809301372588276,-0.04187726770349424,0.22496193443352758
116.46000000000001,0.16046829382411826,-0.038840015555336255,0.06275379559751171
116.48,0.1256361126022837,-0.03367360134877872,-0.08291462221973359
116.5,0.09610034453744903,-0.026817974232962855,-0.20438050056515966
116.52,0.07519887043322779,-0.01876290061914363,-0.2958595168025747
116.54,0.06718436607762157,-0.009990354690749131,-0.35352989612475705
116.56,0.07722572126047911,-0.0009198887920509116,-0.3753900120254371
116.58,0.11114050635225857,0.008136320753528112,-0.36091396529870273
116.60000000000001,0.17359703435779414,0.01699118612405617,-0.31057149492996755
116.62,0.2616150653574705,0.025514730314742277,-0.2254188301169837
116.64,0.3552897200502065,0.033395814914070406,-0.10728785321393203
116.66,0.4269193786150581,0.03988984738519532,0.03991089991581709
116.68,0.4675042416908177,0.04401807545017372,0.208662326597705
116.7,0.4856635386125639,0.045064708117713494,0.3879243956593106
116.72,0.49063174969626944,0.04278332824302227,0.5647245924858081
116.74000000000001,0.48722293292407254,0.03733293950206149,0.7259525388773383
116.76,0.4774990918488473,0.029171251559374174,0.8597637031093854
116.78,0.46240837405394397,0.018967226997637733,0.9565934609173677
116.8,0.44251709964572256,0.007524439150866454,1.0098471466694656
116.82000000000001,0.41827402579503736,-0.00429281376153036,1.0162901907092183
116.84,0.39010188878161745,-0.015630865787068068,0.9761470065600739
116.86,0.35843307952085857,-0.025712146086573073,0.8929248795594562
116.88,0.32373023952054775,-0.03389063160710384,0.7729946900658752
116.9,0.28650765391503,-0.03969367785709134,0.6249760175040965
116.92,0.24736305725662455,-0.04284763908851557,0.4589866768380452
116.94,0.20702934689951563,-0.0432859050427964,0.2858246923248253
116.96000000000001,0.16645629762072192,-0.04113922402729411,0.11615371136153572
116.98,0.12692849119410418,-0.03670938810900212,-0.04023904040880426
117.0,0.09021055014584821,-0.030428586234147053,-0.17504989252481293
117.02,0.058682419953375295,-0.022808144291265084,-0.28188054656828004
117.04,0.035406453880089006,-0.014381955590714465,-0.35644222072982445
117.06,0.024105591425142188,-0.005650917795036463,-0.3965334295115646
117.08,0.02914686611392813,0.0029663859401437547,-0.4018067379565218
117.10000000000001,0.05564619268206425,0.011174775620591514,-0.3733545140081418
117.12,0.10920503845566339,0.01883210667541223,-0.3131502612468804
117.14,0.19268100753773168,0.025938151284367484,-0.2234338647616182
117.16,0.2959163402261728,0.03248504366807769,-0.10637420017315188
117.18,0.3892803742318873,0.038112284870853635,0.03524687051246514
117.2,0.4485220907349344,0.041970485345417516,0.1961655252544635
117.22,0.47641170994383997,0.043191712922484825,0.36747225591369675
117.24000000000001,0.48560817583579197,0.0413473361770702,0.5375903708676667
117.26,0.48425514528297736,0.03647747933622281,0.6942020949290523
117.28,0.4759102728551799,0.028961974765236927,0.8258726550294793
117.3,0.4620517529216452,0.01940923968287092,0.9231752400319638
117.32000000000001,0.4434237853433095,0.008571451820142215,0.9794301086657815
117.34,0.4205441238088102,-0.002729903921981652,0.9911288107632124
117.36,0.39387907045954224,-0.013673708977571804,0.9580705073896215
117.38,0.3639097723762874,-0.023502879515778792,0.8832306448240057
117.4,0.3311694830239198,-0.03157863442994695,0.7723925408547099
117.42,0.2962812694115279,-0.03742192465108769,0.6335865320673819
117.44,0.2600115841418107,-0.04073936673985253,0.4763936802412765
117.46000000000001,0.22335249684028396,-0.04143210388385749,0.31117955658690266
117.48,0.18764395735670766,-0.0395871864937356,0.14832760497561387
117.5,0.15474020659084703,-0.03545227380770202,-0.0024591822683005388
117.52,0.12720576864684652,-0.029395784318450583,-0.13272533991176394
117.54,0.10849873764347945,-0.021856175094624355,-0.23564735603218945
117.56,0.10307442962932567,-0.013285731739363416,-0.3062021623665041
117.58,0.1162858180233823,-0.0040960621597821425,-0.34111140097746406
117.60000000000001,0.15360876834489687,0.005383123922321567,-0.33858879142733045
117.62,0.21761330653574823,0.014903430350583845,-0.2979914646514519
117.64,0.30085807353152644,0.024192760589287505,-0.21965758251689738
117.66,0.3817994742098389,0.03272494713010597,-0.1054399897269177
117.68,0.4398599889161613,0.03961649190559982,0.03995721438146829
117.7,0.4724203062245827,0.04392976614483587,0.20803768898440872
117.72,0.48730055280158635,0.045053691955416905,0.3871229552598724
117.74000000000001,0.4911746190247159,0.04280745334596256,0.5639574146071512
117.76,0.4874415716357954,0.037376130814465225,0.7253233877279733
117.78,0.47763398194532275,0.029225651132324837,0.8593318058956696
117.8,0.4625303262627741,0.019027222781118718,0.9563920810230534
117.82000000000001,0.44264557369143825,0.007585067973262968,1.0098886039593844
117.84,0.4184129209570892,-0.0042360934244223035,1.0165677780241549
117.86,0.39025005660407713,-0.015582024133670888,0.9766369230246496
117.88,0.35858733538307985,-0.02567436903284294,0.8935889443832733
117.9,0.3238860698119765,-0.03386614857569171,0.7737838461877148
117.92,0.28665907789209727,-0.03968366865769525,0.625834373516647
117.94,0.24750199098543257,-0.04285223472151448,0.45985573629361015
117.96000000000001,0.20714446101173822,-0.043304286543277205,0.2866473839173504
117.98,0.16653124680003467,-0.04116981718054728,0.11687783043116623
118.0,0.12693942041097833,-0.036750146902949254,-0.03965834995616528
118.02,0.09012295147755033,-0.030477351847040923,-0.17464894687035742
118.04,0.05844760251333264,-0.022863057821681167,-0.28168748289275763
118.06,0.034957644340611514,-0.014441895902989586,-0.35647906884115116
118.08,0.023352558573906203,-0.00571594485428979,-0.39681994799379444
118.10000000000001,0.027967358885018494,0.002894569852660899,-0.40236604992841213
118.12,0.05387957005763597,0.011092349251691964,-0.3742206429179566
118.14,0.10668828260700075,0.01873301494399244,-0.31437712570708853
118.16,0.18944811620094187,0.025816202221107084,-0.2251013377823014
118.18,0.2925844529169986,0.03234197329865328,-0.10857495930524791
118.2,0.3868234906012629,0.037968209814012215,0.03246195109377791
118.22,0.4471939924697218,0.04185757074216981,0.1928561067134281
118.24000000000001,0.4758132074055606,0.0431352178510157,0.36381793845547344
118.26,0.4853856385234926,0.041358808748379376,0.5338442049194896
118.28,0.4842449466712609,0.03655769275143385,0.6906404360287394
118.3,0.4760512217758151,0.029104329800577953,0.8227593044947394
118.32000000000001,0.4623213851212197,0.019601963140279066,0.9207366525309318
118.34,0.44381256695148774,0.008799247107549464,0.9778380828448104
118.36,0.4210467368461099,-0.002484330762077147,0.9904894601352826
118.38,0.3944917104882152,-0.013428152795405974,0.9584192766792335
118.4,0.3646294277994163,-0.02327421323400591,0.8845331896921079
118.42,0.3319938964310415,-0.03138154246563261,0.7745510150779576
118.44,0.29720917431037225,-0.03726787328593396,0.6364504916262014
118.46000000000001,0.26104308021014544,-0.04063587407203518,0.4797745237461684
118.48,0.2244895043714801,-0.041382347125143305,0.31486721929919564
118.5,0.18889073374701099,-0.03958995698127632,0.15210812701650742
118.52,0.1561040025252578,-0.035502262211714555,0.001213421374119543
118.54,0.12869786931346808,-0.029484150891309947,-0.12933290341330486
118.56,0.11013606051501224,-0.02197133525838852,-0.23266619752047063
118.58,0.1048802332288107,-0.013414282642222043,-0.3037130905090233
118.60000000000001,0.11828183850327065,-0.004223846955807915,-0.33913971302634954
118.62,0.15577692232383492,0.005269553255179995,-0.33710395682156796
118.64,0.21979962753917034,0.014814200717395488,-0.29691463792759926
118.66,0.30269690925576925,0.024130486736059418,-0.21888294588736132
118.68,0.3829470665550677,0.03268246631302393,-0.10487118970525386
118.7,0.4403671291060719,0.03958245580225597,0.0403764438154932
118.72,0.47257390144309935,0.04389671125082784,0.20832421447920738
118.74000000000001,0.48731176704585144,0.045019567144354324,0.3872751399184395
118.76,0.4911372363625078,0.04277326038641345,0.5639723641845266
118.78,0.4873897267338522,0.037343965145717646,0.725204861971743
118.8,0.4775801140368173,0.029197745364904385,0.8590924244841893
118.82000000000001,0.4624800778582953,0.019005517803869276,0.9560529057354377
118.84,0.44260269850836154,0.007571004606633641,1.009477508206876
118.86,0.418380875532455,-0.00424167631359854,1.0161172155893872
118.88,0.3902326439189053,-0.015578919875325063,0.976181438344935
118.9,0.35858916446366745,-0.025662972914394396,0.8931626851742351
118.92,0.32391311438691944,-0.03384737325056602,0.7734183076380973
118.94,0.28671951087010966,-0.03965881107648483,0.6255565798061609
118.96000000000001,0.24760748792291512,-0.04282280041402505,0.4596870415067744
118.98,0.20731222086215986,-0.0432717758042136,0.28660305317140006
119.0,0.16678701781880523,-0.04113547514567431,0.11696754864350908
119.02,0.12732177361990468,-0.03671467687062774,-0.039428896583319065
119.04,0.09068887389983288,-0.030440590893328213,-0.1742752671923366
119.06,0.05927937399142097,-0.022823616853833644,-0.28116210719358864
119.08,0.036171534688844466,-0.014396765773679411,-0.3557858687899575
119.10000000000001,0.025111550967998296,-0.005660047241105529,-0.3959267851446958
119.12,0.030500091693948343,0.0029689537193418646,-0.40121541040500924
119.14,0.05749289583894181,0.01119626798087316,-0.37271769512267355
119.16,0.11169344961414318,0.018880873315118802,-0.31237578793120374
119.18,0.19576812885630163,0.026021475477639576,-0.2223968604335801
119.2,0.2990185122869664,0.03260146947593785,-0.10493452204157987
119.22,0.3915269735083337,0.03824240777339209,0.03718907771813758
119.24000000000001,0.4497333409363648,0.04208376005752053,0.19860449966000554
119.26,0.4769757222771669,0.043263845114232924,0.37028807724686413
119.28,0.4858481358314548,0.04136600502831629,0.5405901442453241
119.3,0.4843165209426289,0.03643958468337506,0.6971632633108102
119.32000000000001,0.4758454494735952,0.028870728580922222,0.8285736272979293
119.34,0.4618782058612698,0.019272410048449966,0.9254168505232041
119.36,0.4431472570553265,0.008400100304734861,0.9810512444330167
119.38,0.42016633023529887,-0.0029225966216718862,0.9920172363460658
119.4,0.3933999605143625,-0.013873629621725326,0.9581689716051042
119.42,0.36332793479680225,-0.02369615264773257,0.8825382545606605
119.44,0.3304818190402862,-0.031752709662451604,0.7709615957411254
119.46000000000001,0.2954822254301333,-0.03756651213749777,0.6315152922805383
119.48,0.2590919698781044,-0.0408471649976294,0.4738157921308628
119.5,0.2222978255002781,-0.04149928380481814,0.30825104623015354
119.52,0.18643222157058773,-0.039613617725237166,0.14521245013518358
119.54,0.15333900671481193,-0.035441502015070556,-0.0056038810783165804
119.56,0.12556874309761154,-0.029354788017956424,-0.13576364403407312
119.58,0.10656159838985825,-0.02179494485318181,-0.23847743016721867
119.60000000000001,0.10075313088319905,-0.013216703941712971,-0.30876723942523926
119.62,0.11348855365898804,-0.0040333288278478025,-0.34340810183388004
119.64,0.15029891045315372,0.0054253279785003,-0.34067113192003895
119.66,0.2139854432073953,0.014914406020220119,-0.2999651407432438
119.68,0.2975352359414391,0.02417264202867436,-0.22165229622233001
119.7,0.37951114324193874,0.032690514492571,-0.10755185748509727
119.72,0.4386973276697086,0.03959333509201653,0.03772198479555917
119.74000000000001,0.4719618635934399,0.04393695537924069,0.2057661764874672
119.76,0.48718039347038306,0.04509870179039057,0.38495501933334453
119.78,0.49121614272338243,0.042889275040072485,0.5620444779862769
119.8,0.4875757126037959,0.03748874787232733,0.723801914537
119.82000000000001,0.4778333620805885,0.02936014343266757,0.8583078551724916
119.84,0.46278134969638,0.019173105367763253,0.955932520207284
119.86,0.4429387534301122,0.007731342747932003,1.0100170088633664
119.88,0.41873964907618694,-0.004100017233932645,1.017264258668455
119.9,0.39060135095891824,-0.015465531201003323,0.9778413957607097
119.92,0.358953067901397,-0.0255849947846435,0.8952073011138523
119.94,0.3242541278234281,-0.03380912949758216,0.7756963207239245
119.96000000000001,0.28701414464670527,-0.039661714538961355,0.6279052702410415
119.98,0.24782362816720738,-0.04286553848576637,0.4619435977292286
120.0,0.20740409941078372,-0.04335077493071631,0.28861463648325664
120.02,0.1666876497064821,-0.041245634931764315,0.11859895639084772
120.04,0.1269323245361104,-0.036850356933307876,-0.03829101702279701
120.06,0.08986503349113692,-0.030596820036621983,-0.17372261004908693
120.08,0.05781540170924259,-0.022997470402309175,-0.2812700954159766
120.10000000000001,0.03378146315327432,-0.014588840764902909,-0.3566247678592698
120.12,0.021402482782467955,-0.005876011223538086,-0.3975788542611761
120.14,0.02493067789458986,0.002716634952857953,-0.403798552051655
120.16,0.049341516928787514,0.010886410331479614,-0.37641650358850604
120.18,0.1002130606010476,0.01848311801077195,-0.3174785655249398
120.2,0.18106603504881924,0.025505474178088326,-0.22931974002290406
120.22,0.28380683278122193,0.03197269904617389,-0.11416081078783043
120.24000000000001,0.38022193755937833,0.03759006260832553,0.025356145346012514
120.26,0.4435735608345906,0.041554374541797105,0.18435963836825697
120.28,0.4741654888550768,0.04297511030582187,0.3543781645359519
120.3,0.48475643404934216,0.04137417351543517,0.524109587136723
120.32000000000001,0.48418415368643974,0.03675224801556801,0.6813281279083188
120.34,0.47638985137254924,0.029462175619033266,0.8145596816796051
120.36,0.462997956346083,0.020093430240025623,0.9142473657724742
120.38,0.44480166059649284,0.009385216136759357,0.9735178626577793
120.4,0.4223347092751151,-0.0018484673498137738,0.9886282752894953
120.42,0.396069139069328,-0.012788601520998127,0.9591241887910698
120.44,0.36648908303777644,-0.022675064768262844,0.887729478420106
120.46000000000001,0.33413061238315483,-0.030861443722590826,0.7799974635143355
120.48,0.29962048179761036,-0.036857298521331454,0.6437668501724252
120.5,0.26373022212377284,-0.04035516216441439,0.48847840304441476
120.52,0.22745866462982287,-0.04124060863188005,0.3244171174509777
120.54,0.19215440930955036,-0.03958488395865814,0.16194902204258976
120.56,0.1596826582267473,-0.035620801853260525,0.010821371839020683
120.58,0.13262238011150265,-0.02970393323586643,-0.12041040846840552
120.60000000000001,0.11445112886239682,-0.022262683647915907,-0.22477682931027373
120.62,0.10964453349333896,-0.013742628162552537,-0.2970751679093268
120.64,0.12354404975636744,-0.004552562323995499,-0.3338281072626878
120.66,0.16147045452088532,0.004975188727811778,-0.333049163934478
120.68,0.225492036291275,0.0145799740524425,-0.2939230379596789
120.7,0.30742075745182673,0.023962378945372235,-0.21669363515600443
120.72,0.38584574075940703,0.03256157825456002,-0.10325043825318782
120.74000000000001,0.4416176798888831,0.039480276213009174,0.04155955730353985
120.76,0.4729270018224229,0.04379550014136386,0.2091038225506646
120.78,0.48730649731647685,0.044915581907294194,0.3876439147145887
120.8,0.4910115358197028,0.04267044597428265,0.5639255753392152
120.82000000000001,0.48723064176761716,0.03724886294184176,0.7247599463934142
120.84,0.4774201100450036,0.029116992002898676,0.8582937138352215
120.86,0.4623346093370566,0.018944702391106256,0.9549694390064472
120.88,0.4424825860780837,0.007534109354034642,1.0081975951378566
120.9,0.41829637249511537,-0.004252537874994287,1.0147414070710712
120.92,0.39019516466635834,-0.015563555129892952,0.9748148838731299
120.94,0.35861261496834723,-0.025622983330919447,0.8919076464853389
120.96000000000001,0.3240155717945662,-0.03378586775384455,0.7723675055139659
120.98,0.286925754292237,-0.0395799789332668,0.6247879749381702
121.0,0.24795295271808573,-0.04273136262742484,0.4592605726928033
121.02,0.20784911830688318,-0.04317232968394496,0.2865597872733154
121.04,0.16759347893170123,-0.04103173846253332,0.11733165364815905
121.06,0.1285147393098127,-0.03660862957999787,-0.03864495184000892
121.08,0.09244096157013967,-0.030331510857770767,-0.17306186844123272
121.10000000000001,0.061839681161063365,-0.022707014026993575,-0.2794995870178055
121.12,0.039892082722432685,-0.014263215657634588,-0.35362713958979086
121.14,0.03048563516411986,-0.005493856880348104,-0.39317501408484257
121.16,0.03821636386830166,0.0031914256956820717,-0.39769572954838023
121.18,0.06845601573550543,0.01150848434639005,-0.3681415512687434
121.2,0.12673975002975812,0.019325318283090455,-0.30630119062935096
121.22,0.21437352414382538,0.026634207484445394,-0.2142148082355107
121.24000000000001,0.31727912613616666,0.03336242638361659,-0.09398166191367899
121.26,0.4043407353660534,0.039024709678841495,0.051286888260689875
121.28,0.45646718798561714,0.04270601607129313,0.21556842307847304
121.3,0.48001147207585715,0.04359165902044859,0.3891839850507375
121.32000000000001,0.4870096660619981,0.041338652355376614,0.5600966680037609
121.34,0.48440709662843,0.03605171109033735,0.7158339803560168
121.36,0.47515745984103036,0.028154921002653176,0.8450210715229408
121.38,0.4605156302356733,0.018288272697199723,0.9384409381696162
121.4,0.4411514153712418,0.007225949690514254,0.989730357786968
121.42,0.41755749241350926,-0.004197546916154925,0.9957674169292479
121.44,0.39018973807008456,-0.015157024684126412,0.9567719556661168
121.46000000000001,0.35952187800514035,-0.024899937422418087,0.876138980913768
121.48,0.32607829412476086,-0.032799816638841885,0.7600373049655293
121.5,0.2904692759679979,-0.03839637226866344,0.6168201007286566
121.52,0.2534424767484839,-0.041419716040028046,0.45630613968419276
121.54,0.21596281189270652,-0.041797283610373534,0.28899846077912517
121.56,0.17933190190052503,-0.03964321701969952,0.12531054963151772
121.58,0.1453507796179503,-0.03523117930570468,-0.02513134345776831
121.60000000000001,0.11651065106345285,-0.028952892020428188,-0.1540475848822638
121.62,0.09617031724724531,-0.021266212306436903,-0.25487622428117557
121.64,0.08866508653390517,-0.012638131561351186,-0.32292419011210105
121.66,0.0992752340770571,-0.00348931197518596,-0.35529114917169013
121.68,0.13372896387731595,0.005850624196352814,-0.35058886122090904
121.7,0.19583877610278666,0.015154177336752853,-0.3085365078869486
121.72,0.2806871692518835,0.02421262625485829,-0.22967282003592926
121.74000000000001,0.36768695892322734,0.03260191122163723,-0.11570693419207552
121.76,0.43261387740340285,0.03950067366710343,0.029162941759496568
121.78,0.4695209393535152,0.04393981567204918,0.1970037549803772
121.8,0.48644888611171205,0.04524144577096502,0.3764770905777166
121.82000000000001,0.4912535474806867,0.04317563890253123,0.5544281851481394
121.84,0.48802191671378503,0.037899419978821736,0.7175887227065254
121.86,0.4785540728257423,0.029862902313027056,0.8539337310735422
121.88,0.46371681478538274,0.01972867024188395,0.9536888396180466
121.9,0.44405175157844295,0.008297639899801253,1.0100311438279714
121.92,0.41999862591734166,-0.0035642083933832393,1.0194958525211555
121.94,0.3919744367991528,-0.014997398695350906,0.9820923005422333
121.96000000000001,0.3604050138140511,-0.02521508260990957,0.9011431446514636
121.98,0.3257434483624806,-0.03355943859432806,0.7828771404049867
122.0,0.2884891705724199,-0.03954463295035857,0.6358221158690522
122.02,0.24921634812576582,-0.042883669208461636,0.47005763267717493
122.04,0.208620465870976,-0.04349768023084768,0.2963950929964024
122.06,0.16759289302266678,-0.04150747142168959,0.12555631664192946
122.08,0.12733029334102114,-0.03720833328548778,-0.032580055917966554
122.10000000000001,0.08947214630937893,-0.031030354934401292,-0.1696014547861968
122.12,0.056231718406515835,-0.023487849579478758,-0.27900228715327663
122.14,0.03045988228940367,-0.015123100614866037,-0.35640918839148594
122.16,0.015607273413435006,-0.006450835994856927,-0.39958052853799847
122.18,0.015666093631440767,0.002090912465461153,-0.40819515076654594
122.2,0.0352688304024743,0.010181469432759733,-0.38346154515719644
122.22,0.07980427056008174,0.017649868635292984,-0.3275804433514746
122.24000000000001,0.15389735024960627,0.024484967085344953,-0.2431117081132668
122.26,0.2538801099564459,0.03075268960234666,-0.13244854429977937
122.28,0.3562155491759561,0.03630523039718992,0.001983355892782486
122.3,0.4297523604981632,0.040477519922989674,0.15616634147517044
122.32000000000001,0.4677166919497579,0.04235330473321861,0.32272394710911634
122.34,0.48218852702570586,0.04133611259191982,0.4911121220170789
122.36,0.4837213723113482,0.03732369607979557,0.6494022730776606
122.38,0.47734875160377366,0.030598116199436334,0.7860728700996572
122.4,0.4651311219230215,0.021699497094526645,0.8912825623867564
122.42,0.4480102259324397,0.01133288654165556,0.9577076260783028
122.44,0.4265681618198078,0.0002916642547129754,0.9810453888887015
122.46000000000001,0.4012935279433097,-0.010612542861362352,0.9602257238868975
122.48,0.3726779034467833,-0.02061429225150709,0.897352928254129
122.5,0.34126324157601906,-0.029050341995851874,0.797405570641503
122.52,0.3076833123293516,-0.035403853304228225,0.6677348181402593
122.54,0.272718738976801,-0.03933392641484963,0.5174144847501532
122.56,0.23737952530595882,-0.0406885995365938,0.35650557066396477
122.58,0.20302683842679606,-0.03950057239402493,0.19530330610769925
122.60000000000001,0.17153899542036705,-0.03596611717579526,0.04363529050249658
122.62,0.14550854413776812,-0.030408971558731953,-0.08972513192802548
122.64,0.12842628915703233,-0.023232606592548204,-0.19747638502070733
122.66,0.12476468588562899,-0.014866218531530952,-0.27400053756667053
122.68,0.13976486763780555,-0.005712506056519468,-0.3153593719375114
122.7,0.17831699057093858,0.0038882735833484744,-0.3191072658677003
122.72,0.24141555734134565,0.01364523136455642,-0.2840426591394014
122.74000000000001,0.3196881886164858,0.023200064726490464,-0.21020218895463494
122.76,0.3926495757018404,0.0319287856167258,-0.09952835803449263
122.78,0.4440414004562298,0.0389196665946434,0.04290971471160872
122.8,0.4731798327990168,0.04328370918866365,0.20831016093338817
122.82000000000001,0.48681098079137014,0.04446302925717003,0.3849146693454034
122.84,0.49036680896516016,0.042301129619865256,0.5595441030819213
122.86,0.4866526083211293,0.03698627143755482,0.7191077502356723
122.88,0.4769919576785986,0.02897770390715343,0.8518337105175466
122.9,0.4621000367262168,0.0189359953260858,0.9482126585795283
122.92,0.4424758107607572,0.007653497143234762,1.0016645893945466
122.94,0.41855228430562774,-0.004016641111546699,1.00892421502512
122.96000000000001,0.39075443220639977,-0.015230370284047282,0.9701433316645545
122.98,0.35952658204208576,-0.025217300873883488,0.8887227676370835
123.0,0.32535303620654765,-0.03333555630087093,0.7709041316517327
123.02,0.28878334714773224,-0.0391132310377754,0.6251678691801531
123.04,0.2504712683180297,-0.04227381563553012,0.46149686927251465
123.06,0.21123742215079064,-0.042744153423453654,0.2905730349417208
123.08,0.17216626189649833,-0.04064471925306054,0.12297751440993399
123.10000000000001,0.13474295769400702,-0.036263217913984,-0.03153628669204903
123.12,0.1010193839017125,-0.03001376290792887,-0.16463426617748256
123.14,0.07377164289294416,-0.0223853487814881,-0.2698069867044023
123.16,0.05659907654445738,-0.013884855990390074,-0.3425560298962084
123.18,0.05395575907780053,-0.004980624331337886,-0.3803515312716447
123.2,0.07114743715899328,0.003948147708300823,-0.38237412815873195
123.22,0.11399213287884971,0.01265020324526615,-0.3490750297525832
123.24000000000001,0.18631252808036033,0.0210062937797707,-0.28163618048096334
123.26,0.2816375666135183,0.028922493411434404,-0.1815994346728455
123.28,0.37502593141236856,0.0360391209576885,-0.05129750747191253
123.3,0.4400665897464986,0.041530727168751023,0.10455311903744069
123.32000000000001,0.47390381497298745,0.044448625020865384,0.27749757538619424
123.34,0.48745152628815425,0.04420912766251309,0.45591007557476787
123.36,0.48930725585792384,0.04070604483810673,0.6268025189951675
123.38000000000001,0.48352274510723,0.034210049356582936,0.7775560987502032
123.4,0.4717974668542046,0.025260027974975608,0.8972028123328866
123.42,0.45494702926777136,0.014577291891898866,0.9773213235804352
123.44,0.43349722967895576,0.0029894260552082884,1.0126128498463787
123.46000000000001,0.4078910992536725,-0.008642754535523853,1.0011792801924515
123.48,0.3785615747411989,-0.019494317714484455,0.9445160301017924
123.5,0.34596304809112516,-0.028837805271734115,0.8472421457033458
123.52,0.31059440918039444,-0.03609338647275767,0.7166056914696923
123.54,0.27302774713549144,-0.0408643464410874,0.5618169458925362
123.56,0.2339530194193551,-0.04295576990079813,0.39327273983381084
123.58,0.19424937345328397,-0.04237549669332732,0.22174141317875212
123.60000000000001,0.15509282111466244,-0.03931764265376702,0.057579116486950674
123.62,0.11810142478872773,-0.03413018818521793,-0.0899553981047138
123.64,0.08549770346244698,-0.02726944981533215,-0.21322892612285138
123.66,0.06024108992578364,-0.01924577198197837,-0.30656057516595875
123.68,0.04608657934762743,-0.010566181956911504,-0.3663231592382116
123.7,0.047594006330044215,-0.0016799401854009598,-0.39081921693684485
123.72,0.0701382605926453,0.007068668870476388,-0.37995253442825455
123.74000000000001,0.11946788584133004,0.015474339373211389,-0.33473357560827227
123.76,0.19847385251580477,0.02346243972567735,-0.2567155335689322
123.78,0.29758165067030984,0.03094884622125557,-0.14768764387434552
123.8,0.3887461902100198,0.037518763769590555,-0.010321728518844518
123.82000000000001,0.4481730647360813,0.04229529783676855,0.15007206613969495
123.84,0.47732450806171667,0.04437522496362396,0.3244235977976548
123.86,0.48789522422889775,0.0432768431116924,0.5008146392837713
123.88000000000001,0.48776335670039245,0.03898778827496472,0.6663685981696805
123.9,0.4804520229663491,0.03184875461462881,0.8089061492945712
123.92,0.46743895327868634,0.02244676690127678,0.9181341822107248
123.94,0.4494642673579355,0.011531204577142008,0.9864583332981662
123.96000000000001,0.4270333507487902,-6.159534863366817e-05,1.00948019398641
123.98,0.4005899184503374,-0.011480314312272194,0.9862000394565528
124.0,0.3705785152625819,-0.02192573409696522,0.9189403938078586
124.02,0.33747491778518185,-0.030709252386684188,0.8130170869905576
124.04,0.3018125000616066,-0.03729909152406284,0.6761997172593295
124.06,0.264218095578817,-0.0413512491909199,0.5180169862547929
124.08,0.2254683607101498,-0.042723354902409874,0.34897200759877567
124.10000000000001,0.1865778938404838,-0.04147080311558907,0.17973762820506864
124.12,0.14892744992746537,-0.03782573860622662,0.020401905068313894
124.14,0.11442807353006706,-0.03216070330163004,-0.12017086137047964
124.16,0.08569244534127257,-0.02494014370527466,-0.2348080802944144
124.18,0.06616404383438516,-0.016664527772823245,-0.31828624176031983
124.2,0.06017459511190642,-0.007812977261648542,-0.36735974634058693
124.22,0.0729417981944835,0.0012098011689659059,-0.3805670740802891
124.24000000000001,0.11029377863826761,0.010116088550299069,-0.35784287513090646
124.26,0.17666661188510485,0.01874830105945284,-0.3000071227096066
124.28,0.26795175888463096,0.026997978734039804,-0.2083576432658012
124.3,0.3622851413477793,0.034546078836906274,-0.0849350517479933
124.32000000000001,0.43194019225385244,0.04062108579498051,0.06605754497242461
124.34,0.4700914994236484,0.044251159400501616,0.23675748678840808
124.36,0.4864574345520714,0.044768083366833133,0.41589348268438625
124.38000000000001,0.49017003086522776,0.041980333884478575,0.5904783562298421
124.4,0.4857883894760082,0.036092481004080815,0.7475900651224668
124.42,0.4752408876645547,0.027596183927821934,0.8757314481668994
124.44,0.4594246589182917,0.01718285167683547,0.9657980280025075
124.46000000000001,0.43888995903676287,0.00566698920241124,1.0117220383376677
124.48,0.4140830898226435,-0.006087460938787205,1.0108167965412334
124.5,0.38543064353197914,-0.01723764488670722,0.9638318752018833
124.52,0.3533735149044806,-0.0270257456331743,0.8747379736105764
124.54,0.3183883953984226,-0.0348323190250424,0.7502759299315471
124.56,0.2810119756633102,-0.04021556193947762,0.5993195314480667
124.58,0.24187777359066023,-0.04293410763089944,0.432113594697877
124.60000000000001,0.2017756390379772,-0.04295215989052067,0.2594559975409263
124.62,0.16174406712474487,-0.04042700876456342,0.09189462706633501
124.64,0.12319980549525772,-0.03568017384568434,-0.06099237349406754
124.66,0.08809136436238495,-0.02915468126065647,-0.19117213442505632
124.68,0.059034355230250704,-0.021362445439986364,-0.2925403151545396
124.7,0.0393746225516277,-0.012827266642007408,-0.36108306958342135
124.72,0.033179556552460694,-0.004029636054331518,-0.39481264687031137
124.74000000000001,0.0452580987211774,0.004641970138482155,-0.3934941187074499
124.76,0.08117400721256843,0.012930818303411692,-0.35819428543845244
124.78,0.14611344662194406,0.02073193473019831,-0.29070328450695526
124.8,0.2389226306049177,0.028038036628288996,-0.19299369910250225
124.82000000000001,0.34063711233735056,0.03470027936544189,-0.06723365118083323
124.84,0.41989067302561484,0.04010189144336947,0.08294587699034939
124.86,0.4641866153700202,0.043292521961021735,0.25062066205459455
124.88000000000001,0.48303667887699736,0.04354849067545494,0.42534948534085015
124.9,0.4874874911740882,0.04063672363245288,0.5947662965738776
124.92,0.4832733234831344,0.03474304417438366,0.7464545268279015
124.94,0.4727806246896917,0.02634721681286021,0.8693657527106615
124.96000000000001,0.45706073396675617,0.016126595036633263,0.9547939557224561
124.98,0.43671815609572806,0.0048770969056293086,0.9970046750266529
125.0,0.4122267835875602,-0.0065598573451750375,0.9935618611567835
125.02,0.3840394177741766,-0.01736614249029851,0.9453705484328306
125.04,0.3526330321653486,-0.026808751638715492,0.8564570864609388
125.06,0.31853945937238753,-0.03429093257084526,0.7335222339670975
125.08,0.2823815170223193,-0.03938934297216642,0.5853167136683844
125.10000000000001,0.24492730934625317,-0.04187489624319047,0.421900176073374
125.12,0.2071747231876818,-0.041716123088607795,0.25385155535292503
125.14,0.17047649784224367,-0.03906506702678638,0.0915011167054568
125.16,0.13670716567676844,-0.03422695113801188,-0.055747996058964154
125.18,0.10845219308143177,-0.027616199303804004,-0.17994848061029606
125.2,0.08917448960372713,-0.019702941204400425,-0.2749410044171232
125.22,0.08330742652063618,-0.010955606398310173,-0.33646247013292524
125.24000000000001,0.0962113264292599,-0.0017861882557978711,-0.36202764677188254
125.26,0.1336350237428827,0.007492617292302919,-0.35061132439077286
125.28,0.1991105607181603,0.016673761807025768,-0.30221841450779374
125.3,0.286590924995318,0.025559711339923772,-0.21760406466542093
125.32000000000001,0.373897435601274,0.03371189562692757,-0.09869757056329473
125.34,0.4370838432423667,0.040284381195083416,0.04999083184722692
125.36,0.47198504730213264,0.04431615635550087,0.22017307482499604
125.38000000000001,0.48742833372252636,0.04517003148036538,0.4002617262901684
125.4,0.49116851632388125,0.042662590327331586,0.5770346980382641
125.42,0.4870920449921792,0.03699066742421468,0.737330600615667
125.44,0.47689305149752353,0.028635464725211106,0.869373314936622
125.46000000000001,0.4613965902882366,0.01828163814060431,0.9637437556097226
125.48,0.4411299959160825,0.00674280076306566,1.0140439459087018
125.5,0.4165292168099916,-0.005111866301128226,1.017265780250169
125.52,0.3880116985689979,-0.01642877255232429,0.9738696713831196
125.54,0.35600599697812485,-0.026435024462165408,0.8875892368035744
125.56,0.32096999268075366,-0.03449325973326886,0.7649947635490802
125.58,0.28341078025661776,-0.040142621283683844,0.6148640229280136
125.60000000000001,0.24391489375035938,-0.0431233554523935,0.447421304195232
125.62,0.20319792671092804,-0.04338375578747575,0.273513148626392
125.64,0.1621833218268127,-0.041069423598097586,0.10379186861983643
125.66,0.12211617224611607,-0.03649602089296727,-0.052024370013628515
125.68,0.08470241870457368,-0.03010791550198272,-0.18575324331579599
125.7,0.05223452226131794,-0.02242653052036995,-0.29116241814708466
125.72,0.02764202865578312,-0.01399381284830522,-0.3641652808854289
125.74000000000001,0.01444255358582901,-0.005317283357691476,-0.402791551124037
125.76,0.016693267469992647,0.0031779902860118643,-0.4069506813422519
125.78,0.03911580855853943,0.011188961194370114,-0.37802025463120725
125.8,0.08715282159801278,0.01856553559464401,-0.3182923179514204
125.82000000000001,0.16498830729846348,0.02531473878622616,-0.23033625647500416
125.84,0.2670173621332813,0.031497535695485385,-0.11651841724406335
125.86,0.36725521419758567,0.03691325860542494,0.020649134053672184
125.88000000000001,0.43615693412714085,0.040837768895764015,0.17680856423110483
125.9,0.47046505447655645,0.04236816460988793,0.3441393910996902
125.92,0.4828859880957054,0.04096949526229902,0.5118256833604393
125.94,0.4832458256037188,0.036595144729366744,0.667911659962991
125.96000000000001,0.47606560097533496,0.029565394955131136,0.8010356112698279
125.98,0.4631965614605173,0.020445343907661957,0.9016409421538114
126.0,0.4455101744133565,0.009954763272604703,0.9627674950580747
126.02,0.42356828354484505,-0.0011073731548219342,0.9805165682699852
126.04,0.3978567210791895,-0.011932308125303158,0.9542272134319869
126.06,0.36887172526391093,-0.02176502223352661,0.8863859480823386
126.08,0.3371651686233394,-0.029958911490282528,0.7822989211491951
126.10000000000001,0.3033869989343257,-0.0360182525216971,0.6495687381645309
126.12,0.2683432060572331,-0.03962571269881176,0.49743057732971363
126.14,0.2330829551598176,-0.04065317294614664,0.33601124827468476
126.16,0.19902618024314625,-0.0391552723249782,0.1755795159305219
126.18,0.16813495458440397,-0.03534629574798133,0.025855980274975845
126.2,0.14311210422281287,-0.02956238582237614,-0.1045543296875349
126.22,0.12757788280497043,-0.022212703603294345,-0.20855458781907138
126.24000000000001,0.12612847762783566,-0.013725184426319998,-0.2807403632452938
126.26,0.14404941019773512,-0.004495494452597185,-0.3173696113440749
126.28,0.18597250109552885,0.005144705799791614,-0.3161593820801047
126.3,0.2518693465195302,0.014903841112386374,-0.2760498706673001
126.32000000000001,0.3305830467980947,0.024397318816685904,-0.19726887652023647
126.34,0.4010932410046837,0.03295441750055732,-0.08210592548465095
126.36,0.4491285934164873,0.03964380710616762,0.06387218834531255
126.38000000000001,0.4757300484915114,0.04360903436543786,0.2313950560885045
126.4,0.4877529857170703,0.044347143571472035,0.4084235474540678
126.42,0.49022245511296103,0.04175206556264304,0.5817131048505573
126.44,0.48566484192940623,0.03605212799224516,0.7382886716621868
126.46000000000001,0.47528143013035185,0.027736978178024067,0.8666346354148536
126.48,0.45974246639228294,0.01748833424667814,0.9576010553290808
126.5,0.4395322877641454,0.006110303203809499,1.0050331834728672
126.52,0.41508063973717235,-0.005541621214539514,1.0061191224851747
126.54,0.3868140901735599,-0.016629972230645385,0.961455322527815
126.56,0.3551815985585902,-0.02639879468678854,0.8748447791875694
126.58,0.3206753089484937,-0.03422689021284783,0.7528604302312019
126.60000000000001,0.28385728763111767,-0.039667257862574204,0.6042221596522599
126.62,0.2454012788785726,-0.042470245979502975,0.43904798703463693
126.64,0.2061597341477964,-0.042589141690791636,0.26804755488327414
126.66,0.16726649602912141,-0.040168147055536105,0.10172866866548297
126.68,0.13027932331295644,-0.035513898846793,-0.05031456480332535
126.7,0.09734818095807124,-0.0290529715235718,-0.17997059804400442
126.72,0.07136837156127612,-0.021279284184854586,-0.2809875510385832
126.74000000000001,0.056070452661338824,-0.012696822409601304,-0.34912857948850334
126.76,0.05604673055760799,-0.0037636965069230916,-0.3820988741769339
126.78,0.07673291783028949,0.005157317782179974,-0.379260303543225
126.8,0.1239045547434247,0.013834679243716935,-0.34117137967625405
126.82000000000001,0.20049210017143154,0.022161643359811082,-0.2690509756764709
126.84,0.29736823022559183,0.030022422590105246,-0.16448515439226036
126.86,0.38746214233016435,0.036984342183438476,-0.0300458386846795
126.88000000000001,0.4471498966447659,0.04216566519414772,0.1290168108563623
126.9,0.47707654169070507,0.04464932830994113,0.3036617023221244
126.92,0.48841565425215683,0.043926431090395235,0.4819145718910995
126.94,0.4889443179942935,0.0399556778572551,0.6507268934584557
126.96000000000001,0.4821973145803423,0.03305433196077843,0.7976413583542724
126.98,0.4696670809832801,0.023793825257871215,0.9120084400843552
127.0,0.4520990313680906,0.012916429676867403,0.9858318800008824
127.02,0.42999733446969113,0.0012597831603295712,1.0142998880573029
127.04,0.40379978863195976,-0.010315757237327576,0.9960203555159112
127.06,0.3739401578322764,-0.020995413788938485,0.9329731067432734
127.08,0.3408768304387905,-0.03007017529922971,0.83020382938656
127.10000000000001,0.3051157125356355,-0.03698500933131234,0.6953000156438939
127.12,0.2672402717199497,-0.04137201385106149,0.5377033227438958
127.14,0.22795889880136164,-0.04306654461889627,0.36792292319634695
127.16,0.1881802887177757,-0.04210557781527679,0.19671983248784175
127.18,0.1491259241840085,-0.038708781651379066,0.03433272588610306
127.2,0.1124786156948896,-0.033243984336313,-0.11018855108153215
127.22,0.08054280375947236,-0.026180064559799515,-0.22948493275384463
127.24000000000001,0.05636665822275279,-0.018031833480237347,-0.3181838431243405
127.26,0.04378741029881039,-0.009302796915802991,-0.3729681175031153
127.28,0.04743809714271769,-0.0004315961810466024,-0.3924216463846027
127.3,0.07275691138724863,0.00825384723213654,-0.3766750744332986
127.32000000000001,0.12542742394396592,0.016567792190842055,-0.3268925086299697
127.34,0.20761837675169456,0.02444992856199638,-0.2447082882869003
127.36,0.3077620416918468,0.03180437123538306,-0.13197927816433264
127.38000000000001,0.39655172092410707,0.03816948024187379,0.00843174167851192
127.4,0.45243010580044307,0.042639834684733716,0.17084765971109062
127.42,0.4790567066241572,0.04434393929611791,0.3458396278169374
127.44,0.48815516219501676,0.04285532347576505,0.5213213127744569
127.46000000000001,0.48708128420710284,0.03820765154375849,0.6844552269191607
127.48,0.4790552492695995,0.03077445428771948,0.8232581287061137
127.5,0.4654372050692369,0.021164956968738373,0.927742356232765
127.52,0.4469285057746018,0.010141436648001143,0.9906889620212298
127.54,0.42402383740833777,-0.0014557049672918412,1.0081087519194185
127.56,0.3971663699586663,-0.012779406445078804,0.9794106015533658
127.58,0.36680488987344756,-0.023042105984620174,0.907293420881687
127.60000000000001,0.3334233251497584,-0.03157286702486727,0.7973902459646216
127.62,0.29756827603384167,-0.03786180518470863,0.6577081164071111
127.64,0.25988762637046353,-0.041588991346686296,0.4979205302374374
127.66,0.22119138855101908,-0.04263613597141002,0.3285783593036691
127.68,0.18254604969845672,-0.04108056574884301,0.16030948070060966
127.7,0.14540981864125194,-0.03717220712897605,0.0030769275974728214
127.72,0.11180195874735546,-0.031295539284277224,-0.13443995596889022
127.74000000000001,0.08447399984208243,-0.02391989990468787,-0.24528749003898026
127.76,0.06703320399496739,-0.01554307308174466,-0.3244655420350795
127.78,0.06399362073935132,-0.006634130138191058,-0.36892623411041675
127.8,0.08074970100581452,0.0024186592992905182,-0.3773522908014015
127.82000000000001,0.1231168010830988,0.011347373719787422,-0.3497483723826601
127.84,0.1945892202651127,0.02000626892491315,-0.28693475987952616
127.86,0.28804934069155,0.028260361853772113,-0.19022564710919096
127.88000000000001,0.37870715856501685,0.035701198684595474,-0.06191248975560556
127.9,0.44162877731048056,0.04147600848993942,0.09316731232076957
127.92,0.4746145798160384,0.04463736012120224,0.2663919104029074
127.94,0.4880714033603456,0.04460524186334322,0.4459864986254287
127.96000000000001,0.49010431197061727,0.041268840376885815,0.6188116329254911
127.98,0.4845524149101613,0.03489096584098664,0.7720700476692546
128.0,0.4730450975249011,0.026004329430784134,0.8945861012368075
128.02,0.4563762553797575,0.015327845783730632,0.9777133132549138
128.04,0.4350633813774494,0.003690990143920111,1.0159267321465435
128.06,0.40954348920999956,-0.008039498406173167,1.0071178745497988
128.08,0.38024191716077194,-0.019029409799997607,0.9526024669114941
128.1,0.3476016221161209,-0.0285396096351513,0.8568621278797377
128.12,0.3121036252858184,-0.03597732547376393,0.7270571284799171
128.14000000000001,0.2742917939437725,-0.0409328647007196,0.5723622110584973
128.16,0.23481146179493828,-0.04319955760707373,0.40318855356851163
128.18,0.19447191753359547,-0.04277595118534297,0.2303613425371627
128.2,0.154342470262634,-0.039850508146303545,0.06432384569715803
128.22,0.11588475156557242,-0.034770267717614475,-0.0855645463246695
128.24,0.0811038444908397,-0.027996203762152647,-0.21157716981459437
128.26,0.05267154098969862,-0.020049514102542826,-0.307970550664439
128.28,0.03396896075356691,-0.011454582334158223,-0.37111126729750676
128.3,0.029063175289196462,-0.0026847935136351145,-0.39937847034398627
128.32,0.04273714279826198,0.005884560256271997,-0.39286298859299085
128.34,0.08052465233346283,0.014014395289689183,-0.35289519292063015
128.36,0.14751033718815323,0.021619794896621195,-0.2814523757509133
128.38,0.24204236581709038,0.02871015013383496,-0.18061772249689295
128.4,0.34413531514330936,0.0351384046699381,-0.05262932530140741
128.42000000000002,0.42227861442759446,0.040276637183926385,0.09878677339942357
128.44,0.4651863491549808,0.04317888437775633,0.26658846259678276
128.46,0.4830389504992996,0.043147983493139544,0.4402832685197041
128.48,0.48681855608789937,0.03998038439155079,0.6075717672891039
128.5,0.48210561723276607,0.03388464963414771,0.7562096397510906
128.52,0.47120980532343715,0.025355641387636275,0.8753962135030486
128.54,0.45515529988215425,0.015078717267175325,0.9567192674525014
128.56,0.4345399193090009,0.0038511231000680738,0.9947566639192634
128.58,0.4098393014123638,-0.007490544512415789,0.9873774641731801
128.6,0.381512952377111,-0.018138301235793255,0.935761548153558
128.62,0.3500495326742775,-0.027373428031273263,0.8441608124511099
128.64000000000001,0.31599943517643475,-0.034616162026311896,0.719438490178604
128.66,0.28001450548248574,-0.03946122487979266,0.5704371099244212
128.68,0.24290796652951246,-0.04169696028185318,0.407236566735145
128.7,0.2057467956739193,-0.04130700019558645,0.2403704227198783
128.72,0.16998634568252097,-0.0384545683357327,0.08007050469872773
128.74,0.13764629566982042,-0.033450761734533305,-0.06439300400182933
128.76,0.11150449022012356,-0.02670953487623155,-0.18521683995179627
128.78,0.09525991736434551,-0.018693698195780116,-0.2763701913568406
128.8,0.09360441956396164,-0.009857771917657708,-0.33367576971550056
128.82,0.11207913989712663,-0.0005949904875035467,-0.354667793220069
128.84,0.15611324128959736,0.00879908362074277,-0.3382649895289
128.86,0.22726124594257185,0.018112004636327166,-0.2843818913361093
128.88,0.31508758412731996,0.027076736766281875,-0.19381841686406617
128.9,0.3952276294856968,0.035116928310549085,-0.06898174068710458
128.92000000000002,0.4489968020933541,0.04130298685109119,0.08464301627600337
128.94,0.4773788498729548,0.044733871376669,0.25774940246155664
128.96,0.48925486226979814,0.04489301816361386,0.4381318016050184
128.98,0.49093342086965785,0.0416985290664727,0.6124065205679746
129.0,0.4854144041477083,0.03541920881691322,0.767595312571879
129.02,0.474034945172336,0.026586665951918106,0.8923476206813042
129.04,0.4574978577539298,0.015918877308456866,0.9778366177098716
129.06,0.4362920503788797,0.004246909294491608,1.0183579593343357
129.08,0.41084333439327003,-0.007557957709112157,1.0116360597441625
129.1,0.38156928446805394,-0.018654361813565057,0.9588431141945281
129.12,0.34890360038790824,-0.028294091594456113,0.864349933106055
129.14000000000001,0.3133136260979688,-0.03587423827251861,0.7352447142192176
129.16,0.2753218388455175,-0.0409748710638078,0.5806712030900205
129.18,0.23553969168893976,-0.043379969222193566,0.4110490892827547
129.2,0.19472312066624328,-0.04308059437024774,0.23724606488217792
129.22,0.15385926728580826,-0.04026052806733952,0.06977253949783599
129.24,0.11428814046269034,-0.03526579862745055,-0.08193329877526666
129.26,0.07784426471954012,-0.028560772288615706,-0.21007053887248295
129.28,0.046972699457325545,-0.020674953464492562,-0.30884473160453246
129.3,0.024759257179256783,-0.012146217303367216,-0.3746150107546696
129.32,0.014872024230598224,-0.0034669139707770497,-0.40581784289535855
129.34,0.021543438652379114,0.004962486255274553,-0.40268934008081303
129.36,0.049729100438036015,0.01287145551523703,-0.3668190107850039
129.38,0.10492817291702891,0.02014709366074984,-0.3005692889689246
129.4,0.18998035481224496,0.026822081435300266,-0.2064443716494441
129.42000000000002,0.2946029053877736,0.032922587766645056,-0.0867419369181124
129.44,0.38873132480598804,0.03811584750257864,0.055753798368162584
129.46,0.44795547678943937,0.041570644808493804,0.21586701234512884
129.48,0.47543240395916064,0.042436799646714436,0.3848447167464147
129.5,0.4841459384508509,0.04030636661214323,0.5513446994740654
129.52,0.48235547287324143,0.035237742732333335,0.7033634883581197
129.54,0.47365033670976797,0.027622527669798,0.8298415257814493
129.56,0.45951963423173403,0.01807296208886517,0.9217585893802449
129.58,0.4407151034818937,0.007337053040387959,0.9728406957402884
129.6,0.41776388690634636,-0.0037751207084457178,0.9799536381455741
129.62,0.39114635330498426,-0.014459735852988386,0.9432128882006388
129.64000000000001,0.36136531557117146,-0.023981113025437498,0.8658321533874478
129.66,0.32898741131942366,-0.031723919454351684,0.7537425865310254
129.68,0.2946870200977256,-0.037232390966735904,0.6150281476249186
129.7,0.2593089428216958,-0.040234046139720626,0.4592344184818958
129.72,0.22396299482583815,-0.04064642712101227,0.2966162088615337
129.74,0.1901608541786984,-0.038566561513509005,0.13739285454677422
129.76,0.15999548613081568,-0.034244072319958886,-0.008921100212876343
129.78,0.13634090626803044,-0.02804026687047707,-0.13404857815999693
129.8,0.12301622094525562,-0.02037723480154002,-0.23129735694316822
129.82,0.12480804160064121,-0.011683047675247,-0.2956936184385911
129.84,0.14708061887634424,-0.0023423945697683404,-0.32390316198868174
129.86,0.1941039715548812,0.007328889590240847,-0.3139939122305809
129.88,0.2643597974853279,0.017043545914022674,-0.26520897074002464
129.9,0.34415471037510853,0.02638571887408332,-0.17812652981709565
129.92000000000002,0.4118332646521645,0.03462677493395581,-0.055579502464838185
129.94,0.4557893994312496,0.04081652295490219,0.09614507586000315
129.96,0.4792003998485462,0.04414757852455452,0.26712272578879925
129.98,0.4890709616382058,0.04419418856867723,0.44492871811369555
130.0,0.48998007372786534,0.04092260993725909,0.6162377261329208
130.02,0.4841468216526626,0.03462069668668041,0.7682581449562339
130.04,0.47263634409943084,0.02582443837925944,0.8898695645914738
130.06,0.45606802294259063,0.015248309861345894,0.9724756798033891
130.08,0.43490917994526257,0.003714892858881483,1.010578031856373
130.1,0.40958531657108327,-0.007916346483233493,1.002065846063269
130.12,0.3805239972908633,-0.01881781418389979,0.9482245149918638
130.14000000000001,0.34817808281143736,-0.028255669863263715,0.8534813175045245
130.16,0.3130463851411781,-0.03564063312959818,0.7249244764720836
130.18,0.27570166815829134,-0.040564351920110535,0.5716469228196908
130.2,0.23683506715112582,-0.042819094580169734,0.4039773948766925
130.22,0.19732728502414273,-0.042399752396796254,0.23266801616311888
130.24,0.15835637530740349,-0.039488360363056356,0.06810909624347138
130.26,0.12154390776990638,-0.034422554195535846,-0.08036134419689067
130.28,0.08912055698545106,-0.0276506903399116,-0.20499405314276137
130.3,0.06406545195609528,-0.019677870190190322,-0.29996563623804995
130.32,0.05017486892142371,-0.011008530851682317,-0.3614908301029423
130.34,0.05207771296518825,-0.0020915539419242984,-0.3877083496834971
130.36,0.0752263274644519,0.0067274565309025924,-0.3783601487429649
130.38,0.1253516227346005,0.015239738055203886,-0.3343038981667045
130.4,0.20495418362901696,0.023361202265270664,-0.2569636122640473
130.42000000000002,0.3035424698523712,0.030983608308166797,-0.1480635134608377
130.44,0.3928025633273225,0.037654676656284886,-0.010339016043758635
130.46,0.4502828081276455,0.04247654897852282,0.15070741881164654
130.48,0.47833611433140355,0.044555739099392616,0.3257946614282963
130.5,0.4884317918909163,0.0434282681810802,0.5028566321068062
130.52,0.48808818240995705,0.039093857810451965,0.6689295745947168
130.54,0.48065061927803726,0.031900699181955885,0.8117850812261035
130.56,0.46753198104325117,0.022441392537584707,0.9211064884887896
130.58,0.4494507849644653,0.011470073245775193,0.9892963800636412
130.6,0.42690457641816093,-0.00017280658248119193,1.0119710532893704
130.62,0.4003327873851051,-0.011632587683172704,0.9881604629982441
130.64000000000001,0.3701756557802317,-0.022107672257500325,0.9202283123047015
130.66,0.33690290442649773,-0.030908188524884635,0.8135389477839687
130.68,0.3010385928170869,-0.03750228418794783,0.6759131895440882
130.7,0.26319500148196334,-0.04154709782368282,0.5169288260471034
130.72,0.22412616015536663,-0.04290258707867018,0.3471311044408117
130.74,0.184812034977228,-0.04162760856434239,0.17722340560679195
130.76,0.14658174912705785,-0.037958852016202846,0.017308292093960502
130.78,0.11127205919873502,-0.03227445883929851,-0.12375572327865969
130.8,0.08139268451699785,-0.02504553393343121,-0.23882634551830825
130.82,0.06024818466128582,-0.016780310860679028,-0.32273918222262504
130.84,0.05198697729350837,-0.007966902837394006,-0.37234121461457775
130.86,0.061612118486261164,0.0009797143144891587,-0.38630208473267597
130.88,0.09486187081353101,0.009761626465528452,-0.36472959473039324
130.9,0.1568522222621101,0.018219450654063832,-0.3086459395711652
130.92000000000002,0.2461182374852489,0.026277595764941566,-0.21950137118698534
130.94,0.3440771410257712,0.03371382308988507,-0.09923173261276336
130.96,0.4209699489510324,0.03986126572840538,0.04850735657479238
130.98,0.46484699105583266,0.04374917697374451,0.21663314811448692
131.0,0.48428812176684055,0.04463193589395024,0.3944708320510732
131.02,0.4895847087984282,0.042243186600094886,0.5693079311624143
131.04,0.48618925693526094,0.036735746246975766,0.7282447633227522
131.06,0.4764087695424565,0.028565662622554784,0.8596344251652015
131.08,0.46127166214130566,0.018399425369622906,0.9541026701352275
131.1,0.44137078885550385,0.007035629403771732,1.005230512445416
131.12,0.41716667860652457,-0.004668977034173448,1.0099338842693524
131.14000000000001,0.38909186293003584,-0.015870262675032932,0.9685532764533443
131.16,0.3575916118431123,-0.025801312975138293,0.88467135594781
131.18,0.3231481262690513,-0.033826902944241496,0.7646911401302433
131.2,0.286306400837952,-0.03948431595212438,0.6172225570091081
131.22,0.2477126793022567,-0.04250796948099689,0.4523374626009157
131.24,0.2081760128605245,-0.04283649839429337,0.2807609952712179
131.26,0.16876350210942342,-0.040602169017289726,0.11307009439155888
131.28,0.1309345702371211,-0.03610370199232086,-0.04103189331136638
131.3,0.09670272898849107,-0.02976484288984523,-0.17330238688215036
131.32,0.06878595985634049,-0.02208247448660536,-0.27735858049633677
131.34,0.05069458395141003,-0.013569593034728773,-0.34885664205275474
131.36,0.046751683742826726,-0.004699222521638654,-0.3854427266747868
131.38,0.06210619745967384,0.004145723696559645,-0.3864901980161301
131.4,0.10254056761256915,0.012712045360935996,-0.35265512437392726
131.42000000000002,0.17248277861838954,0.020886975478914254,-0.2853192664712271
131.44,0.2674197458075591,0.028610648212916114,-0.18615148055293507
131.46,0.36410563660515594,0.035597836184990066,-0.05739090931948325
131.48,0.433918738252858,0.04108552021159723,0.09664228605562472
131.5,0.4710220831563026,0.04411396761405633,0.26799674296202014
131.52,0.4861884568676153,0.04405049594486745,0.4454086471429453
131.54,0.48884877966861595,0.040748098635931235,0.6160648677796292
131.56,0.48356623312283165,0.0344505006974668,0.7673877076560787
131.58,0.47224175542022606,0.025677840782738545,0.8883605117141298
131.6,0.4557590543647897,0.015137724804581965,0.9704489284014283
131.62,0.43466651211386786,0.0036482651307171285,1.0081948731576782
131.64000000000001,0.4094159887194733,-0.007934980962020602,0.9995114456006019
131.66,0.3804461066833961,-0.01878809576441989,0.9456927449286034
131.68,0.34821775548322065,-0.028180565968613357,0.8511606821074346
131.7,0.31323936740468034,-0.03552585928055311,0.7229858803545274
131.72,0.27609781972740816,-0.04041755291112607,0.5702342388635289
131.74,0.2375059941756684,-0.04264880580637561,0.403201755303926
131.76,0.1983781113130892,-0.04221416409506727,0.2326066590256531
131.78,0.15994282467158466,-0.039293899612734016,0.0688095228410782
131.8,0.12389543602338653,-0.03422229335971341,-0.07887118976528255
131.82,0.09256948070279908,-0.027442597151753616,-0.2026889138333868
131.84,0.06908225877600276,-0.019452928064560247,-0.2967988026710942
131.86,0.057412016294076114,-0.010748742883461896,-0.357362252781847
131.88,0.06241704369780887,-0.0017678385213389099,-0.38242452369250013
131.9,0.08975404290087342,0.007156861593318062,-0.37158609860310693
131.92000000000002,0.14491095254248484,0.015826145715829115,-0.3255155658108278
131.94,0.22849977452334433,0.024142725059520188,-0.24544458146200968
131.96,0.326017110695608,0.03192321914432806,-0.13306899917040715
131.98,0.408275059566887,0.038587504739722195,0.008473285212840301
132.0,0.45830744309762467,0.04318160227631196,0.17286354265746062
132.02,0.4818586549487308,0.04487509715441611,0.3500360738313111
132.04,0.4896613422884653,0.04329555002170476,0.5274804177177197
132.06,0.48800424224050964,0.03851109397662007,0.6921129080476238
132.08,0.47961873297262936,0.03091661777370287,0.8318123155938134
132.1,0.4656915773444433,0.02113749329619402,0.9365263028283468
132.12,0.4468666946120668,0.009949877858693165,0.9990308958017163
132.14000000000001,0.42361736835180497,-0.001793830445067439,1.0153837023495977
132.16,0.396374181960021,-0.013236896168737551,0.9850839301658771
132.18,0.36557245604446814,-0.02358496263448953,0.9109539315783299
132.2,0.33167678879808954,-0.03216361120560405,0.7987708529534918
132.22,0.29520387047595503,-0.038463031433894186,0.656692709041333
132.24,0.2567547505272663,-0.04216698390024927,0.4945364392902462
132.26,0.21706653652878105,-0.04316440993812324,0.32297447600138757
132.28,0.1770940950362907,-0.041543274457798166,0.15272047290678759
132.3,0.13812936602201725,-0.03756743744728046,-0.00622593001455575
132.32,0.10195281946508372,-0.03163857581952925,-0.1452110380712056
132.34,0.07098551701409916,-0.024246563696543738,-0.2573822445245102
132.36,0.0483880479633578,-0.015913283762613174,-0.33792964857221713
132.38,0.03807982803912925,-0.0071359655650990285,-0.38409989965481894
132.4,0.044743908162078114,0.0016644908108710728,-0.3949919051035632
132.42000000000002,0.07385010042793344,0.010186915118794519,-0.37116145988221605
132.44,0.13095978192867824,0.018277594852561755,-0.3140783981453328
132.46,0.21729515586841802,0.02590236837732112,-0.22556027630189063
132.48,0.3188258695132891,0.03295924209791119,-0.10759682277347282
132.5,0.404936168793069,0.03893971599345689,0.03670134262464912
132.52,0.4568430869008996,0.04291702261622904,0.20124369968979658
132.54,0.48060399950617094,0.0440666250330549,0.37624399495230354
132.56,0.4879406493882221,0.04203196977088277,0.5495108466769824
132.58,0.4856694144405451,0.036904298431169866,0.7083615701844872
132.6,0.47670564257351605,0.02909808019325051,0.8411641046754024
132.62,0.46229266683664,0.019249106140345782,0.9384163473531036
132.64000000000001,0.44309460073358253,0.008133074601851984,0.9934646425120763
132.66,0.41959803901621473,-0.0034086767160289664,1.0029135636224151
132.68,0.3922498750403574,-0.014539654207697405,0.966746062146629
132.7,0.36150988764729025,-0.024492741917403214,0.8881724419315059
132.72,0.3278807259792229,-0.032625061025134725,0.773239276230955
132.74,0.29193878798039924,-0.038459630069737454,0.6302442341267022
132.76,0.25437899558827787,-0.04171118886857609,0.4690152418400856
132.78,0.21608509769611672,-0.04229468740175076,0.300120718116562
132.8,0.1782367194885254,-0.040316139058743296,0.13408122484250568
132.82,0.14245862300691578,-0.036046742091370904,-0.019348325676203995
132.84,0.11100064519016734,-0.029882455049411342,-0.15176289631725168
132.86,0.08691090867568688,-0.02229268668278543,-0.2565065960000963
132.88,0.07415299624836097,-0.013763287089519894,-0.3288533673772878
132.9,0.07763842760562092,-0.004739957946324395,-0.36595839157080057
132.92000000000002,0.10307041844923334,0.004421310405044221,-0.3665946919060687
132.94,0.15579809878555,0.013483930172521207,-0.3307241158497683
132.96,0.2360706626091152,0.02229795057411558,-0.2590515499010129
132.98,0.32960871076460924,0.03061873142181887,-0.1529794931931875
133.0,0.4088826010932709,0.03782386672339235,-0.01557070778327254
133.02,0.4579605216722454,0.042950133360484095,0.14683245080947735
133.04,0.4818240816767255,0.045159876263579604,0.32412001450626815
133.06,0.4903359098648211,0.044056810526222755,0.5036748327353674
133.08,0.4894294332846168,0.039678010714360334,0.6721923193421512
133.1,0.48174005879601156,0.03239060455362007,0.8172102375110143
133.12,0.46843336428446475,0.02280039699278593,0.9282396194181983
133.14000000000001,0.45014776930975087,0.011673976165890998,0.9975612877500181
133.16,0.42735206117798996,-0.00013551914308200562,1.0207200633447024
133.18,0.40046965480907526,-0.011760954715917435,0.9967249988815216
133.2,0.3699242512354243,-0.02238932465091738,0.9279669661518566
133.22,0.33616206716064784,-0.03132131501306388,0.8198794703427394
133.24,0.29967076198633846,-0.03801840832342082,0.6803849545206417
133.26,0.2610052805337625,-0.042134538454535665,0.5191827764855522
133.28,0.22082953745348616,-0.043530487171619905,0.34694468842953136
133.3,0.17998382637696986,-0.042270465372432495,0.1744883821368782
133.32,0.13958645350902327,-0.03860154353584455,0.011999431061338446
133.34,0.10116803803961248,-0.03291779800653796,-0.13163309184689936
133.36,0.06681265467842988,-0.025712360656449735,-0.24931207940215167
133.38,0.039250614972287004,-0.017522116914997762,-0.33601949672474213
133.4,0.021854896866893098,-0.008871205359572594,-0.38887769894023105
133.42000000000002,0.018586082062787793,-0.00021938964790851456,-0.40699277008482754
133.44,0.03404581329682166,0.008081460922297903,-0.39110718751204077
133.46,0.0736021138471137,0.015822479171228757,-0.3430949422671781
133.48,0.14230553699680412,0.022954507510026114,-0.26534489862787347
133.5,0.23859519211013444,0.029528071160579292,-0.16019778261045464
133.52,0.3423036453730348,0.03543833450631936,-0.029979536052413082
133.54,0.4213023247073219,0.040088773162056675,0.1216470949322843
133.56,0.46420553556617006,0.042552364829155816,0.28780075578265313
133.58,0.48164877760682895,0.042150741894368286,0.45822189405336566
133.6,0.4849404183432864,0.03870100157261304,0.6209244262664597
133.62,0.47978420697436375,0.03242849347722159,0.7640540468346455
133.64000000000001,0.4685295227859861,0.023837215608459052,0.8772526963034272
133.66,0.4522158376384904,0.013612787592711055,0.9525696781099469
133.68,0.43145151998293413,0.0025440697528784986,0.9850278876897994
133.7,0.40672506500016326,-0.008548260763115717,0.9728923225418319
133.72,0.3785150644642272,-0.01887794153580723,0.9176628570641716
133.74,0.34733951803640495,-0.02775162060060546,0.8238164327955065
133.76,0.3137941062963406,-0.0346161360018651,0.6983365627968146
133.78,0.2786004563953503,-0.039091535142824055,0.5500813646034606
133.8,0.24267841681848193,-0.0409877398425797,0.38905170872200584
133.82,0.2072547476211895,-0.04030388853089934,0.22562722448743455
133.84,0.1740160980530954,-0.03721057294117627,0.06983942459152406
133.86,0.1452999106039459,-0.0320164627561673,-0.06925216417949649
133.88,0.1242903060567025,-0.02512229962905646,-0.18402383533176558
133.9,0.11515271918771561,-0.016967006942057047,-0.2685498434173157
133.92000000000002,0.12298395723696504,-0.007972742530532623,-0.3186441673998019
133.94,0.1532030323050543,0.0015003389418073877,-0.3316970749519253
133.96,0.20917233544894331,0.011165961256819446,-0.3063855718975288
133.98,0.28625147121114836,0.02073803112341809,-0.24248543089992547
134.0,0.3664412923883849,0.029734302645700025,-0.14123140511091178
134.02,0.4284161852141311,0.03733185196469641,-0.006468985470587165
134.04,0.465627230253285,0.04257667815842011,0.15427357323096696
134.06,0.48406693816528323,0.04476493954588091,0.33004963077603006
134.08,0.49055476826515243,0.04360512454459449,0.507912095082151
134.1,0.48892632146064846,0.03918336495985809,0.6745281361013767
134.12,0.4809621527475324,0.03188475624383401,0.8175332218461697
134.14000000000001,0.46754373206751565,0.02231955734780311,0.926577188156473
134.16,0.44922368947756025,0.011252564985588756,0.9940835970997732
134.18,0.4264476858979416,-0.00046836499416329095,1.015725286881098
134.2,0.39963652604606714,-0.011983552760486623,0.9906135052895666
134.22,0.3692201757743294,-0.022488664645394466,0.9212087672148591
134.24,0.3356580667640738,-0.031293395419978,0.8129785686491945
134.26,0.2994599152184441,-0.037867710057137245,0.6738440769964027
134.28,0.2612160643681932,-0.04187266211295654,0.5134718971854262
134.3,0.22164651878439054,-0.043173991529361945,0.3424766132178803
134.32,0.18167902477266556,-0.041837944517094716,0.17160451329415533
134.34,0.142564443925313,-0.03810997311498742,0.010968694974598875
134.36,0.106026050387264,-0.03237819152342968,-0.13059930247668627
134.38,0.07441449868224831,-0.025124829020876725,-0.24602635155509173
134.4,0.05081586494740722,-0.016870477859904705,-0.3302641343342908
134.42000000000002,0.03907962590738128,-0.008117163220553385,-0.3803280896654961
134.44,0.043820795365231556,0.0007041237512180522,-0.39511600245525097
134.46,0.0704479832411767,0.009277915677679088,-0.3750317633461883
134.48,0.12461221923241214,0.017434445735360675,-0.3214554125963998
134.5,0.20832716703781864,0.025130578524091573,-0.2361696597644918
134.52,0.30948089129111706,0.032282368183602854,-0.1211185357294092
134.54,0.3982070921257661,0.0384284273586298,0.02077256999042139
134.56,0.4533494303417377,0.04266277924123047,0.18375656869827534
134.58,0.47924655955820794,0.04412735548224896,0.35835897600205646
134.6,0.4877958909781474,0.042416901600412525,0.5325212726818378
134.62,0.48630056510591335,0.03758429565589547,0.6935166400959639
134.64000000000001,0.4779301112643761,0.030017229087336127,0.8295395690583178
134.66,0.4640227313473794,0.020333676920865462,0.9308259595476734
134.68,0.44527317388347,0.00929930639832541,0.9904046641228618
134.7,0.42217626694448285,-0.0022472142952474888,1.0045374813021486
134.72,0.39517907184065243,-0.013465168230942237,0.9728679014202969
134.74,0.36473768271882867,-0.023577137191190756,0.8982961556964255
134.76,0.3313478277003706,-0.031925058687669386,0.7866101743472954
134.78,0.2955747058112209,-0.03801340003725857,0.6459169997988872
134.8,0.2580954255528401,-0.04153670515221545,0.4859320224935109
134.82,0.21976560905410034,-0.04238989616724683,0.3171921794767866
134.84,0.18172153312299058,-0.04066090999144675,0.15026333657904134
134.86,0.14552433873191292,-0.03660645249835833,-0.0049886467270204155
134.88,0.11333720388263514,-0.03061291943620018,-0.1399992916107473
134.9,0.08810074237131822,-0.02314598450518117,-0.2479264619621835
134.92000000000002,0.07365704811552103,-0.014693896970401223,-0.3238551892446319
134.94,0.07479324647535243,-0.005710542576269535,-0.36477314084062834
134.96,0.09713433013450065,0.0034353594209293476,-0.3693283120044162
134.98,0.14624402890348576,0.012493935743578197,-0.3374118240395217
135.0,0.22356076012910653,0.02131408500526999,-0.26969323188042776
135.02,0.3171580978966789,0.029685271711368418,-0.1674809496509666
135.04,0.40001625429714777,0.037048381327124624,-0.03353452488554571
135.06,0.45321103549062275,0.04246353694828145,0.12630516811283848
135.08,0.4797709604711159,0.04505019605527589,0.30238134192158195
135.1,0.4898160936189872,0.04435126735993259,0.48230572156700774
135.12,0.4898897221450821,0.04035492774349374,0.6527797960559205
135.14000000000001,0.4829509930309917,0.033392879703816235,0.8011798757513812
135.16,0.47028908301328715,0.02404593778956457,0.9167354373599625
135.18,0.45258377637431374,0.013064880116506687,0.9913643191055233
135.2,0.4303164990898066,0.0012959438148719008,1.0202029888236153
135.22,0.40391349541785393,-0.010392028128415748,1.0018419203291073
135.24,0.3737975293417656,-0.02117643898345821,0.938276333631879
135.26,0.34041177006050316,-0.03034173214576511,0.834596237915654
135.28,0.30423867796479265,-0.03732815813534546,0.6984561432861395
135.3,0.26582477495679024,-0.04176539645875531,0.5393791381834473
135.32,0.2258202354316213,-0.04348907408399741,0.3679602407247812
135.34,0.1850431298642212,-0.042539471616182836,0.19503927197179927
135.36,0.14457731084482428,-0.03914293479283464,0.030913865749512326
135.38,0.10590424045248831,-0.033677708841390215,-0.11534123608416552
135.4,0.07104646922210225,-0.026627211985275755,-0.2363918578889878
135.42000000000002,0.04267040180386794,-0.01852529844191381,-0.3269573469948142
135.44,0.024096191335345525,-0.009899532986122757,-0.38389843564878223
135.46,0.01924507046427931,-0.001218671606037204,-0.40608478904154444
135.48,0.03267515870580495,0.007151971444696269,-0.39406769789581675
135.5,0.06971337670664365,0.014986771024419901,-0.349590838262247
135.52,0.1355828265549553,0.02221951278842181,-0.2749822271011112
135.54,0.22976177166429448,0.028894566987548068,-0.17257411971413067
135.56,0.3339989860594441,0.034932014680282224,-0.04465197698450836
135.58,0.4159984716629458,0.03977937647195033,0.10531548885286798
135.6,0.4617839648995377,0.042513316327106816,0.2707533028003468
135.62,0.4809619346872552,0.04241446096113644,0.44162102103365547
135.64000000000001,0.4852420005298169,0.03925570859369734,0.6059703938111887
135.66,0.48074477294613277,0.03323063532309837,0.7518322857370657
135.68,0.470006796543239,0.02482228953529634,0.8686294301593668
135.7,0.4541327971714751,0.014703738792083983,0.9481254423130857
135.72,0.4337505006098674,0.00365867609151974,0.9850222970159179
135.74,0.4093515851958517,-0.007490560603155271,0.9772572484725457
135.76,0.3814111110270414,-0.017949928256017905,0.9260215992851923
135.78,0.35043901895142837,-0.027013216316251993,0.8355254025142049
135.8,0.31701774276166117,-0.03411069162988467,0.712544643746629
135.82,0.2818481317811849,-0.03884372412294663,0.5658009749951424
135.84,0.24581786471471928,-0.04100319196872604,0.4052348339106281
135.86,0.21010492127941535,-0.04057058420423606,0.2412393810652803
135.88,0.17632491724476101,-0.03770190003546671,0.08392466871784279
135.9,0.1467183311895232,-0.03269570281558387,-0.05752141823617704
135.92000000000002,0.1243485453740901,-0.025948138908020484,-0.1753171591325216
135.94,0.11324998011424557,-0.017899449557605224,-0.2633722373328195
135.96,0.11841967667025938,-0.00897846280356614,-0.3173524478820531
135.98,0.14534596227482058,0.000445143161377776,-0.3345336429012241
136.0,0.19801860547000275,0.010080148341051351,-0.31351117549399715
136.02,0.2734659779022081,0.019656312276169007,-0.2539639652799778
136.04,0.355353053722253,0.02873989269771504,-0.15690000018404088
136.06,0.42123064821521644,0.03655532335319256,-0.0257256669038778
136.08,0.4619021588392807,0.04214019989258997,0.13255777456513065
136.1,0.4825113842800207,0.044737430818996345,0.3073929586961929
136.12,0.4903140328389086,0.043998710013485244,0.48599179234065654
136.14000000000001,0.48960019304060304,0.03996527691568811,0.6549759528240506
136.16,0.4823713111226359,0.03298878262350874,0.8017795079721736
136.18,0.46959258966542183,0.02365576363206806,0.9157368938027445
136.2,0.4518447899342175,0.012716543702788505,0.9888799136511657
136.22,0.4295815176547183,0.0010136867861116243,1.0164501608518997
136.24,0.40322383444753773,-0.010589584264790834,0.9971243372551711
136.26,0.37319811298355365,-0.021277424252536835,0.9329589016089803
136.28,0.33995694933160386,-0.030341443809401663,0.8290770305433025
136.3,0.3039989805583076,-0.03722878244894846,0.6931380604327007
136.32,0.26589684640404043,-0.04157505562214589,0.5346440354339539
136.34,0.22634222015650715,-0.04322022636523341,0.3641481748718355
136.36,0.18621809342303489,-0.04220669410835384,0.19243538983495462
136.38,0.1467072098987567,-0.03876011362651059,0.02974535494359956
136.4,0.10943567025169552,-0.03325466790194251,-0.11489581981799654
136.42000000000002,0.07662737732690877,-0.026165849551147733,-0.23417876104884977
136.44,0.0512180947128643,-0.01801535046926933,-0.32280754719666443
136.46,0.03688766728849405,-0.00931401109227712,-0.37756999667902474
136.48,0.038052565495879806,-0.0005086911781778305,-0.39718591359610705
136.5,0.05991121546941862,0.008063298318166023,-0.38195715050977636
136.52,0.10818544869564407,0.0162081873624034,-0.333255853972398
136.54,0.18637555753636303,0.0238733920139059,-0.25293334047104
136.56,0.28649632904575506,0.031022269431344406,-0.14294336633473864
136.58,0.3811234689586976,0.03731277500582226,-0.005873340841326454
136.6,0.44412429508513646,0.041913893830458036,0.15331019830679815
136.62,0.47525849943897297,0.04391163911531996,0.32594558036535576
136.64000000000001,0.48662341071509074,0.042796841338794536,0.5004311996807016
136.66,0.4867897610825984,0.03853903326254454,0.6641137954434762
136.68,0.4796268852918016,0.031468153418328586,0.8049818099062539
136.70000000000002,0.4667395092908066,0.022162478056287297,0.912872133078689
136.72,0.44891069107685655,0.01136243748502724,0.9802853198275971
136.74,0.4266623911931308,-0.00010504805759419499,1.0028810655301956
136.76,0.40044874593595825,-0.011398069199469639,0.9796798845342346
136.78,0.37072596107969075,-0.021726119493876483,0.9129880593274616
136.8,0.3379866922473423,-0.030407912085011677,0.8080729000816264
136.82,0.3027903343149915,-0.03691696308188549,0.6726300748244837
136.84,0.26580423039721346,-0.040912019784113865,0.5160981117470173
136.86,0.2278677166347663,-0.042250495353349606,0.34888475860812584
136.88,0.19009071630049254,-0.04098425719608149,0.1815748778979572
136.9,0.1539947767925641,-0.037338315549750034,0.02418977228878861
136.92000000000002,0.12169067394775071,-0.031674211171888685,-0.1144368191130847
136.94,0.09606195834987402,-0.02444132687795283,-0.22711078718245623
136.96,0.08090444811830094,-0.01612091439930159,-0.3085185517871612
136.98,0.08098011088853045,-0.0071688472035800555,-0.35523939900244283
137.0,0.10189648731030256,0.0020361559235458626,-0.3655372857660396
137.02,0.1491889491839384,0.01122733796766064,-0.33897346846984594
137.04,0.22437380691015354,0.02023203798467895,-0.27596580364996953
137.06,0.31609297742157716,0.028820985054469065,-0.17765543057866456
137.08,0.3982168656453449,0.036430428815978,-0.04668376779357901
137.1,0.45177366846747563,0.04212357606769721,0.1112300157847598
137.12,0.47903821751405257,0.045010468704872464,0.2865426925021247
137.14000000000001,0.4897408205311077,0.044611602478394664,0.4669125875051388
137.16,0.49037505126996184,0.04089031579034124,0.6389903146360698
137.18,0.4839255251128115,0.034156812924303497,0.7900075979567787
137.20000000000002,0.4717008329966048,0.024975662657177263,0.9089734812772939
137.22,0.45438908628381597,0.014087404057093127,0.987532234544953
137.24,0.4324739728916816,0.0023343356857295173,1.020518372780277
137.26,0.40638091400541115,-0.009412466492175947,1.0062171217387694
137.28,0.37652979737193865,-0.020322562899102965,0.9463388617078103
137.3,0.34335880344420955,-0.029667899723150367,0.8457298190061882
137.32,0.3073424342182814,-0.03687284702927742,0.7118579423495821
137.34,0.2690145329836302,-0.04154930754916673,0.554127593573913
137.36,0.22900493993330348,-0.04351483100500683,0.3830873111812912
137.38,0.18809935379957154,-0.042792921500812,0.20960066838094818
137.4,0.14733161882504506,-0.03959595864739617,0.04405101424956098
137.42000000000002,0.10811019311229683,-0.03429235027157533,-0.1043531913869283
137.44,0.07235944807480787,-0.027360810116007266,-0.22811470430190767
137.46,0.042625472905803825,-0.01933616382121995,-0.3217822469118325
137.48,0.022089039883021706,-0.010752621394306331,-0.38206124466836866
137.5,0.014500817931001659,-0.002090879154927102,-0.4077033716679561
137.52,0.024187094090577895,0.006266836533410762,-0.39919969866947846
137.54,0.05622389193431975,0.014073534316266775,-0.3583106681559779
137.56,0.11604794326037746,0.021242191033346604,-0.287468962183891
137.58,0.2053496336914134,0.027820665094048447,-0.18915933545803346
137.6,0.31067461808492663,0.033806302770188354,-0.06567417694987582
137.62,0.4003456994108097,0.038783726926004174,0.07997202506885577
137.64000000000001,0.45391232572243917,0.041877098945879654,0.24207845293304056
137.66,0.4776929171554526,0.04228652397446159,0.41138659887884205
137.68,0.4843870668387326,0.0396828417582205,0.5763329604524303
137.70000000000002,0.48136313669601816,0.03418511950106728,0.7249769332506132
137.72,0.47174446586763347,0.026225633331497394,0.8465225317945715
137.74,0.4568471704181692,0.01644271445431577,0.9323452965389546
137.76,0.4373677301509239,0.005598443961943414,0.9766468670372259
137.78,0.41381901007112615,-0.0054940590534686695,0.9768026368482995
137.8,0.3866819508402613,-0.016038098947929187,0.9334291553924473
137.82,0.3564672681734162,-0.02531398100439732,0.8501944542649698
137.84,0.3237559435114109,-0.03272936212454812,0.7334053606156025
137.86,0.28924527303708925,-0.0378561674862275,0.5914193220628059
137.88,0.2538158753108455,-0.04045170102855215,0.43393955944931084
137.9,0.21863255627605993,-0.04046266180648533,0.2712597281319902
137.92000000000002,0.18528842799015718,-0.038011947390142915,0.11352710129876378
137.94,0.15598988171219427,-0.03336937673335814,-0.02990869728245136
137.96,0.13375532075193552,-0.026908910388291393,-0.15100171547474853
137.98,0.12256509719013023,-0.019056700976380757,-0.24332446416430858
138.0,0.12734245231769717,-0.010236465339701352,-0.3021669519634704
138.02,0.15343609740145112,-0.0008224077181152821,-0.32442781202098986
138.04,0.20457691869165323,0.008879086671428539,-0.3083642051656507
138.06,0.27760197810242077,0.018572517688061178,-0.2533988266093931
138.08,0.3567249183709629,0.02779871808549131,-0.16039054010150755
138.1,0.4207288016889015,0.03577514495105171,-0.03266633598700624
138.12,0.46080715743465833,0.041549122465338637,0.12286369094745495
138.14000000000001,0.4815495622621344,0.04436729582663358,0.29576681573767255
138.16,0.4897249544606647,0.0438712776708644,0.47336595760305744
138.18,0.48943406584358196,0.04008477726724215,0.6423360364611646
138.20000000000002,0.48262991533515753,0.033340517603827946,0.7900899946944011
138.22,0.4702696561941682,0.024207839244643044,0.9058681791992359
138.24,0.4529345560574473,0.0134232366967155,0.9815458463920671
138.26,0.4310802457012947,0.001819771058167238,1.0121611382294415
138.28,0.4051305839246347,-0.009743999003131212,0.9961588684242411
138.3,0.37551614425580404,-0.020451941509976965,0.9353548794941222
138.32,0.3426961991613619,-0.029590688858878205,0.834642406008761
138.34,0.30718005672369797,-0.036598293614366596,0.7014792137058018
138.36,0.26955722950133076,-0.04109800783234294,0.545208986344146
138.38,0.23054568845011605,-0.042915141991912514,0.37628095854856064
138.4,0.19106873657644563,-0.04207618819831319,0.2054375172427936
138.42000000000002,0.15236969689372046,-0.03879060871180359,0.042940313425473775
138.44,0.11616373970408593,-0.03341690739747592,-0.10209859598297935
138.46,0.0848034052586288,-0.02641594170974997,-0.22222314007152727
138.48,0.0614092627818486,-0.01829597118491107,-0.3119345870623538
138.5,0.049927454489851156,-0.009555259620580073,-0.3677661414992513
138.52,0.05514312541442463,-0.000628049513457951,-0.38813296303736977
138.54,0.08264232619497335,0.008161541174454626,-0.37298045465360985
138.56,0.13798574417745252,0.016628615384279753,-0.32327641886509567
138.58,0.22221568137580608,0.02469921786933056,-0.2404781942027008
138.6,0.3213737531666321,0.03222611571361246,-0.1263882391979961
138.62,0.4057496916663243,0.03866580570942792,0.015902854238137993
138.64000000000001,0.45716693766224237,0.043076771684944656,0.18022688108066537
138.66,0.4812101572182669,0.0446228330201064,0.35667435333867475
138.68,0.48905955286126124,0.04292798824207063,0.5328682244105869
138.70000000000002,0.4873070172042903,0.03806222803913645,0.6958559808528052
138.72,0.4788032171930225,0.030423456567964326,0.8336586223395845
138.74,0.46477398023853556,0.02063842654886185,0.9363753918283885
138.76,0.44587618748543373,0.009482084204965668,0.996934359384272
138.78,0.42258920022569946,-0.0021970213494479918,1.011534983039493
138.8,0.39534912763976593,-0.013548258679359283,0.9797982410160677
138.82,0.3645988482884153,-0.023785016614022398,0.9046403257950637
138.84,0.3308145214354119,-0.03224151605372498,0.7918991896013194
138.86,0.2945309704956698,-0.0384166624610153,0.6497586633888484
138.88,0.256377846586425,-0.04200216895565047,0.4880278863644687
138.9,0.21713716388321977,-0.042893338502140554,0.3173425910231094
138.92000000000002,0.17783311847774647,-0.0411821130901198,0.14835879668705343
138.94,0.13986134844577278,-0.03713320348586935,-0.008991382723092758
138.96,0.10515049507936187,-0.031145354841732475,-0.14611781524338638
138.98,0.07632286006657316,-0.023701217983379493,-0.2562112846265652
139.0,0.056802938510433144,-0.015310845450676793,-0.33446724936150246
139.02,0.05085438930055976,-0.006454831210574989,-0.37808085194501295
139.04,0.06358858202130767,0.002467492031560657,-0.3860230606175654
139.06,0.10079012069083501,0.01117986797029582,-0.3586274005055117
139.08,0.16718319439539617,0.019544576159245063,-0.29705170306612894
139.1,0.2595313729560565,0.02748890828353132,-0.20282342817683757
139.12,0.3565091407610749,0.03474714593206331,-0.07803107174382964
139.14000000000001,0.42900238694522436,0.04058910239482763,0.07327824085040305
139.16,0.4687459777819253,0.04404501054159835,0.24348473301611084
139.18,0.485648102996425,0.04443276391807939,0.4215245119824315
139.20000000000002,0.4894374227145853,0.04155401952822043,0.5945736563047717
139.22,0.4849946856066175,0.035612977608665254,0.7498609579888478
139.24,0.47436650923908896,0.027102006611233232,0.8760421576078612
139.26,0.45848837937080467,0.016711578979053014,0.9641657180030326
139.28,0.4379238555890142,0.005252859695373913,1.0083083207978143
139.3,0.41312627116713374,-0.006415828561090438,1.0059096883021004
139.32,0.3845292894926912,-0.017459020879249786,0.9578195710091683
139.34,0.35258377896838455,-0.027127358659950217,0.8680768983545885
139.36,0.31778180781191534,-0.03481013323784025,0.7434560782306266
139.38,0.28068425756803084,-0.040073728508704186,0.5928303466514281
139.4,0.24196280312639512,-0.04268359720487651,0.42641368681021125
139.42000000000002,0.20246697223417753,-0.04260860492949066,0.2549499233383827
139.44,0.16332660827568588,-0.0400077946265454,0.08891981755645216
139.46,0.12609330694195053,-0.0352008299451428,-0.06216562883983989
139.48,0.09290534692809099,-0.028624661828486504,-0.19032500725267917
139.5,0.0666333800019224,-0.02078045236509803,-0.28947190554983865
139.52,0.050958914476834545,-0.012176268843089167,-0.3555575240739296
139.54,0.050392717947025246,-0.003271569876488901,-0.3864857577573603
139.56,0.07027722784477271,0.0055716978462519275,-0.38181809429861985
139.58,0.11640318093779381,0.01412550641971552,-0.34230457419806226
139.6,0.1921609370633031,0.022293874905096746,-0.2693296927003278
139.62,0.2895698957741681,0.029989833695249338,-0.16456991130004708
139.64000000000001,0.3820370515573931,0.03682789490000895,-0.030529776091300094
139.66,0.44430492952335116,0.04195549152953002,0.12777618688245276
139.68,0.47574344057340684,0.04444458127452365,0.30157565907176725
139.70000000000002,0.48774866366537173,0.04376270903256344,0.4790830091800037
139.72,0.48857349140438633,0.039852029563648333,0.6473561855027171
139.74,0.48199830522494785,0.0330197099298927,0.7939924299653545
139.76,0.46960638402477006,0.023829992385466105,0.9083630537908982
139.78,0.4521732858640727,0.01301928236242108,0.9824667747889064
139.8,0.4302136948538054,0.001420347182694175,1.0114653088960168
139.82,0.40417056478887314,-0.01011022510298558,0.9939227141625473
139.84,0.37448233256540214,-0.0207601423200639,0.9317624161461291
139.86,0.34161372581384103,-0.02982146098532804,0.8299665653445921
139.88,0.30608035252280064,-0.0367387460738798,0.6960577832595602
139.9,0.2684808703025886,-0.04114225070543163,0.5394173723638693
139.92000000000002,0.22954739381172076,-0.04286413206655415,0.3705042737695817
139.94,0.19022516658920333,-0.04193693164014706,0.20004457834352674
139.96,0.15179064056520483,-0.03857475758846483,0.0382620584218102
139.98,0.11600657822181949,-0.03313882599587433,-0.10578398315535795
140.0,0.08528956220438927,-0.026090368955963568,-0.22469651069470775
140.02,0.06284114156811214,-0.01793545996267557,-0.3130322451039166
140.04,0.05270667220445447,-0.009167590733064916,-0.3673659065569577
140.06,0.059788861693973655,-0.00021378974792707946,-0.3861301168893686
140.08,0.08976629309743879,0.008610871715182232,-0.3692548183910517
140.1,0.14801295240992748,0.01712917985056538,-0.31765687385464414
140.12,0.23441624921262158,0.025261492873653098,-0.23273238893764572
140.14000000000001,0.3328166916410535,0.032819859712052694,-0.11630918533373069
140.16,0.41340705225205115,0.039195857535969866,0.028269270653194824
140.18,0.4610518920311425,0.04342793153855819,0.1943896335667339
140.20000000000002,0.48285069870599856,0.04471977266736,0.3717494457000061
140.22,0.489516728797832,0.04274548476537243,0.5477735585759682
140.24,0.4870431289222164,0.037612203759707676,0.7094874419927792
140.26,0.4779950303613101,0.029743560505197157,0.8450142948407632
140.28,0.4634947331096422,0.019784205760171845,0.9446420306589631
140.3,0.4441652586469777,0.008520497498686604,1.0015458191732816
140.32,0.4204752688522563,-0.0031937947599668063,1.0122054348741412
140.34,0.3928574759306048,-0.014508805968178546,0.9765309775648303
140.36,0.36175353694291873,-0.024644205248802925,0.897713453223775
140.38,0.3276388707288807,-0.03294519445026255,0.7818307798306511
140.4,0.29104746442111545,-0.03892524930227119,0.6372552401061202
140.42000000000002,0.2526078960421663,-0.042292921853197676,0.47392114259767015
140.44,0.21310095686457953,-0.04296120020366342,0.3025198617885319
140.46,0.17354958051913297,-0.04103914625974478,0.13369299214998936
140.48,0.13534764216469033,-0.03680673786089103,-0.022706947818414175
140.5,0.10041907920435002,-0.03067508638767473,-0.15822498462124415
140.52,0.07137197821108071,-0.023135626087568716,-0.2662295119927428
140.54,0.05159536348861592,-0.014703421166484834,-0.3421211589324235
140.56,0.04528387400172759,-0.005860665699005299,-0.38331325831082863
140.58,0.057451136174964376,0.0029944002356945853,-0.38899573958556855
140.6,0.0938246500576984,0.011589024743052356,-0.35971204223282444
140.62,0.1593499948519063,0.01979373313657071,-0.2968080082391578
140.64000000000001,0.2516641509781883,0.027557103776314328,-0.20194387010722795
140.66,0.35039168571385215,0.03465539349129303,-0.0772139032880517
140.68,0.4255003975261031,0.040398689659752685,0.07350759255579283
140.70000000000002,0.46705713193702125,0.04382037462370029,0.24286557825536084
140.72,0.484794332975437,0.04421796140971108,0.4200152190810343
140.74,0.48892538182885165,0.04137570197374353,0.5922712792511976
140.76,0.48464876409464663,0.03548746532394061,0.7469467474916461
140.78,0.4741382297257252,0.02703869242406966,0.8727481629233815
140.8,0.45837241613436075,0.016714090455238535,0.9607498097245734
140.82,0.4379295384461707,0.005319601874384868,1.0050322655093384
140.84,0.41326936545326587,-0.006291075274454218,1.0030193872060638
140.86,0.38483065205004774,-0.017286259100151618,0.95552815636743
140.88,0.35307077308074986,-0.026919282850560878,0.8665517080586428
140.9,0.3184915977363857,-0.034580845252102095,0.7428104047515003
140.92000000000002,0.2816692994193448,-0.03983733163250379,0.5931205906109986
140.94,0.24329945933569855,-0.042452733364432414,0.4276422667511287
140.96,0.20426858613465948,-0.04239297836545273,0.2570740735264103
140.98,0.16576251956278362,-0.03981269615587971,0.09186628960749338
141.0,0.12941494535098627,-0.03502564896362786,-0.058479944458218774
141.02,0.09747985678095894,-0.028461359656334548,-0.1859664397646384
141.04,0.0729854889551378,-0.020611966815112976,-0.2844571300579768
141.06,0.059823894353828955,-0.011974793214455003,-0.34981408266379305
141.08,0.06277643254015255,-0.002996635615424884,-0.37980530498239207
141.1,0.08744743474796268,0.005974801491058795,-0.3738021732767953
141.12,0.13944737611986976,0.014722733016964987,-0.33231049531019086
141.14000000000001,0.22022020162683223,0.023138897773445195,-0.2564612466979696
141.16,0.31714322140404416,0.03105506766849667,-0.14784808422508214
141.18,0.4017193380032236,0.03793315625341096,-0.009383075686593276
141.20000000000002,0.45477467351669354,0.04283564205174139,0.1529785352600769
141.22,0.48042109371233493,0.04489732711632025,0.3294922767708459
141.24,0.4894849249877185,0.04369544981288081,0.5077853766110505
141.26,0.48867689196783193,0.03925664766766622,0.6747251182420089
141.28,0.48095962402747006,0.03194549223596996,0.8179981831955951
141.3,0.46760879791066096,0.022366445653588432,0.9272581369888482
141.32,0.44929776227391915,0.011283388173622153,0.9949206483921379
141.34,0.4265079658067279,-0.0004551744120138935,1.0166507128653557
141.36,0.39967035548485225,-0.011988433772839677,0.9915554935156494
141.38,0.3692168815605741,-0.022510853714661563,0.9220961689128095
141.4,0.3356057003588518,-0.031331049092540454,0.8137455134597096
141.42000000000002,0.29934304245776777,-0.03791815361388124,0.6744338309664158
141.44,0.2610132164169334,-0.04193273317006204,0.5138395288199339
141.46,0.2213265376181099,-0.04324046119715211,0.3425901256866087
141.48,0.18119565899683304,-0.04190800700136638,0.17144415333683144
141.5,0.14184864844482284,-0.03818180153829033,0.010524171104461882
141.52,0.1049757189890095,-0.03245156093204178,-0.13133395926361258
141.54,0.07288164089493465,-0.02520180431565504,-0.24706055068488986
141.56,0.04859066149765358,-0.016956162550145017,-0.3316213616891428
141.58,0.03586871852145947,-0.008220530130398852,-0.3820596866669648
141.6,0.03921844203970826,0.0005692515468789282,-0.3973185452999131
141.62,0.06392737658570982,0.00909185234096862,-0.377868580068499
141.64000000000001,0.11568700837508486,0.017172207938750322,-0.3251800824312933
141.66,0.19727721788044217,0.02477069330856806,-0.24113429345761006
141.68,0.29853192069773193,0.03183521200384481,-0.12771032164837068
141.70000000000002,0.3904101263627697,0.037966804529962664,0.012329166959233168
141.72,0.4492152041277497,0.04229405356844142,0.17361826030921454
141.74,0.47738594179248917,0.04393284680583127,0.347074762210105
141.76,0.4870891079274707,0.04243384530060314,0.5208759222460841
141.78,0.48624418049304446,0.03781628918142405,0.6823722985726381
141.8,0.4783385464894088,0.030444885909265064,0.8197240352621673
141.82,0.46482872283061566,0.02092133947422522,0.9230551115878878
141.84,0.44644878581129627,0.010000086653579154,0.9852277054954067
141.86,0.42370659751765416,-0.001486735075036721,1.0023014428967605
141.88,0.39705432512883965,-0.012700292598173707,0.9737008405026131
141.9,0.3669513553218598,-0.022860599754799146,0.9021086305268777
141.92000000000002,0.333897175467761,-0.03130302912252532,0.7931137060899677
141.94,0.29846242467876255,-0.037522193100711566,0.654657184689653
141.96,0.2613323782403973,-0.04120039165592607,0.49633305408256057
141.98,0.22337476301387724,-0.042218928077352204,0.3286089217475934
142.0,0.1857434852248517,-0.04065178298295981,0.1620368142423606
142.02,0.15002512607594853,-0.036742337822317846,0.006523615376299391
142.04,0.118419766227655,-0.030865106538248418,-0.1292745249086325
142.06,0.09392228031681321,-0.023475886691446644,-0.2383801459964671
142.08,0.0804534492626265,-0.015055302584502602,-0.3157079255929223
142.1,0.08289995389713277,-0.006051854501614647,-0.3580491702180015
142.12,0.10694504476018274,0.0031685570873699,-0.3638387863695543
142.14000000000001,0.1579195461092833,0.012353451795369196,-0.332752566410785
142.16,0.23621022308819875,0.021333676426247148,-0.2652810793391083
142.18,0.32817892680987065,0.029850217513604813,-0.16268348523322393
142.20000000000002,0.40704906738000635,0.03728011448959983,-0.0279098963468895
142.22,0.45662816000078416,0.04266292028636991,0.13282162023210875
142.24,0.4811893701715113,0.04514961488335457,0.30951083323852147
142.26,0.490312158055752,0.044321710216204305,0.4895795239994864
142.28,0.4899192857982987,0.040193162417752844,0.659668949638724
142.3,0.48267765521471057,0.03311158342127185,0.8071766835284122
142.32,0.46977170668890594,0.023668275811818084,0.9214052604867476
142.34,0.4518474033022467,0.012620923937940651,0.9943800624057436
142.36,0.4293754645899742,0.000819579940458213,1.0213664761875538
142.38,0.4027784790084122,-0.010866051730273595,1.0010932076204149
142.4,0.37247749359400056,-0.021615292103837006,0.9356915159131559
142.42000000000002,0.33891416859160073,-0.03071696155777779,0.8303747269017245
142.44,0.30256890175815154,-0.037617676576712104,0.6928990026642541
142.46,0.26398505178470205,-0.0419548857570699,0.5328606040098399
142.48,0.2238079302756549,-0.04357273729408806,0.3608949188264811
142.5,0.18284824747861453,-0.0425201254211255,0.18784765291739172
142.52,0.14217882303260945,-0.039031490291368647,0.023988718772336978
142.54,0.10326449651901398,-0.03349214380178954,-0.12166533189765648
142.56,0.0681021750594195,-0.026391192224175724,-0.24186410768608324
142.58,0.03931731853460736,-0.018266665773253716,-0.3314304694460223
142.6,0.020163236229291986,-0.009648945502643128,-0.3873425417899789
142.62,0.014453958244379199,-0.0010087397068883257,-0.4085966953497921
142.64000000000001,0.02659145835651333,0.007286760232953767,-0.3958783016206495
142.66,0.06174291845579741,0.015009595420109425,-0.3510735587947353
142.68,0.12523782001808528,0.022092929813572353,-0.2766606523256409
142.70000000000002,0.2176643415422846,0.02859381912429891,-0.1751042274367979
142.72,0.3229659285061123,0.03448047463862546,-0.04870681715181325
142.74,0.4087783568638771,0.03927138790287556,0.09930153674146901
142.76,0.4580616934825602,0.042066276218061645,0.26279401172463246
142.78,0.4791745501522783,0.042111626872086305,0.4321417650025638
142.8,0.4844069938891836,0.039139064327993675,0.5956437842814972
142.82,0.48046568451350097,0.033312756450422164,0.7414362706810714
142.84,0.4701520254372872,0.025095028830688287,0.8589487193646816
142.86,0.45466576181079416,0.01514322194192764,0.9398793442094192
142.88,0.4346669203884155,0.004229133315523898,0.9788095895617394
142.9,0.4106596007842377,-0.006832980537941641,0.9735161605548274
142.92000000000002,0.38312627627311,-0.017253145040045128,0.925005457234852
142.94,0.35258468819043853,-0.026325149551566382,0.837294513826591
142.96,0.31962808963227224,-0.03347538263368939,0.7169741599828938
142.98,0.2849732616304343,-0.03829789343130738,0.5726034721073836
143.0,0.2495311938092316,-0.04057343274338773,0.41399544731469895
143.02,0.21451310620164374,-0.04027132640423213,0.2514606586851527
143.04,0.18158030441221176,-0.037534210094829275,0.09507790678077935
143.06,0.15303306143709788,-0.03264692309645116,-0.04594172410425578
143.08,0.13200735881826312,-0.02599233963956314,-0.1637390543106566
143.1,0.12261138657329645,-0.0179987180540715,-0.25209549475330256
143.12,0.1298674796213502,-0.009085403875461882,-0.3065050825954506
143.14000000000001,0.15907332637880217,0.0003820329931600291,-0.32404322643354116
143.16,0.21342303592360318,0.010103474849365043,-0.30311066467569014
143.18,0.2883055744345624,0.019772963231084045,-0.24327616888197556
143.20000000000002,0.3664141783368155,0.028892855087775823,-0.14564298017846994
143.22,0.42731040301691453,0.03664091379253433,-0.013955813950193782
143.24,0.46441444620131594,0.042070706521974685,0.14438102917302645
143.26,0.483174371417016,0.04447565109493674,0.31855784534263676
143.28,0.4900820715919549,0.043550303461363876,0.49572913161310733
143.3,0.4888755500919765,0.039362442776994584,0.6625970054043703
143.32,0.4813197186843903,0.03227895886218756,0.8067577389280708
143.34,0.4682974765169602,0.022894277316119205,0.9177533728379256
143.36,0.45036432374177426,0.011960962009238773,0.9878432250444085
143.38,0.4279683037274489,0.00031898237564397577,1.012495467502688
143.4,0.40153271592338585,-0.011175158071253143,0.9905944971879002
143.42000000000002,0.3714910198396628,-0.021715596790424795,0.9243707446701909
143.44,0.33830812915673314,-0.03060614462103008,0.8190766170433825
143.46,0.30250249456932315,-0.037307173246931793,0.6824494045975745
143.48,0.2646782180397846,-0.041467301074394294,0.5240162089021384
143.5,0.22557662883959093,-0.042937988707289806,0.3543058832416676
143.52,0.18615795461375667,-0.041770384822827446,0.18403807451265858
143.54,0.1477216283429564,-0.03819497616444153,0.023359658173806967
143.56,0.11206231693765586,-0.03258581969699998,-0.11880578400003423
143.58,0.08163456905549485,-0.025412502306634208,-0.2352395689112433
143.6,0.05967593324478516,-0.01718452329121376,-0.3207003820159483
143.62,0.0502565205370998,-0.008394012918863176,-0.3719688961037008
143.64000000000001,0.05829109518480955,0.0005375289039646579,-0.38766964658065745
143.66,0.08946121008112307,0.009303871799979768,-0.36789543700109406
143.68,0.149088399437671,0.017738629385905556,-0.31368599958126403
143.70000000000002,0.2367433859330954,0.025771226795132267,-0.22651851872770457
143.72,0.3355519145181244,0.03321317661689551,-0.1082820856916968
143.74,0.415462804114067,0.039445465108884636,0.037592790018283764
143.76,0.4621241635980129,0.0435049731700128,0.20437420286816974
143.78,0.4831907031484494,0.044611016658899834,0.38167150771539765
143.8,0.48936884504991274,0.04245806315328458,0.5568977776481586
143.82,0.4865366291981723,0.03717020498616591,0.717142454867732
143.84,0.477194917288658,0.029183462618554673,0.8506513515036785
143.86,0.4624412684021659,0.019150561080615736,0.947875849222074
143.88,0.4428909180717607,0.007861756833800613,1.00217849992089
143.9,0.4190112292549246,-0.0038293183317671224,1.0102339120914985
143.92000000000002,0.391236525018249,-0.01507665537557401,0.972138887814142
143.94,0.3600121539683629,-0.025106948351974016,0.891249152591766
143.96,0.32581966721253797,-0.03327483246221365,0.7737741436503892
143.98,0.2892028096723351,-0.0391047057214175,0.6281766252719138
144.0,0.2508056450484861,-0.0423165163415181,0.46443640323566276
144.02,0.21143341850851408,-0.042834075671350925,0.29324556263690804
144.04,0.17214690373483715,-0.040775677060382744,0.125205970257153
144.06,0.13439619775187153,-0.03642800583055881,-0.029901750428452722
144.08,0.10018384099555486,-0.030205581408650838,-0.1637149754367057
144.1,0.07222024970098018,-0.02259941623209858,-0.26970054684449346
144.12,0.054020489095944625,-0.01412011108146206,-0.3433477872090317
144.14000000000001,0.04993237054182509,-0.0052414397157623345,-0.3821328888338489
144.16,0.06514429526620324,0.003650389255932066,-0.3852675479458894
144.18,0.10545817791933088,0.012296738925657644,-0.35326365841444385
144.20000000000002,0.17522294053010876,0.020576717339295954,-0.2873855018625188
144.22,0.2696993628285722,0.028417806724699613,-0.1892253447822783
144.24,0.36556688131335713,0.03551811425527665,-0.06100583263791457
144.26,0.4346345097253399,0.0411028375708545,0.09290862312814421
144.28,0.471385554001045,0.044210971913139545,0.2644971331223889
144.3,0.4864778392709879,0.044211513431299886,0.44243025299993843
144.32,0.48917164090930165,0.040956962371689755,0.6138318910749558
144.34,0.4839478170228906,0.03468939381517404,0.7660564409731014
144.36,0.47267839577263177,0.025927768677444583,0.8880132976704402
144.38,0.4562376874259096,0.015379714425173838,0.9710917261259282
144.4,0.435170396484694,0.0038647157047578904,1.0097600531379216
144.42000000000002,0.4099257867248929,-0.007759070834681405,1.0018658029336258
144.44,0.38093928867652893,-0.018664167513674,0.9486499232850268
144.46,0.3486670312001845,-0.028115889929402952,0.854496762020168
144.48,0.3136100385723371,-0.0355233198961239,0.7264566300598653
144.5,0.2763435475459421,-0.04047585013256364,0.5735923947565983
144.52,0.23756216406557926,-0.04276307218660311,0.40621266255825206
144.54,0.1981517414974629,-0.04237698329769988,0.23506063455765097
144.56,0.15929799026489327,-0.03949670258687306,0.07052937941460732
144.58,0.12263373970936875,-0.03445709597785008,-0.07802890231447014
144.6,0.09040608244799304,-0.02770401829883677,-0.2028402048025552
144.62,0.06561810650915863,-0.019740394731854235,-0.2980470181496108
144.64000000000001,0.052101032467884605,-0.01106878377099024,-0.3598218788644289
144.66,0.054531935277163525,-0.0021363733875648834,-0.3862542029708874
144.68,0.07841164406962774,0.006712798769993368,-0.3770300922932678
144.70000000000002,0.1294417863603071,0.015270715123588631,-0.332946223250542
144.72,0.20978693594914666,0.02344973064916927,-0.2553693030293084
144.74,0.30817457434417506,0.03112614688745929,-0.1460016223303007
144.76,0.39603214571933415,0.03782079671432111,-0.007645621686118723
144.78,0.45197574298894905,0.04262168285252827,0.1540375114644229
144.8,0.4791022853675596,0.04464584109149927,0.32960352789790676
144.82,0.4887447491793027,0.04344663574664354,0.5068855321083183
144.84,0.4881577859564488,0.039036658861980746,0.6728804612486995
144.86,0.4805525599165378,0.03177270424983292,0.8153628548707877
144.88,0.46729230535510824,0.02225347024634393,0.9240479824107128
144.9,0.4490790816268821,0.011237432792500612,0.991391125137631
144.92000000000002,0.42640491244451917,-0.0004322219787991511,1.01307541953775
144.94,0.399706923238733,-0.01189970697490755,0.9882053833202397
144.96,0.3694236748293103,-0.022363868284542298,0.9192206253390468
144.98,0.3360228231691488,-0.03113672732821574,0.8115566671851356
145.0,0.3000253313715143,-0.037689561711150815,0.6730953734629447
145.02,0.26203868181979423,-0.04168359252493192,0.5134610485072579
145.04,0.22280951445220193,-0.04298348548876012,0.34322776140625455
145.06,0.18330658648760895,-0.04165309389682849,0.17310819512648185
145.08,0.14484232506591632,-0.037934080030659484,0.013194179142392029
145.1,0.10922904350284739,-0.03220927778071547,-0.12768590941606642
145.12,0.07894104203317805,-0.02495403654161435,-0.24243782313806767
145.14000000000001,0.057231573200256805,-0.016680339907451238,-0.3259611976479458
145.16,0.04817550885406308,-0.007879663146222002,-0.3751812045607847
145.18,0.05668092849793061,0.0010298312145940293,-0.3888587100318
145.20000000000002,0.08842033135160572,0.009747383773839585,-0.3672050570618677
145.22,0.1487026511473564,0.018113667820948514,-0.3113532409605085
145.24,0.23701310453049687,0.02606553781536436,-0.22284404942301625
145.26,0.33621608854481994,0.033419130269821025,-0.1036047345228693
145.28,0.41607360808271976,0.0395552632584482,0.04290443824727274
145.3,0.46244882585486485,0.043511639528262015,0.2099203200240632
145.32,0.483238273210498,0.044514101795160195,0.38703579349672995
145.34,0.4891991329915892,0.04226603399527316,0.5616799250940585
145.36,0.4861924532571148,0.03689941837601369,0.7209924105835935
145.38,0.4767039573067502,0.028856116146492704,0.8532969029554296
145.4,0.4618247219071254,0.01879245222700457,0.9491415311015988
145.42000000000002,0.44216814536612065,0.00750001663393436,1.0019954529540498
145.44,0.4182019236439833,-0.004168406916908291,1.008640804293556
145.46,0.39036205374936944,-0.015369620710943735,0.9692744999317681
145.48,0.3590968929073686,-0.025334742534188187,0.8873377709064869
145.5,0.3248928262843734,-0.03342398284694872,0.769105393307541
145.52,0.28830124275383323,-0.03916792801904072,0.6230817543711649
145.54,0.24997828619968296,-0.042292746788177585,0.4592632679461874
145.56,0.2107481690056779,-0.04272791278001617,0.2883346663922384
145.58,0.17170083100898909,-0.04059625286771963,0.12086988826806119
145.6,0.13432950663955,-0.03618733584966735,-0.03339336718515058
145.62,0.10069707594295868,-0.02991648011852728,-0.16614289042362523
145.64000000000001,0.0735932929324924,-0.022273114349127918,-0.270894439876821
145.66,0.05663302120969017,-0.01376374785096314,-0.34317491681120416
145.68,0.05428732949941421,-0.004855586081846336,-0.3804767404435623
145.70000000000002,0.07187876392155526,0.004073960053654064,-0.38199693627416165
145.72,0.11522366096672707,0.012775770847302656,-0.34819507482907947
145.74,0.18804746081650203,0.02113192512909988,-0.28025386866792723
145.76,0.28357129562279254,0.029045879545692016,-0.17971715967313784
145.78,0.37657657772683056,0.036149075352225085,-0.04894305116867116
145.8,0.44096097632985276,0.04160854201499285,0.10728948870827576
145.82,0.47431104954615166,0.04447866553174579,0.28045346065919297
145.84,0.4875865355766164,0.04418455043179464,0.4588777284450206
145.86,0.4892829955647659,0.040627767813542146,0.6295631137642452
145.88,0.4833855392572096,0.03408453771550756,0.7799062274771087
145.9,0.47156667507399974,0.02509762557934376,0.8989731638166077
145.92000000000002,0.45463282434063873,0.014390887194338934,0.9783894727635443
145.94,0.43310691250084715,0.002793210497517566,1.0129109392646072
145.96,0.4074312027136583,-0.008834486280934186,1.0006968144675048
145.98,0.37803860192970784,-0.01966828418216592,0.9432980174855126
146.0,0.3453838074163916,-0.028982705024810453,0.8453830506179751
146.02,0.30996628480359145,-0.036200652900831194,0.7142399251537347
146.04,0.27235906849377195,-0.040928643513558294,0.5591068434354626
146.06,0.23325366274145348,-0.04297520172033019,0.3903951210458116
146.08,0.1935317239125821,-0.04235152475848768,0.21887389130128396
146.1,0.1543731604573136,-0.039254725618552234,0.05488730124996633
146.12,0.11740158267184403,-0.034035180136851646,-0.09232875776217092
146.14000000000001,0.08484638035578616,-0.027150816822141263,-0.21517200471698505
146.16,0.0596739000218082,-0.01911271292890005,-0.3079971752701653
146.18,0.0456443075031451,-0.010427758291655757,-0.3672138817042175
146.20000000000002,0.04732017519366134,-0.0015443080797561226,-0.3911593301101562
146.22,0.07007771169585265,0.007194876000851184,-0.3797670644391994
146.24,0.11966133321234289,0.015586430456577514,-0.3340702877415881
146.26,0.19892266394116706,0.023557578061919774,-0.2556370571517493
146.28,0.2981638952202254,0.031024622850980954,-0.14626632370002662
146.3,0.38923250281076077,0.037570753308290405,-0.008642952060489886
146.32,0.4484491235589057,0.04231751374948971,0.15190111248576546
146.34,0.4774306534049252,0.044363801721063786,0.326274871286504
146.36,0.4878927442104394,0.04323187810604478,0.5025524612669025
146.38,0.48768675860777044,0.03891289231524994,0.6678650092237234
146.4,0.48031768020011056,0.03175011821578108,0.8100530952695058
146.42000000000002,0.4672558501006831,0.02233230364498722,0.9188520886499943
146.44,0.4492389432988094,0.011409757174754216,0.9867013974431634
146.46,0.42677176362711416,-0.00018101574669598507,1.00923856778238
146.48,0.4002981946613252,-0.011589236528564037,0.9854990629482365
146.5,0.3702633918267282,-0.02201684363984651,0.9178371642530646
146.52,0.33714419205537377,-0.030776876367775735,0.811594812368748
146.54,0.3014756630694235,-0.03733951968169577,0.6745604489746861
146.56,0.26388731750660294,-0.041362870153259436,0.5162734322993262
146.58,0.22516003172996127,-0.04270659868057287,0.3472391871316784
146.6,0.1863149407006236,-0.04142789210888958,0.17812514170408983
146.62,0.14874256884318063,-0.03776026035852662,0.019007563277247168
146.64000000000001,0.1143677681276361,-0.032077030733808215,-0.12126538346189653
146.66,0.08582142056140071,-0.024842744448410857,-0.23553903179715416
146.68,0.06656949573415799,-0.016557220204977564,-0.318606693896047
146.70000000000002,0.06097031389382273,-0.007698196627806037,-0.3672355139953935
146.72,0.07426929121761207,0.001331651130831282,-0.3799698376427625
146.74,0.11229853857524376,0.010246937842601797,-0.3567412341031531
146.76,0.17937337032467476,0.018891252746285885,-0.29835873203654867
146.78,0.2709700690069308,0.027151983628637487,-0.2061132925697627
146.8,0.36477481428373176,0.034696712500587604,-0.08207378732745375
146.82,0.4334220346439237,0.04074074085424622,0.0694692932660014
146.84,0.47079036876597213,0.04431432618127337,0.24054151763374856
146.86,0.4867237682530824,0.04476149383400008,0.41979297432232954
146.88,0.49019728475609753,0.041902144882581906,0.5942073715347227
146.9,0.4856556690705259,0.03594897236921058,0.7508725226836926
146.92000000000002,0.47497940121123533,0.02739931810084573,0.8783284224088956
146.94,0.459049042967748,0.016948462069773428,0.9675267419929336
146.96,0.43840954008473326,0.005413151731368087,1.0124680674416722
146.98,0.413505575484375,-0.006342008390870209,1.0105398618214816
147.0,0.38476331266590863,-0.017475004131533405,0.9625654489534188
147.02,0.3526236127594077,-0.0272301979792785,0.872583172106338
147.04,0.317563288372057,-0.0349914176900473,0.747390515374347
147.06,0.28011927170037715,-0.04032090876134232,0.5959031568292853
147.08,0.24092552260591515,-0.04298177106049424,0.4283906495324442
147.1,0.20077270312554293,-0.042942719394690805,0.25565752861372204
147.12,0.160700692743129,-0.040365239144685726,0.08824081090749217
147.14000000000001,0.12212822606673515,-0.03557441106877033,-0.06430783981098367
147.16,0.08700580320579714,-0.02901594104229449,-0.19399458224298066
147.18,0.05794919050721298,-0.021203399152319596,-0.294762801494901
147.20000000000002,0.038299363863967595,-0.012661210976793144,-0.36265091623286505
147.22,0.032110699251240556,-0.0038696011958820322,-0.3957240906010863
147.24,0.044171365885887236,0.004783879372050316,-0.3937978457595311
147.26,0.08002671984127871,0.013043898859035164,-0.357984750414554
147.28,0.1448800978485303,0.02080754449552239,-0.29011396067587636
147.3,0.2376904180365583,0.028071324281871788,-0.19218591427151624
147.32,0.3396508744677111,0.03469328595981717,-0.06637536330600477
147.34,0.4192987023369876,0.04006401854886921,0.08371055083824669
147.36,0.4638756690343908,0.04323520068656167,0.2511914060091002
147.38,0.48284892530081674,0.04348101975875911,0.4256679562070304
147.4,0.4873415564579904,0.040566344073364194,0.5948068831396414
147.42000000000002,0.48314166349254584,0.034675837556928796,0.7462180591063334
147.44,0.47265779811456976,0.0262884016178574,0.8688756499410779
147.46,0.45694899878402767,0.01608043536579123,0.9540926607658403
147.48,0.43662256986853926,0.004846717837867309,0.9961494681314195
147.5,0.412153876751325,-0.006572610079840131,0.9926199966937175
147.52,0.3839971424096389,-0.017360747485139084,0.944414011967354
147.54,0.35263129577429636,-0.026785946810752144,0.8555573903829704
147.56,0.318591138575147,-0.03425254156963078,0.7327456923892647
147.58,0.2825040809611039,-0.03933800214664851,0.584720614399197
147.6,0.24514531067229703,-0.0418136946405918,0.42153022301068444
147.62,0.2075234842750043,-0.04164816821522735,0.253740903418357
147.64000000000001,0.1710072857646868,-0.03899298790425661,0.0916712728348289
147.66,0.1374939372825329,-0.03415235047227467,-0.05528417795412568
147.68,0.10959961657307338,-0.027539071783279648,-0.1791815384056264
147.70000000000002,0.09082649069649532,-0.01962108647467216,-0.2738572569132937
147.72,0.08565378820516882,-0.010864090401094177,-0.33503412841804703
147.74,0.09947942090936761,-0.0016770230385609076,-0.3602011046327849
147.76,0.13801286465080317,0.007629856250691152,-0.34829561344450255
147.78,0.20447008584782486,0.016847978993968282,-0.2992815843486213
147.8,0.292030459642534,0.02576702842777028,-0.21389901255599036
147.82,0.3780190034554199,0.03392212224240988,-0.09414277257785367
147.84,0.4393928003728612,0.040448604653695173,0.05531099286233387
147.86,0.47302796338202036,0.04439375276374449,0.22598695919027037
147.88,0.48780098934249916,0.04514159491055977,0.4061770220654386
147.9,0.49117780792187593,0.042526651555739904,0.5826193930248611
147.92000000000002,0.48686161631471075,0.036758057058182414,0.7421729929847828
147.94,0.47647239401463964,0.02832542618589226,0.8731229069742554
147.96,0.46080988130695516,0.017918993954363964,0.9661390473722778
147.98,0.4403934277635997,0.006355435872630902,1.0149296719617504
148.0,0.41565672450383057,-0.00549541661817572,1.016600301150133
148.02,0.3870169252401265,-0.016781584284639543,0.9717229825888634
148.04,0.35490312897630005,-0.026733772004372783,0.8841324356831398
148.06,0.31977435393534154,-0.034719802019268615,0.7604823310715134
148.08,0.282139574273021,-0.040285087122353895,0.6096107351154907
148.1,0.24258838458463955,-0.04317666627229154,0.44177591364227486
148.12,0.2018413683239297,-0.04334956512773166,0.26783114148757314
148.14000000000001,0.16082991553607887,-0.04095549297729798,0.0984096039520587
148.16,0.12081104871704443,-0.03631509089013712,-0.05681198853598965
148.18,0.08350688745794971,-0.029876173199942957,-0.18970973114538436
148.20000000000002,0.05122877970846677,-0.02216182503378034,-0.2941199798063989
148.22,0.02692439846318178,-0.013713820898182537,-0.36602776890531624
148.24,0.014126024188603887,-0.005037835838749838,-0.40353034645288177
148.26,0.016904681584160988,0.0034442943933232465,-0.40659443695735537
148.28,0.0400013061729164,0.011433864171661902,-0.37663966462031345
148.3,0.08886672471706422,0.01878585795941316,-0.31598107345132453
148.32,0.167566019819616,0.025511580992729183,-0.22719138452045295
148.34,0.2700187867747466,0.031670467565978196,-0.11263240901609799
148.36,0.3697093302253179,0.03704923886274378,0.025160157405687306
148.38,0.4375420485223854,0.04091117700236986,0.18174726608251768
148.4,0.47103874351075614,0.04235795464292137,0.3492091863633513
148.42000000000002,0.4830065059933937,0.04086913994832759,0.5166741546731313
148.44,0.4831028750460972,0.03641073763495514,0.6721869250572584
148.46,0.47573810715740167,0.029311630554853915,0.8044285495317094
148.48,0.462719188313999,0.020142480215524988,0.9039132070645314
148.5,0.44490291327666026,0.009626227925036444,0.9637688558353339
148.52,0.42284704131985307,-0.001437130606531701,0.9801932383136909
148.54,0.3970370778771082,-0.01223979798597232,0.9526219125193574
148.56,0.367970626014081,-0.0220294642986854,0.8836304696079075
148.58,0.3362022332230925,-0.03016365106323594,0.7786003343753952
148.6,0.3023861548289152,-0.03615175167735494,0.6451907495102635
148.62,0.2673351022790794,-0.03968205291473619,0.4926718879036317
148.64000000000001,0.23210856421981507,-0.04063203821520937,0.3311829353606488
148.66,0.19814186165198347,-0.03906141683503911,0.1709835202834128
148.68,0.16741881269014586,-0.03518853815406935,0.021766690466576165
148.70000000000002,0.1426705754196312,-0.02935221760990155,-0.10790366024914817
148.72,0.12755014696002911,-0.021962656876547245,-0.21097931651131419
148.74,0.12668371042233928,-0.013447182390884008,-0.2821052786674155
148.76,0.14536250930912276,-0.00419956469217872,-0.3175837071042674
148.78,0.188136121170254,0.005450510070608937,-0.31516748029765557
148.8,0.25468604424070845,0.015210529602083883,-0.27382917987823124
148.82,0.3333992599020194,0.024688031868000775,-0.19384566393882985
148.84,0.4031949222500805,0.03320007942803587,-0.07759873601069521
148.86,0.45035638428399577,0.03981158106225434,0.0692162309631929
148.88,0.47632627890052237,0.043675519609510646,0.23721305962790132
148.9,0.4879549660221317,0.044303105309935066,0.4142872616690831
148.92000000000002,0.4901580880761078,0.04160081515564796,0.5871833427684763
148.94,0.4853930521973435,0.03580679160852727,0.7429599920914245
148.96,0.474831814377898,0.02741802988577161,0.8701695845181672
148.98,0.4591340317309946,0.017121250305952827,0.959754863302996
149.0,0.43878067771848467,0.005723194233459846,1.0056690471297451
149.02,0.41420085505020987,-0.005920362056654383,1.0052140151867277
149.04,0.38582169363185104,-0.016973877599102,0.9590966352223836
149.06,0.3540935309271023,-0.026685241886779933,0.8712186596961894
149.08,0.3195108072025656,-0.03443860057355702,0.7482332475110414
149.1,0.28263924730117895,-0.03979327871477182,0.5989169789488046
149.12,0.24415842990948147,-0.042506355979504244,0.4334182573818949
149.14000000000001,0.2049300588457713,-0.042537660295511426,0.2624503671940208
149.16,0.16610225375956386,-0.04003716802998597,0.09649994092115771
149.18,0.1292536381566283,-0.03531600728058172,-0.05488077656384638
149.20000000000002,0.09656228144764095,-0.02880354913374607,-0.18363678993894422
149.22,0.07095778326361929,-0.02099456006962431,-0.2835801126962064
149.24,0.05620917263533305,-0.012391866641162843,-0.3505371559506744
149.26,0.05695040776719244,-0.003450545242653159,-0.3822679092966353
149.28,0.07865518620815455,0.0054712221595852595,-0.37817363224833617
149.3,0.1270738633797762,0.014147114731481123,-0.3388320493507331
149.32,0.20482948121793357,0.02247276890729279,-0.2654641148084371
149.34,0.30197719519526756,0.03032365250454503,-0.15966744058644725
149.36,0.39095020272633046,0.03724424744021355,-0.02409142762732236
149.38,0.4490740743713534,0.04233831809926484,0.1358511007865908
149.4,0.4779221991119121,0.04470015598486805,0.3109508506960269
149.42000000000002,0.48866309299189936,0.04384250949072627,0.4891384910490659
149.44,0.48883043926595376,0.03974203616686708,0.6573516111285438
149.46,0.4818183441791736,0.03272875907965021,0.8031800287204978
149.48,0.4690644982659585,0.023383005081619734,0.9160642929640607
149.5,0.4512959633579302,0.012452741966018647,0.9881272963256602
149.52,0.42901126123596595,0.000778278067069163,1.0146931031296218
149.54,0.402646788705108,-0.010780275066454369,0.9945102575252863
149.56,0.37263644662343814,-0.021411069995754456,0.9296927808668484
149.58,0.3394395286699608,-0.030410314985860876,0.8254040997649632
149.6,0.3035635508350865,-0.03722994273176136,0.6893248742599911
149.62,0.2655946089364862,-0.04151011112236076,0.5309596495683941
149.64000000000001,0.22624538672895736,-0.043094621955120496,0.36084723386689493
149.66,0.18643150191418686,-0.04202856863523376,0.18974491781819183
149.68,0.14738507424127012,-0.03853873746824159,0.02785697060599971
149.70000000000002,0.11080382883287679,-0.03299850228492129,-0.11582666473426315
149.72,0.07901032724275622,-0.025880297949851166,-0.23402513462824392
149.74,0.05507064080217722,-0.01770030588000788,-0.3214539509419798
149.76,0.04283548009027704,-0.008961278441785885,-0.3748852078862931
149.78,0.046946092952810395,-9.925768703298535e-05,-0.3929852329839813
149.8,0.07284575799571474,0.008561899525039534,-0.3759536431396167
149.82,0.1262020021902705,0.01684142251029628,-0.32500517552080116
149.84,0.20904945089493676,0.024683261750481668,-0.24180544306404153
149.86,0.3094515773858076,0.03199112541246542,-0.12823327632452175
149.88,0.3978686815854666,0.03829650256191765,0.012810933881881377
149.9,0.45314086599084075,0.04269024093193547,0.17558674503050084
149.92000000000002,0.47931680439411456,0.04430762588312195,0.35060844887047704
149.94,0.4881358606256795,0.0427329953734312,0.5257709355792879
149.96,0.48687232848524514,0.03800911374359366,0.6882586128492812
149.98,0.47869808507780465,0.030516054650083422,0.8261413443314714
150.0,0.4649544357862041,0.02086734708773713,0.9295061713744157
150.02,0.4463366422416753,0.009827518088096884,0.9912219213869459
150.04,0.4233379938735711,-0.0017627388623042799,1.0073922242404691
150.06,0.39640214636733856,-0.013057884648478164,0.9775162547461596
150.08,0.3659794938651359,-0.023273448725381733,0.9043738953478617
150.1,0.33255673226632426,-0.03174280782041224,0.7936642147975115
150.12,0.2966848771668854,-0.037961185481205695,0.6534412900666594
150.14000000000001,0.2590187937600009,-0.041614076546441746,0.49340442797720846
150.16,0.22037947055925874,-0.042588432367381766,0.3241088128569495
150.18,0.18185031796311288,-0.040966147334784236,0.15616685823468734
150.20000000000002,0.14491463038914243,-0.03700059042299418,-0.0004900277269316577
150.22,0.11162669860053395,-0.03107817815656239,-0.1372249961616969
150.24,0.08478353662090726,-0.023668414737165192,-0.24713113474545095
150.26,0.06804768177742787,-0.015267368656132325,-0.32525198923770365
150.28,0.06599679376210932,-0.006340572298454933,-0.3685728022276764
150.3,0.08408430460696446,0.002728770531402418,-0.3757920395170322
150.32,0.12809655480803772,0.011678158303348367,-0.3469084149616623
150.34,0.2011229047211896,0.02036309877837986,-0.28272040482666416
150.36,0.29494416479239177,0.02863476427812921,-0.18454120111226932
150.38,0.3840031336772471,0.036050861966404515,-0.05475972252514296
150.4,0.44460809831626974,0.04173432228199439,0.10155819798219172
150.42000000000002,0.47596827384047385,0.04475038491419463,0.2755385826532785
150.44,0.48854232066558356,0.044548710308005134,0.4552495472140551
150.46,0.49006779969803266,0.041043634991060785,0.6275075705727843
150.48,0.48415918084379583,0.03451572251521437,0.7795565279911207
150.5,0.4723565816001338,0.025510136192489197,0.9003217229685089
150.52,0.4554236196506493,0.014754094413167503,0.9812989405149497
150.54,0.4338682010634206,0.0030815260401076926,1.0171309705126546
150.56,0.40812452715156905,-0.008640117012812878,1.0058873571192921
150.58,0.3786173627060876,-0.019579421978661072,0.9490575753070829
150.6,0.34578991277067395,-0.02900312454929187,0.8512794766262839
150.62,0.3101238917178341,-0.036326760248234786,0.7198409686394083
150.64000000000001,0.27216436182866016,-0.041150596830175835,0.5640076130071837
150.66,0.2325587032127875,-0.04327870375932604,0.39423970907613576
150.68,0.19211970838144965,-0.04272025130457016,0.22136854519312765
150.70000000000002,0.15192234499808094,-0.039673360281014466,0.05580265954366334
150.72,0.11343626016495072,-0.03449302510304124,-0.09316873346590668
150.74,0.07867538062656458,-0.027645917092667827,-0.2179165977495281
150.76,0.050316485838307536,-0.01965638272223226,-0.31281282347817285
150.78,0.03173424763299402,-0.011049449169570586,-0.3743468637486326
150.8,0.02697156649398718,-0.00229701877841244,-0.4010188934386442
150.82,0.040771973636514844,0.006228654313536992,-0.39303152931218394
150.84,0.07863419632346151,0.014292619936793016,-0.3518124961201436
150.86,0.14566152232616852,0.021815316036093484,-0.2794176698871588
150.88,0.24034431964049688,0.028813980792140304,-0.1779830371833888
150.9,0.3428626374492665,0.03515311153895609,-0.04976056417834318
150.92000000000002,0.4215302427020382,0.040215790213504445,0.10155761998020439
150.94,0.46475368287049273,0.043059726272585294,0.268993645887548
150.96,0.4827091229807663,0.04298679341603982,0.4421225060613231
150.98,0.48649463724037384,0.03979282253183492,0.6087082761222218
151.0,0.481761187710157,0.033686452230843315,0.7565693821097806
151.02,0.47084621508320895,0.025162299950698408,0.8749678386476752
151.04,0.45478367891951105,0.014904627029821402,0.9555515143943714
151.06,0.4341753940112145,0.003708652850401526,0.9929520941742506
151.08,0.409499745929294,-0.007591834701107744,0.9850827195512074
151.1,0.3812194822046044,-0.018192186841641436,0.9331549661484351
151.12,0.3498279952044878,-0.027377240453203187,0.8414385364328848
151.14000000000001,0.3158829300251997,-0.03457068364281188,0.7168003465328286
151.16,0.280047328905866,-0.03937026163639316,0.5680735536901452
151.18,0.2431516000040043,-0.04156660942733617,0.4053179542992449
151.20000000000002,0.20628865209584676,-0.041144640170397394,0.2390397794529326
151.22,0.17095178686720292,-0.03826760530155717,0.07944083278332505
151.24,0.13921374012062468,-0.03324518008520953,-0.06423599263798582
151.26,0.11392223504775599,-0.026488326058823754,-0.18420591811852155
151.28,0.0988613959569901,-0.018455290275509403,-0.2744414756915475
151.3,0.09881137190792172,-0.009594691045379324,-0.3307476490439156
151.32,0.11934767017980075,-0.00029341765995981057,-0.3506159141366628
151.34,0.1656701432946035,0.009156530736973131,-0.33290062107143287
151.36,0.23838352947958796,0.018534086529524343,-0.27745747101334134
151.38,0.32543040083156916,0.027536969338170084,-0.18511156117855368
151.4,0.4023253008248175,0.03553620816332873,-0.05848268176923099
151.42000000000002,0.4526931159420763,0.04158301150412967,0.09657042529817235
151.44,0.4789470383826549,0.04480695008775271,0.270398034283176
151.46,0.4896992461273335,0.044734629578819914,0.45061171222736246
151.48,0.4907269269269236,0.0413172999221114,0.6238000118449922
151.5,0.48474767909640987,0.03484649657428377,0.77706750895223
151.52,0.4729907172483235,0.025869332667591238,0.8992221470537851
151.54,0.4561228530641886,0.015113542020083475,0.9816458759177167
151.56,0.4346220573256873,0.003414625800346296,1.0188714352615853
151.58,0.4089117427364283,-0.008356776734725326,1.0088678080342617
151.6,0.3794104320715695,-0.01936458552717273,0.9530397216392874
151.62,0.34655476964567106,-0.02886979852266292,0.855961252890997
151.64000000000001,0.31081715325561404,-0.036281676801617695,0.7248807492622914
151.66,0.27272821303327305,-0.04119426677450695,0.5690494051161153
151.68,0.23291253311115803,-0.043406075800604536,0.39893692119394053
151.70000000000002,0.19214707790123536,-0.04292196889982303,0.22540391789300826
151.72,0.15145176768855925,-0.03993759124139564,0.058902012382518805
151.74,0.11221500224633747,-0.03480782010683623,-0.09123115057045403
151.76,0.07633706181056286,-0.028002015472556076,-0.21732311796250198
151.78,0.046343707394969756,-0.020050329379722506,-0.31371927460732035
151.8,0.02541211326394759,-0.011486885497539779,-0.37691232520360196
151.82,0.01731657382421606,-0.002796194642030325,-0.40544898898114395
151.84,0.026430770665101744,0.005632833541827458,-0.39963673526871674
151.86,0.05788155272530811,0.013544612435285115,-0.3610832275855907
151.88,0.11713739498912164,0.020842210133828115,-0.29210551917052785
151.9,0.20591228808982634,0.027562745272814663,-0.19511426244940958
151.92000000000002,0.3108435469534106,0.033693381893060294,-0.0723703235554919
151.94,0.40039516017382876,0.03881142697860375,0.07310778238922581
151.96,0.454072813448667,0.04203567933764199,0.23559101672274793
151.98,0.4780347964523262,0.042559523043231566,0.40576908935476125
152.0,0.48490150017808825,0.04004630636034043,0.5719975065063039
152.02,0.4820236018976016,0.034609044148424466,0.7222270185289448
152.04,0.4725215098059158,0.02667645706577291,0.8455336030685775
152.06,0.4577099247838973,0.01688607567054698,0.9331560365664888
152.08,0.4382832935545503,0.006001846924056146,0.979161394718307
152.1,0.414751242132426,-0.00515888758688225,0.9808028190688787
152.12,0.38758962806614927,-0.015793338997544315,0.9385954253401494
152.14000000000001,0.3573012968669413,-0.025174467140416296,0.8561329120849328
152.16,0.324455126848576,-0.032702034947980206,0.7396784959631372
152.18,0.28972988999621413,-0.03794026696302998,0.5975774522543424
152.20000000000002,0.2539781141363657,-0.04063969697165708,0.43955001188032666
152.22,0.2183228388836798,-0.04074187923969186,0.27593089100195045
152.24,0.18429722860729444,-0.03836680757408951,0.11692470823727112
152.26,0.15402626392881105,-0.033784125381590334,-0.028055274824042256
152.28,0.13042654003852458,-0.027370622873918754,-0.15090473163746937
152.3,0.11736786651464173,-0.019558208362257256,-0.2451550794550472
152.32,0.11969594928026937,-0.010778515589629233,-0.30608301633586016
152.34,0.14285283205884985,-0.0014133632051389644,-0.3306062533429909
152.36,0.19119971810769273,0.008230538035784397,-0.31702046119817134
152.38,0.26317660961630673,0.01787945837580706,-0.26474992909449585
152.4,0.34459661330642294,0.027128479255988058,-0.17450172531204383
152.42000000000002,0.4130978052122782,0.03524850439388786,-0.04921521953398393
152.44,0.457050552732483,0.041283114394986206,0.10469774254810707
152.46,0.4801047044929397,0.044427359634600705,0.2771770173975939
152.48,0.4895618546422144,0.044268205052608374,0.4556941986352663
152.5,0.49007841985716166,0.040788731393724874,0.6268813285539183
152.52,0.48387705777949636,0.03429345115533295,0.777972066037757
152.54,0.47201603066922293,0.025332890262680006,0.8979340978198463
152.56,0.45510993722598897,0.014632892970396542,0.9783112992274984
152.58,0.433623426733768,0.0030235875151832852,1.013783390603474
152.6,0.40798009791626366,-0.008632180022986656,1.0024396910625608
152.62,0.37860536996865657,-0.019507628094671048,0.9457707777480149
152.64000000000001,0.3459489189119469,-0.02887363866142279,0.8483979021654344
152.66,0.31050450253402656,-0.03614901010996978,0.7175774337144154
152.68,0.27283689893948126,-0.04093606151525133,0.5625326679614965
152.70000000000002,0.23362485227963398,-0.04303942695967501,0.3936763215584489
152.72,0.19373019060277868,-0.042467113168649394,0.22179322064308754
152.74,0.15430268147340312,-0.03941411775666111,0.05725393684319789
152.76,0.1169219985510663,-0.03423011351258682,-0.09067347346906954
152.78,0.08375691697821891,-0.027374010348868643,-0.21435504480047146
152.8,0.05769432074599419,-0.019359725567168005,-0.3081214317290655
152.82,0.04239224129892778,-0.010698920910423168,-0.3683733768873234
152.84,0.04228177607508886,-0.0018466836041015067,-0.39346221815910865
152.86,0.06259492276716894,0.006845662063331178,-0.38336636156348797
152.88,0.10909000766483543,0.015166091306569702,-0.3391995651203724
152.9,0.18541711036794417,0.023041946611960035,-0.2626326914336906
152.92000000000002,0.2841825566173135,0.030421585705583704,-0.15551258088322722
152.94,0.37876060091665165,0.036962304916642034,-0.0203525725283253
152.96,0.4427060274898953,0.04183715430791409,0.13796957723819292
152.98,0.4748325413998762,0.04411920181125371,0.31086712291155416
153.0,0.4869267083783816,0.04327353801212734,0.4867307320843694
153.02,0.487630524575589,0.03924517413263432,0.6527956991792494
153.04,0.4808960426248285,0.032345703842143914,0.796852794069638
153.06,0.4683653498965415,0.02314169428119938,0.9084811601159445
153.08,0.450833618816276,0.01236834524859591,0.9798897910890977
153.1,0.4288242494757542,0.0008535432474358145,1.0064384249493155
153.12,0.4027875699880196,-0.010554200335130614,0.9868629997911119
153.14000000000001,0.37317182467769894,-0.021053049822270166,0.9232214436981598
153.16,0.3404566148038967,-0.029946885819606594,0.820585488853948
153.18,0.305180742933165,-0.03669234816429565,0.6865191587683586
153.20000000000002,0.2679792475909577,-0.0409308641339176,0.5303982763093834
153.22,0.22964108960624433,-0.04250372993942588,0.3626353053900361
153.24,0.19119901421523286,-0.041449507935981234,0.19387919015056784
153.26,0.15406031032631531,-0.03798420396996776,0.03426040050607079
153.28,0.12017509627401836,-0.03246592357903347,-0.10725290522372052
153.3,0.09221484291238942,-0.02534709425032474,-0.22333119038478896
153.32,0.07371261726209224,-0.01711889328269016,-0.30855135275457296
153.34,0.06912983706685157,-0.008253745299889355,-0.35943633236848543
153.36,0.08382934999664911,0.0008480160327392447,-0.3742710219724476
153.38,0.12363014822085043,0.009899547112030047,-0.35272498892818605
153.4,0.19226148989047098,0.01873325467562628,-0.2953670760297139
153.42000000000002,0.28356459384741617,0.02720033794665706,-0.2033366386501586
153.44,0.37406739495763347,0.03490079137172024,-0.07876339393071333
153.46,0.4384687693408247,0.040997931110329296,0.07373828340748595
153.48,0.4730657350493417,0.04453242942473567,0.24578530904154533
153.5,0.48769923927698444,0.044887857439744765,0.42573720283273564
153.52,0.4905839392268297,0.041914954488390374,0.6004335451084145
153.54,0.48571316901620604,0.03584513478817183,0.7569153732817435
153.56,0.47479205851461026,0.027187935818934538,0.8837361735788443
153.58,0.4586427185292872,0.016647395111718845,0.9719024569857809
153.6,0.43779112055138814,0.005046480242675159,1.0154994974713087
153.62,0.41267487041355794,-0.006746415805030075,1.0120194730999508
153.64000000000001,0.38371593025802264,-0.01788795386972013,0.9624006523503326
153.66,0.35135061337152224,-0.027623581147399528,0.870796763226497
153.68,0.3160491287941297,-0.03534042671507514,0.7441118148659089
153.70000000000002,0.27833810864953984,-0.04060593137616022,0.591350891401442
153.72,0.23883532690948206,-0.043189869536052014,0.42284906383003285
153.74,0.19830625127356052,-0.04306865459544777,0.2494474865635619
153.76,0.15775225817545627,-0.040412057060314324,0.08168769153949869
153.78,0.11853475517163013,-0.03555366575633211,-0.07090783231656714
153.8,0.08252138009570878,-0.02894767481315711,-0.20040846780759436
153.82,0.05221066115593288,-0.02111604213122891,-0.30085457070312854
153.84,0.030777309074359764,-0.012591631069564487,-0.36841508034775233
153.86,0.022035333475602267,-0.0038636741352610746,-0.4013203204479935
153.88,0.030438040535222102,0.0046697482050253964,-0.3995896935281435
153.9,0.061199817728414256,0.012740890134673298,-0.3645858559893003
153.92000000000002,0.11982895281789913,0.020238413490717106,-0.2984340643290076
153.94,0.2079820636128461,0.027182549669470483,-0.2034155628864849
153.96,0.31222659467866354,0.03354110246825442,-0.08173472196966153
153.98,0.4012067216892232,0.0388735507544306,0.06356984568502608
154.0,0.4546663719393315,0.04228780538512866,0.22669089529085154
154.02,0.47868456358075817,0.04297041338649142,0.39820655650100095
154.04,0.48570861865965254,0.04057771559918472,0.5663334812895723
154.06,0.4829962660295929,0.03521645296445435,0.7188562769159839
154.08,0.4736328166103767,0.027311701046417815,0.8446644695446346
154.1,0.4589200662538874,0.01750084495241444,0.9348026726981207
154.12,0.43954604359826827,0.006551254458973791,0.983150423840013
154.14000000000001,0.41601457279850373,-0.004713140630607925,0.9867935398032126
154.16,0.38879372063780754,-0.01548049808523205,0.9461113657042086
154.18,0.3583746301875982,-0.025013152288340487,0.8646015080056315
154.20000000000002,0.32530823800611514,-0.03269967352659534,0.7484750734117723
154.22,0.2902457762429168,-0.03809357367888446,0.606069387428744
154.24,0.25399779691203,-0.04093618465027491,0.4471368958308414
154.26,0.21762446988958375,-0.041162336030302754,0.28207668962169413
154.28,0.1825677600119853,-0.03888863192400336,0.12117825352666839
154.3,0.15082679874485275,-0.03438535117764569,-0.0260545829814266
154.32,0.12515651911447737,-0.02803436563931769,-0.15143827979440935
154.34,0.10924077137445337,-0.020277082410660504,-0.2484543156038322
154.36,0.10776272961188273,-0.011558174828674928,-0.31237504338180955
154.38,0.12619848053843605,-0.00227303730550642,-0.34016871194075726
154.4,0.16966366755427464,0.00726670281175846,-0.3302233803364436
154.42000000000002,0.23894806813676178,0.016813494918097534,-0.2820231876145194
154.44,0.32302055259770995,0.02604491910052473,-0.19612118380749766
154.46,0.39878923285590323,0.03433443609579101,-0.07490306116861646
154.48,0.4497400753567378,0.040744870913482,0.07604569568341243
154.5,0.4771149263302706,0.04439516728177107,0.24735723918866162
154.52,0.4889176187884722,0.04477874358446376,0.4268323194623092
154.54,0.4908475246859107,0.041807435781347546,0.6010987970048286
154.56,0.485668191886523,0.03573643080411823,0.7571472789181132
154.58,0.4746450848357718,0.02708293393797824,0.8835385376191683
154.6,0.4584620587816274,0.016552809039223643,0.9713033845607606
154.62,0.43760389781298076,0.004968685634535952,1.0145537117652674
154.64000000000001,0.4124965632619728,-0.006802307457588381,1.010804877951165
154.66,0.3835596425975846,-0.01791853861045328,0.9610122795780953
154.68,0.35123063202790095,-0.02762733789563705,0.86933951672739
154.70000000000002,0.31598321254157713,-0.035317684887879945,0.7426929390859291
154.72,0.2783500802653831,-0.04055865184871504,0.5900729474938351
154.74,0.23895883312787228,-0.043121251512932085,0.42180413385788884
154.76,0.19859046824487087,-0.04298257830020113,0.24871328142929877
154.78,0.15827030938491024,-0.040312369214638134,0.08132620442406124
154.8,0.11939536474566903,-0.035443313585923744,-0.07084850914725231
154.82,0.08388372363186916,-0.02882770077561583,-0.19988857737577637
154.84,0.05430219680877227,-0.020984465955109097,-0.29983286834897194
154.86,0.03391640709045421,-0.012442242418084701,-0.36683435885893795
154.88,0.026665095893877704,-0.0036846859824508195,-0.39908786549622677
154.9,0.03717398396550858,0.0048973429377367015,-0.39655181126184924
154.92000000000002,0.07083854841897586,0.013045042969779864,-0.3604953778959412
154.94,0.13304586471352947,0.020654842736230274,-0.2929147692083154
154.96,0.22408169561151403,0.027739024414395616,-0.19595445140442197
154.98,0.3275119868600306,0.03421126114840674,-0.07179628627369372
155.0,0.41152474883252077,0.03953892157572983,0.07623119299145237
155.02,0.4599559829940814,0.04279399344448135,0.24174205948003646
155.04,0.481033957087066,0.04321013263567196,0.41477408483061984
155.06,0.4865620172800992,0.04050615229916336,0.5832435631333241
155.08,0.48296812525588806,0.03483443034210808,0.7348530177656492
155.1,0.47294484826976946,0.026651432365378713,0.8585617022838299
155.12,0.45765186547126624,0.01661690588233461,0.9455903403689875
155.14000000000001,0.43773016186093944,0.005513470593689387,0.9900695457729017
155.16,0.4136676435358474,-0.005826480601520308,0.9893836215830243
155.18,0.38592562586460444,-0.016589357939966687,0.9442307687798988
155.20000000000002,0.35499029181521685,-0.026042133826881874,0.8584214958302273
155.22,0.321406581508789,-0.0335836866633758,0.7384496166518817
155.24,0.2858171693097437,-0.038782431947779306,0.5928843307622078
155.26,0.24902025839058942,-0.04139785642511796,0.43164335984808005
155.28,0.21205862852313587,-0.04138469845826924,0.2652144322468378
155.3,0.17635036513814367,-0.03887970077226243,0.10389507614426056
155.32,0.1438622434553266,-0.0341720857389782,-0.04288144530916086
155.34,0.11730542778902205,-0.027660267400348614,-0.16707348395441768
155.36,0.10030641967890942,-0.01979889640546849,-0.2623642265798304
155.38,0.09748879527817521,-0.011041946738037559,-0.32427302920822787
155.4,0.11433815654155445,-0.001789181792540522,-0.35004301901113843
155.42000000000002,0.15628623010845702,0.007651677571980427,-0.3383399382442885
155.44,0.2251653767311529,0.017054484132549997,-0.2888792536955736
155.46,0.3114259879018527,0.026146983646329457,-0.20230394514182362
155.48,0.3915839942097933,0.034364378009668156,-0.08085129325387354
155.5,0.4464543467125553,0.040788687486522396,0.070219769791697
155.52,0.47598911952144535,0.04450727548300959,0.2418321514458414
155.54,0.48873696662050076,0.04497524581647824,0.4219239520046619
155.56,0.49108000958671444,0.04208074453772346,0.597135099301817
155.58,0.4861152348504993,0.03606690924731649,0.7543989378649398
155.6,0.475228905092926,0.027445169179836183,0.8821846280117325
155.62,0.4591431759663035,0.016919286325588416,0.9714161227458378
155.64000000000001,0.43835364384614944,0.005312453292552207,1.016095589221601
155.66,0.41328792316957996,-0.0065054826691869575,1.0136353699637413
155.68,0.3843634235150133,-0.017688459441830062,0.9649022973130611
155.70000000000002,0.352012686181302,-0.027478161555856816,0.8739917365184671
155.72,0.3167010584408107,-0.035257269016060536,0.7477658883411821
155.74,0.2789478316944503,-0.040588503347628146,0.5952065102695474
155.76,0.23935923010050134,-0.043237092791892674,0.4266440269640448
155.78,0.19868250253081346,-0.04317552318411408,0.252932040718283
155.8,0.15789083448890884,-0.040570684918977445,0.08463828508658604
155.82,0.11830368374745115,-0.03575472794219957,-0.06867978845967312
155.84,0.08172967365587519,-0.029182179660162455,-0.1990542932372514
155.86,0.0505891556966712,-0.02137733103312165,-0.3004935936381337
155.88,0.027956475454153033,-0.012877480993536595,-0.369148157915167
155.9,0.01751242633401983,-0.004178455135346525,-0.4032518661988092
155.92000000000002,0.023524719085695443,0.004312720898444635,-0.40285865320039627
155.94,0.050989485929822956,0.012316845508022922,-0.3694065886575395
155.96,0.10543912824203004,0.019710952727054573,-0.30514437027741526
155.98,0.18978401771168626,0.02651726993553446,-0.212504019862031
156.0,0.29396543460077124,0.03275381049168665,-0.09374952129928381
156.02,0.3881546019835949,0.038084873082856574,0.048346229014373084
156.04,0.447749379010099,0.0416770426706269,0.20861140535731604
156.06,0.47558477733934945,0.04267209818120549,0.3782771530238669
156.08,0.4845651253550174,0.0406512643950331,0.5459456396721035
156.1,0.48297546466665536,0.035663985927279054,0.6995172881412525
156.12,0.47442729252652094,0.02809611186769444,0.8278069283240054
156.14000000000001,0.46041811592785414,0.01855736152435477,0.9216522257061959
156.16,0.44170110316188177,0.00779626695280245,0.9746331699263332
156.18,0.41880153217307947,-0.0033738238532966215,0.9834772412354027
156.20000000000002,0.3921955385396838,-0.014143530409461622,0.9481794293094328
156.22,0.36237897294173166,-0.023769932064515754,0.8718587792002863
156.24,0.32990763411756113,-0.03162948603193283,0.7603829361189045
156.26,0.2954392449805072,-0.037258029648723656,0.6218058352944047
156.28,0.2597932409636883,-0.04037529261389037,0.46567567280849936
156.3,0.22404147946681238,-0.04089241027864873,0.30227851290271646
156.32,0.1896406497728666,-0.038902090177085596,0.14188661827823046
156.34,0.15860810492248706,-0.03465230710353193,-0.005920435377708984
156.36,0.13372166161087165,-0.02850577814507643,-0.13279997867347537
156.38,0.11869249194131931,-0.020889114508602653,-0.23200611815383398
156.4,0.11822001193944758,-0.012237471586443309,-0.2985349128147282
156.42000000000002,0.13771024438675583,-0.002943239746342023,-0.32905266544709927
156.44,0.18191023498435727,0.006675104874214686,-0.321651427179089
156.46,0.2506781208856721,0.01634575597077908,-0.27557842477672584
156.48,0.3320395495411326,0.025699512313932037,-0.19129295880987693
156.5,0.40380340661660497,0.034062906475507,-0.07128836897323383
156.52,0.45166001690567337,0.04049284224053773,0.07862745020056516
156.54,0.47750673042117164,0.04413703252102997,0.2489218660850196
156.56,0.48873209952890206,0.04451568998744569,0.4273512831461628
156.58,0.49047839800693044,0.04155335740476272,0.6005779252571538
156.6,0.48525942307863285,0.03550854059086435,0.7556567518932242
156.62,0.4742544687178981,0.02689725342966055,0.8812159954615421
156.64000000000001,0.45812138818366643,0.01642202281643635,0.9683443719363157
156.66,0.43733856075214267,0.004901069952861746,1.0111959339246157
156.68,0.4123323390310423,-0.006803327254079279,1.0073095046197462
156.70000000000002,0.3835261716539657,-0.017854340633400318,0.9576444843723809
156.72,0.35136471854293994,-0.027503625425204237,0.866350084335522
156.74,0.31633337675862006,-0.03514362638020461,0.7403025658916952
156.76,0.27898355019985893,-0.04034569128832331,0.5884606589872177
156.78,0.2399724571591699,-0.04288163838654617,0.42110103620814643
156.8,0.20012745364588969,-0.042727652607529865,0.2490026914562773
156.82,0.16054487160970596,-0.04005061457897321,0.08265110376022519
156.84,0.12272683212152966,-0.035178172257555596,-0.06846975973405894
156.86,0.08874040061692831,-0.028555144993302164,-0.19643729533367346
156.88,0.0613554077564677,-0.02069033765010856,-0.2952549237839378
156.9,0.04411085940701619,-0.012099338103121913,-0.3609939267876436
156.92000000000002,0.04131959985168202,-0.0032493767870140455,-0.39170870065684615
156.94,0.05809258596252106,0.005489203390700479,-0.38714355589374055
156.96,0.10017835899372653,0.013880982645303647,-0.34826433157103176
156.98,0.17193805773227205,0.021834484244049414,-0.2766836326111555
157.0,0.26849570029132064,0.029309995487258114,-0.17421574996964725
157.02,0.36583951795219294,0.03603182292425873,-0.04318280426561087
157.04,0.4352023554067178,0.041236422876654764,0.11202574110261893
157.06,0.47150213374222993,0.043972440535624165,0.2833989167053386
157.08,0.4859770171112088,0.04362896844815843,0.45967641956603955
157.1,0.4880957886556944,0.04008282707527407,0.6281433929912803
157.12,0.4823720433123623,0.03359696860812913,0.7764075633511693
157.14000000000001,0.4706765845071157,0.024704604268047214,0.8937024740309065
157.16,0.4538821214618402,0.01412001567501905,0.9717834825248011
157.18,0.43253539179551587,0.0026616998189515546,1.0054962461020052
157.20000000000002,0.4070914727928892,-0.008820244438897729,0.9930472460886354
157.22,0.3779960544823792,-0.01951237521850522,0.9359917588329909
157.24,0.3457217404349226,-0.028698505419192222,0.8389628301070252
157.26,0.3107955090449422,-0.03580885062393349,0.7091795599337782
157.28,0.27383343952139894,-0.04045456351849368,0.5557871290316377
157.3,0.23559426095405275,-0.04244554238796695,0.38909163019984755
157.32,0.19706325755761503,-0.04179058905407737,0.2197588596572847
157.34,0.159576139801809,-0.038680194304460624,0.058047514364378765
157.36,0.12498225612591843,-0.033453451190654564,-0.08685629458128113
157.38,0.09582411382804515,-0.026551952490240175,-0.20734494861322053
157.4,0.07548652178539539,-0.018465070720285626,-0.29769185799898396
157.42000000000002,0.06827533118750401,-0.00967235052128525,-0.354127299162805
157.44,0.07941225678069402,-0.0005891044152031,-0.37468823450092337
157.46,0.11472377801965343,0.008477798757852149,-0.3588678295046877
157.48,0.1786620827177339,0.01734489302660073,-0.3071354552473627
157.5,0.2674734025136431,0.025876318023359025,-0.22054789520422435
157.52,0.3603135851858755,0.03373712481788117,-0.10099637598998779
157.54,0.4300217770410185,0.040156595071357104,0.04743834141390689
157.56,0.46900506470324554,0.04415819358577367,0.2170173240324201
157.58,0.4862418462650652,0.04505032971774953,0.3965357560079297
157.6,0.4906889688651916,0.04261071210676302,0.5729598902202985
157.62,0.4869295510044244,0.0370160336226728,0.7332017912217669
157.64000000000001,0.47692456586489373,0.028736528690468537,0.8654992219835118
157.66,0.46158648209575454,0.018449725790400433,0.9604118071438567
157.68,0.4414701266687452,0.006964170395886251,1.0114961595185494
157.70000000000002,0.41702087450941744,-0.00485436209059637,1.015681852837819
157.72,0.38866082118969797,-0.01615404924924152,0.973356624663174
157.74,0.35682278591445205,-0.026162124624808762,0.8881776353485316
157.76,0.3219704791808142,-0.03423977990403652,0.7666413900048198
157.78,0.28461997850856097,-0.03992329225785384,0.6174605655680336
157.8,0.24537196236003864,-0.042948843183059596,0.4508082996406375
157.82,0.20496419268631721,-0.04325971677215386,0.2774982167007645
157.84,0.16435427687444115,-0.04099580775315419,0.10817122129878105
157.86,0.12483853547336063,-0.03646657437006893,-0.04744205290993096
157.88,0.0881970662488241,-0.030109804642889024,-0.18112122199349825
157.9,0.05682631452463355,-0.022439987681438185,-0.2865688769375675
157.92000000000002,0.033800518704178786,-0.013991666437990054,-0.359604723086395
157.94,0.022844365105521208,-0.005264111425202638,-0.39813368140221794
157.96,0.028316992283791666,0.003327541684701428,-0.40190440524025245
157.98,0.055324306624455984,0.011492895795556436,-0.37208874047148616
158.0,0.10945267901442304,0.019095457543097716,-0.31071861557082153
158.02,0.19347912301815756,0.02614048327619126,-0.22006949303587325
158.04,0.29699391728660285,0.03262262550040094,-0.10232858291564405
158.06,0.3901529859601673,0.038178754218698235,0.03970338646930751
158.08,0.44895895955163395,0.04195776192151792,0.20073170476289753
158.1,0.47649855260340296,0.04309733165109377,0.37182357205637695
158.12,0.48546790234760606,0.04117762420564195,0.5414100250665574
158.14000000000001,0.48395758106215486,0.03624609174105802,0.6972140293982194
158.16,0.47549131268562567,0.02868754846637999,0.8278661524126159
158.18,0.461534159538127,0.019113246152380935,0.924020479952386
158.20000000000002,0.442826494878003,0.008276232374854146,0.9790855269469142
158.22,0.41988588268663474,-0.003002945421974817,0.9896409046234326
158.24,0.3931802115217276,-0.01390569257027191,0.9555668240130085
158.26,0.3631936839270756,-0.0236787229195812,0.8799070190099572
158.28,0.3304644640314819,-0.031687931608343656,0.7684960040095248
158.3,0.2956232711803007,-0.03745937081502017,0.629395599286699
158.32,0.2594483795617511,-0.040704699827711084,0.4721978991872464
158.34,0.2229498779482204,-0.04132956042132046,0.3072602654527329
158.36,0.18749443734608262,-0.03942449648743444,0.14494180171425672
158.38,0.15497414433763806,-0.03523924893133571,-0.005090112997289259
158.4,0.1280036954317477,-0.02914259383574867,-0.1344205881274911
158.42000000000002,0.11010198410083637,-0.021571461778963602,-0.23626436881566507
158.44,0.10578734619643204,-0.012974809562809324,-0.30562685041390725
158.46,0.12044623734078093,-0.0037596711204442154,-0.33924201237839
158.48,0.15944528714024522,0.005748175342469129,-0.33531785961305954
158.5,0.2248271884815621,0.015298164228330767,-0.2931995659493956
158.52,0.3080830585766063,0.02460013771435758,-0.21325057989585838
158.54,0.3872049590896955,0.03309442346848634,-0.09745714911003092
158.56,0.4429054932184696,0.039878399613905866,0.04922525691276401
158.58,0.4738072907288411,0.04403020688066058,0.21804332853691225
158.6,0.48776080354850526,0.044969484623791994,0.3971639188811234
158.62,0.49109229758428896,0.04254167437714538,0.5732938401927905
158.64000000000001,0.48697975919232606,0.03695070884585596,0.7332676002675876
158.66,0.47686448595453423,0.028675747138924894,0.8653119349016989
158.68,0.46149319304649494,0.018396686981720683,0.959995716193713
158.70000000000002,0.4413708926558994,0.006922206529425647,1.0108890372172266
158.72,0.4169284424553221,-0.00488260248604528,1.0149335955199266
158.74,0.3885841950018433,-0.016166923888554872,0.9725257731062082
158.76,0.35677092243450353,-0.026159099415612133,0.8873270912125095
158.78,0.32195414139527107,-0.034221390531365185,0.765834019070894
158.8,0.28465343750819666,-0.039890992531304716,0.61675518676293
158.82,0.24547529055131842,-0.0429047531650854,0.4502564844608646
158.84,0.20516669341684424,-0.04320627888039124,0.2771422823066066
158.86,0.16469956521739407,-0.04093535547040628,0.10804377496923764
158.88,0.1253916592854729,-0.03640081567312897,-0.04731667297906207
158.9,0.08905373068096198,-0.030039224139657088,-0.1807232746570117
158.92000000000002,0.058124073982037186,-0.022363179081517293,-0.28587701006410976
158.94,0.03573280142811749,-0.013904607593762788,-0.35858697942053214
158.96,0.025681022620963355,-0.005159355453687813,-0.3967354582214667
158.98,0.03243466318793795,0.0034618607534660775,-0.4000328479552644
159.0,0.06122337242285355,0.011674206585462275,-0.36959274996690605
159.02,0.11762089647220006,0.019346635245368143,-0.30736581187183726
159.04,0.20371512026560273,0.026482189532586912,-0.2155353387126254
159.06,0.30724003403041716,0.03304673847779743,-0.09625112002222352
159.08,0.3974901448181892,0.03861814578158022,0.04753967179791288
159.1,0.4528637961863025,0.04231153019708604,0.210186600987522
159.12,0.4782699480224997,0.04328850458728284,0.3823868266459971
159.14000000000001,0.4861551294738083,0.041170533534633416,0.5523473280176084
159.16,0.4840306425071664,0.03603662108310291,0.7077155120870032
159.18,0.47512216329241785,0.028293190586018497,0.8371512767536744
159.20000000000002,0.46078375032665525,0.018566858262688245,0.9314111116414585
159.22,0.4417187405137076,0.0076213460052531315,0.9840577841393716
159.24,0.41843231169077916,-0.0037165088640952575,0.9918590681043163
159.26,0.39138738277676055,-0.01462617087287513,0.9548997771330789
159.28,0.3610648410536549,-0.024356593734271258,0.8764275546263529
159.3,0.3279990525930147,-0.03227968026561045,0.7624641496482855
159.32,0.29281537183567297,-0.037930605984101674,0.6212281025504698
159.34,0.2562843077407626,-0.04103243031742847,0.4624268774299577
159.36,0.21940495291944132,-0.04150351958295299,0.2964846284853866
159.38,0.1835288147411116,-0.039447481576192524,0.13377534978589983
159.4,0.1505274279822341,-0.03512652423299419,-0.016070046610541254
159.42000000000002,0.12298778524554632,-0.028920484152713564,-0.14472043341334356
159.44,0.10439234523955956,-0.02127532553542317,-0.24551467927780476
159.46,0.09921941383279562,-0.012646567707036125,-0.31361363040160856
159.48,0.11284926983975818,-0.003444760358476832,-0.34592716823780656
159.5,0.15080976191923873,0.006005684185237463,-0.34084454113312
159.52,0.21574193801783392,0.015465809406778466,-0.29786880343158756
159.54,0.30013203160353497,0.02467527591677514,-0.2174403714656621
159.56,0.38200922568924056,0.03311570546614214,-0.10147259013527737
159.58,0.44042670318138405,0.039902980114449614,0.04528384028147509
159.6,0.47291721594255437,0.04409785368746369,0.2142778105865917
159.62,0.48758211906187027,0.04509385540019011,0.39378138468945145
159.64000000000001,0.4912219060208761,0.04271923924008575,0.5705182117234331
159.66,0.4872651216970877,0.03716903097936836,0.7312888114426401
159.68,0.4772468017162661,0.028918058078435983,0.8642604148911912
159.70000000000002,0.4619438740390157,0.018644509350550467,0.9599306975121231
159.72,0.4418700843735313,0.007157212240444147,1.0117955924380717
159.74,0.417457924867179,-0.004677097081881328,1.0167263241696896
159.76,0.38912455645652816,-0.016004759512525904,0.9750578783462684
159.78,0.3572996780979345,-0.026050403837991704,0.8904036089142453
159.8,0.322443559887575,-0.03417208139669298,0.7692277945228607
159.82,0.2850673288758458,-0.03990268389270967,0.6202240398303569
159.84,0.24576396702250686,-0.042975078057541805,0.45355991773076815
159.86,0.20525911145339515,-0.04332962457989909,0.280056070370294
159.88,0.1644915438875184,-0.04110399702950504,0.11037080976305406
159.9,0.12472937883327165,-0.036606422652609945,-0.0457408281765323
159.92000000000002,0.08771266934259943,-0.030274694995321146,-0.18003153387268012
159.94,0.05578437101880662,-0.02262472192805753,-0.28617977709960307
159.96,0.031949979442273735,-0.014193964898634892,-0.3599898015354687
159.98,0.019843843559559305,-0.005486148747549255,-0.39936579651805015
160.0,0.02369996835107313,0.0030774894282775194,-0.40407673373545827
160.02,0.048470559942736774,0.011198667473427376,-0.37534276696571256
160.04,0.0997158076059125,0.01873245675574264,-0.3152778090147274
160.06,0.1809334846042065,0.025683312724450926,-0.2262627180725397
160.08,0.28394834153839027,0.032075625511725436,-0.11054178053023261
160.1,0.38042194850949684,0.03761760029482656,0.02923602477509188
160.12,0.4436503160747694,0.04150770565205159,0.1882004239499417
160.14000000000001,0.4740839978025767,0.04285904236192048,0.3578910275045241
160.16,0.484543502380112,0.04119869667529141,0.5270351853322361
160.18,0.48386729923605837,0.03653195078850858,0.6834566965755275
160.20000000000002,0.47598999318551005,0.02921476307340232,0.8157465820723612
160.22,0.46253305599273153,0.019838090625301553,0.9144222897095582
160.24,0.4442892842171297,0.009141027050374478,0.9726875483443561
160.26,0.42179342083750776,-0.0020639995117036998,0.9868730837410952
160.28,0.39551961513560996,-0.012960776715875595,0.9565892587631318
160.3,0.36595545949622826,-0.022792916077501835,0.8846115327734618
160.32,0.33364242426950436,-0.030918293193153902,0.7765286335622763
160.34,0.29921559811958,-0.0368509044734004,0.6401970854366833
160.36,0.26345928863607876,-0.040287445191002434,0.48505813405368553
160.38,0.22739164151744073,-0.041116965973201566,0.3213818444890421
160.4,0.1923896584987912,-0.03941312263413014,0.15950742255031033
160.42000000000002,0.16035845341132215,-0.03540974467024897,0.0091483524695808
160.44,0.13392948826500042,-0.02946178734527932,-0.12117457111085639
160.46,0.11664303701819506,-0.021995319083796188,-0.2245205799484123
160.48,0.11303661457572733,-0.01345201990915444,-0.29570309165077835
160.5,0.1284722890697367,-0.00423594873197804,-0.33124326597893194
160.52,0.1681169528953979,0.0053238662880212735,-0.32913579631262085
160.54,0.233421930524826,0.014962461824931312,-0.28854562446569015
160.56,0.3150881525615954,0.024358713259191502,-0.20974612438293103
160.58,0.3914031840384227,0.03291616451089066,-0.09477740424010166
160.6,0.4446706008153711,0.03972055451670386,0.05124509534153294
160.62,0.4742774600667173,0.04386795466976874,0.21942722438248533
160.64000000000001,0.4877165853253796,0.04479905989213027,0.39788123487760585
160.66,0.4908729572433663,0.042370584007110225,0.573324676401294
160.68,0.4867098551049109,0.03679023765266514,0.7326313925063302
160.70000000000002,0.4765917522508771,0.028537255727581586,0.864074221882181
160.72,0.46124156869645705,0.018289852693483342,0.9582645191034702
160.74,0.44115797053159056,0.006854110862890315,1.008806111840366
160.76,0.41677129533948765,-0.00490793359977973,1.0126630063561513
160.78,0.38850198635904987,-0.016148644251611145,0.9702413193160924
160.8,0.35678705600722443,-0.026099370776169993,0.8851998370541064
160.82,0.32209905745018513,-0.034124941472879824,0.7640210591587077
160.84,0.28496885534752325,-0.03976443675053982,0.6153906669909855
160.86,0.24602083890099533,-0.042755696423781755,0.449445781665899
160.88,0.20603014917343387,-0.04304223775712205,0.27696013843493206
160.9,0.16601209126173833,-0.04076249864860596,0.1085371123850952
160.92000000000002,0.12734916700007592,-0.036222526385889686,-0.04612054524667589
160.94,0.09194466702881952,-0.02985448199808527,-0.1788023419303894
160.96,0.06236359925712493,-0.022164773714948544,-0.2831934176273642
160.98,0.04190639649214954,-0.013677187582659824,-0.3550584323482242
161.0,0.03460747066450079,-0.004877203057987464,-0.39219833757843203
161.02,0.045249603733838246,0.003837580804986045,-0.3941954444615541
161.04,0.07937994252981233,0.012198198511372948,-0.3619769015324796
161.06,0.14230098001185998,0.02008648962085987,-0.29724524830661386
161.08,0.23351581698122742,0.0274882116921126,-0.20192955738870333
161.1,0.33531401056530574,0.034267025375200454,-0.0781472029791717
161.12,0.41635248894035376,0.039832351952752816,0.07060819764974788
161.14000000000001,0.46251203247183964,0.04323612748501159,0.2376182264750573
161.16,0.4825470887107152,0.04372725217205517,0.41259001412388596
161.18,0.4877048431926564,0.04104151556655255,0.5831813910688746
161.20000000000002,0.4839771212749667,0.035341284214080775,0.7368896205624078
161.22,0.47387150916906856,0.027090288678595625,0.8625016787038416
161.24,0.45848254014516415,0.016955966584211262,0.9510953351711788
161.26,0.4384277487329922,0.005729882130874196,0.99669149196212
161.28,0.4141832587036313,-0.005745669928529017,0.9966026284185682
161.3,0.38619956469752725,-0.01664695413495193,0.9514954851482275
161.32,0.35494825579936035,-0.026231382395555104,0.865188801733302
161.34,0.32095224064700334,-0.03388967221963297,0.7442203272248387
161.36,0.2848202104161238,-0.03918421599563519,0.5972317940536135
161.38,0.2472980752146478,-0.041871251211816736,0.43423219579590827
161.4,0.20934928908524575,-0.041905572851087654,0.2658070789339144
161.42000000000002,0.1722747495739035,-0.03942772364774214,0.10234420735071875
161.44,0.13787484797987049,-0.03473481135425607,-0.046656195346112726
161.46,0.10863631066658462,-0.028237428491182538,-0.17312560939492036
161.48,0.0879009716396817,-0.020406676923844656,-0.2707776695481518
161.5,0.07996691615464256,-0.01171678563331563,-0.335235875439105
161.52,0.09007538043331559,-0.002589710839931805,-0.3639335078119349
161.54,0.12401877124294464,0.006650127473112432,-0.3558086220866463
161.56,0.18603453115598267,0.01579043999429284,-0.310867828720137
161.58,0.2721242837795188,0.024655156819135722,-0.22984405751527442
161.6,0.3620264325891888,0.03286844520415117,-0.11447361446557622
161.62,0.42995432191356264,0.039640732763239886,0.031192150847846066
161.64000000000001,0.4685761222421388,0.04399573577463396,0.19941447690498867
161.66,0.486146725181962,0.04523520798804443,0.3789824107185124
161.68,0.4911113635008974,0.043118123881874276,0.5568031198629418
161.70000000000002,0.4878760009595847,0.037799102021800236,0.7196450865331081
161.72,0.4783578854975396,0.029729277526240425,0.8555187679514847
161.74,0.46346066640361727,0.01957281103059691,0.9546909953935612
161.76,0.4437369460904054,0.008131663533228594,1.010385503393944
161.78,0.41962987144706887,-0.0037280102686037164,1.01918662767878
161.8,0.39155775890617966,-0.015147478169684021,0.981151679656656
161.82,0.35994729942607734,-0.025341466685980075,0.8996466112086948
161.84,0.3252525456047787,-0.0336543952699058,0.7809357764421839
161.86,0.2879743082276013,-0.03960312216327421,0.6335726583422001
161.88,0.2486889133099548,-0.0429035494427842,0.4676512081787641
161.9,0.20809529459787843,-0.04347966006088793,0.29398563549502316
161.92000000000002,0.16709026449057413,-0.04145481208255235,0.1232896816773758
161.94,0.1268787193799247,-0.03712632423497765,-0.034575323285762224
161.96,0.0891117145258103,-0.03092560175368827,-0.17122086251592739
161.98,0.05601726019271539,-0.023367435336286928,-0.28016901285327095
162.0,0.030463219318330997,-0.014993704042933934,-0.35707422472733724
162.02,0.015919259271719985,-0.006317891586856561,-0.39971936115202855
162.04,0.016401587704145116,0.002223973638212895,-0.4078012378875721
162.06,0.03657554164973039,0.010313922784029095,-0.38253688222630483
162.08,0.08185413158653003,0.01778422406285631,-0.32612354244305
162.1,0.1567688133044327,0.024626218606701607,-0.24110532748467747
162.12,0.2572014237551608,0.03090286674302284,-0.1298583249704847
162.14000000000001,0.35901553743722964,0.03645195276880445,0.0051748557715373174
162.16,0.4314144681544117,0.04059206098791609,0.15989102795104654
162.18,0.4684856527983794,0.04240811579384056,0.32679447532109424
162.20000000000002,0.4824709986073613,0.041317205120951175,0.49525676823124853
162.22,0.4837385967907275,0.03722966962855273,0.6533198600691198
162.24,0.4771892754495053,0.030436273207044864,0.7894751602720458
162.26,0.4648287987628479,0.02148306315790569,0.8939231256379282
162.28,0.4475801751836803,0.0110790094891219,0.9594013859265846
162.3,0.4260195997355636,1.965754710625458e-05,0.981680761775049
162.32,0.4006339974831699,-0.010882877351215679,0.9597699029575787
162.34,0.3719146964491911,-0.02086423705067978,0.8958506438571636
162.36,0.34040398492045354,-0.029263648325015858,0.7949719059689365
162.38,0.30673640345783787,-0.0355678487862312,0.6645430136515355
162.4,0.27169394218747267,-0.039440275560399314,0.5136799866670163
162.42000000000002,0.2362889504981486,-0.040733672172592154,0.3524678114088418
162.44,0.2018864752316981,-0.03948540410267509,0.19120682666297173
162.46,0.1703708263278494,-0.03589597607558512,0.03971181830515892
162.48,0.14434295009561474,-0.030292577734172217,-0.09327215653611595
162.5,0.12730421383784782,-0.02308108321515638,-0.20048359204124072
162.52,0.12373949173121786,-0.014691877530795774,-0.2763518483403135
162.54,0.13890503139955163,-0.005527567527025431,-0.31698820125312305
162.56,0.1777083020371712,0.0040729412634436775,-0.31999360794565523
162.58,0.2411433670706216,0.013821101552893516,-0.28420551831891017
162.6,0.3197615141897236,0.023360835726025448,-0.2096898719187013
162.62,0.39292967952394864,0.03206840846642679,-0.098413015464689
162.64000000000001,0.44434373965895013,0.039030646588429266,0.04452894610557941
162.66,0.47340975124461254,0.04335839879907433,0.21030302666120387
162.68,0.48695023679053023,0.04449602136228358,0.38712415743936024
162.70000000000002,0.4904203857308337,0.04229047266696556,0.5617983002690248
162.72,0.4866269411566261,0.03693361810287414,0.721234202781351
162.74,0.47689143878429396,0.028887963816920464,0.8536732540123596
162.76,0.4619276134311007,0.018816740223131657,0.9496313198385468
162.78,0.44223367454791396,0.007514207930964352,1.0025627713584793
162.8,0.41824217460196034,-0.004165423593673624,1.0092426565492967
162.82,0.3903776650517629,-0.015377926324918502,0.969865584706088
162.84,0.35908389155099774,-0.025353579306346782,0.8878741961453799
162.86,0.324844246882131,-0.03345192801764194,0.7695476900119074
162.88,0.2882068456764311,-0.03920309911039329,0.62339713915283
162.9,0.24982320514393802,-0.04233304734556139,0.45942700385370766
162.92000000000002,0.21051053589717386,-0.042771316898944665,0.28833036217902724
162.94,0.17134817587406956,-0.040641125928392266,0.12068858654057518
162.96,0.1338137283371789,-0.03623279048102757,-0.033755455361976563
162.98,0.09994793533985485,-0.02996276630599608,-0.16668814380200245
163.0,0.07251043711919251,-0.02232203988216587,-0.2716292080726667
163.02,0.055076110094616215,-0.013819126434565909,-0.34411663796896697
163.04,0.0520640517105021,-0.0049237189389788995,-0.3816629165538379
163.06,0.06873974545262614,0.0039838234130930095,-0.3834960475831407
163.08,0.11091784440948957,0.01265156065689129,-0.3501185465286728
163.1,0.18259917884624216,0.020961971553460315,-0.28276272281263265
163.12,0.27785315058605436,0.02883054310956355,-0.18300072754366556
163.14000000000001,0.3721596148447048,0.035917628735235976,-0.05313538594317608
163.16,0.438471991844117,0.04141355887135611,0.10222615056490648
163.18,0.47316417759476825,0.0443656599072068,0.2747625738653584
163.20000000000002,0.4871360726411165,0.04417684339959743,0.4529411775592945
163.22,0.4892061551432896,0.0407299716511913,0.623816446205247
163.24,0.4835579113795789,0.034288472852298024,0.7747762370292394
163.26,0.4719422491759045,0.02538619739938446,0.8948350670339247
163.28,0.45519209450465287,0.014740826948241074,0.9755369241852243
163.3,0.43383895692956764,0.0031775203061138093,1.0115362566596595
163.32,0.40832805817476875,-0.008444140969382966,1.000880861965582
163.34,0.37909369262937237,-0.019299273475040343,0.9450095105335415
163.36,0.34659176725918195,-0.028659350060136052,0.8484866778391091
163.38,0.3113233869787701,-0.035942489257998374,0.71851215309731
163.4,0.2738640744592254,-0.04074913804067938,0.5642577899430473
163.42000000000002,0.23490911085589536,-0.0428809886878428,0.3960945372661234
163.44,0.19534578915791342,-0.04234218196954946,0.22477911827107774
163.46,0.15636236086924388,-0.03932306445655527,0.06067107775372906
163.48,0.1195949175670124,-0.0341679773280544,-0.08695256271195849
163.5,0.08729211316933648,-0.02732986874664233,-0.2104262794148666
163.52,0.06245108060403693,-0.01931604301901727,-0.30402404141704775
163.54,0.0488812516290963,-0.010630760986383242,-0.3640619507305834
163.56,0.051217798448286146,-0.0017206162620009475,-0.38877503851295775
163.58,0.07491514035518118,0.007072783534036641,-0.3779888614329045
163.6,0.12569240799945594,0.015545854121218266,-0.3326261120598886
163.62,0.20594986808106103,0.023619559580514524,-0.2541546454643951
163.64000000000001,0.3048891910273626,0.031187213956455326,-0.14432785728526734
163.66,0.3939402426649985,0.03779217320202796,-0.005916389285741584
163.68,0.450932198445692,0.04253345577546659,0.1555232469187393
163.70000000000002,0.4785817998705736,0.04452321066692983,0.33066057229333157
163.72,0.4884106880301852,0.04330738445192959,0.507413746708449
163.74,0.4878791790061152,0.03889455771592435,0.6728417723633914
163.76,0.4802924930467208,0.03163951308826733,0.8147699310452423
163.78,0.46704700526695236,0.02213927679731623,0.9229572306290518
163.8,0.4488557629495343,0.01115035110786091,0.9898954905150845
163.82,0.42621507701415784,-0.0004864356463763855,1.0112957007239942
163.84,0.3995649130586142,-0.011917904093829907,0.9862802393097446
163.86,0.369347144746903,-0.02234554933183984,0.917295987307027
163.88,0.33603429906124666,-0.03108385606903674,0.8097754382789194
163.9,0.30015491044210135,-0.03760615875213638,0.6715883174858952
163.92000000000002,0.2623283488381967,-0.041575125620192235,0.5123397176080854
163.94,0.2233198376058816,-0.04285607670756951,0.3425802352085918
163.96,0.18412673445715821,-0.041512560040301814,0.1729983291073043
163.98,0.14610425196958787,-0.037784816790242176,0.013665006677886372
164.0,0.11112617899599266,-0.03205299762653567,-0.12660401468617088
164.02,0.08175130341715414,-0.02478838047128724,-0.24071367514484512
164.04,0.061345307279371736,-0.01649739084385755,-0.323543568338071
164.06,0.05413047828247179,-0.007664364832412452,-0.37197346405035964
164.08,0.06519361735290935,0.0013013059740951756,-0.38468697991267653
164.1,0.1003169986726773,0.010108427006225341,-0.36178085127518506
164.12,0.1643800973773461,0.018602253736412704,-0.3042415345276567
164.14000000000001,0.25487875092202905,0.02669917112074024,-0.21348513918222228
164.16,0.3517340843136292,0.03414204823694948,-0.0914968520540726
164.18,0.42575215906244473,0.04022080162898261,0.057846657390218575
164.20000000000002,0.46716876961758413,0.04396187124719785,0.22713836475915902
164.22,0.48521994512426025,0.04465273892099245,0.4054517739939408
164.24,0.48976895927823205,0.0420613334957615,0.5799657010621284
164.26,0.4858935275118147,0.036365088536120804,0.7377896725418529
164.28,0.4757361687911277,0.02803717860135179,0.8673684660516682
164.3,0.4602674494987591,0.017755895220047443,0.9594769507472233
164.32,0.44006153268528264,0.006327007920246798,1.007883117586161
164.34,0.41557310874459596,-0.005390029419369956,1.0097095985775186
164.36,0.3872329317789939,-0.01655266334719256,0.9655057463783661
164.38,0.3554857289307833,-0.026399435525480013,0.879048844684404
164.4,0.32081347635906765,-0.03430380592249045,0.7569079912396275
164.42000000000002,0.28376099895785745,-0.039814118903760354,0.6078193912163685
164.44,0.24497445927787104,-0.0426772418987259,0.4419338127081582
164.46,0.20526313438233018,-0.04284460638542492,0.27000446500762854
164.48,0.16569489133765938,-0.040460605828913795,0.10258618508310757
164.5,0.12773017892609523,-0.03583450960474351,-0.05068541090314806
164.52,0.09338181249919095,-0.02939831650143723,-0.18167327392996202
164.54,0.06536006263163277,-0.021654435129030324,-0.2841277743764694
164.56,0.04715157983484363,-0.013118602765940917,-0.35385474048149584
164.58,0.043031505068390104,-0.004264139626277573,-0.38865589165468806
164.6,0.05808210722129167,0.004527622449962729,-0.38805740159745755
164.62,0.0980520459022397,0.013006740636389026,-0.352858582535079
164.64000000000001,0.1675315771800322,0.021067028531792834,-0.2845658700890541
164.66,0.2625851847786857,0.028663986807842594,-0.1849313022182386
164.68,0.36048260270977905,0.035540251314521445,-0.05618965328795669
164.70000000000002,0.43189775919102025,0.040956806361748525,0.09745618525625933
164.72,0.4700335749829944,0.043954140483261774,0.2682221649923075
164.74,0.48565104526279607,0.043887416624307174,0.44498086388459496
164.76,0.48848721008661083,0.04060015430931637,0.6150099861250237
164.78,0.48328747085573664,0.034330590645228976,0.7657935057887912
164.8,0.4720234549408759,0.025594993655836194,0.8863583772585062
164.82,0.45560274752064456,0.015097448558751517,0.9681992930000733
164.84,0.4345821175379175,0.0036525978274618513,1.0058732401649788
164.86,0.4094175719062421,-0.00788732547770482,0.9972947410630829
164.88,0.3805515253323602,-0.01870137136239414,0.943746658155033
164.9,0.3484500123157778,-0.028061416944198808,0.8496288793160738
164.92000000000002,0.3136293092434862,-0.03538255129787398,0.7219819238090459
164.94,0.27668853212566874,-0.040259053583801975,0.5698368971835964
164.96,0.23835963698852589,-0.0424837547821534,0.40345422438285705
164.98,0.19958619898291002,-0.04204976167961601,0.23352007272438446
165.0,0.16164097723099305,-0.03913472751544358,0.07037104693668164
165.02,0.1262832427551001,-0.03406906886621785,-0.07668541403773783
165.04,0.09593551445614251,-0.02729086079595963,-0.19989570887939925
165.06,0.0738344099687781,-0.019291670065869355,-0.29338452017859584
165.08,0.06411371877454448,-0.010558967369935966,-0.3532537221650139
165.1,0.07181732232589844,-0.0015211347484114027,-0.37745419877774866
165.12,0.10271873267826424,0.007498846387024425,-0.3654526468779222
165.14000000000001,0.16190075876249194,0.016306581977457216,-0.31775082192601617
165.16,0.24801925935621796,0.024784825302340045,-0.23543399081273525
165.18,0.3434054152064188,0.032675788439735835,-0.12023380959917544
165.20000000000002,0.41944891855138966,0.039299188735841616,0.024298312387062027
165.22,0.4638498455492414,0.043678765993422054,0.19115640463074784
165.24,0.4842044272057424,0.04504649504587536,0.36969013001809237
165.26,0.49037528591277824,0.04310135514972404,0.5470924188171344
165.28,0.48774705047206357,0.037962498610025056,0.7102290296830147
165.3,0.47863648770645767,0.03005966113900712,0.8470973855409912
165.32,0.4640822504824372,0.020042536665173572,0.9478809568591484
165.34,0.44467996060666315,0.008703103516758801,1.0056715816225132
165.36,0.4208872835180152,-0.003098507929898811,1.0168897328095796
165.38,0.39312917242066386,-0.014505697874044146,0.9814125621984997
165.4,0.36183788202982975,-0.024731559015890633,0.9024249372009674
165.42000000000002,0.32747482963571406,-0.033115435577789405,0.7860236895344077
165.44,0.29055210773451806,-0.03916619645813259,0.6406211141304724
165.46,0.2516637603966606,-0.04258951988371687,0.4762066450754344
165.48,0.2115364007597696,-0.04329768733198687,0.3035340815896198
165.5,0.17110941370112956,-0.041401625565853264,0.13330525869648047
165.52,0.13165169471484264,-0.03718614419766454,-0.024580326303094292
165.54,0.09490793162740602,-0.031070541222437686,-0.1616466323181029
165.56,0.06324011883500726,-0.023558144009502117,-0.2712810369996165
165.58,0.03970748506178797,-0.01517993227105269,-0.3489586606564977
165.6,0.02805925623231853,-0.006438484265600602,-0.39223972435435955
165.62,0.03272204122602305,0.0022423610981614083,-0.400552760605449
165.64000000000001,0.058884584663986064,0.010559691199937363,-0.3747923962510786
165.66,0.11218013732415834,0.018361677488100032,-0.31676922740795393
165.68,0.19536473246902536,0.025635657615761694,-0.22860391742497643
165.70000000000002,0.29804389845338036,0.032356682453896606,-0.11240467560659606
165.72,0.3906227056940394,0.038144814234903714,0.029031871356303827
165.74,0.44929852996335534,0.042138789392917826,0.1903613105554191
165.76,0.4769932466787859,0.043468102984730174,0.3625667631115246
165.78,0.4861989530434545,0.04170299979121045,0.533958921933857
165.8,0.484917802057009,0.036881491128760054,0.6921006447186847
165.82,0.4766460519731001,0.029381903883301377,0.8254299722988998
165.84,0.46283987973890467,0.01981299592647148,0.9243903358519576
165.86,0.44423503045413837,0.008929477971424453,0.9821779750541957
165.88,0.4213442274209018,-0.0024426099587602362,0.9951747086041699
165.9,0.39462837023713543,-0.013476012205579202,0.963091527604032
165.92000000000002,0.3645609214167341,-0.02340651458676196,0.8888424559777255
165.94,0.3316634295530994,-0.03158787875098639,0.7781787936402347
165.96,0.296540913769998,-0.037533964566671345,0.6391281869503826
165.98,0.25993206506296496,-0.040945344556288586,0.48129549927058163
166.0,0.2227867836403599,-0.04171880491518728,0.31509110960536924
166.02,0.1863825695224332,-0.039939303269843185,0.15095634872732838
166.04,0.15248487877888783,-0.035855158236603374,-0.0013448936260576846
166.06,0.12353899846508587,-0.029838550465782057,-0.13330501160116234
166.08,0.10285444342465479,-0.02233492877508389,-0.2380698685265233
166.1,0.09472336869873646,-0.013806540659261256,-0.3106198609744396
166.12,0.10438806136400514,-0.004676771981094822,-0.3477242367416696
166.14000000000001,0.13752565513078058,0.0047151223598153255,-0.34768925691773356
166.16,0.1979100323791711,0.014126035535944095,-0.3099795958258115
166.18,0.28084261199214966,0.023329360979256468,-0.2349486656485836
166.20000000000002,0.3664820963845212,0.03189071016508936,-0.12418063267278973
166.22,0.43113593740710904,0.03899123875665966,0.0182372003669378
166.24,0.46844732156971836,0.043662719307747344,0.18449605179038417
166.26,0.48592094232156685,0.04521496255526769,0.36335927043481564
166.28,0.4912288939129992,0.04339814544900705,0.5417064396265655
166.3,0.48844476886263455,0.03834908815517793,0.7062217121085645
166.32,0.47938311214279994,0.03050062907854948,0.8447570033259479
166.34,0.46492045639451546,0.020502300212643362,0.9473538837636746
166.36,0.4456026602085611,0.009146847410617848,1.0069627901492713
166.38,0.42187084739563807,-0.002702756048382821,1.0198698858018198
166.4,0.3941420723810168,-0.01418497033686813,0.9858336671345685
166.42000000000002,0.3628415570601236,-0.024506270767178918,0.9079436431586869
166.44,0.32842131008273484,-0.03299832876989935,0.7922300958873073
166.46,0.2913790747397408,-0.03916200670641785,0.6470703794649859
166.48,0.25228628012655663,-0.04269540536443357,0.4824504117625189
166.5,0.21183379832222968,-0.043504423516204344,0.30914864880596016
166.52,0.17090535755243813,-0.041695543346198356,0.13791347903560353
166.54,0.1306859187914048,-0.03755176843134653,-0.02129632212243307
166.56,0.09279958159428767,-0.031493852079121816,-0.15994454522797927
166.58,0.05944451986004598,-0.024030320361775104,-0.2713715782022874
166.6,0.03346575670648365,-0.015701383292829562,-0.3510343435400229
166.62,0.01832848584863734,-0.007023074401618903,-0.3965201551538842
166.64000000000001,0.018064967309184162,0.0015626394468672413,-0.40734757526476617
166.66,0.03736399389116053,0.009729397003342036,-0.3845843288022948
166.68,0.08166040666305643,0.017299415780871828,-0.33031550940220683
166.70000000000002,0.15556794463216408,0.02425357518603167,-0.2470147673860282
166.72,0.25530483585075336,0.03064771443193601,-0.137024796835456
166.74,0.35724145118316186,0.03632149774712178,-0.002766473410357978
166.76,0.4304034601203267,0.04059914380014136,0.15169871006723762
166.78,0.4681989341014061,0.04255974688647975,0.3189196074930871
166.8,0.4826571433558301,0.041605155026403585,0.48826642196505743
166.82,0.4842342773065603,0.03763151019260143,0.6477184794745323
166.84,0.477912158722438,0.030919742686971983,0.7856563409798886
166.86,0.4657309423146951,0.02201018311690345,0.8921387014691261
166.88,0.4486244641652123,0.011609736140941022,0.9597459868795776
166.9,0.42717056280699495,0.0005151952841383823,0.9840902928869005
166.92000000000002,0.401853770199018,-0.010457159912481546,0.964032524483171
166.94,0.37316016042433253,-0.02053643699909497,0.9016283766098718
166.96,0.34162345816936923,-0.02905365227804696,0.8018303733143518
166.98,0.30786491180903586,-0.03548646011790544,0.6719863097906658
167.0,0.27264614496596473,-0.03948920425343848,0.5211873218414291
167.02,0.23694873829093102,-0.0409063951798371,0.3595284509480312
167.04,0.2020924951823887,-0.03976885389763938,0.19734990954394238
167.06,0.1698981953994836,-0.03627295966138153,0.04452791723477742
167.08,0.14288364009378812,-0.030744752889588476,-0.09012033943118858
167.1,0.12445251671157101,-0.023592202728381122,-0.19926309258213137
167.12,0.11899803360567479,-0.015250811010710769,-0.2772740549723595
167.14000000000001,0.13175818538004802,-0.006130112416735062,-0.32023362052052845
167.16,0.1678996746720223,0.003425966233530931,-0.3257377237460715
167.18,0.22936379501346044,0.01313519710527202,-0.292620610949215
167.20000000000002,0.30832324244369136,0.022673143842608018,-0.22087288928729648
167.22,0.3845495926707224,0.03146688690972711,-0.11221098731185136
167.24,0.43965262873745703,0.038626336257580225,0.028684576602832405
167.26,0.4712920598940768,0.04323312337640792,0.19338045840835738
167.28,0.48629929656284454,0.04468210412591146,0.3703202060876257
167.3,0.49064896150892134,0.04277815759481847,0.5463508517247414
167.32,0.4874773984819996,0.03768265621228333,0.7082776702842285
167.34,0.4782441539975804,0.029836732312403462,0.8441356140345587
167.36,0.4637115952918839,0.019889850601036967,0.9441641002473007
167.38,0.4443930128197066,0.00862965007842588,1.0015003612584317
167.4,0.42072380918975266,-0.0030894261108260065,1.0125896566897206
167.42000000000002,0.39312606735855216,-0.014416614521799896,0.9773105927056122
167.44,0.3620374056998367,-0.02457029266358972,0.8988270554704818
167.46,0.3279309145782711,-0.03289402818945977,0.7831957294867007
167.48,0.29133826646852695,-0.03889945119996369,0.6387746744619965
167.5,0.2528848645305108,-0.04229321971427662,0.4754915122266393
167.52,0.21334667989917522,-0.042986552531274085,0.3040383150965875
167.54,0.1737392607930679,-0.041087037224771666,0.13506391781340393
167.56,0.1354455084176836,-0.03687362930707414,-0.021566878511910498
167.58,0.10037392302481156,-0.030757002107239008,-0.15738385853865258
167.6,0.07111224877159036,-0.023228828815438942,-0.26573975324740906
167.62,0.05102399405006531,-0.014805130516052213,-0.3420219157047356
167.64000000000001,0.04427204254954153,-0.005969770950257004,-0.3836356630086079
167.66,0.05583216833984313,0.002876667816194946,-0.38977095625723845
167.68,0.09140889261299781,0.011458656056437849,-0.36098167463773817
167.70000000000002,0.15604673961656537,0.019644857873812663,-0.2986342228373623
167.72,0.24783954604072578,0.027387572547414397,-0.20440798047159264
167.74,0.347072245727384,0.03447870773428317,-0.08037867175933672
167.76,0.4234466134050544,0.04024755586958444,0.06967462753383735
167.78,0.46606572349917136,0.043728674596793624,0.2385376649893257
167.8,0.4843935972795303,0.04420523575795336,0.41547462665266943
167.82,0.4888389570248883,0.04144692300042249,0.5878479807714543
167.84,0.4847634512419562,0.03563727285616463,0.7429686400404102
167.86,0.4744113040985909,0.027254563812005063,0.8695065332668274
167.88,0.4587857657858703,0.01697855142180215,0.9584752905458613
167.9,0.4384730099858888,0.005612135074534676,1.0038788849778626
167.92000000000002,0.41393535471278636,-0.005992185614841579,1.0030560999048
167.94,0.3856124455767441,-0.017002153445711828,0.9567376335807146
167.96,0.3539621129171908,-0.026668913327241882,0.8688359359896005
167.98,0.31948667331033054,-0.03437962460868753,0.7460022428737255
168.0,0.2827629111306941,-0.039696128717005945,0.5970000650188358
168.02,0.2444872602996392,-0.04237727124027757,0.4319560896755592
168.04,0.20554737029260126,-0.04238365814143767,0.2615567209489331
168.06,0.167130613911319,-0.03986483531679995,0.09626094509019151
168.08,0.1308730012776946,-0.03513008850306635,-0.05440215793217986
168.1,0.09903281582673287,-0.028605358367279708,-0.18239026431371208
168.12,0.07464704491929745,-0.02078026279294648,-0.28151093530052534
168.14000000000001,0.061624451056257676,-0.012150681257806797,-0.347561958798498
168.16,0.06477216703818657,-0.0031629225518160216,-0.3782432548150866
168.18,0.08971701468730363,0.005834948764909163,-0.3728578530648261
168.20000000000002,0.14203534003176,0.014624529031967523,-0.33184685092219146
168.22,0.22296233914735106,0.023092701590613062,-0.2562884295341681
168.24,0.319507128824836,0.031059853475098213,-0.14775512175721708
168.26,0.40321407836890333,0.0379729254226478,-0.009193806098789753
168.28,0.4555045758889881,0.04288871382861168,0.15336015355876229
168.3,0.48075044083792334,0.04494768685132503,0.33008476547576615
168.32,0.48964636077239865,0.04373417235909589,0.5085581155449842
168.34,0.4887641551885444,0.039279212648856754,0.675621437658386
168.36,0.4810030330645519,0.031949972958693194,0.8189489031018807
168.38,0.46761630271634186,0.022352747612521033,0.9281901902990599
168.4,0.44927002721077625,0.011252896074700841,0.9957636419965026
168.42000000000002,0.4264430930887943,-0.0004998711462359464,1.0173422952901212
168.44,0.3995651273252595,-0.012043842169515763,0.992045585905699
168.46,0.3690668150435332,-0.022572920950731844,0.9223499046056173
168.48,0.33540455562932336,-0.03139553508376349,0.813744738418559
168.5,0.29908186815588134,-0.037981011345005485,0.6741770911936381
168.52,0.26067879359500057,-0.04199047699478871,0.5133405547092306
168.54,0.2208989508457106,-0.04329050940534523,0.3418748914376367
168.56,0.18064463337395448,-0.041948993895745426,0.17054662715942254
168.58,0.1411282806312677,-0.03821386413870692,0.00948087111103392
168.6,0.10401733917813458,-0.032476613392540654,-0.13249052613922643
168.62,0.07158462301532088,-0.025223817294893727,-0.24830955113894468
168.64000000000001,0.046810489622291826,-0.01698147037327121,-0.33296246172161614
168.66,0.033400132176135175,-0.008258212064097431,-0.3835232317946215
168.68,0.03577217199438205,0.0005068321808053913,-0.39897755231367243
168.70000000000002,0.05911758993985025,0.008988383253975855,-0.37985321946098255
168.72,0.10912928695467912,0.017007653601995687,-0.32769374815533764
168.74,0.18908070892333823,0.024526946935696313,-0.2444603858657329
168.76,0.29021101399134774,0.031515902186551766,-0.13217058104815502
168.78,0.38430516497066813,0.03762200107207537,0.006516106089704949
168.8,0.4459071265217082,0.04200416523855519,0.16650935395166655
168.82,0.47586952772179114,0.04376229919580834,0.3390290900843678
168.84,0.48647952745937817,0.0424143415191094,0.512444457615316
168.86,0.4861334402477099,0.037953898619170146,0.6741783222010613
168.88,0.47857623315064696,0.030728193109510683,0.8123780123342607
168.9,0.4653618461081734,0.021326514767815725,0.917095662141695
168.92000000000002,0.44725696386740665,0.010494558601999125,0.9810795071865288
168.94,0.4247803209405551,-0.0009409007051266694,1.000247040093465
168.96,0.3983884083361494,-0.012143032382016365,0.9738659224225155
168.98,0.3685434695246722,-0.02233059206006514,0.9044606050305203
169.0,0.3357482885012551,-0.030834718638605336,0.7974728112808581
169.02,0.30057827648612273,-0.037143288106316036,0.6607186145989107
169.04,0.26372587320914515,-0.04092998297950591,0.5036978927597687
169.06,0.22606943647641728,-0.04206632165147973,0.33682119440170666
169.08,0.18877834969199833,-0.04061607313465691,0.17062372466033082
169.1,0.1534613836848846,-0.036812682225486955,0.015036062931356134
169.12,0.12235022722822654,-0.03102159922818407,-0.12122376921370015
169.14000000000001,0.09848471496675379,-0.023690864551978382,-0.2310826866147168
169.16,0.08584770215830417,-0.01529487997238334,-0.3093317405382853
169.18,0.0893978727426255,-0.006277556003434111,-0.3526169441194088
169.20000000000002,0.11484035243675024,0.0029976540022251617,-0.3592134627840954
169.22,0.16726024348363216,0.012275777291275465,-0.32863576369142583
169.24,0.2461309582166503,0.02137166180013747,-0.2612460346922868
169.26,0.33654596356151034,0.0299862801700536,-0.15828561982184988
169.28,0.4122119542283653,0.037449239345328365,-0.02287508594739065
169.3,0.45906812510688666,0.042790121642650614,0.1384706246668706
169.32,0.4821598161680958,0.04518727587552276,0.31549985950476334
169.34,0.49059984593191885,0.044252111322816416,0.4955067210683888
169.36,0.48985278387620346,0.04001814939369544,0.6651039710681186
169.38,0.48237667518983535,0.03284503447905143,0.8117224588698408
169.4,0.46928197524125587,0.02333183276278118,0.924736873071747
169.42000000000002,0.45119096116829677,0.012241037386142514,0.9962696745698475
169.44,0.42856709152119404,0.0004249319924335875,1.0216973471145625
169.46,0.4018308653903938,-0.011246967151470427,0.9998637270834392
169.48,0.37140291672136766,-0.021956381024131565,0.9330099397909435
169.5,0.33772511621625007,-0.030996413707745328,0.8264456798056388
169.52,0.3012784352169498,-0.037819405097942106,0.6880032991928007
169.54,0.26260723452918555,-0.042069437767603905,0.527330347569629
169.56,0.22235853981682788,-0.043597630845477055,0.35508609773192207
169.58,0.1813459555689652,-0.042459611243403604,0.18211254563394588
169.6,0.14064689180870057,-0.038895778687292486,0.018650342214199724
169.62,0.10173258688738543,-0.03329617893196932,-0.126334741737345
169.64000000000001,0.0666069708676428,-0.026153102305684763,-0.2456590127020145
169.66,0.03789976199824312,-0.018006070337244807,-0.3342213921625219
169.68,0.018860626241027054,-0.009385343578177599,-0.38907874123761654
169.70000000000002,0.013288215584774474,-0.0007601922181951863,-0.40930292411372954
169.72,0.02555906333186709,0.007504542211287041,-0.3956470930607895
169.74,0.06081435511655577,0.015183815218223439,-0.35005461224941625
169.76,0.12437669905924696,0.022214174149117874,-0.27504827079707106
169.78,0.21687748224950731,0.02865690509558851,-0.17312231127206387
169.8,0.32233961284665547,0.034485934319168875,-0.04658907616181943
169.82,0.4083675946422219,0.039225826219391184,0.1013360888738815
169.84,0.4577907685826463,0.041979617523895715,0.2645606180240727
169.86,0.47894598207055994,0.041994530746969905,0.43349726189480553
169.88,0.4841728359695168,0.0390025351594301,0.5964882907877309
169.9,0.4802136539176608,0.0331681522212925,0.7417146987376038
169.92000000000002,0.4698851026626414,0.024953636719239964,0.8586514731219742
169.94,0.4543927005621408,0.015015578089242459,0.9390407152659863
169.96,0.4343990403681851,0.004124324580818489,0.9775033344817019
169.98,0.41041012085407014,-0.006907897565323602,0.9718484881777169
170.0,0.38291070486613754,-0.017293537338764542,0.9231060509297637
170.02,0.35242185868165615,-0.02632897793565257,0.8353064190288669
170.04,0.31954186550430047,-0.033443135939850245,0.7150434614650034
170.06,0.28499513833226087,-0.03823228987330155,0.5708697035120812
170.08,0.24970412296459515,-0.04047890399250826,0.41258363671751175
170.1,0.2148968395862705,-0.04015330958221335,0.2504758318980781
170.12,0.1822582725839035,-0.037398282771598776,0.09460275043723784
170.14000000000001,0.15412008528075363,-0.032497832420528,-0.045845506751959315
170.16,0.13365609321041064,-0.02583300779764421,-0.16302542167454168
170.18,0.12501217971242753,-0.017829370265840017,-0.25072494605446216
170.20000000000002,0.13322591084813348,-0.008903131678666527,-0.30443276348023923
170.22,0.16351870381381683,0.0005824499802523182,-0.3212073760296432
170.24,0.21876037392158984,0.01032545705690055,-0.2994299968118274
170.26,0.2936795303483938,0.020008232327808968,-0.2386748980583702
170.28,0.37057581340620327,0.029110835896023066,-0.14012119778634002
170.3,0.4297359298479835,0.03679534690369876,-0.00767362852578584
170.32,0.4655274958156947,0.04212288723273064,0.15108608022188103
170.34,0.48354277816634617,0.04440768487288581,0.32523377834913053
170.36,0.4900355275425986,0.04336331939760852,0.5018922217163333
170.38,0.48856059447754274,0.03907109235910512,0.6677967908694532
170.4,0.48080119110917807,0.031907054595249444,0.810621920736883
170.42000000000002,0.46761069332152067,0.0224714486910179,0.9200175605168475
170.44,0.4495352053056204,0.011519702852963996,0.9883682263977962
170.46,0.42702062076296027,-0.00010811730712418239,1.011273148577571
170.48,0.4004910585944324,-0.011557944025690353,0.9877430035031497
170.5,0.370382647126812,-0.02202851045777886,0.9201202900953928
170.52,0.337164927306991,-0.030829872965786882,0.8137476109238071
170.54,0.30136376336779325,-0.037429679914386,0.6764251871786953
170.56,0.26359500644642436,-0.0414841706915306,0.5177130201263558
170.58,0.22461851556928888,-0.042852057443558286,0.3481428794306307
170.6,0.18542328543520867,-0.04159066821180825,0.1784102378751341
170.62,0.14735196088795077,-0.037934940952035305,0.018616328804262713
170.64000000000001,0.11226086679968254,-0.03226108819896504,-0.12237429062276216
170.66,0.08268713601720871,-0.025038133921585576,-0.23740525733646978
170.68,0.06197295250054146,-0.016772074638568776,-0.32128948240114125
170.70000000000002,0.05431756747885025,-0.007948585247591353,-0.3708419221740871
170.72,0.06478607084935296,0.0010200546528201476,-0.3846899292386369
170.74,0.09915178403376297,0.009838616583887409,-0.3628880123780512
170.76,0.16237098152439272,0.01834834523652697,-0.3063971594138658
170.78,0.2522815747793879,0.026465256558813023,-0.21661856158244286
170.8,0.34932980481109793,0.033940741140945946,-0.09550725748736104
170.82,0.42419574481992195,0.0400769670823563,0.05313663332491293
170.84,0.4664083844291981,0.04390023453722587,0.22201084252072326
170.86,0.4849486542972749,0.044685850682246016,0.40026536733308965
170.88,0.48978788383793137,0.04218866694291555,0.5751022112679398
170.9,0.48611399143899564,0.03657620505316163,0.7336078894545943
170.92000000000002,0.4761198225548331,0.02831459999728319,0.8641705016943408
170.94,0.46079395486346764,0.01807745602683433,0.9574848883813163
170.96,0.44071626443879713,0.00666803499505867,1.007224648105927
170.98,0.4163428919524217,-0.005054610353378457,1.0104122322643545
171.0,0.3881044557771678,-0.01624635823291372,0.9674992112188456
171.02,0.3564447266370774,-0.02614246424574955,0.8821748987878215
171.04,0.3218439696811575,-0.034111748072825125,0.7609364130698627
171.06,0.284844248533822,-0.039697009990820924,0.6124685095810675
171.08,0.24608729618537414,-0.04263917363258662,0.44689365576922746
171.1,0.20637531394490102,-0.04288384940685819,0.27496046353240017
171.12,0.1667651487383112,-0.04057023867182323,0.10724136126057375
171.14000000000001,0.12870098178078798,-0.036003503213065585,-0.046591704527295316
171.16,0.09417353907289341,-0.02961298480313495,-0.17835172283757816
171.18,0.0658661170623921,-0.021900116438615273,-0.28173178727676834
171.20000000000002,0.04723547150498066,-0.013381398614977435,-0.35248003557838076
171.22,0.04252435854695672,-0.004532545847013679,-0.3883468689967139
171.24,0.05677975205049573,0.004261301371598589,-0.3888196380622953
171.26,0.0957352238227515,0.012745436154559652,-0.3546762357508015
171.28,0.16411536226759532,0.020809756835691442,-0.28742011873373063
171.3,0.25854125834138264,0.028412458659076864,-0.1888055608799427
171.32,0.35700675976126944,0.0353124968459847,-0.0610323407647931
171.34,0.4297893294519115,0.0407896245802003,0.09181014530065822
171.36,0.4690483500482519,0.04388226572574008,0.2620890665952271
171.38,0.485304793099435,0.04392787893850928,0.43878241033820464
171.4,0.488503369261878,0.040752898579761276,0.6092002793005652
171.42000000000002,0.4835507180758164,0.03458330227031016,0.760800424247225
171.44,0.472486746681944,0.02592686457437253,0.8825424939845238
171.46,0.4562426506512494,0.015482072106557776,0.965825854115181
171.48,0.43538260869052964,0.004060589241874426,1.0050950533189207
171.5,0.4103646192418061,-0.007485813250933788,0.9981453323022285
171.52,0.3816311928319574,-0.01833429940131616,0.9461431959439096
171.54,0.34964759908028975,-0.027752812240333005,0.8533839378594219
171.56,0.31492865511682855,-0.035150890170199914,0.7268226156731925
171.58,0.27807108270314074,-0.040116178653391614,0.5754294328182279
171.6,0.23980295074302987,-0.042434387368636625,0.40943162634225455
171.62,0.20106159468433937,-0.04209162807445416,0.23951061142225086
171.64000000000001,0.16311015978885593,-0.03925927398022387,0.07602497818085313
171.66,0.12769422303964068,-0.0342626952810734,-0.07167304009963178
171.68,0.09721900218924741,-0.027536552592937167,-0.19576801922906376
171.70000000000002,0.07490248372800534,-0.019570853725169878,-0.290312831829671
171.72,0.06486157895004603,-0.010853378493462785,-0.3513350735535378
171.74,0.07212658377696891,-0.001814506635555599,-0.37671604893424177
171.76,0.10246482269996288,0.007219428644101491,-0.36586371899126124
171.78,0.16099650086232462,0.016050062484702768,-0.3192361417997908
171.8,0.24657057974830074,0.024557722371994512,-0.2378887864435036
171.82,0.34188044163210113,0.032487535420498946,-0.12352363662575622
171.84,0.4183568618481715,0.039166129470234304,0.020359628292112852
171.86,0.46327309708975467,0.04361797591596865,0.18682531475247194
171.88,0.48398589556521215,0.04506717188016474,0.3652774373921216
171.9,0.4903868028140459,0.04320293736617699,0.5429259013789283
171.92000000000002,0.48792511493965335,0.03813640119653078,0.7066174559576643
171.94,0.4789513224441823,0.030291337358846326,0.8443026107516863
171.96,0.46451691588246624,0.02031335441471086,0.9460978694754053
171.98,0.4452217221165767,0.008992161271301173,1.0050154003329566
172.0,0.42152445425448476,-0.0028125953827043675,1.0173905183738583
172.02,0.3938498655702001,-0.014243114227491693,0.9830167033173284
172.04,0.3626293110477616,-0.024509804926154156,0.9050030048985581
172.06,0.3283226277531245,-0.032948149248023716,0.7893836432719531
172.08,0.2914393692740948,-0.039062353346388856,0.6445254885437306
172.1,0.25256951524691035,-0.042553060461789666,0.48039209313250086
172.12,0.21243317212775592,-0.04332759218732657,0.3077315135980579
172.14000000000001,0.1719594899774987,-0.04149242863856168,0.13725879698805848
172.16,0.132401936664856,-0.03732884738808317,-0.021097265359034965
172.18,0.0954835151753926,-0.0312538631250241,-0.1588196112168843
172.20000000000002,0.06353841533249491,-0.0237699977137283,-0.2692483650257769
172.22,0.03959320732635266,-0.015408989991597951,-0.34781129802375516
172.24,0.027359528939272865,-0.006675685803274959,-0.3920273726838244
172.26,0.031217218936426858,0.002002427813399811,-0.4012957384447533
172.28,0.05630087040170991,0.01031757318913224,-0.3764987477146085
172.3,0.10824891218869488,0.01811259459999906,-0.3194556285534034
172.32,0.1901512819513919,0.025372819531876555,-0.23231257153799648
172.34,0.29258913241576,0.03208463644294405,-0.11718874983865751
172.36,0.3865743954201568,0.03789697628435778,0.023191872222675027
172.38,0.44711960464622513,0.04196730934531771,0.18366580997428492
172.4,0.47604774945978356,0.043412526499445346,0.35540805967191613
172.42000000000002,0.48590677366999196,0.04177883342692593,0.5268391749411988
172.44,0.4850055822024426,0.03708515628461791,0.6855435687539613
172.46,0.47700794144541625,0.029696729885661712,0.8199171437827358
172.48,0.46343351149118,0.020213330074534082,0.9203175242528935
172.5,0.4450390528082606,0.009383908173218592,0.9798258046434297
172.52,0.4223437936308635,-0.0019682706693771495,0.9946916279634563
172.54,0.3958104266662259,-0.013015859743193688,0.9644884918397658
172.56,0.3659126261044202,-0.022991908445135996,0.8919986808009951
172.58,0.333171492291847,-0.031245174225986827,0.7828573884852753
172.6,0.2981910782788742,-0.03728276776319926,0.6449998566259851
172.62,0.2617083535046444,-0.04079739724431813,0.48796799385200706
172.64000000000001,0.22467022121253977,-0.0416775579081524,0.3221417688813844
172.66,0.18834920644450093,-0.04000018523104479,0.15796495581618447
172.68,0.15450325201768694,-0.03600649360063543,0.005234343326046401
172.70000000000002,0.12556784355069994,-0.030063023796335693,-0.12748391685772686
172.72,0.10484206385966882,-0.02261143393362521,-0.23325818543591786
172.74,0.09660913069713788,-0.014112210255855106,-0.30698022718246887
172.76,0.10610233845252322,-0.004989005936964404,-0.3453276897275031
172.78,0.13897963861693408,0.00441667567135238,-0.34652026919586504
172.8,0.1989772510642932,0.013857472320297793,-0.30994907823387163
172.82,0.28139169458969754,0.023100933621770358,-0.2359145384570485
172.84,0.36653781085900067,0.03170767729830447,-0.12597074052198132
172.86,0.4309422742211685,0.03885786379307022,0.01581264663918667
172.88,0.4682383603463503,0.04358422011097177,0.18164603856152162
172.9,0.48579505782299265,0.045195215744171305,0.3603120046709901
172.92000000000002,0.49120650085050693,0.043437291245767715,0.5386986644617803
172.94,0.48852381296753167,0.03844283192241219,0.7034818672921876
172.96,0.4795578097901866,0.030640607978318076,0.842487989073285
172.98,0.46518510607414293,0.0206769306942296,0.9457183768057611
173.0,0.4459519605316002,0.009342405028501134,1.0060724673043093
173.02,0.4222997286639772,-0.0025009517084693894,1.0197792125235645
173.04,0.39464558043425696,-0.013991365512107647,0.9865384678338126
173.06,0.36341483275538766,-0.024333972689082148,0.9093842900350809
173.08,0.32905964221820877,-0.032858165124306477,0.7942988123449849
173.1,0.292078005751753,-0.03906181172517562,0.64962186996121
173.12,0.25304174843982274,-0.04263957428135736,0.48531482074969057
173.14000000000001,0.21264230598048647,-0.04349375435162856,0.31214572963204185
173.16,0.17176417596838195,-0.041727361782665305,0.14086682429387481
173.18,0.1315934388297103,-0.03762030892272095,-0.01854607487230353
173.20000000000002,0.0937561606131534,-0.031590845894568655,-0.1575284663279131
173.22,0.06045462866031943,-0.0241457171016129,-0.2693838467277193
173.24,0.03454270473221648,-0.015824105726470375,-0.3495266386538499
173.26,0.019502929797611975,-0.007141683982192759,-0.39549893111829915
173.28,0.01939699387812482,0.0014594876852250657,-0.4067736127267921
173.3,0.03895417238392494,0.009652769445445176,-0.3843735637535988
173.32,0.0836398135503623,0.017260012496033487,-0.33034027298415064
173.34,0.15800137752316806,0.024260795431742085,-0.2471065232480079
173.36,0.25792779395218346,0.030705382476041557,-0.13698626794544702
173.38,0.35938098996000156,0.036419746771572954,-0.0024099431396325255
173.4,0.43168353520475206,0.040714014550625136,0.15249052171782018
173.42000000000002,0.46885274952854894,0.04266653484123264,0.3201617678749015
173.44,0.48299846673731317,0.041687229309510986,0.4898904494768032
173.46,0.484423727272057,0.03767965993880812,0.6496050635454451
173.48,0.4780079504972895,0.030929866798921957,0.787660151699535
173.5,0.4657495757789766,0.021981995970094717,0.8941059256512532
173.52,0.4485678512671205,0.011546079167795577,0.9615281133467458
173.54,0.4270354064110691,0.0004214708047900092,0.985555492186392
173.56,0.40163429163531994,-0.010573616004042318,0.9650746683126643
173.58,0.3728484816774383,-0.02066707103974794,0.9021733667025675
173.6,0.34120900074052285,-0.029189466288086503,0.8018394771901218
173.62,0.30733313625120084,-0.03561879488475676,0.6714563667232384
173.64000000000001,0.27197659778794314,-0.03961048376155349,0.5201478786547991
173.66,0.23611225658881269,-0.04101079178786195,0.3580360668350288
173.68,0.2010474417855059,-0.0398528449280704,0.19548000954811864
173.70000000000002,0.1685857836615476,-0.036335757033449365,0.042364668631601286
173.72,0.14122284076826197,-0.030788593396120476,-0.09249559467693409
173.74,0.12233604543366798,-0.023622480257687952,-0.20178425997782293
173.76,0.11629420851939282,-0.015275990937422186,-0.2799028376820676
173.78,0.1283351832858519,-0.0061612036922132985,-0.32297097299370814
173.8,0.16371957900499423,0.0033771443808083825,-0.32863119406265706
173.82,0.2247145799702716,0.013060811607979818,-0.2957594230369202
173.84,0.30403907980822764,0.022578610072724457,-0.2243546342529719
173.86,0.3815633825208914,0.03137744475533274,-0.1160718957835809
173.88,0.4380983566046296,0.03857653744344638,0.024534377660770428
173.9,0.47066972035541793,0.043247764823726845,0.18915446367228614
173.92000000000002,0.48615649729397864,0.04476970472745239,0.3662982760068656
173.94,0.49075725780511215,0.04293463975670542,0.5428200165816255
173.96,0.48774183278841565,0.03789590507780554,0.7054913116420061
173.98,0.4786234065224115,0.03008969488378512,0.8422879362203557
174.0,0.464182549465367,0.02016276311949616,0.9433750074445629
174.02,0.4449379698610169,0.008901920431234934,1.0018084520934127
174.04,0.4213259751032894,-0.0028375282043805955,1.013952353775624
174.06,0.39376759760811675,-0.014202484675516512,0.9796106197823418
174.08,0.3626979995852379,-0.02440781150229155,0.9018842473364842
174.1,0.328586148245178,-0.03279274669768334,0.7867828534625854
174.12,0.29195712351841496,-0.0388641948072672,0.6426356866113226
174.14000000000001,0.25342586607522155,-0.042324139605978243,0.4793605082381483
174.16,0.21375185826859583,-0.043079629605660266,0.3076573689692899
174.18,0.1739251434186426,-0.04123502451544156,0.1381980200566551
174.20000000000002,0.13529053845807415,-0.037067399938178175,-0.019119477952006386
174.22,0.09970252878797616,-0.03098724453635139,-0.15578741868368556
174.24,0.06967656739984401,-0.023487994598344244,-0.26512413464290446
174.26,0.048483249384623915,-0.015089511326463023,-0.34249376381582886
174.28,0.040166283435041646,-0.006281610225276407,-0.3852979877614906
174.3,0.04955374725292265,0.0025270821105740473,-0.39275115544668476
174.32,0.08224154858572098,0.011051512323472503,-0.3654671674791445
174.34,0.1435731680653865,0.019153729975978532,-0.3049075542180356
174.36,0.23323419544601778,0.026798658012467377,-0.21284311968400196
174.38,0.334089272393329,0.03383525267281463,-0.09130714789875542
174.4,0.4152221479037761,0.03966940019221188,0.05625525210511931
174.42000000000002,0.4620283406787445,0.04334808800325195,0.2231634717809752
174.44,0.48270680564106755,0.044103194366738326,0.39911835312755106
174.46,0.4883792417355634,0.041648938937420256,0.5716906638905298
174.48,0.4850666731109895,0.036129350735116895,0.7282093069485018
174.5,0.4753052910087475,0.027995410559712577,0.8572304317805433
174.52,0.4602012647476603,0.017907802110757876,0.9495619424051974
174.54,0.4403742705315384,0.0066572647672227415,0.9989397927432965
174.56,0.41629759723902066,-0.004909199636857119,1.0023994699027354
174.58,0.3884150902957117,-0.01595836769400397,0.9603594202285305
174.6,0.3571872142014366,-0.025734458131160695,0.8764358571342283
174.62,0.32311927981932076,-0.033612618191165844,0.7570220059172522
174.64000000000001,0.28679238215351066,-0.039138783922447844,0.6106796428944713
174.66,0.248909292495031,-0.042053414129185535,0.4474028000309917
174.68,0.21036677420452293,-0.042297758177056645,0.2778212201543744
174.70000000000002,0.17236520006159153,-0.04000252105476966,0.11241410072943668
174.72,0.13655968779811703,-0.035459996147033226,-0.03919719516669637
174.74,0.10523859845068864,-0.02908203098199804,-0.1688156006853661
174.76,0.08148926148566873,-0.02134768291482969,-0.27004449887014753
174.78,0.0693033521724543,-0.012745911497384063,-0.3384425932615071
174.8,0.07360397644307806,-0.0037194005432720297,-0.3714497794990166
174.82,0.10010194825952166,0.005384207225456003,-0.36810078229001697
174.84,0.1541562601244836,0.014341115663672792,-0.32857653042009777
174.86,0.235913669309531,0.023016627330176516,-0.2537437500981713
174.88,0.33061553502115654,0.031177702397667675,-0.14511018549184415
174.9,0.41017657040868466,0.03820313448501248,-0.0058176482692070125
174.92000000000002,0.4588743551706915,0.04312848616762392,0.15770701774138568
174.94,0.4822177396682333,0.045125344059005555,0.3352835877120188
174.96,0.4902743943665941,0.043814349390722825,0.5142797659311658
174.98,0.4889849646213808,0.03924982036762918,0.681445944381463
175.0,0.48096260389899814,0.031813172834974875,0.8244384766218884
175.02,0.4673598096969981,0.022120539046207567,0.9329364058310333
175.04,0.44880997332021627,0.010944479507036616,0.9994212465100064
175.06,0.4257809101418782,-0.0008603560219096625,1.019653466053339
175.08,0.39869720089791894,-0.012429596623893603,0.9928551460341698
175.1,0.36798532242949916,-0.022956789136759696,0.9216113464364639
175.12,0.33409612644237047,-0.03175221317636266,0.8115171803049035
175.14000000000001,0.2975246483109971,-0.03828903264923541,0.6706138043694592
175.16,0.25883759443254056,-0.04223386508118439,0.5086701839550737
175.18,0.21871768940150793,-0.04346003406287305,0.33637684426069764
175.20000000000002,0.17803494616436158,-0.04204301769810792,0.16452226323594693
175.22,0.13795305894669488,-0.03823882300472753,0.003222060806627368
175.24,0.10006803141090712,-0.03244722386046642,-0.13873418102769153
175.26,0.06655097619578798,-0.025163141784940692,-0.2543639920388856
175.28,0.040239304872134125,-0.016921016641473136,-0.3387627070277507
175.3,0.02463440402948867,-0.00823834411525327,-0.3891478126919118
175.32,0.02386211288460544,0.0004357412356603798,-0.4046859184162896
175.34,0.04274430989549413,0.0087638732776616,-0.38612972990350314
175.36,0.0868201164777332,0.016554689045356997,-0.33529868752833036
175.38,0.1606234724467685,0.023772208752274454,-0.25446091327651627
175.4,0.25991811425250255,0.03044799614985873,-0.14583395645164246
175.42000000000002,0.3606552926228063,0.03638733126481265,-0.011831959807478422
175.44,0.4324656868650879,0.040884414080173695,0.14335353931668293
175.46,0.4695129668571841,0.04300955899968402,0.312062638225914
175.48,0.4837490109756038,0.04216684236710003,0.48344964510552374
175.5,0.48532533043295,0.038253749226447885,0.6452866153724381
175.52,0.47905298383165096,0.03155175772890773,0.7857496886299263
175.54,0.466905316147796,0.02260347552316867,0.8946981620190353
175.56,0.4497916252137692,0.012120896467235256,0.9645276693917084
175.58,0.42827839623358627,0.0009086565187216645,0.9906915176112601
175.6,0.4028409479260527,-0.010206997441399903,0.9719277088156878
175.62,0.3739536438464355,-0.02044397729892573,0.910211686036335
175.64000000000001,0.3421329069221195,-0.029121887088821335,0.8104612828221895
175.66,0.3079736162602033,-0.03570778620992002,0.6800339592587012
175.68,0.2721971799908334,-0.039847232960236637,0.5280695955043823
175.70000000000002,0.23572457587434859,-0.0413786685251408,0.3647419713112336
175.72,0.19978650448989488,-0.04033035002422056,0.20048754411080896
175.74,0.16607793248926317,-0.03690023444712826,0.04528093171495598
175.76,0.1369492843641622,-0.03142049581807394,-0.0919776144826736
175.78,0.11560015508564705,-0.024309845136702295,-0.20390707875829922
175.8,0.1062133096557881,-0.016018528528804424,-0.2848832673194789
175.82,0.11392477627184369,-0.006972702299314199,-0.3310525593296552
175.84,0.14429362216421637,0.0024717739948783503,-0.3401375352058508
175.86,0.2010589997205001,0.012043695887266764,-0.31110992327716586
175.88,0.2800872239766709,0.021485493624928437,-0.24395316582487403
175.9,0.3631256841897511,0.030348952916344266,-0.13997848787773337
175.92000000000002,0.42746627298971873,0.0378261963156336,-0.0030014620506457687
175.94,0.4657949735235479,0.04295274021425414,0.15948389832478743
175.96,0.4844953165241901,0.045012478844808815,0.33651138657938984
175.98,0.49089254204210264,0.04371316116972868,0.5150877412917437
176.0,0.4890624289335165,0.03914823589257296,0.6818491949933139
176.02,0.4808652850156503,0.03171284510951472,0.8244363622638582
176.04,0.4672045820883635,0.022027116712387253,0.9325447012181906
176.06,0.4486378743050579,0.010864138794690215,0.9986800423783054
176.08,0.42561079065040525,-0.000922258843871409,1.0186262027341473
176.1,0.3985420672174622,-0.012469132883264953,0.9916239693386345
176.12,0.3678577918774825,-0.022971733437552377,0.9202707626794853
176.14000000000001,0.33401098773637433,-0.03174210162403534,0.810167062113695
176.16,0.29750106411772287,-0.03825503814188409,0.6693525361176097
176.18,0.25890200601203567,-0.042178504986455465,0.5075886453300092
176.20000000000002,0.21890817601057883,-0.043386721140147744,0.3355538798277599
176.22,0.17840778108755792,-0.04195546232066326,0.1640222478601212
176.24,0.13859211254302853,-0.03814029198270321,0.003095144548953474
176.26,0.10109727545956758,-0.03233966270917936,-0.13844858672829916
176.28,0.06814984206610082,-0.025046177878645718,-0.2536299706860812
176.3,0.0426612746315859,-0.016790870987119552,-0.3375364148007767
176.32,0.02823262469706437,-0.008086649129980698,-0.38736152965402754
176.34,0.029128775875183848,0.0006233249682025099,-0.40222702442441305
176.36,0.050351142764786194,0.009009339450243162,-0.3828135200210569
176.38,0.0975359682845305,0.016888649909994505,-0.33083508147968343
176.4,0.1746668004224472,0.02422808964034678,-0.2484272800929757
176.42000000000002,0.2753026047379896,0.03103367920948111,-0.13771006011694858
176.44,0.3730196783410964,0.03703486195106178,-0.0012032475514124723
176.46,0.4396208420891634,0.04145359808095379,0.1564660189999414
176.48,0.4728898115938495,0.04337091149647515,0.3270700818502904
176.5,0.48515267694634523,0.042249847474907426,0.49935957437291423
176.52,0.48567682014925934,0.038039572613336924,0.6609337450443504
176.54,0.47870451832529765,0.031057095072584626,0.7999689132554004
176.56,0.4659814740928231,0.021869977063809158,0.9064438358956679
176.58,0.4483392982248271,0.011207866709578582,0.9729582630243786
176.6,0.426318878267235,-0.00011340560251899478,0.9952272359248797
176.62,0.4003861973923222,-0.01126276932930673,0.9722825136778243
176.64000000000001,0.37101057238545626,-0.021459526377559657,0.9064000625020293
176.66,0.3387034733224229,-0.03003039726777373,0.8027810015804641
176.68,0.30405305988733783,-0.03645443547699258,0.6690275170524517
176.70000000000002,0.2677710127960512,-0.04039292084617062,0.5144683601308047
176.72,0.23076442357400875,-0.041702391888209484,0.3493980717324106
176.74,0.19424469889513535,-0.040430141467552486,0.18429912355484707
176.76,0.15988054210744343,-0.036792697182956455,0.02911648521906715
176.78,0.12998685069014593,-0.031139085223785307,-0.10735046659596023
176.8,0.10771551480762237,-0.023902151451134154,-0.2178838471340133
176.82,0.0971909886691645,-0.015542855770691822,-0.2970724853393505
176.84,0.1035106735897518,-0.006494003344506821,-0.3413107861284175
176.86,0.13234496897171205,0.0028876500925676322,-0.3485854206829961
176.88,0.18802804735751644,0.012341306488894681,-0.3181160850522462
176.9,0.2677659351742337,0.021642481052445404,-0.2500513662478189
176.92000000000002,0.3541479058268399,0.030400850434126145,-0.14568084384289148
176.94,0.4227118904323164,0.03785248167031588,-0.008575563389266341
176.96,0.4639086259467825,0.043023079111077486,0.15408593935886739
176.98,0.48397560805222734,0.045158734795548106,0.3315419003187001
177.0,0.4909549045666202,0.0439375168741875,0.5108621005950107
177.02,0.4893980934677325,0.039436778697375365,0.6786556598528741
177.04,0.48135918875418054,0.03204371515860951,0.8224897329907002
177.06,0.4678065993123621,0.02237492423205118,0.9319641490100836
177.08,0.44931747916437004,0.011202854037321757,0.9994810675029415
177.1,0.42634224087428074,-0.0006170510977827458,1.0207227373224423
177.12,0.3992990810670539,-0.012218403693919645,0.9948386328945887
177.14000000000001,0.368610700817305,-0.02279162017401582,0.9243515745778219
177.16,0.3347239586255058,-0.03164302076026449,0.8148087281929738
177.18,0.29812822107239767,-0.038241351890875644,0.6742201896030734
177.20000000000002,0.25938140780901503,-0.04224876805029364,0.512341765416107
177.22,0.2191523642930732,-0.04353450981925928,0.33986805593357666
177.24,0.17828936942104923,-0.04217077060201348,0.16760648605783174
177.26,0.1379230598460068,-0.03841146522186933,0.005702501957618962
177.28,0.09960152864854073,-0.03265581721547663,-0.1370190971549866
177.3,0.06543054352187426,-0.02540001078154553,-0.2535419755575869
177.32,0.038162820858668796,-0.01718171793075178,-0.33893656069833605
177.34,0.021190088050914,-0.008523693738002294,-0.3904124014672051
177.36,0.018487945958451348,0.00011754190052083464,-0.4071533972662784
177.38,0.03467584748674679,0.008394855887631881,-0.3899637645156307
177.4,0.07513734591925807,0.016105219521874135,-0.3407579133083104
177.42000000000002,0.144850760118699,0.023205245075650537,-0.26194118724321824
177.44,0.24185135589017664,0.029746839623103205,-0.15585423129123324
177.46,0.3452838644478347,0.03561496182670876,-0.02483881196159334
177.48,0.4231623804545808,0.04019705629399715,0.12736782227655918
177.5,0.4650435999137258,0.042565820042457486,0.2937716701759107
177.52,0.48188378989912867,0.04205801964292295,0.46403519898108236
177.54,0.4848324244842981,0.03850634544027028,0.6261594445812364
177.56,0.47944611032409024,0.032147222916126775,0.7683306934307337
177.58,0.4680098014526855,0.023491943701925526,0.8802678278689775
177.6,0.4515407142794408,0.013230497753555039,0.9541202412776565
177.62,0.430640643080831,0.002153538297151844,0.9850231754556977
177.64000000000001,0.4057970114478725,-0.008918851384598924,0.9713563064478887
177.66,0.377489621307631,-0.01920314280773463,0.9147274307502724
177.68,0.34623922236184473,-0.02801049367553378,0.8197067831329201
177.70000000000002,0.31264601478459286,-0.03479354978705501,0.6933503596471502
177.72,0.27743871928624975,-0.039178902662599054,0.5445638596969306
177.74,0.24154817041618235,-0.040983146547351926,0.3833690963623475
177.76,0.20621777000893243,-0.04021160627869054,0.22014072237991245
177.78,0.17315832458361732,-0.03703999532344932,0.06488247540213968
177.8,0.14474005396429263,-0.031780545704593544,-0.07339140594214834
177.82,0.12418748728291373,-0.024835651819649224,-0.18711301863998395
177.84,0.11570909792859377,-0.01664385085389087,-0.27041495029847773
177.86,0.12443227092124154,-0.007625087487954007,-0.31916416372667455
177.88,0.15574457006359443,0.0018636197485803587,-0.33079271504799335
177.9,0.21278043302992689,0.011537417624509064,-0.304008938747826
177.92000000000002,0.29033323406093087,0.021104451873252314,-0.2386264719784411
177.94,0.3699106225494601,0.030066411778433822,-0.1359624740542957
177.96,0.43063000162030635,0.03758635201292394,-1.1893267002592578e-05
177.98,0.466767290144836,0.04271481735729755,0.16152622026078844
178.0,0.4845356837066807,0.0447657872246765,0.3375839746180864
178.02,0.4906085407168893,0.04346603539298837,0.5151681863187549
178.04,0.4886844619771577,0.03891614087678547,0.6809656620164806
178.06,0.4804789922750744,0.03151202099540396,0.8226818233483162
178.08,0.4668491392934425,0.021871601893592166,0.9300733553801178
178.1,0.44833934978705065,0.010764294599566978,0.9956952312591526
178.12,0.42539303148418905,-0.0009604734793954243,1.0153640576871723
178.14000000000001,0.39843103303467237,-0.012444373761560353,0.9883352233050666
178.16,0.36788455744635257,-0.022887049016112816,0.9172025986118265
178.18,0.33421532187103964,-0.031604322381195885,0.8075466415271226
178.20000000000002,0.29793673134497783,-0.03807382349454032,0.6673736710899275
178.22,0.2596450237261632,-0.04196509553750583,0.5064028875779053
178.24,0.2200696352448121,-0.043152436890036644,0.33526712005297105
178.26,0.18015317919471469,-0.04170997012551081,0.16469778787303
178.28,0.14116902802725506,-0.03788964447554055,0.004764154478471831
178.3,0.10487228365901803,-0.032084100900804935,-0.1357682960980922
178.32,0.07365459214493174,-0.024777702271687914,-0.2499059177612164
178.34,0.050649931781628195,-0.016490591916412778,-0.3326832628044903
178.36,0.039761192869897426,-0.007721826906862439,-0.38119174839241143
178.38,0.04566501536843091,0.001102848568455207,-0.3943886093625
178.4,0.07382942278085129,0.009675079703911772,-0.37271226006116864
178.42000000000002,0.12984885023992992,0.01783257347173669,-0.31754714194848704
178.44,0.21517392275752967,0.025533899889250904,-0.23065860489816092
178.46,0.3163575850466641,0.0326774345559512,-0.11400040645303214
178.48,0.40307402476121174,0.0387645152842858,0.029375469864751053
178.5,0.45588472466743035,0.042872014501399755,0.19347081017734052
178.52,0.4803048506750757,0.044163460312445335,0.3685737560200818
178.54,0.48805702385926514,0.042265467212835695,0.5425055570594022
178.56,0.4860750937368326,0.03725549045869888,0.7025338383155135
178.58,0.47734026567368004,0.029538252271874045,0.8369299077748928
178.6,0.46312094458395414,0.01974338258697047,0.9360633437943299
178.62,0.4440890412879035,0.008643743174544777,0.993134233609102
178.64000000000001,0.4207324986499126,-0.0029190166076327978,1.0045959127996562
178.66,0.39349676498918223,-0.014105223764634037,0.9702871974161057
178.68,0.362838237812225,-0.024142162661741785,0.8932919913315412
178.70000000000002,0.3292539493101633,-0.03237954015121279,0.7795567205000373
178.72,0.29331140044504267,-0.03833187126200755,0.6373109991692071
178.74,0.2556915101163031,-0.04170510009453472,0.4763495695091411
178.76,0.21725616777007134,-0.04240590818577356,0.30724206647835783
178.78,0.1791516418067823,-0.040533363272080285,0.1405409527209774
178.8,0.14295388366612197,-0.036353764924501424,-0.013943046114427392
178.82,0.1108455065611548,-0.030260815146290993,-0.14773459957640955
178.84,0.08578838113199004,-0.022724702026079856,-0.25410447907279293
178.86,0.07164259437926639,-0.014235216115529331,-0.32826273717466503
178.88,0.07320660633251873,-0.005244960518111874,-0.36732248343003715
178.9,0.09611227367630136,0.0038810820658045403,-0.3700469726325684
178.92000000000002,0.1459200006331871,0.01289870502367167,-0.336423553883761
178.94,0.22398750983754268,0.0216631616909011,-0.26719328405609594
178.96,0.31810679740306536,0.029967651904450204,-0.16371442651052756
178.98,0.40097556483596886,0.03725118716574895,-0.02879267625155847
179.0,0.45384387636777307,0.042571834486211844,0.1316738282532615
179.02,0.4800610218427477,0.045054052841896605,0.30797612597609014
179.04,0.48984144584813977,0.044250306936802465,0.4877047579833713
179.06,0.4897080345374213,0.040158256240875316,0.6575791210731464
179.08,0.48259500997969484,0.03311734168797728,0.8050280925467903
179.1,0.4697795152309948,0.023714034496461308,0.9193605580229457
179.12,0.4519368927600669,0.012702568952217021,0.9925920199216275
179.14000000000001,0.42954737836990187,0.0009303922305322941,1.0199659408022554
179.16,0.40303744980310136,-0.010734615738730142,1.000180235393669
179.18,0.3728309543275573,-0.0214727789475862,0.9353297016669453
179.20000000000002,0.3393729761232135,-0.03057306948905967,0.8305888914151136
179.22,0.30314904548225347,-0.0374814169433741,0.6936762748571327
179.24,0.2647105818002825,-0.04183379958652302,0.5341547597809391
179.26,0.2247156065448329,-0.04347219656001841,0.3626336909439395
179.28,0.1839946461738504,-0.04244272814527013,0.1899426473863875
179.3,0.14365071105696567,-0.03897653557548022,0.026347582597789812
179.32,0.10519308812456589,-0.033455153275774134,-0.11912474944722877
179.34,0.07068159603821902,-0.026363434012525493,-0.23919770008419106
179.36,0.0428283552330258,-0.018234628917971202,-0.3286498353985629
179.38,0.025007116341245098,-0.009593668511366147,-0.384394601523812
179.4,0.021205858231918617,-0.0009047690314100201,-0.40533998408966343
179.42000000000002,0.036072162112033596,0.007473098547178021,-0.3920538029967317
179.44,0.07501624623702989,0.015322163850264232,-0.34626762526703425
179.46,0.14311378999467958,0.022583103472968907,-0.27026618857072005
179.48,0.23885559130095532,0.029295832567442368,-0.16632810127166606
179.5,0.3422360609188857,0.0353467253349374,-0.03675698588302907
179.52,0.4212411593922082,0.04013404382430574,0.11477890296630744
179.54,0.46433632563747995,0.04272571791429686,0.2813738958174385
179.56,0.4819909390640845,0.042435744052168343,0.4527186216815578
179.58,0.48546458591549496,0.03907326798028216,0.6167449754930351
179.6,0.48045780713244274,0.032857627380890375,0.7614882544267507
179.62,0.46932162452971293,0.02428950026959444,0.8764612352350334
179.64000000000001,0.45309546150838037,0.01405399122794983,0.9535764015837689
179.66,0.4323859835650471,0.002942100784989154,0.9877231632951378
179.68,0.40767837068932183,-0.008221041590026582,0.9770463610341554
179.70000000000002,0.3794458231819934,-0.01864291597099626,0.9229473244872859
179.72,0.3481979268021719,-0.027622739574080592,0.8298320538598761
179.74,0.3145173736308509,-0.03459945768198006,0.7046440135118421
179.76,0.2791058472831645,-0.039185508296401717,0.5562325261604799
179.78,0.24285288609386294,-0.04118422511766643,0.39461830333566805
179.8,0.20694017415718663,-0.040589873843334234,0.2302239574467217
179.82,0.17298981745443417,-0.03757050175867166,0.07313900465545362
179.84,0.14325200605301627,-0.0324350418741341,-0.06751433262283639
179.86,0.12080225047869594,-0.025587567227788426,-0.1840568042527215
179.88,0.10968838991262052,-0.01747329239717927,-0.2705264890067921
179.9,0.1149267750966194,-0.008522792877319671,-0.3227310849984125
179.92000000000002,0.14205314659931745,0.0008959808705361759,-0.338088506897496
179.94,0.195169852125538,0.010497598083212056,-0.3153214021920173
179.96,0.2714401792736996,0.020022123478558484,-0.25420367654074394
179.98,0.3544021687309183,0.02904760474594894,-0.15579201719491892
180.0,0.42111469111437155,0.036803609772557526,-0.023504991410494544
180.02,0.4621317942712503,0.042324485203608674,0.13564588660278123
180.04,0.4827689002064374,0.04485021100972964,0.3110776599580468
180.06,0.4904791935807068,0.0440343798488376,0.4899745399878521
180.08,0.48964050058627123,0.03992317881435299,0.6589451077272577
180.1,0.48228077673764447,0.03287398871839583,0.8054322558994044
180.12,0.4693715205669359,0.023478641500056498,0.9188015682171313
180.14000000000001,0.45149449376358036,0.012491720461780334,0.9911352486837829
180.16,0.4291029999348188,0.0007586871730764625,1.017739684139739
180.18,0.4026172918152354,-0.010855863228885562,0.9973649412116106
180.20000000000002,0.37246238932871134,-0.021536269600231934,0.9321432096380858
180.22,0.3390886889151847,-0.030575795672546383,0.827269675543638
180.24,0.3029912885501594,-0.03742451484106635,0.690466433600123
180.26,0.26473720779275817,-0.04172199224712364,0.5312844210720111
180.28,0.22500932046600233,-0.043312845272221706,0.36030843448695743
180.3,0.18467706475295223,-0.04224450966953263,0.1883354751244633
180.32,0.14490272910595547,-0.03874776008363403,0.02559690363259256
180.34,0.10728225885020265,-0.033201742219529415,-0.11890971654683992
180.36,0.07399599336575433,-0.02608660116165583,-0.23792282228064382
180.38,0.04791713001686958,-0.017928337911745584,-0.32621221197905226
180.4,0.03263465323095927,-0.009241895248538422,-0.38064816625187975
180.42000000000002,0.03243432751310147,-0.0004783858358514564,-0.40004950765948943
180.44,0.052354386649995574,0.008020061600517029,-0.3848351712873998
180.46,0.0980677738589935,0.016055121429525643,-0.336513958442149
180.48,0.1736797439695475,0.023576803661126074,-0.25708198914007097
180.5,0.2732253589325145,0.03057854008446933,-0.14858131008516542
180.52,0.3709555102596331,0.03678920622096022,-0.013481618771998806
180.54,0.4384233799216751,0.04143472269935385,0.14365343869234218
180.56,0.4725760795693754,0.043585604450475886,0.3146502876183482
180.58,0.4854664519293087,0.04268314892833658,0.4882444676499909
180.6,0.48643784972277343,0.038656093467224054,0.6519329108060161
180.62,0.4798131488923603,0.03180663825695388,0.7937187864658506
180.64000000000001,0.4673734161139664,0.02269332816683605,0.9033601506356882
180.66,0.449961377100085,0.012042281508089985,0.9732110562076544
180.68,0.42811902680730424,0.0006709444850449171,0.9987371584392438
180.70000000000002,0.4023085927338885,-0.010583394036806356,0.9787367244604737
180.72,0.3729917604857248,-0.02093003065100047,0.9152849923370132
180.74,0.34066758991855967,-0.029682957621156247,0.8134282099820067
180.76,0.30590479375634083,-0.03630702340891581,0.6806679962577259
180.78,0.2693848062197249,-0.04044917507048578,0.5262900690974878
180.8,0.2319680927706978,-0.041952864649968516,0.36060122916220305
180.82,0.19479566439585047,-0.04085487252636307,0.1941438332863119
180.84,0.15943385435145702,-0.03736499648314416,0.03695759512068007
180.86,0.12805672377412064,-0.031830312097420134,-0.10204571963136903
180.88,0.10363572452143466,-0.024687145306314655,-0.21553875365924124
180.9,0.09008455207305413,-0.016405495420611822,-0.2980259707594676
180.92000000000002,0.09230135840086379,-0.007432034188335397,-0.3458636879436295
180.94,0.11595097654745026,0.0018607234618177003,-0.35706143001858975
180.96,0.1661788884727285,0.011204443772257827,-0.33091390303850177
180.98,0.24291581800062004,0.020402009935859437,-0.2676171560423178
181.0,0.33231945389054235,0.02915543828184296,-0.16827239556148638
181.02,0.40864192085084594,0.03681090737398134,-0.03582082434667424
181.04,0.4568602131967523,0.04240458577120648,0.12345897410213864
181.06,0.4811009991808092,0.045095255579166944,0.2995245842166434
181.08,0.49035813434482745,0.04446323647525505,0.4797715986280809
181.1,0.49023164769605215,0.0405129684096663,0.6507915068152761
181.12,0.48327681627245933,0.03358051949311188,0.7998882553794205
181.14000000000001,0.4706465464225355,0.02424730935884547,0.9162271146317391
181.16,0.45297857590804996,0.013264368398977985,0.991662815426114
181.18,0.4307411916494526,0.001478903545322425,1.02127100302545
181.20000000000002,0.4043556154851949,-0.010238352563983429,1.0035870505703728
181.22,0.37424133700471723,-0.02106210751414833,0.9405603138230489
181.24,0.340837782705733,-0.03027354677651462,0.8372469389804652
181.26,0.3046219485338564,-0.037309405186669246,0.7012812279230913
181.28,0.2661318234033333,-0.04179592043203489,0.5421800885309224
181.3,0.22600406996914144,-0.043565690009670234,0.37054541338506497
181.32,0.18503552645039364,-0.04265670999485306,0.19723463495057464
181.34,0.14427751265344055,-0.0392941045968189,0.032570113225785305
181.36,0.1051637353481512,-0.03385625260010819,-0.1143464167848974
181.38,0.06965044806383865,-0.026828303433681155,-0.23615744678221648
181.4,0.04031653974543197,-0.018747601646803842,-0.3275693960970275
181.42000000000002,0.020367627721454326,-0.010147049944610503,-0.38544769921934474
181.44,0.013567021893815,-0.0015027351270632124,-0.40869197913491245
181.46,0.024249933241081177,0.006810315384190815,-0.3979174046288641
181.48,0.057506511343745806,0.014554245322053752,-0.3549756327922637
181.5,0.11873360272597212,0.021652022356358533,-0.28235169568830926
181.52,0.20926577750042621,0.028158333358259763,-0.18254678588488238
181.54,0.3147583627735399,0.03406469646761007,-0.057864190585328594
181.56,0.4032038209531783,0.03893605287792116,0.08861534649623254
181.58,0.4552851817061481,0.04188913709601775,0.25106008730752155
181.6,0.47809521742986144,0.04214114901794986,0.42010324436446356
181.62,0.48423571590539494,0.03938573510718126,0.584159478458988
181.64000000000001,0.4808551688638197,0.033759131225324306,0.7313474553784407
181.66,0.4709663160406559,0.025704869539059254,0.8509868190072625
181.68,0.45584519598205814,0.01586792094095616,0.934604211244239
181.70000000000002,0.43617621838152765,0.005013034940756453,0.9765708531412702
181.72,0.4124702157005351,-0.006047621806326425,0.9744350392039194
181.74,0.38521027025880045,-0.01652152736898293,0.9289758092394071
181.76,0.3549120322978376,-0.02569581807591565,0.8440014582539218
181.78,0.32216457278640226,-0.03298690872467416,0.7259276313520033
181.8,0.28767778884547446,-0.037976553242350296,0.5831831202424054
181.82,0.2523516428179329,-0.04043202912493787,0.425502571086865
181.84,0.21738004583067205,-0.04030921676243702,0.2631724469498066
181.86,0.1843982757594325,-0.03773851650753135,0.10629918054957735
181.88,0.1556701656254801,-0.03299480779147691,-0.035833796394775255
181.9,0.13428550128165206,-0.02645412349123725,-0.15526112242208906
181.92000000000002,0.12430087381835715,-0.01854150742998873,-0.24563781251473796
181.94,0.13069185379693574,-0.009676783799591047,-0.3023261009814976
181.96,0.15874559222941775,-0.0002291157545998147,-0.3222780878250476
181.98,0.21178478232067183,0.009496655950587933,-0.3037888912054553
182.0,0.28564135884057884,0.019193578866197495,-0.24633524837340287
182.02,0.363596142720199,0.02837216944051806,-0.1509148385660977
182.04,0.4251540164550261,0.036221710640686695,-0.02112267415591664
182.06,0.46308739534266175,0.041795133962335966,0.13581242372698568
182.08,0.4824895564879488,0.04437140774835336,0.30922347977943865
182.1,0.48986083388751417,0.043626478877109985,0.48633860842404714
182.12,0.48901938845840004,0.03961103963004647,0.6538612508128956
182.14000000000001,0.4817792568939519,0.032677738579622785,0.7993261993603884
182.16,0.4690444780490656,0.02340991634355931,0.9121632709438937
182.18,0.45137845573721846,0.01255250083515368,0.9844820203175647
182.20000000000002,0.4292319243672846,0.0009415063674882707,1.0115776234054754
182.22,0.4030289243877097,-0.010566800140817128,0.9921531255784252
182.24,0.37320292114090287,-0.02116328585820987,0.9282637860779698
182.26,0.3402185252551137,-0.030145440646139488,0.8250062126585604
182.28,0.3045936582120582,-0.03696492657514009,0.6899922067709573
182.3,0.2669315245766069,-0.041260074339177784,0.5326616638388663
182.32,0.22797183226218667,-0.04287137108659286,0.36349905708816377
182.34,0.18867193727217127,-0.041839210893330196,0.19322340571046676
182.36,0.15032672611314177,-0.0383843922580261,0.032022108802557875
182.38,0.11472509289508033,-0.03287306986575771,-0.11110533652532509
182.4,0.08431721823131673,-0.025769228398299274,-0.22883719457077703
182.42000000000002,0.06234338343256074,-0.01757929228705557,-0.3158117234636587
182.44,0.0528903016424885,-0.008794736251803523,-0.3686817979702362
182.46,0.060903630983632454,0.00016155074661077396,-0.3859457697425235
182.48,0.09209003395293376,0.008980253932842918,-0.3675792637864841
182.5,0.1517281794853531,0.01748990610263114,-0.31452086088655784
182.52,0.23918725749174055,0.025611115270174293,-0.22817356106780565
182.54,0.33736477118344227,0.03314122954172434,-0.11039839920387438
182.56,0.41645717233061014,0.039447485436033006,0.03534266758011089
182.58,0.46258968962874186,0.04356325754782058,0.2022501287644738
182.6,0.4834578592101069,0.04471119232771038,0.37986859625681035
182.62,0.4895988882553557,0.04258805919441198,0.5555591120408925
182.64000000000001,0.48678157297289754,0.03731822649734302,0.716363802082656
182.66,0.47746402931969956,0.029337492046849677,0.8504808116346956
182.68,0.4627296631874042,0.019298798541429803,0.9483136645632286
182.70000000000002,0.4431889058924649,0.007993355112594728,1.0031793640363633
182.72,0.41930680242244495,-0.0037235313297802703,1.0117122583362472
182.74,0.391515542942009,-0.015003601781936169,0.973976802169601
182.76,0.36025755767353934,-0.025070937930889867,0.8933061759275464
182.78,0.32600993331975936,-0.0332774445539638,0.7758980417459547
182.8,0.289309413430527,-0.039144927553657005,0.6302141197728531
182.82,0.2507890361755523,-0.04239113641374333,0.46624283715492787
182.84,0.21123680040037865,-0.04293832304012478,0.294692496672919
182.86,0.17168701208547163,-0.04090409380503803,0.1261857510124329
182.88,0.13355048320758553,-0.03657553680936098,-0.02947535297203573
182.9,0.09877405669087633,-0.030368855651652257,-0.163910884063172
182.92000000000002,0.06999284467395045,-0.022778175669278804,-0.2705799314066345
182.94,0.05062298662819789,-0.014318734026775968,-0.3449795381876921
182.96,0.044883349905192035,-0.005470538626694587,-0.3846153327178319
182.98,0.057809767879966105,0.003372365477875677,-0.3887566402992636
183.0,0.09513915432761817,0.011942903138483122,-0.3580063133894851
183.02,0.1617246578254603,0.02011733367571606,-0.293745966613834
183.04,0.25477961948466893,0.02784551254300516,-0.19765532509763764
183.06,0.3532730706360141,0.034893832158729605,-0.07186394177105122
183.08,0.4273411937230095,0.04055784373440377,0.07966368111412
183.1,0.46792950621160057,0.04387181876211283,0.24945016000432144
183.12,0.48507271318211503,0.04414869790930001,0.4265655764840397
183.14000000000001,0.48884852907387333,0.04118889976267045,0.598306180778845
183.16,0.4843231232542212,0.035198389090944984,0.7520232001999071
183.18,0.473610830410824,0.0266710470676821,0.8765021927872902
183.20000000000002,0.4576692981068306,0.01629700346681274,0.9629240598868524
183.22,0.4370702715408762,0.004884832992151826,1.0054920648624854
183.24,0.41227213929647943,-0.006711800328686803,1.0017578971195833
183.26,0.3837142918092287,-0.017663701984385622,0.9526612336462469
183.28,0.3518559577009249,-0.02722878879594337,0.8623036197042775
183.3,0.31720215668807045,-0.034803945710673065,0.7374921042291641
183.32,0.28033410018927396,-0.03996275022813566,0.5871027493302539
183.34,0.24195538369326988,-0.042476734332312555,0.4213255838601418
183.36,0.20296514752102626,-0.04231904062041126,0.250859542283295
183.38,0.16456857206435166,-0.03965053902120598,0.08612807994930183
183.4,0.12842740612615555,-0.03478967980399274,-0.06341651867517985
183.42000000000002,0.09683332688085697,-0.028168665473491564,-0.18983978151898684
183.44,0.0728608598872865,-0.020280031242697456,-0.2870755672168509
183.46,0.06045499995588369,-0.011619162524545075,-0.3510527656061568
183.48,0.06445465607689158,-0.002628751704431435,-0.37959403243278605
183.5,0.09050782505740397,0.006349301997120258,-0.3721053228324265
183.52,0.14414191724092595,0.01510407205338914,-0.32910271365190485
183.54,0.22625762689256296,0.023527417788935093,-0.2517124282772265
183.56,0.32309781490330575,0.0314342178010558,-0.1415532723300869
183.58,0.405901420307188,0.03825475614212708,-0.0016663172526612396
183.6,0.4569697339176242,0.04303908365941751,0.16176362195908553
183.62,0.48135324305879035,0.04494179906969934,0.3387819234043654
183.64000000000001,0.48972313851335014,0.043568050143450054,0.5169093815652429
183.66,0.488483665283962,0.038966269903276306,0.6830077095568844
183.68,0.48044021131146,0.03151644095388583,0.8248317734418784
183.70000000000002,0.4668096554843106,0.021833751346740978,0.9321552001135728
183.72,0.4482459287247887,0.010688819330358338,0.997548545411796
183.74,0.42522453855039216,-0.0010669312870864403,1.0168509717015837
183.76,0.39817496578296263,-0.012573451173473804,0.9893480560983673
183.78,0.36752930634911385,-0.023029324566495233,0.9176694916517952
183.8,0.3337466546540106,-0.031750122312953016,0.8074342059011563
183.82,0.2973349045190828,-0.03821406138834087,0.6666863160760398
183.84,0.2588810992129687,-0.042092081930912136,0.5051788345198898
183.86,0.21910007399244147,-0.04326062265083712,0.3335713022355513
183.88,0.17891183111172126,-0.04179661168189842,0.16261193326123094
183.9,0.13955569725528882,-0.037955402370309595,0.0023743482319955184
183.92000000000002,0.10273729792859265,-0.03213360133897475,-0.13838635731260454
183.94,0.0707789221871811,-0.02482010152248225,-0.25270390875178184
183.96,0.04671922897057693,-0.016540198016596754,-0.3356595615849629
183.98,0.034329259597301716,-0.007798884441435238,-0.3844135318124116
184.0,0.03810610606373837,0.0009710465280886476,-0.39801769468014775
184.02,0.06332768214055158,0.009452956306421576,-0.3770359049868257
184.04,0.11567174443783924,0.017477620207813262,-0.3230104186916618
184.06,0.19784756101894035,0.02501142483063149,-0.2378702044014504
184.08,0.29945439454530165,0.032005793602623386,-0.12362182227315859
184.1,0.3912223760991996,0.03806031736019372,0.016948699829175434
184.12,0.4496544937257481,0.04230224714555515,0.17844348245457017
184.14000000000001,0.4774944910614153,0.04385274136641031,0.35175572595335647
184.16,0.4869685381001592,0.042271163855213505,0.5250679992837131
184.18,0.4859577076828762,0.03758442844262442,0.6857697732463154
184.20000000000002,0.4779204379703455,0.030162749171458787,0.8220865258305441
184.22,0.46430136958813284,0.020611192648160484,0.924225271139799
184.24,0.4458309537662501,0.009685514730174047,0.9851405542734609
184.26,0.42301677601255994,-0.001782755742811371,1.0009857396279411
184.28,0.39631238643602335,-0.012957123326403482,0.9712731060209215
184.3,0.3661799179000335,-0.023061364409138103,0.8987608289266107
184.32,0.33312331826800845,-0.0314356404705523,0.7890959957352345
184.34,0.29772024181085865,-0.03757991188424821,0.6502574803863647
184.36,0.2606669354053964,-0.04118187958684084,0.4918553571868968
184.38,0.22284814084825447,-0.042127785114800156,0.3243524710978827
184.4,0.1854435935469455,-0.04049558601930848,0.15827809520329336
184.42000000000002,0.15007759998666922,-0.03653122509546573,0.0035031425292476916
184.44,0.119002351667628,-0.030609986744995193,-0.13135897868901328
184.46,0.09528003559610265,-0.02318639870701407,-0.2393726073903603
184.48,0.0829122522093132,-0.01473770406537762,-0.31548490710476657
184.5,0.08687039390039551,-0.005707096014780929,-0.3565021696693957
184.52,0.11287368631468875,0.0035459345693700448,-0.3608503634417713
184.54,0.16602776389096238,0.012773250410203814,-0.32817301277979766
184.56,0.24576793274210357,0.021798405043660138,-0.25892965874500845
184.58,0.33692715491985314,0.030329444650405896,-0.15442573095332912
184.6,0.41286992284415275,0.03769707521064288,-0.017828926249509554
184.62,0.4595978684205419,0.042929721904102956,0.1442956881813074
184.64000000000001,0.48243695291644784,0.0452098006986756,0.32165081810163754
184.66,0.49063385688771244,0.044157434979299234,0.5015117939772952
184.68,0.4896728111454831,0.03981567191439693,0.6705101120560938
184.70000000000002,0.4820056727658179,0.032552472123436774,0.816131422146697
184.72,0.46873738116064373,0.022973262972791807,0.927834721061501
184.74,0.4504877074773188,0.011844610845586108,0.9978477226754449
184.76,0.4277193642573246,2.0443087064396688e-05,1.0216636161015868
184.78,0.4008530060774881,-0.011630477628582991,0.998244683291326
184.8,0.3703099858198256,-0.022292818651574876,0.929942999670935
184.82,0.33653342821968857,-0.03126446391428168,0.8221636149019714
184.84,0.3000062934149508,-0.03800388391392983,0.6828122377838306
184.86,0.2612761159764846,-0.042162076049736236,0.5215834855098355
184.88,0.2209950545548948,-0.04359725106204921,0.34915548080960546
184.9,0.17998495365190575,-0.042371698223422134,0.17636136414642353
184.92000000000002,0.13933595943050137,-0.038731486071476494,0.013408091693682997
184.94,0.10053761140882493,-0.033070854276189034,-0.1307921278052807
184.96,0.06561738597377934,-0.025884462412890972,-0.2491223779312398
184.98,0.037231305673959464,-0.017712214364250023,-0.3365538779771577
185.0,0.018655001625173202,-0.009082825824277229,-0.39021340650386055
185.02,0.013713904339141169,-0.0004623275521357696,-0.4092330843059299
185.04,0.02681988126793535,0.007789114052054236,-0.3944104154573669
185.06,0.06315384194772723,0.015452305485874028,-0.34771193764316805
185.08,0.1279895660691881,0.022469733092288273,-0.27165930469653843
185.1,0.2215138863343309,0.02890390138007477,-0.16872864490063805
185.12,0.3267949289860741,0.03471526400833808,-0.041235496801092994
185.14000000000001,0.41133197910923586,0.03940309295864748,0.10751753885817705
185.16,0.45923852115278685,0.04206293187126849,0.27127518396685946
185.18,0.4794860245869359,0.041959252458992916,0.4403123348298891
185.20000000000002,0.48422342444236477,0.0388449794588236,0.6029160192828257
185.22,0.47995706969530566,0.03289985640078243,0.7472849290681285
185.24,0.4693934826637935,0.02459633409300042,0.8629619667437785
185.26,0.4536988267740615,0.01459761433998294,0.9417904509042
185.28,0.43352326533766067,0.0036776489489200874,0.978512841826579
185.3,0.40936954338075915,-0.007350534861855908,0.9710686020212785
185.32,0.38172243868219613,-0.017701185450376713,0.9206158295658214
185.34,0.3511045988364647,-0.026674759811754857,0.8313012649883185
185.36,0.3181172382271966,-0.03370605535886088,0.7098150348112611
185.38,0.28348951499869385,-0.03839845434802783,0.5647797426074194
185.4,0.24815138927890215,-0.040542087582186234,0.40603418978374445
185.42000000000002,0.21334252949111557,-0.040114826067641655,0.24387861477013487
185.44,0.1807652057878557,-0.0372661887729183,0.08835036681598604
185.46,0.15277496585192932,-0.03228553392511343,-0.05140393003600817
185.48,0.13257547996783653,-0.0255574059423841,-0.1676020474109916
185.5,0.12434514986715872,-0.017508751517982795,-0.2541030311022117
185.52,0.13314813725645977,-0.008555086584780745,-0.3064679687608966
185.54,0.16419970264286973,0.0009426138100750681,-0.32182152385122514
185.56,0.2202528588272432,0.010684753772582703,-0.29860106149116056
185.58,0.2957083697103494,0.02035262635947965,-0.2364330588356897
185.6,0.37251984405649896,0.029419123625654065,-0.1365653209298389
185.62,0.43112364070201775,0.037038785751551576,-0.003004326929894715
185.64000000000001,0.46633649557771534,0.04227472017349813,0.1565533873427625
185.66,0.4839349452978469,0.04445161928272114,0.3310959754764528
185.68,0.49013658404888777,0.04329522703621139,0.5077055783737998
185.70000000000002,0.4884356074586444,0.038897528094229104,0.6731230788807562
185.72,0.4804821597945782,0.03164324927253729,0.8150671631038311
185.74,0.46711607692248425,0.022139225155570312,0.9232626017073208
185.76,0.4488785812626527,0.011145260494903764,0.9901907169232962
185.78,0.4262140187949372,-0.0004965254637647183,1.0115604251902524
185.8,0.3995462363005962,-0.011932323127880836,0.9864956514888652
185.82,0.36931164541383793,-0.02236327123533246,0.9174467351044879
185.84,0.3359804249755889,-0.03110366609571643,0.8098507010580246
185.86,0.3000794809229733,-0.03762679422646903,0.6715822745203339
185.88,0.2622263534128181,-0.04159540852553288,0.5122514729773526
185.9,0.22318368808731323,-0.042875041818048625,0.34241322147304937
185.92000000000002,0.18394500096293506,-0.04152957891955837,0.1727592068736555
185.94,0.14585981883685198,-0.037799718856183995,0.013362074699118646
185.96,0.11079377005544759,-0.03206619085536891,-0.1269628919468337
185.98,0.0812943482561537,-0.024800974856593747,-0.24112362719499508
186.0,0.06071200020824848,-0.01651132874803989,-0.3240057841026193
186.02,0.0532488226916672,-0.007682565935175252,-0.3724988049119458
186.04,0.06396752489244135,0.0012747893221528067,-0.3853002034960133
186.06,0.09863841120277718,0.010068385904645977,-0.36252529711470444
186.08,0.16221019896288408,0.01854316907192112,-0.30518259626627425
186.1,0.252464449269313,0.026618912930189278,-0.2147054718462354
186.12,0.3496979934465189,0.034049004116382564,-0.09306893488918824
186.14000000000001,0.42451473945317425,0.04013520724939229,0.05590959191506004
186.16,0.46657403303107836,0.04390449044304535,0.22490964188262574
186.18,0.4849721240716745,0.0446358423776693,0.4030719625672061
186.20000000000002,0.48969952210965445,0.042088823099545786,0.5776068824510131
186.22,0.4859347092847579,0.036435059487024725,0.7356271608901839
186.24,0.4758631948387688,0.028143728175235104,0.8655614940930897
186.26,0.4604704884968418,0.01789031547358757,0.9581551813110922
186.28,0.44033560951745937,0.006478786560786378,1.0071374481907953
186.3,0.4159148761990267,-0.005232240690022335,1.0095868850119771
186.32,0.38763973084411046,-0.01640010558093596,0.966007359637744
186.34,0.35595541700294997,-0.026262369235340692,0.8801328790152867
186.36,0.3213445656838495,-0.034190761859875636,0.7584947345943076
186.38,0.2843529888053821,-0.03973131933955917,0.6097994648770402
186.4,0.2456283606608629,-0.04262822404490528,0.4441782291791475
186.42000000000002,0.20598223904264987,-0.04283006169452226,0.2723757619118191
186.44,0.16648588753552857,-0.04047843000888641,0.10494977555245502
186.46,0.12860481206106855,-0.03588003940229484,-0.048450472509691436
186.48,0.09435949230652371,-0.02946471062468676,-0.17966477911084683
186.5,0.06647216707628258,-0.021733136945851043,-0.28241255908723106
186.52,0.04844849502570109,-0.013199801713173236,-0.35246276278914723
186.54,0.04459266902681361,-0.00433713710987743,-0.38757599395763803
186.56,0.06002406518461148,0.004474190731223845,-0.3872342430130193
186.58,0.10050901479939339,0.01298460342609757,-0.3521904481781464
186.6,0.17053025396395,0.021086738736264484,-0.28390550614058074
186.62,0.26574554313725673,0.02872936278102879,-0.18409989462763685
186.64000000000001,0.3629917730669866,0.03563911430221383,-0.05502248133617683
186.66,0.4333499555134038,0.04106178654541323,0.09904109808519543
186.68,0.4707286104134612,0.04403865093997674,0.2701932980824706
186.70000000000002,0.48596685594419664,0.043935380872828896,0.44722054846962433
186.72,0.4886172224021589,0.04060472594969159,0.6173558511128912
186.74,0.4833040471685332,0.03429106029534963,0.7680688948558135
186.76,0.47195026535009027,0.025514941654733836,0.8883928188273891
186.78,0.45544684699067295,0.014983653188343089,0.9698433426262906
186.8,0.43434500501961254,0.003514141248531873,1.0070094681719404
186.82,0.4090985322814661,-0.008039954460628716,0.997845164331673
186.84,0.38014837010420494,-0.01885719867902804,0.9436765268887476
186.86,0.3479588404260416,-0.028209887578220363,0.8489467946620917
186.88,0.31304370387605057,-0.03551436146632893,0.720736464273798
186.9,0.2759981934324517,-0.04036686098994598,0.5681101455640797
186.92000000000002,0.23754827358817573,-0.04256273125000248,0.4013527599459845
186.94,0.19862840045359784,-0.04209797111365692,0.23116409988216152
186.96,0.16049773748406973,-0.03915333252027982,0.06788235926074156
186.98,0.12489579210141001,-0.034062388935988376,-0.07919598876827572
187.0,0.09421705936033528,-0.027266322152004443,-0.20234086368145146
187.02,0.0716591459437429,-0.019259703166700386,-0.2957126971856052
187.04,0.06130284315089823,-0.010532920766557444,-0.35546094079403506
187.06,0.06812810706040216,-0.0015172314085980679,-0.3795956409920853
187.08,0.09787406692417429,0.007461844659829495,-0.3676537353763955
187.1,0.15578798465818558,0.016209796463238647,-0.3202138306619845
187.12,0.24123500753289748,0.024618676079422558,-0.23842308394598372
187.14000000000001,0.3375738409869689,0.03245871258908913,-0.12400193414159479
187.16,0.4158199606683776,0.039083674613326444,0.01964419647290766
187.18,0.4620863779649865,0.04352267202685669,0.18574264300345622
187.20000000000002,0.48345976592471346,0.04498612357543572,0.3638355710878794
187.22,0.49013720460144755,0.043150115779749636,0.5412132068678998
187.24,0.4878053396183101,0.03811798377917539,0.7047611240420044
187.26,0.47891472637227755,0.030308803609582033,0.8424444964287784
187.28,0.46455111812352345,0.020364823661357764,0.9443787300912321
187.3,0.4453254361496574,0.009073118836637882,1.0035629931897265
187.32,0.421700382272468,-0.002708672377923516,1.0163103125361133
187.34,0.3941028985678937,-0.014124086791887997,0.9823851665651022
187.36,0.36296656298756763,-0.02438415002785692,0.9048636828108675
187.38,0.3287543661668833,-0.03282422010491014,0.7897461761159853
187.4,0.2919807561391387,-0.03894766460095631,0.6453675508942995
187.42000000000002,0.2532434242599819,-0.04245363424724603,0.4816640810272106
187.44,0.21327456556686689,-0.04324738702299693,0.3093636861787594
187.46,0.17302197975152234,-0.04143285461489634,0.1391705278348079
187.48,0.13376715188010407,-0.03728835189837544,-0.018986446881481517
187.5,0.09727371560645742,-0.03122755639588519,-0.1565774131304622
187.52,0.06593278346883842,-0.023749278544704888,-0.26691564299170467
187.54,0.042849497893488145,-0.015381116848742382,-0.3453863830581624
187.56,0.03184569019152681,-0.006623185711866516,-0.3894484089948857
187.58,0.037455634773719125,0.002102692952112598,-0.3984200325882658
187.6,0.06499080999608921,0.010495620231249982,-0.3730776577850696
187.62,0.12007375310607174,0.018404819534143007,-0.3151066448039433
187.64000000000001,0.20484034933333858,0.025811099986438164,-0.2265095194915484
187.66,0.3072861469679706,0.03265929355519078,-0.10934384427788817
187.68,0.397153588054739,0.0385139992588327,0.033465146873895894
187.70000000000002,0.4527827035795405,0.04248250661075288,0.19625013163135724
187.72,0.47864135281491027,0.04371360767900901,0.3696523376978308
187.74,0.4869528038266315,0.04181147843625757,0.5417605355247536
187.76,0.48518964018724214,0.03683954340188781,0.7000365390468191
187.78,0.4765798184617806,0.029193453259835737,0.83290142520238
187.8,0.46248004746248306,0.01949470796678933,0.9308409805472715
187.82,0.44359261462613037,0.00850759949589071,0.9871382500933085
187.84,0.420418380813396,-0.00293520471359661,0.9982942944584604
187.86,0.3934124122366825,-0.014002884950715753,0.9641597683691586
187.88,0.36304296229542454,-0.023930776608290166,0.8877963786889638
187.9,0.32982463779191873,-0.03207517996114433,0.77509885819254
187.92000000000002,0.2943520725650859,-0.03795517111004813,0.6342226439294564
187.94,0.2573482179735935,-0.04127874957573445,0.4748749270988465
187.96,0.2197394272947135,-0.041951769421300106,0.3075352240567107
187.98,0.18276874343638794,-0.04006928563242526,0.1426754684208439
188.0,0.14815258852705984,-0.0358901523440722,-0.00995130074987436
188.02,0.11826865641710428,-0.029797005893692628,-0.14189046651894652
188.04,0.09633678648363875,-0.02224526277811192,-0.24638184417131254
188.06,0.08653933068304545,-0.013706333610714175,-0.3185381475298403
188.08,0.0940221324002472,-0.004611457625463342,-0.35529525611020796
188.1,0.12453712600653918,0.004695566461004299,-0.35515207668380516
188.12,0.18256829078115921,0.013977788905658223,-0.3177667150002082
188.14000000000001,0.26528698860060684,0.023042676269096805,-0.24361249292936843
188.16,0.35440903290789477,0.03152710172084385,-0.13417895313697958
188.18,0.42425160159454495,0.03867282050417867,0.006831248087923531
188.20000000000002,0.4653583319187564,0.043501184604949984,0.17210124817318612
188.22,0.484805106932989,0.045268577233011434,0.3507381617566574
188.24,0.49109269070534073,0.04367797613194811,0.5297545272555401
188.26,0.4888854557966923,0.03883536240445693,0.6958124153042157
188.28,0.4802458132904942,0.03115375448683463,0.8366421924165067
188.3,0.46613568234302544,0.021269981589516346,0.9420996131287716
188.32,0.4471277796284578,0.00996980825259816,1.0049101609877817
188.34,0.42367078313750756,-0.0018855111539323377,1.021117756583896
188.36,0.3961827077432293,-0.013431277579813536,0.9902416905289857
188.38,0.36508688077985657,-0.02386652656391699,0.9151537074515042
188.4,0.33083130447106784,-0.03251206619875815,0.8017032569214437
188.42000000000002,0.293907083250096,-0.038855545090861615,0.6581354010995922
188.44,0.2548749314124485,-0.04258071419698213,0.4943593125788607
188.46,0.21440847189494322,-0.043579258713315895,0.3211342540072177
188.48,0.17336410260648943,-0.041944833024014236,0.14924390774965557
188.5,0.1328851873425876,-0.03795014811217613,-0.011271057945984896
188.52,0.09453669462074132,-0.03200916522908311,-0.15175809079285957
188.54,0.06044023814928502,-0.024627794334297685,-0.26542225552921667
188.56,0.03335083447619397,-0.016348077402724592,-0.3475835677948673
188.58,0.016631455707447867,-0.0076921733226149695,-0.3957084583241739
188.6,0.014185985407623324,0.0008879026469254315,-0.40922707217641746
188.62,0.030527411496628708,0.009052073000850732,-0.38916630948645825
188.64000000000001,0.07094310953448399,0.01660591696630051,-0.3376317580345131
188.66,0.14044997480129573,0.023516685215903475,-0.2571820390948199
188.68,0.23747950062738368,0.02985276747269797,-0.1502587932214738
188.70000000000002,0.3417488079237099,0.03552649797906031,-0.019217609715429962
188.72,0.4209401316518074,0.039954107857768456,0.13230983724531178
188.74,0.46372780003140907,0.042218022651322656,0.2975161531605947
188.76,0.4809439987759758,0.04165003232620851,0.46625431140237183
188.78,0.484004888042719,0.03807730356822786,0.6266921115952058
188.8,0.4786500509677201,0.031732626881983514,0.7671648194650401
188.82,0.4672405782473327,0.023123511982348754,0.8775260820578119
188.84,0.4508214771628678,0.012934850394593425,0.9500424728890611
188.86,0.43000597496227844,0.0019507693776963956,0.9799430891692643
188.88,0.4052890213902298,-0.009016193141962342,0.965673136482014
188.9,0.3771588929336537,-0.019190455836294272,0.9088747333062147
188.92000000000002,0.34614841733516294,-0.027890843705547987,0.8141209787621906
188.94,0.31287599449522735,-0.03457671974962226,0.6884417480762737
188.96,0.2780979018568031,-0.038879828156768104,0.5406926877829793
188.98,0.24278619732801407,-0.04061981905603681,0.3808289791207831
189.0,0.2082444064688237,-0.03980254254328969,0.21915135405471592
189.02,0.17626746041968397,-0.03660138992179257,0.06559314044725348
189.04,0.14933615449763102,-0.03132326616083569,-0.07088655253272388
189.06,0.13080690693180758,-0.024362332633404458,-0.18274773831428015
189.08,0.12501612041931187,-0.016146567471533597,-0.26411301880685667
189.1,0.1371266509545572,-0.00708474482214415,-0.3107950055298218
189.12,0.1721936481039244,0.002472982283185438,-0.3201327392268091
189.14000000000001,0.23206008300048198,0.012231577256803692,-0.290742083257823
189.16,0.30910492943357937,0.02185121229698391,-0.22245412816846113
189.18,0.3838428592727271,0.03075140294540963,-0.11687561119792621
189.20000000000002,0.43841413915070704,0.03804712294894099,0.021419292641520146
189.22,0.470193113181386,0.04282447726855218,0.18412845515086876
189.24,0.4855648188225023,0.044471547478395046,0.35982280457373034
189.26,0.4903079032370875,0.04277844514731273,0.5354314822378359
189.28,0.4875156841062062,0.037889560600675255,0.6977768829080613
189.3,0.4786464392380001,0.030229993115727716,0.8348443517293622
189.32,0.46446661338065065,0.02043567842081786,0.9367641925684645
189.34,0.4454925441778366,0.009284156653415579,0.9965170243729833
189.36,0.42216185610954016,-0.0023762288589855977,1.010358960575308
189.38,0.3948989753889047,-0.01369657253669195,0.9779635193491028
189.4,0.3641448619133417,-0.02389294833703475,0.9022904693278133
189.42000000000002,0.3303778637717809,-0.0323028394563748,0.7892093258905265
189.44,0.294137994431355,-0.03842864230326419,0.646921861515625
189.46,0.2560637105832869,-0.041965445212036045,0.4852413103531513
189.48,0.21695106546482062,-0.04281147214523062,0.31479479641643227
189.5,0.17784595709732082,-0.04106080781746322,0.14621949851847982
189.52,0.14017634555707073,-0.036979228687010327,-0.01057782062586568
189.54,0.10591666781109539,-0.030965212210862788,-0.14703405206091796
189.56,0.0777506331581288,-0.023499620436443307,-0.2563629377525993
189.58,0.05918179170658215,-0.015089098438211681,-0.3337725194291426
189.6,0.05457358634907789,-0.00620919628014041,-0.37645361500769636
189.62,0.06915037860230458,0.002747326086147023,-0.38334954540971744
189.64000000000001,0.10873264687874667,0.01151134905768319,-0.35473808642140514
189.66,0.1776252130008253,0.01994777055248798,-0.29169875788797384
189.68,0.2710555147924974,0.027966585068761127,-0.19570298626898655
189.70000000000002,0.3659701557437602,0.03524957985609275,-0.06892269426976783
189.72,0.4346022256637584,0.04101385582431145,0.08427827871543349
189.74,0.47138791062538654,0.04429509092636415,0.2558600456464546
189.76,0.48669712597879156,0.044455474593352015,0.43445532632020484
189.78,0.4896350104098182,0.04133764974715301,0.6071156345524729
189.8,0.48463694273672103,0.035174391200986026,0.761083671544961
189.82,0.4735649430288598,0.02647792246154196,0.8851246660134453
189.84,0.45729098429833226,0.015952433418005493,0.9704632437979346
189.86,0.436358129046509,0.0044174179360736065,1.011396251704058
189.88,0.4112130209353422,-0.007265709209267203,1.0056063815331393
189.9,0.38228676944708967,-0.018263421201721766,0.9541885531870147
189.92000000000002,0.3500286243455477,-0.02783285599775192,0.8614097893443395
189.94,0.3149287676101022,-0.03537360083179171,0.734238709534215
189.96,0.27754531928242426,-0.04046514057914836,0.5816956052956344
189.98,0.23854586410411846,-0.042887688015635674,0.414085395957036
190.0,0.19877402028097318,-0.04262532601195063,0.24218248819442248
190.02,0.15935110842604122,-0.03985161323068774,0.07643839070970032
190.04,0.12181583265932251,-0.034899010256882676,-0.07372007772942132
190.06,0.08828511789983909,-0.028214771933469517,-0.2004420993737105
190.08,0.061591495137956656,-0.02030744976175195,-0.29780730931078125
190.1,0.045348710821487934,-0.011689620642677813,-0.36195665854815506
190.12,0.04395931198050073,-0.002822877828647302,-0.39099685035610904
190.14000000000001,0.06263564797752187,0.005930415296409003,-0.3846971267007933
190.16,0.10715170002825625,0.014344052924670397,-0.344013138352265
190.18,0.1814246815298974,0.022331638736947993,-0.27051549878740544
190.20000000000002,0.2790080459394657,0.029838407853116464,-0.16598921800813513
190.22,0.37430620268591686,0.03653941290802086,-0.03285676035109606
190.24,0.44009197387020815,0.04162585580022204,0.12417998484387362
190.26,0.4737481301859454,0.04415800296406568,0.2967247248175537
190.28,0.48679201933092014,0.0435691925870426,0.4732603209952174
190.3,0.48811207769945575,0.03977530606555884,0.6409883366246997
190.32,0.48184134752309016,0.033066597718660086,0.7875648473605356
190.34,0.4696972883261967,0.02399523153211883,0.9023631847126885
190.36,0.45250049478789134,0.01328818666065547,0.9773414291641175
190.38,0.4307811604155782,0.0017709883107146426,1.0075873345608943
190.4,0.40498934514612617,-0.009704723115915333,0.9915665525221115
190.42000000000002,0.375569390078111,-0.020329134047726894,0.9310892048593863
190.44,0.3429937360851795,-0.029394246718581256,0.8310192934296454
190.46,0.3077896654464284,-0.03634212746052888,0.6987664515488805
190.48,0.2705739941371938,-0.04079831491991607,0.5436135156988812
190.5,0.23210698798547344,-0.042588365447321155,0.3759437128505229
190.52,0.19337690494292048,-0.04173670964173851,0.20643697010742962
190.54,0.15572440531421608,-0.038448198419524265,0.045305745384938895
190.56,0.12100520440479422,-0.033073941647581775,-0.09836316255219553
190.58,0.09176624469456167,-0.02606440658084611,-0.2171034380357685
190.6,0.07138768103918987,-0.017914288123742687,-0.305358249673897
190.62,0.06415403694157243,-0.009104942445994527,-0.35954181532373547
190.64000000000001,0.07525367372448809,-5.035002138222889e-05,-0.37787585915833877
190.66,0.1105102272002467,0.008946912898781896,-0.3600271239501175
190.68,0.17451367770177628,0.01771168853871946,-0.3066140526376476
190.70000000000002,0.26387329735618104,0.026123421880186293,-0.21879639367000714
190.72,0.3579219532671444,0.03386943468447303,-0.09849135923093513
190.74,0.4288738824779809,0.040195350111770285,0.05027756070376626
190.76,0.46853998035967076,0.04412445118275579,0.2198606830855739
190.78,0.48599831918343533,0.04495894284924983,0.3991246142215314
190.8,0.4904674354259947,0.04247393808401725,0.5750883571943834
190.82,0.4866691125585011,0.03684665319643421,0.7347134757885059
190.84,0.47661447022444264,0.02854853410712125,0.8662913316059605
190.86,0.46123179463241465,0.018257747532578392,0.9604390879014311
190.88,0.44108104042402463,0.006782492090354517,1.0107715340106471
190.9,0.4166099203717737,-0.0050128225257916265,1.0142729706937417
190.92000000000002,0.3882425932472546,-0.016278621545412895,0.9713785720412255
190.94,0.3564146638518513,-0.026245040176627144,0.8857825496813259
190.96,0.32159409831494096,-0.03427654425432426,0.7640060083716046
190.98,0.2843036743118672,-0.03991274675267422,0.614772898394365
191.0,0.24515469764652983,-0.04289290488798415,0.4482547001489173
191.02,0.20490170438712435,-0.04316279906372177,0.27525213184749187
191.04,0.164528283344451,-0.04086393294223207,0.10638488130606724
191.06,0.12536960345899684,-0.03630619822852504,-0.048641810758209246
191.08,0.08926100146275495,-0.02992638879184771,-0.1816319073313537
191.1,0.05867334324299808,-0.022236383219398217,-0.2863051863967868
191.12,0.03677819413012321,-0.013766386982022797,-0.358484671038624
191.14000000000001,0.027430467491179347,-0.005009511854597217,-0.39605765158250733
191.16,0.03516852040554543,0.0036273055579425168,-0.39872653523622414
191.18,0.06530134305492565,0.011864022991286792,-0.3675797067383399
191.20000000000002,0.12336846959103284,0.019574239111869302,-0.3045228680091941
191.22,0.21090686425564495,0.02675954862740004,-0.21168459969843964
191.24,0.31430603451129774,0.033364580108917324,-0.09120042921217214
191.26,0.4024225551881342,0.03892621466512844,0.053865016324832274
191.28,0.455432858874616,0.04253985054784776,0.21760641070956024
191.3,0.47940003690740507,0.04338687503371904,0.3904715357385508
191.32,0.4865452075463243,0.04111832176919362,0.5605270109308158
191.34,0.4839886560766709,0.035835378088266034,0.715384903028442
191.36,0.4747620766494304,0.027959668338494042,0.8437435432127081
191.38,0.4601482697737058,0.0181284839067067,0.9364490478609514
191.4,0.44082702497643483,0.0071126799214795925,0.9871892841650136
191.42000000000002,0.41729583005045556,-0.004257109542503256,0.9928789643856655
191.44,0.39001477165658077,-0.015159817311740762,0.9537584611112353
191.46,0.3594631423156581,-0.02484693833710246,0.8732268636444752
191.48000000000002,0.3261736817165057,-0.03269561346239556,0.7574416524383139
191.5,0.2907695476333345,-0.03824840545981545,0.6147316416256332
191.52,0.25401818456046577,-0.04123723466302113,0.45488183196699294
191.54,0.21691454599082893,-0.04159005467888619,0.2883567632795045
191.56,0.18080469601097335,-0.039420028962307646,0.12553228141185369
191.58,0.14755290305069294,-0.03499818253454333,-0.023995815885564348
191.6,0.11973579487648675,-0.02871183642015939,-0.15196429146883794
191.62,0.10082037880051456,-0.021012681407495775,-0.2518064356258305
191.64000000000001,0.09526520628972562,-0.01235996231946949,-0.3187964785146719
191.66,0.10844406500867002,-0.0031657356212502624,-0.3499682617440165
191.68,0.14595981047324805,0.00624709513767906,-0.34383546976596724
191.70000000000002,0.21075248555076947,0.015646700415930814,-0.3000096118052437
191.72,0.2958252804861294,0.02478958669954782,-0.21899266464696762
191.74,0.3792366147671069,0.033180630178811295,-0.10267538821899677
191.76,0.4391421634310724,0.039947055251576456,0.04429003945357743
191.78,0.4724758545451424,0.04414147737908909,0.21345494343929772
191.8,0.4874903823874008,0.04514465724682104,0.39314646049657753
191.82,0.491258319125086,0.04277715596877758,0.5701014768304733
191.84,0.48734944159352345,0.03723075329875062,0.7311127190988318
191.86,0.47735068127529984,0.028979212119257424,0.8643315861016894
191.88,0.4620554202318206,0.018700651303858246,0.9602378900502296
191.9,0.44198215401724844,0.007204358035045954,1.012310572761321
191.92000000000002,0.4175644001264352,-0.004642140574484318,1.0174064163891752
191.94,0.38921897393788096,-0.015984186964946495,0.9758495800853362
191.96,0.35737441410274906,-0.026045312108135946,0.8912468193425406
191.98000000000002,0.32248895030260877,-0.03418247621675508,0.7700602274105066
192.0,0.2850703954815922,-0.03992759083149134,0.6209854003648019
192.02,0.24570643399775416,-0.04301275400702083,0.4541954329370278
192.04,0.20511432181021966,-0.04337786523780379,0.2805189801649145
192.06,0.16421983206371912,-0.04116053686695532,0.11062344221065562
192.08,0.12427154614040829,-0.03666942493074253,-0.04572776247314365
192.1,0.08698152350360623,-0.030343326640565677,-0.180281780058266
192.12,0.054654543793504484,-0.022699799395413358,-0.2867168221037077
192.14000000000001,0.03024538404180466,-0.014278653689381637,-0.3608448544611455
192.16,0.017319218986177616,-0.0055867339234273086,-0.40058869079750126
192.18,0.020011378883512673,0.0029506569060748864,-0.4057502138296852
192.20000000000002,0.043146923116845745,0.011029974307742933,-0.37760109279552834
192.22,0.0922322449423611,0.018500442153602657,-0.3183295931797933
192.24,0.17122265420671828,0.025365486833938515,-0.23040806173841466
192.26,0.2735808724616738,0.03167010068266971,-0.11614060550138455
192.28,0.37240096313312243,0.037177128161201896,0.021917113484781807
192.3,0.43914379649232743,0.04112992047385135,0.1792112951971982
192.32,0.4719801734330339,0.04262834782809634,0.3476634724869618
192.34,0.48367765678778546,0.04115885334438406,0.5162583401104144
192.36,0.48367539300894974,0.03669305982502161,0.672923377318981
192.38,0.4762606894766242,0.029563853385604088,0.8062410295729212
192.4,0.4631923735228644,0.0203458725752691,0.906642434848086
192.42000000000002,0.4453097935051819,0.009766681912504705,0.9671896355792708
192.44,0.423163139244615,-0.0013684871486184754,0.9840342557296642
192.46,0.3972323919028735,-0.012246325218106834,0.9565873667957371
192.48000000000002,0.36800854429030494,-0.022109170052721408,0.8874219524467898
192.5,0.3360365778632699,-0.030309794948079997,0.7819371751267852
192.52,0.3019563298111612,-0.03635385747032874,0.6478271104467491
192.54,0.2665587958396406,-0.039927269869669234,0.4944090899227681
192.56,0.23087129442939378,-0.04090678098042848,0.33187575679715525
192.58,0.19628292409749115,-0.03935320804859731,0.1705395042921276
192.6,0.16471420101429696,-0.035487966482182304,0.020137818411847842
192.62,0.13881561685143862,-0.029654890031319374,-0.11073716615649566
192.64000000000001,0.12214912537353849,-0.02227094021142975,-0.21503266959186174
192.66,0.11926706518293907,-0.013771312057086094,-0.2874187119636549
192.68,0.13549698676066851,-0.004557017056038391,-0.32425360576203516
192.70000000000002,0.1757978324625679,0.005040488877245626,-0.32336689985224437
192.72,0.24105561401529038,0.014743611293313235,-0.283786467726625
192.74,0.32128035817588624,0.024203900834212196,-0.20572835852866994
192.76,0.3951009304314945,0.03279384210367618,-0.09130005037696359
192.78,0.4462312090038237,0.039591594518815686,0.05423080236468381
192.8,0.4746859346277961,0.043711063869324635,0.22184453988266434
192.82,0.48764267255961485,0.0446129134092213,0.3996104995600405
192.84,0.490611696755464,0.04216517986139931,0.5742664468264619
192.86,0.4863736474442129,0.03658015783827089,0.7327370178635384
192.88,0.47622704346527645,0.02833804813635913,0.8633561693905398
192.9,0.4608742088987416,0.018116020520600785,0.9567958771943947
192.92000000000002,0.4408084221790528,0.00671782721095107,1.0067136705739756
192.94,0.4164599179725097,-0.00499768158525699,1.010116100000892
192.96,0.3882516037349353,-0.016186548336165854,0.967437977886413
192.98000000000002,0.3566252368630398,-0.026083938569527478,0.8823516782205668
193.0,0.32206116199365875,-0.034058280837395816,0.7613383401243581
193.02,0.28510267809439793,-0.03965170106766631,0.6130688831649422
193.04,0.24639385805362585,-0.04260421212855334,0.4476551275226209
193.06,0.20674068607495405,-0.04286033654103153,0.27583905571874967
193.08,0.16720583029739183,-0.040558071197390695,0.10819107084181274
193.1,0.12924213523532338,-0.03600130944366001,-0.04561394470275845
193.12,0.09485282153315752,-0.02961809795235116,-0.17738090771618095
193.14000000000001,0.06673879208959427,-0.021908563700184222,-0.2807896364760474
193.16,0.04838148038028842,-0.013387875397991866,-0.35156972924995533
193.18,0.04405804073571376,-0.004530331893667243,-0.3874475799792714
193.20000000000002,0.058858214856221586,0.004280502851722054,-0.3878805629244885
193.22,0.09853732067173365,0.012791487965075373,-0.35361013639041305
193.24,0.1676951256405866,0.020892555140534244,-0.2860991646208483
193.26,0.26245139865591904,0.02853537469587192,-0.18707194690443912
193.28,0.3602074109832857,0.035460454831999146,-0.05874802434723794
193.3,0.43168062661668166,0.04092860614525359,0.09468094969610243
193.32,0.4699506251699686,0.043978941012469006,0.2654401892044479
193.34,0.4856896155974428,0.043962895254004014,0.44240094915541883
193.36,0.4886226491222897,0.04071977096201116,0.6128230806799626
193.38,0.4835022190739659,0.03448434837523862,0.7641571457159427
193.4,0.4723048956108615,0.025770527360926613,0.8853849954752802
193.42000000000002,0.45594012659858685,0.015281174226948871,0.9679490397403527
193.44,0.43496494773350247,0.003830847949435814,1.0063513930461354
193.46,0.4098347765147473,-0.007727245333812467,0.9984535221543651
193.48000000000002,0.3809907462441703,-0.01857027397107052,0.945491003857316
193.5,0.3488967692027663,-0.027967534944158018,0.8518254429365741
193.52,0.3140657625784603,-0.03533109640433988,0.7244703696949945
193.54,0.27709155442747524,-0.04025206366156296,0.572442389384654
193.56,0.23869779846392752,-0.04252024167254669,0.4059999271012543
193.58,0.1998151927887426,-0.04212615722676513,0.2358384598513984
193.6,0.16169706634008799,-0.039245611309067716,0.07231285620925607
193.62,0.12607465665521986,-0.034208145612321855,-0.0752456509641217
193.64000000000001,0.09533231916225143,-0.02745213342376067,-0.19905845967171576
193.66,0.07265763793464437,-0.01947072862832074,-0.29322899950778025
193.68,0.06212412585356149,-0.010754298169097117,-0.3538468680466472
193.70000000000002,0.068708041449837,-0.001735330307853293,-0.3788647424941896
193.72,0.09814717782823114,0.007258390236940125,-0.36776926553817224
193.74,0.15569902380913478,0.016029384694555292,-0.321099370305753
193.76,0.24079948056188263,0.024466923184498772,-0.23997451743370699
193.78,0.3369794048451665,0.032340585358957716,-0.12609503120478624
193.8,0.41533553528721334,0.039006089857414473,0.017157057473405367
193.82,0.4618151033940484,0.04349284417266509,0.18303870229110664
193.84,0.4833642613841285,0.04500756029695295,0.3611145378438362
193.86,0.49016738205514004,0.04322119700271544,0.538678563397157
193.88,0.4879320222369112,0.038232580693594344,0.702600519991915
193.9,0.47912223114023966,0.030457350082438606,0.8408138244227562
193.92000000000002,0.4648292878827437,0.02053542097103425,0.9433905832345004
193.94,0.44566593230690194,0.009252649341131012,1.0032795602877573
193.96,0.42209519912124477,-0.0025334458869451463,1.0167407140372764
193.98000000000002,0.394543680668416,-0.013965492818824025,0.9834870676848052
194.0,0.3634441208147119,-0.02425271792354773,0.9065487659444579
194.02,0.32925811722372117,-0.03272798768088396,0.7918887969060582
194.04,0.29249789693470274,-0.03889172966795882,0.6478156884554002
194.06,0.25375761174763267,-0.04243997847317273,0.48425154383798824
194.08,0.21376382447601833,-0.04327498276704457,0.31192245729584117
194.1,0.17345552415358464,-0.0414980488280721,0.14154212403871097
194.12,0.13410093214520538,-0.03738550528547927,-0.016941672102781892
194.14000000000001,0.09744489476385931,-0.03134989779936984,-0.15497397062809007
194.16,0.06585386223552633,-0.02388991091397715,-0.265840355269357
194.18,0.04240262575060818,-0.015534088735676091,-0.3449000171647657
194.20000000000002,0.03087584946482656,-0.006784546968790924,-0.3895915847714054
194.22,0.03576015470503119,0.001933882732970577,-0.3992232603788774
194.24,0.06231490220591351,0.010316385649093856,-0.3745752635818898
194.26,0.11618138970745055,0.018208162999079586,-0.3173532090004375
194.28,0.19985364678641038,0.025589818430411717,-0.22959058165394666
194.3,0.30225786305734775,0.032419282022457474,-0.11335370759482653
194.32,0.3935511181729627,0.03828912778863705,0.028509796170690736
194.34,0.4508807041052229,0.04232190751882221,0.19050836168283497
194.36,0.47781238174964336,0.04365323749956576,0.3634604024297888
194.38,0.4866839116051724,0.041865658335989875,0.5355546052502675
194.4,0.48524770222680425,0.03700594237799648,0.6942747021722746
194.42000000000002,0.47687642007130515,0.029458314579578496,0.8280081961111279
194.44,0.462980654398387,0.019836340053542643,0.927168992868446
194.46,0.44428048837318945,0.008899120741135585,0.9849421217074208
194.48000000000002,0.4212824334283892,-0.0025232982134532913,0.9977150269905537
194.5,0.39444337384640255,-0.013600230355912249,0.9652192719551226
194.52,0.3642322424426108,-0.02356482587541438,0.8904016553763135
194.54,0.33116406070347476,-0.03176919057560935,0.7790548872852632
194.56,0.2958338873718792,-0.0377266340354478,0.6392524679047591
194.58,0.2589651429186607,-0.04113834894137292,0.4806449869461322
194.6,0.2214845905055375,-0.04190292563339425,0.31368369865728946
194.62,0.1846354740887818,-0.040108287549221515,0.14884125745128785
194.64000000000001,0.15013426308337252,-0.03600683717165931,-0.004101239784041179
194.66,0.12035931867399048,-0.02997589685619871,-0.13663745473085043
194.68,0.09853371388802572,-0.02246702511227914,-0.24193705920222966
194.70000000000002,0.08884764219132897,-0.01394937595376361,-0.3150303744005793
194.72,0.09645578767388713,-0.004853547598883243,-0.3527650928041339
194.74,0.12709625814664038,0.004475564051265538,-0.35355273809066196
194.76,0.18515512288456593,0.0137973805037932,-0.3169730329433642
194.78,0.26757736104485913,0.022911393301093555,-0.2434434666343473
194.8,0.35596245337499316,0.03144217394562522,-0.1344393612608943
194.82,0.42499479661512,0.03862242103828878,0.00630452420056293
194.84,0.4656155512051924,0.04347453146546499,0.1714230931379501
194.86,0.48487547387232316,0.04526020121157702,0.3499910626432047
194.88,0.4911169175756286,0.04368548744031642,0.5290062915148304
194.9,0.48891240530425667,0.03885697479272266,0.6951230669137604
194.92000000000002,0.4802897993274601,0.0311872386153304,0.8360638896561813
194.94,0.4662001029918781,0.021312464060970676,0.941674299503084
194.96,0.4472128224725778,0.010017907892243435,1.0046671980776187
194.98000000000002,0.42377571162315797,-0.0018354292726655771,1.0210723806516677
195.0,0.396306525188811,-0.013382817400868864,0.990394565101943
195.02,0.3652285382674684,-0.023822987029403386,0.9154916036973747
195.04,0.3309897897123086,-0.032476203381168675,0.8022007647615776
195.06,0.2940814874541582,-0.038829388015225945,0.658757489195778
195.08,0.25506452410262304,-0.042565445686762196,0.49506449775990696
195.1,0.21461279624040733,-0.043575166575458124,0.32187810740478207
195.12,0.17358310452405196,-0.041951330933972165,0.14998261560494136
195.14000000000001,0.1331194102078844,-0.03796585981186174,-0.010577346700224192
195.16,0.09478762366649603,-0.03203206006104658,-0.15114236134986403
195.18,0.06071098161428967,-0.02465535628989253,-0.26490834017496806
195.20000000000002,0.033647461333628274,-0.016377483345057103,-0.34718456266493936
195.22,0.016965364164365365,-0.007720449716222001,-0.3954258211077255
195.24,0.014577447405945453,0.0008637774863106155,-0.40905024821122604
195.26,0.031009405451609944,0.009035143038807453,-0.38907261665270415
195.28,0.07156036600226559,0.016599264849583274,-0.33758625915432183
195.3,0.14123417265225363,0.02352324284364996,-0.2571376091303518
195.32,0.23836750449184135,0.02987414858803745,-0.15015854467938802
195.34,0.3425214150637899,0.03556027715046792,-0.01900527919739446
195.36,0.4214258438861461,0.039992755587001085,0.1326700481644774
195.38,0.4639771524996322,0.042252963942930176,0.29802605225700196
195.4,0.48106866427266914,0.041675341631809554,0.4668861672293365
195.42000000000002,0.4840684135631802,0.03808985501315614,0.6274003593823163
195.44,0.47867686067314363,0.031731256617699106,0.7678955578323506
195.46,0.46723827591684386,0.023108477584067106,0.8782237235930831
195.48000000000002,0.45079170069694163,0.012907529262167781,0.9506547828887901
195.5,0.42994829061632633,0.0019134198490676092,0.980425183802426
195.52,0.4052021193302452,-0.009060681003742788,0.9659905158207188
195.54,0.3770408403733607,-0.019238832088891423,0.9090052710074262
195.56,0.3459965493787481,-0.02793978221763771,0.8140557953744384
195.58,0.3126866026410409,-0.0346230962391341,0.6881849547938755
195.6,0.27786574038724154,-0.03892097500481707,0.5402600589999569
195.62,0.24250378592294902,-0.04065374220376661,0.38024567731860404
195.64000000000001,0.20790111289110655,-0.0398280899530647,0.21844888120997666
195.66,0.1758483984823654,-0.036618365303978155,0.06480572357174064
195.68,0.14882105278635746,-0.031332484540727464,-0.07172591537590867
195.70000000000002,0.13016939774996225,-0.02436561362484574,-0.1836113318743907
195.72,0.12422485518533956,-0.016146651042645403,-0.26498229185018896
195.74,0.13615284261091926,-0.007085068508228921,-0.3116638735687804
195.76,0.17103725634892009,0.0024688477328969,-0.32100942028419815
195.78,0.23080927361037826,0.01222129399922128,-0.2916472605888317
195.8,0.3079828823564452,0.021836079182021767,-0.22341143658825166
195.82,0.3830803690175319,0.0307377958267473,-0.11789320340560547
195.84,0.4380296967489279,0.03804352565235332,0.020364693827762327
195.86,0.47004958131427726,0.04283665848308815,0.18308982853300035
195.88,0.4855428575205496,0.04450108168699427,0.35886769313324746
195.9,0.4903476220533281,0.04282377419741839,0.5346269958924156
195.92000000000002,0.48759207006106947,0.03794722024515418,0.6971797497132857
195.94,0.4787484277240003,0.030295434073837856,0.8344950519185914
195.96,0.46458784715481793,0.02050384311101172,0.9366838228036936
195.98000000000002,0.4456280356430361,0.009349950855953436,0.9967062315896038
196.0,0.4223067922585149,-0.0023175274637373413,1.0107986327207155
196.02,0.3950481724999372,-0.01364897260543204,0.9786169812635005
196.04,0.36429234128188315,-0.02385948602422446,0.9031068855298959
196.06,0.3305163272048208,-0.03228541794407691,0.7901279464108125
196.08,0.29425804263971606,-0.038427980119237634,0.6478766945252695
196.1,0.25615262558024104,-0.041981137940689056,0.48616577535109406
196.12,0.21699093010582837,-0.04284216703824376,0.31562590388225303
196.14000000000001,0.17781086143652972,-0.041104486817332704,0.14690111221572394
196.16,0.14002850168379802,-0.03703359159761493,-0.010093057250369446
196.18,0.10560146776647342,-0.031028146036502068,-0.14678450047648864
196.20000000000002,0.07719088965582159,-0.023569732056079727,-0.256379762183394
196.22,0.05827117679053284,-0.01516628072798881,-0.3340836923873141
196.24,0.05316897309837893,-0.006295201219668097,-0.3770902090259059
196.26,0.06706751932914984,0.0026483559757294185,-0.38435426775364573
196.28,0.10577729619658055,0.011392728498963303,-0.3561754126227878
196.3,0.17376768275991267,0.0198020742068007,-0.2936626616964807
196.32,0.2668423265482158,0.027793207646329584,-0.19830738129405648
196.34,0.36255580869825244,0.03506753156148122,-0.0722483333204573
196.36,0.43260265852591445,0.040860925153504445,0.08026910053179169
196.38,0.4704501483033443,0.04420629017996532,0.2513582499962557
196.4,0.48632739310454465,0.044449505239918086,0.4297605211021446
196.42000000000002,0.4895697299142256,0.04141843164989863,0.6025710960661601
196.44,0.4847714563537389,0.03533557417715715,0.7570265211439091
196.46,0.47385980885284545,0.026706016793354794,0.8818515101554357
196.48000000000002,0.45772911537972205,0.01622902364299286,0.9682062081533346
196.5,0.43692964715572874,0.0047211159792225205,1.0103072155295405
196.52,0.4119104068052759,-0.006957364157137766,1.0057489009056
196.54,0.38310341596524017,-0.01797213968638903,0.9555372561781823
196.56,0.3509585184651543,-0.027577949323734703,0.8638567510494445
196.58,0.31596660102964674,-0.03517061017730663,0.7376058992494192
196.6,0.27868682116557797,-0.04032482883177461,0.5857521153369665
196.62,0.23978830514893473,-0.042815448453922794,0.41856788180093973
196.64000000000001,0.20011690696985007,-0.04262102702604791,0.24681710222021036
196.66,0.16079718421650088,-0.039909862340485214,0.08096248692093824
196.68,0.12337274443322006,-0.03500978495276086,-0.06953805218075507
196.70000000000002,0.08996861016562777,-0.02836432807343163,-0.1967858273363553
196.72,0.06343168715331776,-0.02047937835370084,-0.2947998070910266
196.74,0.04740117952578336,-0.011865885931426526,-0.35965172941536416
196.76,0.04632039794119565,-0.0029846630056441247,-0.38937435656610364
196.78,0.06545165490687904,0.005802117019834788,-0.3836611115307706
196.8,0.11057987891583183,0.014267686660764436,-0.34339233890617776
196.82,0.1854355629386768,0.02232235000351306,-0.2700698571846802
196.84,0.2830003977224438,0.02989973820461137,-0.16543737656673269
196.86,0.37726753921299183,0.036652311427759744,-0.031946094645598756
196.88,0.44172234810773126,0.041754144145621244,0.12558560240340388
196.9,0.4745244129569312,0.04426935455150409,0.29861823910801394
196.92000000000002,0.48716471560482866,0.04364424098458532,0.4755311246616829
196.94,0.488291591640874,0.03980483823734064,0.6434701170525986
196.96,0.48190201801634514,0.033047980690126745,0.790068474542359
196.98000000000002,0.46966129361644726,0.023930537914263104,0.9046988350597386
197.0,0.4523724492181892,0.01318316002636143,0.9793352024357446
197.02,0.4305596318073404,0.0016341903879331884,1.0090942272123888
197.04,0.4046701501592551,-0.0098628074724478,0.992479965247743
197.06,0.3751460837464656,-0.020497059090097528,0.9313467278188622
197.08,0.3424569354306333,-0.029560592059898937,0.830604575553146
197.1,0.30712555138628433,-0.036496448850809916,0.6977071759033711
197.12,0.26976186049038414,-0.040932004727905875,0.5419757361058611
197.14000000000001,0.23111547350004802,-0.042695383046411524,0.3738229987215864
197.16,0.19215840570374076,-0.041814162669758244,0.20394692544472076
197.18,0.1542071315619961,-0.038496778693823175,0.04256449839307348
197.20000000000002,0.11908243714680052,-0.03309824014594833,-0.10124796058571459
197.22,0.08928239492591278,-0.02607314765135146,-0.22005069662640048
197.24,0.06812045033535122,-0.017920537209563797,-0.3083303861306809
197.26,0.05979275574605871,-0.00912635228643646,-0.3625625897641693
197.28,0.06938622419244628,-0.0001094187849147066,-0.38104927730591964
197.3,0.10269073707249264,0.00882329522811967,-0.36355645742958875
197.32,0.16464531370882202,0.017496842147526885,-0.3108127009009846
197.34,0.253145494373662,0.025808119085196052,-0.2240584056660654
197.36,0.34906013629181176,0.033492418451106,-0.10516118877819884
197.38,0.42356798029641435,0.03984584984160723,0.04212122610071851
197.4,0.46601771967899674,0.043891783284057004,0.21051569876380366
197.42000000000002,0.48496032691814844,0.04489507873932699,0.3891759286107358
197.44,0.4901851949747531,0.04259507505795783,0.5652535074347251
197.46,0.4868507142586313,0.037144474626065356,0.7257224649815208
197.48000000000002,0.4771529181459977,0.028997993329175777,0.8588054424160879
197.5,0.46208414984969837,0.018822142379248653,0.9549946301189468
197.52,0.44222508777281944,0.007417685305988241,1.0077417733249603
197.54,0.41803028858923863,-0.004354342580270817,1.013846533527449
197.56,0.3899266546049306,-0.015643799966597313,0.9735538945924382
197.58,0.35835167794930023,-0.025676618897365864,0.8903775567359108
197.6,0.32377562420465306,-0.0338099542251171,0.7706813531246091
197.62,0.28672472859261705,-0.039573721513667594,0.6230662458072335
197.64000000000001,0.2478156190199559,-0.042695946334006425,0.45762288325943584
197.66,0.20781089811158995,-0.04311055164254699,0.2851176338661188
197.68,0.16770621570634095,-0.04094744408460179,0.11618302800491602
197.70000000000002,0.12885478614131918,-0.036505965292390335,-0.0394183193496048
197.72,0.093119514376771,-0.030214016353641345,-0.1733939453777188
197.74,0.06301492729409082,-0.022576593890404315,-0.27933558695837885
197.76,0.04178369331942824,-0.014119039618026064,-0.3529147993884941
197.78,0.033394949419381856,-0.005331204290525828,-0.39185136743876353
197.8,0.042553431565665725,0.003382423293679207,-0.39566906952532943
197.82,0.07473813110949629,0.011744003580793866,-0.3652683494160031
197.84,0.13538233136273528,0.019626889474459144,-0.30236127975095667
197.86,0.2248688782399296,0.027018045622912375,-0.2089059867282008
197.88,0.3271818414113537,0.03380925584819814,-0.08699519085611127
197.9,0.41098608439363843,0.03945627639152246,0.0600639517755909
197.92000000000002,0.4598520703182926,0.04302258773274548,0.22587165771986553
197.94,0.48149018292996676,0.043725258937677744,0.4004028334310867
197.96,0.4875127191737609,0.041262416603273074,0.5714334825260977
197.98000000000002,0.484331279968231,0.03576878980668675,0.726447552407086
198.0,0.47464780349400637,0.027689088754810562,0.8541264712201844
198.02,0.4596263160194903,0.017677875645858813,0.9453791903577933
198.04,0.4399067163380614,0.006519078414853139,0.9940169060197244
198.06,0.41597173916433827,-0.004947658682424123,0.9971218792046801
198.08,0.38827327816576446,-0.01589651902987816,0.9551296108601619
198.1,0.35728237424932885,-0.025578587242412753,0.8716446250864814
198.12,0.323520275037649,-0.033374758699511065,0.7530230457515026
198.14000000000001,0.28759277702823854,-0.03883508276903979,0.6077696648819201
198.16,0.2502409578839971,-0.04170205598438489,0.4458090939534516
198.18,0.21242030366524528,-0.04191652171474304,0.27769827976066286
198.20000000000002,0.17541914687942115,-0.0396060245708016,0.1138506608430119
198.22,0.14101974908978046,-0.03505667888041226,-0.03615955982290914
198.24,0.11168609730519535,-0.02867092909402448,-0.16415136608071465
198.26,0.09073669572840863,-0.02091510077453688,-0.2636999343529146
198.28,0.08245105074763288,-0.012262158107568807,-0.3302782423824625
198.3,0.09205731538498592,-0.003136095542323895,-0.361170707574322
198.32,0.12533493961908587,0.006133720469405215,-0.35518064003178934
198.34,0.18652726084879967,0.01532778175104544,-0.31220455760904753
198.36,0.27177567549991993,0.024262507532905108,-0.23289585484771874
198.38,0.3611810731090513,0.032558731690458385,-0.11893462492660013
198.4,0.42914259494449447,0.03942899882999753,0.025682847506775935
198.42000000000002,0.4680602333624844,0.043896681920846635,0.19327956359423143
198.44,0.48593417659693816,0.045256249617453184,0.37269068516125825
198.46,0.491151624757073,0.04325634904088089,0.5508326191774017
198.48000000000002,0.48813043960538804,0.03804181858957498,0.7144421556102261
198.5,0.47880171383646447,0.030055825778070918,0.8514623534955621
198.52,0.46407582724087576,0.019956796659670217,0.9520651488820397
198.54,0.4445078652713788,0.008543397807099824,1.0093612768692968
198.56,0.42054152441443005,-0.003319008001700301,1.0198139069608956
198.58,0.3925947342431784,-0.014770081509996178,0.9833608777865057
198.6,0.36109316649201034,-0.02502081464665716,0.9032594685315034
198.62,0.32648917204047556,-0.033410183352597184,0.7856838774916775
198.64000000000001,0.2892808576999518,-0.03944842446158781,0.6391217531271723
198.66,0.250040212425407,-0.04284424242158578,0.4736290579716064
198.68,0.20945917197500366,-0.04351447510806662,0.300010907842832
198.70000000000002,0.1684234432490585,-0.04157600197250593,0.12899939569335234
198.72,0.12812109583498743,-0.037320888340650955,-0.029502160190407307
198.74,0.09017963705753947,-0.031176971322215394,-0.1670454799572754
198.76,0.05679759694002878,-0.023657466777790726,-0.27708252053329285
198.78,0.03081021560323227,-0.015304772784076017,-0.355195505730824
198.8,0.015653123002380424,-0.006634867454754021,-0.3991011684692325
198.82,0.015302187238552789,0.001911991809948073,-0.4084437232532267
198.84,0.034367577699559324,0.010012081241147167,-0.3844076246942275
198.86,0.07822108461839107,0.017490780717299984,-0.3291831032593262
198.88,0.15156379723832936,0.024333766485450405,-0.2453338808293012
198.9,0.2511030445280404,0.030608204543744834,-0.1352628801543041
198.92000000000002,0.3538304994206107,0.036177342239757056,-0.0013817435759980283
198.94,0.4283294365873135,0.040389574436110555,0.15236086978285318
198.96,0.46707622704564267,0.042327532286282187,0.31868543773989394
198.98000000000002,0.48198514239371093,0.041382640058868686,0.4871138737583069
199.0,0.4837613264001184,0.037441226652607004,0.6457340855945756
199.02,0.4775522000706692,0.030777439905080414,0.783002472426398
199.04,0.46546566268001466,0.02192613732851722,0.8890295770082781
199.06,0.44845964458714704,0.0115890747722755,0.9564265821408073
199.08,0.4271211452727302,0.0005580784520212651,0.9808160739648515
199.1,0.40193982230137737,-0.010355148785522546,0.9610502655359702
199.12,0.3734068481620623,-0.020383601678365212,0.8991591315258738
199.14000000000001,0.3420629201309941,-0.02886121265497088,0.8000557836348801
199.16,0.30853966278627887,-0.03526735867851298,0.6710392649636427
199.18,0.27361427328247706,-0.039256763082529435,0.5211477174543525
199.20000000000002,0.23829137371570122,-0.04067289633160294,0.36042449553806327
199.22,0.20392390297102583,-0.03954410919865762,0.19916515185024877
199.24,0.17237823004465253,-0.0360629313633839,0.047213913320416856
199.26,0.14623088299374792,-0.03055029655977758,-0.0866260579326753
199.28,0.1289534231456523,-0.02340804788290209,-0.1950144451825362
199.3,0.12499868725498248,-0.015065028938244041,-0.2722906103472386
199.32,0.1395955772269224,-0.005924762695252859,-0.31447464913918566
199.34,0.1776542762023219,0.0036709613963672536,-0.31908422318920915
199.36,0.24028271840817106,0.013430332644605619,-0.28488661290958306
199.38,0.3183480483583089,0.02299710694219078,-0.2118858310632234
199.4,0.391506172313938,0.031752773957894304,-0.10197586901831618
199.42000000000002,0.4432930122860474,0.03878894791654383,0.039842802634195235
199.44,0.47277116203567593,0.04321320189221461,0.20483696149284805
199.46,0.48663464267467155,0.044460321273936294,0.3812938003888157
199.48000000000002,0.49035504355535126,0.04236642881021926,0.5560494602538267
199.5,0.48677222984915275,0.03711358140882257,0.7160012225888094
199.52,0.47722624374334194,0.02915611311283493,0.849342940271538
199.54,0.4624386258218788,0.01915099883961708,0.9465140024413846
199.56,0.442910539441967,0.00788839216487907,1.0008715125433476
199.58,0.4190756117554949,-0.0037793185809805816,1.0090813711546893
199.6,0.39135881621364055,-0.015007449145062862,0.9712263399910783
199.62,0.3602041677846192,-0.025023713454193342,0.8906433365245471
199.64000000000001,0.3260954004710752,-0.033183298469059146,0.7735198112791428
199.66,0.28958115301619974,-0.0390106123671372,0.6282954027483123
199.68,0.2513136972954519,-0.042225044476899586,0.4649278844629366
199.70000000000002,0.21211123807435006,-0.042749276091250094,0.29409068893918777
199.72,0.1730543931307239,-0.040699906754892795,0.12637268064883164
199.74,0.13562266625428793,-0.036361367927711004,-0.028450624362747874
199.76,0.10186051653955824,-0.030145357062329417,-0.1620115628408498
199.78,0.07453598069283822,-0.022539474028213585,-0.26775947880936884
199.8,0.05724172475965901,-0.014050270569984665,-0.3411512951617581
199.82,0.05442805955554592,-0.005146745777358903,-0.37961319311678193
199.84,0.07139923343024446,0.003790413466094529,-0.38228621105586585
199.86,0.11397511425471574,0.012507835682309834,-0.3495892460724481
199.88,0.1860048828410001,0.020883946753375373,-0.28268103529424077
199.9,0.28112185268281364,0.028823455066827652,-0.1830881716229735
199.92000000000002,0.3745230415103411,0.03596775878551662,-0.053128900152633496
199.94,0.4397438170173259,0.041493173321585135,0.10250184518627826
199.96,0.4737602696286223,0.04444957517250568,0.2753721319676553
199.98000000000002,0.48743237293361913,0.04424929838835377,0.4538673459399452
200.0,0.48937518846411826,0.04078216088944129,0.6249940322098875
200.02,0.4836588816892492,0.034315716708170775,0.776113731317404
200.04,0.47199138104972854,0.025386654623435232,0.896228168997886
200.06,0.4551912923822013,0.014714976102426669,0.9768787281696502
200.08,0.4337852281709202,0.0031278270999350313,1.0127258554427
200.1,0.40821615773468684,-0.008513587207535048,1.0018305925444027
200.12,0.37891647682072427,-0.019383203581706095,0.9456505879591716
200.14000000000001,0.34633959144281884,-0.028751828807906592,0.8487729060448624
200.16,0.31098280329988276,-0.03603747055668109,0.7184214872841006
200.18,0.2734156794408805,-0.04084103093541562,0.563791646981475
200.20000000000002,0.23432417452341794,-0.04296520955472076,0.39527486312101684
200.22,0.19458114847898553,-0.04241567941112073,0.22364329895223006
200.24,0.15535301437921975,-0.03938481692594955,0.059264807474473255
200.26,0.11824388946103553,-0.03421947550976509,-0.0885843678840455
200.28,0.08545735219153519,-0.027375601436188276,-0.21225049760773337
200.3,0.05992881422402763,-0.019364010243703152,-0.3060323493056183
200.32,0.04538388150885463,-0.01069305810062843,-0.36628600173028036
200.34,0.04634634903918479,-0.0018141577258271781,-0.3913042380890682
200.36,0.06815336965414764,0.006925535811768313,-0.3809912006999287
200.38,0.11656397745096767,0.015317710908343694,-0.33636985311591366
200.4,0.19470999075511386,0.023287268941169847,-0.25901436612199574
200.42000000000002,0.2936834534390485,0.030758876430893083,-0.1507209852308509
200.44,0.38584499779975245,0.03733825635027259,-0.014107645312493776
200.46,0.446592980637117,0.04216192133472146,0.14564609584550134
200.48000000000002,0.47662123888820807,0.04431831521377097,0.3196100900389717
200.5,0.4876542837879508,0.04330908447666244,0.4959500946003758
200.52,0.48778726324574245,0.03910847239594691,0.6618118897635044
200.54,0.48066441666619675,0.032047911490982,0.8049936648107632
200.56,0.46780983012067623,0.02270797165382845,0.9151487348692675
200.58,0.44997908847701185,0.011833748268228946,0.9846077857223186
200.6,0.42768249281546733,0.00025930853187178726,1.0088843704410753
200.62,0.4013653162610858,-0.011164341967735723,0.9868855851427059
200.64000000000001,0.3714726438569714,-0.02163646327363495,0.9208432505008659
200.66,0.3384805376421988,-0.030465326718043667,0.8159918841285694
200.68,0.30292265946256697,-0.03711475605374826,0.6800349473258274
200.70000000000002,0.2654262049147794,-0.04123548745700709,0.5224544708419425
200.72,0.22676824682576635,-0.0426794789123814,0.35372891791539735
200.74,0.18796380214919517,-0.041496503625007536,0.18452922145019618
200.76,0.15039411770628028,-0.037913566517394394,0.024963181600102288
200.78,0.11597138399581475,-0.0322989156201129,-0.11606618424169995
200.8,0.08731179170089554,-0.02511380731893936,-0.23133253657906366
200.82,0.06786784666135136,-0.016856734059321473,-0.31554827645833783
200.84,0.06198889922358903,-0.008006002310097293,-0.3653981769501964
200.86,0.07491582454004851,0.0010334924372601972,-0.3793498879874113
200.88,0.11248074141229521,0.009972829377802738,-0.35726992560560333
200.9,0.17903097561313186,0.01865136649870486,-0.2999181232669552
200.92000000000002,0.2701948632821988,0.0269533328591389,-0.20855191898515474
200.94,0.36391336363777244,0.034547052732114204,-0.08521220034843374
200.96,0.4328105402706621,0.04065089649924871,0.06584807980644958
200.98000000000002,0.4704846724255007,0.04429369806386253,0.23669713386584734
201.0,0.48664607244993574,0.04481303259457948,0.41601068282515286
201.02,0.49028272092633784,0.04202158579383981,0.5907695471978976
201.04,0.4858695025369788,0.03612610200147801,0.7480320706880598
201.06,0.47530251275187774,0.027619535761397605,0.8762880980680284
201.08,0.4594682198132075,0.01719434602036158,0.9664247322503051
201.1,0.43891335683474675,0.005666029072022083,1.0123698491108917
201.12,0.4140827446638306,-0.0061005337823092694,1.0114362799285224
201.14000000000001,0.38540185736242943,-0.017261651923375067,0.9643766817834435
201.16,0.35331018696194416,-0.02705883261551594,0.8751678826063846
201.18,0.31828231365999127,-0.034872169964150705,0.7505591400780504
201.20000000000002,0.28085161528533165,-0.04025965514259809,0.5994340080025667
201.22,0.24164638322686646,-0.042980003140704645,0.43204732635779364
201.24,0.20144828794064287,-0.04299781118018305,0.2592060535549193
201.26,0.1612832746936698,-0.0404710970205391,0.09146492281193545
201.28,0.12254944888201764,-0.03572246835627561,-0.06159469851482871
201.3,0.08716876051252655,-0.029196431217550032,-0.1919418414035107
201.32,0.05772039924386116,-0.021406806982017697,-0.29348082720895785
201.34,0.03750086430451484,-0.012879775938951262,-0.362215025888677
201.36,0.030509445579461357,-0.004098774050182278,-0.3961845086933661
201.38,0.04146421810439236,0.004544054013532998,-0.39519534246029464
201.4,0.07585008937878879,0.012787677430271531,-0.36037143739921845
201.42000000000002,0.13898892973584037,0.02052433169276139,-0.2935756831026333
201.44,0.23059014328118732,0.02775435637054645,-0.1968484107183215
201.46,0.3331850493495996,0.03436177907117316,-0.07234808912103993
201.48000000000002,0.41514129778036424,0.039775419206680346,0.07647431541981987
201.5,0.46183043638800003,0.04305469268543623,0.24299847034969513
201.52,0.48200956940475337,0.04344836960550349,0.4170406282446321
201.54,0.48713854323610367,0.04069293047989982,0.5863675075775143
201.56,0.4833371233437399,0.03495266610351095,0.7385911551067462
201.58,0.47316241487999283,0.026692452815119384,0.8626200243779151
201.6,0.4577260048475755,0.016579016110696943,0.9496544147951801
201.62,0.43765222873071896,0.005401131044990485,0.9938307359699969
201.64000000000001,0.4134218359713616,-0.0060035492261496844,0.9925619920666999
201.66,0.38549080444737016,-0.016817330517377285,0.9465939064526715
201.68,0.354338772088967,-0.026304487617055946,0.859798186733138
201.70000000000002,0.32050103976701794,-0.03386278073827156,0.7387375193539144
201.72,0.2846055431674645,-0.03906116405303988,0.5920511456098912
201.74,0.24742798517859665,-0.04166130953911565,0.42972136503853103
201.76,0.20997732630547494,-0.041621710403053756,0.2622885697331239
201.78,0.17362214993613245,-0.03908431694402006,0.10008498386835113
201.8,0.1402594501352504,-0.03434487710985334,-0.04744494629155119
201.82,0.11250659428603786,-0.027809501982499225,-0.17227688663881738
201.84,0.09387148721610639,-0.019941530628570965,-0.26814418050278677
201.86,0.08884551697908911,-0.011204297058238836,-0.3306525965946472
201.88,0.10283495736921958,-0.0020066126753177657,-0.3571690681356949
201.9,0.14150836771461583,0.007338834583534309,-0.34651336080293144
201.92000000000002,0.20789739122079293,0.016616997960026397,-0.29854878294245263
201.94,0.29486199373870586,0.02560459922961364,-0.21395300214864788
201.96,0.3797475893242832,0.03381990634860208,-0.09472095381200014
201.98000000000002,0.4401342563957049,0.040389906796574365,0.054416329204148906
202.0,0.4732628862128764,0.04436627214089002,0.22492275601627928
202.02,0.4878656396419444,0.04513959775291456,0.4050550757176698
202.04,0.491212417082546,0.04254718823883794,0.5815353986010114
202.06,0.48691173293886886,0.03679824340493716,0.741211529971792
202.08,0.4765504305892647,0.02838151716236484,0.8723554089736437
202.1,0.4609181033723396,0.017986344880754637,0.9656201050629415
202.12,0.4405311419041404,0.0064287988173967366,1.0146939656416227
202.14000000000001,0.41582236752911805,-0.005421486721919864,1.0166609833208233
202.16,0.3872086606661427,-0.016712307932407106,0.9720717373828169
202.18,0.3551190248326673,-0.02667375752616436,0.8847411698509552
202.20000000000002,0.3200124444039361,-0.034672724675382495,0.7613062909688805
202.22,0.28239788474848093,-0.0402534572745421,0.6105927351152742
202.24,0.24286493404803688,-0.04316170011924994,0.44285128976942023
202.26,0.20213414326549436,-0.043351162789386985,0.2689330075815845
202.28,0.16113681437725488,-0.040972320263831484,0.09947398552933426
202.3,0.12112983990473998,-0.03634475296205109,-0.05584153655054265
202.32,0.08383533916708723,-0.02991546006183328,-0.1888783531384447
202.34,0.05156530274609465,-0.022206999586022,-0.2934588267098563
202.36,0.02726967146493122,-0.01376091048921795,-0.36555247911544875
202.38,0.014485884347469823,-0.005082882199308157,-0.40324062478338263
202.4,0.017293889343080484,0.0034050659523745773,-0.40647448194742697
202.42000000000002,0.04044638688180812,0.01140396764487503,-0.37665908419091715
202.44,0.08940174545344588,0.018768496786779356,-0.31609600957222456
202.46,0.1682029990332605,0.025509338165269433,-0.22734619788654692
202.48000000000002,0.2706782077754149,0.03168407404473236,-0.11276420223738381
202.5,0.3702230384390619,0.03707557827278187,0.025110031700644707
202.52,0.4378428043466771,0.040943747115533224,0.18181731966040593
202.54,0.4711976551693034,0.04239037005723273,0.34941103236629784
202.56,0.48309796350003786,0.0408969528971192,0.5169976266385198
202.58,0.4831621016128354,0.03643114877131424,0.6726075653493871
202.6,0.4757770059049685,0.02932299002207401,0.8049131200797622
202.62,0.4627404448552381,0.02014405392203506,0.9044237483478222
202.64000000000001,0.44490597101674223,0.009618093295123583,0.9642661230899611
202.66,0.42283010764027984,-0.0014541749108316444,0.980639772708146
202.68,0.39699765912769047,-0.012264351055972449,0.9529847001322252
202.70000000000002,0.3679055240343564,-0.0220596776013869,0.88388305236755
202.72,0.3361072855370395,-0.030197411838575196,0.7787242415644964
202.74,0.3022557702610399,-0.03618688359015236,0.645176157045406
202.76,0.26716156286732623,-0.03971652166946366,0.49251746109635225
202.78,0.23188104308121396,-0.04066415098143807,0.3308948581821864
202.8,0.19784513344506638,-0.03909000622458257,0.1705737550456336
202.82,0.16703172962843718,-0.035213122846663246,0.021250545710400047
202.84,0.14216459150005822,-0.029373130756566626,-0.10851054347118122
202.86,0.12688866255519438,-0.0219811269237357,-0.21166440408042042
202.88,0.12582454748091915,-0.013465328549211928,-0.28286275537971683
202.9,0.14427073607008345,-0.004220193664451002,-0.31841773480446256
202.92000000000002,0.1868244995747454,0.005424630615245368,-0.3160937592330392
202.94,0.25329348421658304,0.015178530772874697,-0.27487154777106354
202.96,0.3322125819804161,0.024653815459142667,-0.1950227869858131
202.98000000000002,0.40243711737358473,0.03317291339773048,-0.07890223201805008
203.0,0.449989636768805,0.039801466826490245,0.06783536076896532
203.02,0.4761934958262168,0.04368832414136162,0.23583648158920723
203.04,0.4879431269737202,0.04433987342938904,0.4130101495143743
203.06,0.4902138882722883,0.04165912277400807,0.5860976219244418
203.08,0.4854939986739505,0.03588199843541852,0.7421431165695404
203.1,0.47496718747482813,0.027504147242799572,0.8696775039063956
203.12,0.45929700422645636,0.01721161662123093,0.9596180181566053
203.14000000000001,0.4389654920264513,0.005811069932431088,1.0058908870983447
203.16,0.41440176823747393,-0.005841260713253744,1.005771776954403
203.18,0.38603243710058444,-0.016908923703140497,0.9599441061455938
203.20000000000002,0.354306830820369,-0.026638548013335664,0.8722905592243093
203.22,0.31971775209936926,-0.0344127961366822,0.7494507599188669
203.24,0.28282832676715675,-0.0397894293458939,0.6001938961607705
203.26,0.24431403165183563,-0.04252403162890639,0.43466714778820126
203.28,0.2050301629366721,-0.042575151499750566,0.2635881744591605
203.3,0.16611506438577386,-0.04009184355395912,0.0974524317072987
203.32,0.12913303255092784,-0.035384799734726136,-0.05417625719546312
203.34,0.09624224799390964,-0.02888354564261342,-0.18323072536220428
203.36,0.0703461912085607,-0.021083662618703352,-0.28351273729588405
203.38,0.055180786565776886,-0.012489479832347317,-0.3508430875350102
203.4,0.055339222088575134,-0.003558253908468887,-0.38298352509425826
203.42000000000002,0.07625545723396678,0.005349083667168784,-0.37934700764839635
203.44,0.12370222048489038,0.01400360408065203,-0.3405341434811777
203.46,0.20058769199561463,0.022301555645022356,-0.26779448324144095
203.48000000000002,0.2976909389489008,0.030129408312914094,-0.16273372232431538
203.5,0.3878162469760585,0.0370545532430572,-0.027938540074817372
203.52,0.44738131445419,0.0421945972411666,0.13132377969633252
203.54,0.4771672304278534,0.044634325259170014,0.305996823788114
203.56,0.48839699749800247,0.04386866292895177,0.48410308605383334
203.58,0.48884158734256483,0.039860131162799455,0.6526065564811341
203.6,0.48202540862891013,0.03292901423912938,0.7990762174120596
203.62,0.4694358210262296,0.023648830873217397,0.9128990631731677
203.64000000000001,0.4518164506690393,0.012762982481410654,0.9861217915271403
203.66,0.42967112216642567,0.0011092883871398414,1.0139781804443775
203.68,0.4034379805145876,-0.010452603317454855,0.9951206052948324
203.70000000000002,0.37355163604136365,-0.02110939921556426,0.9315689403294584
203.72,0.3404718987481902,-0.03015418009141299,0.8284017069339189
203.74,0.30470693761562695,-0.037034404497017226,0.6932299902279624
203.76,0.2668438072552278,-0.04138482531484911,0.5355086673757179
203.78,0.22759657718522394,-0.043043370447445134,0.36574959401633805
203.8,0.1878828174643801,-0.04204926072363908,0.19470675527339226
203.82,0.14893746312973236,-0.03862385136555165,0.03260385981802637
203.84,0.11246271733096087,-0.03313589846050954,-0.11152950376964654
203.86,0.08078923322796486,-0.02605429546086196,-0.2303564531249224
203.88,0.056998571840145854,-0.01789286915108182,-0.3185246722965529
203.9,0.04496955469118342,-0.009153127108198222,-0.37273128677503814
203.92000000000002,0.04938688835436032,-0.00027073025515378184,-0.3915645028844942
203.94,0.07573919864035379,0.008430212458115812,-0.3751455868820786
203.96,0.1296712545558235,0.0167675984131422,-0.32461369184760513
203.98000000000002,0.21294124484968718,0.024680188137430996,-0.24157034625105833
204.0,0.3130149371903906,0.03205691283827069,-0.12786839956145366
204.02,0.40025523645265,0.03840679370106835,0.013539225673293076
204.04,0.4543730031613329,0.04281005106740389,0.1767863226672845
204.06,0.47990393450780156,0.044409781372437396,0.3522589070147964
204.08,0.4884312162705332,0.042801974820656764,0.5277672627716778
204.1,0.48702288918678527,0.03803746278242589,0.6904510882063165
204.12,0.47875230862868023,0.03050160231850777,0.8283616227457588
204.14000000000001,0.4649251544923946,0.020811876631902256,0.9315854377708894
204.16,0.4462247995530255,0.009735994035537498,0.993005086111233
204.18,0.42314018262460085,-0.0018828721387343537,1.0087492584378217
204.20000000000002,0.3961125581570916,-0.013197475522476586,0.9783505932912661
204.22,0.3655898925541133,-0.023422484514540494,0.9046275920365173
204.24,0.3320554660230973,-0.03189129114605765,0.7933196350637964
204.26,0.29605504921432063,-0.03809998799993375,0.6525193263179431
204.28,0.25823535301051825,-0.041735723536374204,0.4919594248371671
204.3,0.21940478427283805,-0.042687786270522166,0.32222054855031634
204.32,0.1806276802172321,-0.04104097760798962,0.15393001839771114
204.34,0.14335918584129917,-0.03705203708739532,-0.0029784374965381027
204.36,0.10961341678371447,-0.03111113286775057,-0.13987991693050603
204.38,0.0821318939092028,-0.023691854507429076,-0.24989513707999944
204.4,0.0645024107974873,-0.015294688660095201,-0.32811227149371713
204.42000000000002,0.06120651418348623,-0.006389961503961336,-0.3715795999691122
204.44,0.07760168338980596,0.00263406277240765,-0.3790784619072121
204.46,0.11951296105277098,0.011510962407571086,-0.35070937612604625
204.48000000000002,0.19063351158058148,0.020099914663067268,-0.2873767542802405
204.5,0.2843461153646135,0.028278883084077694,-0.19044489873733955
204.52,0.3761074180046364,0.035660888331983685,-0.062184261341284186
204.54,0.44027224486249533,0.041407467529163564,0.09266740250135619
204.56,0.47400548771123807,0.04456695833077656,0.265607211791553
204.58,0.4877896840597164,0.04454845686559185,0.44494380803675154
204.6,0.4899601837172413,0.04123348457743911,0.617582922521476
204.62,0.48448031729507784,0.034880482059193536,0.7707490398045808
204.64000000000001,0.4730259675839894,0.02601931450791987,0.8932742904963431
204.66,0.4564063292378111,0.015366704325170791,0.9765100411024347
204.68,0.43514397370817887,0.0037503560898060747,1.0149212831186787
204.70000000000002,0.40967806208246005,-0.007964340356416345,1.0063832217836663
204.72,0.38043555304144144,-0.018944051009792403,0.9521908040965847
204.74,0.34786143572240646,-0.02845000284699894,0.8568023848123492
204.76,0.312439795269655,-0.03588925665348507,0.7273545824480728
204.78,0.2747193083205741,-0.040851440491424744,0.5730001885406103
204.8,0.23535288010620742,-0.043128730655187034,0.40413211209719285
204.82,0.1951615977719368,-0.0427180940924088,0.23156275534293166
204.84,0.15523277384548034,-0.039806032975031005,0.0657296960949541
204.86,0.11705465445661915,-0.03473727527470163,-0.08400481506389004
204.88,0.08267020977233064,-0.027970138975977672,-0.2099013225562228
204.9,0.05480359583284242,-0.020022798434531287,-0.3061922154185016
204.92000000000002,0.036908192470067956,-0.01141617335368111,-0.3692069980732917
204.94,0.03315260595961873,-0.002619566007960281,-0.39727273745250136
204.96,0.04845389220064154,0.005996715562862201,-0.3904101306615825
204.98000000000002,0.08844589122073891,0.014199238761187137,-0.34985778962175745
205.0,0.15793888078103854,0.021905643934200233,-0.27748232564938613
205.02,0.25388087976399304,0.02911047153170789,-0.1752736660384893
205.04,0.3542584856800977,0.03561470640065753,-0.045507122634672645
205.06,0.42847077484637686,0.04072844071553323,0.1078040254524642
205.08,0.4681992823678415,0.04350063536151818,0.27718212953406185
205.1,0.48434587082893876,0.04327564875745737,0.451789452888347
205.12,0.4872488740085989,0.03989108190305318,0.619156863911125
205.14000000000001,0.4819867988604963,0.03358408887942244,0.7670093860296253
205.16,0.4706570219946678,0.02486945352475287,0.8846112372050798
205.18,0.4542099221977394,0.014446828970416046,0.9636829532523489
205.20000000000002,0.4332189737020709,0.003123023314009984,0.9989827729129385
205.22,0.4081510906734775,-0.008260445507709055,0.9885891041621725
205.24,0.37946127614557285,-0.018895264902914183,0.9339016277031184
205.26,0.34763393337491816,-0.02806671482508928,0.8393845656709837
205.28,0.31321366291688385,-0.03520282421747143,0.7120896742677518
205.3,0.27684370021912363,-0.03990912967480842,0.5610105025466148
205.32,0.2393244853626676,-0.04198687731338093,0.39633020051339873
205.34,0.201704381975254,-0.041433672826384445,0.22863149030180968
205.36,0.16541216218969532,-0.03842677867197516,0.06813900954209197
205.38,0.1324300372913805,-0.03329048830291163,-0.07593899480709047
205.4,0.10548336752893239,-0.02645038602081434,-0.19591105094749942
205.42000000000002,0.08819926508887005,-0.018378869342809415,-0.28590068744100133
205.44,0.08518323526440776,-0.009537734841828786,-0.3419187636042769
205.46,0.10193008810115939,-0.00032463885341509936,-0.3617113969764204
205.48000000000002,0.14407753504845305,0.00896595123904746,-0.344417485655376
205.5,0.2141186866639495,0.018137063183447474,-0.2901430286180126
205.52,0.303292180664726,0.026965973693121113,-0.19976374190651547
205.54,0.3873797031656034,0.0349403222850844,-0.07553383234471647
205.56,0.4451020506764773,0.04115870784146605,0.0774187167342866
205.58,0.4758096247988179,0.04469224486124915,0.2501372175788525
205.6,0.4887735894794896,0.04498316259094515,0.4306126065698343
205.62,0.49098121635283815,0.04192091558609539,0.605515607501031
205.64000000000001,0.48578207515973637,0.03575717710821723,0.7618327211145619
205.66,0.47464323942721537,0.027012998388111786,0.8881239850443661
205.68,0.45830978929904775,0.01639999713622971,0.9754397665409434
205.70000000000002,0.4372834582059279,0.004746303542155792,1.0179344593812516
205.72,0.41199341426312125,-0.007076616331063225,1.0131857998817095
205.74,0.3828572982774951,-0.018224391235085784,0.9622258142628773
205.76,0.35030730983971387,-0.027943408592372862,0.8693021342183923
205.78,0.3148079468515311,-0.03562354306440955,0.7414052275586358
205.8,0.27687701372236856,-0.04083651968788046,0.5876124743690406
205.82,0.23711840597844067,-0.043357597576512016,0.4183115832619435
205.84,0.1962759262267659,-0.043169507819357,0.24437261910030206
205.86,0.1553177365627375,-0.04044882274849696,0.0763396771516076
205.88,0.11555568721048137,-0.03553613314365887,-0.07628987748682438
205.9,0.07878580494376407,-0.028892652994166265,-0.20563863577594488
205.92000000000002,0.04740564585838044,-0.021047327643247463,-0.3058281670333167
205.94,0.024447254693891012,-0.012540111962461336,-0.37313669429983226
205.96,0.0135168312880391,-0.0038678927400882324,-0.40593308893238733
205.98000000000002,0.018764661175533052,0.004562092023121824,-0.40440853481217726
206.0,0.045040649774379306,0.012470478883407262,-0.3701388996887817
206.02,0.09782593426495065,0.019734541504279262,-0.30551111843833334
206.04,0.18051388978804167,0.026382551317448467,-0.21308623908405247
206.06,0.284584164770353,0.03245997286490255,-0.09519676370251415
206.08,0.3812127857123237,0.03768687280176465,0.04548732737890284
206.1,0.4438867475970382,0.041269108492666656,0.2041087059872718
206.12,0.4736597078027969,0.04233558925678645,0.3722639645814958
206.14000000000001,0.48358262006628416,0.04043497677991443,0.5388154706109025
206.16,0.4824866592930437,0.035591103406453495,0.6918043575456434
206.18,0.4742776577619321,0.028172062602858296,0.820100762177716
206.20000000000002,0.46056529174969996,0.01877407042703605,0.9145360209656093
206.22,0.44214131933977036,0.008134856246143359,0.9686353943824882
206.24,0.41954522460874655,-0.002940515487782672,0.9790334132232233
206.26,0.3932606528978034,-0.013648197316968652,0.9456043954299218
206.28,0.36379056000157206,-0.02324783452558747,0.8713304668082642
206.3,0.33170026698266014,-0.031115427111235886,0.7619381491955481
206.32,0.2976614979288102,-0.03678346787502854,0.6253479343303866
206.34,0.2625143720746862,-0.03996576555294063,0.4709932348644078
206.36,0.2273606799754367,-0.040565404683605255,0.30907344163562733
206.38,0.19369898683444597,-0.0386654469208514,0.14980972542518964
206.4,0.16360248597156782,-0.03450320715505916,0.002771379830491919
206.42000000000002,0.13991836531103044,-0.02843033641484915,-0.123665547753691
206.44,0.12643288298540434,-0.020862646274577148,-0.22267780638536075
206.46,0.12789358842108547,-0.012225718535103883,-0.28914292744403536
206.48000000000002,0.14961456609248153,-0.002905685111552822,-0.3195759520939103
206.5,0.19581170053602687,0.006776369040022022,-0.31190755971038
206.52,0.26500191827932634,0.01652535817783111,-0.26527056908510754
206.54,0.34380387750187535,0.025919371153356907,-0.18016270815956592
206.56,0.4109906537665576,0.03423067009507145,-0.059347532205479725
206.58,0.4549619299159027,0.040513201218227046,0.09097042869901872
206.6,0.4786020327168646,0.0439581476973439,0.26095657520511
206.62,0.4887335412024737,0.04413185788542905,0.43825634084610127
206.64000000000001,0.48988914987769977,0.04099006880275825,0.6095765071389612
206.66,0.48428687844715523,0.03481014429270608,0.7621149797112814
206.68,0.47299673287233523,0.026118831759031663,0.8847011165970734
206.70000000000002,0.45664133817936875,0.015623272775568525,0.9686550551309818
206.72,0.4356898088639016,0.004141051986736652,1.0083700072916644
206.74,0.41056892126007627,-0.007470787445561215,1.0016119820545963
206.76,0.3817076757044656,-0.018384458868366087,0.9495387141123944
206.78,0.34956105657738706,-0.027863465043687394,0.8564556044452091
206.8,0.31463123366182083,-0.03531372783509429,0.7293440402158582
206.82,0.2774962609161608,-0.040320415471542144,0.577212842414571
206.84,0.23885546310924785,-0.042668182129481945,0.41033501892075275
206.86,0.19960198930897916,-0.04234375299210772,0.23943871746922443
206.88,0.16093248975440258,-0.03952100673483388,0.07492309460732355
206.9,0.12449595593130637,-0.03452991874949045,-0.07383320483163025
206.92000000000002,0.09256329462870433,-0.027812038887956633,-0.1990112786446442
206.94,0.06817294447244776,-0.01986669021263695,-0.29469289091058026
206.96,0.055208478803332274,-0.011193496685820162,-0.3569768181860767
206.98000000000002,0.05841901476493425,-0.002237200670019484,-0.38386802790895846
207.0,0.083373861478514,0.006660189422324532,-0.3749591576174349
207.02,0.13571244921164094,0.015291099737735509,-0.33094761965025177
207.04,0.21705842791530375,0.023561236475044958,-0.25311026874851467
207.06,0.31498127779797147,0.03132202414459207,-0.14311899083865895
207.08,0.400666179926644,0.03805411095182239,-0.0038832765059101937
207.1,0.45436626570354727,0.04282678383651033,0.15869722192082883
207.12,0.48017731686840465,0.04477392335027907,0.3349413944640747
207.14000000000001,0.4891844430757184,0.04347403387706806,0.5125387396823667
207.16,0.4882573244682212,0.038957897484192386,0.6784304810663728
207.18,0.4804172427321029,0.031594384949545376,0.8203949198040459
207.20000000000002,0.46695798089046203,0.02199075745497296,0.9281917721237422
207.22,0.4485586660575999,0.01091159818378563,0.9943499490947926
207.24,0.4257035910958795,-0.000796047697170843,1.0146461404709182
207.26,0.3988265674855631,-0.012274786122670784,0.9882893505767688
207.28,0.3683636416972682,-0.022724063525829438,0.9178256541833254
207.3,0.33477929906859394,-0.031458540682423757,0.8087904812155857
207.32,0.2985897194776948,-0.03795387888503097,0.6691514415145532
207.34,0.26039494612017916,-0.04187703288699945,0.5085982058985281
207.36,0.22093011830716122,-0.04309929859417987,0.3377453261198747
207.38,0.18114648083590223,-0.041691590634543106,0.16731843282203954
207.4,0.14233029742226064,-0.03790263503087305,0.007393921175678032
207.42000000000002,0.10625555082322348,-0.03212198572302892,-0.13324293059526165
207.44,0.07534112639976184,-0.02483114829723039,-0.24756677415681305
207.46,0.052760243545615475,-0.016547652345588495,-0.33056952910562526
207.48000000000002,0.04247250741519475,-0.007768090478870771,-0.3792898756146184
207.5,0.04923217055484679,0.001084309874274996,-0.3926224238886745
207.52,0.07858183145216094,0.009703824337337817,-0.37093258885400265
207.54,0.13604597769764323,0.017929569128307243,-0.31552276244741145
207.56,0.22246831424794222,0.025714035591791796,-0.22808217659140734
207.58,0.3231480266152465,0.032929699530525686,-0.11054862178982819
207.6,0.40762166795255256,0.039036894694334655,0.03389931436246866
207.62,0.45821309108147384,0.04309638632495406,0.19900891825102585
207.64000000000001,0.481354234994027,0.04429136810342956,0.37482784735597674
207.66,0.48847469491599615,0.042274722847131976,0.5490377425789921
207.68,0.48613523955772353,0.0371428536109832,0.708857917574232
207.70000000000002,0.47714020668924445,0.0293133858204665,0.842574033939161
207.72,0.46269409458262906,0.01942523052636532,0.9406138675438437
207.74,0.4434476649809334,0.008257808037623916,0.9962672608740277
207.76,0.4198815711839883,-0.003343254722758632,1.0060983779942168
207.78,0.3924379172733449,-0.014536898565803345,0.970067587513753
207.8,0.3615703231854477,-0.024551538670823887,0.8913808081790603
207.82,0.32777218853718715,-0.03274030727040412,0.7760972689803546
207.84,0.29160554532134936,-0.03862307382629381,0.6325416849113499
207.86,0.2537429329827108,-0.04191259098694327,0.47057940109711754
207.88,0.21503354456687998,-0.04252326570361803,0.30082140357000303
207.9,0.17660474453522954,-0.04056226135056495,0.13382968586600813
207.92000000000002,0.1400048485744752,-0.03630384080314257,-0.020607768056661424
207.94,0.10737666499202642,-0.030149129544191685,-0.15406925781129246
207.96,0.08162522194539701,-0.022574935542140708,-0.2599073305850982
207.98000000000002,0.06653066432863293,-0.014076786935054849,-0.3334385231700903
208.0,0.066788432460895,-0.0051122186489343455,-0.3719037372051702
208.02,0.08794744603505547,0.00394984099839792,-0.37421199387442367
208.04,0.13571012509696814,0.012864447508735416,-0.3405072492684669
208.06,0.21231934296240917,0.02149814411806425,-0.27167069667906374
208.08,0.3073187569240676,0.02968377483596288,-0.1691038068093539
208.1,0.393679080818959,0.036921837291901426,-0.03544146141035332
208.12,0.45011745696477495,0.04229761667123173,0.12378669606794779
208.14000000000001,0.4784414920004495,0.04490817817122596,0.29923154475614805
208.16,0.48924344126349084,0.044265893481323676,0.47869415722719655
208.18,0.489652487539223,0.04033948838201075,0.6489643678438541
208.20000000000002,0.482906231207993,0.03344951919667705,0.7974475007463792
208.22,0.47039341073582763,0.024169496699887456,0.9133661657890505
208.24,0.45282599393344886,0.013244849205057542,0.9886063392449355
208.26,0.43069603069016466,0.0015179432387845573,1.0182542322258994
208.28,0.40443424028582625,-0.010144791333943986,1.0008374781203935
208.3,0.37446674108572914,-0.020921669012128923,0.9382817991536699
208.32,0.3412409016976324,-0.030096555590975797,0.8356070577886633
208.34,0.3052455247157849,-0.03710773312515895,0.7004027560513283
208.36,0.26703709871584064,-0.04158169577610708,0.5421373502295314
208.38,0.22728147871557036,-0.04334989263754329,0.3713660324119743
208.4,0.18682111229151288,-0.042447673804424116,0.19890709290682604
208.42000000000002,0.1467769257148645,-0.039095919099498236,0.03505749238323778
208.44,0.10868503571328544,-0.03366703271263642,-0.11108604549953113
208.46,0.07464585424697308,-0.026638295747394434,-0.23214339614335555
208.48000000000002,0.04743433706077031,-0.018537103882062526,-0.32276279680087533
208.5,0.03052340311102125,-0.009884048674838022,-0.37970711164182464
208.52,0.028054915884624283,-0.0011398949986805356,-0.4017184447888481
208.54,0.04488869029299647,0.007339885373138081,-0.3891851404696825
208.56,0.08660520046188144,0.015341260081835876,-0.3436444700729541
208.58,0.15792563537315774,0.02280401884378417,-0.26717778206548687
208.6,0.2554118260912221,0.029742877003537765,-0.16190256594721117
208.62,0.35627259024091945,0.03596765803171662,-0.030160680569448643
208.64000000000001,0.42981654656394763,0.0407872817337502,0.12397856724944498
208.66,0.46859131462849635,0.043260065262577065,0.29299148752217713
208.68,0.48398208140259386,0.042754122126978884,0.4660640583317655
208.70000000000002,0.4863254693170699,0.03913190098648217,0.6308520341931275
208.72,0.48062442420319795,0.03264952767064498,0.7752938896956746
208.74,0.4689369833255773,0.023833771730543497,0.8889292370324914
208.76,0.4522003662342609,0.013389397419839596,0.963788122607867
208.78,0.43098663053182995,0.0021217853203760397,0.9949455092751919
208.8,0.4057671818617424,-0.009134881105307632,0.9807787349005138
208.82,0.3770062698041371,-0.019584538830979374,0.9229468527999534
208.84,0.34520339252113086,-0.028528314192347748,0.8261167800954281
208.86,0.31092683441768854,-0.03541211900790321,0.6974749595458357
208.88,0.27485671761273595,-0.039859707569593755,0.5460768455040216
208.9,0.23785053389455332,-0.041689133990396005,0.3820968629057731
208.92000000000002,0.20104336459714478,-0.04091170380022803,0.21604744351027996
208.94,0.16599150435832935,-0.03771370461746143,0.05803699441044087
208.96,0.1348554573012842,-0.03242245191461029,-0.08286695098508097
208.98000000000002,0.1105940020066805,-0.025459612339964965,-0.1991120696335636
209.0,0.09711625548899541,-0.01728638872831848,-0.28493080045852626
209.02,0.09932218974025905,-0.00834670168570669,-0.3363843481221848
209.04,0.1228450049747924,0.0009835897886201048,-0.35118821922439086
209.06,0.17265654071376071,0.01042571241035733,-0.3283700374035586
209.08,0.2482937248195048,0.019762400120212218,-0.2679190077859681
209.1,0.3357294093276285,0.028666562410634977,-0.17083016212039215
209.12,0.4100221498949155,0.03646159831803947,-0.04004978643205052
209.14000000000001,0.45709371838127577,0.042182792784949213,0.11809025415782297
209.16,0.48100008917364734,0.04499752185012119,0.29351708372912144
209.18,0.4902949057878951,0.04448800163788616,0.4736192479456275
209.20000000000002,0.49032405081065644,0.0406536501755806,0.6449734414872332
209.22,0.4835516226063691,0.033823168604003,0.7948427310175236
209.24,0.4711039556058346,0.02457107691571926,0.9123223642835205
209.26,0.45361184310441854,0.013643215807546433,0.9891726126826129
209.28,0.43154191525051966,0.001883829948012011,1.020358256782221
209.3,0.40531512149147486,-0.009836921682828612,1.0042967224581008
209.32,0.37535114447735485,-0.020692004222178154,0.9428218128622402
209.34,0.342089949121032,-0.029958800290420147,0.8408853239225261
209.36,0.30600951593011544,-0.037068581915419965,0.7060358919425874
209.38,0.2676494483534955,-0.04164096766335269,0.5477291034145881
209.4,0.22764890234835408,-0.04350134048732099,0.3765333883091942
209.42000000000002,0.1868084362893197,-0.042680456633267305,0.2033018117569057
209.44,0.14618488426734902,-0.039396707146834235,0.038380478484949104
209.46,0.1072203708872396,-0.03402269218389822,-0.10907997772510057
209.48000000000002,0.07188481643799534,-0.027039054398688863,-0.23165250017818712
209.5,0.04278067873054097,-0.018980038975473356,-0.32395873850015994
209.52,0.023154882702165768,-0.010376755740708584,-0.3827696512425922
209.54,0.016839983588079598,-0.0017044305830158691,-0.4068852481382854
209.56,0.02827469312043068,0.006662441583292157,-0.3968185183430625
209.58,0.06266236043704303,0.014486703730835965,-0.3543165334938142
209.6,0.12536898174968353,0.021691164303207253,-0.2817577376801382
209.62,0.21710208933832903,0.02832286825646312,-0.181548582015042
209.64000000000001,0.32210713576655214,0.034343940802953506,-0.05596702556493961
209.66,0.4081682361268663,0.039272171180018516,0.09176891157736589
209.68,0.45790220268650167,0.042204177635208104,0.2555401882846504
209.70000000000002,0.4793819993173058,0.04237647171491506,0.4256988174930536
209.72,0.4848762963442616,0.03950936122460841,0.5904799248914555
209.74,0.4811313837934614,0.033758424333915384,0.7379154358901834
209.76,0.47097118375588737,0.025580818996265547,0.8573030587769124
209.78,0.45560299229926937,0.01563199966059368,0.9401951818337942
209.8,0.43568769235393073,0.004684922311099342,0.981026061618781
209.82,0.4117270303733227,-0.006442300721117544,0.9774353844124974
209.84,0.384198647469974,-0.01695364104794432,0.9303125425419201
209.86,0.35361246450342587,-0.026135277051302464,0.8435851256111637
209.88,0.3205496075624524,-0.03340517264162094,0.7237868498954467
209.9,0.2857082627160166,-0.03834893725474677,0.579453677457327
209.92000000000002,0.2499712150321835,-0.04073967358403095,0.42040793223221284
209.94,0.21450780660997742,-0.040540621878972526,0.25699722799055696
209.96,0.1809194732638185,-0.03789058503811201,0.09935745390250261
209.98000000000002,0.15142581742600614,-0.03307337297913742,-0.04323334095135242
210.0,0.12906333982103443,-0.02647395185515241,-0.16285108386013844
210.02,0.11783539041700956,-0.018525718643366218,-0.25322687044897524
210.04,0.12270031736464443,-0.009655378866624452,-0.3098298950916306
210.06,0.14908187672205145,-0.00023541130751945308,-0.3297406957253257
210.08,0.20086501749931376,0.00943502725365782,-0.31138074597200716
210.1,0.27504162513828184,0.019073453474640734,-0.25429622691982995
210.12,0.3556114676116197,0.02823495282678227,-0.159412055698397
210.14000000000001,0.4207054386857722,0.036142045278345976,-0.030079472741020033
210.16,0.4612209588907382,0.041836776998935774,0.12676404303757327
210.18,0.48198613423080205,0.04456175942660523,0.3006359752889562
210.20000000000002,0.4900286513297798,0.04396132723826108,0.4788068698711618
210.22,0.48956239878085134,0.040066167030136005,0.6479198853908834
210.24,0.4825738640845199,0.03321720755150039,0.7953873274551542
210.26,0.47002774191187846,0.023991576257713216,0.9104812684134325
210.28,0.4525061998063298,0.013132281804473811,0.9851375031641812
210.3,0.4304641352003005,0.0014771261981827088,1.0144773501022473
210.32,0.404323929308646,-0.010112652067465895,0.9970437059598439
210.34,0.37451376002830356,-0.020820410320761956,0.9347568847331971
210.36,0.3414890463332997,-0.02993438119676955,0.8326123680243086
210.38,0.3057529390895601,-0.036896123703056054,0.6981598654902088
210.4,0.26788521983330255,-0.04133398212335407,0.5408176854454568
210.42000000000002,0.2285886775444462,-0.04307954991501015,0.37108679749356877
210.44,0.18876330818507545,-0.04216637152906667,0.19973451342261445
210.46,0.1496174068240262,-0.038811333984266255,0.03701833185380929
210.48000000000002,0.11281483434527063,-0.03338041335501978,-0.10798372841193271
210.5,0.08063475515319853,-0.026341775196255038,-0.2278792426307842
210.52,0.05609406580691664,-0.018210768402536798,-0.31726190627905126
210.54,0.04299266425736377,-0.009492690570332658,-0.372785500088467
210.56,0.04591856683206285,-0.000629153253588076,-0.3930144183946338
210.58,0.07026488888666221,0.008047954738903958,-0.3780737908475175
210.6,0.12174215625320983,0.01634880438779341,-0.32913889389495227
210.62,0.20286736650016482,0.024212677103047132,-0.24786636551423952
210.64000000000001,0.30295025115130225,0.03155582429721748,-0.13611522873647106
210.66,0.39307890958015174,0.037942652557659405,0.003329902062756393
210.68,0.4505839112283387,0.04248196372959108,0.16496154366515653
210.70000000000002,0.4782543320934462,0.044289541200211904,0.3395211187093667
210.72,0.4879054091779262,0.042917763893953,0.5150175574018548
210.74,0.4871569300572052,0.038383762516793936,0.6786317892935424
210.76,0.4793684436202015,0.031049628136829283,0.8183436350815991
210.78,0.46595242379749147,0.021516644710120502,0.9240901224871306
210.8,0.447627531397459,0.010541941931236275,0.9885509255380909
210.82,0.42489388663089944,-0.0010366037083520381,1.007620151714262
210.84,0.398196292235993,-0.012371920558348641,0.9805849880771
210.86,0.3679839679947566,-0.022674085806505803,0.9100274833108688
210.88,0.3347408970274147,-0.031267777363251925,0.8014774372626973
210.9,0.2990135825030861,-0.03763715628205221,0.6628595035711571
210.92000000000002,0.26144963315325154,-0.041455319633694296,0.5037908455386694
210.94,0.22285842292708885,-0.042596585019429485,0.33479493718801207
210.96,0.18430516840549688,-0.04113107112459739,0.16650165647102905
210.98000000000002,0.14724606247252803,-0.03730224170029747,0.008903553349945255
211.0,0.11369822353110673,-0.03148932665492234,-0.1292669522412216
211.02,0.08641307491835,-0.024157950507454416,-0.2409851020752899
211.04,0.06900368035418111,-0.015803846744661985,-0.32116815193658643
211.06,0.0659988204720092,-0.006895615701831761,-0.3666806264397419
211.08,0.08281105164494146,0.0021775572887114234,-0.37611859975195594
211.1,0.1252477630602851,0.011145428690351643,-0.3494064572333887
211.12,0.19670170388380004,0.019857673645494234,-0.2872975160680386
211.14000000000001,0.2898395201241539,0.028170666522325,-0.19106489868171256
211.16,0.3798422462074881,0.03566425098415943,-0.06300125952134687
211.18,0.44216274757448487,0.041478907084762484,0.09201481717499213
211.20000000000002,0.4748436900280205,0.04466891568906041,0.26531136789166526
211.22,0.4882022425611892,0.04465779363218745,0.44507634900198245
211.24,0.4902204229349048,0.041336225219715146,0.618143345539988
211.26,0.4846784147161035,0.03496716628023848,0.7716909611599603
211.28,0.47318489390679536,0.026083217303213165,0.8945192339536978
211.3,0.4565271847626005,0.015403424441749445,0.9779573166132796
211.32,0.43522053786107107,0.0037577742245530404,1.01645716376581
211.34,0.40970080807975384,-0.00798611761046657,1.0078899927363492
211.36,0.38039219073797764,-0.01899287813991001,0.9535553425364035
211.38,0.3477360407110106,-0.028522034279636333,0.8579236875404606
211.4,0.3122109078584654,-0.0359794249902026,0.728149652506896
211.42000000000002,0.27435675920431035,-0.04095405104867965,0.5734077681597077
211.44,0.23481275252662917,-0.04323814980881407,0.40411384332633876
211.46,0.19437848332721133,-0.04282951694056934,0.2311014257601257
211.48000000000002,0.15410839059387826,-0.03991632805178587,0.0648242610947046
211.5,0.11544215262355233,-0.034845914369888695,-0.08534775547938843
211.52,0.08035403000161685,-0.02808022088724448,-0.2116799522955457
211.54,0.05147451409070448,-0.020142169772490566,-0.30842621859867647
211.56,0.03213014245481498,-0.011558672902545742,-0.37195898517889575
211.58,0.026313640092058655,-0.0028065206639333864,-0.40067508619962855
211.6,0.038708491045854054,0.005734572845579966,-0.3946986408221533
211.62,0.0747624960057249,0.013820227463337317,-0.355412966200733
211.64000000000001,0.13971971798934124,0.02136182998439289,-0.2848679784703162
211.66,0.23291537203350487,0.028376893561384717,-0.18521595620826856
211.68,0.33602534316755484,0.034754878905438345,-0.058678608824811566
211.70000000000002,0.41715738651122714,0.03991745622075705,0.09122213548817362
211.72,0.4626641690547308,0.042927444220935744,0.25777891825134425
211.74,0.4819545770149769,0.04305628796980917,0.43077631730073546
211.76,0.4864757440217983,0.04006677191754167,0.598052609794943
211.78,0.4822219496911428,0.03414370266151989,0.7473862515627888
211.8,0.47168388583882875,0.025765496322508855,0.8679201260676092
211.82,0.45594938414496017,0.015605845472490639,0.951129840263489
211.84,0.43563716375954614,0.004454306167058685,0.9914424728991491
211.86,0.41123002286946814,-0.006856360517516627,0.9865532603775999
211.88,0.383190681901893,-0.017518221634041244,0.9374605301271391
211.9,0.35201038193237705,-0.026809069631712725,0.8482416186139483
211.92000000000002,0.31824278482682394,-0.034142576606651404,0.725605495350369
211.94,0.28254445929084077,-0.03910447909961548,0.5782717712461589
211.96,0.24573546402870455,-0.04147250923568754,0.41623689741391545
211.98000000000002,0.20889243579452582,-0.04121892322397079,0.24999525787434
212.0,0.17348411590748758,-0.03849566303704557,0.08978509405499899
212.02,0.14154870348431256,-0.033603419701916146,-0.05507338031157492
212.04,0.11588998946043261,-0.026947252798942087,-0.1766880889985062
212.06,0.1002426622377674,-0.01898302360046312,-0.268907609813091
212.08,0.09933895894078389,-0.010160513738433515,-0.3274105885115736
212.1,0.11872506961127123,-0.0008708765847301814,-0.3495732704486353
212.12,0.16366000106068074,0.008587915383108765,-0.3341559990408382
212.14000000000001,0.23509480069217054,0.01799109567481075,-0.2809418279354525
212.16,0.32170875013130296,0.027042419572242234,-0.19068105969327995
212.18,0.39935289746932195,0.0351292134096664,-0.06587085588593466
212.20000000000002,0.45090093019704586,0.04131043498855434,0.0878085380150499
212.22,0.4780677572883339,0.04470309989892829,0.2608753400910862
212.24,0.4894116550432771,0.04481247332371796,0.44103618391810295
212.26,0.4908531100738455,0.04157023945021689,0.6148910843926281
212.28,0.48520527898322924,0.035252380118737145,0.769485792828561
212.3,0.4737380991514101,0.026394290223432055,0.8935149616483091
212.32,0.4571330539611701,0.015715746033620442,0.9782078787275714
212.34,0.4358728701729967,0.004048133906741404,1.0179204541063542
212.36,0.410382109393209,-0.007738193814279407,1.0104360756516244
212.38,0.38107900089077235,-0.0188038507711906,0.9569800334831972
212.4,0.34839909863911867,-0.02840341002973759,0.8619666253788743
212.42000000000002,0.31281294127253134,-0.03593727271296952,0.7325152467062543
212.44,0.2748481734176925,-0.04098902725364886,0.5777870734045543
212.46,0.2351245183965177,-0.043346049760108675,0.40820528188015015
212.48000000000002,0.194411015218486,-0.04300234497895667,0.23462826217709418
212.5,0.15371508134801512,-0.040143866378330575,0.06754678966336308
212.52,0.11440681321564894,-0.03511775367026379,-0.08362723821281093
212.54,0.07836283142160247,-0.028388184601402303,-0.2111211151618801
212.56,0.048083555083416926,-0.020483016497420705,-0.30916496207348654
212.58,0.02672545859446321,-0.011936955460043896,-0.374132858804205
212.6,0.018050571186453084,-0.00323763064935632,-0.4044604574834434
212.62,0.026423715716655433,0.005220904692515871,-0.40036085754860606
212.64000000000001,0.05695995400683919,0.013176388886263154,-0.36337115412123266
212.66,0.11515424951782313,0.020524479771502856,-0.29576644609692515
212.68,0.2029758168555384,0.027297057499730853,-0.1999423812556666
212.70000000000002,0.30772684730845934,0.03348529145550872,-0.07815000506185343
212.72,0.3981673151614198,0.03868131915968903,0.06664255391708505
212.74,0.4529744700747983,0.04201043305468558,0.2288073428779066
212.76,0.47768742823076393,0.04265368404919137,0.39912143305519127
212.78,0.4849834403356376,0.04025704748570836,0.5659631247313358
212.8,0.482381063478353,0.034920212921328415,0.7172435552732538
212.82,0.4730874677746415,0.027063038029996888,0.8419550657264648
212.84,0.4584491876675755,0.017317685231395288,0.9312245769182002
212.86,0.4391704354327494,0.006445742088152013,0.9789919535909766
212.88,0.4157627200902791,-0.004735050053488016,0.9823792855683912
212.9,0.38870059555358083,-0.015419024711739449,0.9417773042213485
212.92000000000002,0.35848358511106915,-0.02487419277309009,0.86067113521958
212.94,0.325675043389261,-0.03249383327609912,0.7452384858349337
212.96,0.290945087239555,-0.03783478834055451,0.6037670791683065
212.98000000000002,0.255132870683449,-0.040640005729312687,0.445949767586276
213.0,0.21934112411480566,-0.04084395918297941,0.28212345579443177
213.02,0.18507321028115697,-0.038560745214168954,0.12252112218234584
213.04,0.15441278965913446,-0.0340558881391536,-0.023395400954479714
213.06,0.13022371880103797,-0.02770428342760321,-0.1474610733287354
213.08,0.11631627685066431,-0.019938377539336905,-0.24314386708017807
213.1,0.11748515948813697,-0.011192608433033678,-0.30566386233079756
213.12,0.13918037224046595,-0.0018529619887414448,-0.3318966007386497
213.14000000000001,0.18598040095666993,0.007771097933719508,-0.32011088044877756
213.16,0.2569987224329612,0.01741113076716045,-0.269701968163135
213.18,0.338935231470444,0.026682816481141604,-0.1812970946708941
213.20000000000002,0.40923313442880677,0.034882787243692086,-0.0576549754038264
213.22,0.4549826954560108,0.04105777514511056,0.09505848381597484
213.24,0.4792016034145641,0.04438071432617182,0.26698576493049714
213.26,0.4893421073174506,0.04441130150443711,0.44569622276706783
213.28,0.49030747235516453,0.04111060863539772,0.6178199769354492
213.3,0.4844518160569813,0.034766872828375754,0.7705125899471161
213.32,0.4728849971350768,0.025919018169131204,0.8926081477324455
213.34,0.4562392765922791,0.015285543671875314,0.9754790824436542
213.36,0.43498455053503426,0.0036934067730063688,1.0136126597848745
213.38,0.4095450549561648,-0.007993679448851687,1.0049012135139355
213.4,0.3803446974296304,-0.01894437954252111,0.9506493350213898
213.42000000000002,0.34782999989456276,-0.02842192538509174,0.8553169323806915
213.44,0.31248954287135056,-0.03583516589073403,0.7260345248382523
213.46,0.27487984094560985,-0.040775115532183014,0.5719423982647788
213.48000000000002,0.23566644323715574,-0.04303477317296902,0.40341648696228566
213.5,0.19569029103440275,-0.04261121744395091,0.2312503026538063
213.52,0.15606905200366633,-0.039690212033187636,0.0658637404618401
213.54,0.11833568703730657,-0.03461476047106009,-0.0833937503937488
213.56,0.08459609514908767,-0.027840342938049503,-0.20878643098163435
213.58,0.05765956504884244,-0.01988107427186032,-0.30453664517452234
213.6,0.04109351109158606,-0.011252487873308587,-0.3669450017048861
213.62,0.03922145509213603,-0.0024169933297240116,-0.39428519532429773
213.64000000000001,0.057154251371528283,0.006263723020729852,-0.3864935530742268
213.66,0.10062794476854789,0.014565692899479808,-0.3446873179414139
213.68,0.17387115287355714,0.022409648685969747,-0.2705820655480968
213.70000000000002,0.27146727309011054,0.02976286382028587,-0.16605372723429912
213.72,0.36864949306826283,0.036343276207361726,-0.033483444461914015
213.74,0.4369389579876546,0.04137667714980092,0.12263865119404681
213.76,0.4722161733979698,0.04391877818595178,0.29418934906481975
213.78,0.4860142034155733,0.043379959086253944,0.4698582222260962
213.8,0.48768062290274744,0.03965788658460548,0.6369678899465417
213.82,0.48161422591057645,0.033031127849367806,0.783236776361958
213.84,0.46963507665193377,0.024043382343116253,0.898061144991251
213.86,0.45259851540269275,0.013414714584204589,0.9733915221217445
213.88,0.43104689832984483,0.0019649324429837265,1.004282845166679
213.9,0.40543610693562554,-0.009458718617791153,0.9891476557120898
213.92000000000002,0.37621557076934076,-0.020049290256505158,0.9297283815564679
213.94,0.3438645002838136,-0.029099972000573893,0.830813191847645
213.96,0.3089204309663098,-0.036052290786842835,0.699734592424688
213.98000000000002,0.27201607753370005,-0.04052956920598606,0.5457038345249828
214.0,0.2339362611476732,-0.042353598239788126,0.37904457476226583
214.02,0.1957065883164107,-0.04154366491617109,0.21039504805864398
214.04,0.15872311686057228,-0.03829827536032141,0.049949053073078134
214.06,0.12492100222750241,-0.032961143857791676,-0.09319774670048346
214.08,0.0969569669807305,-0.025974395501505425,-0.21153866958699097
214.1,0.07835790077567295,-0.017823483211441678,-0.2994413448037788
214.12,0.0735952129064195,-0.008979623944680742,-0.35320568353559284
214.14000000000001,0.08804973465449108,0.00015397114992926056,-0.3708970479128592
214.16,0.12752154891781542,0.009283733971567398,-0.3519846382972973
214.18,0.19560695455446914,0.018230768691874667,-0.2968725380717031
214.20000000000002,0.2859488652408729,0.026829319935415354,-0.20659185026253604
214.22,0.375248762518258,0.03466088522461055,-0.08323798104961364
214.24,0.43881578023234247,0.0408799029039435,0.06855097542923333
214.26,0.4731341806179057,0.04452818069160312,0.2403558193110922
214.28,0.48779375466491437,0.04498944731639808,0.4205055341894746
214.3,0.4908036981355064,0.04211035255172973,0.5958007928722958
214.32,0.4860757001624822,0.03611670722734365,0.7532233372803634
214.34,0.47529023670286535,0.02751319081878694,0.8812459312978912
214.36,0.45926261908500027,0.017000722956584752,0.9707782209162809
214.38,0.43851658885318673,0.005401228084365034,1.0158002471703362
214.4,0.4134882686643206,-0.006415860147507182,1.0136989854339014
214.42000000000002,0.38459773820688187,-0.017604272598822183,0.9653155351238962
214.44,0.35227846414620234,-0.027404981621425885,0.8747214004489076
214.46,0.31699621272525863,-0.035199552242513706,0.7487586110425293
214.48000000000002,0.2792705878803109,-0.040549301862254146,0.5963938315635052
214.5,0.23970816821361324,-0.04321789033703401,0.4279483816735101
214.52,0.19905667304854763,-0.04317619952607486,0.254273145928621
214.54,0.15828994553436126,-0.04058960323879658,0.08593942028198044
214.56,0.11872843149393604,-0.03578892972545748,-0.06748607262545066
214.58,0.08218242889450043,-0.02922766153325899,-0.19802141990086403
214.6,0.05107544151352638,-0.021429366893452113,-0.29965741683556857
214.62,0.02848785962336971,-0.012930940832923944,-0.3685247196702447
214.64000000000001,0.01811131244388923,-0.00422806338555703,-0.4028363274012782
214.66,0.024230561066180954,0.004272238786344631,-0.40262504750848455
214.68,0.05186248057390111,0.012290732205110136,-0.3693079156836675
214.70000000000002,0.10654472974880615,0.019704322912230156,-0.3051128203445502
214.72,0.19111276068801372,0.026534193184006856,-0.21245281935505034
214.74,0.2952858971730939,0.03279415306423635,-0.0935825338142918
214.76,0.38911281969307476,0.03814046033938432,0.04870913586035026
214.78,0.4482764902612316,0.041734461119689356,0.20920480216197376
214.8,0.47584792042534513,0.04272000708221571,0.37908420320765734
214.82,0.484701365715935,0.04068286705626945,0.546913311926555
214.84,0.4830452781610957,0.03567597783920464,0.7005728013360065
214.86,0.474451156240254,0.028087608326271045,0.8288693792990572
214.88,0.4604014306465567,0.018529333510388907,0.9226410201155636
214.9,0.44164409227237045,0.007751185006798993,0.975474705556151
214.92000000000002,0.418702486246785,-0.003432325836736521,0.9841102418396284
214.94,0.3920516819773439,-0.01421102711787,0.9485588676291306
214.96,0.36218647761905504,-0.023841612076132824,0.8719582400260314
214.98000000000002,0.3296612351827645,-0.031700568431522726,0.760195326877755
215.0,0.2951315472790351,-0.03732416564252677,0.621342451531435
215.02,0.2594136786902375,-0.040432928180707116,0.46496372793922164
215.04,0.22357485667742796,-0.04093909139881076,0.30135732715044483
215.06,0.1890652182845285,-0.0389366988641803,0.14080272226199686
215.08,0.15789324570575122,-0.03467522238625883,-0.007118992288074898
215.1,0.13282547779293832,-0.028518958936619182,-0.1340698088349756
215.12,0.11756027213442938,-0.020896096412639623,-0.23331484053667367
215.14000000000001,0.11678690806727673,-0.012243239985876743,-0.29986726109003115
215.16,0.13591965170662546,-0.002953823336048544,-0.3304156202536322
215.18,0.17977712792946995,0.006653829597737434,-0.32307640890829653
215.20000000000002,0.24841970203526748,0.016311089369242714,-0.27711542485575563
215.22,0.33012163030087727,0.025656745789588164,-0.19298832285890202
215.24,0.4025908525340308,0.03402651152775018,-0.073147798754164
215.26,0.4510816129888729,0.04047883699545921,0.07666269193126246
215.28,0.47729809624882913,0.044154930235173986,0.24696308629743102
215.3,0.48870839948324857,0.04456748707878769,0.4255322494896823
215.32,0.4905548899147614,0.041635801152469704,0.5990290975287407
215.34,0.4854015197373058,0.035615114402752675,0.754488523615586
215.36,0.4744463517281235,0.02701948445771691,0.8805084184067243
215.38,0.45835335810445493,0.016550463707198728,0.9681413577031575
215.4,0.43760260993412237,0.005026150203525848,1.0115030893599462
215.42000000000002,0.41262054711514595,-0.006690540478289143,1.0080951929350614
215.44,0.38382992175482067,-0.01776149431654638,0.9588437156603801
215.46,0.35167402841987266,-0.027436581100225243,0.8678707134959818
215.48000000000002,0.31663602651765066,-0.03510614061963579,0.7420331377069969
215.5,0.27926375238520645,-0.0403392973738542,0.5902791339731189
215.52,0.24020876539584857,-0.04290573882874414,0.42288356949971545
215.54,0.2002895323625173,-0.04277982197551917,0.2506316193024711
215.56,0.1605887465944154,-0.04012710341326161,0.08402131206518394
215.58,0.12258843860274021,-0.03527459365564309,-0.06744685587481244
215.6,0.08832767210025023,-0.0286673119695187,-0.19583283352134814
215.62,0.06053936877360867,-0.02081520159792559,-0.2951252470666301
215.64000000000001,0.042715219494264114,-0.012235971561597567,-0.3613870957158902
215.66,0.03910680039083322,-0.0033999705600869833,-0.39267496770062904
215.68,0.05475127154238078,0.00531835729990369,-0.38874983155819653
215.70000000000002,0.09536399199723411,0.013678994073070643,-0.35061196290188074
215.72,0.16555476487438747,0.021588437828320144,-0.2799235482938513
215.74,0.2614185335739669,0.029017372225248163,-0.1785363195914852
215.76,0.36004873869906245,0.03572304860489943,-0.04872333910655767
215.78,0.431801161800431,0.04097496731420847,0.1053217032690313
215.8,0.4699030542410858,0.04381794049440085,0.2758473169019368
215.82,0.48533939625304173,0.04361353183195346,0.45177892495149774
215.84,0.4879732541837352,0.04021355568676264,0.6204774048876354
215.86,0.4825890389708131,0.03386362512191321,0.769542023387075
215.88,0.47116812982129447,0.025084884338420047,0.8881398401771177
215.9,0.45462107814863995,0.014583254197676147,0.9679191525132285
215.92000000000002,0.4335068758037397,0.0031721395798714686,1.003591702122143
215.94,0.4082847172333986,-0.00830026629332014,0.9932160797974873
215.96,0.37940205506205715,-0.019019360686893343,0.9381982460129151
215.98000000000002,0.34733284436095185,-0.028265012085562143,0.8430322658454833
216.0,0.31260577175188997,-0.03546116652741054,0.7148188659769883
216.02,0.27583941002123546,-0.040210983827393874,0.5626135980677659
216.04,0.2377961232555492,-0.042315340326113525,0.39666719623907226
216.06,0.19946638076299233,-0.04177371491421542,0.22762702971594242
216.08,0.1621932777914345,-0.038767675665899615,0.06577008258790312
216.1,0.1278370796689956,-0.033628406376575076,-0.0796653997759739
216.12,0.09895753970890184,-0.026791066401412232,-0.2009908570244815
216.14000000000001,0.07896780853787227,-0.01874031990443818,-0.2923764319707282
216.16,0.0722174671956198,-0.009952734021585447,-0.349933796358783
216.18,0.08397852010221357,-0.0008422563052060176,-0.37157264470047113
216.20000000000002,0.120072924092198,0.008283647437903115,-0.35665701181135284
216.22,0.1847040910485787,0.017236458610211898,-0.30553697074143815
216.24,0.2734029158867563,0.025864204169577354,-0.21918960728496828
216.26,0.3647520986701701,0.03380127695070097,-0.09952170383691958
216.28,0.43245520198659515,0.04025164053928734,0.049247767870733476
216.3,0.47008960185634696,0.04424178397767435,0.21919525264960826
216.32,0.48669109834671076,0.045098080635335956,0.39898166522375406
216.34,0.49085925038628764,0.042612632980877745,0.5755067808490152
216.36,0.4869530820751292,0.036970640697634914,0.735661222891442
216.38,0.4768449329195455,0.028647618453377776,0.8676880979348633
216.4,0.4614176439557153,0.01832474594437649,0.9621699349800013
216.42000000000002,0.4412165667644483,0.006813102707676665,1.0126985508583917
216.44,0.41668376790802736,-0.005020024207515104,1.0162468090529182
216.46,0.3882396687888214,-0.01632231642055461,0.9732497489200497
216.48000000000002,0.35631551239387427,-0.026321495024459,0.8874118301113201
216.5,0.3213728226301837,-0.03438013617128247,0.7652730747617644
216.52,0.28392429266093133,-0.04003665920413404,0.6155825696617543
216.54,0.24456527807682155,-0.04302996800777565,0.4485400696379704
216.56,0.2040252302837301,-0.04330645390818044,0.274974091455876
216.58,0.16324899754559236,-0.041009313593209556,0.10552755354745653
216.6,0.12351378223614648,-0.0364513399587441,-0.05008021690011033
216.62,0.08657184042225147,-0.030073574035667204,-0.18365334615295298
216.64000000000001,0.05477996232920596,-0.022393626379750602,-0.28893168824628834
216.66,0.031155885704304564,-0.013949068390671084,-0.3617844794729605
216.68,0.019341771254279775,-0.005242283975303613,-0.40017836516245975
216.70000000000002,0.023576303375421968,0.003308015981831814,-0.4039369424221241
216.72,0.04881763791887338,0.011406984901172791,-0.3743229791973464
216.74,0.10062157512664138,0.01891369172765089,-0.3134779632170526
216.76,0.1823924896783306,0.025836001739456667,-0.22379483761351296
216.78,0.28564214135047383,0.03219780066697325,-0.10752268069021034
216.8,0.38175715474664224,0.03770027993285794,0.03266929191576523
216.82,0.44436695225846756,0.04153632190258678,0.19186095255501476
216.84,0.47434555923517846,0.042823700657122044,0.3615398424197145
216.86,0.48454283630063444,0.04109890321057932,0.5304124270236149
216.88,0.483704221239097,0.036375023409878214,0.6863170354774141
216.9,0.47570787884260857,0.029013331360389458,0.8178853304502787
216.92000000000002,0.46215337747122653,0.01960810961557144,0.9156925217331019
216.94,0.4438264941076882,0.00890010575053825,0.9730099952272011
216.96,0.4212603159320099,-0.0022981245449970418,0.9862396561003197
216.98000000000002,0.39492939099793933,-0.013171627783469678,0.9550607286545126
217.0,0.3653228542294885,-0.022966458050174585,0.8823100507923394
217.02,0.33298484004814544,-0.031043841982421837,0.7736260388397352
217.04,0.2985546412337702,-0.03692170116474935,0.6369002340936061
217.06,0.26282308730979653,-0.040300858419983376,0.4815926660998607
217.08,0.22681829922624783,-0.041074308972833755,0.3179759113640974
217.1,0.19193210269112365,-0.03931909564936098,0.15637690346072997
217.12,0.16009056861669008,-0.03527153980804096,0.006484993478878459
217.14000000000001,0.13395266780734574,-0.029287925839500798,-0.12321087235608973
217.16,0.11709117573765776,-0.02179433468149503,-0.22580448422720406
217.18,0.11407530180466484,-0.01323116389966651,-0.29614123212918375
217.20000000000002,0.1302788851139452,-0.004000230828476386,-0.3307670047632752
217.22,0.1707984371585834,0.005571526264569942,-0.3276919638088082
217.24,0.23679662684957245,0.015218106095754963,-0.2860929881303402
217.26,0.3184528939645538,0.02460950192159644,-0.20627386307419296
217.28,0.3939036954944468,0.03313398212350753,-0.09035636333267455
217.3,0.44609200778470304,0.039870344122154074,0.05641230137105796
217.32,0.4749376369506858,0.04392382751326342,0.2250118242037649
217.34,0.487932463541229,0.04475052591646247,0.4034815742219842
217.36,0.4908116894543422,0.04222043558419483,0.57852488346547
217.38,0.4864447376357951,0.03655116193364106,0.7370475802296731
217.4,0.4761570327078107,0.028229080104907753,0.8673883648194893
217.42000000000002,0.46065773366736223,0.017937147121173086,0.9602481648654667
217.44,0.4404411842378143,0.006483868740465201,1.009334702646341
217.46,0.4159368051703726,-0.0052685598373453865,1.0117210128260359
217.48000000000002,0.38756554776771085,-0.01647445158739333,0.967918585782569
217.5,0.355765841267222,-0.026368925526857642,0.881680026250515
217.52,0.32101264249214506,-0.03432198956991851,0.7595636004073808
217.54,0.28384066508793654,-0.03987881284255203,0.6103080409853758
217.56,0.24488045191971483,-0.042783676703517515,0.44407826933231626
217.58,0.20491694408787756,-0.04298631889203254,0.2716503064981458
217.6,0.16498070347198135,-0.04063062100429449,0.10360630649108107
217.62,0.12647688307613317,-0.03602679519105908,-0.05039157204913875
217.64000000000001,0.091340038307268,-0.029609480937801216,-0.18218683086084242
217.66,0.06217465005317366,-0.02188561527021426,-0.28552467700674594
217.68,0.04232749079655078,-0.013377485730422226,-0.35622789211837474
217.70000000000002,0.03588736161961871,-0.004567137117302436,-0.3921456330972051
217.72,0.04770301030000338,0.004153024859883545,-0.3928910907414744
217.74,0.08337433360326385,0.012520574513129799,-0.3593985689120964
217.76,0.14807252029413748,0.020423127264763953,-0.2933517812416897
217.78,0.24053308786198663,0.02784343205050786,-0.19665126650237041
217.8,0.34171106478968877,0.034619946711851105,-0.07143896086082505
217.82,0.420460112743683,0.040125105204896254,0.07863096870832778
217.84,0.46452082847985465,0.04340451542292268,0.24658125530304897
217.86,0.48334562920386565,0.04373342739155877,0.4219094820251004
217.88,0.4878530972276161,0.040876745507210994,0.592182590441308
217.9,0.4837112058085108,0.03501786685310762,0.7449076087126149
217.92000000000002,0.47328235740662755,0.026635017572666387,0.8689514623144204
217.94,0.45760975435360435,0.01640550254851415,0.9555202099442571
217.96,0.4372944160682071,0.005126781650526092,0.9987944744756175
217.98000000000002,0.4128074660794384,-0.006356754923484888,0.9962623971591462
218.0,0.38459812282169703,-0.017222895278287364,0.948767438080953
218.02,0.35313797536771385,-0.026733832174905922,0.8602922918692579
218.04,0.3189505177368319,-0.03428775513580494,0.7375139367310272
218.06,0.28264558236970005,-0.039456483129941954,0.589179268763842
218.08,0.2449711187157111,-0.042006784782271336,0.425362234354351
218.1,0.20689414683002974,-0.04190419299381793,0.25667049461344665
218.12,0.16972138477880552,-0.03929931756002554,0.09347203613676233
218.14000000000001,0.13526155773340695,-0.03449787442650021,-0.05479028534167257
218.16,0.10601098200505758,-0.027916981675012414,-0.180135757612027
218.18,0.08531879249484262,-0.020031802271396632,-0.276387076042218
218.20000000000002,0.07748400046137717,-0.011318071608343933,-0.3392879182439556
218.22,0.08774453207991167,-0.0021968431753447617,-0.36639288187693253
218.24,0.12190390300907697,0.007010638392740154,-0.3567531794379863
218.26,0.1842585974351567,0.016097764781715086,-0.31047102525684833
218.28,0.27089553635039776,0.024896997931865932,-0.22834648330703428
218.3,0.3614628255831245,0.03304187310003792,-0.11214574703113644
218.32,0.429854619149357,0.03974750277265573,0.03407977404191743
218.34,0.4686251147452781,0.044037068168473734,0.2025980628743563
218.36,0.4861677866941561,0.045212427953375,0.3822023230556586
218.38,0.49104783483301156,0.043035328234362055,0.5598098841950646
218.4,0.48771835953783194,0.03766424720280231,0.7222132599863327
218.42000000000002,0.47811000430108186,0.02955387561478995,0.8574620871157249
218.44,0.46312967603001853,0.01937098222358312,0.9558748348043802
218.46,0.4433308116291024,0.007918934354883549,1.010734951040674
218.48000000000002,0.419157008608776,-0.003935973318183903,1.018689576539956
218.5,0.3910271614078306,-0.01533607699347613,0.9798569343075411
218.52,0.3593688489705061,-0.025498226094902772,0.8976574400017928
218.54,0.32463750331865365,-0.03376978743671508,0.7783996837215311
218.56,0.28733610536863413,-0.039671105576578665,0.6306684149882877
218.58,0.24804444463195113,-0.04292178892199613,0.464574356762885
218.6,0.20746699880614305,-0.04344941614232285,0.2909337762158552
218.62,0.16650930628842825,-0.04138050832927432,0.12044885096345959
218.64000000000001,0.1263894417766393,-0.03701482035992532,-0.03704194239972374
218.66,0.08877706364517843,-0.030785222354475138,-0.1731808128334178
218.68,0.05592423823934345,-0.02320683238201323,-0.28152418656622535
218.70000000000002,0.03072753500939528,-0.014820659345087963,-0.3577597786914079
218.72,0.016690633919826083,-0.006138162025851362,-0.3996979007165646
218.74,0.01787450973273475,0.0024077374848556804,-0.4070525367136292
218.76,0.03900522061584613,0.010503232609293124,-0.3810433378741447
218.78,0.08553715309459686,0.017985526821402,-0.3238517309559848
218.8,0.16182499429380443,0.024849338263769685,-0.23798786525268018
218.82,0.2629477308152565,0.03115110435119976,-0.1257961092303873
218.84,0.3637752431536758,0.036702418687521034,0.01024796092003252
218.86,0.4342088851439606,0.04079403927386758,0.16588757637416549
218.88,0.469783650352282,0.04251389387390217,0.333418885572166
218.9,0.482964989160009,0.041302211857330115,0.5020670083630487
218.92000000000002,0.48379565448509,0.037090301534504905,0.6598198281886897
218.94,0.47695408223377417,0.03018338595139557,0.7951851229212333
218.96,0.4643554903404804,0.021137445363599898,0.8984278527267282
218.98000000000002,0.44689193271807,0.010668150241096193,0.9623831838967761
219.0,0.4251297275168129,-0.00042510413555597176,0.9829405226516127
219.02,0.39955277505121606,-0.011329098297018475,0.9592369814098969
219.04,0.37065155990353477,-0.021280970459504472,0.8935820032898002
219.06,0.3389682558613639,-0.029623759405217664,0.7911413812202427
219.08,0.3051376540631256,-0.03584989811347753,0.6594221299372408
219.1,0.2699424574268632,-0.03962985069853747,0.5076123152679233
219.12,0.23439659406204605,-0.04082409029621351,0.34583923887221946
219.14000000000001,0.19986819898679062,-0.03947775590877838,0.18441432919108286
219.16,0.1682468749822401,-0.035798530684530885,0.033133353464186596
219.18,0.14214143865012682,-0.030119619025310927,-0.09930420857203981
219.20000000000002,0.12506365925173024,-0.022851296542748374,-0.20570338693048978
219.22,0.12151258132955582,-0.014426430004555249,-0.2805739243792814
219.24,0.13677002557368617,-0.0052479714255074215,-0.3201132055512813
219.26,0.17579799428000636,0.004347254125813394,-0.3220049516038592
219.28,0.2396736435742823,0.014075553690171225,-0.28515556535888176
219.3,0.31894807713288353,0.023587661052459744,-0.20967586702427543
219.32,0.39274557992676223,0.03226457173615545,-0.09755219921972864
219.34,0.4445006795538139,0.03919223823177265,0.04610713447132006
219.36,0.4736445226166784,0.04347865135261781,0.21244739489391237
219.38,0.4871418883405288,0.04456806402494076,0.3896550751540292
219.4,0.4905316028737869,0.04231013736614463,0.5645134041584475
219.42000000000002,0.4866489427002364,0.03690062755954314,0.7239220662654081
219.44,0.4768225863990815,0.028806040560477805,0.856129417662014
219.46,0.4617674957767267,0.018693164805218335,0.9516735386976534
219.48000000000002,0.44198171415606385,0.0073590663885490255,1.0040438220637273
219.5,0.4178972083866045,-0.004340182046433667,1.0100597220652643
219.52,0.38993757416004615,-0.015559530272785916,0.9699656436747256
219.54,0.3585450268491073,-0.025529490840350964,0.8872551917899523
219.56,0.3242005096512367,-0.03361083613744046,0.7682555767887362
219.58,0.2874482503408945,-0.03933578578184144,0.6215191914077086
219.6,0.2489336717238727,-0.04243307868564981,0.4570819975852426
219.62,0.20946456530642243,-0.042835533892495815,0.28565638845678004
219.64000000000001,0.17010598241064673,-0.04066993350685701,0.11782930908796616
219.66,0.13231437144824632,-0.03623026804722993,-0.03666533029118762
219.68,0.09809995596807483,-0.02993664435844804,-0.169537553706934
219.70000000000002,0.07017919951688974,-0.02228360704254909,-0.274345162842852
219.72,0.052066299965727286,-0.013783155436210908,-0.346678280116725
219.74,0.04809677241881553,-0.0049085217501734476,-0.38411550837502234
219.76,0.0634383134800043,0.003956207774506466,-0.38596550220702625
219.78,0.10388249707291031,0.012555837066130629,-0.3528259547000744
219.8,0.17381619988122055,0.0207744419537013,-0.2860303128073555
219.82,0.2685986866212694,0.02854672303643295,-0.18721585741886052
219.84,0.36491140992464066,0.03557955380597036,-0.0586173933854616
219.86,0.4343370881468837,0.04110395026587336,0.09541943063050988
219.88,0.4712309817715007,0.0441598121610743,0.26690522507967157
219.9,0.4863304351663863,0.04411618758887228,0.4445425204563186
219.92000000000002,0.48898370793855955,0.04082685695890495,0.6154898756995902
219.94,0.48371090376771464,0.0345355861065775,0.7671426593912728
219.96,0.47239720129568524,0.025762541959391726,0.8884572383056281
219.98000000000002,0.45592109815667065,0.0152156921700012,0.9708730047279638
220.0,0.4348290275538796,0.0037139189704654624,1.008907882784332
220.02,0.409571642516248,-0.00788609036235239,1.000454808131287
220.04,0.3805862064316761,-0.01875903089707819,0.9467927902805264
220.06,0.3483316305657945,-0.02817287400678423,0.8523345012217903
220.08,0.31331328417915505,-0.035539584443687676,0.7241474093422963
220.1,0.2761132395963156,-0.04045139117392941,0.5713000084308634
220.12,0.23743684836780007,-0.042700397788681094,0.4040957429104318
220.14000000000001,0.1981866683263944,-0.04228051887070106,0.23326370496322793
220.16,0.15957373254358428,-0.03937194084694967,0.06917680332927169
220.18,0.12326773243174384,-0.0343095165998249,-0.0788351009452027
220.20000000000002,0.09156672341592643,-0.027537819614486207,-0.20301780590216637
220.22,0.06754094469453407,-0.01955710190869184,-0.29752572536097566
220.24,0.055107815895908546,-0.010865802455061994,-0.35852974305806334
220.26,0.05905114231463946,-0.0019055475210295043,-0.3840982425524792
220.28,0.08496764726206724,0.00698632392493782,-0.37387152837063864
220.3,0.13845177926038874,0.015607405732431539,-0.3285743954369504
220.32,0.22079350179841795,0.023865409886551562,-0.24949476368909607
220.34,0.31880847866023204,0.03160294300729032,-0.13832654172029624
220.36,0.40342420622619923,0.038281087869954045,0.0019380824150152633
220.38,0.45583041931348983,0.04296065856591272,0.16525211802203232
220.4,0.48078887124625436,0.04478853173627585,0.3417986734564992
220.42000000000002,0.4893137880558927,0.04336235146264138,0.5192013593729755
220.44,0.4880799491939234,0.038728189132798414,0.6844055170265848
220.46,0.48000554185208155,0.031265815561248855,0.825245571510441
220.48000000000002,0.46634539482837195,0.0215900198016442,0.9315739722806072
220.5,0.4477657793229391,0.010469977914596893,0.9960365391180483
220.52,0.4247471924749545,-0.0012454876929824804,1.01453958267894
220.54,0.39772276440391024,-0.012699896089599576,0.9864233959195355
220.56,0.3671291209654379,-0.023096039110658106,0.9143567129607353
220.58,0.3334321370667991,-0.03175394334975365,0.8039800394235602
220.6,0.2971503104821031,-0.03815611376507646,0.6633414432388662
220.62,0.2588874246647251,-0.04197719393820471,0.5021817672801414
220.64000000000001,0.21938465631018034,-0.043096337650381365,0.331135414356581
220.66,0.1796028312114339,-0.04159181409474174,0.16091722268056222
220.68,0.14084270998311774,-0.037718578302882895,0.0015654337602124951
220.70000000000002,0.10489845914908394,-0.03187076459155743,-0.1381945986919653
220.72,0.07421389882614388,-0.024532443605221017,-0.2514118312882644
220.74,0.05198895504694411,-0.016221543081388963,-0.3331584251402207
220.76,0.04220894457424497,-0.007432972517349811,-0.3805506676256811
220.78,0.049653497775454566,0.0014135416193867337,-0.3925503013567541
220.8,0.0798855090188925,0.010017201445259192,-0.36957284927684925
220.82,0.13838341761025344,0.018222485963173433,-0.31294965812544856
220.84,0.22567212391356048,0.025984203306273688,-0.2243816796234232
220.86,0.3263674972889789,0.033167042868813106,-0.1058270390817798
220.88,0.40986168997838934,0.03921466147315565,0.039462267263278575
220.9,0.4593525121536228,0.043182546953770204,0.2051089667974281
220.92000000000002,0.4817889466884355,0.044266793213543196,0.3810544858077205
220.94,0.48850745320878197,0.042137097681579035,0.5549383135221625
220.96,0.4859056858958273,0.036902865371838255,0.7139979771536156
220.98000000000002,0.4767067898655811,0.028990824762282465,0.846581217378773
221.0,0.4620854250254581,0.019045955740050035,0.9432080355185596
221.02,0.44268277252088584,0.00785106787247955,0.9972793575516024
221.04,0.41897692858295954,-0.00374737449935233,1.005478846011865
221.06,0.3914099742690324,-0.01490986615061886,0.9678848626946778
221.08,0.36043672664336784,-0.024868481738165745,0.8878107741162273
221.1,0.3265528183409924,-0.03298169848193755,0.7714050878535191
221.12,0.29032389654780505,-0.03877588738805546,0.6270579137787224
221.14000000000001,0.25242826919923056,-0.04197085939701079,0.46467266487416814
221.16,0.2137242741292591,-0.04248800766240646,0.2948700960135916
221.18,0.17535341860030618,-0.04044079347383491,0.12819520241003646
221.20000000000002,0.13888480844604717,-0.036108527887001814,-0.025603895786987907
221.22,0.10648952228007559,-0.02989567547117211,-0.1581622669580419
221.24,0.08110745197328308,-0.022280372064627293,-0.26289862960527627
221.26,0.06655789910851315,-0.013757365390143416,-0.33519678245429496
221.28,0.06757727367663253,-0.004781419114238669,-0.37235771244388566
221.3,0.08974671361682085,0.0042829412844525875,-0.37333599640564086
221.32,0.13872616047614772,0.013195724793391742,-0.3383018128193023
221.34,0.2164254524337807,0.021825300697249982,-0.2681470429658165
221.36,0.31160224047823576,0.029995321578313895,-0.16429570743537142
221.38,0.3968634389427251,0.03718498754384447,-0.029469643764654926
221.4,0.45186473785128184,0.04246824345739757,0.13063987426479765
221.42000000000002,0.4792089852311174,0.0449544746342081,0.3065256663024832
221.44,0.48945726692840297,0.0441767709327064,0.48590314604368706
221.46,0.4895216613036178,0.04012096291446448,0.6555537463202658
221.48000000000002,0.48251705097889175,0.03311994652599973,0.8029329178056431
221.5,0.46978448533954237,0.023755916719869926,0.9173551533515953
221.52,0.45201989571056833,0.012779853519286385,0.9908267056763499
221.54,0.4297104042693276,0.001036667568086872,1.0185702319436236
221.56,0.4032855667703503,-0.010607574402434771,0.9992541223467974
221.58,0.3731717488309627,-0.021334222754062836,0.9349379516764793
221.6,0.33981731977240254,-0.030432449950218307,0.8307585892269503
221.62,0.30371281660458543,-0.03734756611071646,0.694397670702358
221.64000000000001,0.2654175412505438,-0.04171415959609164,0.5353853106334833
221.66,0.22560193187611777,-0.04337212853113642,0.364305031886647
221.68,0.18511583744085,-0.042364910696502674,0.19197014786908684
221.70000000000002,0.14509164732788238,-0.038920440987182676,0.028642145774581237
221.72,0.10708183338615143,-0.033416570298158504,-0.11664289800017039
221.74,0.07320731904227994,-0.026333995594342224,-0.2365833396441365
221.76,0.04626450903738905,-0.01820129343321057,-0.32591511604635004
221.78,0.029744364579381385,-0.00953805930850599,-0.3814890980628371
221.8,0.027802504029632826,-0.0008021667007909188,-0.40212750336946224
221.82,0.045312773875099036,0.007655328860107641,-0.38828404973557284
221.84,0.08786179700675209,0.015625891739720996,-0.3415413571459882
221.86,0.1600824323578003,0.023054613995210516,-0.2640037670482956
221.88,0.2581406820844509,0.029957109131817657,-0.15779726742259828
221.9,0.3586845551524538,0.036133914330976596,-0.025288043520531586
221.92000000000002,0.43127153210060537,0.040881751985340796,0.12938132444451456
221.94,0.4692250578049801,0.04326138564614417,0.29859085778116157
221.96,0.4841303799784963,0.04265489014726416,0.4714676018159918
221.98000000000002,0.4861860263355049,0.03893814607965093,0.6356657738409195
222.0,0.4802833639314003,0.03237685398809216,0.7791683395223967
222.02,0.46843309959134194,0.023504141741505512,0.8915909845995619
222.04,0.45155633365426956,0.013028519206136107,0.9650599152189246
222.06,0.43022050155320124,0.0017567390036391057,0.9947564367161017
222.08,0.40489648817621354,-0.009477854208157267,0.9791652336575455
222.1,0.37604983675839926,-0.019882007453772912,0.9200453094982108
222.12,0.344182696635511,-0.02876127319734003,0.8221489218467412
222.14000000000001,0.3098676656173343,-0.035567145731240306,0.6927276689316342
222.16,0.2737916560098556,-0.039929583623756634,0.5408784001406945
222.18,0.2368227485406908,-0.04167289348027557,0.3767918280814688
222.20000000000002,0.20011222139881119,-0.040814105566586135,0.21097252920529
222.22,0.16524019387165223,-0.037544163419010027,0.05350012364412551
222.24,0.13440011221666132,-0.032193505662680186,-0.08660233691369008
222.26,0.11059266968076158,-0.025185054838601253,-0.20183585286622735
222.28,0.09777501566125804,-0.0169792580623886,-0.2864871966634486
222.3,0.10089258570112543,-0.008017388930868962,-0.3366650038390738
222.32,0.1255885883482011,0.001328623849442321,-0.3501187145376697
222.34,0.17669225528003474,0.010783224823603388,-0.325894499131734
222.36,0.25321000778751374,0.020126273629037003,-0.2639969000299704
222.38,0.34031676586947596,0.029014547159359493,-0.16547285240525242
222.4,0.4131545895845428,0.036749011682367515,-0.03340436650942447
222.42000000000002,0.4587500768123865,0.042360793448807756,0.12568063437574403
222.44,0.4817152513202917,0.04503500973095862,0.301544939657127
222.46,0.4904683558033346,0.04437598043892293,0.4814977820282472
222.48000000000002,0.49014447391030574,0.04040068963668636,0.6521167639531505
222.5,0.48309911191993504,0.03345068591393071,0.8007262984407763
222.52,0.47041707801307847,0.024109608783556856,0.9165266885063363
222.54,0.4527151770274348,0.013129064273220987,0.9914129840074098
222.56,0.43045581429844315,0.001355780108258681,1.0205012243166245
222.58,0.4040591692845684,-0.010340777770845352,1.002363614531783
222.6,0.3739456064182865,-0.021137170736283455,0.9389800355514303
222.62,0.34055672892889927,-0.03031682038149472,0.8354289079253876
222.64000000000001,0.30437324632476837,-0.03731885958396899,0.6993574638933874
222.66,0.26593915108393035,-0.04177185555819165,0.540286008996404
222.68,0.22590069066969998,-0.043510434799304644,0.3688110396054903
222.70000000000002,0.1850697969683602,-0.042574094893084974,0.19577745666352392
222.72,0.14452093559426202,-0.03918871696396233,0.03149050162797673
222.74,0.10572181483401538,-0.03373249199138388,-0.11496640980940645
222.76,0.07067594272812999,-0.026689269598250485,-0.23625116127579204
222.78,0.04202468123041854,-0.018593869797540713,-0.3270779425384355
222.8,0.023055554846848195,-0.009975381628885683,-0.38430730194222024
222.82,0.017645053645709407,-0.0013046799470252972,-0.40681598628157345
222.84,0.03028894801204952,0.007050109921465869,-0.3951721871257921
222.86,0.06625174802125713,0.014859865273038342,-0.35114918533716144
222.88,0.13082384515663156,0.022055457307949125,-0.27711834295919197
222.9,0.22404593838910725,0.02868484447040933,-0.17545711907553843
222.92000000000002,0.32875180246572827,0.03468925527166094,-0.0484498092932499
222.94,0.41258915146283137,0.03954844325364949,0.10055155934090551
222.96,0.4600776634873481,0.042347735320189366,0.26518077210108243
222.98000000000002,0.4802192196427568,0.042348987668026236,0.43557876728076245
223.0,0.4849950501015785,0.03930333567752994,0.5998910782541191
223.02,0.4808004253751988,0.0333888061673662,0.7461674319009909
223.04,0.4702956300283151,0.02507771483953486,0.8637976301547491
223.06,0.4546294338315111,0.015035517407871835,0.9444760116021524
223.08,0.43444407718357747,0.004040843790497423,0.9828099979011496
223.1,0.4102361493655725,-0.007086575884018462,0.9766269553815057
223.12,0.3824827927178845,-0.017552893396772525,0.9270027206176996
223.14000000000001,0.3516954657756031,-0.026649827414826945,0.8380357048830261
223.16,0.3184583957126341,-0.03380359542948376,0.7164026105520712
223.18,0.2834748948695615,-0.03860995231041739,0.57074529064623
223.20000000000002,0.24763600507125985,-0.040853100604438974,0.4109491446596174
223.22,0.21212410616879454,-0.04050734873482003,0.24738019642573197
223.24,0.17856033807208135,-0.03772157206667166,0.09015015399021739
223.26,0.14919196678951172,-0.032787791138057014,-0.051523944589522315
223.28,0.12709056404832214,-0.026096637555266592,-0.16980697754128263
223.3,0.11629873708030891,-0.018084215925441596,-0.25853582180543294
223.32,0.12181182597194491,-0.009176911111543704,-0.3132901867103946
223.34,0.14906980904290618,0.0002557685579951891,-0.3312543132538632
223.36,0.20188475105316983,0.009918970471952816,-0.3109381179392379
223.38,0.2769421926466878,0.019532366843655398,-0.25196167449988843
223.4,0.35775774958841594,0.028646242593949975,-0.15532796982543198
223.42000000000002,0.4224093241345325,0.03647408876595727,-0.02449720490361606
223.44,0.4622863100049499,0.042057031532819006,0.1334605128107171
223.46,0.48254037896666685,0.04464811608259094,0.30795065199164706
223.48000000000002,0.49021351058535967,0.043906137045791896,0.486184057696026
223.5,0.48945841102183585,0.03987527522319269,0.6548009357255039
223.52,0.4822214539567988,0.0329077367749976,0.8012603210163426
223.54,0.46944975922367893,0.02358944372965135,0.9149212293519878
223.56,0.45171887878564565,0.012669492583575546,0.9878362391261084
223.58,0.42948143126486527,0.000988884818423946,1.015262067603465
223.6,0.4031591308386839,-0.010590864021709352,0.9958839434708245
223.62,0.37318007936378444,-0.02125559654864368,0.9317600096559049
223.64000000000001,0.33999984103648384,-0.030298440796932,0.8280086684500674
223.66,0.3041218353027851,-0.037167746592687026,0.6922789835378758
223.68,0.26612630240839463,-0.04149991208608927,0.5340587028926873
223.70000000000002,0.22671689681047216,-0.043135149996160936,0.36388465186838653
223.72,0.18679522454797656,-0.04211548127466682,0.19252557443821328
223.74,0.14757220795378165,-0.0386654623700417,0.03020790112268702
223.76,0.110715001474302,-0.03315736607057574,-0.11404951570154759
223.78,0.0785047259306504,-0.02606387464750455,-0.2329351470773436
223.8,0.053954313691800766,-0.017902889650662376,-0.321137740770688
223.82,0.04084750366579868,-0.009180384147048692,-0.3754125111701297
223.84,0.04374072695321625,-0.00033709790055485504,-0.39442475629498974
223.86,0.06798998087567083,0.008297111751991902,-0.3783946011271368
223.88,0.11930673811030923,0.01653562473547537,-0.3285819921364782
223.9,0.20035018224537793,0.024323446783431693,-0.24671115281031203
223.92000000000002,0.30074953251612213,0.03158799008987134,-0.13467584833420732
223.94,0.39163756898643304,0.037909006970523684,0.004759862518027076
223.96,0.44983673944163427,0.042403654531397494,0.1661605400602605
223.98000000000002,0.4778599472960225,0.04418517440763583,0.3403494582852011
224.0,0.4876378463106349,0.042801181464878095,0.5153999592043309
224.02,0.48692777932396214,0.03826607796785283,0.6785422362247344
224.04,0.4791535609807653,0.03094044041577459,0.8177973576734059
224.06,0.4657506499133739,0.021424161714278543,0.9231380261676723
224.08,0.4474454972256054,0.010472692701944779,0.9872735042519167
224.1,0.42474142034302026,-0.001078084053837778,1.00612011707705
224.12,0.3980855036260535,-0.012383281131843484,0.9789788591821289
224.14000000000001,0.3679297312519689,-0.022655173280571945,0.908436760700641
224.16,0.33476217811994635,-0.0312204610365023,0.8000201002768411
224.18,0.2991356886632137,-0.037564972386590456,0.6616425733805447
224.20000000000002,0.2617077650996353,-0.041362951240678424,0.502904705942406
224.22,0.223303113582774,-0.04248919624328393,0.3343100332545349
224.24,0.18501028787115645,-0.04101351208322491,0.16646811969924877
224.26,0.1483199303484881,-0.03717813748825065,0.0093542431799273
224.28,0.1152979155806431,-0.031360065362007195,-0.12830955464792945
224.3,0.08876154933826724,-0.024021595622194875,-0.23949779015496925
224.32,0.07240936920999613,-0.015654011244972205,-0.31911144921588896
224.34,0.07087473260065574,-0.006720356156794128,-0.36397874756209686
224.36,0.089665825932282,0.0023965432213371913,-0.3726353963890589
224.38,0.13451897931756499,0.011431715987792454,-0.34492093714454664
224.4,0.20810469189464226,0.020231355420509432,-0.2814960516186929
224.42000000000002,0.3012990059298646,0.028622286995755253,-0.18360076929373137
224.44,0.38829894752148586,0.036124837425246005,-0.05367977194151615
224.46,0.4467791390961871,0.041841222692666866,0.10301735098463015
224.48000000000002,0.47691425017992506,0.04484752805257573,0.27741656375912477
224.5,0.4889536632339887,0.044612922568741345,0.4574553198716289
224.52,0.49024700282092426,0.04106487554400741,0.6298861113936092
224.54,0.4842108064200343,0.034491454585394855,0.7819289503764111
224.56,0.47231253662566236,0.025442665419797825,0.9025092469421965
224.58,0.4552921303959167,0.014649278866183243,0.9831394469647168
224.6,0.4336497389380248,0.0029478543372336817,1.018491327922154
224.62,0.40781642473669716,-0.008792422373248187,1.0066721616593628
224.64000000000001,0.3782147466519952,-0.019739338604715873,0.9492142284885483
224.66,0.3452852433381002,-0.029159771456373874,0.8507994962191624
224.68,0.309505639455834,-0.03647029358345864,0.7187576074627198
224.70000000000002,0.2714147366809155,-0.04127301023233081,0.5623900709219475
224.72,0.23165005668285585,-0.043374498437778165,0.3921843957341773
224.74,0.19100903193406146,-0.04278696228621979,0.21898794959912676
224.76,0.15054318997813712,-0.039711949449769,0.0532123885844918
224.78,0.11168747936864998,-0.03450817396007796,-0.09586427400058459
224.8,0.07640623217034395,-0.027646268067104306,-0.2206395720691621
224.82,0.04730710663448134,-0.019654791088527326,-0.3155282971329322
224.84,0.027668035428511754,-0.011063342896102678,-0.3770803148581121
224.86,0.02139293006400806,-0.0023490508730174857,-0.40387566853892326
224.88,0.033032977963748,0.006109435862587028,-0.39621989695895754
224.9,0.06790752504523224,0.01406952242116473,-0.3556719931299945
224.92000000000002,0.1313567674799147,0.021446707351131068,-0.28444709821083214
224.94,0.2235748310581646,0.028273685256567888,-0.1848288156700576
224.96,0.3277963503810381,0.034481424369048816,-0.05906062055937285
224.98000000000002,0.41188352558278296,0.039546770270724854,0.08952113208931202
225.0,0.45992811456991306,0.042549632489184516,0.2545536071899544
225.02,0.4805535464700428,0.04273789147335522,0.42614147902676747
225.04,0.48569248647994984,0.0398469603260964,0.5923319130894604
225.06,0.4817785923325549,0.034042739572356,0.7410197101493947
225.08,0.4714962525022202,0.02579016225847589,0.8614006627741958
225.1,0.4560022818198599,0.015752004634802884,0.9449550390108727
225.12,0.4359392768439252,0.004708644353376704,0.9860744498995757
225.14000000000001,0.41180014447891156,-0.006514499879834112,0.9823855261014018
225.16,0.38405490885242277,-0.017114677098767562,0.9347928318589078
225.18,0.35320357802403995,-0.02637242807246851,0.8472640099263782
225.20000000000002,0.31981258970993826,-0.03370160815697803,0.7263924557939212
225.22,0.28455786473701894,-0.03868559836380091,0.5807865846438771
225.24,0.2482886602779651,-0.041097401662738904,0.4203458958871905
225.26,0.2121248503263179,-0.040902438730939066,0.2554910527569145
225.28,0.17759732157355368,-0.038244036362934976,0.09641759199067124
225.3,0.14682997981422433,-0.03341284289673641,-0.04755954205625115
225.32,0.12273853115284844,-0.026802816353257437,-0.1685111262959211
225.34,0.10919178654363025,-0.018858088307094567,-0.26020276176450313
225.36,0.11104826099422829,-0.0100168115373213,-0.31818304499490757
225.38,0.13384121560678616,-0.0006606585655245367,-0.3396548051097131
225.4,0.18225647371596718,0.008912979167559454,-0.3231811652764371
225.42000000000002,0.25538169051084747,0.01845351425040988,-0.2683904986012916
225.44,0.3393500617466563,0.027592110955587196,-0.17607236388511233
225.46,0.41070820272067066,0.035626952287313135,-0.04911139019630571
225.48000000000002,0.4564687946703826,0.04159798490391809,0.10618418064224089
225.5,0.48024183840014406,0.04468137855297887,0.2798029564851182
225.52,0.48986446659199434,0.0444528290079087,0.45920091596707036
225.54,0.4903409771725652,0.0408943875456062,0.6309712766416629
225.56,0.48403042343709296,0.034314789475988136,0.7823168310281126
225.58,0.47203408570850075,0.025270537267853103,0.9021955877183712
225.6,0.45497835701399986,0.014493541400925226,0.9821661982189887
225.62,0.43333004226719535,0.002819259662735124,1.0169461528091561
225.64000000000001,0.4075114324906565,-0.008885352782681275,1.0046815440458712
225.66,0.37794446073249544,-0.019790925857634506,0.9469331930752505
225.68,0.34507279229701077,-0.02916743307800701,0.8483996210159461
225.70000000000002,0.30938045503067424,-0.03643448071174996,0.7164146613568901
225.72,0.27141673198760813,-0.041196844767623655,0.5602725072526674
225.74,0.23183593591791454,-0.04326312432428504,0.390443873761397
225.76,0.19146190316084463,-0.04264662443902476,0.21775299967746037
225.78,0.15138663154083684,-0.03954881125764881,0.05258628777225936
225.8,0.11310472889886163,-0.034326885400122506,-0.09580039218763145
225.82,0.07866424512191617,-0.027448310990606448,-0.2198174217044392
225.84,0.05078530888972661,-0.019436651938926162,-0.3138761609343296
225.86,0.03289566571322837,-0.01081454576969238,-0.37449917991038717
225.88,0.02910572960708465,-0.002049946909916203,-0.40020707684929707
225.9,0.04424633331615918,0.006490350941045886,-0.39120405625180665
225.92000000000002,0.08388470162299888,0.0145780214552644,-0.34889497062033564
225.94,0.15293776550832575,0.02213856011319694,-0.2752876686462421
225.96,0.24888720888717591,0.029182240726299997,-0.17246859419361887
225.98000000000002,0.3503478500259134,0.03553896785798589,-0.04272022979312898
226.0,0.42616947322519205,0.040547208741271386,0.110060543379537
226.02,0.46698928280137125,0.04326075528885714,0.2785823136562128
226.04,0.483613533590035,0.04301354827671814,0.45217533661780857
226.06,0.48669309094271584,0.03963407408798311,0.6184964882253428
226.08,0.48150763298650495,0.03335397754017462,0.7653682344521847
226.1,0.4702351184473003,0.024683742735526662,0.8821333221208597
226.12,0.4538539214211132,0.014318569263382697,0.9605735372146111
226.14000000000001,0.4329478850803846,0.0030603862209414245,0.995489685928519
226.16,0.4079896333080336,-0.00825438503406619,0.9849826847224374
226.18,0.37943989152523183,-0.01882237782178163,0.9304545053812213
226.20000000000002,0.3477910230155548,-0.02793327008366531,0.8363528431736195
226.22,0.3135997239920138,-0.03501857009133344,0.7096970568067854
226.24,0.27752788752488583,-0.03968605500871415,0.559436760921047
226.26,0.24040458289125083,-0.041737710191283854,0.39570513333909285
226.28,0.20332136833008776,-0.041170169853555025,0.22903532662028278
226.3,0.16777031146379634,-0.03815784982662383,0.0696099972015929
226.32,0.13582256150716487,-0.03302020227147294,-0.07338924425522958
226.34,0.11032206249254128,-0.026175921902286254,-0.19227410317305485
226.36,0.09504416042793884,-0.018088531367655952,-0.28113970696426294
226.38,0.09475708705937523,-0.009209291068868208,-0.33592950265839266
226.4,0.11504550842277664,7.507610629102317e-05,-0.3542784960849768
226.42000000000002,0.16121712266051844,0.009476433282882873,-0.3351770415576448
226.44,0.23419252834182658,0.01878381245383959,-0.2785900387245902
226.46,0.32226028803408857,0.027713343799511035,-0.18539451043273297
226.48000000000002,0.400608355100616,0.0356548594725931,-0.05818259883964861
226.5,0.45205006848212315,0.04166333891174614,0.09726317564628686
226.52,0.47879068749511916,0.04485964285933714,0.27135485031180273
226.54,0.48969341583548187,0.0447628313471934,0.45172994777914033
226.56,0.4907417686805649,0.04132161093094832,0.6249831222269568
226.58,0.48474116675278645,0.03482781952520976,0.7782213997952403
226.6,0.47295003165434535,0.025829822898610428,0.9002587132122548
226.62,0.4560438470686771,0.015056698690689197,0.9824883662120586
226.64000000000001,0.43450292118341655,0.0033450409580331637,1.0194593953652415
226.66,0.40875105141267504,-0.008433810731130226,1.0091606962453072
226.68,0.3792063896297202,-0.01944352438116806,0.9530188225591609
226.70000000000002,0.34630467812679583,-0.028945300577697397,0.8556297715008274
226.72,0.31051676567786884,-0.0363490278054897,0.7242621358609597
226.74,0.272370773060493,-0.04124974789385762,0.5681840872381135
226.76,0.23248729675088245,-0.04344725758324114,0.3978777075748992
226.78,0.19163706235233796,-0.042947924982568456,0.2242103869983697
226.8,0.15083043575678784,-0.039949037488456775,0.05763419909152023
226.82,0.11144161502507346,-0.03480719582140864,-0.09251950187119556
226.84,0.07535048755441921,-0.027993531423791504,-0.21859154950425946
226.86,0.04505426752016645,-0.02004001383923447,-0.3149477876339347
226.88,0.02368998752524057,-0.011482674535103855,-0.37810880481408415
226.9,0.01497350450970222,-0.0028081531069749665,-0.406657213134873
226.92000000000002,0.02319351564156975,0.005592029181139643,-0.400945748554635
226.94,0.05337759441342457,0.013458951951021328,-0.36263921930095067
226.96,0.1110044876212532,0.020692540997887407,-0.2941255605947123
226.98000000000002,0.1983281105532408,0.0273328369433707,-0.19789017390350036
227.0,0.30338280100079273,0.03339028528452219,-0.07622155829299798
227.02,0.3951508971030945,0.03848681625519323,0.06797710839514783
227.04,0.4512984938574132,0.04176456252662897,0.22924517402286876
227.06,0.4767524289889308,0.04239843388426281,0.3985451637762136
227.08,0.48436993315985283,0.040022388347732994,0.5643987176433928
227.1,0.4819195310131167,0.034727395910234465,0.714818244896102
227.12,0.4727296359598275,0.02692698929471769,0.8388680002735474
227.14000000000001,0.45819179115734393,0.017247699483309016,0.927723266914774
227.16,0.4390262350187862,0.006445613865260975,0.9753500529386756
227.18,0.4157515229565535,-0.004666811024750574,0.9788749397096612
227.20000000000002,0.38884752284773233,-0.015288673067786833,0.9386729378967797
227.22,0.3588202384410571,-0.0246918896333167,0.8581960027354107
227.24,0.3262424511702603,-0.03227249372543221,0.7435752629529153
227.26,0.2917984786412075,-0.037588705881390315,0.6030435371461003
227.28,0.2563487752012876,-0.040383332581694596,0.44623626376810566
227.3,0.22102739068467023,-0.04058911698079388,0.28343666567459225
227.32,0.18738221153372647,-0.03831683276849568,0.12483415585376642
227.34,0.15755707459710136,-0.033827152798208235,-0.02013661653813847
227.36,0.1344913145202601,-0.027488746035561396,-0.14331556672083914
227.38,0.12207800389183808,-0.01972677743479864,-0.23814845587265504
227.4,0.12517002791005205,-0.010968074314894095,-0.2998030044978357
227.42000000000002,0.14914107881180935,-0.001592633798120232,-0.32507416077156054
227.44,0.19806346654829152,0.008088969761966111,-0.3121375749462702
227.46,0.26974654924546687,0.01778827088277366,-0.26033280604792236
227.48000000000002,0.34953674561983544,0.02707320806749885,-0.17036774541720373
227.5,0.4158051170171371,0.03519193859116966,-0.045291278476078445
227.52,0.4581149363153395,0.04119105956520282,0.10833281248098221
227.54,0.4803386747007158,0.04428546656225971,0.28034562101028593
227.56,0.48943398775889646,0.04407930346940742,0.4581982648079746
227.58,0.4897854564646265,0.04056524029229211,0.6285554998940236
227.6,0.483496765642832,0.03405222845982268,0.7787108063802073
227.62,0.47158483977765236,0.025092254952283375,0.8977029978318346
227.64000000000001,0.45465168073499407,0.01441065940532724,0.9771487748572262
227.66,0.43315907254795144,0.0028355852287618947,1.011795578336176
227.68,0.4075314517269617,-0.008773233704977578,0.9997901393047408
227.70000000000002,0.3781972748772404,-0.019592899657693896,0.9426663313456956
227.72,0.3456115736400595,-0.028898565262429544,0.8450722609283794
227.74,0.3102767527595587,-0.0361132820836411,0.714273968453438
227.76,0.2727713226927263,-0.040843197718585834,0.5594881225425185
227.78,0.23379568568193723,-0.04289595391930249,0.39110701124449687
227.8,0.19424538870147456,-0.042281366205896655,0.21988527649457618
227.82,0.1553213914784982,-0.03919468490770083,0.05615906745758774
227.84,0.11867810490279838,-0.0339839497362848,-0.09083532483506705
227.86,0.0865882702120122,-0.0271042710415584,-0.21348491691049057
227.88,0.062077487834097514,-0.019063396966518785,-0.30612146168392446
227.9,0.04898623786537788,-0.010364309090030957,-0.365117146963763
227.92000000000002,0.0519832384506856,-0.001450746590395464,-0.38875475350996486
227.94,0.07655357338029656,0.0073398278032166175,-0.3768934552668496
227.96,0.12838913856167286,0.015808429857303602,-0.3304715735032672
227.98000000000002,0.2096063886671309,0.023877926039499387,-0.25095783817913236
228.0,0.30869324954329913,0.03143356358421433,-0.14011610829941584
228.02,0.39673525061546633,0.03799919680392293,-0.0007856408998000641
228.04,0.452432442145687,0.04266325713447115,0.1613394760001136
228.06,0.4792203289997905,0.04454887782468425,0.33679360233100397
228.08,0.48857331262425713,0.043220175592192725,0.5134238733499457
228.1,0.487749992297244,0.03870032385049035,0.6782851270802543
228.12,0.4799458422117235,0.03135438325727773,0.819247829371451
228.14000000000001,0.46651550744614606,0.021786466989888485,0.9261506184165004
228.16,0.4481582268897023,0.01075748932868592,0.9915878603804796
228.18,0.4253661522234545,-0.0008898439320408442,1.011385643395573
228.20000000000002,0.3985783323479501,-0.012302902457250131,0.984784050462364
228.22,0.36823694841926413,-0.022685940887376025,0.9143409554676653
228.24,0.3348155214165489,-0.031358061261012225,0.8055849517496857
228.26,0.2988442915227146,-0.03779860064883047,0.6664604503872176
228.28,0.26094540107709646,-0.04167705805672038,0.5066213675944433
228.3,0.22188857192744038,-0.042865812362987754,0.33663914162375397
228.32,0.1826783222683751,-0.041435098508264316,0.16719538597122896
228.34,0.14468067170007473,-0.03763091542832109,0.008329199318698702
228.36,0.10978426723294689,-0.03183777309867153,-0.1311959803244566
228.38,0.0805657016366618,-0.024529580504326902,-0.24435143406676774
228.4,0.060408524470255576,-0.016213527579244644,-0.32608989770637026
228.42000000000002,0.05355012074151818,-0.007372921628856996,-0.3733636975055343
228.44,0.065089285099998,0.0015854285740278607,-0.3849216853482606
228.46,0.10081197189846187,0.010374095029919535,-0.36091297232233577
228.48000000000002,0.16554519191945413,0.018842418817834987,-0.3023602088125223
228.5,0.256545853603372,0.026908590887413385,-0.2107026152089314
228.52,0.35335066619142,0.034311026536775396,-0.08795287253780082
228.54,0.42682471148228635,0.040332068633200685,0.061957513627803856
228.56,0.46769280835701554,0.04399881027966722,0.23154990303696596
228.58,0.4853876957583391,0.0446078889726162,0.40984819877322115
228.6,0.4897128106783531,0.04193724175338035,0.5840219481498329
228.62,0.48567546635514414,0.03617209128844574,0.7412072428468475
228.64000000000001,0.4753850670016495,0.027791187372437045,0.8699020357483299
228.66,0.45980019248483334,0.017476453545573645,0.9609527313596244
228.68,0.4394912737651073,0.00603544267299394,1.0082096694751241
228.70000000000002,0.4149122475608852,-0.005672392630359236,1.008881365180283
228.72,0.386494345472033,-0.016806148589231656,0.9635996903885936
228.74,0.3546835597385357,-0.026607427941048742,0.8762149309286944
228.76,0.31996399907950945,-0.03445383307286809,0.7533546563402933
228.78,0.2828838970082071,-0.03989853198622711,0.6037954693705072
228.8,0.2440948510925665,-0.042693455259299726,0.4377086110682036
228.82,0.20441475459954925,-0.042794882944439366,0.265847789795573
228.84,0.164924806730561,-0.04035140394906858,0.09875011284057786
228.86,0.1271051175581466,-0.03567543494443012,-0.053981339984417884
228.88,0.09299549284769383,-0.029200755190271033,-0.18425200097281227
228.9,0.06534025951467333,-0.021429984077820256,-0.28585874855548365
228.92000000000002,0.047666367287847886,-0.01287744306602962,-0.3546515032681226
228.94,0.04429645338649846,-0.004013483662636174,-0.3884672673032124
228.96,0.06036657008405424,0.004784915041752832,-0.3868527748051445
228.98000000000002,0.10164571667751209,0.013272994885412153,-0.3506084705446363
229.0,0.1725190586604714,0.02134799075822448,-0.2812231436187149
229.02,0.2682574237755733,0.028958949404007027,-0.1804334484704101
229.04,0.3652016837704553,0.0358235284609456,-0.05052126514738105
229.06,0.4346973863369983,0.041176824181331756,0.10414980263388318
229.08,0.4713395633360533,0.044063085239499894,0.27558604212847054
229.1,0.4861346667830317,0.043861093486667016,0.45251398237247253
229.12,0.4885147719209259,0.040436260847075835,0.6221605160021222
229.14000000000001,0.4830073013824663,0.03404227256133027,0.7720332068580857
229.16,0.47149370981722494,0.025206120898838426,0.8912343405758979
229.18,0.4548506291292693,0.014639102836905659,0.9713695935678043
229.20000000000002,0.4336249862891511,0.0031599165225100305,1.0071294235862043
229.22,0.40826984269126954,-0.00837819879808159,0.9965719114770355
229.24,0.379226897943796,-0.01915616587482313,0.9411216636023406
229.26,0.3469622402313242,-0.028450283216293948,0.8453075849386678
229.28,0.31199256337261844,-0.03568211724492226,0.7162772260613105
229.3,0.2749177754396229,-0.04045385950362975,0.5631397209601514
229.32,0.2364712616099311,-0.042566988247208594,0.3962001627863748
229.34,0.19759911627902718,-0.04202326725753999,0.22615453844305097
229.36,0.15957817333514018,-0.03900832138077805,0.06331579418881599
229.38,0.12417328854003763,-0.03385924453690818,-0.08306176977474573
229.4,0.09381257078368432,-0.027019033101423076,-0.2053010106785984
229.42000000000002,0.0717345324159461,-0.018982168807451263,-0.2976187843618936
229.44,0.06206659241637102,-0.010237034485707208,-0.3562167495177618
229.46,0.06983808834873956,-0.0012111351086721484,-0.37914555433366276
229.48000000000002,0.10081463497809659,0.00777500058297845,-0.36596496728464434
229.5,0.16011734998172852,0.01653120322420024,-0.31725664629021827
229.52,0.24652203169044215,0.024947125816592926,-0.23416387804910224
229.54,0.3424302733263336,0.0327746061391558,-0.11844270875434744
229.56,0.41900074057264547,0.039341102324995346,0.026368102051302057
229.58,0.4636805158991486,0.04367160349951802,0.1932933593339478
229.6,0.48410502438241076,0.04499667081519132,0.3717110729420446
229.62,0.4902568711119994,0.04301541220364067,0.54883944479025
229.64000000000001,0.48758487540856255,0.03784840871693323,0.7115730580790242
229.66,0.47842858374522856,0.02992691369601036,0.8479443718772788
229.68,0.46383363815653145,0.019901579744940806,0.9481769721433639
229.70000000000002,0.4443979075875092,0.008564562829503752,1.0054051163308382
229.72,0.42058016915997626,-0.0032246302918506903,1.0160907909446442
229.74,0.3928064840201183,-0.01461074108015227,0.9801486913178489
229.76,0.36151067815806365,-0.024808772876828866,0.9007946668645035
229.78,0.3271565930999351,-0.03316035814818733,0.784148064141277
229.8,0.2902601399399776,-0.03917681258141508,0.6386341468331095
229.82,0.25142141891201547,-0.04256618739901789,0.4742455998541033
229.84,0.21137661568025923,-0.04324282917909296,0.30173051973342957
229.86,0.17107999037584812,-0.04131919490660679,0.13177777449543554
229.88,0.1318227856922649,-0.0370808777745684,-0.025730800173862742
229.9,0.09538161915358004,-0.03094702811332365,-0.16233815179788474
229.92000000000002,0.06416157532783145,-0.02341975605091863,-0.27144795299854446
229.94,0.04127784937328568,-0.015027677452528001,-0.34854447296960805
229.96,0.03055322044204411,-0.006269819252725618,-0.3911852666582888
229.98000000000002,0.0365135740309422,0.0024347982902248808,-0.39877949807461893
230.0,0.06445930234973954,0.01078935816847736,-0.3721805214589841
230.02,0.11999976924313763,0.01864804599322839,-0.3131324113375507
230.04,0.20521322188176647,0.0259967322908746,-0.22367593290054763
230.06,0.30791472274367904,0.03278332838273666,-0.10588968312821163
230.08,0.39769203743338494,0.03857184768344338,0.037284882122866875
230.1,0.4530503543539935,0.04246941762325921,0.20016047357345923
230.12,0.4786709612005028,0.043629427458434546,0.37336707145603487
230.14000000000001,0.4868138039990076,0.04166275729754719,0.545006227721562
230.16,0.4849256475034678,0.036638555573377724,0.7025779485485867
230.18,0.4762159358845888,0.02895646978256871,0.8345609857753248
230.20000000000002,0.46203401360555973,0.019240279238363047,0.9315113292652175
230.22,0.4430801282757325,0.00825491314712486,0.9867880328760809
230.24,0.4198553493408555,-0.003167855973906941,0.9969676029752624
230.26,0.3928162113980272,-0.014199449846881027,0.9619697909820515
230.28,0.36243362497165776,-0.024078521376951625,0.8849141792710236
230.3,0.3292264438952125,-0.03216542231770204,0.771738514386147
230.32,0.29379594836467193,-0.03798362269503819,0.6306242201880976
230.34,0.25687543532836604,-0.041245441887801375,0.47128690662392675
230.36,0.21940718869607115,-0.041860561315603485,0.3041980768338413
230.38,0.18265819112884313,-0.039926971650281015,0.1398079975206985
230.4,0.14837937380111932,-0.03570521370305246,-0.012161313188135695
230.42000000000002,0.11899534853845967,-0.02957807634936301,-0.14329001660887747
230.44,0.09778537344712622,-0.02199942359427087,-0.2468499391684465
230.46,0.08900053783226901,-0.013437404513120617,-0.31797614390362217
230.48000000000002,0.09784920572597477,-0.00431856758718173,-0.35361078397020934
230.5,0.13006797933488293,0.005018308202161328,-0.35223897671944204
230.52,0.1898097102391113,0.014337758786358394,-0.3134899101416561
230.54,0.2732471347288622,0.02343550341239494,-0.23782431950223196
230.56,0.3610407213263557,0.031915204380431536,-0.12680947063855644
230.58,0.42830097249373944,0.03898564315552276,0.015628148072183108
230.6,0.46730963466215525,0.04367164148601648,0.18188259574040397
230.62,0.4855641393164484,0.04526004744841898,0.3608500628129715
230.64000000000001,0.49119633673500834,0.04348389292743031,0.5394592883480123
230.66,0.48856328832295237,0.03847091258402071,0.704392182939081
230.68,0.47959128134667245,0.030649342368738876,0.8434721027043862
230.70000000000002,0.46519375973370114,0.020666387036772385,0.9466986457548018
230.72,0.44592778643804676,0.009313900282572873,1.0069739910791589
230.74,0.4222375077160108,-0.0025449069841594744,1.0205348017895515
230.76,0.39454026377502505,-0.014047303018250317,0.9870929886948953
230.78,0.36326034301533466,-0.024397796656036672,0.9096978573587358
230.8,0.32884784447891185,-0.0329255331264358,0.7943485493250766
230.82,0.29179733994039486,-0.03912853600501702,0.649402094787416
230.84,0.25267515127546236,-0.04270202161608578,0.4848356249250858
230.86,0.21216400104186423,-0.04354923134637954,0.3114299832972671
230.88,0.1711348348156921,-0.041774483259473555,0.13994567533237634
230.9,0.13075323897970498,-0.03765935814363225,-0.019639154428412672
230.92000000000002,0.09261547400661059,-0.03162414291271308,-0.15876508503325246
230.94,0.058882251095727256,-0.02417801287547235,-0.27074961767400074
230.96,0.03235075266591992,-0.015863023376588778,-0.3510317642211864
230.98000000000002,0.01642465806624591,-0.007198265189238638,-0.39719073116174713
231.0,0.01505113966373212,0.001369979709099371,-0.4087516830861113
231.02,0.032801909166312274,0.009509616721485682,-0.38680898609255293
231.04,0.07501760164349823,0.017035942351142624,-0.3335000038233026
231.06,0.14655873957837842,0.02392520264339538,-0.2513761083436247
231.08,0.24494916907462533,0.030244450820997172,-0.1428513747582236
231.1,0.34841711889288773,0.03587895802792438,-0.010307208705777936
231.12,0.425063195026456,0.04020673984327871,0.14245404194431405
231.14000000000001,0.4656343295557465,0.04230830974468724,0.3083626303686284
231.16,0.4815884125173519,0.04154678948503191,0.4770794115347655
231.18,0.4839556604362543,0.037781100732119016,0.6367138733863962
231.20000000000002,0.47814520792115234,0.03126631251290268,0.7756510824467755
231.22,0.4663757023816846,0.022524793731056914,0.8838678405913086
231.24,0.4496428420288332,0.012250852231871955,0.9538020300237658
231.26,0.42854469801053086,0.0012333079178670028,0.9808821483678402
231.28,0.40357267734001434,-0.009715031267324219,0.9637626324056529
231.3,0.37521583262885216,-0.01982237290370468,0.9042876404218583
231.32,0.3440101140324587,-0.02841481278660499,0.8072099609478331
231.34,0.31057936194448804,-0.03496166898742679,0.6797044084127085
231.36,0.2756885707329521,-0.03910635454294296,0.5307279752794725
231.38,0.24032352264006207,-0.04068082690529707,0.37028886829376595
231.4,0.20580881891936412,-0.03970277706778212,0.2086921834740047
231.42000000000002,0.17397021337900095,-0.03635591595784184,0.055830957384019365
231.44,0.14733024443228118,-0.030955031032403692,-0.07941266795635514
231.46,0.12929615235345954,-0.023899055924913395,-0.1896011545780354
231.48000000000002,0.12425737968431892,-0.015617315677319313,-0.2689718237691948
231.5,0.13741366925183202,-0.00651669693769389,-0.3134507511440721
231.52,0.17378224011727636,0.0030566684111304776,-0.32047801226020856
231.54,0.23494023064261377,0.012810702371492105,-0.28875494511451955
231.56,0.31265170259407554,0.022401294249605453,-0.2181984959503904
231.58,0.3869773406594861,0.031233973272432783,-0.11053924817868097
231.6,0.44051927986282635,0.03841333701351812,0.029469410716682035
231.62,0.47136575461726055,0.0430328033581573,0.19333862744531038
231.64000000000001,0.48609234083289243,0.0444994869663868,0.36950954353701804
231.66,0.49038206651994976,0.04262343802345219,0.5448619043358727
231.68,0.48723165856880263,0.03756600144678373,0.7062429096216928
231.70000000000002,0.47805163014816027,0.029765805895780074,0.8417236877033027
231.72,0.463589662747539,0.019868805735043304,0.9415674770678658
231.74,0.4443555236247585,0.008658848493561244,0.9989205508141479
231.76,0.4207848973714413,-0.0030132573265493554,1.0102222352867154
231.78,0.3933020806955389,-0.014299903417273196,0.9753315289519828
231.8,0.36234876779897185,-0.02442189080177991,0.8973814795904367
231.82,0.3284047013035567,-0.032724290443166396,0.7823900272926351
231.84,0.2920121428001586,-0.038719188509458366,0.6386725359709771
231.86,0.25381319148523596,-0.04211257895832355,0.47611433099126316
231.88,0.2146098582801497,-0.042813862176306484,0.3053701459824437
231.9,0.17545755093747828,-0.04092763531956314,0.1370610889920024
231.92000000000002,0.13779841439378013,-0.03672866767730789,-0.018961423134168216
231.94,0.10362568613738206,-0.030622206682878704,-0.15422135346455634
231.96,0.07564382568367714,-0.023093193534394298,-0.2620413218804815
231.98000000000002,0.05737371650968159,-0.014649507535328005,-0.3377488685858524
232.0,0.05318817386962084,-0.005765266657671762,-0.3786538061675868
232.02,0.06831430432921709,0.0031704577917053894,-0.3838080517802949
232.04,0.10856928064524474,0.011893980166919185,-0.3535795396486151
232.06,0.1782064035337091,0.020276458380865107,-0.28911407562811037
232.08,0.27222342512785086,0.028232339853410584,-0.1919266273280718
232.1,0.36720468784457383,0.035442046500122955,-0.06422557658627377
232.12,0.4354376304734284,0.04111838273658845,0.0895744304247617
232.14000000000001,0.47177532288303287,0.044299731595784854,0.2613771105431751
232.16,0.4867612074933069,0.044357932681894564,0.43978554678042514
232.18,0.48947081156584143,0.04114589188311874,0.6118630887468754
232.20000000000002,0.4842942782023526,0.034904579922277384,0.7649014837776378
232.22,0.4730715237934806,0.026152068679631952,0.887743079670186
232.24,0.4566664709506299,0.015596100068189194,0.9717084106041154
232.26,0.43561993148601513,0.004057458262144075,1.0111998997204625
232.28,0.4103786490084576,-0.0076033149812127256,1.0040065983201012
232.3,0.3813751056953235,-0.01855550929736375,0.9513223115548624
232.32,0.3490610856878667,-0.02806067479652095,0.8574983546315199
232.34,0.3139308609383074,-0.03552395176126112,0.7295675429808968
232.36,0.27654904453108575,-0.04053098933454711,0.5765907441156835
232.38,0.23759352598281466,-0.042868206628898745,0.40888851951164223
232.4,0.19792413304902132,-0.042525360307725614,0.23722696865594858
232.42000000000002,0.15868702350434677,-0.0396806017162819,0.07202858488622438
232.44,0.12145721320742314,-0.034669413270411495,-0.07732420686387231
232.46,0.08840137146047465,-0.02794011143249295,-0.20303325734344457
232.48000000000002,0.062415676486540186,-0.0200001098092426,-0.29923076781410374
232.5,0.04719217802976918,-0.011358585234403574,-0.3621011731956005
232.52,0.047230005758166965,-0.002471541318885943,-0.38977664189350786
232.54,0.0678475151103748,0.0063062093098173785,-0.3820254586384974
232.56,0.11482094602441936,0.01475667446588157,-0.33976990305793703
232.58,0.19151737677177103,0.02279602359905466,-0.2645219562650506
232.6,0.28977734876513705,0.030349107507625386,-0.15803626096315682
232.62,0.3826297619067835,0.03703689885645599,-0.02285740761857878
232.64000000000001,0.44475737559999196,0.042008342196079726,0.13597378170522142
232.66,0.47586559725901456,0.044340753853022705,0.30966985237428035
232.68,0.4875579165956085,0.043512551483527624,0.48646377293225085
232.70000000000002,0.4881203084007988,0.03947742851447806,0.6534784105233291
232.72,0.4813236335402191,0.032551845026944026,0.7984180989468684
232.74,0.4687433036542062,0.023306224671793805,0.9107923234077262
232.76,0.4511520771227064,0.01247982626480538,0.9827560685235299
232.78,0.4290648797147423,0.0009049843114661532,1.0096321074129666
232.8,0.4029269029088738,-0.010565170072433,0.9901376522297586
232.82,0.3731807718437604,-0.021124354332971666,0.9263301603004489
232.84,0.34029799651028175,-0.030072538726156377,0.8232977261594056
232.86,0.3048048977131698,-0.036863327401757386,0.6886347337614381
232.88,0.267317027102444,-0.041136281367386576,0.5317572607507415
232.9,0.22859305916762618,-0.042732249418715035,0.36312272950516855
232.92000000000002,0.18961939754707094,-0.041690978684896636,0.19342363447619454
232.94,0.1517343623042855,-0.03823148247304713,0.032825672158601917
232.96,0.11678937829015443,-0.032716869370042694,-0.10968373963986423
232.98000000000002,0.08732082106649798,-0.025606708564053872,-0.22678005382438313
233.0,0.06668375747875964,-0.017401553385353114,-0.31307816970569363
233.02,0.05911434168089388,-0.008585474394629521,-0.3651810785419285
233.04,0.06973529678801733,0.00042757590469132665,-0.38150451267465246
233.06,0.10434948918971598,0.009337765218514836,-0.3619038766368277
233.08,0.16776792482395275,0.01797754263913691,-0.3071669495027368
233.1,0.25732265460061154,0.026245448602713807,-0.2185722899043888
233.12,0.3530072203143137,0.033863874967112594,-0.09804632104116122
233.14000000000001,0.4261707041901528,0.04010948274861679,0.05052193962780238
233.16,0.4673112988507584,0.04400602753781906,0.21968321681131106
233.18,0.4854266547100543,0.044838816138744506,0.39846245021488147
233.20000000000002,0.49014816453233134,0.042369635377457936,0.5739729550089187
233.22,0.4864582167287859,0.03676856519824137,0.7332306260825099
233.24,0.4764705469507317,0.02850283994762029,0.8645594285719106
233.26,0.4611476529807426,0.018247376511233235,0.9585945777506754
233.28,0.44106067563614015,0.006807471583054897,1.0089566869041304
233.3,0.4166617717776675,-0.004955071989777082,1.0126248389837225
233.32,0.3883781501713083,-0.01619287503758388,0.9700193377433823
233.34,0.3566490494352278,-0.02613771540983245,0.8848118030035954
233.36,0.3219478340856304,-0.03415502927276022,0.7634954876951723
233.38,0.28480573251882607,-0.03978464386825757,0.6147640991938279
233.4,0.2458473825560552,-0.04276522431834669,0.4487596184669792
233.42000000000002,0.20584820630167527,-0.043041124210935096,0.27625729459019727
233.44,0.16582391433005836,-0.04075156199121531,0.10785876123201513
233.46,0.12715758419886555,-0.03620324955664052,-0.0467378804603094
233.48000000000002,0.09175318494561559,-0.02982884879812225,-0.17932913222713368
233.5,0.06217621713956369,-0.022135075844838207,-0.2836087517714936
233.52,0.04172688714716219,-0.013645827077548378,-0.3553508503145693
233.54,0.034438134392780304,-0.004846516564297542,-0.3923659092380423
233.56,0.045090070193541186,0.0038654578958966833,-0.39424522191449646
233.58,0.07922731918476011,0.012221432103941457,-0.3619239060940033
233.6,0.14215358096290967,0.020103651524729448,-0.2971110693673353
233.62,0.23338203617370248,0.027498471333666508,-0.20174038891217264
233.64000000000001,0.3352145934502958,0.03427043064323451,-0.07793088512210011
233.66,0.4162955365191461,0.03982980693712772,0.07082584470123968
233.68,0.4624810616291616,0.043228840822217576,0.23781581287195835
233.70000000000002,0.4825244783717343,0.043716365540576785,0.41275088575048235
233.72,0.4876823832095163,0.041028137415018234,0.5832933588763817
233.74,0.48395248128172186,0.03532656035287312,0.7369449957279025
233.76,0.47384466376696616,0.02707538664731963,0.8624974153862921
233.78,0.45845425530425754,0.01694201154294049,0.9510329977240325
233.8,0.43839909455579146,0.005717881873487572,0.9965769350579916
233.82,0.4141554968599999,-0.005754891876134394,0.9964453891752356
233.84,0.386174173296361,-0.016652808117525262,0.951307940106634
233.86,0.3549270267906228,-0.02623354019394538,0.8649851684034817
233.88,0.3209374485512926,-0.03388807034382855,0.7440156034898868
233.9,0.28481488004128397,-0.0391790341841752,0.5970407340441968
233.92000000000002,0.24730639521541853,-0.041862866830242804,0.43406842035551874
233.94,0.20937723066009395,-0.04189449266392933,0.2656824143282148
233.96,0.17233094513549374,-0.03941449496274437,0.1022683388976685
233.98000000000002,0.13797174755530445,-0.03471991526129589,-0.04667567731230321
234.0,0.108791564778631,-0.028221159449856193,-0.17308270742696732
234.02,0.08813892147201942,-0.020389015445088463,-0.270666978797003
234.04,0.08031990561154533,-0.011697274380838538,-0.33505107652035176
234.06,0.09058334020656372,-0.0025673579104529536,-0.3636654049318632
234.08,0.12471972020201165,0.006676822872395443,-0.3554429810786148
234.1,0.18692475483284252,0.015822990764623176,-0.31038407283712405
234.12,0.273076514544894,0.024693397537943848,-0.22921809125553258
234.14000000000001,0.36279466400603466,0.032907954312311534,-0.1136898257122533
234.16,0.4304078347959052,0.03967318456600554,0.032122835573605624
234.18,0.4687889003957922,0.044013451973680194,0.20044750793881003
234.20000000000002,0.48622819985556104,0.045234111636381524,0.3800494193063168
234.22,0.49112246827458034,0.04309747809223882,0.5578264457294005
234.24,0.4878418391574449,0.03776050809872113,0.7205490951262818
234.26,0.4782883582115511,0.029675947199682685,0.856237647055262
234.28,0.46336038123032885,0.01950904677178486,0.9551741179680316
234.3,0.44360881679668573,0.008062404768059717,1.0106008737503631
234.32,0.41947630966590194,-0.003797623003163759,1.0191225526795513
234.34,0.3913810713147137,-0.015212516617579854,0.9808167356852013
234.36,0.3597498388711355,-0.025397584155510307,0.8990680377301277
234.38,0.3250367972655648,-0.0336981284108338,0.7801565201445084
234.4,0.2877429820630398,-0.03963210614527155,0.6326473780329626
234.42000000000002,0.24844508825915462,-0.04291663413532783,0.46664161406347937
234.44,0.20784265907881233,-0.0434769222951163,0.29295557119156385
234.46,0.1668334929662971,-0.041437466532762444,0.12230036199995054
234.48000000000002,0.1266239834396276,-0.03709654269161353,-0.035469530382373486
234.5,0.08886721035269668,-0.030886258118930674,-0.17197577537988523
234.52,0.055793451001040065,-0.023321802482494523,-0.2807528489606276
234.54,0.030272407293045665,-0.01494513798395044,-0.35746856245847847
234.56,0.01577442843656181,-0.0062695425496441404,-0.3999188794512717
234.58,0.016315213284903922,0.002269393857866164,-0.407812406571673
234.6,0.03655936558945165,0.010354312088395913,-0.38237584689706444
234.62,0.08191904765662038,0.017818206211844115,-0.32581343313490974
234.64000000000001,0.15691792975518948,0.024653146475696105,-0.2406732841674215
234.66,0.2574048305778622,0.030922465783909222,-0.12933311430176284
234.68,0.35919664867938933,0.036463461013214564,0.005762697130721337
234.70000000000002,0.4315182722232705,0.04059396446469618,0.16050621729894574
234.72,0.46852152642792066,0.042399325371391725,0.3273960506440289
234.74,0.48246504976425586,0.04129794396230034,0.49580194198760813
234.76,0.4837065717985785,0.03720136969530142,0.6537692733113378
234.78,0.4771385454037666,0.030401198377587035,0.789796967608354
234.8,0.46476324413475156,0.021443977851411992,0.8940956385605766
234.82,0.4475025475990685,0.011038896464521547,0.9594144991350049
234.84,0.4259324120342787,-1.8536327979780907e-05,0.9815363097773463
234.86,0.4005398826024099,-0.010916467430317371,0.9594810531275001
234.88,0.37181662632220847,-0.020890989237299346,0.8954404562450005
234.9,0.34030549991731013,-0.02928191798905767,0.7944712350923463
234.92000000000002,0.30664193084586144,-0.035576661258915905,0.6639879690361375
234.94,0.2716092703002646,-0.039439342858271144,0.5131091978196296
234.96,0.2362219257582096,-0.04072334452523862,0.35191975646270957
234.98000000000002,0.20184797047461514,-0.03946655880245637,0.19071748178628467
235.0,0.1703759567061408,-0.03586985052361579,0.03931286644557849
235.02,0.1444123559996584,-0.03026055931971041,-0.0935543573417576
235.04,0.12746495684507578,-0.023044477204039158,-0.2006281469778527
235.06,0.12402448599375843,-0.014651688446999989,-0.27634254721980545
235.08,0.13934780168032088,-0.005484363912064234,-0.3168119982713361
235.1,0.17832395950017246,0.004118906620561536,-0.3196389843220532
235.12,0.24188332041227215,0.013869139698881247,-0.28366243247536227
235.14000000000001,0.3204742402433686,0.023408193559045384,-0.2089545443767096
235.16,0.3934469682047722,0.032109178221457535,-0.09749904179638387
235.18,0.44463260656803405,0.039057693811367825,0.045580749028025044
235.20000000000002,0.47354051594864893,0.04336660645149193,0.21142651199967355
235.22,0.48698970289745247,0.04448344766388382,0.3882390627463153
235.24,0.4904037126315296,0.04225786363091507,0.5628222236006681
235.26,0.48656968596387207,0.03688369037833054,0.7220918829680699
235.28,0.4768009889589142,0.02882482941737384,0.854303259855353
235.3,0.4618084758807335,0.01874541307903619,0.949990630966281
235.32,0.4420894668587444,0.007440133587469248,1.0026294410473966
235.34,0.41807635961424067,-0.004236821456918933,1.009016623187607
235.36,0.39019387846990977,-0.015441663117962096,0.9693677335169114
235.38,0.35888617498411785,-0.02540546460835396,0.8871438677320841
235.4,0.32463731926249545,-0.033488834920011305,0.7686389330472194
235.42000000000002,0.28799650503149105,-0.039223130119415195,0.6223740878360083
235.44,0.24961696190023494,-0.04233558629076714,0.45835881745122314
235.46,0.21031860072564362,-0.04275696351243308,0.28728619163668434
235.48000000000002,0.17118492413509806,-0.040611516568671784,0.11973303275234864
235.5,0.13369968855930925,-0.036190315286338565,-0.034565954384700094
235.52,0.09991216947138366,-0.029910201182298802,-0.16730761632044153
235.54,0.0725930063513745,-0.022262121765411057,-0.2720228553238935
235.56,0.05533047491280057,-0.013754108263579892,-0.3442597887518094
235.58,0.05255965957007654,-0.0048549388031547056,-0.38153821994235576
235.6,0.06956300946618467,0.0040563212014064435,-0.38308902666162686
235.62,0.11215602379842654,0.012729183172946173,-0.34941196541377467
235.64000000000001,0.18425524249339842,0.021046746991958118,-0.2817318655097943
235.66,0.27965753664127385,0.02892154514349348,-0.18161686587031314
235.68,0.3735932945251818,0.03600534023480466,-0.05138922463634089
235.70000000000002,0.4392952166284987,0.04148107081750805,0.10428861282061888
235.72,0.4735427268168528,0.0443983563230479,0.2770291176511355
235.74,0.4872742090769009,0.04416767124486875,0.45525588492809416
235.76,0.48920967186857517,0.04067849071564211,0.6260091181712741
235.78,0.4834689953622299,0.03419887967167806,0.7766847522072821
235.8,0.4717775005363448,0.025265923807232693,0.8963209483236458
235.82,0.45495941121288824,0.014599483329662245,0.9764961070241898
235.84,0.4335434658049457,0.0030259325975134834,1.0119058653107404
235.86,0.4079740357102112,-0.008594866229713508,1.0006421913771828
235.88,0.3786851728699649,-0.019438632019426277,0.9441873577542551
235.9,0.34613273012510104,-0.028778220425967633,0.8471453289815324
235.92000000000002,0.31081781643837597,-0.03603376114679647,0.7167485373540516
235.94,0.2733159945556267,-0.040808149716379694,0.5621924915708096
235.96,0.23432265852023956,-0.0429057500243943,0.39386148166124135
235.98000000000002,0.1947253626317814,-0.042333376665724086,0.22251480821636074
236.0,0.15571283030681704,-0.039283842010291,0.05850424765143865
236.02,0.11892173155226257,-0.03410356254734614,-0.08891008336969201
236.04,0.08660083912530692,-0.027247035019260596,-0.2120868494245265
236.06,0.06174561657240922,-0.019222515654247322,-0.30532921908292354
236.08,0.04816014309076233,-0.010534632863970415,-0.3649851145372011
236.1,0.05046953986077698,-0.0016298519640370684,-0.38932182735187754
236.12,0.0741169127608259,0.007150737303245754,-0.3781958563796648
236.14000000000001,0.12482448933422423,0.015604495918076139,-0.33255797642891916
236.16,0.205047020770985,0.023654272082568747,-0.25389875612992396
236.18,0.3041017470669729,0.03119725222692293,-0.14398311096205987
236.20000000000002,0.3934292599634187,0.03778211475741262,-0.00557395418248301
236.22,0.45067332768426727,0.04251060538437457,0.15579747253402906
236.24,0.47845259042628635,0.04449371776983617,0.33082841655335815
236.26,0.4883300828773692,0.04327551158402266,0.507457668377852
236.28,0.48781504924985924,0.03886346875476464,0.6727588309415721
236.3,0.4802355177836743,0.03161177243723806,0.814568556681398
236.32,0.4669959777960988,0.022116961229837803,0.9226551353968931
236.34,0.4488121787617631,0.011135010851925302,0.9895176613791528
236.36,0.4261814786055055,-0.0004938347524552542,1.010872172485345
236.38,0.3995445208835701,-0.011917007334990255,0.9858436893954157
236.4,0.36934395718985935,-0.02233659307844659,0.9168793148859319
236.42000000000002,0.33605345249666785,-0.031067598621037553,0.8094095221797318
236.44,0.3002033067974915,-0.03758376524400342,0.6713001441870092
236.46,0.26241565724448535,-0.04154801234092834,0.51215105268621
236.48000000000002,0.2234600434160189,-0.0428257202876323,0.34250698943103036
236.5,0.18434044857099252,-0.04148027557313771,0.17305075093733654
236.52,0.14642197112201266,-0.0377515070991688,0.013848820501223727
236.54,0.11159257496418741,-0.03201887528240616,-0.1262854122026609
236.56,0.08243050906490045,-0.024752665940984558,-0.24025585746111958
236.58,0.062327328736603786,-0.016457991468974302,-0.32293647448143253
236.6,0.05553899892261111,-0.0076175353601007955,-0.37119547346952275
236.62,0.06719164608815166,0.0013613006390360935,-0.3836976123941038
236.64000000000001,0.10308470714128047,0.010189392601194551,-0.36051245025183865
236.66,0.1679746221090559,0.01871262029037512,-0.3025929440128455
236.68,0.25887025905149014,0.02684168512176887,-0.2113295242504839
236.70000000000002,0.35507848234835165,0.034301914381120284,-0.08872767736615213
236.72,0.4277721854301224,0.04036402727247343,0.06123480139726921
236.74,0.4681351387759296,0.04405432146425565,0.23100714527722932
236.76,0.48561713661770056,0.044674682072543215,0.4095533196785634
236.78,0.48987023230557714,0.04200700632689768,0.5840025502054513
236.8,0.48580878119417137,0.03623844174278657,0.7414619971096327
236.82,0.47550601666934633,0.027848868011651783,0.8704064348217364
236.84,0.4599084688451775,0.01752125759113781,0.9616633150541355
236.86,0.4395825076468349,0.006064339153354179,1.0090684540701618
236.88,0.4149802412564264,-0.005661141625517186,1.0098208019894488
236.9,0.3865313792979081,-0.016812955885708407,0.9645479359098917
236.92000000000002,0.3546799178687543,-0.026631455894500715,0.8771010343480681
236.94,0.3199069354235544,-0.0344931752527418,0.7541132326683361
236.96,0.28275591370039,-0.039950493645889075,0.6043704447657536
236.98000000000002,0.24387097038864272,-0.04275492157858278,0.4380556670834895
237.0,0.20405832307589095,-0.04286276548476777,0.26593517563775865
237.02,0.1643813121724692,-0.04042315993276397,0.09855752515675614
237.04,0.12629362628967924,-0.03574965780954433,-0.05446609723918382
237.06,0.09179763141811415,-0.029277834073432377,-0.18503885834636183
237.08,0.0635867038785472,-0.0215128245964816,-0.28696397654213296
237.1,0.04511965151188833,-0.012972247058469099,-0.3561093155844163
237.12,0.040627851776998715,-0.004130619139769839,-0.3903447067886431
237.14000000000001,0.055136256725924496,0.0046299578222913015,-0.3892682934411524
237.16,0.09436185143299178,0.013059250921116674,-0.353753641939234
237.18,0.16304219090113528,0.021052984822005905,-0.28537931869213906
237.20000000000002,0.257832839259877,0.02857661802525606,-0.18594848340623288
237.22,0.3566730444746034,0.03539665525152877,-0.057679366118356105
237.24,0.4296726375320564,0.040797641646053553,0.09534578992723804
237.26,0.4689592399616499,0.04381996964266963,0.2655139043218597
237.28,0.485152532829937,0.04380346761575429,0.4418305649077726
237.3,0.48826687200441,0.04057793167973872,0.6116452527464875
237.32,0.48323406060877333,0.03437248932504737,0.7624685049202153
237.34,0.47210124137942266,0.025697032679552652,0.8833234607034449
237.36,0.4558018560582424,0.015250828902761547,0.9656788182481839
237.38,0.4349013629489112,0.003844950337889691,1.0040488182374931
237.4,0.4098592874997673,-0.007670679837828444,0.9962934555384743
237.42000000000002,0.3811204529570849,-0.01847610613279972,0.943634444412591
237.44,0.3491537374808481,-0.027842885274252844,0.8504091894785002
237.46,0.3144796059095392,-0.035184551070787086,0.7235995179092851
237.48000000000002,0.2777036357658722,-0.04009274638816186,0.5721862881065753
237.5,0.23956774625324168,-0.042356793181777694,0.40639204434770626
237.52,0.20103066390458768,-0.04196565264998285,0.2368804627785972
237.54,0.16338769903410696,-0.039092430471081095,0.07398311811564436
237.56,0.1284307849514221,-0.034062798669200416,-0.07297893573380933
237.58,0.09862843211761113,-0.027310042479149206,-0.19621937422135044
237.6,0.07728052285572692,-0.01932097150940348,-0.2898110511013831
237.62,0.06860507142853023,-0.01057832426823756,-0.34978504779039854
237.64000000000001,0.07774296485972765,-0.001505772340555176,-0.37400253551733775
237.66,0.11050299473635945,0.007577742859980019,-0.36182250035764685
237.68,0.17165209924975192,0.016477411638278146,-0.31362945478274323
237.70000000000002,0.2586501983330097,0.0250594287932801,-0.23041989791326922
237.72,0.35230451146878144,0.033020067981776945,-0.11396053646043768
237.74,0.4248538911295984,0.0396281707313717,0.0319506844666924
237.76,0.46643423568940895,0.04390410508231448,0.19994187388970058
237.78,0.4852715289808189,0.04511527234685649,0.3790748947296979
237.8,0.49068119035975977,0.042995958711603534,0.556405175029331
237.82,0.48759870054722027,0.03768949154789179,0.7187797103103776
237.84,0.47814649475794446,0.029641920016255235,0.8542567991212725
237.86,0.46329539963393707,0.019514245903949536,0.9531354643584037
237.88,0.44361911238900165,0.008105704930884116,1.008660096146583
237.9,0.41956817422730464,-0.0037201704832632776,1.0174250105565288
237.92000000000002,0.39156486742611263,-0.015107116408928834,0.9794872751165223
237.94,0.3600398424583141,-0.025272019043524777,0.8982032854916451
237.96,0.3254527197373362,-0.03356098248570144,0.7798200975337563
237.98000000000002,0.2883129352364775,-0.03949192598863822,0.6328683592175036
238.0,0.2492104467192205,-0.04278106472280626,0.46741640091074216
238.02,0.2088656779204727,-0.04335184128884372,0.29425323249389085
238.04,0.168208777192045,-0.041326120222790176,0.12407142955407628
238.06,0.12849482539334553,-0.03699866545451625,-0.03328078551841308
238.08,0.09144728865506402,-0.03079714443161907,-0.16941546045061545
238.1,0.059394065933248356,-0.02323130112916266,-0.2778377090418021
238.12,0.03533760766263266,-0.01483652770248267,-0.3541620010362092
238.14000000000001,0.022933171844744686,-0.006118154539683499,-0.39610205057164105
238.16,0.026463191432782047,0.0024981482760247364,-0.40324875358430634
238.18,0.05094140970743292,0.010707762138458655,-0.3766659987614958
238.20000000000002,0.10196432757509719,0.018358036854229744,-0.31833959917277543
238.22,0.18297338770569374,0.0254438898470884,-0.23055647553365743
238.24,0.285618112671057,0.03197691056303798,-0.11551117988753823
238.26,0.3815306008744528,0.037650123077465465,0.02413968511625273
238.28,0.44431802762498485,0.04165147768680137,0.18346415544524516
238.3,0.47458582372330227,0.04309101155586723,0.3539140795862683
238.32,0.48504485208189263,0.04149469390476578,0.5241224839543639
238.34,0.4844218371901057,0.036866202636359154,0.6818133347635273
238.36,0.4765999239895838,0.029560427029323825,0.8154720348147806
238.38,0.4631815341991226,0.020168756221713175,0.9155089442385164
238.4,0.4449520604434269,0.009432498791726671,0.9750259911430336
238.42000000000002,0.4224419254096131,-0.001832060879969232,0.9902643358924701
238.44,0.39612076400968743,-0.012803578768323953,0.960762898528366
238.46,0.3664698291998261,-0.022719747083126594,0.8892479734821382
238.48000000000002,0.3340209964544156,-0.030932284250169282,0.781283465272339
238.5,0.2993946431796638,-0.03694936041820157,0.6447252308190814
238.52,0.263352595523404,-0.04046273041683628,0.4890355616420758
238.54,0.22687911953437884,-0.041357906650214125,0.3245226896022138
238.56,0.19130152691403252,-0.03970686688724027,0.16157456054086
238.58,0.15845515901593268,-0.035743997750186204,0.009955747963643284
238.6,0.13087946060234226,-0.029827294382477852,-0.1217690041129321
238.62,0.11200387611653624,-0.022388384861864414,-0.226632213245659
238.64000000000001,0.10625480838038004,-0.013876682401736935,-0.2994473822400785
238.66,0.11895411094969044,-0.00470489251137873,-0.33676921303460944
238.68,0.15553813680478293,0.0047924005358465,-0.33665652221097736
238.70000000000002,0.21856361424943085,0.014358769763701602,-0.29833774218242887
238.72,0.30076399918975283,0.023713598044454918,-0.2220569356931408
238.74,0.38103516617917693,0.032327414546268966,-0.10959842221833399
238.76,0.43900821908696014,0.03931965102426295,0.03440317906381434
238.78,0.4717994566817417,0.04375294008049832,0.20153067219811494
238.8,0.48696865365234154,0.0450091660691713,0.3801708479203887
238.82,0.49110960526591413,0.042896738161521446,0.557096199834746
238.84,0.48761749174927377,0.03758980518524955,0.7190729306401582
238.86,0.47803233320258226,0.02954477956528719,0.8541546436104506
238.88,0.46313748015517414,0.019425468533303604,0.9526594231560331
238.9,0.44345017209940085,0.008031203960385362,1.0078556499363232
238.92000000000002,0.4194046182741633,-0.003775471714588501,1.016359546952545
238.94,0.3914190956679479,-0.015139783172985945,0.9782450077658122
238.96,0.35992457543516787,-0.025280317182053168,0.8968788003108346
238.98000000000002,0.3253833071712193,-0.03354488833800019,0.7785114692225469
239.0,0.28830961853290155,-0.03945296140488697,0.631670583531747
239.02,0.24930149463591555,-0.04272197083570081,0.4664158131721814
239.04,0.20909212541203107,-0.043276101162794046,0.29352353618411753
239.06,0.16863149343296607,-0.04123733754721764,0.12367192407602742
239.08,0.12920448731436263,-0.03689980416978686,-0.03330421205945316
239.1,0.09257737568616578,-0.03068963755939212,-0.16902603103881708
239.12,0.0611366104681591,-0.023114049182850732,-0.27699966287886724
239.14000000000001,0.037962611018322615,-0.014704812228990914,-0.35282831704320994
239.16,0.026816523421467803,-0.00596244502369889,-0.3941976359140806
239.18,0.03212862875511997,0.0026936250881263975,-0.4006484418351598
239.20000000000002,0.05909007823005115,0.010966689317395736,-0.37316623738674337
239.22,0.11331554580980832,0.018712216437318678,-0.3136251608005013
239.24,0.19739224319168253,0.025923891419771018,-0.22418096892121564
239.26,0.30042544097871904,0.03257678398733392,-0.10696196243169764
239.28,0.39246458758734043,0.038281539810560566,0.03519514833520505
239.3,0.45025823532439735,0.042171112027663216,0.1968689526188366
239.32,0.47730498490340867,0.043384157999169774,0.3689725840224578
239.34,0.48612001016875,0.04150590464996599,0.5397993240343065
239.36,0.4845817507025717,0.03658666408697953,0.6969504361816892
239.38,0.4761141324012216,0.029013236527197825,0.8289437546128047
239.4,0.4621456119128191,0.01939962545275386,0.926329764480112
239.42000000000002,0.44340326430911436,0.008502925670399385,0.9824269403619729
239.44,0.42039813831116846,-0.002851093994883715,0.9937434930004896
239.46,0.3935923515486058,-0.013837848910905677,0.9601108164083255
239.48000000000002,0.3634624596995712,-0.023697813355001207,0.884548468367769
239.5,0.3305351758069142,-0.03179094411785323,0.7728913264281749
239.52,0.29542365540685167,-0.03763819311995207,0.6332238245067999
239.54,0.25887927090973883,-0.04094745273556325,0.47517856117977636
239.56,0.22187146055451065,-0.04162236965020925,0.3091650621874864
239.58,0.18570705758075073,-0.03975363778174517,0.14559839789979045
239.6,0.15219360853795846,-0.03559358819441042,-0.005803483672944164
239.62,0.12383297006997289,-0.029516209302800796,-0.1365906923968005
239.64000000000001,0.10400457853633177,-0.021966261001511514,-0.23996910238609664
239.66,0.09707741647122324,-0.013402789051246608,-0.3109712870752064
239.68,0.10835332527236151,-0.004243901026129475,-0.3464014478938139
239.70000000000002,0.14345519428729933,0.005176904790341668,-0.3445778288318792
239.72,0.20570313758520942,0.014617681419171077,-0.30496058283760863
239.74,0.2892318979401326,0.02383717684598946,-0.22792112391545225
239.76,0.37324980030615296,0.032364601723789174,-0.11516606905861819
239.78,0.4351808047473367,0.039351159643415325,0.02894693221247023
239.8,0.4703813770118514,0.04383889931080926,0.19629585879376452
239.82,0.4866441794472273,0.04517243626076883,0.37543206684923575
239.84,0.4912539574444267,0.043134557270899765,0.5531633107612988
239.86,0.4879924835946801,0.037886027609658035,0.7162148880434943
239.88,0.4785475947012385,0.02987673274298522,0.8525611426486986
239.9,0.4637507831641087,0.019767788852383797,0.9524230730452624
239.92000000000002,0.4441334150505101,0.008358483319317827,1.0089667406661293
239.94,0.42013266373620184,-0.003486575677564532,1.018710232771172
239.96,0.39216549652589355,-0.01490884804150145,0.981641107350613
239.98000000000002,0.3606589307199388,-0.02512190377423519,0.9010575194709936
240.0,0.32606835547012175,-0.0334677972496335,0.78316313340407
