time,y1,y2,y3
0.0,0.49062745444527095,0.044266310505229466,0.48967963752751176
0.02,0.48995862005440194,0.040143878982498285,0.6595602195491036
0.04,0.4826353954114941,0.03306879889829536,0.8068832394837648
0.06,0.4697098493593891,0.023634072706874367,0.9209570986319423
0.08,0.45178750275298757,0.012597332774918162,0.993815724407315
0.1,0.42932728945152626,0.0008079771331362486,1.02073142801764
0.12,0.40274874356332485,-0.010865140494721799,1.0004367486454877
0.14,0.3724727789175115,-0.021602211392602703,0.9350632942255507
0.16,0.3389423182226031,-0.03069283937423891,0.8298214021343707
0.18,0.30264025550818846,-0.037584257711926625,0.6924614216857229
0.2,0.26411409648111406,-0.04191429955705976,0.5325717781843333
0.22,0.22401579587975404,-0.04352720915719818,0.36077904514145115
0.24,0.18316649537161722,-0.042471636798742815,0.1879203928652987
0.26,0.1426549581511002,-0.038981387014951234,0.024258939792354828
0.28,0.1039694474645413,-0.033440689714528314,-0.1211921398491329
0.3,0.0691396797776947,-0.02633706784909059,-0.24118051917076458
0.32,0.04083536901959373,-0.018206416880250577,-0.3305197035683288
0.34,0.02236968612360695,-0.009576371602391552,-0.38616872711853856
0.36,0.01764159635338192,-0.0009141447371215274,-0.4070924560692461
0.38,0.031173674476589683,0.007417606358421238,-0.39392881355374326
0.4,0.06825835734471078,0.015196618465524685,-0.34849598088195527
0.42,0.1341222989819922,0.022360776430063525,-0.2731816951005113
0.44,0.2283504072946097,0.028960284273447517,-0.17035859963565608
0.46,0.33286186948849233,0.034924260933727094,-0.042323013609405935
0.48,0.4152791788472454,0.039709950957590355,0.10748502697189322
0.5,0.46135302780714343,0.042398113199658916,0.2725482858653783
0.52,0.48064276208018686,0.04226865406862443,0.44288915066297696
0.54,0.4849455630607224,0.039093410043135296,0.606617709669645
0.56,0.48044441662123016,0.033065410300353114,0.7518201254226444
0.58,0.4697020543449147,0.024666958942387178,0.8679720704409892
0.6,0.4538327608416003,0.014569748090064578,0.946885929437189
0.62,0.43346818533267856,0.003555406369088822,0.9833055447338241
0.64,0.4091025953125484,-0.00755634411066692,0.9752006127967959
0.66,0.3812139848401875,-0.017974402225746,0.9237836796110596
0.68,0.3503164973618565,-0.026995563976955676,0.833274054973834
0.7000000000000001,0.3169989297569989,-0.03405289864715104,0.7104452745808311
0.72,0.28197182805014837,-0.038750116770860564,0.5640061718359336
0.74,0.2461375115111657,-0.04087974077508705,0.4038763226724172
0.76,0.210695591733082,-0.04042400431354397,0.24042318637517585
0.78,0.1772924948511798,-0.03753858732728161,0.08373021613992498
0.8,0.14821022603839012,-0.032520559404872314,-0.05703770149379549
0.8200000000000001,0.12656380380131782,-0.025763372889191987,-0.17411345781043575
0.84,0.1164432699765176,-0.017703499861506808,-0.2614083426096958
0.86,0.12288179185597739,-0.00876537924273176,-0.31457319373887194
0.88,0.1513037015774996,0.0006849311993902332,-0.33085213601660834
0.9,0.2053248120123125,0.010355090164208667,-0.3088017811730519
0.92,0.2810799713947811,0.019960865502946595,-0.2480893940321664
0.9400000000000001,0.36148477903955856,0.029037591713642917,-0.1498028817309587
0.96,0.4249132993687442,0.03678291346047837,-0.017555601345594175
0.98,0.4636350341308888,0.042239954881327195,0.14139759987610867
1.0,0.48313374988649593,0.044679568560088374,0.3163215217791763
1.02,0.4903334762105817,0.04378052409933465,0.49436549201571844
1.04,0.4892412345669104,0.039603361524853276,0.6621814254786443
1.06,0.4817294341441354,0.03251280103022882,0.8072976338332295
1.08,0.4687164472756734,0.023103854287175492,0.919185539231465
1.1,0.4507679649600882,0.012131361351165843,0.990039802958335
1.12,0.42833371380030033,0.0004386936248971284,1.0152754504905777
1.1400000000000001,0.40183516725015306,-0.01111354807064514,0.9937388681823183
1.16,0.37170146396890685,-0.021715117940624078,0.9276395731854099
1.18,0.3383902134281194,-0.030665563339729036,0.8222264865248458
1.2,0.3024081573915222,-0.03742150494945568,0.685249568784382
1.22,0.26434084783630285,-0.041628690976136,0.5262619521722992
1.24,0.22490046387375404,-0.04313693189589591,0.35582766970337726
1.26,0.18500212812371813,-0.04199726045601308,0.1847051815140775
1.28,0.14587737714002355,-0.038441878432949675,0.023077074617206747
1.3,0.10922268708450816,-0.0328486680336957,-0.12010834945118941
1.32,0.0773569374396949,-0.025693394923766273,-0.23762762360048925
1.34,0.05333646080459633,-0.017494280870043847,-0.3242643953751731
1.36,0.04099124208902894,-0.008754906660826576,-0.3768645734608997
1.3800000000000001,0.04492827507545568,8.88197118478623e-05,-0.39416958728972823
1.4000000000000001,0.070553450477561,0.008713878601283524,-0.3764521614874561
1.42,0.12354536480894718,0.01694127505703762,-0.32499517753321056
1.44,0.206132079831872,0.024719594542753808,-0.24152065622971336
1.46,0.3068053685592713,0.03196410976666848,-0.1279327528794583
1.48,0.3961005056715095,0.038223494248151524,0.01290318807736178
1.5,0.45222312686334254,0.04259721195330583,0.17533855697955344
1.52,0.47886420831578674,0.04421558056114569,0.34998454066789986
1.54,0.48788340726898705,0.04265508147037463,0.5248037699202109
1.56,0.4867114342213212,0.03795319353655709,0.6870217948291248
1.58,0.4785946347923976,0.030486595634277476,0.82473274456416
1.6,0.46490121000978923,0.020866174450555178,0.9280361024567199
1.62,0.446335458286572,0.009854134760182827,0.9898032660402981
1.6400000000000001,0.42339410851818166,-0.0017108761166329785,1.0061316817945076
1.6600000000000001,0.3965229052395236,-0.012985005882362713,0.9765068406868408
1.68,0.36617452074371054,-0.023185009984183717,0.9036890840401435
1.7,0.3328389278836739,-0.03164494917911732,0.793354097447354
1.72,0.2970721911948766,-0.03786013968012727,0.6535310103505025
1.74,0.2595370288651211,-0.04151555953005318,0.4938950288890761
1.76,0.22106655080025867,-0.042497039880378354,0.3249805156379028
1.78,0.1827625383999445,-0.04088477056902725,0.15738471909095708
1.8,0.1461353339533042,-0.036929851915656835,0.001031834705431299
1.82,0.1132775790300436,-0.03101588111385969,-0.13543832242053794
1.84,0.08703858522618811,-0.02360899667862213,-0.24510350380735824
1.86,0.07114985263540985,-0.015201349328082505,-0.3229773558008228
1.8800000000000001,0.07027462392784732,-0.006254001319538753,-0.36599843619661077
1.9000000000000001,0.08994332548133673,0.0028546473370869648,-0.3727998001068339
1.92,0.13587295356221424,0.011865639602740547,-0.34329701432837095
1.94,0.2105303211160627,0.020630261546594496,-0.2782032159932003
1.96,0.30422355689051,0.028973542692805665,-0.17880185575713758
1.98,0.39071453358244435,0.03640373355259725,-0.047609969178427324
2.0,0.44821433948833334,0.04201438232254795,0.1100019869462915
2.02,0.47757309160963846,0.04488991923190887,0.28483790709187545
2.04,0.48912532797646907,0.0445165111387742,0.46476849025798617
2.06,0.49009253253671237,0.0408371552998441,0.6365463252002858
2.08,0.4838031535894107,0.03415179539950718,0.7874463302595601
2.1,0.47168778033093106,0.02501900234196532,0.9064895696365586
2.12,0.4544734880942102,0.014175036924130646,0.9853122240809398
2.14,0.4326565148084402,0.002458915793657645,1.0187256899692845
2.16,0.4066672545831375,-0.00926066491295009,1.0049807417341183
2.18,0.3769289954450216,-0.02015468682723583,0.9457456837481317
2.2,0.3438839568202419,-0.029495508053717426,0.845820990501184
2.22,0.3080126480481939,-0.03670689973979993,0.7126292415632427
2.24,0.2698583342393127,-0.041399205657985494,0.5555337699027872
2.2600000000000002,0.2300657213652597,-0.043387545636551825,0.38505009667518675
2.2800000000000002,0.18944373235379566,-0.04269222695407659,0.21202006543949453
2.3000000000000003,0.14906171489977008,-0.039521756826956966,0.04681945957830844
2.32,0.11038063197767278,-0.034240049451277815,-0.1013340846187495
2.34,0.07539948898300892,-0.027320707468269752,-0.22491494473673151
2.36,0.0467673004808583,-0.01929277310536044,-0.31842170631705113
2.38,0.02780723080262929,-0.010683842773029159,-0.37848494531463195
2.4,0.02247429486608021,-0.001966765056380694,-0.4037527611604845
2.42,0.03538519337750358,0.006486103037137736,-0.39457752480606917
2.44,0.07192338054490943,0.014440098525321361,-0.35253639569066286
2.46,0.13732696587850174,0.021818365080407316,-0.2798302485042013
2.48,0.23102937767105194,0.02865286304243569,-0.17871022754490382
2.5,0.3347771605554903,0.03485012351981132,-0.051433246596888665
2.52,0.4164467855244953,0.039846535298430005,0.09850964325745973
2.54,0.4621619651301988,0.0427122921812915,0.26448628674732144
2.56,0.4814233519211889,0.04272294395525882,0.4363772693505104
2.58,0.4858306185175534,0.0396459617763498,0.6021342138560815
2.6,0.4814550318169028,0.03367042965835127,0.749667487807539
2.62,0.4708156173807731,0.02527704770830336,0.8682653842952515
2.64,0.4550104463529346,0.01513912428730334,0.9495528131775377
2.66,0.43466334533038836,0.004043137853728127,0.9880991679090017
2.68,0.4102618354640003,-0.007183580100819634,0.9817248280973128
2.7,0.3822750614457636,-0.017740313619206558,0.9315277554881863
2.72,0.35120396576467167,-0.02691315489947227,0.8416536360887892
2.74,0.317617147048528,-0.03412437613828085,0.7188457212623516
2.7600000000000002,0.28219420453153327,-0.03896780618810768,0.5718242500681382
2.7800000000000002,0.24579045954858827,-0.04122797036326654,0.4105562735515661
2.8000000000000003,0.20953558823790389,-0.04088187800991389,0.2454834475655912
2.82,0.17497557939843802,-0.03808352455474842,0.08677746968928465
2.84,0.14425575608863483,-0.03313241978625063,-0.05630988551300557
2.86,0.12031887912749463,-0.026428872733315692,-0.17594318411519894
2.88,0.10706366400689916,-0.01842041967700511,-0.2660014215405224
2.9,0.10937816144194461,-0.009545549675180122,-0.32215405948204673
2.92,0.13282077099459652,-0.00018338542470830877,-0.3417202523323542
2.94,0.18207140325813456,0.009373491253114489,-0.3233643877806002
2.96,0.2560773582387332,0.018879610571237705,-0.2667952116735323
2.98,0.3406030290156541,0.027967330966695382,-0.17286842914204434
3.0,0.41193690286937135,0.03593022765019179,-0.04454252267471518
3.02,0.45733483325300267,0.041805463617321646,0.11178206171184729
3.04,0.48073060952886415,0.044774871052219924,0.2860071813691341
3.06,0.49005175314133337,0.04442487415869074,0.46553679012786
3.08,0.49028334961043385,0.04074865151174553,0.6369568185002958
3.1,0.4837593697680285,0.03406466269718288,0.7875047575501679
3.12,0.4715681622587513,0.024937197054502806,0.9062084514342676
3.14,0.4543308476759618,0.014103718552333533,0.984723153186199
3.16,0.4325122779723821,0.002402801311872334,1.0178803420262004
3.18,0.4065340551768115,-0.009297984767264216,1.0039475554044126
3.2,0.37681784559579884,-0.020171050346195228,0.9446046629575786
3.22,0.3438071170156573,-0.029490270621809252,0.8446577519636491
3.24,0.3079856072570415,-0.036680856016752084,0.7115290506215696
3.2600000000000002,0.26990214616235786,-0.04135436453267073,0.5545761865446031
3.2800000000000002,0.2302104215773554,-0.04332676926111408,0.3843047967847286
3.3000000000000003,0.18973349722342037,-0.042618741961098466,0.21154436370825086
3.3200000000000003,0.1495623824136917,-0.039438542696268356,0.04665803448900924
3.34,0.11118994000810326,-0.03414910833129302,-0.10114678020052714
3.36,0.07665991470996888,-0.02722222639425698,-0.22434913140193372
3.38,0.048681494901298576,-0.019184200563987525,-0.317443195399853
3.4,0.030658309852857498,-0.010558889425305312,-0.37704221559497014
3.42,0.026656872010735813,-0.001814262307848228,-0.40175979528127304
3.44,0.04144522877072106,0.006683616527750452,-0.3918915613860022
3.46,0.08053987570149194,0.014707651121496235,-0.3489299048433052
3.48,0.14894348053460887,0.02218616545555047,-0.2749629076674485
3.5,0.2446092676386391,0.029138569294278546,-0.1721356662319242
3.52,0.34680695505935405,0.03541633227073404,-0.042728671386054115
3.54,0.42402215267324495,0.040381759551759044,0.10946173502102424
3.56,0.4658955580610572,0.04309232556997548,0.2773041168743966
3.58,0.4830416968687035,0.04287018346154611,0.45026637011387854
3.6,0.48635976263735214,0.03953238134573239,0.6160933301461812
3.62,0.4813089129991243,0.033302911143211086,0.7626575792228485
3.64,0.4701415943061056,0.02468668821479691,0.8793261098492305
3.66,0.4538621875600248,0.014374282109352814,0.9578847587756265
3.68,0.4330636593905856,0.003163651908258871,0.9931211911194293
3.7,0.4082228153779201,-0.008112010807534101,0.9831087324928272
3.72,0.37980379621253096,-0.018651668475218847,0.9292105935031608
3.74,0.34830333783246753,-0.02774629363645628,0.835828425451786
3.7600000000000002,0.31428463434756687,-0.03482758192891906,0.7099325661913383
3.7800000000000002,0.2784194988250114,-0.0395023843449609,0.5604250954470436
3.8000000000000003,0.24155206152907546,-0.04157069774285648,0.39739751051116756
3.8200000000000003,0.20479633008239664,-0.04102619762366189,0.23135121331634795
3.84,0.16967687085926894,-0.038039484994834706,0.07245069665459863
3.86,0.13831003373351794,-0.032925462753264655,-0.07012382323604222
3.88,0.11359953926003287,-0.02609766833058161,-0.18866598919072514
3.9,0.09939429476101218,-0.018014009846289425,-0.27723126247566626
3.92,0.10053760187302131,-0.009119953668829645,-0.33170046467538006
3.94,0.12262929555483819,0.00020286250688797327,-0.34962369828320466
3.96,0.17071812379589116,0.009667439573261985,-0.329892147816159
3.98,0.2447758477944619,0.01905089731481397,-0.27238880287835665
4.0,0.3316605085393406,0.028032271289672346,-0.1780044044279164
4.0200000000000005,0.4067654890170906,0.03595251632322146,-0.049529334015003194
4.04,0.45512056269320433,0.04185337096528817,0.10691716188796194
4.0600000000000005,0.48003305888131387,0.04488585585749286,0.2814533080509209
4.08,0.4900060529480454,0.0446066736637409,0.4615694586582122
4.1,0.49053072099927225,0.04099183674376217,0.633844400670225
4.12,0.4841666650367478,0.034351204047724404,0.7854586775183285
4.14,0.4720809383849606,0.025245050013708574,0.9053588512294397
4.16,0.45491908303328715,0.014409647160968327,0.9851088222069416
4.18,0.4331525076427445,0.0026845050768697703,1.0194483598309312
4.2,0.4072032559100921,-0.009060142441111611,1.0065606121887725
4.22,0.3774906015108841,-0.01999269418957074,0.9480545454169915
4.24,0.34445324904677493,-0.029382097739715805,0.8486833757952107
4.26,0.30856707026149793,-0.03664820293697138,0.7158372042693727
4.28,0.27036828153521625,-0.04139728675121256,0.5588629877139772
4.3,0.2304904910492595,-0.043440640558412125,0.38827579038756055
4.32,0.18972517254543905,-0.04279536350084777,0.21493119742065692
4.34,0.14911486993287432,-0.03966773940008514,0.04922971379130878
4.36,0.11008111050882073,-0.03442077378320367,-0.09957993662541532
4.38,0.07456817773195457,-0.027528744235052624,-0.22394050072621072
4.4,0.04515336039302945,-0.01952312419939428,-0.3183251069770564
4.42,0.025067562214728226,-0.010935767806570238,-0.3793522399701656
4.44,0.01814158329235625,-0.0022456691087641874,-0.40567867635396565
4.46,0.028820547387136918,0.0061665791449588715,-0.3976941371425269
4.48,0.06231280466136975,0.014056039955987948,-0.3570503865660048
4.5,0.12402301419880342,0.021336927740466086,-0.28606375525422933
4.5200000000000005,0.2149001362891658,0.028049631534190923,-0.18711060327615173
4.54,0.31975660640939724,0.034157724297141846,-0.06245143470292462
4.5600000000000005,0.40654706939925084,0.03918884697986356,0.0847387615479296
4.58,0.4571750787331675,0.04224145101214258,0.2484135734829124
4.6000000000000005,0.4792573596508427,0.04253937807512831,0.41897362813077743
4.62,0.48511628703757836,0.03978744563230393,0.5846424179881378
4.64,0.48161931180056883,0.034129583648978556,0.7333852679693244
4.66,0.4716507615290434,0.026015408898505718,0.8543951496278124
4.68,0.45643946648720746,0.01609628016800475,0.9390966102515717
4.7,0.43665229713473075,0.005144130794889427,0.9817859216849648
4.72,0.41279114377342735,-0.00602115732558632,0.9799663814604265
4.74,0.3853309583241987,-0.016599362642834292,0.9344030640056006
4.76,0.35477660715843273,-0.02587055268929673,0.8489200400968471
4.78,0.3217011535894608,-0.033245291727809496,0.7299747546132376
4.8,0.28679028737223533,-0.0383012145067064,0.5860578942689927
4.82,0.25090764557558737,-0.0408036277971857,0.4269783020274885
4.84,0.2151937924721577,-0.04070890342687276,0.2630996833664238
4.86,0.18120845276400482,-0.038150600884477165,0.10459846146806447
4.88,0.15111416895683638,-0.033409502879081655,-0.039190067196145914
4.9,0.1278756935448811,-0.02687017279479108,-0.16027762740746312
4.92,0.11541744248580131,-0.018968341399881752,-0.2523350028378806
4.94,0.11863734274579231,-0.01013538937250551,-0.31078535170599875
4.96,0.14300310868397922,-0.0007492861227434214,-0.3326843442957065
4.98,0.1927873005407227,0.008889004564657655,-0.3164455000266832
5.0,0.26602722687041086,0.01850881258832114,-0.2615911515514101
5.0200000000000005,0.3478382376068055,0.027698634461108578,-0.1689315890008362
5.04,0.41569763411289334,0.03571554665658962,-0.04155430898389133
5.0600000000000005,0.45867683775475115,0.041599765048326194,0.11394029024008463
5.08,0.48095218796465244,0.044560231208426795,0.2873263567007743
5.1000000000000005,0.48986163100766317,0.044204570592091055,0.46598284097831505
5.12,0.48996260727862445,0.04053525076407683,0.6365306226765077
5.14,0.4834106655206144,0.033872902650255235,0.7862633914313326
5.16,0.4712345077016901,0.024780619242243694,0.9042662995957231
5.18,0.4540376536419191,0.01399301999500856,0.982243463841705
5.2,0.4322809822498568,0.002344982585027248,1.0150619513658556
5.22,0.4063870478180356,-0.00929997762102675,1.0010092421664132
5.24,0.37678127124497357,-0.020118282035126892,0.9417688916934792
5.26,0.3439138019693241,-0.029387412310691925,0.8421353244405877
5.28,0.30827922792919354,-0.036535457786677064,0.70950603395422
5.3,0.2704436793213344,-0.04117584486763718,0.5532043309151417
5.32,0.2310882045090489,-0.04312515887553665,0.38369649748423174
5.34,0.1910785700066466,-0.0424032070413901,0.21177309450545867
5.36,0.15157083831023926,-0.03921569465154784,0.04776511449820698
5.38,0.11415337949527864,-0.033921094785785214,-0.0991382231746171
5.4,0.081004026734667,-0.02698460496426508,-0.22141212324462659
5.42,0.055013558945720534,-0.018923611815983794,-0.3135159670824384
5.44,0.03983062276584355,-0.010250493927190123,-0.371987510351441
5.46,0.03985857441007358,-0.0014187178596351325,-0.3953131145683524
5.48,0.06029106273975898,0.007223787000633097,-0.3835960028813904
5.5,0.10687047811204343,0.015469869047608598,-0.3380582211508478
5.5200000000000005,0.18332228832180936,0.023253817957219557,-0.2604556950159897
5.54,0.2824480345808563,0.030534653516040535,-0.15268564719155733
5.5600000000000005,0.37765356157398494,0.036983195190555644,-0.01726195940152519
5.58,0.44213420241700174,0.041781227075387874,0.1409845537939159
5.6000000000000005,0.47449818867305105,0.04400245541566687,0.31353168781683094
5.62,0.48663791207594354,0.04311083180459763,0.488831463154088
5.64,0.4873172350181144,0.03905168252597256,0.6541788274654672
5.66,0.48054438060488824,0.03213741942200412,0.797426946503149
5.68,0.4679812446027308,0.022934825455697277,0.9082196721060878
5.7,0.450429764484009,0.0121782841461461,0.97882956369672
5.72,0.42841637763791673,0.0006938080427871035,1.00467451237788
5.74,0.4023939531330741,-0.01067285493035457,0.9845392583030129
5.76,0.37281407845356185,-0.021123254826828662,0.9205181332161558
5.78,0.3401614007462699,-0.02996495994069321,0.8177050138403966
5.8,0.30498256394731443,-0.03665825523316385,0.6836712861271653
5.82,0.2679248514909704,-0.040847822711430816,0.5277862209120827
5.84,0.22979624236083507,-0.04237748637910652,0.36044405582299766
5.86,0.19165853180097064,-0.04128729330121437,0.19226738243315553
5.88,0.15496205134428728,-0.037793402446988714,0.03335695189736513
5.9,0.121717937560452,-0.032252493068200314,-0.1073463234243664
5.92,0.09467977251827539,-0.025113805233786403,-0.2225309715447674
5.94,0.07748573031273018,-0.016863483496978242,-0.3067755234849561
5.96,0.07472334057481501,-0.007967126415492274,-0.35658078466840104
5.98,0.09187014256092432,0.0011831158496339298,-0.37017920318069936
6.0,0.13467022919558133,0.010307681491605582,-0.3471555500154091
6.0200000000000005,0.20602842220153827,0.019236476251426896,-0.287979428991709
6.04,0.2976595397614494,0.02778784555224665,-0.19375366232559973
6.0600000000000005,0.3847164960316288,0.035491317959261456,-0.06678492720260207
6.08,0.444398668772133,0.04146064850153676,0.08786700014912352
6.1000000000000005,0.4757521624420845,0.04475992608913613,0.2613209717917362
6.12,0.4886765892422452,0.04482910437932738,0.44161851248360634
6.140000000000001,0.490621186414734,0.04156589800091804,0.6154944518083564
6.16,0.48511431481364825,0.0352340949376962,0.770042414111936
6.18,0.473676698722624,0.026365672982088643,0.8939767587948811
6.2,0.45706802085425036,0.01567976394140221,0.978539494502385
6.22,0.4357944109612084,0.004007790066042547,1.0180983994627169
6.24,0.4102874228959413,-0.00777983358535019,1.010449036319313
6.26,0.3809673787470172,-0.01884382010071136,0.9568288250104238
6.28,0.34827038279618905,-0.028439042890704543,0.8616633944514146
6.3,0.31266694649352406,-0.03596638846357344,0.7320818893872029
6.32,0.27468435925447204,-0.04101007605523892,0.5772529871474112
6.34,0.23494167282959247,-0.043358207205562334,0.4076046351328337
6.36,0.19420684418383144,-0.0430055523379907,0.23399699410313285
6.38,0.15348562865844562,-0.04013881893008459,0.066919554459158
6.4,0.11414563071206393,-0.03510584493032608,-0.08421998869149876
6.42,0.07805978353911844,-0.028371419052190556,-0.21165575771629727
6.44,0.0477230397236252,-0.02046390824937748,-0.309626944554754
6.46,0.026283617202623864,-0.011918436475934718,-0.374518547099415
6.48,0.017490866580732338,-0.00322300059599541,-0.4047786865312317
6.5,0.025690886582354217,0.0052279512934173804,-0.40063442621677414
6.5200000000000005,0.05597702888145827,0.013171664541484938,-0.36363859243532587
6.54,0.11384587051641765,0.02050338321773208,-0.296083989085029
6.5600000000000005,0.2013785103036521,0.027255862592071068,-0.2003837525357757
6.58,0.30616547134674993,0.03342537107349418,-0.07879554956017101
6.6000000000000005,0.39707162031787613,0.03861352012578334,0.0657365153012013
6.62,0.45239215796627275,0.04195060461584753,0.22764100919467545
6.640000000000001,0.47741252936244166,0.04261398981964135,0.3977530481600857
6.66,0.48486110985803527,0.040243698691431184,0.56448743184478
6.68,0.4823442527596092,0.034934969669418905,0.7157706663159459
6.7,0.4731127182932834,0.027104584953923167,0.8405956392476193
6.72,0.45852914377290555,0.017382441430835296,0.930079263448189
6.74,0.43930317614553116,0.006528452464752107,0.97814354504442
6.76,0.4159482608234179,-0.004640751714416265,0.981887140979884
6.78,0.38893990258240146,-0.015320036817193053,0.9416740585963275
6.8,0.3587784620443544,-0.02477736712513633,0.8609617336443509
6.82,0.32602838620327623,-0.03240543015837373,0.7459014770227396
6.84,0.29136138177335985,-0.037760000133867884,0.6047579623968063
6.86,0.2556189269309762,-0.04058257752854258,0.4472060592219226
6.88,0.21990707192011383,-0.04080592554087496,0.2835710457475174
6.9,0.18573376631252433,-0.038542291715721544,0.12408143490236498
6.92,0.15518875144399774,-0.03405533664902453,-0.02179794098015186
6.94,0.1311434990343364,-0.02771819234868089,-0.14589175075946303
6.96,0.11741672706861941,-0.019961747830076523,-0.24165099904015958
6.98,0.11880860318957996,-0.011219210819475038,-0.30427317294576983
7.0,0.14075732199547047,-0.0018759109204338265,-0.33060732032203727
7.0200000000000005,0.18777378463135805,0.007758089762040288,-0.31889528032652675
7.04,0.25880216436907705,0.01741103058597561,-0.26851260315637565
7.0600000000000005,0.3403750397238061,0.026691567907033326,-0.18008767759445052
7.08,0.41008083656763855,0.03488943171649227,-0.0564105740860803
7.1000000000000005,0.4553535495412766,0.041051178604083645,0.09630593993911578
7.12,0.4793148491074388,0.04435510805003537,0.268169736148808
7.140000000000001,0.4893347578562365,0.0443662354119628,0.44673832724126267
7.16,0.4902391294334362,0.04104898091506014,0.6186473481257792
7.18,0.4843462334721897,0.03469344847813718,0.7710680645261082
7.2,0.4727530639297402,0.025839520419368493,0.8928557829766373
7.22,0.4560878277461466,0.01520601081099973,0.9754066494109265
7.24,0.4348193826212302,0.003619664451633484,1.0132318195676422
7.26,0.40937203405856426,-0.008056464174627386,1.004245747210209
7.28,0.3801703466897832,-0.018992053472946455,0.9497717656429853
7.3,0.3476620556490676,-0.028451595876760997,0.8542839370144142
7.32,0.3123377147142796,-0.035845324105359115,0.7249216029311556
7.34,0.2747569812114991,-0.040765627651158265,0.5708283092306168
7.36,0.23559038030227247,-0.043006737291672696,0.4023779917314713
7.38,0.19568664222941978,-0.04256668881962648,0.23035774249625804
7.4,0.1561753302907079,-0.03963180311990504,0.06517796800104965
7.42,0.11860685488506045,-0.034545126676250884,-0.08382260703716354
7.44,0.08511140899741548,-0.027761573241499977,-0.2089179485578475
7.46,0.058530503197469365,-0.01979401668175783,-0.30433650649092725
7.48,0.04247352831757489,-0.011156039718803391,-0.3663786211231948
7.5,0.04131924468467291,-0.002307360412640189,-0.3933084472223369
7.5200000000000005,0.06024404182127677,0.006393775061241877,-0.38504048559983056
7.54,0.1050039008259027,0.014727094359709566,-0.34265549250168065
7.5600000000000005,0.17956825179961283,0.02261423140429387,-0.2678215068001866
7.58,0.27761329710571964,0.030011400648354607,-0.1623831382137527
7.6000000000000005,0.3735053788110329,0.03660607219658178,-0.028774229677076473
7.62,0.4397126295955578,0.0415971857980144,0.12833433420518045
7.640000000000001,0.47350407807511036,0.04404674707595662,0.3005948685584782
7.66,0.4865237467104719,0.04338934474176113,0.47654320500523484
7.68,0.4877698311370879,0.039543490830454324,0.6434418669067488
7.7,0.4814212328959505,0.03280209461280644,0.7890189682056176
7.72,0.4692106089827664,0.023718877051621443,0.9027285416242428
7.74,0.45196365890955426,0.013020854149634017,0.9766126150875587
7.76,0.4302131083533592,0.0015320406153592945,1.0058399098683373
7.78,0.40441149389209985,-0.00989879960071791,0.9889481861825019
7.8,0.3750066434635984,-0.020465787171438696,0.9278059344140682
7.82,0.34247634841731234,-0.029465526184763932,0.82731831276918
7.84,0.30735624090990393,-0.03634491363295512,0.6949170946242793
7.86,0.2702762154122811,-0.04073408820410454,0.5398882410974781
7.88,0.23201693790265182,-0.04246251809575365,0.37260092971375486
7.9,0.19359800872277125,-0.04155741848277353,0.20370750344658445
7.92,0.15640684649800052,-0.03822489097374444,0.04338463711739428
7.94,0.12236591023804855,-0.03281540763307452,-0.09931798585238116
7.96,0.09411246789062913,-0.025776640132930826,-0.2169643694849468
7.98,0.07514295666859182,-0.017598185467432435,-0.30401223937776406
8.0,0.06988441454180425,-0.008754008747599889,-0.35686535850387074
8.02,0.08367166712771346,0.00035126587856484535,-0.3737012767462496
8.040000000000001,0.12232766957501967,0.009424532118193597,-0.3541037090681658
8.06,0.18974332839397973,0.018292152736664187,-0.2985814609487991
8.08,0.2803085524237606,0.026805311531846832,-0.20822859131284244
8.1,0.3711674681511343,0.034575794145274834,-0.0851061812395029
8.120000000000001,0.43663966671886045,0.04077950842911385,0.06629608602863837
8.14,0.4721775978740199,0.04445188193862992,0.23773746060972056
8.16,0.4874083813697542,0.0449584809723504,0.4176682794767759
8.18,0.49067966665665347,0.042132157696600614,0.5929443705340854
8.2,0.4860990688332923,0.03619042002080239,0.7505592475022543
8.22,0.4754225982016366,0.027632647626969924,0.8789709243588112
8.24,0.45949060778383527,0.017156115328928547,0.9690566537181691
8.26,0.43883483620848807,0.00558034910464888,1.0147520514778905
8.28,0.4138941887778724,-0.0062264464617577285,1.0133924206872236
8.3,0.385090131725833,-0.017418088439761472,0.9657645712518756
8.32,0.352857417918896,-0.027234561527445068,0.8758875540700082
8.34,0.3176635930998453,-0.03505550070105914,0.7505568348347372
8.36,0.28003101400821023,-0.0404395380568993,0.5987018149580166
8.38,0.24057057557575956,-0.04314711790844224,0.4306184315402712
8.4,0.20003670083257072,-0.043145616327012554,0.2571457091274481
8.42,0.15941346995733643,-0.040596841276828416,0.08885729941389744
8.44,0.12003663341622729,-0.0358281913656189,-0.06466367084674601
8.46,0.08373889358022191,-0.029289996385728597,-0.1954056843302185
8.48,0.052976200201095794,-0.021503013221261587,-0.2973179973654306
8.5,0.03087642339739682,-0.013001627265335356,-0.3664791201803067
8.52,0.021202281986841574,-0.00427912013425304,-0.4010401842204042
8.540000000000001,0.028342960654763223,0.004260146747918589,-0.40096215477392283
8.56,0.05743964653608752,0.01234024677615527,-0.3675783336897547
8.58,0.11403666872798364,0.019841139155306962,-0.30301932323503644
8.6,0.20037799692648023,0.02678031806118076,-0.20959831381955515
8.620000000000001,0.30453686720983564,0.033144405098816374,-0.0895252921872953
8.64,0.39575862225893454,0.03853517769751037,0.05428501372509359
8.66,0.4518499664739122,0.04208148406038613,0.21629404944382793
8.68,0.4775253275690411,0.04294661011181367,0.3873387837277568
8.700000000000001,0.4854321117236111,0.040751822978750754,0.5557662539489863
8.72,0.4832514232052746,0.03557717090539656,0.7093659180929757
8.74,0.4742830313953653,0.02782955919634035,0.8369434382840141
8.76,0.45990784244869526,0.01813413501702322,0.9293993575121662
8.78,0.44083962381200625,0.007250850070899907,0.9804300116378724
8.8,0.41758979631767856,-0.003999289456471888,0.9869173990973438
8.82,0.39062796066405703,-0.014803104831343191,0.9490339726243302
8.84,0.3604444696514508,-0.024417746518357784,0.8700836638930797
8.86,0.32758806580421335,-0.03222340044409876,0.7561112944350092
8.88,0.29270619983832286,-0.03776284633367027,0.6153264501650335
8.9,0.25660320901514455,-0.04076533318555539,0.457399816225149
8.92,0.22032921251238713,-0.04115332498090784,0.2926979797734132
8.94,0.1853105499842683,-0.039031839226861875,0.1315261705878815
8.96,0.1535237673932083,-0.03466132163247496,-0.0165528961231497
8.98,0.1276944313005343,-0.028416362989282584,-0.1432623391970438
9.0,0.11147283250320338,-0.020734171875070314,-0.2419672136164582
9.02,0.10950833508905627,-0.012058502135416154,-0.307813205102555
9.040000000000001,0.12724810106540488,-0.002786958676736062,-0.33764458592300567
9.06,0.16980831673685914,0.006764102478431691,-0.32973964815246193
9.08,0.23810817661348446,0.01634176187924604,-0.2834939635563308
9.1,0.32150265559472546,0.025621972353210443,-0.19938780506599665
9.120000000000001,0.3972535758815363,0.0339834126046442,-0.07972656249071225
9.14,0.44863408249441045,0.040493652990171686,0.07000858993266315
9.16,0.47647571550476175,0.04426675242906038,0.24055497197057374
9.18,0.4886440905281736,0.04478430370234858,0.4197828084001508
9.200000000000001,0.4908607799329314,0.04194534374877752,0.5943387658466284
9.22,0.4859252093460218,0.035993776003122036,0.751183721012404
9.24,0.47512190291170026,0.027437674739386714,0.878807769907264
9.26,0.4591425167738859,0.01697622683975653,0.9681393415873281
9.28,0.4384747008530204,0.0054280685594311085,1.0131665459802262
9.3,0.4135453881177403,-0.006340882542446802,1.0112705465755134
9.32,0.38477446226282164,-0.01748750755026116,0.9632731565841606
9.34,0.352599521074927,-0.027255222766272617,0.8732153153582349
9.36,0.3174943459166643,-0.03502710586408899,0.7479005132412219
9.38,0.27999178894288895,-0.04036490442066581,0.5962529495692043
9.4,0.24071961801898772,-0.04303152751695106,0.42855209361764945
9.42,0.20045889263403974,-0.042995856905746,0.25561246075422334
9.44,0.16023478992877285,-0.040419951618504375,0.08797958334995766
9.46,0.1214442321721296,-0.03562992366348991,-0.06478955164405259
9.48,0.08600672024943243,-0.0290730203953777,-0.19470090781613977
9.5,0.05649570161943763,-0.021264913923323844,-0.2957049459149231
9.52,0.03619513188604144,-0.012732746699162205,-0.3638567762001845
9.540000000000001,0.029080926019259785,-0.003960174843040383,-0.39725050342879803
9.56,0.03983611685776464,0.004660926877006554,-0.3957460386433656
9.58,0.07391241234929828,0.012870105913564786,-0.3605194303240022
9.6,0.13666097386159948,0.02056093127176414,-0.293482251497818
9.620000000000001,0.22802554404915248,0.027738188538566265,-0.1967132080684007
9.64,0.33094998778449475,0.03429743913442179,-0.0723781322954208
9.66,0.41372176961657137,0.0396824772966848,0.0761214768122967
9.68,0.4611011403323546,0.0429572653477445,0.24225759443050698
9.700000000000001,0.48163899341927435,0.043364233003285214,0.4159320501362477
9.72,0.4869305619091146,0.040632609221776514,0.5849674505753224
9.74,0.483216082238842,0.03492177289467933,0.737007429023151
9.76,0.47310546926034136,0.026693151705413788,0.8609756808951629
9.78,0.4577290097769817,0.016610683855296286,0.9480754312667895
9.8,0.4377174628944527,0.005460779583201838,0.9924357309819873
9.82,0.41355426905740555,-0.005920830833473426,0.9914536253850155
9.84,0.3856973345494467,-0.016717848344494322,0.9458522134589066
9.86,0.3546286139692622,-0.0261953386947683,0.8594761857901952
9.88,0.3208868052832089,-0.03375120679134529,0.7388593330640739
9.9,0.28510503773597673,-0.03895390226636427,0.5926127257427453
9.92,0.24806694692141856,-0.041563974851104496,0.43069376143746324
9.94,0.21079342659156122,-0.04153823405558692,0.2636235638227425
9.96,0.17467055616423524,-0.03901645410692403,0.10172283213425012
9.98,0.1416200774974763,-0.03429178596681414,-0.04556594272858219
10.0,0.11429284307926779,-0.027767391557548208,-0.17020926723680335
10.02,0.0962396304584612,-0.019903378520137485,-0.2659189390437252
10.040000000000001,0.09200095259725578,-0.011159669805813377,-0.3282658471267999
10.06,0.10701678672113275,-0.0019417950105117163,-0.35456847481568377
10.08,0.14688366961117388,0.007439463288744213,-0.343587027070792
10.1,0.21422188728179425,0.016765432922227128,-0.29512654223481705
10.120000000000001,0.30101052321353206,0.025795618269714445,-0.20984534949671854
10.14,0.38420866542924414,0.03401758922876181,-0.08981903692086943
10.16,0.44254264655882375,0.040539981449892355,0.06003144476994694
10.18,0.47431255579914255,0.04442622948725433,0.23096813620925585
10.200000000000001,0.48821525395716237,0.045090520364149386,0.41112493107383624
10.22,0.4911882535536232,0.042389017889393255,0.5871883703371116
10.24,0.4866436304643617,0.03654348523197192,0.7460328734718876
10.26,0.47609063561922815,0.02805106863086156,0.8759983076342479
10.28,0.4602927046475372,0.017606499730259025,0.9678330345500489
10.3,0.4397581078561504,0.006028618813188896,1.0153369630118518
10.32,0.4149175272295407,-0.005812658310607847,1.0157117000521598
10.34,0.3861878395568116,-0.01706714596333136,0.9696218846147485
10.36,0.35399908291215276,-0.02696894312900502,0.8809843436101652
10.38,0.3188121731079298,-0.03489049604231575,0.7565186812467223
10.4,0.2811392260411612,-0.04038262543228978,0.6051086754132974
10.42,0.24157491812854534,-0.04319807082069488,0.43703591856140017
10.44,0.20084799506203158,-0.043297346665531145,0.2631544664441223
10.46,0.15990266523081878,-0.040836952780137076,0.09407757058925523
10.48,0.12001515049619657,-0.03614118416810239,-0.060555015919466736
10.5,0.08293425659263548,-0.02966001739173956,-0.19266807798678454
10.52,0.05100505287190886,-0.02191698065372336,-0.29615192137482416
10.540000000000001,0.027214397341175603,-0.013452512986604976,-0.3670437358463533
10.56,0.015140276235784893,-0.0047692701048542745,-0.4034841672684937
10.58,0.01891414201301267,0.003715483184946071,-0.4054681244263629
10.6,0.043357536331616035,0.011709093234813221,-0.3744221403044055
10.620000000000001,0.09396002341171324,0.019073526828514258,-0.3126416507701433
10.64,0.17447434220681335,0.025824170143127986,-0.222655233718307
10.66,0.27762658406759416,0.032009252767894465,-0.10678912360689977
10.68,0.3757289107785462,0.03737811331216788,0.03235841272352666
10.700000000000001,0.44094082028634646,0.041160837899162014,0.19012669291496026
10.72,0.4725723768609926,0.04246881941047273,0.3583243637917166
10.74,0.48355072511646147,0.04081351121385121,0.525903942515299
10.76,0.48309617526564413,0.036187915435993305,0.6808565339501107
10.78,0.4753510341874972,0.0289393798667446,0.8118996939510874
10.8,0.4620167592349438,0.01965121625439328,0.9096455494844892
10.82,0.4439145746378266,0.009054719673177204,0.9673617512265025
10.84,0.4215910492406633,-0.0020456248963916157,0.9814113581543432
10.86,0.395528439329043,-0.012841245657684696,0.9514057194461625
10.88,0.3662237140593944,-0.022582535397248353,0.8800922510291069
10.9,0.3342318074956943,-0.030632762282168907,0.7730071251102777
10.92,0.3002080910401234,-0.03650948215085943,0.6379362755012116
10.94,0.2649674402327375,-0.039910779233043904,0.4842403666869387
10.96,0.22957331873282177,-0.04072469501809091,0.322108064752184
10.98,0.19546792968878332,-0.03902135440422085,0.16180623229783211
11.0,0.1646459727513272,-0.0350285160913636,0.012995227289174384
11.02,0.1398539664546581,-0.029092644083282784,-0.11582808773965478
11.040000000000001,0.12476447886416468,-0.021629250295998558,-0.21770860385986862
11.06,0.12402870125620181,-0.013068265275083603,-0.2874003467925975
11.08,0.14297611209432054,-0.003803139276381568,-0.32131913267068996
11.1,0.1862183248628003,0.005839872888500358,-0.3173240466556788
11.120000000000001,0.25348533590149996,0.015574615128994943,-0.27447404039019385
11.14,0.33303717102890956,0.02501558854372375,-0.19310432667606167
11.16,0.40344129820969066,0.03348235162875958,-0.07563452137628965
11.18,0.4508066879101229,0.04003702925326803,0.07220027490690713
11.200000000000001,0.476726619162094,0.0438310013131526,0.24096309787091788
11.22,0.48822076229483063,0.04437851260750125,0.4185015567373933
11.24,0.4902743464439319,0.04159196283203276,0.5915310327158894
11.26,0.4853613490863127,0.03571615112642783,0.7471067850850107
11.28,0.4746554725718388,0.02725431010084719,0.8738038086954649
11.3,0.4588155668639195,0.016898379789630106,0.9626105316327611
11.32,0.43832167991651516,0.00545893840357027,1.0075440663267776
11.34,0.413601977245278,-0.006206003463672572,1.0059823789569406
11.36,0.3850823520508609,-0.017260359700367812,0.9587139901638083
11.38,0.35321124356791633,-0.02695312155661264,0.8697211574507356
11.4,0.3184800761804993,-0.034671024004330586,0.7457300919715991
11.42,0.2814498082060685,-0.0399772139371614,0.5955775058807193
11.44,0.24279258999907358,-0.04263350402949439,0.4294547101349578
11.46,0.20335873721783368,-0.04260501364386799,0.2580977289476157
11.48,0.1642792364947312,-0.04004722234826989,0.09199423482509615
11.5,0.1271074647731327,-0.035276669369229394,-0.059324406515559425
11.52,0.0939849691721724,-0.02872781788021179,-0.18784514473798158
11.540000000000001,0.06778901107389462,-0.020900090833085656,-0.2874414520419303
11.56,0.05221390780447696,-0.012300566486172582,-0.35401897620284306
11.58,0.05179156958993445,-0.003388354666871171,-0.3854334349081542
11.6,0.07188912085553636,0.005474449596777124,-0.3811977707791586
11.620000000000001,0.11829602142188281,0.014059056628779583,-0.3420151554563342
11.64,0.19428953693530504,0.022266969925786043,-0.2692290999002107
11.66,0.29159245475368506,0.030004129871831507,-0.16449322576194383
11.68,0.38346627468573086,0.03687297234775877,-0.030328906324787352
11.700000000000001,0.445063750556579,0.04201307779065614,0.1281885499688024
11.72,0.4761009628038158,0.04449904694411808,0.3022162558097919
11.74,0.48792618769781304,0.043804647685736976,0.47991866382042964
11.76,0.48866925597274347,0.03987653027044109,0.6483258196425937
11.78,0.48204570979596895,0.033024654765991465,0.7950212983683358
11.8,0.4696146453763856,0.02381525979366567,0.9093720999985845
11.82,0.45214356509468545,0.012986362964622796,0.9833797827563209
11.84,0.43014434734184864,0.0013720447479628139,1.0122147527241085
11.86,0.40405858798247873,-0.010170119784484483,0.9944543736255121
11.88,0.3743235130164717,-0.020827222516538027,0.9320385961313418
11.9,0.34140221880881805,-0.02989110532354383,0.8299677633242403
11.92,0.30580782264325185,-0.03680652655059554,0.6957827300603516
11.94,0.26813508927356555,-0.04120432476063363,0.5388814659552215
11.96,0.22911006597519779,-0.04291760187032633,0.3697365060435077
11.98,0.18966867071865626,-0.041980162515439484,0.19908310543307461
12.0,0.1510733611119138,-0.038607657401526566,0.03714857759845269
12.02,0.11506657789103715,-0.033163095938363744,-0.10701091234809344
12.040000000000001,0.08403641445282257,-0.026109741675641552,-0.22600911712200522
12.06,0.06114545495688615,-0.01795594654344389,-0.31442215820359126
12.08,0.05038639789855305,-0.009197770593311184,-0.36885382843590264
12.1,0.05659526962596213,-0.00026516807242717155,-0.38777679453199043
12.120000000000001,0.08539845083638142,0.00852366758096828,-0.37117331028641326
12.14,0.14227809393319074,0.01698985463788524,-0.320023215611253
12.16,0.22775208227155358,0.025059944474223442,-0.23577986208937604
12.18,0.32678320170937647,0.03257083972289195,-0.1202690077054404
12.200000000000001,0.4094795918247127,0.038949784814955875,0.023298275669381727
12.22,0.4590850446784445,0.043245305622033624,0.18854345662084826
12.24,0.4819985729811745,0.0446407511182557,0.3653710045960268
12.26,0.48922654425861484,0.04278592189878381,0.5413159836246478
12.280000000000001,0.48708232270414914,0.037770583209535066,0.703430236878302
12.3,0.47827878789317396,0.03000651121870545,0.8398057802949621
12.32,0.46399108957097007,0.020129988031900227,0.9406593252019371
12.34,0.44485956348443073,0.008921759860428778,0.9990669777551419
12.36,0.42135863017505626,-0.002767391287275504,1.0113922610266917
12.38,0.39392334249055866,-0.014088007843697065,0.9774222596785153
12.4,0.3629969914185752,-0.024257732935936086,0.900228274581037
12.42,0.3290569801379093,-0.0326176023324706,0.7857810246220712
12.44,0.29264025852537434,-0.03867521285352783,0.6423658446856852
12.46,0.2543799555737327,-0.0421320491335752,0.47985617426316785
12.48,0.21506377032206425,-0.0428934173296212,0.3089122117041455
12.5,0.17572496646561683,-0.04106065502815922,0.1401753727968817
12.52,0.13777274991404617,-0.03690649200293285,-0.01647189928956959
12.540000000000001,0.10315393317844106,-0.030835682053523605,-0.152517379832101
12.56,0.07451137313584764,-0.02333444973177239,-0.2612490229846403
12.58,0.055287793690058096,-0.014913842453598563,-0.3379685910918484
12.6,0.04975861016379506,-0.006053026639564122,-0.37997656872382934
12.620000000000001,0.06304125360838837,0.0028521443864772183,-0.3863393085844428
12.64,0.10091947292886862,0.011530464047780922,-0.3574684750296444
12.66,0.1680648500880738,0.019849910789377805,-0.2945780495624666
12.68,0.2609998204218974,0.02774142443370575,-0.1992315841931559
12.700000000000001,0.35800182684197873,0.034936604923669075,-0.07355070085327164
12.72,0.4300032306723226,0.04069914669883684,0.07836349521043345
12.74,0.4692189559113476,0.044061027348285965,0.2488255663674172
12.76,0.485759380732931,0.04435012265352601,0.42673173042395357
12.780000000000001,0.4893077419875398,0.041378882390201856,0.5992616911748732
12.8,0.48468380593870275,0.03535999741992449,0.7536867257649632
12.82,0.4739049892191726,0.026791863961024644,0.8787340261205987
12.84,0.45789621028228833,0.01636869284195469,0.9655430017566252
12.86,0.43721792380290403,0.004903174284134796,1.0082917871793038
12.88,0.4123232122041094,-0.006746960486621996,1.0045233782693292
12.9,0.3836468661960287,-0.017748753970165145,0.9551845138341031
12.92,0.3516419964239688,-0.027356948231487297,0.864397768669403
12.94,0.3168043260408237,-0.03496609976836548,0.7390023067129523
12.96,0.2797005415447783,-0.04014851717237096,0.587913562867361
12.98,0.24101152332280462,-0.04267569041458256,0.4213636096266864
13.0,0.2016012733861036,-0.04252207944397937,0.2500909145652406
13.02,0.16262181533658832,-0.03985134625562606,0.08455028480581951
13.040000000000001,0.1256571821537691,-0.03498632134498789,-0.0657889497771741
13.06,0.09289007670371134,-0.028365289044815174,-0.1929961589519544
13.08,0.06724782255459677,-0.020488673836193634,-0.29103695115784245
13.1,0.05248092743766218,-0.01186167078791663,-0.35590732074875353
13.120000000000001,0.0531829910045442,-0.002938818936957208,-0.3855403228843148
13.14,0.0747804478809585,0.005924611399024351,-0.3795032409435671
13.16,0.12303681103100814,0.014507632805095764,-0.33852357171788094
13.18,0.20079743753213553,0.022715602641105063,-0.26394305729384837
13.200000000000001,0.298572895466373,0.030442041805449082,-0.1574256804182136
13.22,0.3888041116813742,0.03725503970665655,-0.021600202688388935
13.24,0.4480244751213475,0.042270678676180215,0.13821895449145655
13.26,0.4774067679863414,0.04457931335208666,0.31293463188713355
13.280000000000001,0.48831920967102826,0.043687078889868995,0.4905642234950618
13.3,0.4885179573371205,0.03956763760434647,0.6581126884707558
13.32,0.48149904568289964,0.03255005617123224,0.8032301242471741
13.34,0.46873584301842963,0.023213853677217258,0.9154142518121285
13.36,0.45096710014634245,0.01230557722363708,0.9868407949720694
13.38,0.42869583052077376,0.0006633735004818438,1.0128794695359586
13.4,0.4023613792398711,-0.010855414614216139,0.9923145426021057
13.42,0.3724010847304077,-0.021442075073622852,0.9272838605844765
13.44,0.3392792985595586,-0.03039603485084474,0.822961869071799
13.46,0.3035114067226048,-0.037172233033480176,0.6870276984385869
13.48,0.26569589240994446,-0.04141333129534091,0.5289732491871146
13.5,0.22656488879772682,-0.04296485658114398,0.35931613765532056
13.52,0.18706413074976824,-0.04187258893171498,0.18878755500657599
13.540000000000001,0.14847112198541212,-0.038362717729519095,0.027565412337278432
13.56,0.11254925951330888,-0.032806509762827056,-0.11538136859117278
13.58,0.08171176414473007,-0.025672590840210494,-0.23278117907613427
13.6,0.05914541701487642,-0.01747149058427181,-0.31933989321869816
13.620000000000001,0.04886015316913849,-0.008698350026437032,-0.3717934839421379
13.64,0.055701168713768984,0.00022049276844671932,-0.388737559996848
13.66,0.08529821485503135,0.008972603293347774,-0.3702583636828706
13.68,0.14310127259837963,0.017386144563368892,-0.31741369338856235
13.700000000000001,0.22942223558690375,0.02539356088626238,-0.23170767090623784
13.72,0.3287373853755712,0.03283119970883289,-0.115004222550646
13.74,0.4109574878242864,0.03911852162418417,0.02942854743968297
13.76,0.45986220799496086,0.04330203538925452,0.1951302988745876
13.780000000000001,0.4822575016477847,0.04457531505541536,0.371941449893694
13.8,0.489147705724857,0.04260203903970932,0.5473844270598575
13.82,0.48676035531712186,0.03748353199139396,0.7085501324936647
13.84,0.4777599864746049,0.029639984651316946,0.84360953265105
13.86,0.4633031109729059,0.019713186724420274,0.9428860657719167
13.88,0.44402414635058984,0.008486614632389313,0.9995790137485937
13.9,0.4203963937325553,-0.0031888974872000004,1.0101805944344062
13.92,0.39285586265635425,-0.014466312600119437,0.9746017574756419
13.94,0.3618482085487152,-0.024567811413750182,0.8960236090088304
13.96,0.3278547962060029,-0.03284058847032189,0.7805050949513831
13.98,0.29141888342160505,-0.038799417723208954,0.6363928909291927
14.0,0.2531836027166761,-0.042153311080449445,0.47359213925593896
14.02,0.2139524389634673,-0.04281476082914388,0.3027650843056704
14.040000000000001,0.17478307535374288,-0.04089127497737194,0.1345282567656777
14.06,0.13712100644371142,-0.03666011936820505,-0.021282390679127322
14.08,0.10296380885364367,-0.0305284329913958,-0.15621511558645806
14.1,0.07502044796616811,-0.022982318509015363,-0.26362296660953877
14.120000000000001,0.0568148997771024,-0.014530048741055457,-0.33886701933327357
14.14,0.05272033038677492,-0.005645421423734573,-0.379290736915456
14.16,0.06796209548423136,0.003283410981068722,-0.3839771664017287
14.18,0.10835584094379028,0.011994158502985273,-0.35332070462630916
14.200000000000001,0.17815009735666745,0.020359708772280043,-0.28848730155507507
14.22,0.27231147581459153,0.028296167269760846,-0.19100507219113075
14.24,0.36735681625792704,0.03548470601373542,-0.06309045471665695
14.26,0.43555749965892593,0.04113798720923311,0.09083470120504593
14.280000000000001,0.4718292459993631,0.0442949869430191,0.26266728134867545
14.3,0.4867565574988503,0.04432932604529082,0.4410085027741244
14.32,0.48941953532479127,0.041095945421497054,0.6129277862923133
14.34,0.48420450958483663,0.03483751870178339,0.7657305234897189
14.36,0.47294885249767005,0.02607333486658466,0.8882785669313862
14.38,0.456515490599313,0.01551183241977245,0.9719157882448471
14.4,0.43544501890025594,0.00397396864828462,1.0110696838962592
14.42,0.41018435418492777,-0.007680038776880247,1.0035540624109236
14.44,0.38116643323001975,-0.018620242030203314,0.9505852880257517
14.46,0.34884381253040886,-0.028109303406545327,0.8565334515583682
14.48,0.31371199474187295,-0.035553712395711645,0.728445180571737
14.5,0.2763375411149586,-0.040540575858172945,0.5753894962485562
14.52,0.23740142426525343,-0.04285774288537697,0.4076892924550486
14.540000000000001,0.19776830425810435,-0.042496235883857286,0.23610756480708028
14.56,0.15859171954174958,-0.039635177697823015,0.07105918673737735
14.58,0.12145746644636932,-0.034610611642718156,-0.07808413711956573
14.6,0.08854704096205669,-0.027870911410566256,-0.2035362399571036
14.620000000000001,0.06277581770419363,-0.01992298601767857,-0.2994404233258472
14.64,0.04785992367186216,-0.011274927678876535,-0.3619890442168758
14.66,0.04832857489240978,-0.0023810859390993363,-0.3893167087075867
14.68,0.0695322273451888,0.006405889053943861,-0.3811864618114291
14.700000000000001,0.11724194116870701,0.014870240346957782,-0.33850624871503443
14.72,0.1946379031475954,0.022928361453402324,-0.26276759377135084
14.74,0.2930250570805361,0.030497936793907048,-0.15571637714999786
14.76,0.3850731209204509,0.03718298699532067,-0.019938275401037306
14.780000000000001,0.44610112736671964,0.04212062692029046,0.13941995420893455
14.8,0.476470894865544,0.044394292144469896,0.31345372177099196
14.82,0.4877760936765191,0.04349592701473103,0.4903231978294215
14.84,0.4881206470814975,0.03939022772581141,0.6571288881375651
14.86,0.4811713743260266,0.0324012450090959,0.8015895842125486
14.88,0.4684635501340027,0.023104704292453423,0.9132547141450902
14.9,0.45075649025091746,0.012243436291788784,0.9843368621934158
14.92,0.42856081184282985,0.0006517552343448031,1.0102274883196192
14.94,0.40232028500936995,-0.010816780228182372,0.9897172896602517
14.96,0.37247695707687617,-0.021356926981238998,0.9249359428305274
14.98,0.3395019201892,-0.030270991619920876,0.821036938822619
15.0,0.3039209764091136,-0.037015959009158085,0.6856685277658108
15.02,0.26634893194521236,-0.04123549952998116,0.5282855601883583
15.040000000000001,0.22754340846925739,-0.04277494740404842,0.35936692109276036
15.06,0.18848936096820895,-0.04167855065112482,0.18960847649671236
15.08,0.150523056208754,-0.03816949973057419,0.029161831973967947
15.1,0.11549265664424879,-0.03261446851297845,-0.11301525475125873
15.120000000000001,0.08592859319097232,-0.025475773998854735,-0.22964057414277994
15.14,0.0651746230083747,-0.017255809022633326,-0.3153805459342578
15.16,0.057447288240361515,-0.008439617590931666,-0.3668952726863051
15.18,0.06784308629001223,0.0005586087156860939,-0.3826599789746758
15.200000000000001,0.10215327973075314,0.009439537640285732,-0.3625891146334198
15.22,0.16526553194113822,0.018037663555501952,-0.3075249347232795
15.24,0.2547913081970179,0.026257753611550277,-0.2187851297692365
15.26,0.35102678691353967,0.033834995566715986,-0.09829706527733678
15.280000000000001,0.42503748674608965,0.040058439906340185,0.05010408496640977
15.3,0.46678162658418454,0.04395251188732598,0.21905073759434474
15.32,0.48518439530160323,0.04479547287381243,0.39763323664124817
15.34,0.4900289485990721,0.0423429667803687,0.5730022815834142
15.36,0.4864012256942513,0.03676138533139737,0.7321917608485935
15.38,0.4764569511905556,0.028515604613952958,0.8635319003219852
15.4,0.46117284832173644,0.018278775748923545,0.9576560680324537
15.42,0.44112472435074485,0.006854793040730316,1.0081767210202897
15.44,0.4167665299699985,-0.004895599474197893,1.01205985593544
15.46,0.38852661227175406,-0.016125705148070872,0.9697091956384226
15.48,0.3568454993875954,-0.02606757989683003,0.8847778516734458
15.5,0.32219844645881895,-0.03408652694201872,0.7637402803437129
15.52,0.28511963122282297,-0.039721846712668554,0.6152727212347879
15.540000000000001,0.24623832877115634,-0.042711319958709755,0.44950252440205374
15.56,0.20633719440697024,-0.04299810552904296,0.27719448271396446
15.58,0.16644301721699875,-0.040719964498595725,0.10894509271908732
15.6,0.12795536764344212,-0.036181926777983646,-0.04554639271154855
15.620000000000001,0.09280191414784632,-0.029814768299505873,-0.1780681842538551
15.64,0.06358116939801889,-0.022123113421204692,-0.28229779815994616
15.66,0.04363890508147929,-0.013628525434232083,-0.35398427447378544
15.68,0.03707160807493139,-0.004813745413754922,-0.3909030583442708
15.700000000000001,0.04874348827181107,0.003927006541259355,-0.39259875853194504
15.72,0.08426852926093983,0.012328649891068957,-0.3599461031914901
15.74,0.14881368754952493,0.0202753726158662,-0.29458136786561506
15.76,0.24108377681680512,0.02774554996792365,-0.19837319299540287
15.780000000000001,0.34203246249743746,0.03457259944194036,-0.07345077468225816
15.8,0.42060902755876095,0.040125088927402214,0.07652586510196609
15.82,0.4646147684092534,0.04344703413457332,0.24456290542116144
15.84,0.4834577830740147,0.043812592172230665,0.4201367089318154
15.860000000000001,0.4880068476361727,0.0409850454895147,0.5907875433598473
15.88,0.48390798953081604,0.035146158522935456,0.7439890182928364
15.9,0.4735163845217989,0.026773063869380873,0.8685690640596551
15.92,0.45787287896617773,0.016542741578765407,0.9556918711393582
15.94,0.43757737539449193,0.0052531301993194454,0.9994965112829866
15.96,0.4130999294623869,-0.006250169050901751,0.9974329905126716
15.98,0.3848882567868421,-0.017143139288076654,0.9503127205646873
16.0,0.35341164048426316,-0.026685758596494625,0.8620944543163378
16.02,0.3191899851523992,-0.03427380579917078,0.7394405535010911
16.04,0.2828275186959318,-0.039476721632649855,0.5910929528537727
16.06,0.2450634646831923,-0.042059159873177446,0.42712969982735316
16.080000000000002,0.20685142729069292,-0.04198502553018298,0.2581701145220822
16.1,0.16947803113364804,-0.039403995659149024,0.09459902974169553
16.12,0.134723131276055,-0.03462173179396476,-0.054121822802422045
16.14,0.10504374338188296,-0.028056318260126865,-0.1799946402084033
16.16,0.08373851835359182,-0.02018498415476259,-0.2768310784605818
16.18,0.07504574731054331,-0.011486621971852184,-0.34037424384797466
16.2,0.08414315793065347,-0.002386354681900047,-0.3681927294220381
16.22,0.11683625543931236,0.006790419666583139,-0.3593687020456287
16.240000000000002,0.17770499451017596,0.015836165925110272,-0.31404736427541424
16.26,0.2637427227089299,0.02459450405084418,-0.2330552133536497
16.28,0.3555691153361927,0.03273007179474866,-0.11810007604164385
16.3,0.4263160661156657,0.03948877844384271,0.026961700233221357
16.32,0.46694417223827783,0.04389080706359419,0.19465423382611227
16.34,0.4855116640661555,0.04521106922221253,0.3739572159282109
16.36,0.49094170579121,0.04318551298311194,0.5518636723627115
16.38,0.48796543006576587,0.037954386104081056,0.715153936919214
16.4,0.478632993338825,0.029959761512936074,0.8518045383380619
16.42,0.4638931310302851,0.019859796324960054,0.9520186868234942
16.44,0.44431272408724404,0.008452741305218751,1.0089371846562678
16.46,0.42033942573726635,-0.003396860042313465,1.019050825358022
16.48,0.39239309973362035,-0.01482988947434121,0.982320969068133
16.5,0.36090118455016856,-0.025058862996993427,0.902022884612735
16.52,0.32631842398610744,-0.033424443984345416,0.7843422863890703
16.54,0.28914659229415757,-0.039438562370252644,0.6377715238031065
16.56,0.24996347164055424,-0.04281145786474988,0.4723647490006615
16.580000000000002,0.20947016501550036,-0.043461183453746305,0.29891971321682687
16.6,0.16856666865427888,-0.04150535603741477,0.12815718823730793
16.62,0.1284626267764059,-0.03723615067410152,-0.030032571495688394
16.64,0.09081659671630372,-0.031080750354047188,-0.16721330298183706
16.66,0.05786940437403375,-0.02355084484342349,-0.27684464913860446
16.68,0.032511844333995905,-0.01518636570417173,-0.35450855160148254
16.7,0.018253886323998304,-0.006499826313783564,-0.39790962512618644
16.72,0.019177020434991875,0.002073130303136213,-0.40666388745943327
16.740000000000002,0.04003536868034534,0.010214837196936706,-0.38190634787390837
16.76,0.08630558600398833,0.017757880086429662,-0.3257508366597606
16.78,0.16234876303064028,0.024691772546671268,-0.2406595853075417
16.8,0.2632490513324642,0.031067368764991755,-0.12895075881691162
16.82,0.3639237782728474,0.03669116020479103,0.006904469906338653
16.84,0.43432329040010237,0.040850305268563834,0.1626362231756072
16.86,0.4699458390018181,0.04262984271841903,0.3305150928284535
16.88,0.4831992852614973,0.041466807753915064,0.4997285212870823
16.9,0.48409958863706803,0.037289526119570114,0.6582140672362685
16.92,0.47731660715848323,0.03040117564133158,0.7944189573447704
16.94,0.46476261619309367,0.021356946337916974,0.8985418787533332
16.96,0.4473280930194066,0.010873024033084495,0.9633511874148761
16.98,0.42557779043546756,-0.00024947616055874186,0.98467400271944
17.0,0.39999343194989073,-0.011194616383376096,0.9615941096225009
17.02,0.3710622063533685,-0.021196099914129855,0.8963800343857122
17.04,0.33932123522808916,-0.02959314655892324,0.7941712775423744
17.06,0.3053975701363887,-0.035874344965427525,0.6624640095480032
17.080000000000002,0.2700621266128621,-0.039706652304408674,0.5104502739847051
17.1,0.23431113689634442,-0.04094771987934442,0.3482741194124868
17.12,0.19948689774860653,-0.03964086554425702,0.18627310508786687
17.14,0.16744297158649468,-0.035993215555520694,0.03427396157530216
17.16,0.1407412464531344,-0.030338861928208952,-0.09899348811240058
17.18,0.12283858756908479,-0.023090454186225007,-0.20631047164251934
17.2,0.11818337032180444,-0.014684512514125656,-0.28217511540715295
17.22,0.13205252983840932,-0.005528160392461643,-0.32278925160111605
17.240000000000002,0.1695749699603093,0.004039352874157393,-0.3258554334379294
17.26,0.23241191583525764,0.013739355826848095,-0.2902963468514761
17.28,0.3120736709123269,0.023243140024204408,-0.2161899746712364
17.3,0.38784096169769755,0.03196287610364555,-0.10538003017914852
17.32,0.44183552007394755,0.03899745164324939,0.03726655090190878
17.34,0.4724872476448233,0.04343659241406415,0.20312275898172713
17.36,0.48681913494297757,0.04469554385300203,0.3805001159613326
17.38,0.4906966738388596,0.04260020759623795,0.5561990196343519
17.400000000000002,0.4871524622828411,0.0373296371145485,0.7170559048119799
17.42,0.4775958972415167,0.029338946179149852,0.8512001973918515
17.44,0.4627699268331704,0.019287835443116935,0.9490142715777068
17.46,0.44318111012623956,0.00797024925719918,1.0038114621621683
17.48,0.41926287856508715,-0.003757107884879508,1.0122302707696038
17.5,0.3914371873438967,-0.015045147135122958,0.9743436392932306
17.52,0.3601423987703873,-0.025117484794363636,0.893495795800279
17.54,0.3258530100831528,-0.03332587534971616,0.7758966740530766
17.56,0.2891029606633125,-0.039192273879000025,0.6300202638475068
17.580000000000002,0.2505213337886494,-0.042434864092762765,0.4658660896055814
17.6,0.21089013736412296,-0.04297659850575491,0.2941512750173211
17.62,0.1712345777923264,-0.040936031001751534,0.1255039914212206
17.64,0.13295196270769305,-0.03660142957903038,-0.030272453948816856
17.66,0.09796978580831694,-0.030390405040001955,-0.1648020435523676
17.68,0.06889635926452214,-0.022798723974702662,-0.27155387257531555
17.7,0.04911127800254404,-0.01434352353061271,-0.34604205994261394
17.72,0.04278367608682926,-0.005507030001164408,-0.3857975190530887
17.740000000000002,0.05488720866124539,0.003314096981547122,-0.39012451202176324
17.76,0.09112088246207117,0.011850001780461302,-0.35967184348570264
17.78,0.15649391542075647,0.019976017976206496,-0.29587578271966747
17.8,0.24891835038536117,0.027649977584418575,-0.20046004253695315
17.82,0.34831346206662717,0.03466407208637733,-0.07553175254431324
17.84,0.42432709209017766,0.040343419694588295,0.07508855238758873
17.86,0.46647543510033845,0.04372388573600207,0.24413622121889678
17.88,0.4844559577941581,0.04409775703312047,0.4208474979747297
17.900000000000002,0.4886618925312868,0.0412451818408052,0.5925980510733845
17.92,0.48440470490430537,0.035358076398950014,0.7467501037316321
17.94,0.47390255229386347,0.02692059533145974,0.872053382583992
17.96,0.45814909454598435,0.01661596965079885,0.9596199881368357
17.98,0.4377278523346154,0.005248253714667982,1.0035615965655784
18.0,0.41310130162333364,-0.006331091973885248,1.0013248669023922
18.02,0.38471077309764784,-0.01729280257548639,0.9537402083607807
18.04,0.353017189391385,-0.02689260211329058,0.8648044973455258
18.06,0.31852784320003896,-0.034523343162648976,0.741232679303886
18.080000000000002,0.2818273790288781,-0.03975312775642708,0.5918278762031065
18.1,0.24362461288579357,-0.042347043914153226,0.4267311823937802
18.12,0.20482650519101298,-0.042271331153282854,0.2566194626755624
18.14,0.16664978113194207,-0.03967999534488909,0.09192179631075419
18.16,0.13077312385777815,-0.03488510276957232,-0.05787727950177999
18.18,0.09951319929802037,-0.028313290613173905,-0.1847870504019884
18.2,0.07598187280065546,-0.020452537518712184,-0.282664855106142
18.22,0.0641792928389307,-0.011794685028273726,-0.34734689335766394
18.240000000000002,0.06901697452539474,-0.002779748736451049,-0.3765507430998719
18.26,0.09619609584769348,0.006252108169882555,-0.3695682968982006
18.28,0.15111479068807765,0.01508901972145363,-0.3267988183460849
18.3,0.23399296530581748,0.023612547240674228,-0.24927078922612578
18.32,0.32991711628463427,0.03160728763297579,-0.1385839066077321
18.34,0.41027342811623857,0.038462714009572824,0.0020875965923093306
18.36,0.4591305368531291,0.043216357665853786,0.16630751738943403
18.38,0.48229439040910227,0.04504344804983633,0.3438940990500027
18.400000000000002,0.4900869440519651,0.0435738793316927,0.5222399546976382
18.42,0.4885372815324727,0.03887301335785221,0.6881624183564041
18.44,0.48027786197734407,0.03133187969136267,0.8294268065672213
18.46,0.4664639438119363,0.021573400620240345,0.935854206238123
18.48,0.44772935849614026,0.010373587250368655,1.0000887449814617
18.5,0.4245428863677233,-0.0014128906191963756,1.0180604217117237
18.52,0.3973311483224684,-0.012924867447669552,0.989154366943392
18.54,0.36652408753897087,-0.023361870597586595,0.9161001315659921
18.56,0.3325780835811076,-0.03204228654514529,0.8046089008437897
18.580000000000002,0.2959969165673819,-0.038448718316330656,0.6628025288566209
18.6,0.2573611986015207,-0.04225767231060545,0.5004917193239304
18.62,0.2173757694528428,-0.04335189458205196,0.3283698075240398
18.64,0.17694532582011052,-0.04181491834726084,0.15719283328796113
18.66,0.13728619337084655,-0.03790859772395413,-0.002984091165645762
18.68,0.10007009265142165,-0.032035617740101864,-0.14344962487333146
18.7,0.06756995566693297,-0.024690333215667763,-0.257304368067897
18.72,0.04275235978163293,-0.016402860126235624,-0.3397169903257099
18.740000000000002,0.0292816462012165,-0.007682581824514976,-0.38795342615360545
18.76,0.031500510999855055,0.0010332600810070759,-0.4011887434512369
18.78,0.05450431991170901,0.00942301939468069,-0.3801288353657809
18.8,0.10395286928349033,0.017313166227081966,-0.32647778494947116
18.82,0.1833837099350359,0.024675588550940798,-0.2423294259855783
18.84,0.2848183845878776,0.03150137720359829,-0.12977469278144443
18.86,0.3804650208178179,0.037473085318531635,0.008569743696825203
18.88,0.44379292334434645,0.04177379644612926,0.1677860578789063
18.900000000000002,0.47475345753225634,0.04349941313125748,0.33930536126225413
18.92,0.48578257101948197,0.042154073294853545,0.5116646648544728
18.94,0.4856083485437371,0.03772148464881032,0.6724059414803941
18.96,0.4781476170690869,0.03054246356820137,0.8097639782854843
18.98,0.46501862761159074,0.02120092853382989,0.9138553941082954
19.0,0.4470102316623588,0.010437221512707373,0.9774715952398931
19.02,0.42464994893742125,-0.0009272939514264949,0.996551658783815
19.04,0.39839995580155707,-0.012060976320186635,0.9703635119792511
19.06,0.368728925954678,-0.02218717721320148,0.9014121755966901
19.080000000000002,0.33614892501331345,-0.03064068024187185,0.7951033498311496
19.1,0.3012495614831983,-0.03691175146564481,0.6592049253576864
19.12,0.26474513245972964,-0.040674973511247735,0.5031619498177613
19.14,0.22754732235227756,-0.041801104773046376,0.3373298144804362
19.16,0.19087526523560133,-0.04035137672703308,0.17219513027211103
19.18,0.15640955634206843,-0.03655484174350915,0.017653722598876563
19.2,0.12648098425574322,-0.03077066596328782,-0.11758979155493408
19.22,0.10425881411599504,-0.023438742434145007,-0.226446843258704
19.240000000000002,0.09388250199495585,-0.015023622474465063,-0.3036569147313025
19.26,0.10046324255437898,-0.005958211643720061,-0.34577242058140384
19.28,0.12969990082688113,0.0034040426294872695,-0.3509316145934481
19.3,0.18599118421878802,0.012809134160721157,-0.3184856225210012
19.32,0.2665849891430086,0.022042510339305134,-0.24868060097664368
19.34,0.35386491591994235,0.030723494506093633,-0.14286259251255662
19.36,0.42296208012793574,0.03809140631980866,-0.004631818180013451
19.38,0.46425573684133525,0.04317025285805602,0.1588046925743453
19.400000000000002,0.4842073404496348,0.04520731178904353,0.33665368848535593
19.42,0.4910174362610028,0.04388630715596639,0.515967816271686
19.44,0.4892895891295339,0.0392919463443336,0.6833660112588683
19.46,0.4810883136792635,0.03181841200265454,0.8264543865538146
19.48,0.46738282847027274,0.02208796992652374,0.9348972478509076
19.5,0.4487497722099346,0.010876965913313344,1.0011804652983842
19.52,0.4256391776755314,-0.0009572379726358873,1.0210816682933337
19.54,0.3984690462342342,-0.01254835106684699,0.9938493382363583
19.56,0.3676619311517851,-0.023088779805158055,0.9221010641356774
19.580000000000002,0.3336644689627017,-0.031888469327584865,0.811467444283612
19.6,0.2969656399169283,-0.03842105766029904,0.6700248363567627
19.62,0.2581227498717704,-0.04235441334079101,0.5075739407113642
19.64,0.21780376167943175,-0.04356383133257523,0.33483055163595865
19.66,0.17685575196033032,-0.04212741883333655,0.16259919564628278
19.68,0.13640764393803895,-0.0383044224579393,0.0009997927578926785
19.7,0.09800460773429057,-0.032498451318519424,-0.14118792315809348
19.72,0.06374636146218964,-0.02520888200252632,-0.25700789582528655
19.740000000000002,0.036372468591821264,-0.01697530059464185,-0.3416010416782341
19.76,0.01924826418761969,-0.008321215192352403,-0.39225265741777
19.78,0.016303356962481367,0.0002969357637488206,-0.4082235941335564
19.8,0.03209117787727701,0.008532481107263583,-0.390393781529415
19.82,0.0719357163883658,0.016182971613548813,-0.34075127801880706
19.84,0.140882867108565,0.023206728199286705,-0.26177127930149036
19.86,0.2374379417682025,0.02966329954845155,-0.15584807516352195
19.88,0.3414927303474179,0.03545854604728836,-0.025321410267711342
19.900000000000002,0.42079376426253257,0.04000536329638464,0.12617393795085094
19.92,0.4638192359689597,0.042381656817727806,0.29181346133831854
19.94,0.48125076711128706,0.041911660318352605,0.46140829102133935
19.96,0.4844819510520548,0.038414995682276014,0.6230531022990582
19.98,0.4792616558217308,0.03211900932160521,0.7649837214075341
20.0,0.46795681969398567,0.023528342443245625,0.8769376947318628
20.02,0.4516136943356494,0.01332757703703609,0.9510591763982211
20.04,0.430844276112618,0.0023029056207011346,0.9824584412520656
20.06,0.4061405248529369,-0.00872902370980514,0.9694743573046355
20.080000000000002,0.3779857412350147,-0.01898694044281824,0.9136624794439007
20.1,0.34690498690283256,-0.027782973671629806,0.8195343178392561
20.12,0.313504725917103,-0.03456942308489633,0.6940858971250412
20.14,0.27852303057485506,-0.0389712678272222,0.5461668921382523
20.16,0.24290454572101602,-0.040802345658305796,0.38575187983112924
20.18,0.20791254487012084,-0.04006425565835136,0.2231813062643403
20.2,0.17528533441491434,-0.036928224997046434,0.06844120013987441
20.22,0.14742913739591626,-0.03170146978626599,-0.06945282394032988
20.240000000000002,0.12761170145657047,-0.024781098508663682,-0.18291078880504102
20.26,0.1200839142062043,-0.016600436275784294,-0.266022068975112
20.28,0.1299835685583402,-0.007574944938555146,-0.31459069993081235
20.3,0.1625759737098055,0.001940372730702719,-0.32597189665737714
20.32,0.22052136654316978,0.011655654700535706,-0.29880094297543136
20.34,0.29771548169207884,0.02125944660044484,-0.23286527894745834
20.36,0.375291205398607,0.03022054609246343,-0.12956526400605117
20.38,0.4335473554402371,0.03768195170203622,0.006903724089083171
20.400000000000002,0.4679835843630054,0.042706650180495555,0.1686273023870594
20.42,0.4848604961000412,0.04463582369517133,0.34441054167969776
20.44,0.49047386085860045,0.04321860949474988,0.5212357084654753
20.46,0.48827235264862767,0.038570033225023635,0.6858381003767581
20.48,0.4798671070510209,0.03109492796100686,0.8260175800774434
20.5,0.46607900940597635,0.021416252264644116,0.9316528294911195
20.52,0.4474414810167799,0.010305231373319495,0.9954343766422081
20.54,0.4243956986957726,-0.0013897751312158552,1.013315772722587
20.56,0.3973639106198716,-0.012814036871428753,0.9846798835718172
20.580000000000002,0.3667811183030034,-0.02317285249480135,0.9122293689170872
20.6,0.3331155285504614,-0.0317891602941291,0.8016277162185932
20.62,0.29689094964711943,-0.03814847140864022,0.6609340382860328
20.64,0.2587201356090217,-0.04192823033088239,0.49988851008151336
20.66,0.2193585859856677,-0.04300989579149731,0.3291145597873037
20.68,0.17978936874666104,-0.04147326833213754,0.15930828851042161
20.7,0.1413466341043947,-0.03757380162056658,0.00048505828683717556
20.72,0.10587240694941406,-0.03170486648802965,-0.13865219650470387
20.740000000000002,0.07587564116451223,-0.024348329190860992,-0.2511689646635822
20.76,0.054641663378784545,-0.016018361616028525,-0.3321420450289929
20.78,0.046267085688818384,-0.007204501176859283,-0.3786741270719102
20.8,0.055671403503487996,0.001680559502323611,-0.3896885418147977
20.82,0.08853014789132402,0.010344285517373746,-0.36553142017860524
20.84,0.15009300413378687,0.01863703081187598,-0.30743406777636456
20.86,0.23951106198377536,0.0265029567023643,-0.21699957912270335
20.88,0.3389520503429281,0.033755585308210184,-0.09620567138765744
20.900000000000002,0.41803316356226045,0.03976426283451569,0.05140463716738652
20.92,0.46343060765375527,0.04356576552460209,0.21895395874825316
20.94,0.4835301291429496,0.044401480790353845,0.3959530806425281
20.96,0.48904442190636843,0.0419938731122259,0.5698224027883695
20.98,0.485714006908758,0.03649030154380108,0.7277627182779016
21.0,0.47596196833470966,0.02834362891096269,0.8582114020156786
21.02,0.46085599600762217,0.018217198705839877,0.9518662483337865
21.04,0.4410022906994354,0.006905825353499005,1.0023665243485047
21.06,0.41686743051368463,-0.004738117936480466,1.0066700308242857
21.080000000000002,0.388889008661253,-0.015875167614423744,0.9651409208019268
21.1,0.35751893981027805,-0.025742984096919615,0.8813669049095922
21.12,0.3232494932608777,-0.03371042783235614,0.7617385934270313
21.14,0.28664140769584595,-0.03931800280365585,0.6148387755113044
21.16,0.24836563393810965,-0.04230214183877192,0.45070158906534596
21.18,0.2092696715014682,-0.042601983973852224,0.2800093182386049
21.2,0.1704792596541487,-0.04034850765233886,0.11329752492825486
21.22,0.1335403424660528,-0.035837088713710975,-0.039762641939107245
21.240000000000002,0.1005886956692396,-0.02948582765860353,-0.1709428948375508
21.26,0.0745079514797607,-0.021783461355011698,-0.2738471974716623
21.28,0.05902742736795797,-0.013232179021300144,-0.3440806336194734
21.3,0.05875364177607915,-0.004291368762435303,-0.3791894423865456
21.32,0.0791433728216728,0.004672356157514677,-0.3783869375844956
21.34,0.12596979243313758,0.013421367384701371,-0.34210294637347155
21.36,0.20210269802148784,0.021840346264381697,-0.271456822526195
21.38,0.29836200675922275,0.02980246108556598,-0.1679746824016999
21.400000000000002,0.3878581927700069,0.036864847453618114,-0.034212859640062605
21.42,0.4472466162234308,0.04214142305453005,0.12456421295905433
21.44,0.4771478985820255,0.044714076964781364,0.29929251738442575
21.46,0.4885757110866793,0.04407107467013159,0.4779679120785671
21.48,0.48921791728667885,0.04016665233820023,0.6474967555162557
21.5,0.4825796179990159,0.03331383372660005,0.7953586956332855
21.52,0.4701451059851702,0.024081099042655933,0.9108265664206144
21.54,0.452657391971705,0.013209446996424488,0.9858179579878373
21.56,0.43061928988687126,0.0015369818756622302,1.0154333310984278
21.580000000000002,0.4044669378489913,-0.010073861127519906,0.9981979840261285
21.6,0.37463155758789085,-0.02080487609947301,0.9360202666220074
21.62,0.3415675527838786,-0.029942635452622157,0.8338902152241385
21.64,0.3057745564555179,-0.03692713351375678,0.6993586021834973
21.66,0.26782611640391796,-0.04138540960632575,0.5418505895394261
21.68,0.2284149516342038,-0.043148160499806576,0.37187845138495623
21.7,0.18842530411803013,-0.04224857985769987,0.2002233433842129
21.72,0.149041564604348,-0.03890387965104569,0.03715670184497749
21.740000000000002,0.1118927704135519,-0.03348115838733811,-0.10823237284605193
21.76,0.07920970384667869,-0.02645060762122288,-0.2285466397312711
21.78,0.053944506912824555,-0.01833058711873871,-0.31838502859466367
21.8,0.03981098331203767,-0.00963046224828863,-0.3744206841427495
21.82,0.041283049153003556,-0.000797077891470711,-0.3952559242821416
21.84,0.06362934992640557,0.007831286290642801,-0.38107714617876615
21.86,0.11258538525351473,0.016058761899629643,-0.33314687404220245
21.88,0.1913966725507219,0.02382688492179558,-0.2532211472189779
21.900000000000002,0.291348474657989,0.03108225812255368,-0.14320091457447717
21.92,0.3846077343495139,0.037453292806505264,-0.005716297287456158
21.94,0.4460165614559983,0.042088882187332435,0.1541139561872387
21.96,0.4761906005521703,0.04408066340598869,0.32744829440017525
21.98,0.4871212557432067,0.0429342834276526,0.5025532403060451
22.0,0.48708592175833215,0.03863027262688354,0.6666967245794194
22.02,0.47979882632563065,0.03150571065647175,0.8078238624997773
22.04,0.46680650182078465,0.022144266112091172,0.9157527700277983
22.06,0.4488723180994066,0.011290939619346057,0.9829850169229307
22.080000000000002,0.42651105046399235,-0.00022345801974418995,1.0051982537240107
22.1,0.40017295251709906,-0.011553933292899941,0.9814449560509854
22.12,0.3703103935091731,-0.021907868434315844,0.9140738096192165
22.14,0.33741069601134877,-0.030602962562346684,0.8084008095620839
22.16,0.3020251210635448,-0.03711287398820942,0.6721720608490842
22.18,0.26480843032055124,-0.041097642695818185,0.5148736473182981
22.2,0.22658063716718227,-0.04241706845906137,0.346953488580417
22.22,0.188422517704559,-0.041126413222739605,0.1790250256086402
22.240000000000002,0.15181287600991442,-0.03745499725922734,0.021122700663540134
22.26,0.11880208294034439,-0.03176950532929213,-0.11792553995967123
22.28,0.09219171095040182,-0.024525234365248685,-0.2309535145292298
22.3,0.07567094339343448,-0.01621007046489753,-0.31270068349306473
22.32,0.07387504056353025,-0.007287148465240626,-0.35982722473113
22.34,0.0923178062147923,0.0018575000755431644,-0.37070753510104687
22.36,0.13671760078899178,0.01095283829058722,-0.3450384050032938
22.38,0.20968459210322943,0.01983604287585712,-0.28336789111138433
22.400000000000002,0.3020992781875472,0.028322737619180215,-0.18686456095871504
22.42,0.38843466995278364,0.03592432083214228,-0.057944014544872455
22.44,0.446645038210134,0.04174060974504619,0.09815051171297945
22.46,0.4768109592175695,0.04484712403186002,0.27234802263605684
22.48,0.4889881659243921,0.044709076319243646,0.4525804813886953
22.5,0.49043567555115397,0.041247703723343285,0.6255736102795186
22.52,0.4845451304954701,0.03474494245353066,0.7784953214912224
22.54,0.47277905866562747,0.025746001335848007,0.9001968170424448
22.56,0.4558766106855017,0.014978684235770399,0.9821007110828173
22.580000000000002,0.434337520221324,0.0032785755797057263,1.0187810485067696
22.6,0.40859203169033576,-0.008484159162609209,1.0082474182411412
22.62,0.37906126073614466,-0.01947456708283109,0.9519419454833951
22.64,0.3461834219430138,-0.028955348015666932,0.8544704043815903
22.66,0.3104325698266389,-0.03633788373574664,0.7231051345358741
22.68,0.2723416793308577,-0.041218565346915,0.5671123227258288
22.7,0.23253897318016262,-0.043398256391082496,0.3969671882821879
22.72,0.1918071482232106,-0.04288397451841272,0.2235267818206504
22.740000000000002,0.15117497656419857,-0.03987310883635395,0.057231292098985205
22.76,0.11204390640861873,-0.03472168887409464,-0.09259891272374438
22.78,0.07633218243060634,-0.02789948993131825,-0.2183118314559646
22.8,0.04658850622081913,-0.01993625474923831,-0.3142733304862994
22.82,0.026018153764400954,-0.011364854253886687,-0.37699326788835275
22.84,0.018431397247318765,-0.002667726616077242,-0.4050288575397834
22.86,0.028251474462823025,0.005769112728967756,-0.3986881393292935
22.88,0.060661445817054724,0.013693769962331938,-0.35956612167222624
22.900000000000002,0.12110599718395626,0.02101298522911486,-0.2899518612834513
22.92,0.2109019738980752,0.02776322318228865,-0.19221952088914887
22.94,0.31572685469627126,0.03391679102599007,-0.06862100090694592
22.96,0.4037712055380943,0.03902241027631163,0.07774181212509715
22.98,0.455814605282584,0.042186012284754756,0.2409624361717088
23.0,0.47879027986080547,0.04261551396307272,0.41156071166890956
23.02,0.4851469237986298,0.03999496937124069,0.5777998351680731
23.04,0.4819669382852233,0.0344527825852275,0.7276113633585797
23.06,0.4722398836351608,0.026428195540734088,0.8501032072434956
23.080000000000002,0.45723264908418093,0.016566071325075173,0.9365814086824115
23.1,0.43762393406271993,0.005635160908462947,0.9812044847077713
23.12,0.4139183010356472,-0.005544773005511773,0.9813314495893342
23.14,0.38658987518524557,-0.016170836526780724,0.93758831172183
23.16,0.35614071071772435,-0.025518043534063565,0.8536756905288749
23.18,0.32313905800597353,-0.03299008256642489,0.7359516469342896
23.2,0.2882629953467616,-0.03815656800490653,0.5928375167786304
23.22,0.2523643091663452,-0.040774391639251936,0.4341059197395117
23.240000000000002,0.21656543834165065,-0.040791888455885224,0.2701174976578668
23.26,0.18239937409083506,-0.03833570303218954,0.11107575093732941
23.28,0.15199154265967668,-0.0336814825488933,-0.03363264800946686
23.3,0.12825946886228415,-0.0272109349109039,-0.15595193396263315
23.32,0.11507449771028576,-0.019359471803328608,-0.24947901740261275
23.34,0.11728856666920084,-0.010560584351184168,-0.3095668817560304
23.36,0.14037237537623787,-0.0011960192921306755,-0.3332132292864233
23.38,0.1887783336110142,0.008430195524161372,-0.3187885463688389
23.400000000000002,0.2611151390671837,0.01805077625927345,-0.2657740299238691
23.42,0.34325590988087396,0.027270443065620143,-0.17490050126908196
23.44,0.41252526698098696,0.035366885836736556,-0.0490954648219138
23.46,0.4569456437298778,0.041382253166987945,0.10525195789772643
23.48,0.4801757575410206,0.044506627613781456,0.27808890060653635
23.5,0.48966463022861423,0.04432436400722121,0.4568781099488986
23.52,0.49016024147036785,0.04081873245526316,0.6282383607484429
23.54,0.48392034038726583,0.03429582053772324,0.7793940043549802
23.56,0.47201403014668203,0.025308157575412264,0.899310793806065
23.580000000000002,0.45505878439177216,0.014583556251156387,0.9795387194099563
23.6,0.4335196899848999,0.0029538385766490925,1.0147710008174926
23.62,0.40781988285902787,-0.008716874614042512,1.0031164312975085
23.64,0.37838370503130087,-0.019601034853912472,0.9460891672794558
23.66,0.34565900484795925,-0.028969308887370704,0.8483360114649078
23.68,0.3101365919807022,-0.03624083538627974,0.7171386294845334
23.7,0.2723765582101675,-0.041018799354682854,0.5617431860643499
23.72,0.2330502727984052,-0.04310917265039088,0.39258083896488555
23.740000000000002,0.1930081200275823,-0.04252170676349988,0.2204486684163835
23.76,0.1533825017891406,-0.03945348964144941,0.05572181153666644
23.78,0.11572755693324745,-0.03425658511479357,-0.0923360836740455
23.8,0.08217582521908248,-0.027392575428610386,-0.21610558842032407
23.82,0.055564071471102365,-0.01937834529513916,-0.30994316182702397
23.84,0.03948110057113062,-0.010728887800429784,-0.3702879121258648
23.86,0.038262587327651566,-0.0019031474758348156,-0.39554384970776985
23.88,0.057026826280408116,0.006743007439113815,-0.3857588501381438
23.900000000000002,0.10150412620703428,0.01499308910829102,-0.34213481789566763
23.92,0.1758060805923097,0.022775324788218265,-0.2664411102990233
23.94,0.27406465989982837,0.03005962283337444,-0.16058484960075167
23.96,0.37095256114618474,0.03655591084766841,-0.02698851731616625
23.98,0.43831392928438284,0.04148023141188389,0.12977445418230668
24.0,0.47278727941640625,0.0438937766391159,0.30148625950884833
24.02,0.48608311321951675,0.04322298788187247,0.4767895664563486
24.04,0.4874269507719839,0.03938064493726742,0.6430248223700503
24.060000000000002,0.48112072986355103,0.03265637419991502,0.7879806923148415
24.080000000000002,0.46894347084026683,0.023601279575979302,0.9011604075820698
24.1,0.45173662110726553,0.012939601336052585,0.9746445359490756
24.12,0.43003884772470713,0.0014922867207372375,1.0036286324345818
24.14,0.4043062238619879,-0.009895111199693652,0.9866646628394462
24.16,0.37499038274585184,-0.020419827968338793,0.9256225865140539
24.18,0.3425745560234589,-0.029381231960955954,0.8253971890240686
24.2,0.30760273432509755,-0.036228396071185026,0.6933999160459188
24.22,0.270717812121545,-0.04059283886380183,0.5388892257989838
24.240000000000002,0.23272057558927095,-0.04230443750952595,0.37220316202720927
24.26,0.19466126901265093,-0.04138969827859926,0.2039634886066347
24.28,0.15797268601190595,-0.0380527694229216,0.04432158643932875
24.3,0.12464184154426733,-0.03264081692787608,-0.09768766846098396
24.32,0.09739368142800806,-0.025596773915162924,-0.2146270181715398
24.34,0.07983845082237626,-0.01740403392313766,-0.3009310430656236
24.36,0.07654161618828717,-0.008528947287386634,-0.3529526798499713
24.38,0.0929652584525974,0.0006324602787133049,-0.3687859287340097
24.400000000000002,0.13485385921306456,0.009794272382867435,-0.347897857518021
24.42,0.20520714256904674,0.018779079330314037,-0.2906685286436267
24.44,0.2960985503927401,0.027401050376881494,-0.1981361078119382
24.46,0.38312135707527223,0.03519331046240991,-0.07254427926784603
24.48,0.44330653105275525,0.04127492955700635,0.0811323984930011
24.5,0.475199130802091,0.0447052847676632,0.2541012951329075
24.52,0.48852307660531696,0.04491157247423626,0.4344548153152625
24.54,0.49076356446554653,0.041778118462680404,0.6089245984736922
24.560000000000002,0.48549768132689197,0.03555760756241441,0.7645517449286836
24.580000000000002,0.47427023189686696,0.026773651822572783,0.8899591125034053
24.6,0.4578500179356719,0.01613985360754764,0.9762693854678248
24.62,0.4367460279742627,0.004485017209846822,1.0177147106596367
24.64,0.41139018596798826,-0.007320186157542402,1.0119503355528394
24.66,0.3822019910755399,-0.018433551367867094,0.9600798152824683
24.68,0.34961582261460855,-0.02810476366283799,0.8664112852233563
24.7,0.31409937045420133,-0.03572779664835013,0.7379808017689587
24.72,0.27617542060340966,-0.04087888770128628,0.5838939753635257
24.740000000000002,0.23645578962759947,-0.04333780520897122,0.4145485608592421
24.76,0.19569684689205644,-0.043091365904898246,0.24080734096897968
24.78,0.1548862628128944,-0.040319400740328436,0.073192310807181
24.8,0.1153648946207041,-0.03536456710423642,-0.07883202775983417
24.82,0.07896926380085151,-0.02868865544110171,-0.20742649937315785
24.84,0.048149613085738625,-0.020819504781095666,-0.30674988989337076
24.86,0.026003735497780883,-0.012294219167113467,-0.37310972516605906
24.88,0.01622297319485464,-0.003605107026487053,-0.4048893171557282
24.900000000000002,0.023077041238986542,0.0048469617223918906,-0.4022724474441589
24.92,0.051566605919346614,0.012790909376237754,-0.3667982641554861
24.94,0.10720328780575332,0.020113036682560866,-0.3007813527935735
24.96,0.19267517193829536,0.026843325193304124,-0.20668404802502904
24.98,0.2972545191465108,0.032998863206828655,-0.08678395493581742
25.0,0.3906451966065784,0.03823027740943719,0.056101532081074726
25.02,0.4490147096098953,0.04169568595933696,0.2167029061611816
25.04,0.4759773821539099,0.042548827640112134,0.38616112359416244
25.060000000000002,0.48444824315162105,0.04039044685533764,0.553057033829825
25.080000000000002,0.48253303319588847,0.035285579546011206,0.7053415642840225
25.1,0.47374176608879565,0.027630477105867055,0.831931734730964
25.12,0.4595336689502689,0.018041068299269086,0.9238003427671286
25.14,0.4406501146416711,0.007268486126673524,0.9746800048727562
25.16,0.41761421636084833,-0.003874609132489437,0.9814545537668904
25.18,0.39090391522242585,-0.014582457953750393,0.9442665738471887
25.2,0.361019455488436,-0.024118192378808388,0.8663631637069044
25.22,0.3285238953400357,-0.03186610085634788,0.7537120143662626
25.240000000000002,0.29408629274045567,-0.03737086122485863,0.6144334926576976
25.26,0.2585435372379482,-0.04036121687251894,0.45810623356057883
25.28,0.22299392070016202,-0.04075663930329442,0.2950117600334688
25.3,0.18893289612858352,-0.03865668240923881,0.13538717006276427
25.32,0.15843168609854352,-0.034313963815682635,-0.011246317720489247
25.34,0.13433723872080092,-0.028093103769453315,-0.13661762157561688
25.36,0.12043936135670953,-0.02041962981126628,-0.23405409358598264
25.38,0.121505637587115,-0.011724850681812518,-0.29861499220699855
25.400000000000002,0.1429343147654822,-0.0023957152336441068,-0.32701059098648844
25.42,0.1891949341004674,0.007252762946203913,-0.3173572311238996
25.44,0.2592694883846536,0.016941672735470238,-0.2689298905105639
25.46,0.3399728567423841,0.026274171767099768,-0.18228350104982216
25.48,0.40927516790551344,0.0345407138951347,-0.0601449016641981
25.5,0.45460015234785783,0.040791303449873244,0.09134756045379917
25.52,0.4787928862257313,0.04420238712242071,0.2623811011338116
25.54,0.4890608947342594,0.04433128852478415,0.440572422948242
25.560000000000002,0.4901937470549475,0.0411325913780015,0.6125801640051858
25.580000000000002,0.48451191955835937,0.03488682141388538,0.7655592572564438
25.6,0.4731180149221217,0.026125590902279942,0.8883127454044519
25.62,0.4566435265047307,0.015561306599461299,0.9721550104015355
25.64,0.43555896023192664,0.004016519733499922,1.0114941531992905
25.66,0.4102896420303482,-0.007647514951315401,1.0041295556774315
25.68,0.38126116689699946,-0.018599880794493834,0.9512670995530613
25.7,0.34892274952705765,-0.02810225438018147,0.8572703026268477
25.72,0.31376728585010444,-0.03556015970830566,0.7291831429377932
25.740000000000002,0.27635813824352407,-0.040559831965069404,0.5760756933877527
25.76,0.23737157696260475,-0.04288842495730983,0.40827506125435875
25.78,0.19766506681184032,-0.04253652450390726,0.2365507462932581
25.8,0.1583812518209032,-0.03968315450611804,0.0713252227098872
25.82,0.12108999134172355,-0.034664670389016376,-0.07802260726423035
25.84,0.08795053756411775,-0.027930232102127278,-0.20370155740605486
25.86,0.061848525302043614,-0.019988055223699935,-0.2998540832815075
25.88,0.04646100974975196,-0.011348089855953867,-0.36267801533411853
25.900000000000002,0.04626631990723196,-0.002467126638838645,-0.39032201994947074
25.92,0.0665593394943637,0.006299185217146225,-0.3825741297159207
25.94,0.11311667479633203,0.014732175564208874,-0.3403795714392229
25.96,0.1894213045966215,0.022748757547366164,-0.26527388314869893
25.98,0.2876482627908852,0.030279261693064975,-0.15902416360935892
26.0,0.3810472156059116,0.03695626818404091,-0.024152227632844366
26.02,0.44389031975725823,0.04193692702921177,0.13436814378015272
26.04,0.4754659314125387,0.044295220904740085,0.3078261118608806
26.060000000000002,0.4873926703440633,0.04350153272624965,0.48450527176164465
26.080000000000002,0.48807953415971306,0.03950315735083221,0.6515494032648647
26.1,0.4813666005390124,0.03261223737125449,0.7966625963565694
26.12,0.46885580571979685,0.023396150403336407,0.9093395772921407
26.14,0.4513288037462158,0.012591986169497162,0.9817102048572022
26.16,0.4293034710347783,0.0010306972262867971,1.0090650307361555
26.18,0.40322615363651465,-0.010435184201457726,0.9900850841443691
26.2,0.37354021971611406,-0.02099920736672631,0.9267907896733402
26.22,0.34071802876936463,-0.029960464961535573,0.8242353275568111
26.240000000000002,0.3052871457176213,-0.036771076291804476,0.6899829330076569
26.26,0.2678650328415836,-0.04106864837622649,0.5334264633364731
26.28,0.22921328403808813,-0.042691767757793486,0.3650086088820826
26.3,0.19032269490539291,-0.04167777910701434,0.1954165169817012
26.32,0.15253808324426188,-0.03824331212307278,0.03482015898393456
26.34,0.11772035923579513,-0.032749244951807026,-0.10777950531335218
26.36,0.08841966911764926,-0.025653163826803403,-0.2250359368850811
26.38,0.06801106022759192,-0.01745392560738654,-0.3115346819974556
26.400000000000002,0.0607588992217336,-0.008634164929420603,-0.36384313266597357
26.42,0.07181968516960814,0.0003933940453081637,-0.3803361012849082
26.44,0.10700829023583433,0.009329767850286361,-0.36082375915431025
26.46,0.17102285242691,0.018006577800877683,-0.30604781556438365
26.48,0.26078386371434925,0.0263158543583722,-0.21725359578967549
26.5,0.3558135640287148,0.03396382080300799,-0.09637961385452092
26.52,0.4278243041253428,0.04021074770707361,0.052601650976072355
26.54,0.4680922561352798,0.04408036960448127,0.2221218541507221
26.560000000000002,0.48575666072260515,0.044869470658108264,0.4011146563790258
26.580000000000002,0.4902568264614969,0.04235049074785706,0.5766488517884942
26.6,0.48643531856346567,0.03670060510780676,0.7357310844050278
26.62,0.47634766666882494,0.028391837924036593,0.8666994017476461
26.64,0.46093636609835525,0.018102490765248787,0.9602192798265505
26.66,0.4407660627594163,0.006640119113764048,1.0099528448758228
26.68,0.4162866660590085,-0.005132298470828004,1.0129275592991571
26.7,0.3879243135510215,-0.01636727428815526,0.9696146638861043
26.72,0.3561173005269037,-0.026297483231664687,0.8837351077841392
26.740000000000002,0.3213377113354015,-0.03429014155411792,0.7618260683498175
26.76,0.2841148064229442,-0.03988756312471395,0.6126165776785549
26.78,0.24507015749014774,-0.04283139210936465,0.4462729345785969
26.8,0.2049744616234162,-0.04306922252855123,0.2735821895366495
26.82,0.16483626289573852,-0.040743549108143894,0.10514467231237418
26.84,0.12602794487358848,-0.036164197970551204,-0.049355659983659594
26.86,0.09043770816571067,-0.0297666338421787,-0.1817413267817947
26.88,0.06060781688993851,-0.022059984520830862,-0.28574254503556484
26.900000000000002,0.03980381928581531,-0.013570181900979557,-0.3571787555955593
26.92,0.03200682367624318,-0.004784437828244314,-0.3939133674490174
26.94,0.04192514747288298,0.0038980415115106018,-0.39559772588615144
26.96,0.07503815376130919,0.012206693956622522,-0.36323449714828254
26.98,0.13673514431061462,0.02002315615514494,-0.29860634426736704
27.0,0.2271317936120111,0.027340640338935594,-0.20371127043646547
27.02,0.3296162543630909,0.034048697015179874,-0.08067161943225619
27.04,0.4126979485754557,0.03959260522551565,0.06714710163374106
27.060000000000002,0.46067215110073956,0.043034114213133495,0.23325615279742512
27.080000000000002,0.48169991354147085,0.04360335596106235,0.4075666206087269
27.1,0.48734380751677564,0.04101458320258801,0.577852942077465
27.12,0.48389794690509125,0.03541509041430283,0.7316556016226752
27.14,0.47400468908365695,0.027258193194644502,0.8577547123432592
27.16,0.4588063293486532,0.017203633696651236,0.9471853477974965
27.18,0.43893633050514524,0.006037371514671498,0.9938991849945763
27.2,0.41487667948328844,-0.0054018620866508596,0.9951211241264467
27.22,0.3870811094864196,-0.01629180098251793,0.9514202506674934
27.240000000000002,0.3560244669345279,-0.02588925582087923,0.8665159406915637
27.26,0.32223420756842236,-0.0335824197404113,0.7468529011992997
27.28,0.28632590598473057,-0.038929504172178504,0.6009933394340394
27.3,0.2490559362511807,-0.04168126706737981,0.438886175489572
27.32,0.21140342683152916,-0.04178613618576049,0.27108071715900006
27.34,0.17469225292672208,-0.039377820113702514,0.1079550297197396
27.36,0.1407556465097628,-0.034746514060413264,-0.04097274842901082
27.38,0.11212606214516056,-0.028296138706577312,-0.16758892258789648
27.400000000000002,0.0922071783634443,-0.020491585931783258,-0.2655361331705375
27.42,0.08537515582786342,-0.011801466146048371,-0.3303431916747397
27.44,0.09694374888057468,-0.002642940531024641,-0.35932771054800977
27.46,0.1326605850300995,0.006662262440949751,-0.35129628046262806
27.48,0.19626562400279537,0.01589725774197902,-0.3061249999630624
27.5,0.2824435299768835,0.02486182326425965,-0.22446886961969242
27.52,0.3699152003031148,0.03313053406944345,-0.10813700155713421
27.54,0.43438383269580305,0.03987385812769534,0.03854880508738351
27.560000000000002,0.4705619837176254,0.04412480828598143,0.2075148056857396
27.580000000000002,0.48688397043305487,0.04522127796920026,0.38732014055992253
27.6,0.4912252342713229,0.042953013752957604,0.5647816093135655
27.62,0.48761391133084214,0.03749470105242577,0.7266780821428533
27.64,0.47781309933812427,0.029310602772220903,0.8610955965800363
27.66,0.4626739681256881,0.01907351712421208,0.9584196268540781
27.68,0.4427325655998731,0.0075903635599114255,1.012019618024233
27.7,0.41842712984879343,-0.004271187569742531,1.0186385090172536
27.72,0.390174860249984,-0.015654123522232274,0.978491717119983
27.740000000000002,0.358402720307199,-0.02577776808208255,0.8950905173812722
27.76,0.32356577853791274,-0.03399348221497958,0.7748213045440087
27.78,0.28616661605925076,-0.03982673008555164,0.6263282614467646
27.8,0.24678448184182458,-0.04300290923473317,0.45975956838539445
27.82,0.20612314309680896,-0.04345557578332562,0.2859452560828752
27.84,0.16508722761454286,-0.04131694790571045,0.11557776643749568
27.86,0.12489348099785078,-0.036891778077955524,-0.04153567661434753
27.88,0.0872089490895832,-0.030616902171144163,-0.1770865535967189
27.900000000000002,0.05427950078324385,-0.023010167183757813,-0.2846939940644828
27.92,0.02898745111644522,-0.014614040974722638,-0.36011677019201954
27.94,0.014807875237378592,-0.005940344267946668,-0.40123979927485015
27.96,0.01575327301940274,0.0025783672542785455,-0.4078515139225919
27.98,0.036483843274240695,0.010628929780620928,-0.38124385682798034
28.0,0.08240634319389081,0.018049318363550705,-0.323667807589627
28.02,0.15798898888412516,0.02483657352183062,-0.23769787142551937
28.04,0.2588465305429921,0.031056442444092575,-0.12572211205684172
28.060000000000002,0.36047061383920764,0.03654258488452661,0.009802864630012793
28.080000000000002,0.43224547215529113,0.04060747321090539,0.16473537364229565
28.1,0.4687737999989397,0.042339450876405775,0.33153364302085453
28.12,0.48242677813569834,0.04116607103351863,0.499554022532823
28.14,0.48348783104803145,0.03700726421062649,0.6568650281491022
28.16,0.4767905443966271,0.030160377494723695,0.7920169942790531
28.18,0.4643127697630957,0.021175418595102486,0.8952902145770597
28.2,0.44696849407027206,0.010763091937401676,0.9595134537091273
28.22,0.4253319897597911,-0.00028132608440815075,0.9805515325909077
28.240000000000002,0.39989111092691576,-0.011147772749817049,0.9575023739353523
28.26,0.371139842942973,-0.021075427519867435,0.8926257895337953
28.28,0.3396249345735286,-0.029408151384809178,0.7910321917080062
28.3,0.3059878852915231,-0.03563795329136899,0.6601724224520287
28.32,0.27102136079206396,-0.03943367705334123,0.5091824920837151
28.34,0.23575384288944143,-0.04065309515226979,0.34814633661417543
28.36,0.20157407612354683,-0.03933773111736574,0.18734471279470868
28.38,0.17039953293890706,-0.03569093815287089,0.03655867858885119
28.400000000000002,0.1448742316586291,-0.030041106489703845,-0.09550862471185093
28.42,0.12854933228888318,-0.022793492881803053,-0.20163879248554595
28.44,0.12595438812326926,-0.01437615941702193,-0.2762983012158757
28.46,0.1423477076797004,-0.005188354962877853,-0.31562380602417617
28.48,0.18248691493587302,0.0044333688900328756,-0.31722915456149114
28.5,0.24686193872261789,0.01419683892562886,-0.27996496154766853
28.52,0.32523297457850253,0.023729706234783054,-0.20394857563225705
28.54,0.3968742080679837,0.03238404962949236,-0.09128410393839359
28.560000000000002,0.44653692915351495,0.03923801458919155,0.052720686519129964
28.580000000000002,0.47439869641397087,0.043418544054390884,0.21903863912513416
28.6,0.48724262091136944,0.04439453958145697,0.39577809024542754
28.62,0.49028185683827624,0.04203362676838262,0.5697306608682092
28.64,0.4861752280101458,0.036542834014226006,0.7278621283954353
28.66,0.4761828684307438,0.028395405789381295,0.8585223950432228
28.68,0.4609968974423828,0.01826149152818654,0.9523710544880325
28.7,0.44110888130745407,0.006938620967151616,1.0030265500111566
28.72,0.416950276204733,-0.0047192460065795935,1.0074339773773549
28.740000000000002,0.38894704137401226,-0.015871363799143966,0.9659504009057015
28.76,0.357546143817177,-0.025754239219246453,0.8821613003026942
28.78,0.3232363336290328,-0.033735720717456674,0.7624594032556444
28.8,0.28657425458600605,-0.039355506574123005,0.6154332761514082
28.82,0.24822495180627369,-0.04234950452772768,0.4511255203793665
28.84,0.20902694859359955,-0.04265668106452784,0.2802283020788011
28.86,0.17009240629680789,-0.04040826215742997,0.11328693701931887
28.88,0.1329473254248419,-0.03590035469963966,-0.040019608801842146
28.900000000000002,0.09969940649196556,-0.029552330848124104,-0.17145921881677165
28.92,0.07319440077048563,-0.0218547848395478,-0.2746382731624419
28.94,0.0571118873346197,-0.013312381324108155,-0.3451729280993402
28.96,0.05599524418304004,-0.0043876254458146725,-0.38063167644177104
28.98,0.07523787646487026,0.004549204876545132,-0.3802637420058933
29.0,0.12063956088962632,0.01325724061144372,-0.3445493384640731
29.02,0.19548256288020877,0.021622789405715926,-0.27466393894671426
29.04,0.29166746015014017,0.029536142849346386,-0.17215639457810833
29.060000000000002,0.3829222813074332,0.03659008078476131,-0.03949619684728271
29.080000000000002,0.444560912237451,0.04192167519093042,0.11827098051538572
29.1,0.47593754053799453,0.044599938547396197,0.29231916746938474
29.12,0.48812430589633865,0.04408638516923207,0.4707930098293487
29.14,0.48918463469700396,0.04031390186395484,0.6406489023469728
29.16,0.482834444773191,0.0335809396327027,0.7893454933824066
29.18,0.47063895268510564,0.02444580232470362,0.9060857424641469
29.2,0.45336823248574365,0.013642546702037878,0.9826833170182461
29.22,0.43153382811958324,0.0020052867296366846,1.014112920907924
29.240000000000002,0.4055748727854004,-0.009604645834662426,0.9987639325498818
29.26,0.3759239793926762,-0.020367399602102626,0.9384099365241211
29.28,0.34303676056549354,-0.029565446927903936,0.8379178203985957
29.3,0.3074144933084378,-0.03663267709674475,0.7047357906166091
29.32,0.2696332192470231,-0.041188589532471016,0.5482139383884864
29.34,0.23038942113991673,-0.04305554777090211,0.3788214332724523
29.36,0.19057291871014653,-0.042258277047168565,0.2073301459685672
29.38,0.15137634574625497,-0.03900600475028659,0.04403532785104999
29.400000000000002,0.1144412265035068,-0.03365885345881191,-0.10192003124048246
29.42,0.08201821626278205,-0.026681421244195355,-0.2230595690034145
29.44,0.05709253486417934,-0.018588017987917163,-0.31388379555657214
29.46,0.04343291241408103,-0.009885393960861117,-0.3709541908459063
29.48,0.0455968384137078,-0.0010188359858463952,-0.392753220454912
29.5,0.06894888090619966,0.007674281992177192,-0.37934257315381215
29.52,0.11922073152548297,0.015997715722363828,-0.3318583796483325
29.54,0.1992029505104269,0.02388655590648917,-0.25194112273329067
29.560000000000002,0.29896157688995323,0.031262928613245755,-0.14143345346790276
29.580000000000002,0.39005441906939464,0.03771040698104128,-0.0030511137126152665
29.6,0.4489410111917859,0.04234962304780981,0.15783898568804697
29.62,0.4775724522431659,0.04428490399585713,0.332118770794723
29.64,0.48776892816420653,0.04304827227388244,0.5078675982045027
29.66,0.48736052046721196,0.03864010124882179,0.672260865011357
29.68,0.4798265548434135,0.03141064071631768,0.8132160127063651
29.7,0.4666256679997841,0.02195313583298783,0.9205682295529721
29.72,0.448491757646049,0.011019919278122844,0.9868697728761154
29.740000000000002,0.4259293101650491,-0.0005528680246584322,1.0078743108043868
29.76,0.3993836863735132,-0.011916992727419702,0.9827275162357754
29.78,0.36930301710878516,-0.0222787714790232,0.9138798950531264
29.8,0.3361690002459825,-0.03095698310820734,0.8067492023483143
29.82,0.3005243861162152,-0.03742835009163392,0.6691749409176959
29.84,0.263010786783983,-0.04135768643460052,0.5107208090286606
29.86,0.22442803939484093,-0.04261092390853629,0.34189040320275793
29.88,0.18582648625141576,-0.04125043127550623,0.1733262359227279
29.900000000000002,0.14864013390807193,-0.03751324424607352,0.015062062032672081
29.92,0.11485532065884366,-0.03177406564966813,-0.12410641465730302
29.94,0.08718466363122877,-0.024496302325108986,-0.23707756198481095
29.96,0.06919693291167901,-0.0161759551972645,-0.31868784589995486
29.98,0.06537401317927272,-0.007284296347795321,-0.3657269475367028
30.0,0.08108655337271306,0.0017847539148254685,-0.37673107984926313
30.02,0.12215691255169128,0.010755097944844142,-0.35158647474893556
30.04,0.19225152035923632,0.01947268614185354,-0.2910292593827822
30.060000000000002,0.28484598892461105,0.027800507065648735,-0.19631305142589917
30.080000000000002,0.37581257134844637,0.03534080193934022,-0.06965165488172248
30.1,0.4398077386912009,0.041252376564847267,0.08424753069880433
30.12,0.47375457245147784,0.044580763986543266,0.25690463784861906
30.14,0.48783981042390784,0.04472601540602713,0.4366276421164681
30.16,0.4902949834518589,0.04155772321963817,0.6102779944127443
30.18,0.485068200127971,0.035323418248734015,0.7649893484617644
30.2,0.4738372611958819,0.026544750461008557,0.8894644397255397
30.22,0.4574133230346195,0.01593352400113098,0.9748988603709484
30.240000000000002,0.436319128600595,0.004315994031390065,1.0155890853145921
30.26,0.41099248851209946,-0.00744054265832904,1.0092427989839727
30.28,0.3818575483885061,-0.018497850168766296,0.9570012039830784
30.3,0.34935464237509317,-0.028109834423942787,0.8631935795659551
30.32,0.31396046372102254,-0.035674558909295384,0.7348603752437446
30.34,0.2762119623681133,-0.04077183310816852,0.5810961429760751
30.36,0.23674339163611158,-0.04318410451849412,0.4122749543529494
30.38,0.19634639827719141,-0.04289961682675809,0.23922757939040207
30.400000000000002,0.15606295467363562,-0.04009802911382755,0.07244137637845757
30.42,0.11731452490510684,-0.03511989244957573,-0.0786493423873714
30.44,0.08205164625976638,-0.028422647830870163,-0.20622277447463136
30.46,0.05287858357539593,-0.020527293342201634,-0.30443276820953846
30.48,0.03309816340158288,-0.01196140236849523,-0.36954923814752577
30.5,0.02668423259194705,-0.00320473737796448,-0.3998738959760611
30.52,0.038301643658063406,0.005358120299053403,-0.3954515601474
30.54,0.07338218843222197,0.013476494560993332,-0.35760876161032223
30.560000000000002,0.1372307796171629,0.0210551823297744,-0.28836507592879695
30.580000000000002,0.22956140312429107,0.02810891647401929,-0.18986337605701437
30.6,0.33278739677311364,0.03453592542718464,-0.0643062708464764
30.62,0.4150278536644077,0.0397748029198299,0.08486026972433934
30.64,0.46165749499087727,0.04289089769172676,0.25105069193634655
30.66,0.481639725340815,0.0431403015832091,0.42414135163959554
30.68,0.48655778907323044,0.04026833444350748,0.5919922416583888
30.7,0.48256861494470565,0.03444692349829009,0.7423424141346662
30.72,0.4722382289347346,0.02614580630374872,0.8642526227015009
30.740000000000002,0.45668115120042085,0.016033289359731723,0.9490884135188807
30.76,0.43652422208735875,0.004896458909378855,0.991151165698482
30.78,0.41225184903019707,-0.006431669387361153,0.9880060509080901
30.8,0.38432575984004724,-0.01714043441289577,0.9405274020575708
30.82,0.3532345782600292,-0.026502812727586873,0.8526838014487669
30.84,0.3195275783410579,-0.03392609209113351,0.7310980573255883
30.86,0.28385438584458417,-0.03898867723992718,0.5844312712404754
30.88,0.24702419227882794,-0.04146070160114408,0.42265147805420455
30.900000000000002,0.21009689053075578,-0.041307251499935235,0.25625441242645136
30.92,0.17451629509287236,-0.03867419373248122,0.09550636860555922
30.94,0.14228556635298326,-0.03385782581120373,-0.050223272879507376
30.96,0.11616303135618149,-0.027260943674115943,-0.1729798356900232
30.98,0.09983004214566193,-0.01933951363036757,-0.2665449433714223
31.0,0.09796531286550146,-0.010545741648563148,-0.326535421801411
31.02,0.11608819490979001,-0.0012750081620597929,-0.3502792953709917
31.04,0.15955836413385727,0.008170416533347241,-0.33650669059069555
31.060000000000002,0.229800357842029,0.017566384140357008,-0.28498027127836667
31.080000000000002,0.31639386080549664,0.026630666966400172,-0.19640325103713102
31.1,0.3954441702666166,0.03477591263359955,-0.07314192865939671
31.12,0.4487162270835101,0.04107203367483762,0.07933662754878545
31.14,0.4770697034520443,0.044620189183125644,0.25175151499791043
31.16,0.48910095835704215,0.044900483738112354,0.431921318237926
31.18,0.490976864476538,0.041823382297821385,0.606463374265634
31.2,0.4856552117189171,0.0356491413043466,0.7623671942442166
31.220000000000002,0.4744640829237696,0.026901822557479922,0.8882173754126084
31.240000000000002,0.45810505266238344,0.016293728593667046,0.9750956103649437
31.26,0.4370671317404102,0.004652531235390936,1.0171878500974498
31.28,0.4117763179096737,-0.007151458000266937,1.0121000646323364
31.3,0.38265035092740046,-0.018275480016576844,0.9608869130377065
31.32,0.35012317242670105,-0.027967798677361537,0.867811619822758
31.34,0.3146625588213195,-0.035620240526222424,0.7398725258099016
31.36,0.2767917097828992,-0.040806368537009224,0.5861472415376952
31.38,0.23712317332524033,-0.04330297909861502,0.4170168942229794
31.400000000000002,0.19641443596740427,-0.04309385871458064,0.24333972260258252
31.42,0.15565481769131023,-0.040355978466789746,0.07564503034945905
31.44,0.11618768419226161,-0.03542950468278932,-0.07658461113450654
31.46,0.07985368404364691,-0.02877425454399234,-0.2054829890239176
31.48,0.04911041740462864,-0.020916690124461526,-0.3051751392607551
31.5,0.027069104789724345,-0.012393120155721516,-0.3719305158796942
31.52,0.017444430734726797,-0.0036955147330276997,-0.40409215198084075
31.54,0.024542301869216743,0.004775361550510928,-0.40180274857450865
31.560000000000002,0.05340678629272851,0.012748528032879127,-0.3665600178305351
31.580000000000002,0.10955722061518061,0.020110191761062463,-0.30063687775960685
31.6,0.19551058405988725,0.02688818464915467,-0.20645735902518286
31.62,0.3000540584022699,0.03309047987967909,-0.08628137899924457
31.64,0.3926546348950012,0.038350549522533355,0.05703668913039591
31.66,0.45011081903401434,0.04181598850575928,0.2181286393098649
31.68,0.47652038296033256,0.04264554469834085,0.38802705839948404
31.7,0.4847238191502812,0.040449814251860686,0.55523829579162
31.720000000000002,0.48266599409617644,0.035301328469951945,0.7076741812347987
31.740000000000002,0.47377443551502174,0.027601544728488827,0.8342376214410256
31.76,0.45947746888544083,0.017970366830910533,0.9259054177950055
31.78,0.4405058781088424,0.007162092545098486,0.9764284163527681
31.8,0.41737882991306635,-0.004008225152626184,0.9827198105516951
31.82,0.39057209687218924,-0.014733275445403633,0.9449594587361976
31.84,0.36058379180756867,-0.024275538929559262,0.8664361511169727
31.86,0.3279740724739404,-0.03201956073311898,0.7531600529416798
31.88,0.2934077110130064,-0.03751113424010532,0.6132912352116341
31.900000000000002,0.257715248377116,-0.040480876663334366,0.4564420174663902
31.92,0.22198576386127536,-0.0408507523132061,0.29291882264726876
31.94,0.18770177601194135,-0.03872326372272426,0.13297270898588723
31.96,0.15691716441294745,-0.034354259100207174,-0.013873561848895152
31.98,0.13245711994682444,-0.02811169301111302,-0.1393605552419145
32.0,0.11808740507691196,-0.020424338012471448,-0.23684049973689023
32.02,0.11855887258975656,-0.011726384116998381,-0.30140990494884506
32.04,0.13929489150625485,-0.0024066817498237685,-0.3298261814970168
32.06,0.18492582265746044,0.007220529634193294,-0.32025593151665865
32.08,0.2548513894128355,0.0168834970633376,-0.2720100616866273
32.1,0.33633456401310463,0.02620181787843081,-0.1856320385079584
32.12,0.40704999772146555,0.03448305343443446,-0.06376454648057613
32.14,0.45357359385840645,0.04077829529374323,0.08757840400980227
32.160000000000004,0.478444823223167,0.04425056091266237,0.2586793919801257
32.18,0.48904893423561785,0.044442923723475504,0.43719146119031044
32.2,0.4903641373009626,0.041300323185746404,0.6097615514722277
32.22,0.4848017831386272,0.03509740806395277,0.7635023888731088
32.24,0.4734979077216198,0.02636238250073367,0.8871565450824983
32.26,0.4570947674303147,0.015806108046533495,0.9719681433685893
32.28,0.4360657263636001,0.004251199454480242,1.012272125627123
32.3,0.41083604784867,-0.00743960525714752,1.0057978755532135
32.32,0.3818297492102111,-0.018432719193914152,0.9536896723343099
32.34,0.3494930831467329,-0.02798626051442453,0.860261998550017
32.36,0.31431412326884534,-0.035501661251041726,0.7325252233093795
32.38,0.27684855647741263,-0.04056092144348524,0.5795325985869602
32.4,0.23776050000773705,-0.04294722144129735,0.411610963259966
32.42,0.19788838448316154,-0.04264783630456814,0.2395442484763174
32.44,0.15834576978559128,-0.03983952363496493,0.07378063639086932
32.46,0.12065987629141227,-0.0348577625320213,-0.07626887081217142
32.480000000000004,0.086930770029779,-0.028152509691891165,-0.20278074747860284
32.5,0.059966159337258296,-0.020234637689468985,-0.29987197349108363
32.52,0.04334293300388103,-0.011618696463109516,-0.36372940313652546
32.54,0.04141024707546274,-0.002768050139667796,-0.3925130653550489
32.56,0.0593156868675246,0.005953191345754921,-0.38605252823012504
32.58,0.10281435396134037,0.014317422775498636,-0.3453703876524135
32.6,0.17606428020656004,0.022239909501311612,-0.2721053380143475
32.62,0.2734240806158616,0.02967861313252407,-0.16808518611129092
32.64,0.37000065957660094,0.03633795150099597,-0.03568962315832371
32.660000000000004,0.437663446744391,0.04143363490524132,0.1205418761832285
32.68,0.4726044862645122,0.04402076090888648,0.29241569883900725
32.7,0.4862935713111964,0.0435125598586431,0.46855819419464617
32.72,0.48794502772619197,0.03980814161287945,0.6362378067502386
32.74,0.48188898668478714,0.033186475065682446,0.7831220304906448
32.76,0.4699202203358129,0.024191761890538004,0.8985577305759178
32.78,0.4528854945081922,0.013545175767333856,0.9744491805811814
32.8,0.4313237395445216,0.002068313193074225,1.0058108789805515
32.82,0.4056884878140917,-0.009389235160267122,0.9910232553554034
32.84,0.3764263764301385,-0.020017827181160304,0.9318067809125075
32.86,0.3440125059490689,-0.029107854835355492,0.8329387355148676
32.88,0.308978056645367,-0.03609819964259121,0.7017517069626379
32.9,0.27194582940104467,-0.040609942181246736,0.5474668851187953
32.92,0.2336852461788535,-0.042463272033102795,0.3804256282078545
32.94,0.19519835706519187,-0.041676734412179305,0.21128862895914746
32.96,0.15784619342676864,-0.03844915195807864,0.05027305693775742
32.980000000000004,0.12351395336739694,-0.03312578629573401,-0.09350572939149458
33.0,0.09479056307412907,-0.026151670961480966,-0.21253023094416107
33.02,0.0751152261740661,-0.018016594279310807,-0.30117173812728976
33.04,0.06885233452308955,-0.009197509957323415,-0.35575399830133736
33.06,0.08127849151948895,-0.00010447708195594177,-0.3743915783532587
33.08,0.1182231619055959,0.008962588369640782,-0.35663030657142947
33.1,0.18388517961448864,0.017825619970465598,-0.30296568207743435
33.12,0.27363552525144696,0.02634366231018579,-0.21447594312759471
33.14,0.3656152662610923,0.03415706225962056,-0.09313296530053494
33.160000000000004,0.4332988069520232,0.04046879129293882,0.05678760377768471
33.18,0.47058975689346005,0.044306987679863734,0.22730302250076617
33.2,0.4868295933050634,0.0450076435204463,0.40703807990532415
33.22,0.49069052225401,0.04237570044608861,0.5829033092771871
33.24,0.48652209598741736,0.03660816339593477,0.7418502284324462
33.26,0.4761831985727183,0.02818981027806729,0.8722252293253916
33.28,0.4605501663688181,0.017808046189581414,0.9647452058292127
33.3,0.44016623235653524,0.006276938273924546,1.013154798086815
33.32,0.4154735324012295,-0.005536467207075979,1.0145851469951441
33.34,0.38689387559696625,-0.016783091443963706,0.9696224955446189
33.36,0.3548611072871421,-0.026696453945176647,0.8821042523908635
33.38,0.3198409547363495,-0.03464687194773717,0.7586760797335297
33.4,0.2823527917577036,-0.04018170436493944,0.6081590793595479
33.42,0.2430026487567781,-0.04304917475349115,0.4407882231524777
33.44,0.20253699692177704,-0.043204534656684224,0.2673906070756463
33.46,0.1619272719340388,-0.04079856985147136,0.09857456917849104
33.480000000000004,0.1224904402588457,-0.036149655258432944,-0.056001713161688234
33.5,0.08603436279771608,-0.02970180351171135,-0.18822079494158775
33.52,0.054987483793801896,-0.02197258910403819,-0.29190691985267064
33.54,0.03245418499192661,-0.01349641132928981,-0.363007294373988
33.56,0.022182898736446792,-0.004769446969991204,-0.39954772163547647
33.58,0.028554223759649323,0.00379870983674899,-0.4013802875728075
33.6,0.056699178849154236,0.011925121907228862,-0.3697540855656607
33.62,0.11218480164310916,0.019481767607335772,-0.3067459168118276
33.64,0.1974911767638132,0.02647994306261572,-0.2146451019605559
33.660000000000004,0.30135280724703917,0.03290889582914406,-0.09564775187060119
33.68,0.3933992110097818,0.03838470524517574,0.047381370267729435
33.7,0.45065116423425033,0.04204387138735765,0.20900599102281783
33.72,0.4771292279946978,0.043037831782387355,0.38015575548973124
33.74,0.4855011474364998,0.040969611028013705,0.5492047222850361
33.76,0.4836191033457731,0.035904830573652485,0.7039027234732428
33.78,0.47487610311888184,0.028240656338117735,0.8329677755780676
33.8,0.46068794724504575,0.018596240188045104,0.9271815579837749
33.82,0.44177926563765396,0.0077287773252212415,0.9801041428163115
33.84,0.41866370562588295,-0.0035405000833369643,0.9884762838319558
33.86,0.39180963674296077,-0.014395494132035041,0.9523355961470776
33.88,0.3617040460979132,-0.02408816801547176,0.8748675533460205
33.9,0.328890027439895,-0.0319918197723121,0.7620228793541114
33.92,0.29400614573834766,-0.037641319153665316,0.6219468983721403
33.94,0.25784294398425694,-0.040757728364153506,0.46427848192953414
33.96,0.2214294367436995,-0.041255812593145536,0.2993844279676992
33.980000000000004,0.18616063686039871,-0.03923411538269931,0.13759875829154264
34.0,0.1539689173643852,-0.03494849000235081,-0.011464687865288689
34.02,0.12752202681976912,-0.02877132715856735,-0.139464182732745
34.04,0.11040193049414962,-0.021140306435328084,-0.23969643313425837
34.06,0.10719071386118358,-0.012502250870277417,-0.3072459590111882
34.08,0.12330909043026456,-0.0032597235577365782,-0.3389123307096165
34.1,0.16402256024056705,0.006266425782152085,-0.33294931967994135
34.12,0.2308762691011998,0.015825692327695137,-0.2887352478841855
34.14,0.3143560827444287,0.025113640612663565,-0.20669204377036007
34.160000000000004,0.3920137039344864,0.03354222153594313,-0.08895434202730487
34.18,0.44570158484148464,0.04019344142379434,0.059275108568489644
34.2,0.4751356493576795,0.04416115281165691,0.22899747024250483
34.22,0.48822045192801167,0.0448943209828105,0.40823222180067387
34.24,0.49100579542837525,0.04226439492663917,0.5836522930402112
34.26,0.48648876765743276,0.036494952055717005,0.7421494155585997
34.28,0.4760345189180222,0.028079503807767702,0.8720751916611489
34.300000000000004,0.4603627715723614,0.017707650650490615,0.9641713777564098
34.32,0.4399699276146716,0.006193239622022967,1.0122106860675073
34.34,0.41528478820833936,-0.005597930459847171,1.0133491354380049
34.36,0.3867262657076876,-0.01681852451835811,0.9681917462496528
34.38,0.35472920396909685,-0.02670401544510644,0.8805872309323557
34.4,0.31976270647056115,-0.03462666480843925,0.75718469201402
34.42,0.2823521216875172,-0.04013557081845452,0.6068012414059087
34.44,0.24311318780810273,-0.04298030834284556,0.4396616207953208
34.46,0.20280775268292323,-0.04311691970830964,0.2665783557020784
34.480000000000004,0.16243103494375968,-0.0406962559762058,0.09814344756488522
34.5,0.12333551270990921,-0.036035872851234725,-0.055999806728811156
34.52,0.08737963283051375,-0.029577931948720416,-0.18774354789660078
34.54,0.057060566679923284,-0.021837004120039173,-0.2909119304896548
34.56,0.03557413107820016,-0.013343239051663031,-0.3614375958909794
34.58,0.026793635655146128,-0.004587185575937103,-0.39731209172545257
34.6,0.03527317398804534,0.004028858578713915,-0.3983275240053332
34.62,0.06633735461128609,0.012231089561174933,-0.36564004877580975
34.64,0.1254920230325516,0.01990005138719185,-0.301196267722616
34.660000000000004,0.2139883922173086,0.027041783114256937,-0.207141092765287
34.68,0.31752220721727037,0.033595532985146705,-0.08562557699663116
34.7,0.4047014181134493,0.03908235249770149,0.06022424920554352
34.72,0.4565714814678513,0.04259155089285298,0.22438983821810904
34.74,0.4797893778826131,0.043317483626432625,0.3972220363813526
34.76,0.48650446170391315,0.0409288608615662,0.5667568940146394
34.78,0.4836685390916486,0.035540502846270916,0.7206394504563076
34.800000000000004,0.4742275083367498,0.027583316015745867,0.8476464892838957
34.82,0.4594326695126245,0.017700451614072698,0.938732637979859
34.84,0.4399539746335388,0.006665635972388147,0.9877116537952415
34.86,0.4162867323292779,-0.004690411085046477,0.9916299888316769
34.88,0.3888918311218632,-0.01554908079642623,0.9508549098376304
34.9,0.35825110969255053,-0.025166497399249185,0.8688980763965432
34.92,0.3249016524143775,-0.03292609115464406,0.75200751123043
34.94,0.2894735049414823,-0.038377755549159134,0.6085751104219437
34.96,0.2527448981558417,-0.04126109765167484,0.448418686982497
34.980000000000004,0.21572745837023513,-0.041511406650515656,0.28200531366526577
35.0,0.1797922675887702,-0.03924814602010674,0.11968587854261348
35.02,0.14683924632670814,-0.03474699138982087,-0.028990866840856166
35.04,0.11949221387190068,-0.028397779579984985,-0.1558231975861326
35.06,0.10127508567066697,-0.020652295908465127,-0.2543111912436964
35.08,0.09670663341159734,-0.01196744937564705,-0.31979132942731386
35.1,0.111202289758086,-0.0027509481514888957,-0.34934608967830355
35.12,0.15030216861343168,0.0066791967780697745,-0.3415184927426099
35.14,0.21653778017723607,0.01609210230910262,-0.29593538817562726
35.160000000000004,0.30196291308669493,0.025232134251218345,-0.21313311347080907
35.18,0.3840456943577051,0.03357642122598942,-0.09511970945713237
35.2,0.4419558227603446,0.040233448768187435,0.053230716142353446
35.22,0.47380786079955145,0.04426791073524344,0.22323370467456688
35.24,0.4879644110137021,0.04508808535762763,0.4030680996429751
35.26,0.4912136971468804,0.04253925215901905,0.5794301920855872
35.28,0.4869322362549116,0.036831550372009726,0.7391580595972507
35.300000000000004,0.47662548437328733,0.028451992299927304,0.8705112413717456
35.32,0.4610581215640778,0.018087659560811715,0.9641219801404504
35.34,0.44073946862367314,0.006552710624804382,1.0136492949256626
35.36,0.4161006577236643,-0.005284465396476664,1.0161414671100566
35.38,0.3875586793887749,-0.0165721204424679,0.9721099433282282
35.4,0.3555435738126832,-0.026539998017524394,0.8853303277462632
35.42,0.32051627237545066,-0.034553887761443185,0.7624032180103264
35.44,0.2829889540747479,-0.04015629364463055,0.6121235649063708
35.46,0.2435563439084536,-0.04309071220663803,0.44471950711918273
35.480000000000004,0.20294706134697432,-0.04330825570503421,0.271029191818798
35.5,0.16210483505344964,-0.040956602883592715,0.10168664467420664
35.52,0.12230519394742388,-0.03635246446271687,-0.053614598061687085
35.54,0.08529733044899243,-0.029939981170504122,-0.1867185580432638
35.56,0.0534315365684164,-0.022238895298821254,-0.2914154764178167
35.58,0.02971182269248144,-0.013787931390763395,-0.36363152329443577
35.6,0.017754262957552114,-0.005089801724498883,-0.40139316176832035
35.62,0.021755147385990613,0.003436976098208067,-0.4045839582791716
35.64,0.04661901342696313,0.011497934260578976,-0.3745254159592324
35.660000000000004,0.09787863718936646,0.018952755161513804,-0.3134159496108228
35.68,0.1790931635720835,0.025811889137828375,-0.2237001324967006
35.7,0.2822951207302738,0.03210902556208548,-0.10765613015149975
35.72,0.3792517413100745,0.03756519225504532,0.032078466709747205
35.74,0.4429572628030199,0.04138819169915851,0.19069219132068047
35.76,0.4736327084679059,0.042692356095212325,0.35980403195467664
35.78,0.48416410647640573,0.041003143479646925,0.5282178185604922
35.800000000000004,0.48349425828649883,0.03632486065432752,0.6838283732935769
35.82,0.4756102577194733,0.029012717513075617,0.8152946322840817
35.84,0.46215349276414885,0.019656336941955118,0.9131979717792491
35.86,0.4439241767988238,0.00899261575667611,0.9707990055637186
35.88,0.421460758129735,-0.00216900218144304,0.984474921796455
35.9,0.3952406907018849,-0.013015836559993017,0.9538694175262683
35.92,0.3657559334900587,-0.022795267587574025,0.8817765750106761
35.94,0.3335544590176674,-0.03086884099392667,0.7737887548590001
35.96,0.29928125982238346,-0.03675379372176261,0.6377521854111037
35.980000000000004,0.26373568599950753,-0.04014932373322656,0.48308623239695264
36.0,0.22795838136163282,-0.040945973150467004,0.320031008240937
36.02,0.1933590376674109,-0.0392176485780947,0.15889221338015827
36.04,0.16188814736267793,-0.035197016556335545,0.009351604927324675
36.06,0.13623610543294962,-0.02923636613656006,-0.12009410248778324
36.08,0.12001222804973083,-0.021757646906204218,-0.22251460052317185
36.1,0.11781763204321362,-0.013197290143536353,-0.2927148511390793
36.12,0.13501620221688446,-0.003953988220592846,-0.3271857798686043
36.14,0.1765404709395223,0.005645675319613848,-0.32387460976602644
36.160000000000004,0.24304075729978258,0.015328552254580664,-0.28190673279088413
36.18,0.3239642829243191,0.02474427458543911,-0.20158847280979258
36.2,0.3975426761101591,0.03325471036066909,-0.08514405643324438
36.22,0.4479001250786668,0.039930790624892375,0.062000612112118346
36.24,0.4756298756638813,0.04389408252294268,0.23066768499766976
36.26,0.4880587123785634,0.04462222111407555,0.4088210877230948
36.28,0.49063309642252256,0.042000917173960574,0.5831643576702317
36.300000000000004,0.4860683330095746,0.036257746889430016,0.7406541993826802
36.32,0.47563060889913567,0.027885225488394807,0.8697119183367609
36.34,0.4600094405956339,0.01756960223200605,0.961139722013984
36.36,0.43969352513037385,0.006120207020043466,1.008754761092032
36.38,0.4151116275659505,-0.005602169298524161,1.0097382547998142
36.4,0.38668633330948887,-0.016755176100084954,0.9647002806449482
36.42,0.3548595029291693,-0.02657879872553964,0.8774754734724277
36.44,0.32011177143090186,-0.03444894272454717,0.7546824221746926
36.46,0.28298691973782464,-0.03991714007819908,0.6050954648165175
36.480000000000004,0.2441298907284477,-0.042733899996055126,0.43888974429786803
36.5,0.20434830454871625,-0.04285444950141545,0.2668278701000451
36.52,0.16470767313348783,-0.040426840517757155,0.09945907849215978
36.54,0.12666493955570635,-0.03576360616487984,-0.05360053725240037
36.56,0.09222728928094377,-0.02929941453170829,-0.18424537126282706
36.58,0.06409526013619544,-0.02153863413945809,-0.2862665166727481
36.6,0.04573841372103919,-0.012998249812475032,-0.35551691944208486
36.62,0.041404009121297526,-0.004152237651913173,-0.38984916480615645
36.64,0.0561374275709199,0.004617815936386095,-0.3888420549820545
36.660000000000004,0.09566719814679187,0.013062122709410762,-0.35334782928176306
36.68,0.16467736793199722,0.021076133243742922,-0.28492296823278296
36.7,0.259601999693563,0.02862210049844016,-0.18535445784336796
36.72,0.35811574607829594,0.03545800039795257,-0.056867722298426245
36.74,0.4305246059640066,0.04085961029952782,0.09640975685458336
36.76,0.4693691377090178,0.0438673659175889,0.2668007629952713
36.78,0.4853349695779903,0.04382711997490862,0.44326153440185256
36.800000000000004,0.48833556696385205,0.04057420016108935,0.6131165627383101
36.82,0.4832324866980862,0.03434147855441158,0.7638698093781929
36.84,0.47204409324276303,0.025641461437881718,0.8845503388870899
36.86,0.4556939437416786,0.015175332742963782,0.9666417587504298
36.88,0.43474421251907813,0.0037555024449804943,1.0046797169542223
36.9,0.40965317141108915,-0.007767343818856925,0.9965498197235967
36.92,0.38086488164449306,-0.01857306870578444,0.9435012796541523
36.94,0.34884738874187526,-0.027933606338898402,0.8498985957576823
36.96,0.3141199573630223,-0.03526337145315742,0.722748148860626
36.980000000000004,0.277286325932385,-0.040155305112311995,0.5710509597661814
37.0,0.23908559510335525,-0.04240033684146239,0.4050438852017638
37.02,0.2004722338314495,-0.041989226636395295,0.23539806123715712
37.04,0.16273524668779382,-0.03909695412540559,0.07244513996252265
37.06,0.1276574284230133,-0.03405103840654171,-0.0745012198668908
37.08,0.09769429657259322,-0.02728650792146242,-0.19766928980987916
37.1,0.07612753195847849,-0.019291769815271198,-0.29115320832875585
37.12,0.06715049738148829,-0.010551013317234736,-0.35101143254466716
37.14,0.0758758340464067,-0.0014892208729726719,-0.37513804089357083
37.160000000000004,0.1081045071068182,0.0075736928562647144,-0.3629296494746775
37.18,0.16870495233015614,0.016443451973271135,-0.3148099803378315
37.2,0.2554987984615625,0.024991790894346673,-0.23180419893623078
37.22,0.34972000784338086,0.032929098570402965,-0.11566848345088251
37.24,0.4233126063897563,0.03953896673732606,0.029872895105665515
37.26,0.4657065174553801,0.043842152234379664,0.19755478742931026
37.28,0.4849725755087347,0.04509562787293761,0.3765214721592824
37.300000000000004,0.4905941462198841,0.043023681593857735,0.553867517472898
37.32,0.4876367621753353,0.03776292498772739,0.7164457668218943
37.34,0.47827818289990454,0.02975491828069976,0.8522983563026088
37.36,0.46350839787897075,0.019657559996026044,0.9516931267590725
37.38,0.4439072810841336,0.008268089945852137,1.0078331262136722
37.4,0.41992739203382334,-0.0035509050601432715,1.0172654535237495
37.42,0.39199179442252613,-0.014943088192581545,0.9799982294979628
37.44,0.3605316411522808,-0.025124329237551663,0.8993411162531486
37.46,0.32600714001528497,-0.03343890453765548,0.7815001776263628
37.480000000000004,0.2889286044446499,-0.03940227664645243,0.6349737061824368
37.5,0.24988734915769678,-0.04272779229315708,0.46980840340957364
37.52,0.209605868591543,-0.04333584684847563,0.2967835597996751
37.54,0.1690174241547595,-0.04134530733549053,0.12659419433674624
37.56,0.12938175920761055,-0.03704819399813094,-0.030897482877031618
37.58,0.09242942064349337,-0.03086984471622675,-0.16727934128639166
37.6,0.06049939597720306,-0.023318184370243702,-0.2760239999214611
37.62,0.03661205174584693,-0.014927306211139538,-0.3527072115512744
37.64,0.024451684985374356,-0.00620166176341007,-0.3949996713067279
37.660000000000004,0.028345123358973278,0.0024337526948485953,-0.4024462377925171
37.68,0.053361089591482114,0.010675027025808453,-0.3760620538013855
37.7,0.10511235803471394,0.018370047772692518,-0.31778143673916165
37.72,0.18683941960159894,0.02551185399257252,-0.2298411154779936
37.74,0.2895557862584828,0.032101317185338527,-0.114407957847205
37.76,0.3844584895902423,0.0378088236967071,0.025820490243512517
37.78,0.44593701846577005,0.041806055859005556,0.18578453934648725
37.800000000000004,0.47536718355865937,0.04320862295490726,0.35678740010717086
37.82,0.4854140002369304,0.04155666920091909,0.5273590646343411
37.84,0.4845740550858286,0.036865074673629844,0.6851726614456021
37.86,0.47660442670810277,0.029496386563633657,0.8186999298518608
37.88,0.4630594689880403,0.020047631582796314,0.9183637745504213
37.9,0.4447082324495295,0.00926442600385229,0.9772984570659156
37.92,0.4220753757937105,-0.0020338528350116692,0.9917922790716954
37.94,0.3956277936595275,-0.013024036444807412,0.9614411587217468
37.96,0.36584440297345033,-0.022943303006372085,0.8890330692838369
37.980000000000004,0.3332540456804325,-0.031144138527535937,0.7801930637450297
38.0,0.29847262246318956,-0.03713665292535898,0.6428326836220895
38.02,0.2622552545763169,-0.040615533503552084,0.4864600909833456
38.04,0.22557631371404951,-0.041469988399884354,0.3214160495185833
38.06,0.18974888061306017,-0.03977619913522446,0.15810515115449386
38.08,0.1565885036820805,-0.03577300695031181,0.00629121496127813
38.1,0.12860823068601973,-0.0298228726786597,-0.12547968573043
38.12,0.10920441994906263,-0.02236168682548623,-0.2302762634740037
38.14,0.10276802764486904,-0.013842704045837291,-0.30296450710145617
38.160000000000004,0.11460601135814767,-0.004681651495791516,-0.3401655393917711
38.18,0.1502430623670982,0.004785929185637813,-0.3400132501573623
38.2,0.2126155400407228,0.01430835906860307,-0.3018053654971753
38.22,0.2951836501209091,0.023621723389887758,-0.2258142715758466
38.24,0.37708562896615294,0.0322235878691027,-0.11376112645978909
38.26,0.4369351700099656,0.03924856986128614,0.029876217604116795
38.28,0.4709486397742029,0.043748706813015355,0.19684516127281304
38.300000000000004,0.48673080989640255,0.045085573556589514,0.37562812348815466
38.32,0.4911807188959078,0.04305187676270546,0.5530191340231054
38.34,0.48787544304858155,0.03781192327142732,0.7157554853057438
38.36,0.47842725615908344,0.029816066646944854,0.8518306651317189
38.38,0.4636437972021543,0.019724620268796615,0.9514837757306793
38.4,0.44404964138048786,0.008335536199189489,1.007894554978294
38.42,0.4200805861888451,-0.0034881180502312594,1.0175889364755197
38.44,0.392154240522954,-0.014889353502861611,0.980556085931516
38.46,0.3606995163509746,-0.025083152058612397,0.9000897946116608
38.480000000000004,0.326175100947852,-0.033412714690780776,0.7823842073099967
38.5,0.28908957904096994,-0.039392330843655114,0.6359302280355237
38.52,0.25003176078736083,-0.04273418213516039,0.4707718826457252
38.54,0.20972026396841897,-0.043357616977282416,0.29769024681227385
38.56,0.16908234704758682,-0.04138068148347149,0.1273858954816613
38.58,0.1293687378369925,-0.037094901519656706,-0.03027074303426952
38.6,0.09229712652308193,-0.030925533781592705,-0.16685814318106887
38.62,0.0601892577707558,-0.02338089853097923,-0.2758401412498843
38.64,0.03604334974012195,-0.01499599309436725,-0.35278630057276605
38.660000000000004,0.02351484438596971,-0.006276692550168399,-0.3953657785793273
38.68,0.02689105672186169,0.0023500364276760935,-0.40312866823553284
38.7,0.051192213009092026,0.01057773324451949,-0.3771043957883935
38.72,0.10202094071218872,0.01825153459313371,-0.31925247968622616
38.74,0.18283777058281184,0.025364048130916313,-0.23184273806033898
38.76,0.2853588062278052,0.031925223065220436,-0.11706088666134702
38.78,0.38129346966206584,0.03762800692316607,0.022441788777956433
38.800000000000004,0.444197533921538,0.04166053941272117,0.18173977530498953
38.82,0.47457454810682453,0.04313110859486558,0.35228853737740473
38.84,0.48511031725325654,0.04156279406087623,0.5227148134690395
38.86,0.4845425868671105,0.03695674678423515,0.68072514511705
38.88,0.4767637078654857,0.029666116145629976,0.8147789507953095
38.9,0.4633798565105039,0.02028133223565179,0.9152552241162362
38.92,0.4451774726639039,0.0095434779843948,0.9752221734087727
38.94,0.4226868942474637,-0.0017307122989479676,0.9908877112745845
38.96,0.3963770546986044,-0.012718856997482606,0.9617605203913233
38.980000000000004,0.36672793610484977,-0.022657146749047476,0.8905417829823263
39.0,0.3342693915196921,-0.03089548859671705,0.7827769727674544
39.02,0.29961865601319265,-0.03694010637556889,0.6463110918571882
39.04,0.2635327108077138,-0.04048085842118667,0.4906033246879474
39.06,0.22698844664667217,-0.04140159475299945,0.3259659741213381
39.08,0.19130223752648207,-0.0397730390080234,0.16279694534700195
39.1,0.15829390008717828,-0.035828885271238835,0.010874710829346892
39.12,0.13048220275931977,-0.02992711542947521,-0.12122064366433044
39.14,0.11127136085446646,-0.02250008324361628,-0.2265077116903326
39.160000000000004,0.10506133963147592,-0.013998631909940249,-0.2997904169236074
39.18,0.11715907066710234,-0.004837377602687728,-0.3376206918211731
39.2,0.15304275358416175,0.004647458219437165,-0.33806209499303
39.22,0.21548008024841145,0.014200278398960105,-0.30035051499460474
39.24,0.29764816317692927,0.02354783170498087,-0.22472247211476964
39.26,0.37867104730846474,0.03217483513958578,-0.11290980360340162
39.28,0.43766175612502994,0.039209626816950394,0.030556969391622862
39.300000000000004,0.47118253093495954,0.04370889137379677,0.19737061429518904
39.32,0.48675921751526163,0.04504157481334782,0.37598610231006707
39.34,0.49113490636286344,0.043004831214253754,0.5531942317098779
39.36,0.48780389538078084,0.03776475215812247,0.7157410506850305
39.38,0.47834774252940865,0.029772123055678636,0.8516328909235854
39.4,0.4635643415515317,0.01968705198405491,0.9511220038145142
39.42,0.4439755121525053,0.008306946371041865,1.0073997139831856
39.44,0.4200165638071031,-0.0035058690914672244,1.0170009308762193
39.46,0.392105511947442,-0.014895250506795353,0.9799205910441415
39.480000000000004,0.3606722827349461,-0.025077042630135653,0.8994548133832478
39.5,0.3261772940822814,-0.03339524706005569,0.7817967174021025
39.52,0.28913192298294704,-0.03936481640215542,0.6354332301040377
39.54,0.2501294298931132,-0.04269838849973621,0.4704021393810818
39.56,0.20989545929553216,-0.04331549688355121,0.2974769795530081
39.58,0.16936816731824975,-0.0413340406336375,0.12735068791811635
39.6,0.12981466603510655,-0.03704500606773648,-0.03011259181207973
39.62,0.09297622490465367,-0.030872658545223815,-0.16649457605576962
39.64,0.061206976555761385,-0.023323822093376325,-0.27525738398635424
39.660000000000004,0.03754850048238739,-0.0149314474609452,-0.351961791481946
39.68,0.025715431126579105,-0.006198748481987406,-0.394258783727657
39.7,0.030078144780500613,0.002450727708441165,-0.4016681849363327
39.72,0.05575802396908283,0.010714854402401235,-0.37517365424908267
39.74,0.10837624566689348,0.018443277842966437,-0.3166706106839268
39.76,0.19093889065314326,0.0256281552054582,-0.22835355313145236
39.78,0.2937512687498857,0.03225963946923305,-0.11236736551176729
39.800000000000004,0.3875597609679305,0.03798451471894989,0.028541419146704036
39.82,0.4476294870412861,0.041958391112737706,0.1891750472864687
39.84,0.4761544700226633,0.04330437532502604,0.3606823926195317
39.86,0.4857445706202265,0.04157888928312871,0.5314932151450724
39.88,0.48465447476688717,0.03680962104236436,0.6892400749767104
39.9,0.47651009069838424,0.02936787691435612,0.8223967124027699
39.92,0.4628160240732888,0.01985695918875145,0.9214177113104114
39.94,0.4443245831360304,0.00902698533035495,0.9794904584751266
39.96,0.4215547568490166,-0.002299800053715236,0.992971112597691
39.980000000000004,0.39497107473643794,-0.013299001276371743,0.9615316397008616
40.0,0.36505076989904534,-0.023208179427354356,0.8880377255565396
40.02,0.3323206777847741,-0.03138169265267201,0.7781875689078736
40.04,0.2973938105849541,-0.03733279708329591,0.6399557343773793
40.06,0.2610210256266161,-0.040760308499613075,0.48289875038641994
40.08,0.22417050400386293,-0.0415582042469808,0.31738783267559806
40.1,0.18814656157174128,-0.03980771523445525,0.15383826798547232
40.12,0.15475264398835045,-0.03575266365405141,0.002004398444421112
40.14,0.12648546909103164,-0.029760114863031168,-0.1295964437025156
40.160000000000004,0.10672016091398469,-0.022269942076294683,-0.23407895686884678
40.18,0.09982358918426347,-0.013738571462535772,-0.30636948439886286
40.2,0.11109121131896892,-0.004583833218177368,-0.34316018330124465
40.22,0.14610774710970478,0.004858510979229541,-0.3426610899092669
40.24,0.20807752268029525,0.014340958741022612,-0.30423942621497274
40.26,0.2909849835234643,0.023612622757847278,-0.22820407046855257
40.28,0.3741502849255188,0.0321918706821821,-0.1162421423905034
40.300000000000004,0.4354274192344478,0.03922554466293888,0.02727547160830933
40.32,0.47035099329472274,0.0437586187811355,0.1942125472240586
40.34,0.4865690578610524,0.04513839012567397,0.373119735260024
40.36,0.49122201609619986,0.043146964835335234,0.5508080052206401
40.38,0.488028738074384,0.037942488768568094,0.7139986301382045
40.4,0.4786570666399969,0.029971826613289825,0.8506502800767579
40.42,0.46393307603877065,0.019893443282716347,0.9509567705793236
40.44,0.44438686538907174,0.008504689602276579,1.0080477294307895
40.46,0.42045547311026843,-0.003330893599020451,1.0183987713471623
40.480000000000004,0.39255612489240993,-0.014754917183347155,0.9819525437759551
40.5,0.3611163903616265,-0.02498021870694146,0.9019634770146244
40.52,0.32659260360709835,-0.0333473357745689,0.7845960516375716
40.54,0.2894895420848573,-0.03936763319817516,0.6383227732836417
40.56,0.25038992817005784,-0.04275038254955585,0.47318103221460645
40.58,0.21000271010318303,-0.0434123166453169,0.29995641242527155
40.6,0.16924005890141397,-0.041469432419195436,0.1293634149414975
40.62,0.1293299711182233,-0.0372120258751906,-0.028706968012663744
40.64,0.09195765208267156,-0.031065161704059412,-0.16580973838140572
40.660000000000004,0.05940120967926014,-0.023538166626166826,-0.27538684779369194
40.68,0.03460277016776017,-0.015168325126057532,-0.3529925476151121
40.7,0.02114466040017318,-0.006465108516411029,-0.39629244068179525
40.72,0.02321347679660074,0.002139536446945816,-0.4048501737522059
40.74,0.045702002383921206,0.010332663588256174,-0.37973165202329595
40.76,0.09416646203478356,0.01795221246754697,-0.32296094208147175
40.78,0.17256788213539,0.02498877027695999,-0.23689448918757836
40.800000000000004,0.27437269168450373,0.0314733947679251,-0.12377439904570348
40.82,0.37279945035974366,0.03715622149346793,0.013851202972143914
40.84,0.4394419642873151,0.041271906368947585,0.17139295284824313
40.86,0.4723836632379693,0.042913560769331796,0.34070729048994197
40.88,0.48425055754921587,0.04156015306435484,0.5106854910908936
40.9,0.48441429582696277,0.037176313051795175,0.66913197681397
40.92,0.4771398576595181,0.03009016387915348,0.8044822077761842
40.94,0.46417839700132385,0.020874590250519194,0.9070071770177065
40.96,0.4463652892551312,0.010258537028743988,0.9696080660014527
40.980000000000004,0.42424685984616217,-0.0009484993157232093,0.9882870591055377
41.0,0.3982977279020285,-0.011926563902870302,0.96232781164634
41.02,0.3690007582993132,-0.02190965493017385,0.8942061136589926
41.04,0.3368884507290822,-0.030241318134858322,0.7892593505093991
41.06,0.30258147794485196,-0.03641796280802326,0.6551570659153362
41.08,0.26684157168990247,-0.04011710813035245,0.5012276306363254
41.1,0.23065199339972475,-0.041208804783875175,0.33770517924789645
41.12,0.19533731642854799,-0.03974963036552136,0.1749657093678757
41.14,0.16272772133633598,-0.0359598600701659,0.02282125779526771
41.160000000000004,0.13535537854846036,-0.030185731119706252,-0.11006391251933122
41.18,0.11664202003710063,-0.02285027078941495,-0.21658186686344236
41.2,0.11100542076897192,-0.014397940867560416,-0.2913784345214504
41.22,0.12374226711733986,-0.005240454100456947,-0.3308286445395897
41.24,0.160195077104263,0.004284025692483716,-0.3328164790516301
41.26,0.22268859666847268,0.013909386166496965,-0.29642141376225045
41.28,0.30371806546609964,0.023338285478180128,-0.22179175956968591
41.300000000000004,0.3824718098276786,0.032023974616699744,-0.1106881941893809
41.32,0.439338209843082,0.03908121852687956,0.03223108157671396
41.34,0.47167113907433955,0.04357949854930331,0.19853357579473435
41.36,0.48676372392314493,0.044905879211078775,0.37661840737911473
41.38,0.49097250008316157,0.04286788039281813,0.5532786548845721
41.4,0.4875917905882208,0.03763530322237651,0.7152895640277286
41.42,0.4781297815483238,0.029659289437885386,0.8506939384448615
41.44,0.46336131399104336,0.019598736774989394,0.9497784193678713
41.46,0.44380186169843017,0.008249046422119547,1.0057621197986704
41.480000000000004,0.419885874682693,-0.0035298675692494452,1.0151988006410275
41.5,0.3920328058985915,-0.014884399671643126,0.9780922677450493
41.52,0.36067574339523806,-0.02503282110402015,0.8977375035693976
41.54,0.3262804146540553,-0.033321230490844386,0.7803173753587648
41.56,0.28936673028616516,-0.03926615336991408,0.6343011570686486
41.58,0.25054152012755776,-0.042581105378521694,0.4697040287364818
41.6,0.21055180039401042,-0.043185650906888716,0.2972750512257918
41.62,0.17036878412318765,-0.041196730777235534,0.12768449616973887
41.64,0.13130916837042025,-0.03690324104822655,-0.029220109734339902
41.660000000000004,0.09518551004345899,-0.030726079279447108,-0.16502623185716564
41.68,0.06445001134760925,-0.023167286779561935,-0.27318548046689156
41.7,0.042276106772026256,-0.014753485957406205,-0.3492259476587346
41.72,0.0325586884852856,-0.005979812922147254,-0.3907372197811141
41.74,0.039916502313640995,0.0027404296144020093,-0.39714125233297515
41.76,0.06974717560344369,0.011117761136933711,-0.36927791961030537
41.78,0.1275987233103201,0.019013578426478304,-0.30884750685045076
41.800000000000004,0.21478926517242272,0.026412650671642345,-0.21783016818993034
41.82,0.3173291871313187,0.03323512460874159,-0.09829514199620654
41.84,0.4042543497861748,0.03899127923400848,0.046652495260767625
41.86,0.4564539867477543,0.042763456436171465,0.2109836037713684
41.88,0.4801396647822512,0.04373276828733391,0.3849995804690088
41.9,0.48727486444474927,0.041550634150940687,0.5566236286365183
41.92,0.4847902509262899,0.03631672901228706,0.7133215759785859
41.94,0.4756389310972002,0.02845165051697311,0.8436396596127897
41.96,0.4610761276927909,0.01859374637837684,0.9382716630412051
41.980000000000004,0.4417711365336063,0.0075174211839512655,0.9907623294801817
42.0,0.4182151623240592,-0.0039408772323330015,0.997902115484355
42.02,0.39086147641307406,-0.014952549884912033,0.959834045212881
42.04,0.36017962732240555,-0.02476055392085242,0.8798922537431954
42.06,0.3266874574765771,-0.03273327921437048,0.7642041158560462
42.08,0.29098506495523213,-0.038405139242586574,0.6211024108624617
42.1,0.2538042783876107,-0.0415013007311602,0.4604061682477431
42.12,0.21608572916014607,-0.04194510323243855,0.29263692918894096
42.14,0.1790946998611021,-0.03984790840400704,0.12824058269545965
42.160000000000004,0.14458005441084149,-0.035482326606163773,-0.023116426518816117
42.18,0.11496222327487708,-0.029241075522383843,-0.1531140705567731
42.2,0.09351023348531998,-0.02158523485145967,-0.2551584134247146
42.22,0.0844552160027392,-0.01298720792555663,-0.32454172646331375
42.24,0.09298465104497582,-0.003874811736388746,-0.35837442296159544
42.26,0.12486577085188563,0.005415211254873256,-0.35530860702825645
42.28,0.18446900221216245,0.014654576427692405,-0.31512305287801906
42.300000000000004,0.2684670052622494,0.023655430429839554,-0.23838234507475545
42.32,0.35777162880613805,0.03204709109157494,-0.1266710945327675
42.34,0.42670668776895976,0.039056798703312766,0.01616281376830581
42.36,0.4667277928561425,0.04370637815905293,0.1826229911459558
42.38,0.485387291977744,0.04527080583115877,0.36167892109464783
42.4,0.4911382698958589,0.04347577240268748,0.5402923183913206
42.42,0.48852326027284626,0.03844671830103526,0.7051597268975077
42.44,0.479538641623764,0.03061182362203717,0.8441152226475572
42.46,0.4651202201502577,0.020618837832865,0.9471704352185101
42.480000000000004,0.44583172545360156,0.009260124630052904,1.0072418011342719
42.5,0.42211925520726734,-0.0026008434181412163,1.0205818208654958
42.52,0.3944007129509303,-0.014101379932816075,0.9869186812730147
42.54,0.36310051747680083,-0.024446341231547427,0.9093171700440585
42.56,0.3286687268281928,-0.03296548382273625,0.7937899765113866
42.58,0.2915997588369379,-0.03915764709940286,0.6487048021130166
42.6,0.25245966216910287,-0.042718995573131135,0.48404589581554247
42.62,0.2119307324718581,-0.04355377321305589,0.31059729119446644
42.64,0.17088327535356124,-0.041767278099887166,0.1391186937091701
42.660000000000004,0.13048191993910652,-0.037641979048873904,-0.020416309375708472
42.68,0.09232144587915915,-0.03159890341246449,-0.1594561268764856
42.7,0.0585601373420362,-0.024147784093017884,-0.27132869343687965
42.72,0.03199100803533597,-0.015831043553947547,-0.3514853009230565
42.74,0.016010569722895784,-0.0071679765947009885,-0.3975185625296096
42.76,0.01455435047934572,0.001395028089706572,-0.4089676431710492
42.78,0.03217763333982,0.00952577552236843,-0.3869412933418137
42.800000000000004,0.0742067198503408,0.017039428569149914,-0.3335917443179648
42.82,0.1455235735525374,0.023912379371157325,-0.2514854395577886
42.84,0.24378550110064645,0.03021348078024737,-0.1430483379830811
42.86,0.3474224634212888,0.035833451683111445,-0.010659579784151364
42.88,0.4244489943923001,0.040156808008789735,0.14190682937517216
42.9,0.4653227752965224,0.04226497295556976,0.30762571649016657
42.92,0.4814351588412464,0.04151739843110074,0.47619527786628324
42.94,0.4838811219457281,0.03776932715922632,0.6357466718391358
42.96,0.47811906719243163,0.03127326285457352,0.7746742056830481
42.980000000000004,0.4663884441193608,0.022549716745368775,0.8829552230584892
43.0,0.44969227784812077,0.01229155008705421,0.9530215923761267
43.02,0.42863117636220344,0.001286472507277355,0.9802906873913263
43.04,0.4036976175633685,-0.009653469511937508,0.9634020686980687
43.06,0.37538141422457727,-0.019756871856591834,0.9041827125754255
43.08,0.34421940867342066,-0.028349837267311086,0.8073674361402695
43.1,0.3108367106067558,-0.034901324927381405,0.6801137955015308
43.12,0.27600017775152613,-0.03905406176146828,0.5313636311319818
43.14,0.24069828765718224,-0.04063904926520452,0.37111330357830397
43.160000000000004,0.2062594192595506,-0.03967282290609142,0.20966031055142598
43.18,0.17451438722864737,-0.03633781581076916,0.05689498336573296
43.2,0.1479920811519316,-0.030947495493618953,-0.07829801872456497
43.22,0.1301068257255597,-0.023899516842873076,-0.18847341409652074
43.24,0.12525350451768882,-0.015622067913908156,-0.2678559086941624
43.26,0.1386273114334927,-0.006521217630108661,-0.3123549677050532
43.28,0.17520718617689862,0.0030569644685090815,-0.3193920745715314
43.300000000000004,0.23645847785830706,0.012818706296498672,-0.2876527948848711
43.32,0.31398539168425466,0.022415260193121858,-0.21705075508181304
43.34,0.38786079016135083,0.03124605587830518,-0.1093360331607186
43.36,0.44095239771039896,0.038413549775707725,0.030700199580669343
43.38,0.47152042538864136,0.043014695736882276,0.19453489842242402
43.4,0.4861088903887321,0.044461588320418535,0.37059358858447733
43.42,0.49032918324057717,0.04256786703939129,0.5457578769854989
43.44,0.48713780786360794,0.037497006290783653,0.7068880919574224
43.46,0.47792949406986107,0.029688806300569706,0.8420749543456345
43.480000000000004,0.46344666035730425,0.01978972346020179,0.9416045823067617
43.5,0.4441975743367167,0.008583563400844738,0.9986470198194801
43.52,0.42061777447794435,-0.0030793729078932484,1.009664240015953
43.54,0.3931320477090039,-0.01435236767765482,0.9745350616954414
43.56,0.3621830959084033,-0.024457394859562883,0.8964081894754403
43.58,0.32825232442352886,-0.03274086348184613,0.7813121569989705
43.6,0.29188463999677244,-0.038716234877553574,0.6375674515129869
43.62,0.2537263176859498,-0.042090783072608995,0.4750591671289387
43.64,0.21458590324177604,-0.042774962670546264,0.3044370947858
43.660000000000004,0.17552883167754355,-0.040874074131231966,0.13631384445749775
43.68,0.13801211148727102,-0.03666312387622248,-0.019469582170275286
43.7,0.10404997271200438,-0.030547031474577865,-0.15444741104066964
43.72,0.07637501290279157,-0.023009773210233397,-0.26194995778705316
43.74,0.05854446068887501,-0.01455758860263473,-0.3373072560908459
43.76,0.05497705039849742,-0.005662272417416978,-0.3778236844138332
43.78,0.0709503286435037,0.0032900546072191458,-0.3825351295848427
43.800000000000004,0.11228801869077162,0.012038766550821818,-0.3517811120833644
43.82,0.18301822576842006,0.020455582193788742,-0.28667024609785174
43.84,0.27739871122691145,0.028445635992032155,-0.1886945707869859
43.86,0.3713133444203361,0.03566442026629747,-0.06010886891134433
43.88,0.43780316116408935,0.041302677090399864,0.09452107540422237
43.9,0.4728741117832777,0.04440378439692128,0.26691129279591186
43.92,0.48718873741392105,0.04435989428814939,0.4455356955246978
43.94,0.48953605174013515,0.041041736223029916,0.6174078538616173
43.96,0.48411873721482207,0.03470260985127991,0.7698296171576604
43.980000000000004,0.472701045999459,0.02586916922457263,0.8916947125154069
44.0,0.4561211245425,0.015255060884594714,0.9744038395898076
44.02,0.43491147984182327,0.003684589163821401,1.0124584024392609
44.04,0.4095161190885991,-0.007980507224456689,1.0037558497761319
44.06,0.38036643298109585,-0.0189105455288159,0.94959867167754
44.08,0.3479134503889563,-0.028370108552321444,0.8544386524621087
44.1,0.31265051626580476,-0.035769028095169755,0.7253934938033474
44.12,0.2751408698811549,-0.040698855505699266,0.5715875994198845
44.14,0.23606035608045067,-0.04295261061022819,0.40337988422419946
44.160000000000004,0.1962658285080476,-0.042526816065326704,0.2315478911390185
44.18,0.1568991216724201,-0.039606044298946395,0.06649902118519575
44.2,0.11952868887242898,-0.034531410583965236,-0.08242363285353344
44.22,0.0863104027312006,-0.027755744807455893,-0.20748163309104783
44.24,0.06012146424367094,-0.019789684496799884,-0.30288239136679757
44.26,0.044620740771719763,-0.011144377672468345,-0.3648958936685619
44.28,0.0442550202230102,-0.0022767937900759496,-0.39174562367777926
44.300000000000004,0.0642804298235305,0.006457989546382673,-0.3832935742813938
44.32,0.11046735668406511,0.014842699796681375,-0.3405551615851595
44.34,0.1864438076247032,0.02279795219620115,-0.2651268105628256
44.36,0.2847951994137529,0.030264014522561142,-0.15881077551426884
44.38,0.37900487681472267,0.03689068341046121,-0.024108086770021225
44.4,0.4427893163109061,0.041847030204270545,0.13409237881209712
44.42,0.4749324318379234,0.044204099624958665,0.3071820582921572
44.44,0.48711121358423015,0.04342386852669993,0.48351996564953975
44.46,0.4879097358409261,0.0394474828368135,0.6502953093608653
44.480000000000004,0.4812615513409,0.032583244378611154,0.7952381097173543
44.5,0.46880366542540153,0.023395704677244555,0.9078560106538616
44.52,0.4513295101807751,0.012619551343167957,0.9802814240550496
44.54,0.4293611708008747,0.0010836487466009035,1.007798469522546
44.56,0.40334717192320674,-0.010361183967274158,0.9890741110285077
44.58,0.3737329604566475,-0.020909739906132048,0.9261087638735642
44.6,0.340993760270617,-0.029861808902183568,0.8239316961121484
44.62,0.30566151660579344,-0.03666961494477899,0.6900816175472275
44.64,0.2683605142183932,-0.04097026420849706,0.5339266529637522
44.660000000000004,0.22986292780225376,-0.042601249854374114,0.36588795620938414
44.68,0.191175713206319,-0.04159825844074788,0.19663665147916942
44.7,0.1536677414725197,-0.038175726582507716,0.03633439836983418
44.72,0.11923448615625752,-0.03269182575426039,-0.10601635049810576
44.74,0.09047389554725808,-0.02560093009130665,-0.22305572544616614
44.76,0.07082509534368985,-0.01739817058313418,-0.3093420724020885
44.78,0.06463541665363048,-0.008561914715282535,-0.3613996070500365
44.800000000000004,0.07715309397623445,0.0004998742283880645,-0.37754184409342467
44.82,0.11421077920182779,0.009492647042419824,-0.35749867688315423
44.84,0.18013880720076267,0.01824786178589306,-0.30192047164160096
44.86,0.27060183282288963,0.026640454826521623,-0.21199018487939286
44.88,0.36377475330328274,0.034331408208173236,-0.0897090527420948
44.9,0.43251145100130206,0.040536870718237125,0.060690462093185016
44.92,0.4702977030994257,0.04428439821957611,0.23129243686732362
44.94,0.486644995289345,0.04490648242488268,0.4107761303148725
44.96,0.49046170458344424,0.0422084581810092,0.5860999874816123
44.980000000000004,0.48620913611057603,0.03639007630438217,0.744270663185202
45.0,0.4757841763867663,0.027938867108507934,0.8737012490243503
45.02,0.46007469857509836,0.01754387396192318,0.9651843318179222
45.04,0.4396277277280647,0.0060193267743022675,1.0125438933232827
45.06,0.4148874068089285,-0.0057690521488155625,1.012988061135115
45.08,0.38627764539040405,-0.016974823046043204,0.9671720597164313
45.1,0.3542353012353675,-0.026835172442026996,0.8789895564618132
45.12,0.3192307612557054,-0.034724747817933894,0.7551263465470085
45.14,0.2817907538759688,-0.040195489024813257,0.6044256997426343
45.160000000000004,0.24253299028137965,-0.043000016697828033,0.43712665375217985
45.18,0.20222239677099768,-0.043097360175200085,0.2640438771803883
45.2,0.1618589874364333,-0.04064104411646229,0.09576011172080999
45.22,0.12280234535908396,-0.03595075607092708,-0.05810028612916381
45.24,0.08692054748428932,-0.029470065390526656,-0.18945552739089017
45.26,0.056722324854832494,-0.021714113484377816,-0.2921598170936662
45.28,0.035415734410631186,-0.013212760370339046,-0.3621764006367452
45.300000000000004,0.026886571685487474,-0.004455469126718224,-0.3975246464062006
45.32,0.03570341253013658,0.004157235450218281,-0.3980187257606274
45.34,0.06720573951136748,0.012353875586136714,-0.3648286019112006
45.36,0.12688204555766877,0.020017443938905925,-0.2999048609654154
45.38,0.2158199393922558,0.027154767920330294,-0.20538893363343055
45.4,0.31933987857457935,0.033700336702671585,-0.0834349925746561
45.42,0.4059556411769423,0.03916525677562211,0.06279621318197452
45.44,0.4572040116707822,0.04263505639241669,0.22721977383996436
45.46,0.4800357534367753,0.04331062368980051,0.4001273716407733
45.480000000000004,0.486540535542742,0.0408693988625273,0.5695290863713416
45.5,0.48357325034323007,0.03543276843116692,0.7230749546044746
45.52,0.47403237037219276,0.027436120564146106,0.849568619782862
45.54,0.4591519373263475,0.017525577205892956,0.9400063438695144
45.56,0.4395963697114625,0.006476560984156567,0.9882528134231343
45.58,0.41585944101115535,-0.004879708135286684,0.9914097829966387
45.6,0.38840189242791867,-0.01572524270284476,0.9498995471763167
45.62,0.3577060242700428,-0.025317781977365422,0.867284267574909
45.64,0.3243098460854704,-0.033043175392302865,0.7498543278270635
45.660000000000004,0.288844920262031,-0.038454298464934616,0.6060330951786105
45.68,0.2520919053181842,-0.041294027375185685,0.44565725589544725
45.7,0.21506626214056546,-0.041500916908886916,0.2791995893641432
45.72,0.17914492470020613,-0.03919740751503022,0.11700411321123327
45.74,0.14623619456045533,-0.03466160482856958,-0.03139818465840229
45.76,0.11897482401133341,-0.028285021108494842,-0.1578316118268119
45.78,0.10089740910924344,-0.02052023207793683,-0.2558272380062354
45.800000000000004,0.09653553619723675,-0.011824020816253951,-0.32075385830880015
45.82,0.11131420456294543,-0.0026031382950096713,-0.3497240460744377
45.84,0.15076646125947693,0.006825909824312447,-0.3413058408696034
45.86,0.21735608542896193,0.01623346047852812,-0.2951452247040278
45.88,0.30295913211365055,0.025362984468555914,-0.211796291365796
45.9,0.3849007738702109,0.03368758676512329,-0.09329500928620144
45.92,0.44249799716762317,0.040312607443748,0.05544014013883941
45.94,0.47408511588944097,0.04430493169648778,0.2256780237252693
45.96,0.4880694945514875,0.04507826786545997,0.4055674444191192
45.980000000000004,0.49120275570325656,0.042483235229277994,0.5817968733023878
46.0,0.48683145343076045,0.03673426811115409,0.741215892922215
46.02,0.4764475000518079,0.028321646631764626,0.8721106436454013
46.04,0.4608105788834101,0.01793473904325809,0.9651510772032532
46.06,0.44042835302501615,0.0063889949071895815,1.0140410839918588
46.08,0.4157315060472724,-0.005446905340155604,1.0158769757195398
46.1,0.3871370452446757,-0.01672187437850227,0.9712174642180206
46.12,0.35507526123733013,-0.026667158466607135,0.8838810450857237
46.14,0.3200075351142791,-0.03465072531008739,0.7605037820109828
46.160000000000004,0.2824467692212638,-0.04021772217636878,0.6099063735457653
46.18,0.24298886131955544,-0.043114517349786066,0.44233159454518306
46.2,0.20236434510540974,-0.04329507746091024,0.26862069451490517
46.22,0.16152000009727133,-0.04090968067313228,0.0993998178238924
46.24,0.12173592012640143,-0.036277169659147894,-0.05565490815551463
46.26,0.0847674219059021,-0.02984318028139069,-0.18841221523425455
46.28,0.0529717614093684,-0.022128208344470914,-0.29269157375105537
46.300000000000004,0.02935922137722522,-0.013670971043035593,-0.36444986609711527
46.32,0.01755019842646856,-0.004973482744307199,-0.40174282104350506
46.34,0.0217441843213297,0.0035470013960525147,-0.4044793050435421
46.36,0.04684998868063274,0.011597713278831166,-0.37400015665771047
46.38,0.09839918626845674,0.019040304125749356,-0.31251570161582476
46.4,0.17990203114957848,0.025886861399613298,-0.22247485567303452
46.42,0.28322397541773514,0.03217061078413067,-0.1061569878573391
46.44,0.37998303659034666,0.03760860915180729,0.03379003152505374
46.46,0.4433519775883833,0.04140543041398484,0.19252767169443852
46.480000000000004,0.47378170390886454,0.042677743034384825,0.3616458370769709
46.5,0.4841735652566499,0.04095594049103177,0.5299354663732524
46.52,0.48341873066948576,0.03624842833819933,0.6852970958111799
46.54,0.47547302753964726,0.02891319599820892,0.8164090528254941
46.56,0.4619657016591956,0.019541620687720567,0.913881085333723
46.58,0.443693048449658,0.008871505039265442,0.9710074640946986
46.6,0.42119254344238255,-0.00228757335327076,0.9842010930976957
46.62,0.39494176954441523,-0.013123504508349981,0.9531404853894011
46.64,0.36543339482738957,-0.02288484495564666,0.8806510069750576
46.660000000000004,0.3332166411883333,-0.030934787953440013,0.7723506039150035
46.68,0.29893847869231144,-0.03679252383750018,0.6361038290185905
46.7,0.26340132636721514,-0.04015932466348397,0.48134025374934497
46.72,0.22765052006621503,-0.04092773443956272,0.3183019800127041
46.74,0.19310271411036087,-0.039173401244700784,0.1572891504211465
46.76,0.1617182112472938,-0.03513030275864608,0.007971807072695514
46.78,0.13620019795756094,-0.02915147400376327,-0.12116920158847491
46.800000000000004,0.12017289640681403,-0.021658967756534475,-0.22322114522217554
46.82,0.11825142357578827,-0.013088686649176475,-0.29300568954473605
46.84,0.13580310858071024,-0.0038383318499907986,-0.32702732596831474
46.86,0.1777232839841955,0.005766416785474491,-0.32324276094951926
46.88,0.244523778027456,0.015451813670482671,-0.2807855963136872
46.9,0.32542217221042435,0.024863355756142697,-0.19997931062298446
46.92,0.3986111613784951,0.033356342608153115,-0.08308817670038786
46.94,0.44850499586118076,0.039999309617700096,0.06440158623827816
46.96,0.4759110179669667,0.043918316581095594,0.23325673315876796
46.980000000000004,0.4881478372873499,0.044597885806999304,0.4114102825403734
47.0,0.4905990465681048,0.041929632065176324,0.5855609494319576
47.02,0.48594166623424084,0.036145578074843955,0.7426812542400698
47.04,0.47542602930624095,0.02774147192178356,0.871223606028728
47.06,0.45973605823779173,0.01740570720262137,0.9620320535450804
47.08,0.43935870318237197,0.005948691053870294,1.0089720293137134
47.1,0.41472239247289133,-0.005768753142599559,1.009275239528517
47.12,0.38624998571513314,-0.016905213616725173,0.9636004011672639
47.14,0.35438402844630545,-0.0267024503219713,0.8758253063809056
47.160000000000004,0.3196063034892665,-0.03453878764812246,0.7526032426538751
47.18,0.2824624254736001,-0.039968587262802016,0.6027326665790528
47.2,0.24360026499082194,-0.04274534066816072,0.43640112725573077
47.22,0.20383209277543612,-0.04282714407472802,0.26437184937181096
47.24,0.16423062811386926,-0.040364548975249034,0.09718386464084841
47.26,0.12626344282716107,-0.03567198782513539,-0.05556580667710034
47.28,0.09195226808739818,-0.02918524246584503,-0.1857967097483139
47.300000000000004,0.06401584633208048,-0.021408892692442387,-0.28732776394120435
47.32,0.04594497859474832,-0.012859201640781675,-0.35603871612559324
47.34,0.042011632575658084,-0.004008537995287384,-0.38980426913516925
47.36,0.0572894298732907,0.004763906419645576,-0.38821729520108017
47.38,0.09751979277465908,0.013211244111208564,-0.3521333370458975
47.4,0.16728687441538914,0.021231028360722003,-0.28310137807323194
47.42,0.26261496074465623,0.02878260899377386,-0.1829004963252959
47.44,0.36066333556129954,0.03561114016466881,-0.053779214833520474
47.46,0.43205430075594625,0.040978275237081994,0.1000518103011757
47.480000000000004,0.4700861449707261,0.04392583597823614,0.2708037803661363
47.5,0.4856004689416908,0.04381221806111835,0.44735387688679007
47.52,0.4883508933109747,0.040484646068015315,0.6169988249077503
47.54,0.4830798252946417,0.03418441996915795,0.7672553606021362
47.56,0.4717557734644406,0.025429886370772974,0.8871935326246931
47.58,0.45528511519459935,0.01492614742217226,0.9683573269733593
47.6,0.4342245697882588,0.0034878109397549735,1.0053549741934522
47.62,0.40903080335725744,-0.00803389809242643,0.9961501171204374
47.64,0.38014753389837413,-0.018819866787852794,0.942068989930664
47.660000000000004,0.34804292483167476,-0.02814443669913147,0.847546173759627
47.68,0.31323661310739087,-0.03542554402805903,0.7196461710301895
47.7,0.27633299833707387,-0.04026042663040134,0.5674123657510335
47.72,0.2380723195310061,-0.042444704092122566,0.40110587262929265
47.74,0.1994109733084304,-0.0419738235638695,0.23140320000665165
47.76,0.1616410208726699,-0.0390270683537723,0.06862326947748096
47.78,0.1265495206556134,-0.03393554322279734,-0.07794886984589572
47.800000000000004,0.09659675978273356,-0.02713688888416943,-0.20058256320236678
47.82,0.0750678372049204,-0.019121010081930442,-0.2934212673105967
47.84,0.06615592828517931,-0.010372474098165135,-0.35257648810047626
47.86,0.07497001000053329,-0.001315630060281391,-0.3759947953858276
47.88,0.10731020980169612,0.0077311292188885754,-0.3631209585105839
47.9,0.16805898512321016,0.016575941165093273,-0.3144190135288186
47.92,0.25506290153461353,0.025093921485937632,-0.23094283572895705
47.94,0.34952693300740983,0.03299917412771987,-0.11446265536736872
47.96,0.42328379478108646,0.03957744788617913,0.031295581910224315
47.980000000000004,0.4657216026025213,0.043849772303542436,0.19906941795803396
48.0,0.4849656722357253,0.04507361231027665,0.37800670311708545
48.02,0.4905460794179015,0.04297471436475891,0.5552095903498867
48.04,0.4875460136935859,0.03769145841958648,0.7175452092128555
48.06,0.47814797316220414,0.029666923355027994,0.8530766807971739
48.08,0.4633430468861238,0.0195600289926706,0.9520979591745462
48.1,0.44371144082033676,0.008168451379640484,1.0078411339765543
48.120000000000005,0.419706008002014,-0.0036453789153231275,1.0168828982671523
48.14,0.39175026474669117,-0.015025827367470684,0.979259226882292
48.160000000000004,0.3602760849466349,-0.02518992348545407,0.8983038763140925
48.18,0.32574481279881684,-0.033483439323127064,0.7802416489926988
48.2,0.28866855888026915,-0.039423524769087705,0.6335831591029162
48.22,0.2496414970930496,-0.04272524818309291,0.46838055823155633
48.24,0.20939066034421477,-0.043310599833904645,0.29541190050674593
48.26,0.16885638932120461,-0.04129975827857853,0.1253651049962332
48.28,0.12930907178378553,-0.03698562737340656,-0.03190915367767881
48.300000000000004,0.09249438521083622,-0.03079387785598496,-0.1680127493724694
48.32,0.060771437875149104,-0.023232129205000653,-0.2764323821423241
48.34,0.03718606993599717,-0.014833490701494648,-0.3527553125171058
48.36,0.02545519646840153,-0.006100748128130437,-0.39465844293458857
48.38,0.029949690233338346,0.0025434608551692826,-0.40168480039249854
48.4,0.05579121007999068,0.010798284463505508,-0.3748368405814694
48.42,0.10859762925695583,0.018514871922383474,-0.31602315984159673
48.44,0.19134326878165098,0.025686720676185396,-0.22744552492469589
48.46,0.294234646565531,0.03230409820884031,-0.111252717110551
48.480000000000004,0.3879397689022709,0.03801195065688661,0.029801207947906257
48.5,0.4478294089558852,0.04196461351181716,0.1905034237365013
48.52,0.4762197799255846,0.04328695347249082,0.36198866965395776
48.54,0.48572876434216533,0.04153843956408889,0.5326830712388897
48.56,0.48458572633487174,0.036749287043387015,0.6902269817756026
48.58,0.47640132391818063,0.02929253948008141,0.823110433437005
48.6,0.46267427040845494,0.01977256988798313,0.9218098799890061
48.620000000000005,0.4441550256124839,0.008939979251534688,0.9795376694149638
48.64,0.4213622182911122,-0.002383047037843783,0.992675755712245
48.660000000000004,0.3947606313445808,-0.01337266202305231,0.9609206626954684
48.68,0.3648281466116902,-0.023267386410593487,0.8871595864518642
48.7,0.33209268273695786,-0.03142284421890396,0.7771077463725095
48.72,0.2971689560796502,-0.03735373896203654,0.6387512571100825
48.74,0.2608104744005596,-0.04076037852473251,0.481652271432256
48.76,0.22398949161488554,-0.041538136668319244,0.31618180585154804
48.78,0.18801642057454515,-0.039769409268163074,0.15274978152423602
48.800000000000004,0.15470342798946748,-0.03569882975243116,0.0011011851464705624
48.82,0.12655890707551642,-0.029693823318630717,-0.1302583756279827
48.84,0.10697231168298445,-0.022194113377208922,-0.23445575488048462
48.86,0.10032594182931219,-0.013655467299076312,-0.3064278215351637
48.88,0.11192607683846909,-0.004494648887441019,-0.34287374732371895
48.9,0.14734201096054605,0.004953692065549494,-0.3420060246393547
48.92,0.20967646184399097,0.014442102720540749,-0.3031914367854743
48.94,0.2926727595989093,0.02371639563258031,-0.22674406312128348
48.96,0.37548363711687605,0.032287470467899974,-0.11437844804171345
48.980000000000004,0.4362127017395532,0.03929664656678444,0.029478065297328306
49.0,0.47072286185240925,0.04379152104295152,0.1966265922985334
49.02,0.4867044162404363,0.045126508659871584,0.3755768237252862
49.04,0.49121945980595905,0.043090214299891676,0.5531269669819079
49.06,0.4879307341308831,0.03784554869477099,0.7160080130909192
49.08,0.4784819994298906,0.029842769920039584,0.8522045330862851
49.1,0.4636907976888091,0.019742633626997817,0.9519475636216027
49.120000000000005,0.44408449631285035,0.008343755258148974,1.0084110541270754
49.14,0.42009941803816586,-0.0034900578286245322,1.0181179914162592
49.160000000000004,0.39215283140267254,-0.01490108895177891,0.981057554711052
49.18,0.36067274306950486,-0.025103672834021505,0.900526319246078
49.2,0.32611628142124244,-0.033440500695097145,0.7827235449302798
49.22,0.28898950902284987,-0.03942553671947623,0.6361469350498843
49.24,0.24987721313313738,-0.04277086009426305,0.4708481816523916
49.26,0.20949165987346988,-0.043395971727588134,0.2976159365233489
49.28,0.1687502566928502,-0.04141935507676845,0.12715718114123878
49.300000000000004,0.12888890734240566,-0.037133290199716146,-0.03065362139720887
49.32,0.09160391272342766,-0.030964140579656522,-0.16739462034568212
49.34,0.0591874912802028,-0.0234217228445702,-0.2765345209233952
49.36,0.034598035241575655,-0.015042959142193287,-0.35365458301654223
49.38,0.021436118648518444,-0.006336144446820072,-0.39644431731131624
49.4,0.023911077977918818,0.002268686863832895,-0.4044850754240499
49.42,0.04694471592357474,0.01046116401285956,-0.3788514632868001
49.44,0.09610440175695632,0.018082198197063304,-0.32156496201617807
49.46,0.17522452907294855,0.02512420331083503,-0.23496888294868834
49.480000000000004,0.2773055546040826,0.03161409383180757,-0.12129463762319408
49.5,0.37511846772484075,0.03728778683109173,0.016883178314110674
49.52,0.440747866684843,0.04136750099482352,0.17488850884343612
49.54,0.4729660368405821,0.04295049755908416,0.3444734208593903
49.56,0.48444576146624585,0.04152838672249159,0.5144632931105271
49.58,0.4843913998769706,0.03707650916328816,0.6726450192058152
49.6,0.47696530516722313,0.029930339258609346,0.807472367468253
49.620000000000005,0.46387825242622355,0.020667777062274982,0.9092590748442247
49.64,0.44595205719706277,0.010021022000019208,0.9709655062562726
49.660000000000004,0.4237288349255887,-0.00119876780226017,0.98866283593017
49.68,0.3976820622453345,-0.012171500350670788,0.9617072813407882
49.7,0.36829450988340656,-0.02213245155122626,0.8926448641313857
49.72,0.3360990448803959,-0.030427669303272748,0.7868755642007093
49.74,0.3017170882757269,-0.03655702076550925,0.6521194987730989
49.76,0.26591166507280745,-0.0402021099977099,0.4977404095775197
49.78,0.22966822197192047,-0.04123733565552232,0.3339908120885545
49.800000000000004,0.19431489004977714,-0.03972351418843674,0.171247788628233
49.82,0.1616872316561846,-0.03588469796015736,0.019308317474755927
49.84,0.1343247130083906,-0.030070136489506336,-0.11319206539864284
49.86,0.11565771770149902,-0.022704881617637115,-0.2191842838838582
49.88,0.11011324807304244,-0.014234312340478525,-0.2933589314375174
49.9,0.12299821869985189,-0.0050699294931220015,-0.33213720624097676
49.92,0.1596672027237713,0.004451396956765254,-0.333446220479721
49.94,0.22244668187990185,0.014065729415894724,-0.29640151450209423
49.96,0.3037760922287772,0.023477958190001955,-0.22117820168687305
49.980000000000004,0.38271598402582985,0.032141998545742005,-0.10955745169771129
50.0,0.4396009006046681,0.03917158695981849,0.03378076722388762
50.02,0.4718636983548503,0.04363609640143011,0.2003790016949154
50.04,0.4868712883183001,0.044924636613744094,0.3786154039595488
50.06,0.4910021049462567,0.04284786304947385,0.5552728947412517
50.08,0.4875510202399388,0.03757877801283463,0.7171294624868674
50.1,0.47802382196005894,0.029571340249762813,0.8522427815952527
50.120000000000005,0.4631938348168227,0.019486676894200257,0.9509245071625947
50.14,0.4435758191291456,0.008121709395731643,1.006426296767526
50.160000000000004,0.41960388373228885,-0.0036629041064898333,1.015338997659328
50.18,0.3916972492603187,-0.015013600279521581,0.9777048994564557
50.2,0.36028873191744126,-0.02514943145458899,0.8968557968068371
50.22,0.3258436417988433,-0.03341791683274039,0.7790069248909082
50.24,0.28888122230352564,-0.03933750063723088,0.6326531943200975
50.26,0.25000725966727466,-0.04262394549767877,0.4678270306742593
50.28,0.20996718024310534,-0.043199208178335564,0.2952854001490306
50.300000000000004,0.1697298163127911,-0.04118258717744135,0.12569692173543173
50.32,0.13060830627096734,-0.03686514006293957,-0.0311016179706263
50.34,0.09440978859295553,-0.030669602371954027,-0.16671645852445632
50.36,0.06357792387205848,-0.023099452810600104,-0.2746245505771347
50.38,0.041272283349054834,-0.014682341802585801,-0.35038424705523896
50.4,0.03136548389304485,-0.005914099452734993,-0.3916187992913446
50.42,0.038443629210677906,0.002791459362533075,-0.39778618220765427
50.44,0.06787008711566163,0.011144405054865275,-0.36976420863992415
50.46,0.12520949802021542,0.01900614364177034,-0.3092923092386602
50.480000000000004,0.21199714251196483,0.026364166433219906,-0.21838557950221524
50.5,0.3147209413189741,0.033148787724836155,-0.09912395505047596
50.52,0.4024947806124358,0.038886554521257624,0.045432835281387855
50.54,0.4555399077204272,0.04266693071508722,0.20935317713450755
50.56,0.4797080121605996,0.04366427385980788,0.3830342128173268
50.58,0.4870753262509057,0.041520497951327694,0.554458867804186
50.6,0.48471809003447697,0.03632844834231219,0.7111196881366256
50.620000000000005,0.47565851445187823,0.028504049311237564,0.8415670359953484
50.64,0.46117686699551397,0.018682169988848186,0.9364827232620998
50.660000000000004,0.4419508441181294,0.007634581812694237,0.9893873420049553
50.68,0.4184747149743432,-0.003804091567065888,0.9970382736291763
50.7,0.39120339574216256,-0.014806228494555998,0.9595398519830213
50.72,0.3606080437285203,-0.024614899877333517,0.8801853417164308
50.74,0.3272087231924009,-0.03259777870269829,0.7650624733382163
50.76,0.2916088904302086,-0.03828781540683401,0.6224687777234273
50.78,0.25454549005590493,-0.04140809413095851,0.4621951749131511
50.800000000000004,0.2169668448975233,-0.0418794059396203,0.29474441267507523
50.82,0.18014955069131836,-0.0398102611982316,0.1305544402275865
50.84,0.14585865070045528,-0.03547027139196954,-0.02070448841045016
50.86,0.1165369883403335,-0.029249140391510147,-0.15069647146171972
50.88,0.09548353525421041,-0.021605019231978613,-0.25279978659003133
50.9,0.0869667213491828,-0.01300754015650592,-0.3222674959318764
50.92,0.09620904272882885,-0.0038820344827117815,-0.35616021325373176
50.94,0.12896134667649553,0.005436363558582638,-0.35307168307405734
50.96,0.18937452748529768,0.014717763550333475,-0.31272102336054003
50.980000000000004,0.27350956194205833,0.0237637759895951,-0.23563507588862503
51.0,0.361731170792164,0.032180623210741895,-0.12342896738117393
51.02,0.42898693459259374,0.039175152403620746,0.019923229418939627
51.04,0.46776561900499397,0.04377206602224583,0.1867613037813406
51.06,0.4857752674632307,0.045263788453860726,0.3659382971793777
51.08,0.4912006315263606,0.04339165276189388,0.5443688825074543
51.1,0.4883911378215122,0.03829145763263141,0.7087542469589926
51.120000000000005,0.47926206630966345,0.030398161528320894,0.8469667865848618
51.14,0.46472125556866084,0.02036396363820654,0.9490786605340661
51.160000000000004,0.44532358312780335,0.008983782118157955,1.0080807750589595
51.18,0.4215125626167261,-0.0028781214294955767,1.0203067572239173
51.2,0.39370559616455325,-0.014359927541457292,0.9855657182201882
51.22,0.36232741742780256,-0.024668831274256307,0.9069968820569948
51.24,0.32782890458293096,-0.033138125615649903,0.7906755186611656
51.26,0.2907058635593749,-0.03927103469514147,0.6450159411107586
51.28,0.2515266020504426,-0.04276855676657815,0.48003043471821527
51.300000000000004,0.21097709150382787,-0.04353979855190992,0.3065115360397793
51.32,0.16993351778562213,-0.041694537959669396,0.1352086353271516
51.34,0.12956947294513313,-0.03751896462479312,-0.023931513078992456
51.36,0.0914922762833481,-0.03143675680631235,-0.1623969836581523
51.38,0.05787567244679963,-0.023959017806159805,-0.27356346862649983
51.4,0.0315289373858431,-0.015628187488395454,-0.35293279111862325
51.42,0.015863643303349394,-0.006962305478911826,-0.39814557050156696
51.44,0.014830744278264292,0.0015945837114646597,-0.4087817117834456
51.46,0.03300647674031317,0.009713534273761287,-0.38597946451335924
51.480000000000004,0.07573516041053,0.01721363920598078,-0.33190607837690667
51.5,0.14783284241448164,0.02407490478620966,-0.2491272852777293
51.52,0.24659913380782553,0.030365697334512144,-0.14006013245773902
51.54,0.3499056350480227,0.035966381121136495,-0.007095369691906231
51.56,0.4259632957915874,0.040247435689172585,0.14592696896869953
51.58,0.46601056649756023,0.04229038593429433,0.3118838141222757
51.6,0.48165350276430297,0.0414668957759133,0.48040453460127697
51.620000000000005,0.4838388172371491,0.037644246732474594,0.6396027095710697
51.64,0.47790352264995845,0.031083345287876474,0.7778959289530096
51.660000000000004,0.46603537392842986,0.022310273794990825,0.8853124271249986
51.68,0.44921962618942773,0.012021355580423453,0.9543528851724372
51.7,0.4280515096623271,0.0010059187960496424,0.9805136019283117
51.72,0.4030223699666578,-0.009924091917224081,0.9625160558808653
51.74,0.3746225253089025,-0.019998939852904598,0.9022655380966962
51.76,0.34339029097712626,-0.028547721817229043,0.8045657630125059
51.78,0.309953272080077,-0.03504339447355592,0.6766290809232808
51.800000000000004,0.27508228764044657,-0.03913329772455161,0.5274347682227117
51.82,0.2397720013313297,-0.040653235877008934,0.36699764468314433
51.84,0.20536020734263266,-0.03962430304443963,0.20561480148646008
51.86,0.17369136424281828,-0.036232835766516196,0.05315910965301873
51.88,0.1473126720253029,-0.03079519708781008,-0.08151593330459926
51.9,0.12966050425440248,-0.02371067775435422,-0.19100533239233652
51.92,0.12515215434962162,-0.015407740828714994,-0.26957790445432145
51.94,0.13899610271449278,-0.006291492580161379,-0.3131857579245296
51.96,0.17614576386765787,0.0032936414756659102,-0.3192875023081978
51.980000000000004,0.23793091838201072,0.013054671813671766,-0.2866002203529061
52.0,0.3156725915534928,0.02264002426033341,-0.21507220922011494
52.02,0.38927714146596254,0.031442222862590796,-0.10650865802030965
52.04,0.4418649393285713,0.03855941959531879,0.03421870601001713
52.06,0.47200933810997125,0.04309254259738024,0.19850539016629357
52.08,0.4863157752467266,0.04446241944305016,0.37472290382588147
52.1,0.4903420339636296,0.042491390788831275,0.5497347011273487
52.120000000000005,0.48699908392008695,0.03735013119717636,0.710414877615821
52.14,0.4776601949644476,0.029484076524660285,0.8448935716693408
52.160000000000004,0.4630595743821499,0.019543769381779583,0.9435157752678633
52.18,0.44370269055328154,0.008315493014427137,0.9995235554271977
52.2,0.4200243237987459,-0.0033496183247736996,1.0094575295968407
52.22,0.3924493259077045,-0.014605605677659051,0.9732752748240157
52.24,0.3614209033104807,-0.024676635735481758,0.8941982807452198
52.26,0.3274213595114824,-0.03291248767396171,0.7783166402761584
52.28,0.2909970410080746,-0.03883083605376724,0.6339971114752989
52.300000000000004,0.2527965354956409,-0.04214362566864405,0.4711531572531166
52.32,0.2136321131174733,-0.04276603151595161,0.30044401838558543
52.34,0.17457506577081583,-0.040807722610057516,0.13247344704355504
52.36,0.13709109088895405,-0.03654735578816713,-0.022942563924461985
52.38,0.103206122815429,-0.03039248286839867,-0.15737589993745627
52.4,0.07566653426872545,-0.02282849615674006,-0.2642026777775115
52.42,0.0580434064954099,-0.014361771554201829,-0.33880183386126
52.44,0.054767895180896156,-0.005463036567870623,-0.3785247421799226
52.46,0.07112810932954736,0.0034836790971879616,-0.3824478946256187
52.480000000000004,0.11294661597836098,0.012220549641263546,-0.35094148113185625
52.5,0.18418299686196388,0.02062189171888822,-0.2851334769631938
52.52,0.2788535373689792,0.028592689149259398,-0.18652922063520666
52.54,0.3725719659655756,0.03578295605075781,-0.05740797031711764
52.56,0.43856680801674813,0.04137772856839212,0.09761429396382779
52.58,0.47322434052657203,0.04442280875908323,0.27019563480756276
52.6,0.48728704462590033,0.04431818761317945,0.4487748860613391
52.620000000000005,0.48947619085261107,0.04094204684676831,0.6203622966763824
52.64,0.4839422580796879,0.03455325647279247,0.7722824560863059
52.660000000000004,0.4724272369189932,0.025682396524602503,0.8934707172972538
52.68,0.45576153688453586,0.01504560899986317,0.9753822111018453
52.7,0.4344753220822695,0.003468328850550691,1.0125800118184767
52.72,0.4090121727958602,-0.00818788674822084,1.0030251115496607
52.74,0.3798038522864392,-0.0190947380324196,0.9480803653575444
52.76,0.3473022910337029,-0.028519206820588918,0.8522502847039497
52.78,0.3120023384346876,-0.03587428780883434,0.7226940811520541
52.800000000000004,0.27446964059252094,-0.04075515826919258,0.5685639845080371
52.82,0.23538388902499072,-0.04295859898722437,0.40023185048702115
52.84,0.19560803171207147,-0.04248469536997757,0.22847340568082705
52.86,0.15629327066047052,-0.03952106697298172,0.06368091406906676
52.88,0.11902166727552237,-0.03441108065665933,-0.08482835056422788
52.9,0.08596731443783102,-0.027608805563590494,-0.2093488096387777
52.92,0.06002964509594513,-0.01962498186857123,-0.3041234413396853
52.94,0.044892966953694415,-0.010969710157024632,-0.36545589502185166
52.96,0.045033371540510125,-0.002097841337239284,-0.3915969486631617
52.980000000000004,0.06573816394063114,0.006638585202162209,-0.38242550447651136
53.0,0.1127757362144713,0.015025766541903907,-0.33896056573741495
53.02,0.18959231268584523,0.022986104665680157,-0.2627904010034845
53.04,0.288209084080275,0.03045421714040329,-0.15571438071704694
53.06,0.38165739561383405,0.03706319872049922,-0.020276508471654645
53.08,0.44427468133871517,0.04196922146836471,0.13852430436068333
53.1,0.4755948465315181,0.04424957000731445,0.31195560963175506
53.120000000000005,0.48732684073851507,0.04338142156703386,0.4883008953072033
53.14,0.4878668662197297,0.039318734601065636,0.6547316169042551
53.160000000000004,0.4810352192574561,0.03237877338213158,0.7990032762051656
53.18,0.4684244393863146,0.02313229508820761,0.9106790231435412
53.2,0.4508130217518836,0.012318028228922537,0.9819671693156773
53.22,0.4287183969395484,0.0007668751597938628,1.0082398673805129
53.24,0.40258780474145656,-0.010670237120834375,0.9882563757156996
53.26,0.3728665494597458,-0.02118978609368427,0.9241061879119272
53.28,0.34003018790143597,-0.030094794561093076,0.8208977166982653
53.300000000000004,0.3046113466750387,-0.036841925123632935,0.6862333448451374
53.32,0.2672354635996461,-0.04107351093570297,0.5295253907464951
53.34,0.22867664852239558,-0.04263260121399168,0.36121747931147014
53.36,0.18994503687124614,-0.04156030080261364,0.19198110389681972
53.38,0.1524143850552719,-0.038075887155054486,0.03195763669393166
53.4,0.11798679971252132,-0.03254141867699812,-0.10988832349586382
53.42,0.089267574641434,-0.025413929243335263,-0.22624792355749232
53.44,0.06970149074354559,-0.017189852796669177,-0.31173846726662063
53.46,0.06363737023321943,-0.008347536356017593,-0.36294565663406625
53.480000000000004,0.0763214336675096,0.0007062439652132616,-0.37824201460941903
53.5,0.11358644565325765,0.009679117607960508,-0.3574096613361194
53.52,0.17976699906578056,0.018405573464176594,-0.3011407160065746
53.54,0.27050559564909765,0.026764010476097957,-0.21064663336114436
53.56,0.3638783290680107,0.03441794418816399,-0.08794455788770417
53.58,0.4326575297121456,0.040584094145530464,0.06272324389991349
53.6,0.4703856663986742,0.04429052294022397,0.2334322442108219
53.620000000000005,0.48665316913478696,0.04487189635467787,0.41285839043485356
53.64,0.49039605242168377,0.042136590890189035,0.5879676913336893
53.660000000000004,0.4860786166164649,0.036287207826853976,0.7457863881779948
53.68,0.4755964882305095,0.027813485619479987,0.8747573586582277
53.7,0.4598366585073696,0.01740587526034378,0.9657102375381286
53.72,0.4393459213531504,0.005879161530189087,1.0125099851365496
53.74,0.41456863139501726,-0.005901216294528144,1.01240623592109
53.76,0.3859292667121071,-0.01708986361917125,0.9660930299856901
53.78,0.3538656594226299,-0.02692564414030115,0.8774973542550308
53.800000000000004,0.31884975164829654,-0.03478534061674174,0.753330634622673
53.82,0.28141073924881677,-0.04022328180595001,0.6024526514307382
53.84,0.2421702621691753,-0.042994509731425094,0.43510925729846367
53.86,0.20189947116147372,-0.04306028290351913,0.26211256040947867
53.88,0.16160803193381806,-0.04057594645056756,0.09403457314507571
53.9,0.12266987903382914,-0.035862403092036484,-0.059517209397475415
53.92,0.08697315823269128,-0.029363670237919397,-0.19048123224420324
53.94,0.057052791253142575,-0.021594462823679064,-0.2927320022822844
53.96,0.036149545917107825,-0.013083300524297816,-0.3622495354390619
53.980000000000004,0.028190979119761653,-0.00431740105827951,-0.39706279412650153
54.0,0.037800919599968674,0.004305858169653308,-0.39698476038794
54.02,0.07037488957394736,0.012518957059514193,-0.3631699013037511
54.04,0.13135037749810963,0.020208532852885115,-0.2975373142011028
54.06,0.22132702198567114,0.027379564785169955,-0.20219049285528407
54.08,0.3245796163699884,0.033948571652979424,-0.07928190935917229
54.1,0.4094826216247481,0.03939571462352792,0.06792449755436422
54.120000000000005,0.4589952137273656,0.042795302229719105,0.23314510772908525
54.14,0.4808037364365497,0.04336551056966312,0.40649067577370035
54.160000000000004,0.48677829606650064,0.04080612792651354,0.5758767722539317
54.18,0.4834922188554399,0.03525491689799781,0.7289370851555567
54.2,0.47371092861730113,0.027158506365203706,0.8545133946366636
54.22,0.45862044455145046,0.017170866842880852,0.9436779024329945
54.24,0.4388694423275611,0.006072525239105032,0.9903970489349955
54.26,0.4149466019954938,-0.005302803192581729,0.9918895237443561
54.28,0.38731084350851935,-0.016137172086600843,0.9486994277714585
54.300000000000004,0.35644350697968363,-0.025690718955579794,0.8645057666628794
54.32,0.322881675846556,-0.033353725552845846,0.745701975950735
54.34,0.2872557029742371,-0.0386850815924408,0.6007934129304422
54.36,0.25034462827813725,-0.0414347140132386,0.4396724312923637
54.38,0.21316185147221847,-0.04154867116651759,0.2728381882039341
54.4,0.1770817586149598,-0.03915673530989988,0.11063121508959368
54.42,0.14400930029115566,-0.03454365513237172,-0.037449125313372134
54.44,0.11657404080173558,-0.028106436861933724,-0.16328316864208214
54.46,0.0983037828548531,-0.020301692737244147,-0.26047714940232836
54.480000000000004,0.09371788655029484,-0.011588629948588936,-0.32448798042211874
54.5,0.1082380694777703,-0.002374693025018329,-0.3525226532025157
54.52,0.14745080266417607,0.007025164956817731,-0.3432422274185249
54.54,0.21402445605547674,0.01638681445853333,-0.29637238539460237
54.56,0.30016670039096555,0.02546578583816581,-0.21251229271034555
54.58,0.3831695626783128,0.03375085749359099,-0.09368461190245099
54.6,0.44173257103719116,0.04035426224442033,0.05525485632270749
54.620000000000005,0.47383773535544915,0.044337289065077536,0.22563812381858808
54.64,0.4880217440182722,0.0451058983280033,0.40564691688023335
54.660000000000004,0.4912174176687231,0.04250656951759442,0.5819784682469917
54.68,0.4868606064033681,0.03675239692002811,0.741480777440565
54.7,0.4764751476020992,0.028333555149065964,0.8724358983622271
54.72,0.4608306650870185,0.017939756017075276,0.9655103293267224
54.74,0.44043766152249775,0.006386935181464524,1.0144062271425882
54.76,0.41572744695644054,-0.005455724129536016,1.016220175833426
54.78,0.3871168626659917,-0.016736680878510213,0.9715130896958204
54.800000000000004,0.3550355760874804,-0.026686820139922535,0.8841073088097449
54.82,0.3199438584636341,-0.034673872496672274,0.7606439468736972
54.84,0.2823528026542829,-0.04024289481409454,0.6099494137723829
54.86,0.2428554143451677,-0.04314032749650901,0.44227223664180415
54.88,0.2021776627487383,-0.04332038353131237,0.26845878390897127
54.9,0.1612592648918109,-0.04093377296047802,0.09913896648916634
54.92,0.12136973134920676,-0.036299970195732945,-0.056009443402579684
54.94,0.08424918783315107,-0.02986546143404635,-0.1888564900156849
54.96,0.052233996945971584,-0.022151833092493956,-0.2932268304358684
54.980000000000004,0.028306185450647264,-0.01369916009183834,-0.36508741925446847
55.0,0.016046736827291425,-0.005011136242107665,-0.40251010415772387
55.02,0.01959809552006506,0.003492852949782588,-0.40542743097613243
55.04,0.043795467211752905,0.011517283823475381,-0.37521365062199963
55.06,0.0941397625048325,0.01892075944680868,-0.31412446021039586
55.08,0.1744049546830115,0.025715123777224413,-0.22466266920689895
55.1,0.27738865379823774,0.031945733629959394,-0.10914199083277597
55.120000000000005,0.37549626901062,0.0373608684996947,0.029843775994229212
55.14,0.44083882067615293,0.041190170179648176,0.18763639212807334
55.160000000000004,0.47260351775393944,0.042542567815616536,0.3560415640432288
55.18,0.4836798825961954,0.04092574687658716,0.5239956917398433
55.2,0.48329750215265455,0.036329456849831625,0.6794593263594904
55.22,0.4756082038777489,0.02909889442618224,0.8111086144335148
55.24,0.4623172847179874,0.019816339969852905,0.9095079260698921
55.26,0.4442468338654726,0.009213110582348267,0.9678751627861253
55.28,0.42194295620847017,-0.0019053322995624344,0.9825256718873816
55.300000000000004,0.39588659722931735,-0.012728634023336894,0.9530286676900264
55.32,0.3665725151480956,-0.022504796822430298,0.8820978518429778
55.34,0.3345521878690593,-0.030594329279996394,0.7752460671867552
55.36,0.3004756743564932,-0.036511921779520395,0.6402472583198922
55.38,0.2651497593467242,-0.03995295873393648,0.4864613213181469
55.4,0.2296257840526252,-0.04080321220128696,0.3240861779619661
55.42,0.1953283376951356,-0.03913121147919039,0.16340575256771023
55.44,0.1642277806377509,-0.0351639984184862,0.014102149261931818
55.46,0.13903945430021022,-0.029248339390174707,-0.11530516203829067
55.480000000000004,0.12340057957843205,-0.02180110066516949,-0.2178417922171106
55.5,0.12193271596196725,-0.013254459058398416,-0.2882497898666828
55.52,0.1399738730002384,-0.004004412886044261,-0.322942902995177
55.54,0.18227509913850742,0.005621654134667257,-0.3197863947447789
55.56,0.2489891599072088,0.015341913521660835,-0.27784077840910015
55.58,0.3289549807519465,0.02478523563410718,-0.19740614544323243
55.6,0.4006589377687868,0.033289669263247196,-0.08079623169242531
55.620000000000005,0.4493425256457532,0.03992148670080414,0.06641054127431545
55.64,0.4761102693775676,0.043818285131830725,0.2349114192288514
55.660000000000004,0.4880777628248097,0.044476291212133465,0.41262010870889854
55.68,0.49042003788133937,0.04179366159483888,0.5862526292836301
55.7,0.48571574487388164,0.03600512343558768,0.7428165942209033
55.72,0.4751800771362862,0.0276070167242064,0.8708056800001129
55.74,0.4594860605467266,0.01728708253026652,0.961104896786946
55.76,0.4391179123507095,0.005854235402790439,1.0076162496701055
55.78,0.4145042573129688,-0.005832775382545843,1.0076008056409294
55.800000000000004,0.3860696896698613,-0.016934961550000186,0.9617375699206571
55.82,0.35425995965298707,-0.026696621598592065,0.8739146201089351
55.84,0.3195620706682113,-0.034498498154302816,0.7507855377672559
55.86,0.2825299447556796,-0.039897022219964925,0.6011400241206593
55.88,0.2438245718525189,-0.042647189988339794,0.43514965538702954
55.9,0.20427871500572875,-0.04270783633803484,0.2635571317341487
55.92,0.16499642138704912,-0.04022929601189483,0.09687985506311442
55.94,0.12749151928225647,-0.03552465039271995,-0.0553037060586411
55.96,0.0938510226111568,-0.02902703441860851,-0.1849237018813722
55.980000000000004,0.06688193569064406,-0.021236955977170187,-0.28579625588082463
56.0,0.050192010923094554,-0.01266508080611306,-0.35377901351372537
56.02,0.04820765149495751,-0.0037765324879117813,-0.3866989400756509
56.04,0.06618389082519778,0.0050584422065301105,-0.3840687336786679
56.06,0.10991822841521498,0.013602277914308826,-0.3466261836204018
56.08,0.18330201394401352,0.02175406822694493,-0.2757758435635349
56.1,0.2799129200363838,0.029442360019038084,-0.17319983179601345
56.120000000000005,0.374458348170271,0.036328089276463325,-0.04128163830620467
56.14,0.44001400652567846,0.041595783297879725,0.11527406360598752
56.160000000000004,0.47380847644178026,0.04430109610607203,0.28804872244375895
56.18,0.4871001419547191,0.04386883610469222,0.4654770685097276
56.2,0.4886671898056318,0.040204539707228905,0.6346734579609613
56.22,0.48261590839806273,0.033589601935079164,0.7831675660471638
56.24,0.4706589488728841,0.024570336387932747,0.9001766222247957
56.26,0.4536155726928946,0.013871368013993118,0.977486130556961
56.28,0.4320141630072572,0.002319371033647721,1.0100089125358254
56.300000000000004,0.40630153176082623,-0.00922966485220501,0.9960468290054338
56.32,0.37691666365674276,-0.019958923815349035,0.9372691316899423
56.34,0.3443235064028099,-0.029151490646652477,0.8384310634604994
56.36,0.3090359887214006,-0.03623946998288357,0.7068715632463738
56.38,0.2716499209892364,-0.04083834090156701,0.551843137911455
56.4,0.23289262627043505,-0.042764471617213355,0.38373750224368364
56.42,0.193701407772794,-0.0420349243227429,0.21327649277266736
56.44,0.15534036234781157,-0.03884988977486442,0.05073881580853373
56.46,0.11955524612257327,-0.03355930763099839,-0.09471058462794345
56.480000000000004,0.08874368033980477,-0.0266165691468473,-0.21553059244741885
56.5,0.06609325698189095,-0.018523734269204038,-0.30611008688103214
56.52,0.05564897674678249,-0.009774023236203293,-0.3628474827633017
56.54,0.062328343989035126,-0.0007974507143142008,-0.3840047287404723
56.56,0.09182515704327748,0.008085257282782532,-0.36935854736511486
56.58,0.14950451032607956,0.016688909818883737,-0.3196999071106935
56.6,0.23524114497422705,0.024923889400211605,-0.23633516176979855
56.620000000000005,0.33300457087393837,0.03259232480899845,-0.12104340063623958
56.64,0.41326675687942616,0.0390802128309146,0.022848434548496353
56.660000000000004,0.46092409937600126,0.04342414042350601,0.1887303531311556
56.68,0.4828793266984126,0.04482387575697089,0.36629314180108935
56.7,0.4897215932161764,0.04294678114156823,0.5429328348777342
56.72,0.48740981988494947,0.037893041316674834,0.7056179038223167
56.74,0.4785040313673078,0.030080774833074128,0.8423892921455559
56.76,0.4641264411789617,0.02015118178130199,0.9434346193488454
56.78,0.4448998988544644,0.008889416687497804,1.0018194343864686
56.800000000000004,0.4212920683552856,-0.0028497498644732555,1.0139135313563405
56.82,0.39373366099720725,-0.014213464416706883,0.9795251070728206
56.84,0.3626630127918451,-0.024416783352937815,0.901758608975152
56.86,0.328550269632616,-0.03279914880149762,0.7866263158959279
56.88,0.2919210886872978,-0.03886768580381056,0.6424592868000878
56.9,0.253390863633978,-0.042324603303385465,0.4791761970563045
56.92,0.2137196161630806,-0.04307716214389743,0.30747712998152843
56.94,0.17389815609873277,-0.041229902753133416,0.13803307721324964
56.96,0.135272416731681,-0.03706003202401329,-0.019259289933684413
56.980000000000004,0.09969844494131147,-0.03097810532412288,-0.1558940547301914
57.0,0.06969374060231122,-0.02347755040224113,-0.26519145826090895
57.02,0.048531441500520904,-0.015078140059509151,-0.3425173536977805
57.04,0.04025839950802175,-0.0062695224507627115,-0.3852746253515523
57.06,0.04970656029784792,0.002539918101879854,-0.39267800374844053
57.08,0.08247497371325825,0.01106542797451925,-0.36534067451955043
57.1,0.14390046198282944,0.01916930539608936,-0.30472228598040657
57.120000000000005,0.23362816373945156,0.026816250683585303,-0.21259148833267927
57.14,0.3344500963414081,0.03385380412579396,-0.09098250063604163
57.160000000000004,0.41545650629383446,0.03968574533215665,0.05665098399477851
57.18,0.46214466225740125,0.043358580096086584,0.22361392347251394
57.2,0.48275507896328884,0.04410555975211515,0.3995949909386362
57.22,0.48839168635898483,0.04164248318350582,0.5721591353410893
57.24,0.4850568950665887,0.036114522644423726,0.728634912502795
57.26,0.4752784215807251,0.02797344806886676,0.8575819394161804
57.28,0.46015941844393693,0.017880490148623744,0.9498142368293847
57.300000000000004,0.44031858120068046,0.006626732105465532,0.9990756517043375
57.32,0.4162288869505003,-0.0049406750872712235,1.0024105486483046
57.34,0.38833407711916124,-0.015988546710405987,0.960246468926174
57.36,0.35709457055090044,-0.02576131231756321,0.8762082148045767
57.38,0.32301564055864,-0.03363447573974255,0.7566964551319774
57.4,0.2866783348665267,-0.03915443980079381,0.6102787499363785
57.42,0.24878536265633325,-0.04206219835755313,0.4469528965638027
57.44,0.2102334113211554,-0.04229955927422381,0.2773502010671788
57.46,0.172222762305882,-0.03999776530928223,0.11194921736346702
57.480000000000004,0.136408399389566,-0.03544958698682092,-0.03963137703520579
57.5,0.1050784066067031,-0.0290672564827999,-0.16919893328025665
57.52,0.08131946877119603,-0.021330103457951347,-0.2703625705377738
57.54,0.06912194861560599,-0.012727242683746276,-0.3386875825050509
57.56,0.0734069770902519,-0.0037014045450212254,-0.3716208545953865
57.58,0.09988418290218218,0.00539982539593858,-0.3682040828809707
57.6,0.15391747589914115,0.014352860204674356,-0.3286246686387109
57.620000000000005,0.23567404746486675,0.023023548690569298,-0.2537543887954868
57.64,0.33042294177039483,0.031179956914340366,-0.14510275664916178
57.660000000000004,0.4100635486493496,0.03820210795542554,-0.005808351739383577
57.68,0.45882281598655444,0.04312586344003979,0.1577085220401525
57.7,0.4821957032363311,0.04512227896390145,0.3352734352777231
57.72,0.49026358935872677,0.04381147076609648,0.5142575756046639
57.74,0.4889783990073286,0.03924747701031458,0.6814132221986036
57.76,0.4809581039381024,0.031811572478632005,0.8243978145431405
57.78,0.4673568463941513,0.022119797500022593,0.9328910346672652
57.800000000000004,0.4488085420308895,0.010944635652750662,0.9993747036153521
57.82,0.4257811876035771,-0.0008593328563821483,1.0196093027842106
57.84,0.39869945620907876,-0.012427798020436705,0.9928166658156077
57.86,0.3679899126892082,-0.022954355476806777,0.9215813841256736
57.88,0.33410353067053805,-0.031749318113301124,0.8114979370147045
57.9,0.2975355337888036,-0.03828586490673376,0.6706067500381522
57.92,0.25885292570612123,-0.04223060842390827,0.5086760366412016
57.94,0.21873889987262807,-0.043456846083197255,0.33639563208121986
57.96,0.17806419871775253,-0.04204000766348793,0.16455347303682766
57.980000000000004,0.13799362201800533,-0.03823602854373848,0.0032648776238562716
58.0,0.1001247857259044,-0.03244458594878366,-0.13868053804865865
58.02,0.06663105450383083,-0.02516047750644993,-0.25429982936581
58.04,0.04035289905813336,-0.016917989174031048,-0.3386873022426417
58.06,0.024795911386092113,-0.008234427807197098,-0.38905873141069686
58.08,0.024091910271436992,0.0004413071723768725,-0.4045781717123731
58.1,0.043070698504349934,0.008772148766618167,-0.3859947108479073
58.120000000000005,0.08727660284490868,0.01656707765732248,-0.33512285970539796
58.14,0.16122340573137142,0.02379024378842274,-0.2542246949580997
58.160000000000004,0.2605849385049481,0.03047220498596521,-0.14551302914422695
58.18,0.3612032566266854,0.036415056557341174,-0.011405587914978373
58.2,0.4327888641035066,0.04090969327786143,0.14388811829862183
58.22,0.4696676292597399,0.043026624927909776,0.312683451508755
58.24,0.48381520321251525,0.042172407503357594,0.4841163932042418
58.26,0.4853450290268147,0.03824677918562475,0.6459506038516627
58.28,0.4790423295779203,0.031532771199952486,0.7863613875112554
58.300000000000004,0.46686993968006696,0.022574083015499707,0.8952124188020572
58.32,0.4497335450125473,0.01208349032193214,0.9649074298481487
58.34,0.42819843435776433,0.0008661408284130669,0.990910409245859
58.36,0.40273948522815806,-0.010251473815035838,0.9719715539961151
58.38,0.37383081721413614,-0.020487283634540297,0.9100789519663989
58.4,0.3419886098683933,-0.029161156150018654,0.810162509808199
58.42,0.3078074107260376,-0.03574062657949426,0.6795902686881264
58.44,0.2720081468295,-0.039871895171664264,0.5275104371030752
58.46,0.2355111068678058,-0.041394155855276324,0.36410231428242973
58.480000000000004,0.19954603157606401,-0.04033646961985161,0.19980474382614088
58.5,0.16580658531680498,-0.03689758943106961,0.04459151097226999
58.52,0.1366414598768825,-0.031410423788512554,-0.09264104286129496
58.54,0.11524800786808963,-0.024294312520421146,-0.20451855138404784
58.56,0.10580643425606931,-0.01599999112882232,-0.28542571673646283
58.58,0.11345150922476291,-0.006953930221891081,-0.33151943709381815
58.6,0.14374869508101576,0.0024879613761019277,-0.34053358917777077
58.620000000000005,0.2004665449498821,0.01205496721143199,-0.31145045843837377
58.64,0.27953306977509307,0.021491059510706095,-0.24426016232954462
58.660000000000004,0.3627280436810562,0.03035062766450777,-0.14027204425036247
58.68,0.42725871419744876,0.03782761989692455,-0.003290074598008945
58.7,0.46571431035473543,0.04295694896254298,0.15920582825766177
58.72,0.4844752454189511,0.045020750428549895,0.3362581200611439
58.74,0.49089880653920465,0.043725421513715036,0.5148757164843348
58.76,0.48908146030651634,0.03916367223718676,0.6816929118225119
58.78,0.4808918867399039,0.03173027759860108,0.8243462462253855
58.800000000000004,0.46723636085651027,0.0220452087213882,0.932526089580379
58.82,0.4486732764594647,0.010881540456310061,0.9987328575591972
58.84,0.425648452238263,-0.0009067968596819581,1.0187451345182605
58.86,0.39858056994529273,-0.012456667460730776,0.9917990681521898
58.88,0.3678955198457916,-0.02296306053136061,0.9204883547000315
58.9,0.3340459767081599,-0.031737714454848694,0.8104108859819052
58.92,0.29753078584073567,-0.03825511455396725,0.6696049891516833
58.94,0.25892303202212497,-0.042182925108523825,0.5078320198640627
58.96,0.2189156508564868,-0.043395115289108985,0.33577146823767895
58.980000000000004,0.17839462154288493,-0.04196728825526535,0.16419919687330162
59.0,0.13854785935683503,-0.03815493996969547,0.0032189442729680245
59.02,0.101006580231308,-0.03235658575310957,-0.13838808555355958
59.04,0.06799064805913677,-0.02506504221642671,-0.2536411029914974
59.06,0.04240268808286098,-0.016811719699430527,-0.3376268781458786
59.08,0.027832057900972006,-0.008110074621410265,-0.3875402332230177
59.1,0.02852758886974336,0.0005959915156278275,-0.402506656801177
59.120000000000005,0.04947049011066788,0.008975815524119116,-0.38321392690205164
59.14,0.09628845531335439,0.016845600650751177,-0.3313873745544061
59.160000000000004,0.17303746026081826,0.024171890730050077,-0.24917705922124075
59.18,0.2735424312036894,0.030963894960393215,-0.1387128431173944
59.2,0.37163434381426125,0.03695998006807045,-0.002499967299914984
59.22,0.43883322258891094,0.04138992541669742,0.1548864742623665
59.24,0.47252294702392583,0.04333288545833717,0.3252834415809386
59.26,0.4850046110875083,0.042244988144191156,0.49748576660812005
59.28,0.4856470724765212,0.03806952176138794,0.6591103336417575
59.300000000000004,0.4787548452826183,0.03111946094789771,0.7983314588098812
59.32,0.4660981657363756,0.02195953715541328,0.9051123517071409
59.34,0.4485169622792489,0.011317418126532577,0.9720276518783457
59.36,0.42655484982892017,7.71623277710104e-06,0.9947609017383917
59.38,0.4006787957443559,-0.011138965676041633,0.9723089932585006
59.4,0.3713586370817078,-0.02134167130547102,0.9069126207013972
59.42,0.3391063459926795,-0.029926201175810165,0.8037400163200632
59.44,0.30451076022080986,-0.036370132959929004,0.6703653126021242
59.46,0.26828453933278096,-0.04033285502206798,0.516095992875051
59.480000000000004,0.23133616637230614,-0.04166876096621995,0.35121345927870495
59.5,0.19487897493961365,-0.04042291591373677,0.18619584680173834
59.52,0.16058429974387226,-0.036809701693305025,0.030992587867921105
59.54,0.13077066191499748,-0.031176225757584254,-0.10558430540191949
59.56,0.10859500620658072,-0.023953754596297453,-0.21629728572394039
59.58,0.09818836703139987,-0.015602081118123895,-0.2957100082860812
59.6,0.10465346242313218,-0.006553312172049739,-0.3401879500969828
59.620000000000005,0.1336514134718014,0.00283587062733435,-0.3476872156892686
59.64,0.189456441984957,0.012303555980904086,-0.3173987104573443
59.660000000000004,0.269129897063497,0.02162171536220302,-0.24945106674485845
59.68,0.35515593004544255,0.030393624609254377,-0.1451342264734891
59.7,0.4232529300827811,0.03785015057896152,-0.008044922683761987
59.72,0.46412729236273303,0.043017708296301575,0.15460317911249177
59.74,0.48404084959863525,0.04514643705225229,0.3320244524320781
59.76,0.4909559839642004,0.043917653300013126,0.5112801776100532
59.78,0.4893699551452357,0.039410460154480055,0.6789808221116412
59.800000000000004,0.4813145352354306,0.032012911529835174,0.8226999073670097
59.82,0.46775066687452654,0.02234200173834239,0.9320460495722279
59.84,0.44925323537140033,0.011170286071410487,0.9994311695261756
59.86,0.4262720645629078,-0.0006469054341271974,1.0205472476726956
59.88,0.39922534174705027,-0.012243480344136193,0.994552658576076
59.9,0.36853603927226597,-0.022810290474574967,0.9239776474890453
59.92,0.33465153529333896,-0.031654185525174475,0.814374858955691
59.94,0.29806205051927565,-0.03824448389986288,0.6737576468197649
59.96,0.2593268748179058,-0.04224389993326014,0.5118827936011136
59.980000000000004,0.2191170348643685,-0.04352216672721329,0.3394437524809681
60.0,0.1782842310052826,-0.04215184893848821,0.1672450560880967
60.02,0.13796431014552923,-0.0383870602610397,0.005428101692801585
60.04,0.09971293849811984,-0.03262700469010783,-0.13718673316748148
60.06,0.0656462745629027,-0.025367591748980144,-0.25358695611791704
60.08,0.0385306342070084,-0.017145940981011597,-0.3388451887287335
60.1,0.021775567850124213,-0.008483965345020997,-0.3901703887311111
60.120000000000005,0.019381387584933466,0.0001629705774857798,-0.4067418828624535
60.14,0.03600149451240087,0.008449258030825278,-0.3893539759207647
60.160000000000004,0.07704861206733417,0.016173719569106095,-0.3399043384311115
60.18,0.14744101441292734,0.023294250932218326,-0.26077469109848006
60.2,0.2448615187275114,0.0298598134628243,-0.1542834980363835
60.22,0.34790443013485817,0.03574266486455421,-0.022780560644027587
60.24,0.42478157526890686,0.04031411037649872,0.12992551381631293
60.26,0.46583210410873155,0.04264516491716767,0.296729670892254
60.28,0.48222003451550943,0.04208341355073189,0.46720606456479885
60.300000000000004,0.4849328603141812,0.03847247247606088,0.6293136708458917
60.32,0.4793970106041054,0.03205640779780271,0.7712337745947585
60.34,0.46784194413311087,0.023351818831993974,0.8827057755745071
60.36,0.45126550368996793,0.013052453593215317,0.955917568233945
60.38,0.4302631176487871,0.0019514103901303653,0.9860552741639722
60.4,0.40532001522174244,-0.00913006116532741,0.9715566686303714
60.42,0.3769150011225082,-0.01940851786584407,0.9140897921399921
60.44,0.3455680228488592,-0.028196366658694995,0.8182824129272103
60.46,0.3118782899870001,-0.03494850604617447,0.6912409915884747
60.480000000000004,0.2765731565739958,-0.039294559741916944,0.541911038836911
60.5,0.24058160271542467,-0.0410546647016203,0.3803409343802373
60.52,0.2051446234986323,-0.0402379071575373,0.2169171907236343
60.54,0.17197002434221764,-0.03702368906236667,0.06164041078923958
60.56,0.1434243578395487,-0.03172758923325018,-0.07649245561337546
60.58,0.12272780755760815,-0.024754781008140277,-0.18994311254962964
60.6,0.11408496723583443,-0.016545835337676687,-0.272883433116238
60.620000000000005,0.12262653292395582,-0.007521810608509949,-0.3212260318456704
60.64,0.1537735363599713,0.001960441520870016,-0.3324506980442452
60.660000000000004,0.21076971486445503,0.011618437348350965,-0.30530886284046554
60.68,0.2885913422742119,0.021166251955372986,-0.23964100714525732
60.7,0.3687710631767728,0.03011399305059561,-0.13676114176803333
60.72,0.4301062623513156,0.037629225349367704,-0.0006326957590683802
60.74,0.46661292956033473,0.042759563604703274,0.16107939808803962
60.76,0.4845392148253969,0.044813732979719946,0.33732279700337686
60.78,0.4906682853771853,0.04351521315975137,0.5151022140651457
60.800000000000004,0.4887614717280459,0.03896332817334729,0.681093563404803
60.82,0.4805583528097594,0.031553850462221325,0.8229888369206547
60.84,0.46692364955983673,0.021905108297784047,0.9305319264348054
60.86,0.4484039626002956,0.010787206561028384,0.9962672607040832
60.88,0.42544301232836595,-0.0009495758549417743,1.016004028607475
60.9,0.39846119456101275,-0.012445998557494998,0.9889937574688401
60.92,0.36788869507085714,-0.0229008180106868,0.9178300801399079
60.94,0.3341855200455908,-0.03162907539415989,0.8080965784824748
60.96,0.2978623290252318,-0.03810779373916197,0.6678054948359295
60.980000000000004,0.2595110033076835,-0.042006147282419234,0.506683923230617
61.0,0.2198541259758436,-0.043198357637693474,0.3353734950318716
61.02,0.17982370330986766,-0.04175881238665586,0.16461407152599972
61.04,0.14067714593502073,-0.03794011578524207,0.004481534149499533
61.06,0.10414647711749503,-0.032136002160264146,-0.13625549590982583
61.08,0.07259140547712077,-0.02483241175155345,-0.2506055625357728
61.1,0.049102958010320844,-0.01655159107804074,-0.33361275485482655
61.120000000000005,0.03752611348053378,-0.007795281951855679,-0.38238757788645295
61.14,0.042460441700225664,0.0010074082088282993,-0.3959184140800046
61.160000000000004,0.06929571970470902,0.009544107162944595,-0.37468967985639606
61.18,0.12367791735609057,0.01764913885826654,-0.32014754637037296
61.2,0.20764268506664244,0.02528451175528652,-0.23412242816084447
61.22,0.3090855365860852,0.032372280977962554,-0.118583517883764
61.24,0.39804409408720703,0.03845617628472294,0.02354172673409046
61.26,0.4532686245059493,0.0426327201526579,0.1865194214096651
61.28,0.47914123148699833,0.04404542803942108,0.3608955294943269
61.300000000000004,0.4876298953352272,0.042291399707211255,0.5346397550998987
61.32,0.4860706954730087,0.03742609688856325,0.6950637113685223
61.34,0.47764359280843166,0.029839193953342506,0.8304096539969238
61.36,0.4636898776271348,0.020149660786824633,0.9309672726619334
61.38,0.4449055709247828,0.009123071565095111,0.9898210162694752
61.4,0.4217866304159729,-0.0024030347395001548,1.003285799683934
61.42,0.39478170543288216,-0.013589958090535072,0.9710518749681795
61.44,0.3643493408571123,-0.023662967069333227,0.8960567458338633
61.46,0.3309890870813445,-0.031967089927074525,0.7841139653254846
61.480000000000004,0.29527211875851606,-0.038009993986243724,0.6433435161340945
61.5,0.25788488136457427,-0.041489226635868376,0.4834612198615294
61.52,0.21969746594643905,-0.04230221464745988,0.31499332959157034
61.54,0.1818681105484799,-0.040538613631772066,0.14848648850449594
61.56,0.14599010781626268,-0.0364558021619881,-0.0062175299894183
61.58,0.11427139132044681,-0.0304395872822493,-0.14057856287751158
61.6,0.08971140317986101,-0.022953648423816083,-0.24777365695158665
61.620000000000005,0.07622534133278588,-0.014482790573624916,-0.3228961448613654
61.64,0.07868270996298504,-0.00547610620420777,-0.3629254486507428
61.660000000000004,0.10276120123401197,0.003703288817867873,-0.36648018365385177
61.68,0.15387144267981318,0.012809522597802317,-0.333401434263267
61.7,0.23265538500467986,0.02168578396697747,-0.2643080035375056
61.72,0.32570606394795726,0.03009216755513215,-0.1605237456080616
61.74,0.4058511239726759,0.0374233079903156,-0.024985245723332713
61.76,0.45622854497537946,0.042722397558976874,0.13614737359520104
61.78,0.48106490825319703,0.045135362488910605,0.3129244184498418
61.800000000000004,0.4902064310512352,0.044241337294470474,0.4928012124107816
61.82,0.48974797693849126,0.04005591154807816,0.662451822266611
61.84,0.482421988317919,0.03292970344377415,0.8093167182812382
61.86,0.46943325389210094,0.023456659038020487,0.9227529996551325
61.88,0.45143369128560074,0.012396034230715886,0.9948491732460238
61.9,0.42889602605450167,0.0005981619145224359,1.0209374814487253
61.92,0.4022440213910913,-0.011068253565300648,0.9998120179774187
61.940000000000005,0.3719000323712032,-0.02178467103835275,0.9336630892182591
61.96,0.338307610518454,-0.030842950988680354,0.8277526215564911
61.980000000000004,0.3019500802578481,-0.03769335202912862,0.6898719048582227
62.0,0.2633754357934926,-0.041977226138367706,0.5296371188308967
62.02,0.22323638167844945,-0.04354252764141859,0.3576880310012891
62.04,0.1823553082573704,-0.0424415036696801,0.18486029246139868
62.06,0.141822957133505,-0.03891115879357161,0.02140181999800203
62.08,0.10313029786353399,-0.033338286193340755,-0.12370101064197236
62.1,0.06830978465259528,-0.02621216377026811,-0.24323135037252447
62.120000000000005,0.04003203087054564,-0.018069558405038412,-0.33204344124114776
62.14,0.021606435035075332,-0.009438136833157057,-0.38713882526938836
62.160000000000004,0.01692128461467354,-0.0007844631216496712,-0.4075235751258182
62.18,0.030482358757733138,0.007529914352015139,-0.3938732309472451
62.2,0.0675656860157239,0.015284123532442804,-0.34803855318766835
62.22,0.13340032442916888,0.022417759045571396,-0.27243373236602875
62.24,0.22762800182221535,0.02898359976009195,-0.16944959113329064
62.26,0.3322641482341614,0.03491507443390663,-0.041387022887085095
62.28,0.41489719829656724,0.03967429084568266,0.10832874294037287
62.300000000000004,0.4611298061817272,0.04234398996344515,0.2732098059805006
62.32,0.4804876151141824,0.04220340597945163,0.4433096592728598
62.34,0.48481061529400316,0.03902347122898647,0.6067658055995687
62.36,0.48031423628311753,0.03299664870143277,0.7516889483658411
62.38,0.46957506001656996,0.02460468482794024,0.8675771643154423
62.4,0.453712422098471,0.014518503130717468,0.9462626264124417
62.42,0.43335998029302825,0.003518717640362369,0.9825053901995037
62.440000000000005,0.4090132362087397,-0.007576151208880406,0.974286904500683
62.46,0.38115151172203465,-0.017976293159411894,0.9228264466919631
62.480000000000004,0.3502908204762318,-0.026979773160376072,0.8323449006992422
62.5,0.3170227767042529,-0.034020796387237394,0.7096125305408888
62.52,0.28206220643449076,-0.03870397277690716,0.5633307947221845
62.54,0.24631786838752612,-0.040822396573332746,0.4034089238530172
62.56,0.21099884711960598,-0.0403584696446069,0.24020252924182328
62.58,0.1777649890767806,-0.03746757827654788,0.08378345096960602
62.6,0.14891626438992311,-0.03244600182069671,-0.0566928763104773
62.620000000000005,0.12758979391450778,-0.02568590812811223,-0.1734646370009594
62.64,0.11789882811129582,-0.017622060109449188,-0.2604423864965223
62.660000000000004,0.12488957128083034,-0.008676984584434113,-0.31326886732695974
62.68,0.1539516728980207,0.000784720764660703,-0.32917301373861085
62.7,0.2085256346909929,0.010469905236773335,-0.3066940378867419
62.72,0.28435388760831487,0.020087743342222124,-0.24549531547270603
62.74,0.3640654738438603,0.029159997155202864,-0.1467022558363758
62.76,0.42643357007678967,0.03687353695576106,-0.014019457823324685
62.78,0.46433724136527676,0.04227482004459005,0.14519083971436392
62.800000000000004,0.4833752948984415,0.04464691705767593,0.32012099766283963
62.82,0.4903246159958043,0.04368002074073746,0.4978972360125155
62.84,0.4890744232777529,0.03944272287794538,0.6651872780463348
62.86,0.4814443495939841,0.03230515298125408,0.8095618543914899
62.88,0.46833375189530335,0.022865775037372006,0.9205523862082384
62.9,0.4503022519720333,0.011881189550515222,0.9904239114250202
62.92,0.4277980845678019,0.00019494904153312224,1.0146656809462207
62.940000000000005,0.40124302646650994,-0.011333614230701143,0.9921960773944699
62.96,0.37106755711944045,-0.021896768935368578,0.9252889665053189
62.980000000000004,0.33773166581135594,-0.03079754027280053,0.8192455273143411
63.0,0.30174592832558994,-0.037496644609267875,0.6818527079840031
63.02,0.26370199573524744,-0.04164415777754657,0.5226836488470118
63.04,0.22432171189057554,-0.04309404713315828,0.35230528736687367
63.06,0.18453529590545237,-0.04190093376743959,0.18146336802768115
63.08,0.145597124655508,-0.03829966658673684,0.02031517343007168
63.1,0.1092365051317787,-0.03266950920820933,-0.12222445350327443
63.120000000000005,0.07781655494348051,-0.025486097885728247,-0.238968072927025
63.14,0.054449896129977284,-0.017265881155311177,-0.32473157808849384
63.160000000000004,0.043036918926239696,-0.008509002691786888,-0.37638269521200574
63.18,0.04827293416607448,0.00035368592120984567,-0.3926676610039448
63.2,0.07565101021504497,0.009005607887382494,-0.373840832521072
63.22,0.13078396707639095,0.017273894919369363,-0.3211404337942124
63.24,0.2151941300292502,0.025105394312751408,-0.23623085606151303
63.26,0.31571946476259743,0.03238916874500743,-0.12100867551565103
63.28,0.40235799564768704,0.03862373016596834,0.021506653170134605
63.300000000000004,0.4554951644310599,0.04288450186800472,0.18534437220033445
63.32,0.48028975342661057,0.044326923078310265,0.3608019523821182
63.34,0.4883484450288081,0.04256551388144821,0.5356675641073618
63.36,0.4866134333122057,0.037666679558584014,0.6971283505785737
63.38,0.4780839330030703,0.03002700540733677,0.8333365086502335
63.4,0.464036761383187,0.02027128266614042,0.9345165093669617
63.42,0.4451460727418195,0.009170865561149133,0.9937106599606418
63.440000000000005,0.42189893657437283,-0.002430926592580077,1.0072149246520534
63.46,0.3947378286262746,-0.013689926195236282,0.9747232282640012
63.480000000000004,0.3641139475659195,-0.02382664247957935,0.8991973330046181
63.5,0.3305160254178423,-0.03218242672596452,0.7864920390036073
63.52,0.2944985040657565,-0.038262665584696307,0.644780584271452
63.54,0.2567217971165841,-0.041764266114073634,0.48383795788756556
63.56,0.21801583726475732,-0.04258583771570571,0.31424854834150934
63.58,0.17947810801645872,-0.04082018255994012,0.14660851829412688
63.6,0.14261282061516892,-0.03672990961049613,-0.009207555427893368
63.620000000000005,0.10950256056747659,-0.03070824572827196,-0.1446519749579431
63.64,0.08297790702001787,-0.023228557396271728,-0.2529284468420863
63.660000000000004,0.06673555233551937,-0.014787633793841997,-0.32920030685559565
63.68,0.06538383627631757,-0.005848737212625245,-0.3705693868810789
63.7,0.08439983736437803,0.0032097547741574937,-0.37583635998231507
63.72,0.1295542906451994,0.01213185792109302,-0.34507902411645613
63.74,0.2037348435895889,0.02077876237102725,-0.2791491585369156
63.76,0.29812472263812717,0.029000198066559416,-0.17940211821409166
63.78,0.38665764106612216,0.03634100475006892,-0.04829849872540429
63.800000000000004,0.4461884919346485,0.04191388150362326,0.10897033422068761
63.82,0.4766895904012344,0.044792295005039603,0.2833997683326963
63.84,0.48872959008618766,0.04444411934787818,0.4629852873296676
63.86,0.4899032952718766,0.040800423105177855,0.6345427242478172
63.88,0.48372492411519097,0.03415446748230289,0.7853741680270605
63.9,0.4716925579228124,0.025060502162051752,0.9045065339176414
63.92,0.45455520192929877,0.014251532855461999,0.9835669205898875
63.940000000000005,0.43281634521345846,0.002564050425931489,1.0173461133141004
63.96,0.4069094549778318,-0.009135053310808225,1.0040655981923463
63.980000000000004,0.3772601497248732,-0.020017784837713926,0.9453587146248656
64.0,0.34431358116171523,-0.02935671137353149,0.8459884991669148
64.02,0.30855468805292374,-0.036575006035193064,0.7133408819443561
64.04,0.27053369739964306,-0.04128165983330551,0.5567464717830444
64.06,0.23090628334825125,-0.04328976903224892,0.386694849729988
64.08,0.19049846056808042,-0.042617043167078324,0.21401119389080964
64.1,0.15040563904371143,-0.0394689051406981,0.049066011774520454
64.12,0.1121272631368993,-0.03420575737397331,-0.09891513062055769
64.14,0.07771706914228006,-0.027297281668793968,-0.22238381734969204
64.16,0.04989981667851743,-0.019268158543777503,-0.3157992964233082
64.18,0.03210387910942039,-0.010641064336230677,-0.37573430441900274
64.2,0.028434291445434162,-0.0018830718960707342,-0.40075785078351905
64.22,0.043712124024735094,0.006640600532425284,-0.3911175609208246
64.24,0.08349595892336362,0.014703700803455212,-0.34825435796619714
64.26,0.1526992027020166,0.022234180946246004,-0.27420306763245983
64.28,0.24879375574082704,0.02924496903694669,-0.17106677754593436
64.3,0.35035244257165366,0.035568215452031204,-0.04113453123341164
64.32000000000001,0.4261880122643151,0.04054365004410665,0.11169724745998474
64.34,0.4669688273372567,0.043226151599742524,0.2801418520493045
64.36,0.48354373807799106,0.042951394358983985,0.4535398639572053
64.38,0.4865786645986672,0.03954978183673651,0.6195660304256249
64.4,0.48135551191332154,0.0332544900773203,0.7660677090372066
64.42,0.47005221914173806,0.024576926574660977,0.882417482953427
64.44,0.4536472027995832,0.014212554703283335,0.960429351565778
64.46000000000001,0.4327246565208874,0.0029629284585692296,0.9949360960165258
64.48,0.4077579046275186,-0.00833647410018392,0.9840679399520124
64.5,0.3792088299634281,-0.01888368578060027,0.9292514334750274
64.52,0.3475716186407149,-0.027970096151852225,0.8349525756841129
64.54,0.31340580471572954,-0.03502907175501546,0.7082018317281473
64.56,0.2773776850109137,-0.0396702184029918,0.5579524893713774
64.58,0.24032311522876887,-0.041697143131855394,0.39433444051262445
64.6,0.20334392999539988,-0.04110772469842136,0.2278717646161518
64.62,0.16794726010536767,-0.038077091181008105,0.06873408316510174
64.64,0.13622527286711453,-0.0329247447586811,-0.07391159030331432
64.66,0.11104940529822457,-0.026068679182902302,-0.192390276949301
64.68,0.09622812193088041,-0.017970941025695984,-0.28080605986038526
64.7,0.09656353640071301,-0.00908062357514149,-0.33510399978433336
64.72,0.11765283426450972,0.0002180521196231645,-0.3529111715950168
64.74,0.16471342233711087,0.009638513730725008,-0.3332011512421834
64.76,0.23829695260292663,0.018966746035083845,-0.2759232476891766
64.78,0.3260759775982084,0.02790570666483849,-0.18196996566162016
64.8,0.4032179049006081,0.035825818130243624,-0.054018706289942875
64.82000000000001,0.45341005107911486,0.04177569135522349,0.10200482600865836
64.84,0.47936967357101196,0.04488823576260707,0.27638390425608717
64.86,0.48985370753031343,0.044698900228425174,0.4566888651260129
64.88,0.49065317901266753,0.04116902675351439,0.629506059996867
64.9,0.48447259031696444,0.03459924345236567,0.7819766422544152
64.92,0.47253191170876785,0.025543976471557202,0.902978101990682
64.94,0.4554937952105025,0.01473612987546908,0.9839869944238618
64.96000000000001,0.43383465049074016,0.0030140249325828045,1.019646690432458
64.98,0.40797743247580975,-0.008751282955796844,1.0080432666928634
65.0,0.37834065601545525,-0.01972558647788329,0.950695564680314
65.02,0.34536115020023045,-0.029173767962895343,0.8522801437914937
65.04,0.30951162022869527,-0.03651057018753027,0.7201289445966182
65.06,0.2713231810299278,-0.041336603921866756,0.5635524786017115
65.08,0.23142125878743605,-0.043457451526113924,0.39305228947562737
65.1,0.19058432378705167,-0.042884979145844646,0.21949249606466675
65.12,0.14983480702182062,-0.03982120622100489,0.05330128866401135
65.14,0.1105646426928511,-0.034626279194535925,-0.09623054398926255
65.16,0.074677580394888,-0.027773364535118777,-0.22149564995297644
65.18,0.0446995892874199,-0.01979477354794823,-0.3169164735416866
65.2,0.023799360919250227,-0.011225179683688953,-0.37906814418128815
65.22,0.01572856948659106,-0.0025483048291198903,-0.4065792031150217
65.24,0.02482324109376283,0.005848640424820565,-0.39983381263394396
65.26,0.056168030259562796,0.01371228209437826,-0.3605084101264308
65.28,0.11522454979652348,0.020948442458849272,-0.29097904196101465
65.3,0.20383700118400017,0.027598862252389614,-0.19370138662399763
65.32000000000001,0.3089566329510352,0.033660245574802676,-0.07095402917349675
65.34,0.3991076877110724,0.03872351378529449,0.07427520492008732
65.36,0.4533497266210839,0.041914801246270283,0.23633360232863068
65.38,0.47760768464385006,0.04242512897275888,0.4059954681825005
65.4,0.4845940509368769,0.03991330762401726,0.5716847416897295
65.42,0.4817676888533491,0.034489160871707995,0.7214050016208219
65.44,0.4723000084960653,0.026579003632301177,0.8442741925171631
65.46000000000001,0.4575245602483958,0.016818001710517415,0.9315636677499146
65.48,0.43814265094376925,0.005967557858642008,0.9773632717309922
65.5,0.41466717470637515,-0.005157640076327094,0.9789384704232328
65.52,0.3875767400243341,-0.015757390069268254,0.9368061569467053
65.54,0.3573777289053732,-0.02510697170891856,0.8545519279151274
65.56,0.32464423490738525,-0.03260801221519705,0.738422471189718
65.58,0.29006291552171287,-0.03782598446987674,0.5967402600617567
65.6,0.25449815174317564,-0.040511928706822915,0.43919917790280777
65.62,0.21909044505874803,-0.04060707359557488,0.2761072074651074
65.64,0.18539781632296887,-0.03823020073238442,0.11764529749852227
65.66,0.1555788409539325,-0.03364884012346214,-0.0267903059715821
65.68,0.1325921628850805,-0.02723681056274886,-0.1491020947613532
65.7,0.1203534700370563,-0.01942233883446904,-0.24281492251208556
65.72,0.12374013483811006,-0.010633056360601547,-0.3031833552047484
65.74,0.14815005981748985,-0.0012475480859112254,-0.3270879192074663
65.76,0.1976604136340405,0.00842687274173078,-0.3127802747434639
65.78,0.2699911081012172,0.018105501051576944,-0.25966121371896506
65.8,0.3502370356323843,0.02735751935714015,-0.1684887036954395
65.82000000000001,0.41657906183042076,0.03542831682526433,-0.04236525160750133
65.84,0.4587107304055322,0.04136248544055007,0.11207990636764081
65.86,0.4807095243015379,0.044378173188006464,0.28462453872816473
65.88,0.48960731018398057,0.044086382346497165,0.4626777789992881
65.9,0.48978900946631776,0.040487362709105544,0.6328919752473402
65.92,0.4833474699623596,0.03389701839179811,0.7825775169811853
65.94,0.4712929114131228,0.024873141383701888,0.9008157628047582
65.96000000000001,0.4542243006408616,0.014145427129299826,0.9792863640840626
65.98,0.43260212514589724,0.002544720498477933,1.0128138785552363
66.0,0.40685015617518877,-0.009068293022506776,0.9996294716230772
66.02,0.3773962806351275,-0.01987148410644201,0.9413517865052318
66.04,0.3446947555368027,-0.029142340450961313,0.8427074219834032
66.06,0.30924677001973566,-0.036307554444742415,0.7110288565980498
66.08,0.2716289260724098,-0.04097787758719908,0.5555825830277056
66.1,0.23253870798683235,-0.04296612594496027,0.3867910213591568
66.12,0.19286730121093779,-0.04228745194744661,0.21541778840766315
66.14,0.1538092074772317,-0.03914221792451732,0.05178698832314657
66.16,0.11700917626752017,-0.03388301850851495,-0.09489656452610087
66.18,0.08472504405376577,-0.026968720635403547,-0.21706804767199367
66.2,0.059958630156445654,-0.018909918423559074,-0.30912059196947367
66.22,0.046512505724829706,-0.010211580485941469,-0.36749738260234077
66.24,0.0490000386635977,-0.0013187834527514822,-0.39055876005343404
66.26,0.0728486412624228,0.007430143236093414,-0.3782458642795639
66.28,0.12377823126994489,0.015836481096489118,-0.33158072720153275
66.3,0.20427000094033776,0.023828231914099454,-0.2521070800534846
66.32000000000001,0.3036534679937876,0.03130879749828719,-0.14162000715732376
66.34,0.39326216613327075,0.03783223649875636,-0.0028884272111290906
66.36,0.45061962004195677,0.04250269464652061,0.15856612220140642
66.38,0.47838347704091655,0.04443238771761776,0.3334567436835614
66.4,0.4881990482695264,0.043167608754707786,0.5097447824160031
66.42,0.48761558871471766,0.03871861497180795,0.6745367870268679
66.44,0.47997360954504903,0.03144193174745897,0.8157128350053688
66.46000000000001,0.4666810147696133,0.021935520404289765,0.9230922635353854
66.48,0.4484547355676142,0.010955705236768885,0.9892287746003293
66.5,0.4257930490783034,-0.0006579828341484163,1.0098922612295302
66.52,0.3991378753443432,-0.012054634387720708,0.9842568031305282
66.54,0.3689338501670589,-0.0224387493150489,0.9148103430742758
66.56,0.33565774827675426,-0.03112825708589856,0.8070134321695842
66.58,0.29984475445271086,-0.03760004937058905,0.668749736890784
66.6,0.2621246928537303,-0.041520123983510356,0.5096244038456829
66.62,0.22327914400299495,-0.04275656564756781,0.3401757843332854
66.64,0.18433064215423237,-0.0413747988017569,0.17107070515694864
66.66,0.14667196471400423,-0.03761575260780948,0.012353317925683106
66.68,0.1122304604112989,-0.03185881499191164,-0.12718744499663084
66.7,0.08363740807758548,-0.024572850911505677,-0.240477010343004
66.72,0.06435258833522947,-0.01626010967224221,-0.3224023026547169
66.74,0.05871720543930151,-0.007398958412025392,-0.36983012910783664
66.76,0.07195207188296729,0.0016088502157185123,-0.38140382376431115
66.78,0.10988439560347972,0.010480311326083402,-0.3571473935431111
66.8,0.176917044344607,0.019063596858374318,-0.29794886148792965
66.82000000000001,0.2687697571348404,0.027254994280934863,-0.2051520400054721
66.84,0.3632654182248178,0.03473563113990684,-0.08083269589483406
66.86,0.4326575513169371,0.04073086491502764,0.0707628720852278
66.88,0.47044988557910783,0.04427058888351812,0.241723665239364
66.9,0.4865367521865754,0.04469443652184896,0.4207505847637504
66.92,0.4900449387214921,0.041819852732864496,0.594863759644878
66.94,0.4855007883015176,0.03585887561668345,0.7511816865060688
66.96000000000001,0.4748148302280652,0.027308664435597325,0.8782737114701464
66.98,0.4588773546682245,0.016864114695283202,0.9671198459974196
67.0,0.43823659634195644,0.005341193208310953,1.0117467050265498
67.02,0.41333883660196413,-0.006396659723087893,1.0095638683656032
67.04,0.3846117169837859,-0.01750888131661274,0.9614115054250494
67.06,0.35249812402471625,-0.02724143979767246,0.8713386430831608
67.08,0.31747797740806394,-0.03497977473540357,0.746146963329735
67.1,0.28009310051598924,-0.04028759736906655,0.5947501365064889
67.12,0.24098518290768092,-0.04292917806855423,0.42741038665922826
67.14,0.2009570055624643,-0.04287396379487562,0.2549210679808603
67.16,0.16106705425747966,-0.04028359707532376,0.08780619327895957
67.18,0.12276163022201998,-0.03548261145062699,-0.06439483904272209
67.2,0.08803018976816439,-0.028915345379110887,-0.19369665891681395
67.22,0.05954110567174266,-0.021093090643574515,-0.29404385640396874
67.24,0.04070512380257748,-0.012537016484178294,-0.36146500758132044
67.26,0.03567080181558153,-0.003723023149051758,-0.39400031410348174
67.28,0.04934866898865332,0.0049668725841105895,-0.39142065642503343
67.3,0.08737829605411097,0.013283778761913063,-0.3547696720676778
67.32000000000001,0.15472350778832852,0.021128695431032102,-0.2857846054855736
67.34,0.24905592315562852,0.02848630948605148,-0.18638309122788638
67.36,0.34957014979338946,0.035167526996657865,-0.058771185450081476
67.38,0.42547018600912123,0.04050289770799226,0.09317816136945221
67.4,0.4668882026795917,0.04353656151824469,0.26216809306792305
67.42,0.4841310570499698,0.043582617776321456,0.43746368118257073
67.44,0.4877289504088536,0.04044719228351108,0.6065689849003085
67.46000000000001,0.4829710171471536,0.03434390564938802,0.7570715770222542
67.48,0.47205044926614115,0.02577172030881844,0.8780199196555115
67.5,0.45595099049915216,0.015421232062735926,0.9608692466166397
67.52,0.4352552895620556,0.004096495151499811,1.0000889941793787
67.54,0.4104302619459235,-0.0073578546572889095,0.99346967381962
67.56,0.38192630751896506,-0.018125204330173245,0.9421461896758995
67.58,0.3502192313306588,-0.027478358198010235,0.8503599254123311
67.6,0.3158398050303246,-0.0348299762429255,0.7249959526563651
67.62,0.2794095110014099,-0.039768805109480734,0.5749459662693424
67.64,0.2416947782199699,-0.04207944808618567,0.4103586563403916
67.66,0.20369157096204785,-0.04174458629537032,0.24184593465491222
67.68,0.16675045305028033,-0.038929759925701114,0.07971539242941064
67.7,0.13274275169017716,-0.033952039022343825,-0.0667034900529892
67.72,0.10424697881461512,-0.027235263297726884,-0.18957981383890965
67.74,0.08471009786210826,-0.019256074855808075,-0.2829026042090737
67.76,0.07853659188837736,-0.010486392018091359,-0.3425771118153437
67.78,0.09105819856614207,-0.0013387425749607235,-0.3662944937612338
67.8,0.12806469258180198,0.007877021109443716,-0.35320166915280365
67.82000000000001,0.19336746892700887,0.016962504463342784,-0.3034540207416209
67.84,0.28151629288223134,0.02573963918298596,-0.21790257749272773
67.86,0.3705212885960018,0.03379878501326594,-0.09847220205576418
67.88,0.4354578256168339,0.04031199373560549,0.05043374978138462
67.9,0.47136047585274143,0.04431251602987387,0.22065696552648245
67.92,0.48719895821691306,0.04514998477491005,0.4006949973953776
67.94,0.4910635674192099,0.042633166879824644,0.5773673677249358
67.96000000000001,0.487018785421033,0.036955989579568714,0.7375338992679876
67.98,0.4768241843887764,0.028598792679449793,0.8694328891901164
68.0,0.4613256492271738,0.018245919946288082,0.9636576093039959
68.02,0.4410568929148743,0.006710696433271036,1.013821327042461
68.04,0.41645597558059755,-0.005138101119579262,1.016925812577822
68.06,0.3879413228256678,-0.016447411225724528,0.9734394801100189
68.08,0.35594232819200367,-0.026444956787150888,0.8871016415253488
68.1,0.3209179745753946,-0.03449402528452718,0.7644857263898089
68.12,0.28337703379453577,-0.040134382616391906,0.614370082574916
68.14,0.243908683774151,-0.04310680996174503,0.44697723990798355
68.16,0.20323269199486943,-0.04335998730386315,0.27315011788855353
68.18,0.16227898097083487,-0.041039695580911036,0.1035362558876916
68.2,0.12230236933288845,-0.036461513673545325,-0.05215116438852004
68.22,0.08502269809688097,-0.030069412571770204,-0.18573385876873735
68.24,0.05275127043013002,-0.02238406455213102,-0.2909812495711892
68.26,0.028442445702313125,-0.013946285192411643,-0.3638047216965102
68.28,0.015647474495450574,-0.005262053485929528,-0.40222666195237883
68.3,0.01847182739931922,0.0032455972244041986,-0.4061420788636211
68.32000000000001,0.041701646126381144,0.011276284240209558,-0.37690475215785063
68.34,0.09081698862385154,0.018682996448903404,-0.31677118115500646
68.36,0.1698086719213996,0.025473872216589564,-0.22826527308753256
68.38,0.2722889343308784,0.03170094804869645,-0.1137197705112703
68.4,0.37145778578944666,0.03713698340399199,0.02431549269032594
68.42,0.43857122244189195,0.04103325131999953,0.18133060932979583
68.44,0.47160425036586284,0.04249130375225856,0.34931013220010815
68.46000000000001,0.4833614605651774,0.040996572501011366,0.5173014520816772
68.48,0.48336404448221787,0.03651999255669829,0.6732910512619712
68.5,0.4759428127269635,0.029393906601497023,0.8059181706651212
68.52,0.4628734626590627,0.020191913170322325,0.905667724339812
68.54,0.4450016676805134,0.009639805706286253,0.9656499265333112
68.56,0.42288073540982307,-0.0014596303995054374,0.9820560901718084
68.58,0.39699336253613055,-0.012296010855870858,0.9543261545520109
68.60000000000001,0.3678340855873236,-0.022114819624262105,0.8850497370937398
68.62,0.3359531357058215,-0.030271917422012344,0.7796300726328891
68.64,0.30199831772901325,-0.03627571285275346,0.645753542005195
68.66,0.26677268489928596,-0.039814273777115786,0.49271988668518024
68.68,0.23132151429008743,-0.04076567973099618,0.3306971165830377
68.7,0.19705986709031556,-0.039191062378402204,0.16996964490418903
68.72,0.16594405512092847,-0.03531099369824129,0.020247998730551706
68.74,0.14067054446862368,-0.029467238427170552,-0.10989682743303544
68.76,0.12485390160293225,-0.022073519745073177,-0.21342253109011458
68.78,0.12309145772362202,-0.013560922598635889,-0.2849947492914152
68.8,0.14069955835062734,-0.004326372380857927,-0.3209505414885602
68.82000000000001,0.18242835266135626,0.005300167209701504,-0.3190857094868539
68.84,0.24851480106655927,0.015033858125549393,-0.27840313501167485
68.86,0.32803889513513773,0.024502875339608845,-0.1991537794679218
68.88,0.39970108106727975,0.0330486531307535,-0.08359659978565241
68.9,0.4486228299682726,0.03974048504712085,0.06275998434524045
68.92,0.47566795000765666,0.04371321762767122,0.2306844631793526
68.94,0.4878621247473189,0.044455959704235194,0.408140773128127
68.96000000000001,0.49038712375891014,0.04185885698242098,0.5818640392417519
68.98,0.4858407617350717,0.03614933323723021,0.7388500843024146
69.0,0.47544924017881074,0.027817627601880675,0.8675538855878637
69.02,0.4598903179022723,0.017546837591748805,0.9588001909058117
69.04,0.43965005898067744,0.00614288369357106,1.0064154159097207
69.06,0.41515782569489146,-0.005536725644794131,1.007576552419195
69.08,0.3868386049164426,-0.016652503966758745,0.9628770708303491
69.10000000000001,0.3551385366116461,-0.026446650352467783,0.8761247747399795
69.12,0.32054520022573313,-0.03429645573915066,0.7539041732056465
69.14,0.28361342024985625,-0.03975388372274033,0.6049518568572173
69.16,0.24500554732920152,-0.04256884115513081,0.43940554210620236
69.18,0.20555631801160618,-0.04269486894556119,0.26799497530171107
69.2,0.16637261715763635,-0.04027720949399403,0.10124550709937377
69.22,0.12897253091896851,-0.035624414315661254,-0.05123709168934122
69.24,0.0954500624467733,-0.02916593120811891,-0.18133915898547046
69.26,0.06862463992947568,-0.021399585354401836,-0.2828202362416474
69.28,0.052126137865115545,-0.01283437116120352,-0.3514727048962494
69.3,0.05041645457295452,-0.0039345971509867255,-0.38505336720064814
69.32000000000001,0.06879353390848943,0.0049296630097036085,-0.38300283441074323
69.34,0.11306101810696445,0.013520211854438885,-0.3459875122775164
69.36,0.18693857042869685,0.021732910429924788,-0.2753472171168003
69.38,0.2834968393481641,0.0294855838572645,-0.17272524062894568
69.4,0.377095525251481,0.036418868812190724,-0.04052986845034412
69.42,0.4414546725787302,0.04170218492651079,0.11643127154213259
69.44,0.47448751592479105,0.04439472749611699,0.2896135408308534
69.46000000000001,0.48742280513840186,0.043932776062302045,0.4673609442628988
69.48,0.48882223247635415,0.040230735574927595,0.6367392056957918
69.5,0.4826699760154709,0.03357565270568241,0.7852578754225166
69.52,0.4706320038865444,0.02451782921893523,0.9021329289833363
69.54,0.4535119210825424,0.013784986122739675,0.9791626578099372
69.56,0.4318327676687576,0.002206177543305486,1.011283614735241
69.58,0.40603897379424436,-0.009360972345345973,0.9968294409677079
69.60000000000001,0.3765676124056183,-0.02009881478797033,0.9375061181781946
69.62,0.3438801695317763,-0.02929042506696338,0.8381073033149239
69.64,0.30848685495289296,-0.03636869441280001,0.7060087779408663
69.66,0.2709776838101122,-0.040950611614184694,0.5504952681356163
69.68,0.23207096568819383,-0.04285467161407852,0.38198339589924796
69.7,0.19269017332128624,-0.04210055881480475,0.21121036609412172
69.72,0.15407865421266373,-0.03889146438682784,0.048458971755564934
69.74,0.11795196086060758,-0.03358061160613651,-0.09711435081169392
69.76,0.08666512715676095,-0.026624899581207923,-0.21799058859873235
69.78,0.06334702902888432,-0.018530110625958444,-0.30859517742134357
69.8,0.05196280509359962,-0.009793461664616001,-0.3653784934560104
69.82000000000001,0.05732874865650092,-0.0008493473871431952,-0.3866711728209324
69.84,0.08505984299647903,0.00797697795741271,-0.37233669776651696
69.86,0.1406844234271211,0.016498125807005208,-0.323267877684787
69.88,0.22502520415278596,0.02463421566733325,-0.24086280218964023
69.9,0.32374835001638247,0.03222529329269735,-0.12690121869935592
69.92,0.40722490315747817,0.038711942729446516,0.015488146629021385
69.94,0.45789356347044646,0.043146935316261965,0.18005184775352695
69.96000000000001,0.4815638721122761,0.04469957393199433,0.356797711376577
69.98,0.4892660165729802,0.04300030207995742,0.5332925833572586
70.0,0.48745310108509865,0.03812292796431018,0.6965483315165728
70.02,0.47891462336660723,0.0304676371372435,0.8345620576586652
70.04,0.4648550564125277,0.020662981207091032,0.9374170481636793
70.06,0.4459242020729489,0.009485597578455561,0.9980323474257905
70.08,0.42259867278590696,-0.002214343624661909,1.0126050269606555
70.10000000000001,0.3953127945194702,-0.013584736380707514,0.9807599021937504
70.12,0.36450739865183046,-0.02383774214425259,0.9054224401347459
70.14,0.33065564426141575,-0.03230669484356582,0.7924441245225805
70.16,0.29428769054053666,-0.03849002807942611,0.6500250569502484
70.18,0.2560258698269101,-0.04207945285921832,0.48799161036828675
70.2,0.2166407813412467,-0.04297077840405416,0.316995753676783
70.22,0.1771391184996987,-0.04125699167594144,0.14770664983037285
70.24,0.13889044552117813,-0.03720441770425728,-0.009935751157258525
70.26,0.10378604097302328,-0.031214020843809333,-0.147341135402214
70.28,0.07439674827314315,-0.023771316120708937,-0.25771025757041033
70.3,0.054077888045726843,-0.015389913336259553,-0.336261370753773
70.32000000000001,0.047001093016240364,-0.006554735008653471,-0.3802281504026864
70.34,0.05816622859677581,0.0023297176478751227,-0.3886390987329879
70.36,0.09329839593014522,0.010981737054075725,-0.36190698668710763
70.38,0.15743248744641497,0.019261812699932632,-0.30128583932760467
70.4,0.2486441613033461,0.02711228303960698,-0.20837913056949858
70.42,0.34733398466984033,0.03431525587646378,-0.0852273755654163
70.44,0.42344051194337495,0.040194288182622995,0.06439348121477029
70.46000000000001,0.46607370814256,0.043781404407546215,0.23325735045377477
70.48,0.4845322884150246,0.04435566575120078,0.4106043467359378
70.5,0.4891259535747825,0.04168080119221962,0.5837520834291088
70.52,0.4851868040643275,0.03593467687212634,0.7399427491545807
70.54,0.4749527290893401,0.02759145961854833,0.8677577310161629
70.56,0.4594255572309495,0.017328816678963306,0.9581096413513785
70.58,0.439190446159925,0.005949672146510508,1.0048973186772001
70.60000000000001,0.41470805767632424,-0.005691460098965831,1.005358559602724
70.62,0.3864152889758632,-0.01675860178752102,0.9601346634629965
70.64,0.3547655899755483,-0.026497877934540323,0.8730663165711227
70.66,0.3202543848055781,-0.034290628281172,0.7507548478489774
70.68,0.28344761353280895,-0.0396926302333807,0.601937819402396
70.7,0.24502465937682752,-0.04245699968239967,0.43673975094065465
70.72,0.20584661721692532,-0.04253952150692014,0.26586616873643776
70.74,0.16706046851251,-0.04008637555285579,0.09981173056303283
70.76,0.1302431939866768,-0.03540543001914803,-0.05184909262953687
70.78,0.09757130517814358,-0.02892356012322624,-0.18102750565611767
70.8,0.07197455006928415,-0.02113393538405024,-0.28149351007814755
70.82000000000001,0.05722629732715903,-0.012538701208555337,-0.3490269640764086
70.84,0.057970488472858135,-0.0035930710262944573,-0.3813402629735415
70.86,0.07969233369368378,0.005343957008616815,-0.37778901600164566
70.88,0.12813740008167843,0.014044553567693244,-0.3389098842870186
70.9,0.2058703783166796,0.02240165250761013,-0.2658908982370736
70.92,0.30283487399255243,0.030285888048574943,-0.16031157802538148
70.94,0.3914761529053943,0.03723568581788823,-0.0248260208579575
70.96000000000001,0.44932421771550773,0.042351819526988924,0.13512873877827256
70.98,0.4780438821651799,0.04472958947154482,0.31031609499609436
71.0,0.4887475515001686,0.0438832439093602,0.48864547426674226
71.02,0.48891204184832177,0.03978997757560478,0.6570372925088969
71.04,0.4819060651603875,0.03277986009784289,0.8030651446986764
71.06,0.46915855258179107,0.023433270944751238,0.9161534462480143
71.08,0.4513937220212212,0.012498435315479844,0.9884095450674332
71.10000000000001,0.42910899830657356,0.0008161591049367675,1.015143474167995
71.12,0.4027400411696267,-0.010752742361975563,0.9950921668326121
71.14,0.3727198769476254,-0.02139557602136149,0.9303611568416926
71.16,0.33950650588303666,-0.030407641334840252,0.8261089196936012
71.18,0.3036054280489963,-0.037239983624160845,0.6900147852412123
71.2,0.26559956105215704,-0.04153198014218821,0.5315853326933581
71.22,0.226196587251987,-0.04312684164817197,0.36136417459088993
71.24,0.18630435846395665,-0.042069339171870154,0.19011525846515676
71.26,0.14714325925289518,-0.03858628011074049,0.0280501370672597
71.28,0.11039399754920261,-0.03305147166513517,-0.11583485041824379
71.3,0.07835563021663329,-0.025938252031118377,-0.23425511103876184
71.32000000000001,0.054062969456496315,-0.017764217065128846,-0.32192704177390247
71.34,0.04132542480032558,-0.009034076652792355,-0.37563035427246494
71.36,0.044730182754204754,-0.00018641607149185412,-0.3940479799106543
71.38,0.06966486941813842,0.00845181970526504,-0.3774074705205814
71.4,0.12182600981815964,0.016697095447166257,-0.3269638223313754
71.42,0.20363968942414845,0.02449510239077854,-0.2444273078121237
71.44,0.3041233285605547,0.03176532769758214,-0.13168983120688993
71.46000000000001,0.3940996578859738,0.03806949769401402,0.00843199679697065
71.48,0.4511533101963794,0.0425143443611298,0.17038549724198082
71.5,0.478431635616741,0.04422173002557256,0.3448744507236174
71.52,0.4878133701414261,0.042754228593851695,0.5199050540842531
71.54,0.48687007724117165,0.03813804191180732,0.6826950025306756
71.56,0.47892596121553505,0.030741913000479716,0.8212923938349426
71.58,0.46537889913160185,0.02117138664448702,0.9257243188205415
71.60000000000001,0.44694290328496106,0.010185557740719492,0.9887729402632833
71.62,0.4241174110628891,-0.001377926964513984,1.006438280329613
71.64,0.3973483876647424,-0.012674229235227036,0.9781084306919453
71.66,0.3670875968718584,-0.022917350308086205,0.9064539053301757
71.68,0.33382322005517506,-0.0314371575339479,0.7970745845891447
71.7,0.29810840390955057,-0.03772375700283467,0.6579427531371361
71.72,0.260601216560962,-0.04145638578521253,0.4986988434977024
71.74,0.22212739969920567,-0.04251511852169901,0.32986561265286946
71.76,0.18377730428581354,-0.04097488365147055,0.16205090520097257
71.78,0.14704433257506244,-0.037082486983270775,0.005208771503567883
71.8,0.11399776844836033,-0.03121859305424242,-0.131976549797593
71.82000000000001,0.0874575724553573,-0.023848043002420178,-0.24252986068226326
71.84,0.07112166791456248,-0.015463434995205598,-0.3214101517381673
71.86,0.06961782263025608,-0.006527952540903476,-0.3655065159190141
71.88,0.0884476865675907,0.0025764881299070595,-0.3734139621602951
71.9,0.1333569774266967,0.011586868041985993,-0.3450256522624191
71.92,0.2070696484900334,0.020352748779831096,-0.2810454494698153
71.94,0.30053787289144507,0.028706226329700178,-0.182739307695111
71.96000000000001,0.3878992938853263,0.03617333345525705,-0.05255479613847766
71.98,0.44663299889094676,0.04185868101861848,0.10427281973008733
72.0,0.4768611764596382,0.044837578107801764,0.27868601018171857
72.02,0.48890632189102357,0.044578671930354814,0.458635273256405
72.04,0.4901758667978522,0.04101007961849819,0.6308865431752447
72.06,0.48410971533394825,0.03442094495397411,0.782676987583151
72.08,0.4721827276342525,0.025362186975081007,0.9029532806928928
72.10000000000001,0.455137032451421,0.01456507756939893,0.9832520065127911
72.12,0.43347355731611215,0.002866192403122761,1.0182701221930253
72.14,0.4076238790882714,-0.008865739605052837,1.0061391846941379
72.16,0.37801118231274866,-0.01979937514246145,0.9484130804978406
72.18,0.3450769382953675,-0.029202778993995194,0.8497912337030598
72.2,0.3093003266408492,-0.03649391254667263,0.7176155483945974
72.22,0.2712224529764235,-0.04127633937934307,0.5611940553322596
72.24,0.2314845025082496,-0.04335802693097069,0.39101504213975957
72.26,0.19088968433007733,-0.04275236494150014,0.21792145801560098
72.28,0.15049841032975272,-0.03966175156477088,0.05231642643898107
72.3,0.11175870889198711,-0.0344452983303409,-0.09653310413959944
72.32000000000001,0.07665306036334645,-0.02757348626567229,-0.22103625194542922
72.34,0.04781287103714228,-0.019574113497882108,-0.3156175816094068
72.36,0.02854648762582801,-0.010975385133768585,-0.37683242338482537
72.38,0.022798474828988842,-0.002252384764487616,-0.40325941789999314
72.4,0.035175593333198335,0.0062189861951281135,-0.395193142253272
72.42,0.07105210861638611,0.014199541583850027,-0.3541692248389783
72.44,0.1357059833230502,0.02160767430476289,-0.282366001380979
72.46000000000001,0.22882105095521404,0.028473090555106773,-0.18202755106392576
72.48,0.33263748479378985,0.03470777775301768,-0.05539887685212634
72.5,0.415043926718904,0.03975915181157519,0.09407747244229593
72.52,0.4615095804847138,0.04269892456142509,0.2598476077167273
72.54,0.4812349171181135,0.04279224413017797,0.4318496917289428
72.56,0.4859094273049304,0.0397948212582225,0.5980456307453865
72.58,0.48171236633583087,0.033887116205654204,0.7463150163247134
72.60000000000001,0.47121269612920325,0.02554408888268746,0.8658868981348546
72.62,0.45552610288182027,0.015435580016195896,0.9483086621712629
72.64,0.43528167795883765,0.0043466096739820095,0.9880623798410868
72.66,0.41096783174690465,-0.006895085951135626,0.9828790517152982
72.68,0.3830527807714684,-0.017486712200831447,0.9337723047996009
72.7,0.35203531860273135,-0.02671088938694305,0.8448147009805085
72.72,0.31848050045330495,-0.03398539443373774,0.722692437848854
72.74,0.28306235463157053,-0.03889897390158335,0.5760880093846954
72.76,0.24662754335137324,-0.041230957697874555,0.4149514379676697
72.78,0.21029252135403861,-0.0409535276564801,0.24972755491851856
72.8,0.17558380885251768,-0.038216676634510505,0.09060903833299915
72.82000000000001,0.1446197026061047,-0.03331713498325521,-0.05311767405609663
72.84,0.12030842042218032,-0.02665395096907354,-0.1735743287950691
72.86,0.10650922070034322,-0.0186750571888614,-0.2645953595255208
72.88,0.1080740964666973,-0.009820902616697689,-0.32181046129205665
72.9,0.13055792584557857,-0.00047360489680135787,-0.3425092298255388
72.92,0.17876529539821334,0.00907191600503613,-0.32533806818319033
72.94,0.25207509250600474,0.018572844871161162,-0.2699890917885643
72.96000000000001,0.3368742852602274,0.027674611040096615,-0.1772709179555035
72.98,0.4093743855270785,0.0356884374962346,-0.05002819978331035
73.0,0.45596428143008544,0.0416545658230568,0.10549941842284231
73.02,0.4801310888241495,0.044740516841357825,0.2793486189207962
73.04,0.48990124059137635,0.0445147024131216,0.45898930670896465
73.06,0.49042672396385273,0.04095579669232554,0.631007558206618
73.08,0.4841296280826046,0.03437155985115708,0.7825908828043117
73.10000000000001,0.4721325418488332,0.025318644542435355,0.9026806439274766
73.12,0.45506823684809405,0.014529653890930767,0.9828206536681623
73.14,0.4334050759393182,0.002841024956212122,1.017716966348454
73.16,0.4075652307886332,-0.008879169056022675,1.0055084750798957
73.18,0.3779696482054027,-0.019800417834164082,0.9477533546392052
73.2,0.34506017300616837,-0.029191637462849925,0.8491519086264667
73.22,0.3093178556439084,-0.03647155546072545,0.7170436557133391
73.24,0.2712872186143168,-0.04124433366838481,0.5607314870089934
73.26,0.23161502695771966,-0.04331829789152019,0.39069661448202336
73.28,0.19111330075858113,-0.04270689047057254,0.21777406840791635
73.3,0.15085597101152798,-0.03961219305639736,0.05235956015349136
73.32000000000001,0.11231102042156191,-0.03439256889784721,-0.09628526504660573
73.34,0.07748901450395165,-0.027517259656748255,-0.2205708718719171
73.36,0.04905930396863782,-0.019512282725868073,-0.31491714636635054
73.38,0.03038118420894776,-0.010903471873355164,-0.3758664558717155
73.4,0.025470038473634583,-0.002162853268284171,-0.40197366778667704
73.42,0.039029489121560214,0.006337600103038339,-0.3934956819827816
73.44,0.07652314361759709,0.014363459104128307,-0.3519129130114995
73.46000000000001,0.14309878172945084,0.021836547784478726,-0.27933059228268686
73.48,0.23753609918688492,0.028779272116989444,-0.17792245619872574
73.5,0.34046911516095046,0.035069440304409255,-0.04994208339696593
73.52,0.4200440945786742,0.04010617148953161,0.10098023165157424
73.54,0.4639940730541738,0.0429506375455173,0.2679710208907224
73.56,0.48232068948179735,0.04289704518323995,0.4406974351431893
73.58,0.48627841031971386,0.039733237110030066,0.6069819665425463
73.60000000000001,0.48164210163105514,0.0336624244932334,0.7546747571965235
73.62,0.4708019582150382,0.02517532655702258,0.8730512732725383
73.64,0.4548104959857418,0.01495304099617292,0.9537588575941744
73.66,0.4342759680475736,0.0037881463666644567,0.9914170720746548
73.68,0.40967956395671984,-0.007487649788944678,0.9839174641569371
73.7,0.3814861574082171,-0.01807112546295023,0.9324429708733368
73.72,0.35019176429948634,-0.027247817004462882,0.841230385598455
73.74,0.3163578877112012,-0.03444135396566685,0.7171124311734436
73.76,0.2806534363447672,-0.03924868039221365,0.5688898033442028
73.78,0.24391769661731585,-0.04145894239228108,0.4065944408964477
73.8,0.20725676707860152,-0.04105495928113101,0.24071191356200516
73.82000000000001,0.17218298168413543,-0.03819738100565962,0.08143278783926781
73.84,0.14079546773192708,-0.03319287483865016,-0.06200002769626883
73.86,0.11597672902307161,-0.026449089200203536,-0.18178906235858514
73.88,0.10155337169644782,-0.01842076556444348,-0.2718804758345845
73.9,0.10234777209532932,-0.009553012770311156,-0.32803875604196076
73.92,0.12393947793323723,-0.00022976915931510462,-0.34770163893900613
73.94,0.17136612845630098,0.00925738463857613,-0.32966189834920157
73.96000000000001,0.24466565951560482,0.018679880968335075,-0.27372531917091775
73.98,0.33095738396819896,0.0277131892503219,-0.18072537442580633
74.0,0.405916053171742,0.035699841471178766,-0.05339926506316518
74.02,0.45446889700531057,0.04168392393795788,0.10219754478517956
74.04,0.4796545069885918,0.04481299401903911,0.27624582293692335
74.06,0.48986582412109364,0.04463566170661616,0.45627398899202065
74.08,0.4905906883598144,0.0411190005000973,0.6288638727146787
74.10000000000001,0.48440285386909543,0.03456489410547391,0.7811649145416417
74.12,0.47247813720645254,0.02552721130260632,0.9020636868583801
74.14,0.4554658869332889,0.014737684775674179,0.983042131459988
74.16,0.4338389407150076,0.003033328292022663,1.0187439482557163
74.18,0.4080198035045099,-0.008716027014180717,1.0072504264917215
74.2,0.3784278474054589,-0.01967718626166534,0.950071112184437
74.22,0.345501761138752,-0.02911574494750495,0.8518697939423315
74.24,0.3097173788051433,-0.03644679993720254,0.7199634910838846
74.26,0.2716108581279226,-0.04127091936236166,0.5636471615642672
74.28,0.2318156465252995,-0.04339322491035515,0.3934077969419146
74.3,0.19112280211261812,-0.04282469067854522,0.22009766521401924
74.32000000000001,0.15057406427794867,-0.03976599716504509,0.05413756123342299
74.34,0.11158996354084015,-0.03457547876997555,-0.09518283073911969
74.36,0.0761147936194172,-0.027723977668443648,-0.22024900545068712
74.38,0.046729927769371335,-0.01974091870693444,-0.31546585124455884
74.4,0.0266795418796305,-0.011157449686800942,-0.37737815317224865
74.42,0.019822261303849203,-0.002452948727676203,-0.4045684586522533
74.44,0.030646744850439504,0.005990911385921359,-0.39735532763162207
74.46000000000001,0.06440748079610205,0.013927753042991074,-0.35732446716788974
74.48,0.12649982004270438,0.021269720585002906,-0.2867328702021996
74.5,0.21765831110811823,0.028052308332936853,-0.1879102551924624
74.52,0.32224407263436183,0.03422693310727111,-0.0631032590351194
74.54,0.408196530004123,0.03930405814388894,0.08446486523491503
74.56,0.45806324425569966,0.042374797672303684,0.24864562277305102
74.58,0.47974189071938894,0.0426683812152069,0.4197365094869057
74.60000000000001,0.4854222713741913,0.03989706144294872,0.5858865558283909
74.62,0.481834391877892,0.03420997783347218,0.7350120232724733
74.64,0.47179982170996865,0.026060535519511287,0.8562743985413552
74.66,0.4565246239936334,0.01610337319575239,0.9410806995567493
74.68,0.43666761306389545,0.005113465342693197,0.9837222942276382
74.7,0.41272709429604293,-0.006086557525256422,0.9817091985435729
74.72,0.38517524872671755,-0.01669416902948894,0.9358233664486104
74.74,0.35451351286700117,-0.025987729454617445,0.8499138193349368
74.76,0.3213099323621414,-0.03337681418158645,0.7304683780838942
74.78,0.286242618811231,-0.03843886385794116,0.586010489216085
74.8,0.2501638251523819,-0.04093981795313806,0.4263808821018896
74.82000000000001,0.21419735655143357,-0.04083750143652599,0.2619709692868136
74.84,0.17987907312173884,-0.038267710361853564,0.10297748478471257
74.86,0.14933914339234475,-0.03351418328424526,-0.04125437517910131
74.88,0.12550134875974395,-0.02696505904255867,-0.162739539768739
74.9,0.11224419753600619,-0.019060093085213035,-0.2551672737683355
74.92,0.11443101541668897,-0.010234776119748405,-0.3139956687915852
74.94,0.1375654947498877,-0.0008702673023220125,-0.3363304712065099
74.96000000000001,0.18619184380118178,0.008733151747637252,-0.3206418224788968
74.98,0.2590687551851255,0.018315946369185886,-0.2664877691754828
75.0,0.3420695852309497,0.027493291338441285,-0.17463828629658681
75.02,0.4121460114780948,0.03554940679496741,-0.048023300570381386
75.04,0.4569939693766912,0.041524646997132576,0.10697469166832344
75.06,0.4803385950361005,0.04460502708688238,0.28029486678802357
75.08,0.489802605786161,0.044374234686998214,0.45938185606215115
75.10000000000001,0.4902282417175952,0.04081790351742829,0.6308403507420608
75.12,0.4839060174116608,0.034245667469161606,0.7818929533052237
75.14,0.47191415637487133,0.025213659642835298,0.9015182212893382
75.16,0.45487220503003467,0.014452805527452178,0.9812925096357935
75.18,0.4332453715074428,0.002797259621995077,1.015946364164562
75.2,0.40745621900151013,-0.008887464409912373,1.00363339155286
75.22,0.3779279780324644,-0.01977343147532871,0.9459161287565236
75.24,0.3451066514968556,-0.029131913959766033,0.847489303913339
75.26,0.30948007242715775,-0.0363835644083061,0.7156782307366825
75.28,0.2716035967479494,-0.04113385020377441,0.5597650755624233
75.3,0.23214115006348995,-0.04319161782449866,0.39020662124924643
75.32000000000001,0.19193159123369946,-0.04256989568461818,0.21781320702691498
75.34,0.15208984453834923,-0.03946927178185987,0.05295961965865971
75.36,0.11414425114256443,-0.03424538764623418,-0.09510503945193508
75.38,0.08019032000966408,-0.02736338820015156,-0.21879018914119308
75.4,0.0530125196659333,-0.019343684900097316,-0.31249530728444574
75.42,0.03612540715350963,-0.010704845529959265,-0.37271667297284783
75.44,0.033759175647502165,-0.001909672898730833,-0.3979302279250932
75.46000000000001,0.050899670748207435,0.00668151958152079,-0.3882723192014173
75.48,0.09321541061122192,0.014847740238761079,-0.34505178423104027
75.5,0.1652361104298642,0.022517634566311544,-0.27015621588129696
75.52,0.26268118216324354,0.029682456778824043,-0.16557478807172926
75.54,0.3618769719105275,0.03610905530173703,-0.0336546618902137
75.56,0.43307173555318695,0.041066610813753304,0.12135032331707962
75.58,0.4703002305544523,0.04360932095814504,0.2916405724157971
75.60000000000001,0.485015132326086,0.04312176495114132,0.4661614079261565
75.62,0.48709800010830845,0.03948014576717515,0.6323921278356167
75.64,0.48127274399903053,0.03294912364474223,0.7781382621561983
75.66,0.46948721074431893,0.024062225536156615,0.8928360971899619
75.68,0.4526404195451403,0.013531025580769481,0.9684391946191782
75.7,0.43129013983231407,0.002168088759377349,0.999974059137688
75.72,0.4058997129380593,-0.009185158156107882,0.9857985802719327
75.74,0.37692514505572616,-0.019725864301781085,0.9275806066809267
75.76,0.3448543991525305,-0.02874935868396821,0.8300211934801995
75.78,0.3102382220057131,-0.03569722868851724,0.7003613130017498
75.8,0.27372971881862107,-0.040190777496143325,0.5477246189662854
75.82000000000001,0.23614502957119107,-0.04204779483261921,0.3823592574143031
75.84,0.1985570796179424,-0.04128174521483045,0.21484765977609016
75.86,0.16243153700716872,-0.03808367296153045,0.05535445006028068
75.88,0.12980233429770296,-0.032788361180163705,-0.08702104450319784
75.9,0.10346069673995664,-0.025827677362207625,-0.20473005785282855
75.92,0.08710869425331229,-0.01767561299717536,-0.29205465595472313
75.94,0.08542723744801356,-0.008790908514700548,-0.34516120617994883
75.96000000000001,0.10396498397397483,0.00043583433208158745,-0.36193076234776733
75.98,0.14829061387965237,0.009719263028374326,-0.34160376307478946
76.0,0.22038277159907357,0.01886767333188178,-0.28435588474997403
76.02,0.31023874310872224,0.02764727062166505,-0.19113944620223997
76.04,0.39288633940960116,0.03551446399765916,-0.06437396813343688
76.06,0.4483372743780906,0.04154829965074037,0.09053089835601222
76.08,0.47733749764041855,0.04483796849204891,0.26433401144557966
76.10000000000001,0.48926941403879404,0.0448613296357893,0.44485926380339125
76.12,0.4908091738938204,0.041539834645757175,0.6187491702845602
76.14,0.48510193138303465,0.03514951920457263,0.7730745773285093
76.16,0.47352970039762604,0.026229249342760524,0.8965638587642686
76.18,0.45680771156149746,0.015502547914180383,0.9804950775140651
76.2,0.43542822316666474,0.003803626935340875,1.0192862926074784
76.22,0.40981808450840684,-0.007995693573791898,1.0107917066800511
76.24,0.3803953831852519,-0.0190560387949847,0.9563103440589458
76.26,0.3475942631976871,-0.028633422342342413,0.8603272940413195
76.28,0.3118825981209319,-0.03613094775541136,0.7300243860885629
76.3,0.2737836315716521,-0.04113591738239289,0.5746123035627856
76.32000000000001,0.23391007968928332,-0.04344013117627209,0.4045473492568587
76.34,0.1930200503621531,-0.04304240898416125,0.23070245635352887
76.36,0.15210425546679246,-0.040133609914257615,0.06356340824628459
76.38,0.11250787435624338,-0.03506562019686785,-0.08748226545508606
76.4,0.07607126629847273,-0.028307034902638473,-0.2147045947093198
76.42,0.04524278845802618,-0.020389735827124746,-0.3123933202956876
76.44,0.023103326347334297,-0.011852144409559917,-0.3769975622270291
76.46000000000001,0.013302006388732218,-0.0031856039604535773,-0.40704272134527714
76.48,0.02003709609146672,0.005211517391840076,-0.4028474599051993
76.5,0.048223446220197294,0.01307143599796018,-0.36607402032077746
76.52,0.1033414815133268,0.02028449427299156,-0.2991456500116004
76.54,0.18830567168528567,0.026887876027740815,-0.20461236544890452
76.56,0.29305846689185233,0.0329156730655782,-0.08479363293444524
76.58,0.38763405108210297,0.038046604003225605,0.05754451462819929
76.60000000000001,0.44731022454603186,0.04145717257127132,0.21728593139360403
76.62,0.47502696660681476,0.042297028182627955,0.38575164110150295
76.64,0.48382846286322595,0.04015552479076228,0.5516656994060325
76.66,0.4820663887613465,0.03508910446955116,0.7030813595320565
76.68,0.4733760888723619,0.027487824835926128,0.8289890759293806
76.7,0.4592641311453589,0.01796213660129257,0.9204121154950515
76.72,0.4404887534515813,0.007257799695031648,0.971111919328242
76.74,0.4175802986304695,-0.0038177378740962137,0.9779798981976031
76.76,0.3910219170988252,-0.014463474005304643,0.9411461629833187
76.78,0.3613200391649274,-0.023946507115062337,0.863827782392649
76.8,0.3290466428050646,-0.03165400176461907,0.7519486431536726
76.82000000000001,0.2948841742010071,-0.03713219063958291,0.6135763816857354
76.84,0.25968954982574033,-0.04010989723355659,0.45823359439421485
76.86,0.2245904256839522,-0.040505120166566856,0.29614853698786076
76.88,0.19112385776687507,-0.03841437844658203,0.13751406393991822
76.9,0.16141702400439475,-0.034085754324913904,-0.008177675346776866
76.92,0.138386437336914,-0.027877988626546925,-0.13266376521257475
76.94,0.12589666323810153,-0.020209713890592156,-0.22925402083740154
76.96000000000001,0.12876355280584156,-0.011505063477303581,-0.29296165752226516
76.98,0.15230235548102777,-0.0021454467782458303,-0.320424472965195
77.0,0.20049639013225967,0.007552829723685756,-0.3096752199836627
77.02,0.27111996813627526,0.017291897231293114,-0.25994144278742704
77.04,0.34978081300731806,0.02663085755711103,-0.17185775670105274
77.06,0.4153397531225039,0.03481642572069602,-0.04842195117175013
77.08,0.4574796185726057,0.04089949515223275,0.1038617336025663
77.10000000000001,0.4798197558330199,0.0440956769871905,0.2749065104303113
77.12,0.48911421322175996,0.0440035654457376,0.4522253721726811
77.14,0.4896754187879539,0.040607084134326704,0.6225152076805479
77.16,0.48359221889278975,0.034205922090170725,0.7730649813501808
77.18,0.4718808805041365,0.025343647743315774,0.8928733159445597
77.2,0.45514474535111676,0.01473875594579287,0.9734860072004357
77.22,0.4338468762162862,0.003214572193371221,1.0095561484475877
77.24,0.40841304014513696,-0.008371702061632534,0.9991213672169154
77.26,0.37927351545766097,-0.01919734188574518,0.9436010287326057
77.28,0.346886164595467,-0.02853541610396551,0.8475326153037698
77.3,0.3117578932651082,-0.035804896243415416,0.7180839807889509
77.32000000000001,0.2744743087388459,-0.04060623865975026,0.5643932946455649
77.34,0.2357468378299537,-0.04274024921153856,0.39679956400525507
77.36,0.19648786621007575,-0.04220926110241294,0.22603295213260657
77.38,0.15792358386785846,-0.0392008735227093,0.062435546748010974
77.4,0.12174544794910899,-0.03405571270678757,-0.08472017471484578
77.42,0.09027972268348565,-0.027222001624817457,-0.2077563690694478
77.44,0.06662887165902795,-0.019201249480654797,-0.3009136694192008
77.46000000000001,0.054743212709415574,-0.010490751713679247,-0.36044936578503123
77.48,0.05943869328615861,-0.0015288159126700248,-0.38450921699850743
77.5,0.08633598157970539,0.007352280323365157,-0.37279394685863576
77.52,0.14098096552346573,0.015955830078405425,-0.32606662253971525
77.54,0.22432743685212825,0.02419217800303094,-0.24563479072668543
77.56,0.3224484543130576,0.031895895841913366,-0.13322019352648024
77.58,0.4060419058210773,0.03850975746369705,0.008100461564350323
77.60000000000001,0.45721432169210635,0.04308744065247054,0.17213658441171117
77.62,0.4813545151648421,0.04478923448051223,0.34894288353170855
77.64,0.4894072196316876,0.043231805531975885,0.5260847709349664
77.66,0.48786587120170116,0.038476461236438296,0.6905189748978887
77.68,0.47955327701692463,0.03091389368709834,0.8301432919479835
77.7,0.46568827095967663,0.021166396188306062,0.9349101785737449
77.72,0.4469252887758772,0.010007611389300796,0.9975893460941905
77.74,0.42374143829720934,-0.0017120970983399725,1.0142229813037333
77.76,0.39656943865812344,-0.013137489350425795,0.9842877847508786
77.78,0.36584680769125333,-0.023475092553744997,0.9105788220922293
77.8,0.3320412670877595,-0.03205071573699219,0.7988437213746621
77.82000000000001,0.2956743448265187,-0.03835411333115397,0.6572113979437978
77.84,0.25735469068497724,-0.04206797562370194,0.49547271656641745
77.86,0.21783129168006685,-0.0430795891021926,0.32427950427860264
77.88,0.17807729112422335,-0.04147473722678536,0.1543325008630464
77.9,0.13941201629271002,-0.03751462047232684,-0.004371872690280783
77.92,0.10365555776191694,-0.03159780419693453,-0.14317159451101769
77.94,0.07328431516471912,-0.02421059503128866,-0.25519237959570257
77.96000000000001,0.051534756659761524,-0.0158708062628714,-0.3355874005058737
77.98,0.04243070329658625,-0.00707096914102634,-0.3815489064037911
78.0,0.050793499894453926,0.0017735702736309607,-0.39210097744108796
78.02,0.08221954352784581,0.010367954030162748,-0.3677006180776452
78.04,0.14211233861812456,0.018562729759912154,-0.3096957727595123
78.06,0.2305083808368956,0.02631367972351742,-0.21978712513332466
78.08,0.331048052044397,0.03347143838048967,-0.09995567210179404
78.10000000000001,0.413030197530307,0.039454217392259815,0.04643795799735513
78.12,0.46094679573478087,0.043310469806828476,0.21283305846136108
78.14,0.48241423922830085,0.04425477692513326,0.3890157417036466
78.16,0.48859497031479066,0.04197978224583512,0.5625594279511487
78.18,0.48564783526786476,0.03661221932992782,0.7207168992130396
78.2,0.4761813466253733,0.028590882133339768,0.851909378215594
78.22,0.4613285754908347,0.01856888682112148,0.9467704605831884
78.24,0.4417173071579931,0.007333761635679668,0.9988402975271742
78.26,0.41782183148112645,-0.004266570078977713,1.004954089579679
78.28,0.3900837235444412,-0.015394223264337535,0.9653413312644074
78.3,0.35895868761119887,-0.02528563480845375,0.8834544148309178
78.32000000000001,0.3249442319292838,-0.03330587577717462,0.7655587648091413
78.34,0.28860910131107764,-0.03898948905248104,0.6201316396983068
78.36,0.2506366048475634,-0.04206528726320769,0.45712899450214073
78.38,0.2118931054498367,-0.04246370675523887,0.2871877727464932
78.4,0.17353262480754988,-0.04030652032244275,0.12083419950318042
78.42,0.1371426261333725,-0.03587991662868861,-0.03223296948271889
78.44,0.10491862610161785,-0.02959323417905999,-0.16372183072262314
78.46000000000001,0.07982907990482158,-0.02192711133193726,-0.2671389653597647
78.48,0.06572227091755675,-0.013376320410154064,-0.3379610781079486
78.5,0.06736112365867801,-0.004393330186525394,-0.3735774296279956
78.52,0.09034574963975069,0.004661561525147507,-0.37301765305449613
78.54,0.14030691793912092,0.013553660625371248,-0.3365074748609736
78.56,0.21892558737592863,0.022155047604335763,-0.26497488398381025
78.58,0.31439605804254706,0.03028565546933324,-0.15987782588110247
78.60000000000001,0.39902365261139755,0.037411989696754584,-0.024006999154602283
78.62,0.453080486780953,0.04260127588235492,0.13683203951699444
78.64,0.47973708601822573,0.04497235800180096,0.31302409594342273
78.66,0.4895673870239503,0.04407406013504552,0.49223125926206995
78.68,0.489353081222002,0.039905736777203896,0.6612414187149374
78.7,0.4821311817029068,0.032810358588335684,0.8075635556319312
78.72,0.4692117388235874,0.023377237349227906,0.9205999357785228
78.74,0.4512801680425767,0.012361755925866639,0.9924675911447021
78.76,0.42882049772785513,0.0006105732267285978,1.018512243205099
78.78,0.40226186611510395,-0.011011049403458399,0.9975271782768464
78.8,0.3720314044695192,-0.021687583446456174,0.9316889092469807
78.82000000000001,0.3385791049485095,-0.03071325025606926,0.8262347510005295
78.84,0.30239817045658995,-0.03753982206402069,0.688923574045496
78.86,0.26405217793551294,-0.04180916005358879,0.5293350469287119
78.88,0.2242184409308989,-0.04336859917779776,0.35807260895853077
78.9,0.18375774993574262,-0.042268530733466786,0.18594049786330172
78.92,0.143819291946997,-0.03874275369383335,0.02316529920107928
78.94,0.1059796841800807,-0.03317337206194516,-0.12127220126772684
78.96000000000001,0.07239141060236591,-0.026043339889532724,-0.24013877006576
78.98,0.04588785231035318,-0.017881304532980494,-0.32824343597776023
79.0,0.030000331554419717,-0.009204780427665413,-0.3825060951058019
79.02,0.02893091883914237,-0.0004676069107415515,-0.40180568067366057
79.04,0.04761056804000781,0.007984902224767871,-0.3866329850628111
79.06,0.09165745869472323,0.01595111562498538,-0.3385820649262366
79.08,0.1654982553227717,0.023381470429683353,-0.25974250433595447
79.10000000000001,0.2644143790992289,0.030286186049041333,-0.15222119911506557
79.12,0.3639482356270699,0.03643884925003736,-0.01842899502838905
79.14,0.43438255595649167,0.04110681219817563,0.13732064063224803
79.16,0.4706492045668219,0.04335494267430112,0.30718051242325756
79.18,0.4846237862205441,0.04259221147034256,0.48012263618843115
79.2,0.48616060835028857,0.03871931189272555,0.6437544623081705
79.22,0.47990613591628184,0.03201928054167382,0.7860961583484485
79.24,0.46777033547044106,0.023037078866832098,0.896858262963604
79.26,0.4506399313480182,0.012488937505812961,0.9683006875156001
79.28,0.42907164765507794,0.0011856536743472005,0.9957619049673077
79.3,0.4035334992797084,-0.010038892540774974,0.9778928702537649
79.32000000000001,0.37449087523603286,-0.020394176780516603,0.9166143608720327
79.34,0.3424469939562026,-0.02919131779748167,0.8168236446672089
79.36,0.30797652484378835,-0.03588960641923564,0.6858903754111825
79.38,0.27176983093489826,-0.04012827991653144,0.5329950404193011
79.4,0.2347006475530572,-0.04174157291063628,0.36837329142451225
79.42,0.19792930448352455,-0.040756236385773026,0.20253506360458146
79.44,0.16304961962957193,-0.03737190973501774,0.045528243489692005
79.46000000000001,0.13227391419464943,-0.031925990725942315,-0.09368737292121003
79.48,0.1086257056104765,-0.024846091557370532,-0.20769947911877007
79.5,0.09608584577538962,-0.016594794769382974,-0.2908952394143609
79.52,0.09962145488672151,-0.0076129453479116815,-0.3394870548226987
79.54,0.12489233572416596,0.001730283582589091,-0.3513216426879004
79.56,0.17671522011131266,0.011163814830294362,-0.3255276654236847
79.58,0.25396168416832104,0.020471929877842535,-0.26217342037057717
79.60000000000001,0.34147697733974386,0.02931204933533274,-0.1623581060077903
79.62,0.4142107057412454,0.03698085329948101,-0.029224337020138685
79.64,0.45944682313448737,0.042507607788012,0.13062388330725858
79.66,0.48207523651117457,0.04508320169687236,0.30688119704358735
79.68,0.4905711807369107,0.04432158426351217,0.48682130396954587
79.7,0.49004270310540377,0.040249187558467535,0.6570252317402725
79.72,0.4828210473805707,0.03321551303133861,0.8048557981019354
79.74,0.4699795916740416,0.023810338034440645,0.9195799594456328
79.76,0.45213074546464127,0.012789411322088828,0.993180033145658
79.78,0.42973542953897936,0.0010014896973718633,1.0208716928378174
79.8,0.4032134684108406,-0.010684048900027544,1.0013306380563607
79.82000000000001,0.3729853346305447,-0.021445832585228468,0.9366358646762181
79.84,0.33949298201649947,-0.03057105280281648,0.8319531223213454
79.86,0.3032176951453722,-0.037503925560921005,0.6949991206769401
79.88,0.2647043907744392,-0.04187894374527,0.535341458676584
79.9,0.22460086478476426,-0.043536988480708354,0.3635993912908107
79.92,0.18372164944625852,-0.04252362356084015,0.1906157673423749
79.94,0.14314533514151317,-0.03907012469634566,0.026670703145792715
79.96000000000001,0.10434540522235689,-0.03355899459144183,-0.11919704427190425
79.98,0.06933178577836417,-0.026477014025922545,-0.23970457837647985
80.0,0.04074994419694605,-0.0183604166598195,-0.32963401231581085
80.02,0.0218846721603221,-0.009738250276437868,-0.3859165070479151
80.04,0.01659950425236605,-0.0010801474466820575,-0.40749674532258445
80.06,0.029368623230478782,0.007247854956717273,-0.3950040734009425
80.08,0.06543506116744391,0.01501926692615951,-0.35026341053664406
80.10000000000001,0.1300852034630993,0.022168058611163503,-0.2756863242516853
80.12,0.2233967655446175,0.028746061309666695,-0.17367670657105364
80.14,0.3282593207708917,0.03469954280829411,-0.046527462377257654
80.16,0.41227725528209747,0.039513265096156686,0.1024216907547649
80.18,0.4598688309963134,0.04227515699259496,0.26683253428126064
80.2,0.4800330191504867,0.042247828792559415,0.43688002585395874
80.22,0.4847953614611132,0.03918301534411355,0.6007461280381224
80.24,0.48057940232345775,0.03325931464250673,0.7465194691242569
80.26,0.47005701749394985,0.024949176790872548,0.8636302771567044
80.28,0.4543813112769843,0.014917543885009366,0.9438125889680982
80.3,0.4341965129319087,0.003941874369521999,0.9817101344404995
80.32000000000001,0.4100007865670909,-0.0071598275825761355,0.9751807463569621
80.34,0.3822732515518958,-0.01759582928123678,0.9253229829419938
80.36,0.3515282767499828,-0.026660156447033234,0.8362490625737158
80.38,0.3183545187450755,-0.03378131284322505,0.7146402365570186
80.4,0.2834620462474563,-0.03855710661647001,0.5691341582833152
80.42,0.2477521077989243,-0.040773359552439124,0.4096046183918297
80.44,0.21242217221184012,-0.040405384057530906,0.24640072915503441
80.46000000000001,0.17911487069288812,-0.037602291459330625,0.08961476214808432
80.48,0.15010638825826528,-0.03265545943706763,-0.05155489501374162
80.5,0.12850406968392217,-0.025953954576000023,-0.169287354327022
80.52,0.11838855833548866,-0.017931468648102734,-0.25742571737821884
80.54,0.12477869835615359,-0.009011446221210685,-0.31154503593500904
80.56,0.15306739789732754,0.00043908918845193,-0.3288135147076912
80.58,0.20680640083612226,0.010124553613674009,-0.30772013784959834
80.60000000000001,0.28207291863785283,0.019755150589966082,-0.2478823451634563
80.62,0.361888290931524,0.028860423754861697,-0.15036219973310624
80.64,0.4248956014531406,0.03663626497365376,-0.018763479651416896
80.66,0.46346192110354073,0.0421279949795564,0.1396707217304683
80.68,0.4829634820811599,0.044607775877587075,0.3142254077935543
80.7,0.49022279283972015,0.04375293548033976,0.49206972264990134
80.72,0.48920478476583734,0.03962098678693655,0.6598659625882827
80.74,0.4817698565361667,0.0325732410973067,0.8051396550911242
80.76,0.46883378511243173,0.023201554506715353,0.9173461641689262
80.78,0.45096200885981075,0.012258193433579659,0.9886525534968882
80.8,0.42860456852569523,0.0005847278570391959,1.0144374531615432
80.82000000000001,0.40218352579853245,-0.010959167218640448,0.9935053779761445
80.84,0.3721289662177373,-0.021563267384640674,0.9280220813624069
80.86,0.3389000229520391,-0.030526276529232527,0.8231943885454182
80.88,0.3030058746229238,-0.03730320588753033,0.6867351116712174
80.9,0.2650359261869402,-0.04153757278590315,0.5281679692015527
80.92,0.22570836754861875,-0.043076508012090314,0.35803746167665823
80.94,0.18594754497161636,-0.04196809627686092,0.18709383143452724
80.96000000000001,0.14699885161540313,-0.03844149028434125,0.025523493346187007
80.98,0.11057906994302909,-0.03287155676167423,-0.11770925652508034
81.0,0.07903619630327666,-0.02573116415363173,-0.2353531130681408
81.02,0.055467970622788076,-0.017535770988538386,-0.32215257376348244
81.04,0.04376343631995214,-0.008786248173318177,-0.3749034970496583
81.06,0.048610514862443895,8.433867933432576e-05,-0.39228622941916336
81.08,0.07549755637500231,0.008756023772839789,-0.3745005578581558
81.10000000000001,0.13005385222579247,0.017051867006355727,-0.32274530568681276
81.12,0.21392745904180677,0.024915437782890452,-0.23866097418479104
81.14,0.31427796464445473,0.0322367531608817,-0.12412622040539921
81.16,0.40126762410976213,0.038520505889356516,0.017872920396492083
81.18,0.4549188687719795,0.042844846085655246,0.1814206876431086
81.2,0.4800834669932755,0.044359081776972065,0.35686206922640834
81.22,0.4883699829580789,0.04266866670774701,0.5319999623758734
81.24,0.4867902813974381,0.037832526700558505,0.694002527296614
81.26,0.4783828135816063,0.030241898874291392,0.8309774059841332
81.28,0.46443944810104454,0.020518071321072303,0.933086890675189
81.3,0.445639163495499,0.009430589189577863,0.9933005141508042
81.32000000000001,0.4224701136135737,-0.0021774216503813995,1.0078374898655202
81.34,0.39537435669017695,-0.013460492290159129,0.9763172610802296
81.36,0.36480176975745904,-0.023636540912358138,0.901634976218285
81.38,0.3312388187087587,-0.032043326784062826,0.7895912963595019
81.4,0.2952363312170112,-0.038181998147883055,0.6483211079690075
81.42,0.2574490032192477,-0.04174497325858547,0.4875786391947897
81.44,0.21869777662501405,-0.042626534249150756,0.3179452870855465
81.46000000000001,0.18006628512451756,-0.04091572095841257,0.15003053259089727
81.48,0.14303826010708526,-0.036872315449790104,-0.0062644354807474475
81.5,0.1096678101868119,-0.030887962275989334,-0.14235639959618937
81.52,0.08274874027227674,-0.02343590280463075,-0.2514100809091186
81.54,0.06593329317214036,-0.015014342128981093,-0.3285524067373163
81.56,0.06377889119687738,-0.006089443797455489,-0.3708574772434847
81.58,0.08171626413044418,0.0029562801045352103,-0.3771124487992234
81.60000000000001,0.12554483472749503,0.011862468226195882,-0.34739923011027446
81.62,0.1984944860119734,0.020489477875900244,-0.28258622456293214
81.64,0.29264740728284927,0.028698667979689126,-0.18402731319989055
81.66,0.3825048187570607,0.036062204429753345,-0.05410077742506584
81.68,0.44387660682114455,0.041711175356072105,0.10218752488359156
81.7,0.47564746999858104,0.04470785854380883,0.2760325686451889
81.72,0.48837570926899027,0.04449630876333445,0.45555119462345156
81.74,0.4899484211730909,0.04098771196377387,0.6275907359944438
81.76,0.4840533050745396,0.03446130834710453,0.7794174769636518
81.78,0.4722566944304886,0.025461515830021392,0.8999752897794852
81.8,0.4553306493428665,0.014714820121178317,0.9807756697178661
81.82000000000001,0.4337859386322098,0.0030542815035623783,1.016473926895293
81.84,0.4080581474178277,-0.008653638458631988,1.0051483901809044
81.86,0.3785733001344262,-0.019578569014290552,0.948293226977476
81.88,0.3457763166456486,-0.028988252415538613,0.8505468541892117
81.9,0.3101515429663726,-0.03629910628251447,0.7191939382743773
81.92,0.27224818971934056,-0.041112071564572715,0.5634936621456466
81.94,0.23272019252965295,-0.043231604191465586,0.3938978022004248
81.96000000000001,0.19239060072038816,-0.04266690180936956,0.2212282726439008
81.98,0.15235006570240286,-0.039615683638964484,0.05588496276232107
82.0,0.11409134918904788,-0.03443204419382724,-0.09284898185322273
82.02,0.07966090430496697,-0.027581190677957352,-0.21734588657140727
82.04,0.051779498912941646,-0.019585384627775156,-0.31197192218867653
82.06,0.03388090237167913,-0.010966890703029752,-0.37320115044680086
82.08,0.030089650240211936,-0.002194063936770627,-0.3995057867921087
82.10000000000001,0.04525768717439488,0.006365357087410213,-0.3910444204354999
82.12,0.0849691023629253,0.014481710044196955,-0.3491808624826028
82.14,0.15411776280475664,0.022078513044503832,-0.27588833964416193
82.16,0.2500627965762034,0.029162244871897697,-0.17322965016872763
82.18,0.3512708679526531,0.03555593897934125,-0.043484951642679584
82.2,0.42671591519430274,0.040591250032016774,0.10942174963511747
82.22,0.46728019543908816,0.043320641078784396,0.2781547900854672
82.24,0.48379373741114834,0.04308035573136972,0.45200376875219256
82.26,0.4868337100846186,0.039700921920908155,0.6185942886394512
82.28,0.4816320401446016,0.03341521127637764,0.7657239187138621
82.3,0.47034749844330365,0.02473468821755079,0.8827147553831858
82.32000000000001,0.4539517657055005,0.014355610447968136,0.9613319571672972
82.34,0.4330261790350857,0.0030811052763533315,0.9963642209138368
82.36,0.4080419499188673,-0.008251122327964235,0.9859053452336487
82.38,0.3794583616243801,-0.018836432035934703,0.9313553330228193
82.4,0.34776576085645355,-0.02796334219625016,0.8371648115289649
82.42,0.3135177794567458,-0.035062414410290496,0.710360315217684
82.44,0.2773715896261812,-0.03974077926907931,0.5599018477408181
82.46000000000001,0.24014902945163752,-0.04180014883073707,0.3959348377189512
82.48,0.20293077220768424,-0.04123731688893518,0.22900493370875674
82.5,0.16719298510194322,-0.0382273390473315,0.06930570320245985
82.52,0.13498457458626756,-0.03309082155380708,-0.07397391109607993
82.54,0.10912003227512623,-0.026248141962536203,-0.19314395612138802
82.56,0.09333836748845854,-0.01816501431408262,-0.28230566445620137
82.58,0.09236931293886905,-0.009295301705970063,-0.3374182325187524
82.60000000000001,0.11178137122644452,-2.8377622925602163e-05,-0.3561431369644494
82.62,0.1569803399328581,0.009346291222451026,-0.3375059450302795
82.64,0.22930085283942028,0.018621811735032766,-0.2815032752011482
82.66,0.31774081658678216,0.027530113310262658,-0.1890057492551423
82.68,0.39753108756230865,0.03548440374456858,-0.06251555903088925
82.7,0.45046187124033965,0.04154817591622154,0.09234612644235907
82.72,0.4781213826414894,0.04482899857974164,0.2661397013422876
82.74,0.48950210631977387,0.04482740400135884,0.44658175543293493
82.76,0.4908234536322202,0.041478079762554104,0.6202799253211994
82.78,0.4850142679347498,0.03506336425080475,0.774307733895001
82.8,0.4733797479405653,0.026125183914479138,0.8974140905941882
82.82000000000001,0.4566108988374956,0.015388570104560455,0.9809064163849901
82.84,0.43519274887890685,0.0036882708888203008,1.0192361146354643
82.86,0.4095501761417151,-0.0081041253587807,1.0102912960014447
82.88,0.38010102061754136,-0.019150122449454767,0.9554026336234452
82.9,0.34727991763283284,-0.0287071342999532,0.8590822622295397
82.92,0.3115557965010786,-0.03618003751519022,0.7285326564166932
82.94,0.27345367439723944,-0.041158110651760525,0.5729775870473682
82.96000000000001,0.23358913954049795,-0.04343515188975849,0.40287843434541615
82.98,0.19272488236514587,-0.043011818947830176,0.22910547677137016
83.0,0.15185873371750552,-0.040080474561439795,0.062135104457773954
83.02,0.11234641575883787,-0.034994018951932104,-0.08865962897536764
83.04,0.07604285529496535,-0.02822144757509817,-0.21556609259415166
83.06,0.04541502374111241,-0.020294353257878588,-0.31289160461133386
83.08,0.02356648402024512,-0.011750162578109147,-0.37710029110131094
83.10000000000001,0.014175171094502297,-0.0030785407543876273,-0.40672720479213903
83.12,0.021479594564263464,0.005324504933946938,-0.40209259177148576
83.14,0.05044505261578666,0.013194254468392896,-0.36484941644694485
83.16,0.10655746385973017,0.02042436023530289,-0.29739852681554313
83.18,0.1924726532535398,0.0270526353554026,-0.2022579036297903
83.2,0.29735941194318094,0.03310312496885519,-0.08173055065767215
83.22,0.39079114281557437,0.03823069457254857,0.06136344588016989
83.24,0.4490057480559698,0.04159657696451313,0.22176526434285382
83.26,0.4757826127269188,0.04235987923189045,0.39064302652056454
83.28,0.4840974929638125,0.04012791035963645,0.5566295352042451
83.3,0.4820573416826513,0.034971111943840213,0.7077521453561977
83.32000000000001,0.47316717085379456,0.02728909339884797,0.833021946568032
83.34,0.45888442620244624,0.017698957335566135,0.9235148666011668
83.36,0.4399509756195259,0.006950912454256603,0.9730670991184664
83.38,0.416891902493667,-0.00414518118221664,0.9786585091359746
83.4,0.3901886094176568,-0.014787892292309162,0.9405133213466532
83.42,0.36034681337496105,-0.024245757007919585,0.8619406450642111
83.44,0.32793802097233754,-0.03190901919380028,0.7489472798269218
83.46000000000001,0.2936442307151118,-0.03732830161317441,0.6096687104425038
83.48,0.2583219748506473,-0.04023771635105505,0.4536758766457628
83.5,0.22309881363912698,-0.04056098768445564,0.29122319063971636
83.52,0.18951236333432153,-0.03840032185319003,0.13250668055242937
83.54,0.15969140316080557,-0.0340089961854623,-0.013000239014427152
83.56,0.136555352092826,-0.027750057568863593,-0.13707250888053701
83.58,0.123973653022726,-0.02004524247983823,-0.23307271018186784
83.60000000000001,0.12677301947637992,-0.011320345528369751,-0.2960764300596772
83.62,0.150299767507437,-0.0019567149999502064,-0.3227871608394221
83.64,0.19861520761002874,0.007731668684836135,-0.3112988179250047
83.66,0.2696103534811118,0.017452195464075837,-0.26088505995926947
83.68,0.3488868830156445,0.026771053424025026,-0.17220090701778315
83.7,0.415031942635846,0.0349389547183493,-0.04824042654457323
83.72,0.45749706489891395,0.041004776854227945,0.10449943525422084
83.74,0.4799424106548343,0.044180473659593114,0.275925839138482
83.76,0.48923957571070087,0.044063339743082144,0.4535352952441339
83.78,0.4897672605725464,0.04063824113076596,0.6240078944143833
83.8,0.48363839747476833,0.03420685524935951,0.7746220076359901
83.82000000000001,0.4718763059211781,0.02531502295289565,0.8943743611735877
83.84,0.4550860129744222,0.014683407831166544,0.9748178294814143
83.86,0.4337306500589129,0.0031371789236391556,1.010620667438635
83.88,0.408235396238323,-0.00846508793708993,0.9998421385546267
83.9,0.37902939429478333,-0.019299853680100884,0.9439276433882111
83.92,0.3465686332375556,-0.028639977181710977,0.8474427548723446
83.94,0.31135702237379204,-0.035904824636369854,0.717583041498611
83.96000000000001,0.27397543485992715,-0.04069581494792311,0.5635116554418726
83.98,0.23512789707431964,-0.04281522061735654,0.3955877037333003
84.0,0.19571539790887482,-0.04226726812264725,0.22455470317939522
84.02,0.15694697014743694,-0.03924180037655129,0.06075979740806653
84.04,0.12048902761492666,-0.034081976534164636,-0.08652905028801836
84.06,0.0886324982256242,-0.02723880525348776,-0.20964915528007672
84.08,0.06443123298838531,-0.019216831366445874,-0.302867945810712
84.10000000000001,0.05176953005547975,-0.01051668258883573,-0.3624822170550028
84.12,0.05537841330074952,-0.001580386777260317,-0.3866913106996996
84.14,0.08080411957209852,0.007255800278869882,-0.37526509632960825
84.16,0.13369113805779723,0.01579269148389365,-0.3290498894753291
84.18,0.2157069545002185,0.023946980558459424,-0.24943266650648685
84.2,0.31437350012704707,0.031582476269980814,-0.13814775022232495
84.22,0.4005849116407031,0.03818889149322033,0.0018777716567115754
84.24,0.45441695950699595,0.042838714793220316,0.164750448785673
84.26,0.4801247909841485,0.04466879138318591,0.34080543585518014
84.28,0.4889640819336957,0.0432636454769472,0.5177666154741994
84.3,0.4878700656531316,0.0386610551238192,0.6826365429995057
84.32000000000001,0.47988026943021317,0.031235742752918075,0.8232810238770569
84.34,0.4662917863980432,0.021598749408715725,0.929566715326277
84.36,0.44778481483737204,0.010516067039370972,0.9941398851776804
84.38,0.4248449562335365,-0.0011662124017976774,1.012895450115999
84.4,0.39790824182442114,-0.012593793411592655,0.9851524361085813
84.42,0.36741432411270425,-0.022970986044810297,0.9135508650477637
84.44,0.3338333940257207,-0.031618573128869634,0.8036979567885215
84.46000000000001,0.29769062942233426,-0.038019002601472826,0.6636070854156533
84.48,0.25960029683468766,-0.041846038389104764,0.5029862761799544
84.5,0.22031994349502,-0.04297715296781404,0.3324422464958429
84.52,0.1808355612529165,-0.041488166204129075,0.16267042165557105
84.54,0.14248558044156817,-0.03763084264823365,0.0037009158831778355
84.56,0.10711855685413102,-0.03179539045161177,-0.13573481370350463
84.58,0.07725398604895978,-0.024461195953248867,-0.2486624120417919
84.60000000000001,0.05619479103330894,-0.01614068261971897,-0.3301103819489578
84.62,0.04806595881652982,-0.007322292263594769,-0.3771274758851799
84.64,0.05782602706051097,0.0015818978464015843,-0.38857972577333977
84.66,0.09117925671126861,0.010279528348566037,-0.36475431707875156
84.68,0.15330456970541637,0.018619796134409228,-0.30682495727898396
84.7,0.24299756825374624,0.0265408683736241,-0.21634969760330422
84.72,0.3418998674091475,0.03384059447192093,-0.09530374338272674
84.74,0.41984159649532327,0.03986970072217182,0.05269818367352704
84.76,0.4643167505643531,0.043661459856157714,0.22065849848804453
84.78,0.4839380800442452,0.04446726870667128,0.3979853659646988
84.8,0.4892292382589835,0.04201991403433827,0.5720402988733299
84.82000000000001,0.48577516740652654,0.03647361196002323,0.7299994470555208
84.84,0.4759321693143411,0.028285856521195113,0.8602980270457316
84.86,0.4607446834373525,0.01812343781102746,0.9536476269841639
84.88,0.4408112067513196,0.006783762206826932,1.0037133472191953
84.9,0.4165954266588675,-0.00487903494802375,1.0074875409370547
84.92,0.38853323273716545,-0.01602459653535392,0.965374236302286
84.94,0.3570747178464202,-0.02589057050761875,0.8810028272700517
84.96000000000001,0.32270953330685087,-0.033846647364882604,0.7608039504821238
84.98,0.2859943739589873,-0.03943491421117172,0.6133955578007123
85.0,0.2475939003811739,-0.04239401115163131,0.4488393211883682
85.02,0.20834592631080898,-0.042665757544729954,0.2778352316734344
85.04,0.1693615532658886,-0.04038413201353794,0.11092514778918384
85.06,0.13216516731793423,-0.03584769514736828,-0.042225894949694365
85.08,0.09886170038642295,-0.0294778165391829,-0.17340865611661224
85.10000000000001,0.07229166871760963,-0.021766536315443823,-0.27625929785409853
85.12,0.056124896224912894,-0.013219399220646102,-0.34642840039476896
85.14,0.05488896342687377,-0.004299293354047761,-0.38152137295637234
85.16,0.07395929136076168,0.004623524556019384,-0.3808250598157932
85.18,0.11913869819695135,0.013308720954901205,-0.3448563007053755
85.2,0.19380004354286648,0.021644558574625206,-0.27482273886321207
85.22,0.29007490284735293,0.02952688242495753,-0.17229119124957804
85.24,0.38180070414944145,0.03655786605549725,-0.039718154532965524
85.26,0.44396932001890127,0.041880621268011245,0.11789773756320328
85.28,0.47566380407244413,0.044562003674961215,0.2917848193408916
85.3,0.4879933960900032,0.04405858593320845,0.47012555703649545
85.32000000000001,0.48911843680822714,0.040299699977957626,0.6398967143920135
85.34,0.48280609489420995,0.03358161768398328,0.7885661090132101
85.36,0.47064070634928507,0.024461122365125564,0.9053386484386279
85.38,0.4533986851966753,0.013671076301635826,0.9820245723006278
85.4,0.4315937412659409,0.002044649782542991,1.0135908838597234
85.42,0.4056659992497694,-0.009557505475349922,0.9984160044143635
85.44,0.37604890116522416,-0.02031592773888809,0.9382604142563079
85.46000000000001,0.34319914916591215,-0.02951317321694486,0.8379769473852107
85.48,0.3076196781527987,-0.036582911680404576,0.7050000318240536
85.5,0.2698891264367735,-0.041144139036719395,0.5486674352934491
85.52,0.2307080390269967,-0.04301846297793868,0.3794385345197223
85.54,0.19097250982670066,-0.042229637742555545,0.20807887354487475
85.56,0.15188464601060353,-0.03898573952741089,0.04488163195799046
85.58,0.11509982951520324,-0.03364558535591587,-0.10100735216916677
85.60000000000001,0.08288829859289107,-0.026672325341565346,-0.22210335998525246
85.62,0.05826230608374003,-0.018578672428413892,-0.31289246144546046
85.64,0.04502779990252241,-0.00986959405321125,-0.36991495615852554
85.66,0.04779239590122706,-0.0009883290367667973,-0.3916244988617568
85.68,0.0719738113048964,0.007730086191620187,-0.378045158330216
85.7,0.1232853463848086,0.016091349845301417,-0.3302663740094868
85.72,0.20418548857621022,0.02402855102382764,-0.249880035622908
85.74,0.3038945548106784,0.031449466922045484,-0.1387097564385341
85.76,0.3935866372143606,0.037909780883248055,0.0004594208599033936
85.78,0.4508234117814691,0.04251398794002677,0.16209240240077444
85.8,0.47842410052187917,0.044377280388367475,0.3368946363793016
85.82000000000001,0.4881015070245357,0.04305109943438811,0.5128368854482955
85.84,0.4874061686680491,0.038550707037392176,0.6770559979741235
85.86,0.4796708200788448,0.031236472884103507,0.8174802010229181
85.88,0.4662992311163476,0.021708802799699563,0.923989591044324
85.9,0.4480070410852147,0.010725022395170666,0.9892055205142376
85.92,0.4252926832188673,-0.0008757367734278745,1.008966708465594
85.94,0.3985991386116952,-0.012244235332791797,0.9825118635784121
85.96000000000001,0.3683729898989311,-0.02258769781523163,0.9123846830093009
85.98,0.33509414953917743,-0.03122754442076951,0.804088935311033
86.0,0.2993027530251492,-0.03764458305190306,0.6655365706234766
86.02,0.26163642270026505,-0.041508782840518066,0.5063451179725256
86.04,0.22288896177723577,-0.04269187569306444,0.3370499482213833
86.06,0.18410173391457854,-0.04126223953898535,0.16830158661852115
86.08,0.14669555604340814,-0.03746272099202292,0.010118033811299734
86.10000000000001,0.11263746730315671,-0.03167329612454876,-0.12874302659339612
86.12,0.08461166002910163,-0.02436187494704145,-0.24123759092647412
86.14,0.06614491660536861,-0.016028103917300245,-0.32227605294070133
86.16,0.06166014866316137,-0.007146111520234351,-0.36873498221797885
86.18,0.07646415678896461,0.0018880316201747307,-0.37924750817486114
86.2,0.11639015608273334,0.010797409224352107,-0.3538032140705587
86.22,0.18544276529675296,0.019432031562362437,-0.29323714116028754
86.24,0.2780415631041867,0.027672838780173313,-0.1988614402863469
86.26,0.3707293172754715,0.03515787510626653,-0.07283820583946812
86.28,0.43701304911936945,0.041073063847639396,0.08031615320570219
86.3,0.47248348344908897,0.0444564277151768,0.2523527213045512
86.32000000000001,0.4873166434019687,0.04468444910190133,0.4317383054518278
86.34,0.4901411997367222,0.04160776318393817,0.6054050203138239
86.36,0.4851421099418712,0.035461641788000826,0.7604956025126273
86.38,0.4740896892469475,0.026759431129496546,0.8856815151114855
86.4,0.45782611784042554,0.016207086789125517,0.9720990373327366
86.42,0.4368841978262991,0.004627054261801513,1.0139660619433224
86.44,0.4117053548623256,-0.007115197353014075,1.008900421031546
86.46000000000001,0.38271566978018545,-0.018181316197320795,0.9579500666403451
86.48,0.3503574039815169,-0.027823278926022085,0.8653551801480427
86.5,0.31510998729836404,-0.035435647567219675,0.738078072331638
86.52,0.2775146149349617,-0.040593493197467474,0.5851517604889002
86.54,0.2382121651787146,-0.04307368531468589,0.4169095531569722
86.56,0.19800449972072376,-0.04285847031034014,0.24416474742329625
86.58,0.1579490800519982,-0.0401214922910162,0.07741137958601443
86.60000000000001,0.11949043901065197,-0.03519761211371271,-0.0738860494410502
86.62,0.08461299393979908,-0.028539150922788283,-0.20185386661847124
86.64,0.05597068512460351,-0.02066266773407839,-0.30057492221544013
86.66,0.03694015669278095,-0.012091903269452552,-0.3662316514888591
86.68,0.03160551227859473,-0.003303074095085099,-0.39702368127316756
86.7,0.04478385536819878,0.005323031844736929,-0.3928792511331214
86.72,0.08204069342408955,0.013539900850299734,-0.3549921889543711
86.74,0.14847260835056708,0.021253684541938177,-0.28523607783732224
86.76,0.24245527213942106,0.028463936608959354,-0.18562829424363236
86.78,0.34414930667993654,0.03501498002809429,-0.058379083777040375
86.8,0.42220314247784474,0.04027396867988078,0.09278603420519316
86.82000000000001,0.46523856257675156,0.04329118264327185,0.2608097818544104
86.84,0.48327090118345106,0.043363362601079536,0.43516510932591973
86.86,0.48721699811558683,0.04027987923811305,0.6034907696521619
86.88,0.4826459931752031,0.0342434442445644,0.7534542521521949
86.9,0.4718671117224117,0.025745231668102345,0.8741474590444802
86.92,0.4559044114284953,0.015469316908945045,0.9570407811521119
86.94,0.4353545598014077,0.004214023556832535,0.9965943333019592
86.96000000000001,0.41069081185539774,-0.00718084999648444,0.9905680948834852
86.98,0.3823686935002608,-0.01790238549176887,0.9400492886494508
87.0,0.35087057316862114,-0.02722571208153408,0.8492195133076794
87.02,0.3167370291029935,-0.034564295373402776,0.7248977599229802
87.04,0.28060464339429353,-0.03950610865463757,0.5759095726065544
87.06,0.24326303670397903,-0.041833422068940404,0.41234372108298756
87.08,0.20574325882387975,-0.041525098806439904,0.24476453023078462
87.10000000000001,0.16944760517464946,-0.038741478771859995,0.08345007666789858
87.12,0.13632098024982126,-0.033793155605807854,-0.062276286018084936
87.14,0.10904211535066605,-0.027096317466931204,-0.18456149644892267
87.16,0.09118800059651298,-0.019118886036543235,-0.2773396339360433
87.18,0.08731786698832866,-0.010323169623192322,-0.33642424898282647
87.2,0.10289073398767512,-0.0011118739130072837,-0.359375502825769
87.22,0.14355212700352724,0.008212015262333191,-0.345174001620476
87.24,0.21200231885242135,0.0174424565864026,-0.2938041933322249
87.26,0.30013749034299647,0.02635432771589879,-0.20604630841555938
87.28,0.38440927554747023,0.034445765017915485,-0.08404273391765095
87.3,0.44312274423076387,0.04082588663329454,0.06724026668975162
87.32000000000001,0.47478269225610703,0.04455759498232693,0.2390149250706276
87.34,0.4884181232918598,0.04506172469569059,0.41937697712688393
87.36,0.4911085448720916,0.0422057443707849,0.5950123667522108
87.38,0.4862979277593613,0.03622314001948847,0.7528420224338103
87.4,0.4754982004712792,0.027621044398857812,0.8812961869846248
87.42,0.4594713540095081,0.017101502006933833,0.9712484034546831
87.44,0.43872470228399807,0.0054875550030947726,1.0166468828718258
87.46000000000001,0.4136887226963979,-0.006349927944404968,1.0148518458641582
87.48,0.3847805898990065,-0.01756293882537976,0.9666840154955315
87.5,0.3524309983790157,-0.027390535104932695,0.8762018788677265
87.52,0.31710189769451663,-0.03521235837835917,0.7502421839328538
87.54,0.2793070156384746,-0.04058797294692844,0.5977737266837546
87.56,0.2396436515052537,-0.043279633971228866,0.4291263322766301
87.58,0.1988449009106859,-0.04325733975745549,0.255164023866675
87.60000000000001,0.15786199052205718,-0.04068626900918796,0.0864734482851427
87.62,0.11798159531272781,-0.03589790496608824,-0.06736418821225072
87.64,0.08096599192147662,-0.029347383803397444,-0.19835706068066178
87.66,0.049173724041296586,-0.021561044558161185,-0.30049486837309697
87.68,0.025599185806129583,-0.013079755692258634,-0.36992063303582734
87.7,0.013816129018516423,-0.004404495888925942,-0.4048782003200071
87.72,0.017940108244509825,0.004050767341463236,-0.40545555280049356
87.74,0.04277330738786306,0.011997798607741477,-0.37315671776334136
87.76,0.09378867977839263,0.01930371432906382,-0.31033536862323013
87.78,0.17470114259579128,0.025989241690641457,-0.21955705929743308
87.8,0.27810930498638675,0.0321066632184715,-0.103165496371233
87.82000000000001,0.3761701656977863,0.03740623942537227,0.03623376620760451
87.84,0.44114150261307317,0.041118225614741516,0.19397316790065508
87.86,0.4725445533511243,0.04235792767287576,0.36186199732515667
87.88,0.4833616884138736,0.04064294551406574,0.5288748136311956
87.9,0.48279150936535326,0.035971528944019955,0.6830481960186915
87.92,0.4749578085027224,0.028694476161165727,0.8131626231720389
87.94,0.4615547063026347,0.019396781160464675,0.90990336937479
87.96000000000001,0.44340162483692586,0.008809781420860138,0.96661463689536
87.98,0.4210456898139237,-0.0022634768465195597,0.9797331808007826
88.0,0.3949711078074047,-0.013017114739389345,0.9489356941869682
88.02,0.36567819798599177,-0.022705168589788046,0.8770221512679387
88.04,0.33372714370234036,-0.030695135404204973,0.7695654080148275
88.06,0.29978138151087175,-0.03650898115243225,0.6343706655991502
88.08,0.2646680548499484,-0.039848963684100056,0.480800549336146
88.10000000000001,0.22946897326608431,-0.0406066535833002,0.3190301487258935
88.12,0.19565291999731627,-0.03885468510774337,0.1593005558904904
88.14,0.16525116127113537,-0.03482199161602825,0.011238899053915112
88.16,0.14105670961930677,-0.028854663509395136,-0.11669283934138554
88.18,0.12679404157294102,-0.021366247243536016,-0.21756972782302694
88.2,0.12715558236880273,-0.012783378475575334,-0.2861652842727643
88.22,0.14744970227821927,-0.0034958283370196863,-0.3189003586283988
88.24,0.19206179640241705,0.006171506519883472,-0.3136276069333403
88.26,0.26007467976569076,0.01592538767181468,-0.26940836657087486
88.28,0.33892677368325685,0.025358548086459175,-0.18663728241640953
88.3,0.4073968182558909,0.03376426575568414,-0.06789732606001933
88.32000000000001,0.45286771868005155,0.040200600962637424,0.08084495740069161
88.34,0.4775828086648071,0.04384012770471322,0.2499605990981808
88.36,0.48840063824893093,0.044223423937483346,0.4272065328012674
88.38,0.4900362544175622,0.04128353188695279,0.5993025912524432
88.4,0.4848179225591778,0.03527986903177693,0.7533785021904238
88.42,0.4738619786046242,0.026725654866048262,0.8781325890159755
88.44,0.4578077406444632,0.016318841115024133,0.9647084936076659
88.46000000000001,0.4371296022753117,0.0048722601341022395,1.0072950213506526
88.48,0.412255288326345,-0.00675737829158002,1.0034436482861304
88.5,0.3836128070763505,-0.01773847702557835,0.9541046694435681
88.52,0.3516548197192188,-0.0273271382324174,0.8633986966939041
88.54,0.316879653553238,-0.034919090207835485,0.7381578166032414
88.56,0.2798592366954105,-0.040087492662153015,0.5872863022250685
88.58,0.24128309259586664,-0.04260426103640604,0.42100247924944606
88.60000000000001,0.20202879398579435,-0.04244376635710324,0.25003036763882136
88.62,0.16326901331304386,-0.03976898742216651,0.08481184538346578
88.64,0.12661805156485542,-0.03490140183415726,-0.06519263904521491
88.66,0.0943010653316151,-0.028277201980613866,-0.1920544685860838
88.68,0.06930262168146317,-0.020393923758973247,-0.289731320866188
88.7,0.055448819473968736,-0.0117530262469478,-0.35419802821010027
88.72,0.05742983016893065,-0.0028044114384928624,-0.38334975087275686
88.74,0.08076642413603705,0.006102048953405685,-0.3766956537348792
88.76,0.13116141438513595,0.01474989475393478,-0.33488414288499607
88.78,0.2107674765486841,0.023040795404277604,-0.25917210777888305
88.8,0.3084183020895476,0.030839866839372326,-0.1511968573000663
88.82000000000001,0.3958462752242834,0.03766076490958132,-0.013734159882975057
88.84,0.4517721687971468,0.042589174858340705,0.14756383746986887
88.86,0.4790785344938226,0.04473827058305792,0.32325167079081946
88.88,0.4889314540058469,0.04365386035480285,0.5011377936134837
88.9,0.48853728865909507,0.039340229209557,0.6681617296971201
88.92,0.4811009824238955,0.03214732334336104,0.812009844848125
88.94,0.4679864696051717,0.022669298615451472,0.9222863021289013
88.96000000000001,0.44989614848671877,0.011662658460926094,0.9913222111724538
88.98,0.4273212369960571,-2.8821376388470793e-05,1.0146738093231777
89.0,0.4006968664717371,-0.011546412048398248,0.9913258784097899
89.02,0.3704581645081128,-0.02208404819699134,0.92361415076604
89.04,0.3370672986905062,-0.03094739174370816,0.8168930063675365
89.06,0.3010365640392782,-0.037600533894611265,0.6789904792127412
89.08,0.2629597353358962,-0.04169736151115931,0.5195063160490684
89.10000000000001,0.22356183391491294,-0.04309575646149917,0.3490184967799534
89.12,0.18377802708026872,-0.04185402255430004,0.17826850431245167
89.14,0.1448701759921503,-0.0382101462500455,0.01739562084292496
89.16,0.10857810888961394,-0.03254571671124452,-0.12471431566377121
89.18,0.07727819686369419,-0.02533769169833827,-0.2409102126736769
89.2,0.05409771073118046,-0.01710274972534309,-0.32604742301765843
89.22,0.042951736235536546,-0.008340203379369963,-0.37703190193425085
89.24,0.04855059079070692,0.0005208657506125015,-0.39264286215084937
89.26,0.07640038017170198,0.009166400105779116,-0.37315897563637684
89.28,0.13209435846811388,0.017426311556756977,-0.3198318965458221
89.3,0.21699384244029707,0.025248713640353644,-0.234330381221153
89.32000000000001,0.31756255082553864,0.0325185666913216,-0.11855967867181447
89.34,0.40367230130483295,0.03872486587843233,0.024422898504582027
89.36,0.4561786561063904,0.04293904308914613,0.18857744486779565
89.38,0.48056281209719726,0.04432307419104545,0.36413871825120864
89.4,0.4883906334102912,0.04250080703974839,0.5388666692644033
89.42,0.48650866803994086,0.037545961285507856,0.6999540212185754
89.44,0.4778667918603445,0.02986025017834089,0.8355832389138369
89.46000000000001,0.4637234464823921,0.02007192598795939,0.9360261156332782
89.48,0.4447468142629822,0.008954360484830476,0.9943832019406064
89.5,0.42142228440754237,-0.002648481134803062,1.007014013474962
89.52,0.39419215619920095,-0.013893080221501479,0.9736759855623429
89.54,0.36350811393553045,-0.024001748785193806,0.8973894279993512
89.56,0.32985987272529244,-0.03231858097993445,0.7840585147662051
89.58,0.29380348399408635,-0.038352371960663774,0.6418934553381448
89.60000000000001,0.2560019395069912,-0.041803787655011686,0.4806917659742677
89.62,0.21728927986842814,-0.04257521311200765,0.31104518146363
89.64,0.1787693836461301,-0.04076291366027743,0.14354262648780378
89.66,0.1419559251989809,-0.03663234672877114,-0.011961277057026765
89.68,0.1089444088467076,-0.03057872287820235,-0.14694852225451027
89.7,0.08258128860649357,-0.023076358689342116,-0.25465841376934956
89.72,0.06658077494182087,-0.01462189873298127,-0.33029149731533536
89.74,0.06556910429207245,-0.005677418863696944,-0.3709841173518851
89.76,0.08503827438752355,0.003380767180801195,-0.37556488022589163
89.78,0.1307474237341488,0.012299183477881436,-0.3441301318940235
89.8,0.20545879556816143,0.020940524720557685,-0.2775413811436098
89.82000000000001,0.3000198135997783,0.029151604640267986,-0.17716517534920131
89.84,0.3881375820020459,0.03646842844717359,-0.04549776226596111
89.86,0.4470300225454053,0.04199772874726544,0.11219995606434413
89.88,0.4770680808940344,0.04481758899587042,0.28685112371231186
89.9,0.4888407871515689,0.04440526014947768,0.46640988294117247
89.92,0.4898483527037182,0.04069992351747652,0.6376866569131177
89.94,0.48354645530411167,0.03400077169569319,0.7880061008966228
89.96000000000001,0.47140970229316365,0.02486625187597841,0.9064378210656454
89.98,0.45417909876554785,0.014032079459875542,0.9846653831318604
90.0,0.43235566589402297,0.0023360278152219516,1.0175440136198084
90.02,0.40637229889236004,-0.009355110751931846,1.00336198278998
90.04,0.3766547676404605,-0.02021471698081241,0.9438164176408643
90.06,0.3436487752026991,-0.029517820250200024,0.8437263944129021
90.08,0.30784021055861127,-0.03669088590729203,0.7105222782164275
90.10000000000001,0.2697808356331587,-0.04134671772373867,0.5535647934934671
90.12,0.23012881073447677,-0.043302407338975,0.38335790581781354
90.14,0.18971414968521563,-0.04257949999119065,0.21072540332274026
90.16,0.1496384691834289,-0.03938677125789004,0.046021924589024196
90.18,0.11141018374912273,-0.03408721234872362,-0.10155480009284919
90.2,0.07709463856629795,-0.027152118571620594,-0.2244926507204975
90.22,0.04942957174622897,-0.019106697639637092,-0.3172914698644609
90.24,0.03185588964116212,-0.01047307800753131,-0.3765645231989232
90.26,0.028490536050381043,-0.001716826397038549,-0.40091719069048715
90.28,0.044168059902069366,0.0067991424291687485,-0.3906257936961323
90.3,0.0844558619390951,0.01485145896703646,-0.3471494717592538
90.32000000000001,0.154216939264003,0.02237078807556901,-0.27252961803244596
90.34,0.25067581462137767,0.029369989657490637,-0.16886927753558037
90.36,0.35202907432797514,0.03567451974105275,-0.03847023098930725
90.38,0.4272209104083549,0.04061501756052724,0.11472300932489098
90.4,0.46744217499111007,0.04324676288908329,0.2833556046571934
90.42,0.4836920098779492,0.042914024834317,0.4567209324412983
90.44,0.48654161183800626,0.039455786319739505,0.6224827531893096
90.46000000000001,0.4811926865016967,0.03311135366312496,0.7685068798804033
90.48,0.46978865554472116,0.024396274938479366,0.8842046821664313
90.5,0.45329601395240765,0.014008613340028226,0.9614423375835346
90.52,0.4322953339984655,0.0027511443830865404,0.9951124182833749
90.54,0.40725916995971034,-0.008540730698479531,0.9834072000290697
90.56,0.3786497379957124,-0.019066307302798863,0.9278125581845963
90.58,0.3469622096734617,-0.02811924437392713,0.8328466820679719
90.60000000000001,0.31275779289554606,-0.03513594109982489,0.7055815325074357
90.62,0.2767054531523531,-0.03972950676721203,0.5549987171680942
90.64,0.23964525558520425,-0.04170720185132082,0.3912420246261065
90.66,0.20268555759000054,-0.041070381023590355,0.22483506436393233
90.68,0.16734320363986516,-0.03799715882907883,0.06593396417909202
90.7,0.1357239050843932,-0.0328092622560051,-0.07631825989187115
90.72,0.11071635011737216,-0.02592594415154698,-0.19427764766463307
90.74,0.09614869289193516,-0.0178094395184777,-0.28208221137979617
90.76,0.09684226421114292,-0.008907981469846081,-0.3357095656511419
90.78,0.11840351730892734,0.00039591226089823184,-0.35281409741475256
90.8,0.16601213951522192,0.009817557152465309,-0.3323891519053843
90.82000000000001,0.24004416683638943,0.019143132849322373,-0.2743987161461885
90.84,0.3278478025167646,0.028070984808576196,-0.17975790063879638
90.86,0.4045190788739804,0.035963129580175605,-0.051194710565840934
90.88,0.4541393361026216,0.041865181248928296,0.10528842992945078
90.9,0.4797033533305253,0.04491617209268856,0.27990540970334765
90.92,0.48995045880564425,0.04466057604284478,0.46018976634967484
90.94,0.49059299088119035,0.04106738104448455,0.6327249753404602
90.96000000000001,0.48429033393549176,0.034442990506478165,0.7846760651835308
90.98,0.47224442164533176,0.025346034681203482,0.9049642820024927
91.0,0.45511166815125836,0.014512175568470492,0.9851238487563284
91.02,0.43336653560400384,0.002781057070672055,1.0198639642239273
91.04,0.40743155290853844,-0.008976349533753472,1.0073389896438552
91.06,0.37772542275656723,-0.019927224499789332,0.9491330588401514
91.08,0.3446855269839582,-0.02933895294255684,0.8499801667537429
91.10000000000001,0.3087855052405768,-0.03662963361607068,0.7172578743200078
91.12,0.27055797570588247,-0.04140377102065543,0.5603077024405977
91.14,0.23063080107722195,-0.043471034203470954,0.3896461261360476
91.16,0.18978638776938064,-0.04284721936445315,0.21613604731753722
91.18,0.1490533236357261,-0.03973778860233238,0.050189589240554944
91.2,0.1098325423466835,-0.0345055552304039,-0.09893083186733678
91.22,0.07403960665626762,-0.027625357573383708,-0.22365497230835538
91.24,0.04421387705646432,-0.01963006540239776,-0.3184468646150427
91.26,0.023537019612604095,-0.011053804878715394,-0.3799232247493948
91.28,0.015772836329688397,-0.002378765649312364,-0.40674996841465494
91.3,0.025271881950083418,0.006010196065541696,-0.39934080730442817
91.32000000000001,0.05713644749533015,0.013862727137269663,-0.35939091678552293
91.34,0.11681547169355438,0.021087902705814027,-0.2892822526646698
91.36,0.20597914358410593,0.027729012315359795,-0.19146569051687323
91.38,0.3111355450638543,0.03377796454771443,-0.06821977565739488
91.4,0.400640660264478,0.03881401650988233,0.07743260640673173
91.42,0.4541244614092048,0.04195795650098474,0.23976434645524924
91.44,0.4779021505496216,0.042408149933283866,0.4094809760176738
91.46000000000001,0.4846277370365116,0.03983392559884468,0.5749767729189814
91.48,0.48164081741657183,0.0343530490709896,0.7242631332874604
91.5,0.4720529039691325,0.02639716815942646,0.8464920851313034
91.52,0.4571756014595352,0.016604897981662554,0.9329864579694951
91.54,0.4377032228662111,0.005739529204654414,0.9778981898027412
91.56,0.4141468267857886,-0.005383805521322851,0.9785594753370778
91.58,0.38698503405973156,-0.015965795548097947,0.9355529994876866
91.60000000000001,0.35672512832226394,-0.02528378085936563,0.8525241791368496
91.62,0.3239428670218822,-0.03274237902569594,0.7357693301214442
91.64,0.28932758283849974,-0.03791068404037767,0.5936472230597198
91.66,0.2537478635529462,-0.04054364915781433,0.4358728532593846
91.68,0.21835070808080062,-0.04058635289712812,0.2727596711634602
91.7,0.18470380399824973,-0.03816101684810423,0.1144794020856047
91.72,0.15497922302899636,-0.03353788973821569,-0.02959334358247951
91.74,0.1321527959759867,-0.02709254334516702,-0.15139170324062545
91.76,0.1201594625917304,-0.019253851365209834,-0.24447600108369943
91.78,0.12389341454927784,-0.010448994242433672,-0.30413663156175413
91.8,0.14875315285181162,-0.0010552592135221791,-0.3272863063371055
91.82000000000001,0.19875822301290774,0.008621380020539419,-0.31220317376962065
91.84,0.2714420081419594,0.018295669915340596,-0.2583120783383829
91.86,0.35164981429083625,0.027532189966818863,-0.1664050208107571
91.88,0.4175970013458782,0.03557023761884235,-0.039642060574789445
91.9,0.45929469741924456,0.041454019590586796,0.11527511234605463
91.92,0.4809883432816985,0.04440785331931581,0.28806466114258833
91.94,0.48968832144329094,0.04405058789323865,0.46610565746413146
91.96000000000001,0.48972749027904366,0.04038927219085842,0.6360500440618044
91.98,0.4831692254261314,0.0337451892842568,0.7852321400620125
92.0,0.4710116842650693,0.024680170120022757,0.9027760535169744
92.02,0.4538495408701313,0.013926606485522316,0.9804176690684507
92.04,0.432141939358858,0.002316659379445902,1.0130458106498508
92.06,0.4063124213652599,-0.009289038933307184,0.9989584190359453
92.08,0.3767891407445342,-0.020069687347708802,0.9398381036199048
92.10000000000001,0.3440269601237621,-0.029305195939895372,0.840467854511246
92.12,0.30852806440918407,-0.0364255191106557,0.7082250776897663
92.14,0.27087064875232486,-0.041045202205836316,0.5524069725278801
92.16,0.23175476608850076,-0.04298104952143398,0.38345098679806044
92.18,0.1920757090074135,-0.04225205320868073,0.21211999641015236
92.2,0.1530342972580424,-0.0390619421972823,0.048722849307019145
92.22,0.1162843033603548,-0.03376592258488696,-0.09756293660375479
92.24,0.08409508039106096,-0.02682450598611558,-0.2192084031513197
92.26,0.0594811697833205,-0.018748853713017592,-0.3106469864503088
92.28,0.04625739606612754,-0.010043433736796377,-0.3683622871277092
92.3,0.04904858864160935,-0.0011518673467075728,-0.39075109909139744
92.32000000000001,0.07329216452628584,0.007589746395467537,-0.37778357166739523
92.34,0.12469794087833828,0.0159853268154271,-0.3305008082077465
92.36,0.20563843270749435,0.023964666580467617,-0.25045605452117786
92.38,0.3051513322124262,0.03142907736561915,-0.1394533073686784
92.4,0.3943980442732449,0.03792552774039086,-0.0002897482207986808
92.42,0.45123669008051326,0.042554019757329926,0.16145869660872242
92.44,0.4786372922517784,0.044431409548218545,0.3364521207926946
92.46000000000001,0.4882431792268312,0.04311191068632694,0.5126263947293616
92.48,0.4875263718988479,0.03861232779361908,0.677092172669966
92.5,0.4797833757986607,0.03129385168773117,0.8177559429476431
92.52,0.46640510312530303,0.021757615171066932,0.9244790227634236
92.54,0.4481028769633368,0.010761814576358608,0.9898671486521746
92.56,0.4253733931216693,-0.0008533822208429406,1.009747249685838
92.58,0.3986584247583665,-0.012237596786320191,0.9833506231260117
92.60000000000001,0.3684031087688443,-0.022596903773445136,0.9132181651919894
92.62,0.33508522093154286,-0.03125166124882742,0.8048553002110218
92.64,0.2992415795585985,-0.03768179780922705,0.6661795474761019
92.66,0.2615046157852334,-0.041556673029601254,0.5068170102915899
92.68,0.2226600550864085,-0.04274775662396336,0.33731340171379953
92.7,0.18373690298037648,-0.04132358141855092,0.16832982595494772
92.72,0.14613762127095817,-0.03752762995306946,0.00989330142731286
92.74,0.11180308636697867,-0.03174105302936668,-0.12923307397704595
92.76,0.08338183818256988,-0.024433520981850324,-0.24200573931126043
92.78,0.06435376041549605,-0.016107057649462724,-0.3233437983603025
92.8,0.05908214978188304,-0.007238802517746508,-0.3701433059120823
92.82000000000001,0.07280983177376238,0.0017715968000113819,-0.3810701174972686
92.84,0.11136706293224434,0.010643775793359603,-0.35616107601326574
92.86,0.17905672553963944,0.019227818668855295,-0.2963072076618457
92.88,0.2712446105224701,0.02741758616415067,-0.20285470556954605
92.9,0.36535222338149465,0.03488381048070513,-0.07790726757656753
92.92,0.43391743994729504,0.04084114395949838,0.07421360268945071
92.94,0.47104528493282505,0.044321534841255526,0.24550234528384035
92.96000000000001,0.486752349284826,0.04467547975779336,0.42459486641838046
92.98,0.4900418982576957,0.04173076995174727,0.5984906235632254
93.0,0.48534672643693105,0.03570696853980803,0.7543231375042148
93.02,0.4745376839927643,0.02710653978076321,0.8807022033625267
93.04,0.4584912546506866,0.0166279405822828,0.9686659282454146
93.06,0.4377512856245877,0.005089094064317417,1.0123100394238753
93.08,0.4127628247382127,-0.006646160133614177,1.009117921380769
93.10000000000001,0.38395336823094034,-0.01773832440127101,0.9600021723318947
93.12,0.35176611853104617,-0.02743571955981174,0.8690773387513485
93.14,0.31668164043255875,-0.03512716499032038,0.7431990584755519
93.16,0.27924282146188856,-0.04038045401720338,0.5913199173428693
93.18,0.2400930918529987,-0.04296427680090926,0.4237239258723731
93.2,0.20003807516196592,-0.04285246072689411,0.2512084993863543
93.22,0.1601407447170056,-0.040210626698101534,0.0842848785219086
93.24,0.12185396461455858,-0.03536656307598712,-0.06753487423484648
93.26,0.08717563542771345,-0.028766888536482547,-0.19630386329445
93.28,0.05878305536319379,-0.020924053473196348,-0.29601205891749627
93.3,0.040093963229262376,-0.012359250358425247,-0.3627357620941348
93.32000000000001,0.03526038715107362,-0.0035473846988159385,-0.3945608997374285
93.34,0.049194080679688515,0.005131346031286016,-0.39129838066969935
93.36,0.0875339107400598,0.013430478456646496,-0.3540232953068809
93.38,0.15522053998604038,0.021253651976990764,-0.2844939881899346
93.4,0.24981394380749453,0.028587170353629617,-0.1846400454028224
93.42,0.3503164857253717,0.035240464671522226,-0.05667866001164445
93.44,0.4259539903366911,0.040540825321719834,0.09549503574958637
93.46000000000001,0.46710311944461397,0.04353301935802462,0.26455522095804745
93.48,0.4841701747336964,0.043535887398394216,0.4397499360624608
93.5,0.4876565908206049,0.04036057627747011,0.6085867349105117
93.52,0.48281789333763,0.034224488909155026,0.7586744043960927
93.54,0.47183178503734835,0.02562914756616397,0.8790952426336032
93.56,0.4556765766218443,0.015266633636008803,0.9613463770508479
93.58,0.4349334002095719,0.0039414843183863115,0.9999430559845961
93.60000000000001,0.41006913512989607,-0.00750211826387541,0.9927216342675531
93.62,0.38153487645010686,-0.01824884467268095,0.9408593408004111
93.64,0.3498077461946335,-0.027573455215036482,0.8486333442826345
93.66,0.3154206396288532,-0.03489103645059081,0.7229556629445656
93.68,0.2789983834872238,-0.03979299945035129,0.5727346750793324
93.7,0.24131264379115366,-0.04206660110909091,0.40812503418384694
93.72,0.20336747294878788,-0.04169691551112818,0.23973444034719085
93.74,0.1665255485049742,-0.03885137844695322,0.07785762079741965
93.76,0.13267544946027818,-0.033848250301950926,-0.06819504260047678
93.78,0.1044186590357144,-0.02711169687071152,-0.19061482450277364
93.8,0.08523052803373617,-0.019117735758975817,-0.28341234122950953
93.82000000000001,0.07954776636830474,-0.010336718693454153,-0.34251003102114985
93.84,0.09273053891761186,-0.0011788181271064225,-0.3656083041306299
93.86,0.13055476261717244,0.008048672044176324,-0.35185316097850244
93.88,0.19664806758835443,0.017148036876912725,-0.3013914507147637
93.9,0.2850488237276587,0.025935001928124632,-0.2150746625903817
93.92,0.3733390548902126,0.0339838369561859,-0.09487366251325798
93.94,0.43710622392745213,0.0404533007704271,0.054696510518792804
93.96000000000001,0.4721325858987406,0.04438118144734957,0.2253469876207413
93.98,0.48748326683535653,0.04513182632383734,0.4054882998470807
94.0,0.49107090016737054,0.04252730403588985,0.5819111256974848
94.02,0.4868366481574997,0.03677109100796294,0.7414919784760664
94.04,0.4764886007183659,0.028350258631108894,0.8725180866311462
94.06,0.4608547654919032,0.01795370318382123,0.9656541082006326
94.08,0.4404631477121154,0.006397302764601084,1.0145988848736527
94.10000000000001,0.4157501718211851,-0.005449556279148512,1.0164460648319977
94.12,0.3871340301616173,-0.01673503789550328,0.9717546559279288
94.14,0.3550444674351919,-0.026689711612342803,0.8843463298962719
94.16,0.3199412157399876,-0.03468101413934863,0.7608627627888133
94.18,0.2823342840562976,-0.0402537623054603,0.6101320044418629
94.2,0.24281487122503997,-0.04315423782458886,0.4424050280364917
94.22,0.20210606105980397,-0.04333660124599326,0.26853107833357814
94.24,0.161143086071311,-0.04095164024283718,0.0991429000981135
94.26,0.12118872889739533,-0.03631906075602516,-0.056079510954037445
94.28,0.08397348297038276,-0.029885757841277387,-0.18900524882301237
94.3,0.05182056642376647,-0.022173924719233944,-0.2934600455311259
94.32000000000001,0.027694463098591724,-0.013724458592624326,-0.3654147826976126
94.34,0.015152003674525192,-0.00504211890521901,-0.4029489967400498
94.36,0.01830075764492504,0.003452329745184399,-0.40600777826580925
94.38,0.04193014067402556,0.011461567070032456,-0.375984248689985
94.4,0.0915184038695705,0.018842160969630577,-0.31516083835427133
94.42,0.17099097514146033,0.025605499785341625,-0.22607322508156852
94.44,0.27371462725354156,0.03180392041456362,-0.11105759247629764
94.46000000000001,0.3726252354000982,0.03720486529760825,0.02732277457571098
94.48,0.4392128343681954,0.04105438831335579,0.1845198137505443
94.5,0.47183927621090627,0.04245731288149345,0.35247513069916897
94.52,0.48336042602057694,0.04090705015680069,0.520218274293025
94.54,0.4832189623006775,0.03638138522130199,0.6757485687261129
94.56,0.47569409428074655,0.029217304620448165,0.8077409985955931
94.58,0.4625410469289089,0.019991274227812772,0.9067311009885702
94.60000000000001,0.4445988914735085,0.009430478842981772,0.9658881675673319
94.62,0.42241938350951763,-0.0016622376261672695,0.9814654490533138
94.64,0.39648560843887753,-0.012477634309480427,0.952962602292313
94.66,0.3672935737765131,-0.02226335853258829,0.8830222774910249
94.68,0.3353960408732361,-0.03037821085708467,0.7770904452989463
94.7,0.3014447888862882,-0.03633402242938982,0.6428833931507212
94.72,0.26624899764581905,-0.0398224409518591,0.4897166527877944
94.74,0.23086324206261694,-0.04072494682690168,0.3277599512894481
94.76,0.19671627718509097,-0.03910556778210057,0.16728672065673067
94.78,0.16578357301179442,-0.03518697528349667,0.017986426980427753
94.8,0.14078638572985097,-0.0293120095278246,-0.11159740722319272
94.82000000000001,0.1253677486366031,-0.021894324303127616,-0.21445198031466778
94.84,0.12415027598038068,-0.01336384273520891,-0.285269910235429
94.86,0.14245074477090341,-0.004115619491830676,-0.3204089551865186
94.88,0.18493139699510552,0.005521775033574509,-0.317678466877364
94.9,0.2515388591036725,0.015261537997360634,-0.2760947176583809
94.92,0.3309183227160226,0.0247228552086765,-0.19594320317968184
94.94,0.40175744401760194,0.03323434400867886,-0.07956427227169974
94.96000000000001,0.4497637213662309,0.0398616346099642,0.06741507376602827
94.98,0.47618535664044814,0.043749020657943276,0.23565810888343258
95.0,0.48801308555287315,0.044399054120292956,0.4130725982683669
95.02,0.49030396698184614,0.041713154240268085,0.5863877865447045
95.04,0.48558234455932703,0.03592713527085584,0.7426327929891954
95.06,0.4750442934719883,0.027537259398585295,0.8703245753034412
95.08,0.45935700579413813,0.01723053567636431,0.9603696941362614
95.10000000000001,0.4390033114226516,0.005814740865457371,1.006687903306558
95.12,0.4144120667015076,-0.005852756094038624,1.0065529331300318
95.14,0.38600899521377735,-0.016934447326194726,0.9606506843537667
95.16,0.35424188200972445,-0.02667607519237119,0.8728702369269561
95.18,0.3196010305081012,-0.03445965962473744,0.7498606905735836
95.2,0.2826456035756735,-0.03984262247372412,0.6004026903796618
95.22,0.2440448482600709,-0.04258055642452555,0.434655547752681
95.24,0.20464438710237098,-0.04263240144534413,0.26334826400426087
95.26,0.1655678641648117,-0.04014801621021496,0.09698525502498476
95.28,0.1283579655688185,-0.03543933950505384,-0.0548647870083799
95.3,0.09514238295818554,-0.02893761834276538,-0.18413575213231187
95.32000000000001,0.06878316499092195,-0.021140661851831246,-0.2846383494981372
95.34,0.05296103949817016,-0.012555570231138185,-0.35221230111770113
95.36,0.052197621168079585,-0.0036429665491298363,-0.3846505410477781
95.38,0.07185249057069278,0.00523230725613557,-0.38141184716558124
95.4,0.11772093181106454,0.013837874949408462,-0.34315807859510816
95.42,0.19316389839354692,0.02207189528675138,-0.27120589872952877
95.44,0.2901747303820425,0.029840095203196346,-0.1671904753842463
95.46000000000001,0.38227092905249277,0.03675022392808805,-0.03360431730476781
95.48,0.4443636511694785,0.04194649546597561,0.1245296341281633
95.5,0.47580169895314406,0.04449963881244883,0.2984230657982887
95.52,0.487876411133563,0.04387482949846281,0.47626764001634897
95.54,0.4887837268970206,0.04001090968639191,0.6450868004735775
95.56,0.482285628297986,0.03321204038673403,0.7924303094870253
95.58,0.469960454992247,0.024040454750446763,0.9076118316559918
95.60000000000001,0.45258225387978146,0.013231789790817903,0.9825668472966749
95.62,0.430664727714566,0.0016193078240697837,1.0123933051979361
95.64,0.404649532150872,-0.009938752387721928,0.9955958408472656
95.66,0.37497308782112826,-0.020627494002323755,0.9340470483076607
95.68,0.3420969570753431,-0.02973568679782926,0.8326901293554541
95.7,0.3065317710604911,-0.036704246762626735,0.6990227405207371
95.72,0.2688683397122898,-0.041159762255938086,0.5424159646362414
95.74000000000001,0.22982643073154269,-0.04293106416175257,0.3733326229374452
95.76,0.19033212043565007,-0.04204805268642129,0.20251473441760087
95.78,0.15163294765324012,-0.03872320533190911,0.04021064694272586
95.8,0.11544997709912466,-0.03331740636294665,-0.10449174868062407
95.82000000000001,0.08414289278547676,-0.02629308041583068,-0.2241684887869467
95.84,0.0608392689679605,-0.01815915296735537,-0.3133574269311095
95.86,0.04949038411085597,-0.009413671182447226,-0.3686292279919833
95.88,0.054884219744308904,-0.0004898875502478402,-0.38843405195121666
95.9,0.08260805036230018,0.008289687897461168,-0.37274704932142666
95.92,0.1382146396230504,0.016742149671775553,-0.3225584574577901
95.94,0.22269152012834117,0.024795260434348886,-0.23934027402435587
95.96000000000001,0.321942922789776,0.0323017380528431,-0.12490571075228517
95.98,0.40618967252513916,0.03871584568016319,0.01763879665401273
96.0,0.45740288150974817,0.04309524956009464,0.18210156056674281
96.02,0.4812927409860893,0.04460654519330644,0.3585538045289688
96.04,0.48904272656084524,0.04287772423463645,0.5346136905079372
96.06,0.48721942677836627,0.03798214641162942,0.6973389058196799
96.08,0.47865873626426053,0.030320178617575157,0.8347723005817781
96.10000000000001,0.4645807153183321,0.0205202006791447,0.9370431263279416
96.12,0.4456403897887421,0.009357991296751418,0.9971143727652929
96.14,0.4223167379832266,-0.002317834757030548,1.0112222014880605
96.16,0.39504610871917584,-0.0136572912041798,0.9790231097447831
96.18,0.3642720248144125,-0.023875024320716465,0.9034649638289768
96.2,0.33047173498405086,-0.032306985767110226,0.7904113611499823
96.22,0.2941817992961499,-0.038454114842438616,0.6480641879108733
96.24000000000001,0.2560346232291419,-0.04201027187114572,0.4862422112983836
96.26,0.21681657039329846,-0.04287282332461528,0.3155823046802335
96.28,0.17755857710467407,-0.041135497999758276,0.14673386512380132
96.3,0.1396663278413318,-0.03706433900812946,-0.01038390945627353
96.32000000000001,0.10508257342611574,-0.031058819867364695,-0.14719796800360316
96.34,0.0764480606636571,-0.02360161096803796,-0.2569176966851452
96.36,0.05720999304858495,-0.01520203036027991,-0.33475573107045775
96.38,0.051659335356212824,-0.006339197321545363,-0.3779199594199484
96.4,0.06493794680965966,0.0025897000587455543,-0.38538681876222075
96.42,0.10284223469124144,0.01131093093117801,-0.35748577532127873
96.44,0.16998929378668506,0.019688317384262105,-0.2953616463351909
96.46000000000001,0.2627234705847717,0.027645459574380374,-0.20053117016982494
96.48,0.35920054892860154,0.034902921951237426,-0.07510656345794677
96.5,0.430627169222351,0.04071559428064098,0.07677779224871761
96.52,0.46951746376559717,0.044114705627102006,0.2473839476601381
96.54,0.4859475845310348,0.04443084298680464,0.4255619593238665
96.56,0.4894795161244405,0.04147785148928703,0.5984541670695633
96.58,0.4848669798790115,0.03546857614923601,0.7532971919701912
96.60000000000001,0.4741029276451833,0.02690140656652419,0.8787835850757011
96.62,0.45810424715127496,0.01647093078082911,0.9660187599696778
96.64,0.4374285261445053,0.004990739407083005,1.009149403749973
96.66,0.41252724350635483,-0.006680056364506675,1.005691657224807
96.68,0.38383350809708755,-0.01770676339948955,0.9565716846189616
96.7,0.3517980298439151,-0.02734219441247694,0.8658988739247799
96.72,0.31691282533318044,-0.03497896202206657,0.7405070098248367
96.74000000000001,0.27973875904355144,-0.040187599967089475,0.5893136463454104
96.76,0.24094755711510113,-0.04273817205630222,0.4225594358089491
96.78,0.20138896862667763,-0.04260423222579972,0.25099614554675104
96.8,0.16219332378912651,-0.03994921823229921,0.08509419503119775
96.82000000000001,0.12491283396510389,-0.035096567329930925,-0.06566219153624778
96.84,0.09168568231759627,-0.028486129865641342,-0.19333179735138242
96.86,0.065379608019968,-0.020620949544553204,-0.2918779900601763
96.88,0.04966711673915346,-0.012009953839107988,-0.35730720963755586
96.9,0.04904152739084713,-0.0031125755222244575,-0.387580196127408
96.92,0.06882369396034534,0.005709960225891696,-0.38231373448130834
96.94,0.11480289978763693,0.014231056245858738,-0.34230894598358824
96.96000000000001,0.1904529551921163,0.022357670585720968,-0.2689931483074844
96.98,0.28800826261813534,0.030009269265765012,-0.16406760527865888
97.0,0.3809647013509061,0.036810308649770286,-0.03002779216390349
97.02,0.4437447250283782,0.041914619113988624,0.1281565508139396
97.04,0.4754711020486813,0.04439266699451056,0.3017670681421171
97.06,0.48759175659769777,0.04370806971387898,0.4790590635272521
97.08,0.48845873073661605,0.039800431621748365,0.6471181181136587
97.10000000000001,0.4819027656498548,0.03297551360413107,0.7935615012327673
97.12,0.4695256072707883,0.023796513363900283,0.9077758373248581
97.14,0.45210895702287385,0.012998809103659189,0.9817710677289524
97.16,0.4301697422201116,0.0014140941282385622,1.010715925888961
97.18,0.40415218132116765,-0.010102120586441268,0.9931771625883318
97.2,0.3744960238754451,-0.020738546995166137,0.9310767067610155
97.22,0.3416678615693235,-0.029788093123194814,0.8293914752819119
97.24000000000001,0.30618617744745,-0.03669595051464735,0.6956358775439194
97.26,0.2686541331724167,-0.04109271280048664,0.5391810513203416
97.28,0.22981087923470433,-0.042810541448120173,0.37047506827438037
97.3,0.190612496957939,-0.04188160363477718,0.20023387659065334
97.32000000000001,0.1523517048137357,-0.03851921572847985,0.038673425332587275
97.34,0.11681478116939835,-0.033083346354330107,-0.10515074001309149
97.36,0.08645088581876091,-0.02603348837854881,-0.22383937905247864
97.38,0.06450521306250642,-0.01787345218721415,-0.311939013767917
97.4,0.05508052399395865,-0.009093907064356888,-0.366004007891503
97.42,0.06314974552525965,-0.00011847516700402719,-0.38443416336896385
97.44,0.0944398416764342,0.008741483297686188,-0.3671121328963958
97.46000000000001,0.15418288947877323,0.01731074323514899,-0.31489479897847117
97.48,0.2415405601665742,0.025502587629787715,-0.22912474531054378
97.5,0.33916301082503236,0.03310158930119462,-0.11164282904755284
97.52,0.4174688758583657,0.039462173024122714,0.03405439083181578
97.54,0.46306291171773606,0.04361485812424465,0.20109964478933032
97.56,0.4837058661821928,0.044786530955288006,0.3789756435695141
97.58,0.48978118006298876,0.04267744028529737,0.5549985115581619
97.60000000000001,0.48695292701673,0.03741333850980427,0.7161748464337329
97.62,0.47763727389269867,0.029430621034921278,0.8506708158461574
97.64,0.4629035845819324,0.01938289712499727,0.9488603277201706
97.66,0.4433576052047373,0.008062387317276305,1.0040340928582314
97.68,0.4194623220048449,-0.003674238959348364,1.0128049364861964
97.7,0.39164824915864366,-0.014977108686271388,0.9752217857163795
97.72,0.36035563656773567,-0.025068578882313317,0.8946090211228783
97.74000000000001,0.32605827042718166,-0.033298874114922876,0.7771623672053989
97.76,0.2892877235113099,-0.0391883203900682,0.6313479778529804
97.78,0.25066888698038603,-0.04245353700466104,0.4671639824423226
97.8,0.21097700514099016,-0.04301613574041783,0.29533197190632904
97.82000000000001,0.17122678057445845,-0.0409937050687959,0.12648924602578024
97.84,0.13279984885124438,-0.03667406262006517,-0.029548884064660046
97.86,0.09760149624427558,-0.03047500366437786,-0.16439382975276096
97.88,0.06821025278486975,-0.02289320148801502,-0.27150427508993175
97.9,0.04796714752897669,-0.014447468865712751,-0.3463890831205114
97.92,0.04099132666279734,-0.005622497329244653,-0.38658218713493664
97.94,0.05219452170124893,0.003181792915750467,-0.3914023300705737
97.96000000000001,0.08723344522012276,0.011691759147314233,-0.3615271162162613
97.98,0.15125791152510842,0.0197803796957898,-0.29843515324238484
98.0,0.24287361262033985,0.027411644608438316,-0.20388843158804465
98.02,0.3430450675549389,0.034402521715113356,-0.07997234248467672
98.04,0.4210504594424866,0.0401092786864546,0.06963684166593
98.06,0.46488276806282414,0.043571070312893805,0.23789560970696233
98.08,0.48379351934308273,0.04405848636469987,0.4142161076807373
98.10000000000001,0.48848547790047847,0.04132927277263258,0.5860560345651371
98.12,0.4845334464371785,0.035559539611578664,0.7407832460142358
98.14,0.4742697447324169,0.02722250488363938,0.8671003639199828
98.16,0.4587279667488583,0.01699374882837311,0.9560355159305742
98.18,0.4385046244615357,0.005672459584564068,1.0015914341922214
98.2,0.4140664981998308,-0.005892074347229791,1.0010917714213567
98.22,0.38585665157717436,-0.016870144823451193,0.9552405169010664
98.24000000000001,0.35433720395142365,-0.026514622842021194,0.8679148137555399
98.26,0.32001688765434466,-0.034213453887312686,0.745725536403643
98.28,0.2834824501543054,-0.039528262647407435,0.5973946833116
98.3,0.24544582173213353,-0.04221666068578269,0.43301033283905993
98.32000000000001,0.20681848314374207,-0.04223702161349619,0.263227222758585
98.34,0.16882366388972703,-0.03973569280998638,0.09848354548795685
98.36,0.13314960647221255,-0.035017822007066934,-0.05169773322916816
98.38,0.1021277720556646,-0.028504283376447965,-0.17926199407124965
98.4,0.0788940339951576,-0.020678692446115712,-0.2779823710518332
98.42,0.06748674048967158,-0.012029959508927936,-0.34359629578232753
98.44,0.07286876244562625,-0.0029964620705457477,-0.3737134941602344
98.46000000000001,0.10077320584889964,0.006081951742053499,-0.36751397891560506
98.48,0.1564816398303904,0.014991050295992955,-0.32528833484144515
98.5,0.23969274422680398,0.02360238398077792,-0.24797868002317366
98.52,0.33472029967104205,0.031676155799097556,-0.13716602205907555
98.54,0.41322464854962726,0.038572499392677685,0.0038786002928446264
98.56,0.4605425584784965,0.043321907869576466,0.16854238170847813
98.58,0.48290378965928954,0.04511450380110698,0.3464892341699968
98.60000000000001,0.49033776638157145,0.04359624745666773,0.5250246373833425
98.62,0.4886075170555436,0.038842763100877545,0.6909314225940434
98.64,0.4802278819632018,0.03125147093359737,0.8319728471742587
98.66,0.4663130196720909,0.0214497248566064,0.9379891821072615
98.68,0.44748346719507337,0.010216715338219141,1.001658855996291
98.7,0.42420349474376395,-0.0015908170825687609,1.018956660577519
98.72,0.3968976638254734,-0.01311074658123529,0.989318584640385
98.74000000000001,0.3659941971163031,-0.023542740021676174,0.9155266667006899
98.76,0.3319472013056308,-0.03220635446551076,0.8033419258307032
98.78,0.2952569767922602,-0.03858626410706939,0.6609295136684395
98.8,0.2564986682401167,-0.04236176774911082,0.49813363847678244
98.82000000000001,0.2163685618591292,-0.04341891788593623,0.32566887125931326
98.84,0.1757581682337615,-0.04184485820067247,0.15429858604862587
98.86,0.13586393700919674,-0.0379051702566308,-0.005929502510161368
98.88,0.09832845625852746,-0.03200624247667269,-0.14632634996211122
98.9,0.06538302814365084,-0.02464603312559728,-0.26002947917610375
98.92,0.039935197469666076,-0.016358173858052646,-0.34225869805964715
98.94,0.02556415843174592,-0.007655622425892666,-0.39034518102310706
98.96000000000001,0.026489333258688845,0.0010204035599682194,-0.40354418832081845
98.98,0.0476511390150006,0.009343462589923442,-0.3826592579166029
99.0,0.09464997468159216,0.017135098123559178,-0.32951229552721206
99.02,0.1715725170493228,0.024368505845470533,-0.2463261550157232
99.04,0.2723546852912158,0.03106174835254767,-0.1352727946846346
99.06,0.3708556239394793,0.036963796899490954,0.0011402049422117762
99.08,0.4383838275688314,0.041312138703953706,0.1583739211730883
99.10000000000001,0.47219961243859565,0.043188385120692264,0.32832121323199903
99.12,0.4846799367291345,0.04204965575401132,0.4998383497849997
99.14,0.4852782781447208,0.03784072382457683,0.6606086146586337
99.16,0.4783385346195945,0.03087580373365539,0.7988785153922836
99.18,0.4656453005719617,0.021719841828587116,0.9046865289518007
99.2,0.44804385455268075,0.011099428154053959,0.970680859649829
99.22,0.42608071301347633,-0.00017314004011138818,0.9926117757095554
99.24000000000001,0.40022573099641906,-0.011270585006719801,0.9695315192447661
99.26,0.3709527581651031,-0.02141596099626613,0.9037213440473322
99.28,0.3387798481470897,-0.029939385972430597,0.8003732542307479
99.3,0.3043052066469448,-0.03632266030869717,0.6670679388590828
99.32000000000001,0.26825591500740725,-0.04022889975486715,0.5131034064211274
99.34,0.23156242818718706,-0.041515348814493466,0.3487383053728478
99.36,0.1954708073647142,-0.040228699253714334,0.1844189529653702
99.38,0.161699329649097,-0.03658343577038442,0.030059415202328146
99.4,0.13263029082497757,-0.03092501880915588,-0.10556063303007587
99.42,0.11150126143055676,-0.02368121088560886,-0.2152256887140269
99.44,0.10253438303382145,-0.015306537694181775,-0.29350382962119637
99.46000000000001,0.1109048493312452,-0.00622659568856118,-0.3367411008737572
99.48,0.1422121740193062,0.003207862709242255,-0.34284826337681285
99.5,0.20019889579759184,0.012734430749004773,-0.3109569262659053
99.52,0.28052376370933135,0.022104983329838953,-0.24117225759523897
99.54,0.36439501926859447,0.030874764135961033,-0.13489901661074746
99.56,0.4287947160682822,0.038231341549423446,0.003949778193390697
99.58,0.46674929550482025,0.0432087379174992,0.16776601038369937
99.60000000000001,0.4850205069502253,0.045099689706217146,0.34548418460688307
99.62,0.49104386222029517,0.04362641833332088,0.524060655870878
99.64,0.4888890685966049,0.038897170018842214,0.6901409800804365
99.66,0.4803983202111709,0.031320010267509024,0.8314309447851379
99.68,0.4664648984901851,0.0215252567320622,0.9377376105357594
99.7,0.447641971611011,0.01029295930958491,1.001712843110055
99.72,0.4243734307990744,-0.001519598346633259,1.0193073811878999
99.74000000000001,0.3970772673585768,-0.013049566460298027,0.9899356246929555
99.76,0.3661790541429198,-0.023495621485316476,0.9163614544906887
99.78,0.33213113846614406,-0.03217611406768443,0.8043321535304749
99.8,0.29543184301319647,-0.03857439616547248,0.6620042323507592
99.82000000000001,0.25665345602124234,-0.04236844792966387,0.4992185812188557
99.84,0.21648784040692845,-0.04344313189362235,0.32669151212750014
99.86,0.17581963365638908,-0.04188465376561987,0.1551924361820731
99.88,0.1358348902033695,-0.03795802517047834,-0.005221842189090137
99.9,0.09816121485279247,-0.03206953492775603,-0.14585181881046178
99.92,0.06500956329755299,-0.024717590418318815,-0.25982523500068877
99.94,0.03926111677593824,-0.016436865479588458,-0.34235509082129606
99.96000000000001,0.024460764368024277,-0.0077419709488998605,-0.39077113830333704
99.98,0.02478100495291894,0.0009235778948838052,-0.40433509736717904
100.0,0.045101878136258634,0.00923033629253246,-0.38386755800039474
100.02,0.09099282495858872,0.01699643220861965,-0.331220590867799
100.04,0.1667388631865039,0.02419366519151422,-0.24865837631000404
100.06,0.2670547792656169,0.030848708150283115,-0.13838347286653085
100.08,0.36661540533913856,0.036736672229438,-0.0028642304860765633
100.10000000000001,0.4359455178485202,0.04111943366215828,0.1535125703945881
100.12,0.47106028620713775,0.04307404745480694,0.32283443274902607
100.14,0.4842216010544652,0.042036797422514816,0.4940928799622025
100.16,0.485187533523067,0.03793437458122743,0.6550254099628121
100.18,0.4784950968548318,0.031068561100943824,0.7938722232329709
100.2,0.4660058015435207,0.02199561005720902,0.9006238092478571
100.22,0.4485910925124508,0.011436054472156619,0.967851072849699
100.24000000000001,0.426806031308728,0.00019848392153286928,0.9912074832525603
100.26,0.40112347335599297,-0.010891227945054037,0.9696382719043295
100.28,0.37201873454345014,-0.02105531607540833,0.9053165571596439
100.3,0.3400111688191877,-0.029621056312676752,0.8033336195753368
100.32000000000001,0.3057006663622764,-0.03606571288215226,0.6711843102403005
100.34,0.2698166725005751,-0.04004660509807866,0.5181016232999357
100.36,0.23329289082897936,-0.04141442310762899,0.354304069031953
100.38,0.19737969361526106,-0.0402090758826026,0.19022467731106255
100.4,0.1638009865046189,-0.0366385507512781,0.03579095128275079
100.42,0.1349465567144175,-0.031042552186653506,-0.10017935234648503
100.44,0.11406418265480708,-0.02384418740418218,-0.21041172573221867
100.46000000000001,0.10538831948603186,-0.015494673636768451,-0.2893992481122761
100.48,0.11409856169030351,-0.00641785645343856,-0.3334027591738731
100.5,0.1457505214153422,0.0030351826213345636,-0.3402446735042673
100.52,0.20390174342598255,0.012598005188499368,-0.308976155394213
100.54,0.28384846320063417,0.022011839797809886,-0.23965035995217776
100.56,0.3666666198091922,0.030815461998981913,-0.13367625287729995
100.58,0.4299057561226178,0.03818595722738023,0.004969895530956888
100.60000000000001,0.46713811958079754,0.04316150598975401,0.1686044530733873
100.62,0.4850921268001789,0.04504469617142192,0.3461187575379506
100.64,0.49099603800398617,0.043564424172479695,0.5244603355558448
100.66,0.4887967710777979,0.03883189720361288,0.6902846462624349
100.68,0.48028888955360544,0.03125613135458021,0.8313147119527838
100.7,0.46635020622323875,0.02146742621904441,0.9373764739293843
100.72,0.44752939104627554,0.01024528277673089,1.0011394547962331
100.74000000000001,0.42426938373697504,-0.00155389713632183,1.0185691396848813
100.76,0.39698854904429204,-0.013068349525830176,0.9890907006838311
100.78,0.3661136381381283,-0.02349792635555243,0.9154742307772968
100.8,0.33209905733409467,-0.032162132060897235,0.8034685296586646
100.82000000000001,0.2954464648449548,-0.038545342348203095,0.6612272342149956
100.84,0.25673347244228956,-0.04232632817619378,0.4985846987097493
100.86,0.21666036735622787,-0.043390413250681964,0.32624816387497746
100.88,0.17612490631599612,-0.04182384283112332,0.1549769379548187
100.9,0.13633299068497146,-0.03789115685327082,-0.005181442799498878
100.92,0.09894099903257655,-0.031997574555617685,-0.145533687696585
100.94,0.06619963344892695,-0.02463975899069995,-0.259208146696004
100.96000000000001,0.04104322838955202,-0.016349903435598303,-0.3414099976240462
100.98,0.027088560983824277,-0.007639330931813314,-0.38944966582853247
101.0,0.02860877046622804,0.0010526943043052172,-0.40255454082092007
101.02,0.050612580470379344,0.00940216063501456,-0.3814915578767656
101.04,0.0987304541437991,0.0172332242915757,-0.32803562457877855
101.06,0.1768175197648103,0.024519140183390357,-0.2443555356573556
101.08,0.2779634281069364,0.031266857610698695,-0.13258742171696883
101.10000000000001,0.3752385452902748,0.03719617969568757,0.004715343892060825
101.12,0.44087117479112664,0.04151950037543972,0.1628468794656792
101.14,0.47337190320913547,0.04332416977267562,0.3334925245100408
101.16,0.48517735252333855,0.04208868605922137,0.5053642758780985
101.18,0.4854153743905341,0.03777582864623191,0.6660828694014065
101.2,0.47823319285739635,0.030712139500580143,0.803892306278708
101.22,0.4653381876593616,0.02147130601173465,0.9088701052589901
101.24000000000001,0.44754940701363227,0.010786188135301314,0.9737333510492258
101.26,0.4254046140328318,-0.0005268572580780038,0.9943218327242732
101.28,0.39937026272116866,-0.011638695531160244,0.9697891484244128
101.3,0.3699180797508408,-0.02177269142288308,0.902520971666488
101.32000000000001,0.33756378505776463,-0.03026128860453844,0.7978083813110171
101.34,0.30290229275124153,-0.036590348949358795,0.6633182540750171
101.36,0.2666558379520571,-0.04042839993565287,0.5084156968729099
101.38,0.2297478374838025,-0.04163899128050847,0.34340286281180615
101.4,0.193414380315709,-0.040275526259054,0.1787433773170587
101.42,0.1593599463655389,-0.03655913148378095,0.024341755267661663
101.44,0.12994810451831904,-0.030841414782120963,-0.11105758745814814
101.46000000000001,0.1083916658937683,-0.023555450739506555,-0.22029742303141597
101.48,0.09888322901358763,-0.01515999048664126,-0.2980232534372948
101.5,0.1065780670951021,-0.006083493540659271,-0.34067285429024136
101.52,0.13712566151633382,0.0033225902150850663,-0.346256302888832
101.54,0.19454344650380928,0.012799953189743217,-0.31399909124595143
101.56,0.2751100954792925,0.022114733478540583,-0.24406550475289887
101.58,0.36041847842408903,0.030847632368529703,-0.13783773889792925
101.60000000000001,0.4266584527876513,0.038205166127683675,0.0008912499190736993
101.62,0.4658720318306239,0.04321619366310355,0.1646619862639899
101.64,0.4847592322994539,0.045155946150502745,0.34250528023506677
101.66,0.49106220220735586,0.04373259233717092,0.5214078971736951
101.68,0.48905331444326544,0.03904618366854271,0.6880018764048753
101.7,0.48065750930216306,0.03150022685281741,0.8299546897975346
101.72,0.4667959998689537,0.021722612307401707,0.9370214208519273
101.74000000000001,0.44803046603557195,0.01049250006342263,1.0017954369246893
101.76,0.4248069070627338,-0.0013324207422060002,1.020168069931633
101.78,0.3975431049084698,-0.01288777860293227,0.991498230036504
101.8,0.36666319082236926,-0.023369822991193792,0.9185022843765577
101.82000000000001,0.33261688430503933,-0.03209383227655602,0.8068910948954188
101.84,0.2958982300242656,-0.03853974064913783,0.6647978361120107
101.86,0.25707266813580165,-0.04238208819362543,0.5020538877564584
101.88,0.21682116657298742,-0.04350260507790555,0.32937930571266893
101.9,0.17601129399323617,-0.04198499509595652,0.15755861861045523
101.92,0.1358031987033381,-0.03809270135537902,-0.0033280145277435197
101.94,0.09778707423893111,-0.03223164431157659,-0.14455378072756175
101.96000000000001,0.06412305215303624,-0.024901267463142397,-0.2592203936917298
101.98,0.03762658038296506,-0.0166387999602384,-0.3425219862389234
102.0,0.021757289829803086,-0.007962968944972358,-0.3917827757354443
102.02,0.020570734290753564,0.0006769535652884342,-0.4062786447494401
102.04,0.0387922027191049,0.008943943929533894,-0.38687096886154837
102.06,0.08188978169782907,0.016647264459016868,-0.33548605951512245
102.08,0.15456602100708014,0.023753969882095795,-0.2544930731155313
102.10000000000001,0.25339951278202694,0.030309304871697102,-0.14618115480438998
102.12,0.3553464505106079,0.036152264495863985,-0.012941786349053533
102.14,0.4293012054886612,0.04061171734951962,0.14120602296739398
102.16,0.4679134597977116,0.0427596092905015,0.3088527267714456
102.18,0.48293106624460586,0.04197976328558242,0.4793558099874947
102.2,0.4848866380695217,0.03815110913542953,0.64060854809576
102.22,0.4788468374923345,0.03154244084023789,0.7808464407054857
102.24000000000001,0.4668890195654849,0.022687012383027762,0.8899448601761628
102.26,0.4499586928541793,0.012289260943458665,0.960281951644076
102.28,0.4286351196869914,0.0011477332164898015,0.9872662404225296
102.3,0.40339953729007805,-0.009915820175949793,0.9695697092860718
102.32000000000001,0.37473116955015945,-0.02012202198226153,0.9090873117940351
102.34,0.34315263685070707,-0.02879128571773676,0.8106493314174743
102.36,0.30926793639530387,-0.035389580120434104,0.6815262611231631
102.38,0.2738121884487034,-0.03955959000588235,0.5307789988728123
102.4,0.2377267652389975,-0.041135312692380244,0.36851706051513167
102.42,0.20227197100514038,-0.04013926821692314,0.20513310122846348
102.44,0.1691842393401572,-0.03676269411533592,0.050582956099123125
102.46000000000001,0.14086932843536415,-0.03133038545016822,-0.086223600669253
102.48,0.12059565979374524,-0.02425335086263308,-0.19786575040829135
102.5,0.11261980109077635,-0.015974223130055414,-0.27864869706975515
102.52,0.12211701801553534,-0.00691241980750602,-0.324619114983706
102.54,0.15450947657016997,0.00257980017402868,-0.3333779629188756
102.56,0.21287720740214278,0.012225153978127845,-0.30377701713114197
102.58,0.291675853491244,0.021737935425080387,-0.23574384154620348
102.60000000000001,0.3718221038012227,0.03061800966603069,-0.13069915837333945
102.62,0.4323045255270028,0.03802064516484463,0.00723587054719356
102.64,0.46788801651686035,0.04299623293260629,0.17021585105092216
102.66,0.4851431529087627,0.04487048594503825,0.34705108596924583
102.68,0.4908007001425751,0.04338679570500441,0.5246858160582549
102.7,0.4885256188619269,0.03866194034243351,0.6898109297575084
102.72,0.4800051101090048,0.031105793397016017,0.830196558526175
102.74000000000001,0.46608261039798954,0.021347297561783645,0.9357142216981756
102.76,0.4472970803139948,0.010163474495829493,0.9990711121589722
102.78,0.42408979088153004,-0.001592338044632811,1.0162591599923243
102.8,0.3968806314068588,-0.013061657855853944,0.9867171799625335
102.82000000000001,0.3661000771690476,-0.02344752219177392,0.9132158738586158
102.84,0.33220887176386305,-0.0320722385849033,0.8014925827714303
102.86,0.2957188819723433,-0.03842234686932313,0.659679470102773
102.88,0.25722396316267127,-0.04217791718597874,0.49758241961010835
102.9,0.2174500220387317,-0.04322450806074872,0.32587707044046993
102.92,0.17733456691756852,-0.04164735095586245,0.155292626773595
102.94,0.13814344230218478,-0.03770854059857936,-0.004146622912705032
102.96000000000001,0.10161980458158132,-0.031809233233648974,-0.1437576812157147
102.98,0.07013447795680819,-0.024440232912613546,-0.2566594035998598
103.0,0.04678347367454618,-0.01612591282946661,-0.33802017215251634
103.02,0.03540331012588396,-0.007367583642247795,-0.3850780586614953
103.04,0.040569650794389955,0.0014081669891526007,-0.3969429255441983
103.06,0.06764362868960093,0.009893046217137833,-0.3742073186896565
103.08,0.12226435899727087,0.017926758628947558,-0.3184066120673648
103.10000000000001,0.20651238403583702,0.02547824671344468,-0.23143595330447714
103.12,0.308335208933857,0.03247822434160316,-0.11529790927155749
103.14,0.39766214852865656,0.03847856563608963,0.02708162339481858
103.16,0.45306793425594616,0.04257989045114527,0.18999537429592964
103.18,0.4789535598198167,0.04392732934353999,0.36402600222595677
103.2,0.48738551956453485,0.04212021133205155,0.5371871346519524
103.22,0.48575561731116385,0.03721669994765613,0.6968445495232403
103.24000000000001,0.47726396447779235,0.029608558088933378,0.831304539467121
103.26,0.46325835967748297,0.019915649520984253,0.9309269030811289
103.28,0.44443735881372387,0.008903091345839519,0.9888670777736737
103.3,0.42129874978924475,-0.0025933145355300164,1.0015065291056389
103.32000000000001,0.3942934871396551,-0.013737680573376447,0.9685928757065485
103.34,0.3638835752902152,-0.02375887041932944,0.8931080638631193
103.36,0.3305739263327909,-0.032005939703629194,0.7808947208102092
103.38,0.29494407745420925,-0.037990633690349676,0.6400855627717177
103.4,0.25769351001065527,-0.041414237302028215,0.4803933840876245
103.42,0.2197124542093686,-0.042177191961852226,0.3123277816625634
103.44,0.18218960208180038,-0.04037108486547916,0.1464087350319843
103.46000000000001,0.14676264855301377,-0.03625381941070955,-0.007553658696468662
103.48,0.11570107867581816,-0.03021005600813718,-0.1410497442055792
103.5,0.09208487178257067,-0.022700485403826673,-0.24727884223979446
103.52,0.07992837965817119,-0.014205046533046085,-0.3213408341574609
103.54,0.08420889191235796,-0.005166273620956731,-0.36019871885487864
103.56,0.11065542986519492,0.004060067406881255,-0.36242631106201767
103.58,0.16440506048284623,0.013232435050388099,-0.32779429675121974
103.60000000000001,0.24490892600663036,0.022183415770519136,-0.2568577789470231
103.62,0.3368295188287196,0.030629881863175154,-0.15098052740124174
103.64,0.4131892129045055,0.037906208491059086,-0.013362287303379558
103.66,0.45993732661250797,0.04304037823316373,0.1494042124900412
103.68,0.48261992217493355,0.04521720768193155,0.3269961436740614
103.7,0.49062993275603944,0.04406329667856105,0.5066818033449738
103.72,0.48949242547110916,0.03962935704146645,0.6751148639978507
103.74000000000001,0.48166415888361075,0.03229022225758878,0.8198326420901214
103.76,0.46824887317309344,0.02265657142554243,0.9303702206687703
103.78,0.449865346838135,0.011498247423092712,0.999048531149259
103.8,0.4269760807473727,-0.00032965216705895103,1.0214628877256446
103.82000000000001,0.40000211232485255,-0.011959261036681422,0.9966782052425583
103.84,0.36936567507676615,-0.022578015489172754,0.9271417728811299
103.86,0.3355113473860213,-0.03148811329315882,0.8183395598267751
103.88,0.29892438456209885,-0.03815345150619017,0.6782385557286589
103.9,0.26015597987163935,-0.04223106511789148,0.5165715554014125
103.92,0.21986418062286783,-0.04358527910389372,0.344030375807816
103.94,0.1788802209845232,-0.042284042254193445,0.1714381311192672
103.96000000000001,0.13830869053622075,-0.03857813335563448,0.008970856523499396
103.98,0.09965992129183979,-0.03286513046499006,-0.1345063821725656
104.0,0.06498858005739815,-0.025641351899955485,-0.2519338839172642
104.02,0.036982508779954334,-0.017446536808094004,-0.33834308763046783
104.04,0.01895207668701427,-0.00880745720566755,-0.3909167312529682
104.06,0.014763613335494198,-0.00018659383623707924,-0.4088318434685556
104.08,0.028884936840407452,0.00806088455491636,-0.3929137009166864
104.10000000000001,0.06655602520419282,0.015722021766030884,-0.34513400204562594
104.12,0.13297692846242243,0.022745307330298066,-0.2679940630645977
104.14,0.22771558127002414,0.029192405335668505,-0.16393573899272812
104.16,0.3326001146090497,0.03500324170910609,-0.03527922969194555
104.18,0.4151254854954641,0.039642894127021766,0.11454930280071282
104.2,0.4610981295790954,0.042198098363239005,0.2790729781948891
104.22,0.48022047678746793,0.04195571781358762,0.448380013201026
104.24000000000001,0.48436022059901224,0.03869473495713985,0.6106752385115359
104.26,0.479720084503344,0.03261361419316699,0.7541651970420331
104.28,0.4688682880291272,0.024197483155918242,0.8684626126829197
104.3,0.45292182880233,0.014118034416976153,0.9455225711295915
104.32000000000001,0.4325151137309953,0.00315420978603893,0.9802261548650377
104.34,0.40814631668655443,-0.007879273734556021,0.9706647610887549
104.36,0.3802993917672726,-0.01819809247165148,0.9181488652763589
104.38,0.34949764596446015,-0.02710692026614477,0.8269661565873423
104.4,0.31634393757264223,-0.03404705785626925,0.7039260753619007
104.42,0.28157029129942174,-0.03863002779708499,0.5577410153691316
104.44,0.24611147344121415,-0.0406549887622022,0.39830497111509033
104.46000000000001,0.21121500646251595,-0.04010893292224012,0.23593680987608673
104.48,0.1785953301452676,-0.03714981265323697,0.08065714880662161
104.5,0.1506253292609437,-0.03207402555278031,-0.05843528178823226
104.52,0.13053088631492973,-0.025271195699703132,-0.17363054353253435
104.54,0.12251612039020654,-0.017171024302090696,-0.2588757247639811
104.56,0.13167325294011364,-0.008189317270063683,-0.30982605414100145
104.58,0.16324350729598283,0.001315029205427623,-0.3236966776203973
104.60000000000001,0.219969418220538,0.01104628664047799,-0.29900319998706254
104.62,0.29610576845730596,0.02068941972994727,-0.23543424644558217
104.64,0.37331182313383665,0.029717347704352737,-0.13429134310562818
104.66,0.4319088916395603,0.037281116306262324,0.00035702918123788237
104.68,0.46691147150466694,0.04244302105758365,0.1607415405127074
104.7,0.4842795695095717,0.04453256547499571,0.3357858494175194
104.72,0.4902801936590383,0.04328323144234078,0.5125338473690895
104.74000000000001,0.4884026602254465,0.03879504130839737,0.6777202942365071
104.76,0.4802873061992017,0.03145994729656719,0.8190884973990605
104.78,0.4667684491232105,0.021890713078054683,0.9264142800194334
104.8,0.44838483891402947,0.010851464969407264,0.9922506046515008
104.82000000000001,0.4255796963235202,-0.0008131674735722253,1.0123917399412714
104.84,0.398776163486823,-0.012248753210085351,0.9860532296871222
104.86,0.3684098926039109,-0.022657638696831395,0.9157758168792401
104.88,0.33494993955792507,-0.03135696668073102,0.8070787384625174
104.9,0.29892143820072015,-0.03782420793511026,0.6679047543531509
104.92,0.2609391696411861,-0.04172725579275995,0.507913130361529
104.94,0.2217615876628327,-0.042937312824405584,0.337686273666996
104.96000000000001,0.18237596018398727,-0.04152402899528985,0.16792034175330342
104.98,0.1441225723687377,-0.037733561433004686,0.008669879361005273
105.0,0.10885326202866971,-0.031951457419596783,-0.13128857888470874
105.02,0.07909443965961734,-0.02465365030306222,-0.24491931101079698
105.04,0.058163650608855935,-0.016350411217044652,-0.32717824358622427
105.06,0.05021292778799514,-0.007529227948011544,-0.37503540531989416
105.08,0.06023970879324663,0.0013978224793221564,-0.38727628317021084
105.10000000000001,0.09397547560860893,0.010137541631577008,-0.36410915098428254
105.12,0.15652543466573537,0.0185366152986809,-0.30663491584097674
105.14,0.24634531243873853,0.026525761294555198,-0.21635716219725706
105.16,0.3446238446053665,0.033886488552594844,-0.09524382053866072
105.18,0.42146209617652236,0.039951728416285436,0.05302388254609605
105.2,0.4651026494079096,0.04375174724450387,0.22133691691434637
105.22,0.4843168977133502,0.04454665219015171,0.39900790416858584
105.24000000000001,0.48943360932327046,0.04207758992697878,0.573339536965529
105.26,0.4858920311503601,0.0365039577950473,0.7314759690899824
105.28,0.47598773236140135,0.02828666225188806,0.8618371141962012
105.3,0.4607442725822966,0.018095163849374152,0.9551312262752023
105.32000000000001,0.4407531792238355,0.006729113146498206,1.005029867082179
105.34,0.4164753401824502,-0.004955529068517706,1.008540009789114
105.36,0.3883447287916163,-0.01611707384192333,0.966086644349949
105.38,0.35680916855873834,-0.025992402997122004,0.8813243422109224
105.4,0.3223549548297918,-0.03395104863867492,0.7607107746234316
105.42,0.28553356064189916,-0.03953555403500664,0.6128903292433636
105.44,0.2470014796080475,-0.04248560665045353,0.4479480949813966
105.46000000000001,0.20758386935880366,-0.042744621820491074,0.2766021772092917
105.48,0.16837259666232043,-0.04044867527206294,0.10940514756504979
105.5,0.1308636695963048,-0.035898887495449415,-0.043976569377010284
105.52,0.09712165027784066,-0.029519631389700866,-0.1753434732433335
105.54,0.0699314635866545,-0.02180639919753528,-0.27835437027304577
105.56,0.05288764531706961,-0.013268679862781813,-0.3486972540492987
105.58,0.05041820055698127,-0.004373896475614212,-0.3840318661283177
105.60000000000001,0.06778964870416522,0.0045025575652967555,-0.383718795342095
105.62,0.11080971628131082,0.013115751294505998,-0.3483689449635874
105.64,0.18340464346018356,0.021355992744770954,-0.27929268166238336
105.66,0.2793368634496513,0.029143933472952726,-0.17811251840226563
105.68,0.37365277721660145,0.03613766162231107,-0.04717499168542494
105.7,0.43943903269281076,0.041522563394339906,0.10885052022754099
105.72,0.4735846096831796,0.0443503754653914,0.28157694791750426
105.74000000000001,0.48716969253463427,0.04403633032026006,0.4594420516101197
105.76,0.48896620732419127,0.04047576625372555,0.6295222295211931
105.78,0.4831031619339562,0.03394186190114065,0.7792719810397156
105.8,0.47130606596565705,0.024975275590544365,0.8978055490212007
105.82000000000001,0.4543988547264824,0.01429764058340659,0.9767881467995931
105.84,0.432910704530493,0.002735274104539555,1.011005639050391
105.86,0.40728725308651303,-0.00885372789716438,0.9986365121162132
105.88,0.3779648010770455,-0.019648311252560367,0.9412394686280277
105.9,0.34540282128705707,-0.02892566681468629,0.8434796468304598
105.92,0.31010813877348625,-0.03611093853349762,0.7126318011023925
105.94,0.27266534221355954,-0.04081223892163682,0.5579131361931873
105.96000000000001,0.23378406220130812,-0.04283885616836565,0.3897091900078542
105.98,0.19437405032628455,-0.04220174630471476,0.21876221928630707
106.0,0.155657713144959,-0.03909661660193299,0.05539273607312689
106.02,0.11932061117575185,-0.03387111882676935,-0.09117879369128358
106.04,0.08767853775457006,-0.026978997768131043,-0.21335174233997542
106.06,0.06381404006913793,-0.018925569143320824,-0.3054626443775106
106.08,0.05164146631715775,-0.010210267118338914,-0.363876521364078
106.10000000000001,0.055922542290182224,-0.0012721461124675162,-0.38685252183201235
106.12,0.08222852200176024,0.00755694282774957,-0.374205405788838
106.14,0.13616516593388853,0.016082706166903528,-0.3268072366277634
106.16,0.2190990571259125,0.02422390755270009,-0.24605501640836516
106.18,0.3178605060888963,0.0318365401044206,-0.13370209544792572
106.2,0.4030982293666902,0.03839248764559776,0.007250602888749838
106.22,0.4557465106523176,0.042956422922163055,0.17077658363652284
106.24000000000001,0.4806746061825144,0.04467708246582835,0.347088384558349
106.26,0.4890732992008088,0.04315651110972481,0.5238512734182619
106.28,0.48769913139744603,0.03844644327684266,0.6880731950916138
106.3,0.4794953760348675,0.030931511716654897,0.8276727321825944
106.32000000000001,0.46572360464078827,0.021229563135312282,0.9326025229180661
106.34,0.4470523331282044,0.010110697582176035,0.9956165809350835
106.36,0.42396375235489037,-0.0015774658853636827,1.0127288109082255
106.38,0.39689333944090893,-0.012981563225208034,0.9833783601301969
106.4,0.36628137388036,-0.02330905077886441,0.9103171112363624
106.42,0.3325994663125981,-0.0318856888956035,0.7992477476304615
106.44,0.296375149365509,-0.03820023224552945,0.658256355037018
106.46000000000001,0.2582264819613363,-0.04193349749128829,0.49709674792541936
106.48,0.21891711141455739,-0.042970134089348036,0.3263927643917289
106.5,0.1794426603028787,-0.04139264584174392,0.1568290280232184
106.52,0.14115604790805336,-0.03745841783781136,-0.001599935306561398
106.54,0.10592591192066624,-0.03156173739227335,-0.14021779481255459
106.56,0.07629656735051871,-0.0241841960710873,-0.2521179711251698
106.58,0.05559787762078981,-0.01583841426309121,-0.3324015550330739
106.60000000000001,0.047981654276381396,-0.0070111026513036915,-0.37818675977775146
106.62,0.05843312370404373,0.001889076687613363,-0.38839868374041153
106.64,0.09267183651506232,0.010574441366887703,-0.36336719185393707
106.66,0.15579868021808052,0.018898869369207115,-0.3042892206383149
106.68,0.24621917949400568,0.026801077476369478,-0.2127334851015784
106.7,0.3449187949214943,0.03406870145251302,-0.0907035764112543
106.72,0.42181513512947183,0.04003656322150313,0.05809957651528399
106.74000000000001,0.4652838808571812,0.04373654266129935,0.22655206774439535
106.76,0.48429090532267366,0.04443426344481777,0.4039656875978882
106.78,0.48922710635640826,0.04187831699843404,0.5776693544554938
106.8,0.4855330566778244,0.03623480508341318,0.7348623232084408
106.82000000000001,0.4754985266291217,0.027969571984665247,0.8640430585578782
106.84,0.46014413989342295,0.017754961584964635,0.9560140534984947
106.86,0.44006083121005996,0.006391398475848926,1.0045484165141367
106.88,0.4157103108049812,-0.005266399599408245,1.0067536750686246
106.9,0.3875285201438117,-0.016379772250006787,0.9631467308894075
106.92,0.35596660302356575,-0.026190059016158333,0.8774589575661382
106.94,0.3215161352186457,-0.03407222398739249,0.756204884362865
106.96000000000001,0.2847369267352604,-0.03957469547792147,0.6080629416210342
106.98,0.24629863241365796,-0.042442944350388964,0.4431287368384912
107.0,0.20704702617587853,-0.042625509260235554,0.2721088965945145
107.02,0.16810555814756126,-0.04026239302609925,0.1055262405462073
107.04,0.13101673180490767,-0.03565695968754755,-0.04699505094350301
107.06,0.09790987082515216,-0.02923373957143688,-0.17730263887487052
107.08,0.07165494797063912,-0.02148602534143161,-0.27909847026600443
107.10000000000001,0.055953930161933424,-0.012918640210063122,-0.348099959392031
107.12,0.05536794623476769,-0.003991905343736024,-0.38197270238916275
107.14,0.07530352669457277,0.004928041342617434,-0.38005022619632056
107.16,0.12155082853230377,0.013605801289310899,-0.34287752820616363
107.18,0.1972572553311211,0.02193274837038478,-0.271672830619489
107.2,0.2938963236729792,0.029799282780834248,-0.16801539158001888
107.22,0.3848015386347775,0.03678971344179341,-0.0344222372993622
107.24000000000001,0.44566828145629805,0.04203389316776338,0.12397641719528259
107.26,0.4764196676991471,0.0446069256668143,0.2982668015226372
107.28,0.48821576643719766,0.04398377098536709,0.47654861302039364
107.3,0.4890178003255703,0.04010959018614136,0.6457863056753722
107.32000000000001,0.48246960089884977,0.03329202142932317,0.7934895126309143
107.34,0.4701063766078278,0.024095781215901918,0.9089432498488185
107.36,0.4526879278833783,0.013258810058895629,0.9840637928577846
107.38,0.43072287235445983,0.0016166600153095772,1.013939073454096
107.4,0.40465014588378767,-0.009970231366456868,0.997072730333891
107.42,0.37490346646587364,-0.02068500502168536,0.9353447341858436
107.44,0.3419406074819815,-0.029814854752204654,0.8337127872714818
107.46000000000001,0.3062663613921399,-0.03679963729619062,0.699694356311233
107.48,0.2684623728797761,-0.041265502960963936,0.542683359441091
107.5,0.2292340492807296,-0.04304154651842649,0.37316582524277386
107.52,0.1894852608568327,-0.04215869955239186,0.20190441004800952
107.54,0.1504300550823739,-0.03883130016124386,0.03916233614768981
107.56,0.11374079683940869,-0.033422988550210746,-0.10596684128944939
107.58,0.08170925316029502,-0.02639991084206284,-0.22606642554048476
107.60000000000001,0.05737122298255178,-0.01827575250401514,-0.3156984739273786
107.62,0.044555075638024806,-0.009554460323536183,-0.37147913036922364
107.64,0.04788932246538319,-0.0006764803185058909,-0.3919301712580002
107.66,0.07281004018979853,0.008027377027351346,-0.3771296136715009
107.68,0.12501108798840255,0.016367779786536675,-0.3282020747342063
107.7,0.20674540749351544,0.02428116528282129,-0.24675666581729655
107.72,0.3066852827158367,0.03167133434273725,-0.13463323341644506
107.74000000000001,0.39569157401984895,0.038080690749646824,0.005330506430346528
107.76,0.4519600981773649,0.04260616901036205,0.1674982714182584
107.78,0.47888697946499187,0.044371795978525544,0.342477707390812
107.8,0.4881760119926173,0.04294379621690481,0.5181935034535861
107.82000000000001,0.48723341553904653,0.03834957921931301,0.6817914615786749
107.84,0.4793105501053255,0.03095814195477802,0.8212500792957727
107.86,0.46577990195176255,0.021375729597226844,0.9265284616093643
107.88,0.44734682190479985,0.010363082200862406,0.9903454160216131
107.9,0.42450687170152357,-0.0012395561358433723,1.008646138398502
107.92,0.3977028129738145,-0.012584005459183834,0.9807758620853306
107.94,0.3673822249884169,-0.022880485234779778,0.9093766005367131
107.96000000000001,0.33402697670330733,-0.0314549876606001,0.8000351663982441
107.98,0.29818038856276513,-0.037794008658297164,0.6607258663543923
108.0,0.2604851606945794,-0.04157379063345726,0.5011044787268175
108.02,0.22174315636555764,-0.04267236055224798,0.33171929767034974
108.04,0.18300829052392636,-0.041163853994165014,0.1632094844539857
108.06,0.14572010112666298,-0.037295819603463246,0.0055605945259216485
108.08,0.11187168424058186,-0.03145144304604219,-0.13251808413511915
108.10000000000001,0.0841803847749194,-0.02410004417177982,-0.24404025778940566
108.12,0.06621155066809102,-0.01574074829415551,-0.3239758187658299
108.14,0.062430297315634896,-0.006845292295455905,-0.36925495926903695
108.16,0.0781836365755266,0.0021942609176206548,-0.37855150553165473
108.18,0.11929976424827438,0.011105877782495156,-0.3518775307120623
108.2,0.18955820450883037,0.019742621902511037,-0.2900731637693036
108.22,0.2826683362867978,0.027979461697275325,-0.19445834815399826
108.24000000000001,0.3744999220460484,0.035433828475340136,-0.06725686344244891
108.26,0.4392303518237958,0.04127333051176958,0.08686546311061644
108.28,0.4735143220645966,0.04454232862912082,0.2594839921689667
108.3,0.48767586694716974,0.044638097011836624,0.4389511486662715
108.32000000000001,0.49010782378723977,0.041430176349364696,0.6121670784851179
108.34,0.4848321390669473,0.03516752610260498,0.7663075325642895
108.36,0.4735517003196657,0.02637315468274816,0.8901232786931653
108.38,0.45708543807480895,0.01575945720404411,0.9748619656761927
108.4,0.4359588046098659,0.004152315195254778,1.0148725773139653
108.42,0.41061119755246295,-0.0075822826807367604,1.0079119101458551
108.44,0.381468525091065,-0.01860819731377665,0.955163406921717
108.46000000000001,0.3489736875192273,-0.028182004545026,0.8609889731709777
108.48,0.3136073640961908,-0.035704751641011445,0.7324502857635433
108.5,0.2759128019948753,-0.040759262362529906,0.5786510312166946
108.52,0.2365342373494696,-0.04313073735133723,0.40996278362536215
108.54,0.19627901441407616,-0.042809624293548836,0.23720380679295006
108.56,0.15621323334404985,-0.039976961454123494,0.07084169746637226
108.58,0.1177940076857744,-0.03497360061869677,-0.07971243278135086
108.60000000000001,0.08302182239270646,-0.028255990910553468,-0.20665866204114153
108.62,0.05456738250801387,-0.020342696417991565,-0.30416590444504393
108.64,0.03582013747004828,-0.011757333675930097,-0.3685063785121322
108.66,0.03087015673011056,-0.002974104939373738,-0.39796510562996823
108.68,0.044536502640827653,0.005629732367373933,-0.3925444995633276
108.7,0.08238398248532722,0.01381231080059295,-0.3534960634384902
108.72,0.14946826895052917,0.021484819199657355,-0.28273129252738294
108.74000000000001,0.24395716459971095,0.028649943751372052,-0.18228793554566744
108.76,0.34563460801393925,0.035149179964694244,-0.05439488585535456
108.78,0.4231701336660108,0.040343035520484107,0.09718180227982623
108.8,0.46566812175677175,0.0432825035429009,0.2653292765409146
108.82000000000001,0.4833516090961597,0.04327335866556727,0.4394866854058861
108.84,0.48708047229352897,0.040114694009512085,0.607298547134179
108.86,0.4823546699395532,0.03401649446001332,0.7564723414285892
108.88,0.47145140642986344,0.02547480686161941,0.8761641152026419
108.9,0.45538351481876727,0.015176509266545474,0.9579236797250157
108.92,0.4347445214323743,0.003920818234605373,0.9962979211672539
108.94,0.4100075707440239,-0.007453349395985907,0.9891335592286399
108.96000000000001,0.38162955209578464,-0.018135524921309,0.9375978101427597
108.98,0.3500954312437458,-0.027404554101185002,0.8459398183677412
109.0,0.3159499708547561,-0.034678502379002676,0.7210293484989458
109.02,0.2798363248067721,-0.039550384129983254,0.5717232822983176
109.04,0.2425543629064186,-0.04180748015200127,0.40812146448277054
109.06,0.2051508795237161,-0.041433160562152516,0.2407801046078524
109.08,0.16905159598847994,-0.03859132107874918,0.07995289671332459
109.10000000000001,0.13623451359533492,-0.03359476933086279,-0.06507284473795028
109.12,0.10942198125664158,-0.02686027129504203,-0.18648575817850815
109.14,0.09224394800902162,-0.01885454075922123,-0.27826038296565725
109.16,0.08931690051877715,-0.010036943153296111,-0.3362423692787598
109.18,0.106139559801375,-0.0008059076063649793,-0.35800930530252384
109.2,0.14828686460288207,0.008539734402665984,-0.3425415297898063
109.22,0.21802156069442954,0.01779331412422225,-0.2898137530504255
109.24000000000001,0.3062688467121851,0.026715034256856646,-0.2006238099100949
109.26,0.3890057173905953,0.034773410580516126,-0.07722442627369161
109.28,0.44569585285891666,0.041060030394313385,0.07520164209388397
109.3,0.475952105198029,0.044651543261278875,0.2476436190106726
109.32000000000001,0.48881024937039175,0.04499546986747827,0.42806353977322076
109.34,0.4910425682278653,0.04198180451494947,0.60311467277105
109.36,0.4859059365432109,0.03586017936794286,0.7597621559999819
109.38,0.47483700034066917,0.02714912776459929,0.8865350618885175
109.4,0.45857193532112406,0.01655824480039099,0.9744435183424831
109.42,0.43760993508616564,0.004914503192578009,1.0175952518087004
109.44,0.4123793596661823,-0.006910813092598238,1.013518641533699
109.46000000000001,0.3832974669165996,-0.018072561413752776,0.9631975587019294
109.48,0.35079612920289716,-0.027815512811233494,0.8708363034663096
109.5,0.3153394357662315,-0.035527252649444035,0.7433898894022943
109.52,0.27744458612083805,-0.04077676052354447,0.5899103895657567
109.54,0.23771450564427027,-0.04333633662103812,0.42077169748179527
109.56,0.19689140390454346,-0.04318578942689564,0.24684190851816326
109.58,0.15594089733922312,-0.04049904392518888,0.07867436434076056
109.60000000000001,0.1161710723804797,-0.035614529341411176,-0.07421464220493532
109.62,0.07937310628466532,-0.028991947196342335,-0.2039213819629047
109.64,0.04793958763200451,-0.021159473448627054,-0.304536523115957
109.66,0.024899299582580352,-0.012657040307880982,-0.37230581864338186
109.68,0.013858463597923748,-0.0039821687841614245,-0.4055669360982547
109.7,0.01897016812364621,0.0044567603280279856,-0.4044834622068754
109.72,0.04508729577915336,0.0123788780984336,-0.37060900755339604
109.74000000000001,0.0976950815399826,0.019659724249150044,-0.3063147821985653
109.76,0.1802112310340659,0.02632591886032769,-0.21415305651665767
109.78,0.2841960210000488,0.03242224156672108,-0.09645262904567621
109.8,0.3809009423511671,0.037669821800931716,0.04412103207898716
109.82000000000001,0.4437308555564387,0.04127539416974059,0.20272012036253828
109.84,0.473626316141614,0.04236621318974863,0.37094933809764224
109.86,0.48362506268455563,0.04048810661274559,0.537669402273351
109.88,0.48257905693692027,0.03566257027605459,0.6909091747048768
109.9,0.4744073238546159,0.028256158031493755,0.8195187870213667
109.92,0.4607246154353445,0.018864239953296065,0.9143048352349887
109.94,0.4423241812103088,0.00822431026271998,0.9687656980470009
109.96000000000001,0.4197456326688449,-0.0028582507313237434,0.9795092065534804
109.98,0.3934721116978866,-0.013578801370416624,0.9463852273836576
110.0,0.3640055798365723,-0.023195812503850333,0.872355409325512
110.02,0.3319097647740468,-0.031083851495532902,0.7631310553369576
110.04,0.29785392964213087,-0.03677385922802536,0.6266234555968063
110.06,0.262674440584382,-0.03997812035750189,0.472263022670924
110.08,0.22746746528504685,-0.04059836973259548,0.31025194268806805
110.10000000000001,0.19372341885778877,-0.038716630815866196,0.15081900060311998
110.12,0.16350430676469113,-0.034569609046962796,0.0035444338742544323
110.14,0.13964318060090938,-0.028508857326021212,-0.12318333142302311
110.16,0.12591073162548963,-0.02095062515489666,-0.22252935016057473
110.18,0.1270426807793748,-0.012321391418281397,-0.28936218038040457
110.2,0.14836130759400398,-0.0030083474253952205,-0.3201919638480774
110.22,0.19415459377182195,0.006667047726460519,-0.3129477796085034
110.24000000000001,0.2631362292228742,0.01641187782702118,-0.2667580352843361
110.26,0.3421549510949251,0.025810626923256558,-0.18209898891976886
110.28,0.40989502612849865,0.034142769368229055,-0.06168311496617572
110.3,0.4543918772040814,0.04046271454496921,0.08835338073003289
110.32000000000001,0.47836471100658723,0.043955195410173384,0.25823061643707373
110.34,0.4886867762856114,0.04417893718492851,0.43561891735746633
110.36,0.4899639757203753,0.04108368911442051,0.60722245371438
110.38,0.4844528717897482,0.03494250892014065,0.760216065465167
110.4,0.4732385502228099,0.026279167027234353,0.8833915635227304
110.42,0.4569487629859898,0.015799004187159803,0.9680220067741329
110.44,0.43605408950632174,0.004318932787187341,1.008448595155438
110.46000000000001,0.41098137489733716,-0.00730360300205099,1.0023848092558787
110.48,0.38215898369617296,-0.018239451484604995,0.9509394343838755
110.5,0.3500406655643241,-0.027749957198998764,0.8583760352293439
110.52,0.315126581323588,-0.03523831417134884,0.7316440165595836
110.54,0.27799159486771613,-0.04028665397952484,0.5797318372540176
110.56,0.23932997964062128,-0.042676565964819675,0.4129044410759528
110.58,0.20002696849691362,-0.04239196579348535,0.2418937536281794
110.60000000000001,0.16126714340722828,-0.03960444836294358,0.07711298219244016
110.62,0.12468196385395157,-0.03464247158965652,-0.07203750198470037
110.64,0.09251849475732223,-0.02794702382733404,-0.19771286022950257
110.66,0.06778492320733756,-0.020017936843848463,-0.29396879129101666
110.68,0.0543281309334499,-0.011356438127862982,-0.3568822370679156
110.7,0.056854082244801214,-0.00240991133671672,-0.3844448526771385
110.72,0.08089421126887948,0.006476163795283223,-0.3762483159742786
110.74000000000001,0.13213217328932858,0.015090895203221565,-0.333003279584653
110.76,0.21255355696320088,0.023340675471484936,-0.2560071915623619
110.78,0.31053953567843545,0.031089675931790975,-0.14692842955441449
110.8,0.39752986452337813,0.03784276629489715,-0.00859459369663481
110.82000000000001,0.4527157719156199,0.0426805665210067,0.1532571580105221
110.84,0.4794620331885502,0.04472412973274471,0.3291022668174764
110.86,0.4889646756525236,0.04353250408117495,0.5067158585289422
110.88,0.48833190760554124,0.03912143348225585,0.6730546466960029
110.9,0.4807081752762446,0.03184933963700715,0.8158619955930412
110.92,0.46743325544130715,0.022316197654992764,0.9248275528633458
110.94,0.4492014782837647,0.011281863111009698,0.9923862247851054
110.96000000000001,0.42650192385827235,-0.0004089286475008045,1.014206641784281
110.98,0.3997698573760593,-0.011898750845488103,0.989385230860721
111.0,0.36944173308067885,-0.022384844982087995,0.9203600433510339
111.02,0.335982131839095,-0.031177797089569702,0.8125711674049859
111.04,0.2999072381115863,-0.03774774566652872,0.6739102235150939
111.06,0.26181702145788277,-0.041755182856431795,0.5140150435808993
111.08,0.2224463554852784,-0.043064555870295146,0.34347515063726763
111.10000000000001,0.18274584584062523,-0.04174010043686036,0.17301838287511664
111.12,0.14400068362681184,-0.03802454825838528,0.012748849630324528
111.14,0.10798390178100767,-0.032302573175492635,-0.12849858375280676
111.16,0.07711556898194688,-0.02505221121759541,-0.24363221144045613
111.18,0.054576302580354466,-0.01678904506480075,-0.3275667606363035
111.2,0.04434437551542023,-0.008009138905947523,-0.377258838502731
111.22,0.05120529728688723,0.0008636703578887906,-0.3915212533303699
111.24000000000001,0.08073194219457644,0.00952217042042188,-0.3706418554546251
111.26,0.13842427221668524,0.017802825574820005,-0.31585346984458307
111.28,0.22493248967627444,0.025652468477823112,-0.22879140736918174
111.3,0.32522267834868945,0.03293189789602931,-0.11137353850478154
111.32000000000001,0.40891066482380095,0.039087049541760246,0.03318608547152805
111.34,0.45886130039184836,0.04317346257143199,0.19855669822985209
111.36,0.4816902863596301,0.04437885062243491,0.3747092322485625
111.38,0.488691144091853,0.04236137969194574,0.5492705203143428
111.4,0.48630439498669875,0.037220561092178694,0.7094217736349765
111.42,0.47728199132654664,0.02937596546100199,0.8434202416852999
111.44,0.4628101218930184,0.019468189396281862,0.9416723669801214
111.46000000000001,0.4435333469581802,0.008278378440393952,0.9974534470359958
111.48,0.419929715930249,-0.0033460742629619054,1.0073201079885372
111.5,0.39243940752879203,-0.014562404858933582,0.9712321633844212
111.52,0.36151366552546615,-0.024597512946112173,0.8924014601273438
111.54,0.3276423507287397,-0.032803326641633074,0.7768986331423676
111.56,0.2913819975979367,-0.03869892835927951,0.6330638175797925
111.58,0.2533965641122969,-0.041996786572869996,0.47077994659587147
111.60000000000001,0.21452196106747112,-0.042611595455382276,0.3006756086975317
111.62,0.17586539458657383,-0.04065143427150569,0.13332801161746208
111.64,0.13894553921766806,-0.036392162611116476,-0.02146465479399335
111.66,0.10586338019808018,-0.03023723201979908,-0.15527831461956326
111.68,0.07946735252852599,-0.022666546307015003,-0.2614739717148951
111.7,0.06346347628581604,-0.014179529271160472,-0.33539059393992027
111.72,0.06245520903124787,-0.005238419679665383,-0.37430872193235076
111.74000000000001,0.08190794169938982,0.0037825733626573963,-0.37719717548614146
111.76,0.1275987424266981,0.012634373595759413,-0.3442796667784585
111.78,0.20244968225058924,0.02118766663824145,-0.2765210145495704
111.8,0.2975986022937445,0.02930315476637813,-0.17534785358981064
111.82000000000001,0.38669670715846655,0.0365338239050215,-0.0432519568075889
111.84,0.4463854785803499,0.04199473198293955,0.11456471064428464
111.86,0.47678303378709863,0.044761259790067606,0.28909301822059463
111.88,0.4886467020488961,0.044306883815583745,0.4683388896515919
111.9,0.48964472816069143,0.04057002168111203,0.6391555066327009
111.92,0.48330711784190894,0.03385061973416116,0.7889109332172283
111.94,0.47113368273455214,0.024707850338049207,0.9067214884195113
111.96000000000001,0.4538733650398862,0.013877473998995457,0.9843191023400718
111.98,0.4320300600843253,0.0021964697013098283,1.016605874312912
112.0,0.40603843276687906,-0.00946994832627581,1.0019121627270862
112.02,0.3763262616492091,-0.02029736350447946,0.941969556728036
112.04,0.3433421884170831,-0.02956341606672056,0.8416218888599569
112.06,0.30757667552853973,-0.036697341573772906,0.7083134320667753
112.08,0.2695887136375058,-0.04131460972731346,0.5514078574831988
112.10000000000001,0.23004790389026272,-0.043234608228085475,0.3814020655594369
112.12,0.18980217677733469,-0.042480549441612066,0.20910476827309907
112.14,0.14998050905298976,-0.03926200018268737,0.04485053163765318
112.16,0.11213141353070268,-0.033941639930023894,-0.10218401659712559
112.18,0.07837600909458996,-0.026989158835933325,-0.22450408005436423
112.2,0.05152612105219183,-0.018926733956020642,-0.3166175865113306
112.22,0.0351201260559492,-0.010271955282397952,-0.37513077432486613
112.24000000000001,0.033406947114496474,-0.0014842262820055213,-0.3986206498180722
112.26,0.051390416746774394,0.007081504820036709,-0.3873069363318947
112.28,0.09474309711214608,0.015210984184913616,-0.34255736910257406
112.3,0.16787121278678768,0.02283925322514314,-0.2662911669755623
112.32000000000001,0.2659856872335481,0.029958226425254624,-0.16051240241214973
112.34,0.36475378664941926,0.03632299153108106,-0.027604537544636307
112.36,0.43478962869432264,0.04118864421581334,0.12808305446124466
112.38,0.4710465361844902,0.04361357223164231,0.29863185097388173
112.4,0.4851855052341082,0.042999695432970525,0.47291688882519844
112.42,0.4869209796023356,0.03923956939790934,0.6384174896023087
112.44,0.48084801660317844,0.03260958753708269,0.7829953630403852
112.46000000000001,0.4688603324671364,0.02365114924628551,0.8961818694124781
112.48,0.45183854607567786,0.01308050268079713,0.9700506072804091
112.5,0.43033515159300995,0.001711943073855575,0.9997608698149753
112.52,0.40481290956502847,-0.009614130124087041,0.9838046665150084
112.54,0.3757293367542056,-0.020098358762659623,0.9239748040714116
112.56,0.3435754842511672,-0.029041590130760506,0.8250791031724366
112.58,0.30890713191932684,-0.035892383975982066,0.6944401116623248
112.60000000000001,0.2723853380693564,-0.04027980465991926,0.5412333589796261
112.62,0.23483871650871327,-0.04202947774130703,0.37572743147998827
112.64,0.19735941856553604,-0.04116206065837457,0.20849490839509177
112.66,0.16144166037842228,-0.037874472337608864,0.04966421341796231
112.68,0.12915930035640227,-0.03250546956250031,-0.09172139568521905
112.7,0.10335514252597564,-0.02548856474535655,-0.20818056897138693
112.72,0.08779213632659154,-0.01729686089743329,-0.29406432581989744
112.74000000000001,0.08721488162070294,-0.008385758234940952,-0.34559944618738486
112.76,0.10721248850143547,0.0008594025675552311,-0.3607098935306321
112.78,0.1532583191371307,0.010158626065690943,-0.3386567464786596
112.8,0.22679580198433036,0.01931996555810878,-0.27962317436932776
112.82000000000001,0.31671223340295873,0.02809310189631161,-0.18459900609716154
112.84,0.3976410381558624,0.035902586847522594,-0.05614376392160218
112.86,0.4509614999970521,0.041811992677653266,0.10008555343748989
112.88,0.4785167906685773,0.04492867566640921,0.27460859558116585
112.9,0.48963445664608246,0.044760405475093974,0.45511503144706467
112.92,0.4906728162051341,0.041253436633304566,0.628224879609493
112.94,0.4845943610949824,0.03470181402651841,0.7810716070837809
112.96000000000001,0.4727089971756517,0.025657219186087602,0.9025074297826895
112.98,0.4557073877810583,0.01485156830296398,0.9839765556480297
113.0,0.43407412011511387,0.0031232154974710474,1.020088235211925
113.02,0.40823414265487556,-0.008656013969460169,1.0088960957221944
113.04,0.3786058069121168,-0.019650578424377875,0.9518907909687011
113.06,0.3456246538529048,-0.02912362478147605,0.8537268886252467
113.08,0.3097610134332611,-0.03648793601793972,0.7217217891942677
113.10000000000001,0.2715421047553461,-0.04134212712474461,0.5651794393032907
113.12,0.23158710422005802,-0.04348994167804404,0.39460255117034543
113.14,0.19066459570478642,-0.04294175457824294,0.2208631347353536
113.16,0.14978175935740257,-0.03989862394683278,0.054402235347706926
113.18,0.11030797014416792,-0.0347204322758466,-0.09547400041126251
113.2,0.0741154487068244,-0.02788091940946077,-0.22114344145734163
113.22,0.04368850809378459,-0.01991390153475644,-0.3170178872858249
113.24000000000001,0.022141897341890024,-0.011356533013494093,-0.37966978434776355
113.26,0.01315404697256736,-0.002696041638661156,-0.40773693572369335
113.28,0.020956378435499416,0.005675668662146898,-0.40162908464842806
113.3,0.050508071846349416,0.013499177092653896,-0.3630697465102858
113.32000000000001,0.10727853708830214,0.020674134059945004,-0.29450749942595567
113.34,0.19380721775231932,0.02724364779576744,-0.1984846693273062
113.36,0.29892169960470644,0.03323264339482209,-0.07731469060547291
113.38,0.39196504112815034,0.03829038128100796,0.06616159143529156
113.4,0.4495692575342766,0.04157511025990492,0.2266429561447721
113.42,0.4759029769571685,0.04225300175298993,0.3952636391130145
113.44,0.48395030955355095,0.03994190253565273,0.5606607098271918
113.46000000000001,0.48173381390268477,0.034720559728158976,0.710904274266166
113.48,0.47271092333323617,0.0269939925394451,0.835075471250825
113.5,0.45832139167669483,0.017382275890284755,0.9243369073531617
113.52,0.43930195584405535,0.006636452157272923,0.9726189940290537
113.54,0.4161772797626469,-0.0044347159045159705,0.9769952151740094
113.56,0.3894305208601155,-0.01503257240451749,0.9377755703331192
113.58,0.3595708464182591,-0.024429764199231544,0.8583410419748445
113.60000000000001,0.3271752898639498,-0.032021554226646376,0.744751889171444
113.62,0.29293439048359043,-0.03736400624767674,0.6051759672453721
113.64,0.2577177101307267,-0.04019657989473966,0.44919483603187843
113.66,0.22267231228372603,-0.04044774031474845,0.28705318355949744
113.68,0.18936399531875092,-0.03822334871388442,0.12892037169738257
113.7,0.15995999196984087,-0.03377884417594681,-0.01576860346268151
113.72,0.13742782277767718,-0.02747766028628431,-0.13883226372020688
113.74000000000001,0.12568890696617016,-0.019740071535334545,-0.23367459797481027
113.76,0.1296066523112236,-0.01098885441187795,-0.29540345204518786
113.78,0.1544885846759386,-0.0016018784464286026,-0.3207409905408368
113.8,0.2041242289778929,0.008107722018045532,-0.30778958823319347
113.82000000000001,0.2757106412263172,0.017839051718564206,-0.2558436166193958
113.84,0.35413785267294734,0.027136120696991287,-0.1656401571997883
113.86,0.418431164924387,0.03522723673397137,-0.04035306256573791
113.88,0.45923447474865314,0.04116280527356963,0.11329412669464184
113.9,0.48064879469552,0.04417735321575619,0.2850362325618994
113.92,0.48934974922473046,0.043893011382250595,0.46229723143588564
113.94,0.4894876852503408,0.04031389504570054,0.6317734857118306
113.96000000000001,0.4830606533066788,0.03375555655962837,0.7808254488170736
113.98,0.4710478421488498,0.024773409944478016,0.8985785852140832
114.0,0.4540394414816508,0.014093809979354933,0.9767449730489212
114.02,0.4324944764007406,0.0025438669325128466,1.010167295608145
114.04,0.406838171284504,-0.00901946272200007,0.997079797176205
114.06,0.37750189767154874,-0.01977744069605577,0.9390898570093147
114.08,0.3449458215736667,-0.0290103228404043,0.8409004044903187
114.10000000000001,0.3096806127869907,-0.03614671065153928,0.7098108239268769
114.12,0.2722978790371112,-0.0407982192679842,0.5550489140292385
114.14,0.23351864927016952,-0.042777340001231484,0.38699728144106066
114.16,0.19427052587349353,-0.04209759816383038,0.2163835981095633
114.18,0.15580296358115492,-0.03895632256512387,0.05350530969821235
114.2,0.11984070465672825,-0.03370155950989519,-0.09244430157366995
114.22,0.08875325815912652,-0.026785999793081966,-0.21389053398180666
114.24000000000001,0.06569321543766428,-0.018712319943428764,-0.3051884912060784
114.26,0.05466389695458187,-0.009975683141693835,-0.3627079466118142
114.28,0.06053533152924404,-0.001009276432166281,-0.3846924899792314
114.3,0.08896745931940485,0.007862098197082465,-0.37091517926218465
114.32000000000001,0.14541380472822069,0.01644971941783912,-0.3221794213959623
114.34,0.23024538145975015,0.024666137053832915,-0.23980939786993513
114.36,0.32833762551516543,0.03233022353207157,-0.125566622187737
114.38,0.410158544111364,0.03885405411662446,0.017332161236694607
114.4,0.4593520344069302,0.04328121126686964,0.18246215912114327
114.42,0.4822246003372875,0.044794282093688347,0.35967362849458084
114.44,0.48955847362952937,0.043039620518928644,0.5364397368415006
114.46000000000001,0.4875521038100498,0.03810176306775591,0.6997321636212978
114.48,0.47887929965473397,0.030387921386006697,0.8375425481731162
114.5,0.464703524257225,0.020531734028640978,0.9399725687462478
114.52,0.4456610946894678,0.009313625074141955,0.9999773216211457
114.54,0.4222238557858368,-0.002413652098731331,1.0138026753461837
114.56,0.3948237111960587,-0.013796649334284235,0.9811301067830296
114.58,0.3638992166347106,-0.024047441496385585,0.90494459608681
114.60000000000001,0.3299203918193581,-0.032500476408989426,0.7911550545262744
114.62,0.29341256749352174,-0.03865637412159914,0.6480123569412651
114.64,0.2549905286548449,-0.04220991845537858,0.4853830615514353
114.66,0.21541315908180642,-0.04306065716474476,0.31394562347610305
114.68,0.17566925980792988,-0.041305754900096026,0.1443797860836652
114.7,0.1371017082881038,-0.037215950331395874,-0.013381163796956613
114.72,0.1015630874840903,-0.031196703569133177,-0.1507714349383872
114.74000000000001,0.07156947395464003,-0.023738025263361592,-0.2610343004424277
114.76,0.05039936744030104,-0.015358037789903065,-0.3394485217523994
114.78,0.042117008537076506,-0.006546350573698345,-0.383326602709498
114.8,0.05158394943359462,0.002287414204399437,-0.3917954159270033
114.82000000000001,0.08442567890003773,0.010856278222237769,-0.36538726210455635
114.84,0.14595136548054363,0.01901907478047357,-0.30549202658933844
114.86,0.23563541698166038,0.026734225586325672,-0.21382729319429122
114.88,0.3360333486355269,0.03383820193710924,-0.09241072848584021
114.9,0.4163879276257713,0.039723000931690254,0.055271806820433075
114.92,0.4626143996205809,0.04343168680022612,0.22246074577536556
114.94,0.4830278104464468,0.04420070396163888,0.39878230444904766
114.96000000000001,0.48860471893715485,0.04174882843534235,0.5717527413830635
114.98,0.4852569487459929,0.03622262894914087,0.7286604210237553
115.0,0.47547518496763125,0.028074743773878162,0.8580289565945163
115.02,0.46034988288303025,0.01796744607070523,0.950640054313253
115.04,0.4404952848470428,0.00669323579112119,1.0002101509974144
115.06,0.41638217907350555,-0.004898984389934831,1.0037625721759371
115.08,0.3884523059930279,-0.01597407675400051,0.9617112819474366
115.10000000000001,0.35716337094690503,-0.02577448453762626,0.8776754424376768
115.12,0.32301651932260644,-0.03367386774442764,0.7580578008757035
115.14,0.28658636698243833,-0.039217097879804125,0.6114348007738217
115.16,0.2485655906288286,-0.04214410730011791,0.4478183585805251
115.18,0.20983538824220396,-0.04239625480676748,0.2778569657501496
115.2,0.1715726507555761,-0.04010507564137141,0.11204671571279579
115.22,0.13539826296332427,-0.0355644903824771,-0.03997902342226415
115.24000000000001,0.10355280557989759,-0.029188836125164437,-0.17001939406637995
115.26,0.07905976181025282,-0.021460568581328988,-0.2716857529526832
115.28,0.06582869709480976,-0.012872974679112177,-0.340560227325026
115.3,0.068686064449001,-0.003873948580697838,-0.3741252557057452
115.32000000000001,0.09327828408389296,0.005183265833359089,-0.3714800815066826
115.34,0.14514858669570127,0.014071632682409593,-0.3328895377028241
115.36,0.22539936188126045,0.022665218023685128,-0.25929811586792206
115.38,0.32097264342954457,0.030767747943530502,-0.15220448561120425
115.4,0.4037729487456261,0.03781224341196663,-0.014546163235913078
115.42,0.4556316807573278,0.04285145064271738,0.14761449287605105
115.44,0.48083460897339925,0.045025739217059796,0.3244237009879711
115.46000000000001,0.4898431354412779,0.04391610186394952,0.50342173140259
115.48,0.4891088350139555,0.03954783658655067,0.6713928807285224
115.5,0.4814913532864807,0.03228258326681348,0.8159311562370979
115.52,0.46823302817835966,0.022722740074255558,0.9265869458736634
115.54,0.44999668979893104,0.011631921956614992,0.9956679355697944
115.56,0.42725950123590634,-0.00013966153236226095,1.0187340312460094
115.58,0.40044907977350047,-0.011727710369901981,0.9947977954091742
115.60000000000001,0.3699930806888042,-0.022321780196156084,0.9262427523603173
115.62,0.33634317069210856,-0.031224649582247518,0.8184856880626163
115.64,0.29999541008185343,-0.03789924608716329,0.6794251963555851
115.66,0.26151800788381246,-0.04200015090726652,0.5187325556715138
115.68,0.22159582262667604,-0.04338786998654648,0.34705065705027466
115.7,0.18110179713153232,-0.04212530223520377,0.17517146940581171
115.72,0.1412038312254356,-0.038457053307106734,0.01326235599297183
115.74000000000001,0.10350499712512132,-0.03277345166104732,-0.12979344058840075
115.76,0.07019053951714833,-0.025562460050218398,-0.24688685535601337
115.78,0.04412759403425763,-0.01735423427949059,-0.33296414720872936
115.8,0.02887565510248022,-0.008664422379204801,-0.38508161864608886
115.82000000000001,0.028658941569694705,5.791845460719055e-05,-0.40224112522902045
115.84,0.04843174960592535,0.008474593735288981,-0.38503238400588435
115.86,0.09381758637359502,0.016392689764439007,-0.33511635208851365
115.88,0.16907265322847967,0.023770662211308764,-0.25461467868259247
115.9,0.26879127349239,0.03061877849657152,-0.14564670008553626
115.92,0.36767423052022313,0.03669421973594487,-0.010667688466594577
115.94,0.43655858729819585,0.04124602698525611,0.14588477176156572
115.96000000000001,0.4715704552701649,0.04334541580250999,0.3160113499164421
115.98,0.48481399164590266,0.04242405975349558,0.4885975649416907
116.0,0.485912992738548,0.03840342145540759,0.6512548905661415
116.02,0.4793470260388444,0.031581186410332154,0.7920782259938256
116.04,0.4669573273895278,0.022511999769758848,0.9009010744753553
116.06,0.4496075287208092,0.01191770496585586,0.9701367295947979
116.08,0.4278478684270888,0.0006109904342504031,0.9952919745618287
116.10000000000001,0.4021458279459026,-0.010575835708828517,0.975186611714304
116.12,0.37296897231454834,-0.020856894261395326,0.9118976712644224
116.14,0.3408248137049868,-0.029550449159803708,0.8104548725648789
116.16,0.3062949732727583,-0.03612470118847163,0.678327943203161
116.18,0.2700807532794855,-0.04022871325882145,0.5247596770278811
116.2,0.23307293992410263,-0.041706555185053944,0.3600084052125475
116.22,0.1964578922744227,-0.040593917457690316,0.19456889750202935
116.24000000000001,0.1618675591154618,-0.03709763820877352,0.03844133354425039
116.26,0.13156664831202913,-0.031559855950591895,-0.09948628595605602
116.28,0.10864477087504472,-0.02440995999426894,-0.21188660883171656
116.3,0.09715768018540831,-0.016109147695608197,-0.29323254220644573
116.32000000000001,0.10214143692053092,-0.0070939448440294275,-0.339810651773843
116.34,0.12926211375129998,0.002272687636634009,-0.3495201722999939
116.36,0.18308236560898639,0.01172439135950712,-0.3215185806537173
116.38,0.2615926638416163,0.021039809599393926,-0.25590076678258367
116.4,0.3484299115109078,0.029849771903700577,-0.15385536493617988
116.42,0.41884860720987555,0.03741715373003781,-0.01874660204417999
116.44,0.4618598154128716,0.04276813193752325,0.14251628298967475
116.46000000000001,0.4830964418598523,0.045122671886520825,0.31938268520396024
116.48,0.49078695117587456,0.04412864735731506,0.4990147125480665
116.5,0.48972492556193536,0.03983908983604228,0.6680038695582722
116.52,0.4820854526711125,0.032622938602099,0.8138149174394348
116.54,0.4688830376805995,0.02308370822971238,0.9258827926051418
116.56,0.4507104029515835,0.011985690656057126,0.996402293918279
116.58,0.42802260550548876,0.00018108988587889514,1.0208255296119635
116.60000000000001,0.40123852646888203,-0.011462184206072682,0.9980684919995347
116.62,0.37077981264821797,-0.02212869500808589,0.9304354638752644
116.64,0.33709105036923953,-0.031115298006849423,0.8232859922797312
116.66,0.3006578768067041,-0.03787861932663912,0.6844860751634961
116.68,0.26203221048581093,-0.04206715607394711,0.5236993677395616
116.7,0.22187316596408238,-0.04353615148666462,0.35158403155291007
116.72,0.1810134041082055,-0.04234465373865032,0.1789657258773749
116.74000000000001,0.14055950335926903,-0.03873539128060829,0.016057140716002727
116.76,0.1020252557271614,-0.03309929895202445,-0.128210455408745
116.78,0.06747291868033849,-0.02592784371567953,-0.24668807689456462
116.8,0.039607736597082874,-0.017757851149493013,-0.3343023466459578
116.82000000000001,0.021776219919291597,-0.00911496284253079,-0.38812320431286373
116.84,0.017909056648979214,-0.00046184309060072633,-0.4072131893877378
116.86,0.032568415781190935,0.007845515409553439,-0.39228533483128925
116.88,0.07108575391121816,0.01559314979186434,-0.34520277748412553
116.9,0.1385931941010272,0.02272718552944911,-0.2683640441428875
116.92,0.23404617647815293,0.02929926834003156,-0.16412959409983566
116.94,0.33817927395466507,0.03522080687453402,-0.03481266791189594
116.96000000000001,0.41869735580832357,0.03991930836069536,0.11602530683243767
116.98,0.4629649904080673,0.0424708773476764,0.28166617503639674
117.0,0.48118855917650866,0.04217917435150873,0.451977391535824
117.02,0.4849025439897747,0.038842210119525704,0.6150208351925971
117.04,0.48001874338137607,0.03267179170945782,0.7589247743135661
117.06,0.46897793605769655,0.02416276045096691,0.873268898693546
117.08,0.45285157652424973,0.01399471957777124,0.9500101663823777
117.10000000000001,0.43225811437048295,0.002953211068558408,0.9840605287010554
117.12,0.40768878591493624,-0.008141858099328965,0.973565904204562
117.14,0.37962238025445133,-0.01850261544061882,0.9199088418188891
117.16,0.3485759573108643,-0.027432007408129826,0.8274596999280409
117.18,0.31514334623257567,-0.03437149938787152,0.7031137169989453
117.2,0.2800431031771243,-0.03893462259242385,0.5556647035468234
117.22,0.24419009711457657,-0.040924235520537096,0.39507658787619615
117.24000000000001,0.20880319581340767,-0.04033248831708917,0.23172036731311194
117.26,0.17555714481766044,-0.03732366226324568,0.0756457127636167
117.28,0.14677282380436615,-0.03220132942767829,-0.06404671312431282
117.3,0.12561367220544656,-0.025362760344392256,-0.1796748187107518
117.32000000000001,0.11622232546335302,-0.017245273907975735,-0.26524427543940265
117.34,0.12367406122086039,-0.00827132169281403,-0.3164978845102555
117.36,0.15337775983376012,0.0011969779192375109,-0.3307593866192515
117.38,0.2087380600747596,0.010870499413593051,-0.306649313397119
117.4,0.28529540173581214,0.020461512435006858,-0.24389691578546502
117.42,0.3653261152223957,0.029490144801542134,-0.14368955137965492
117.44,0.42752105448665356,0.03713805785417115,-0.009809473801055174
117.46000000000001,0.4650612675398911,0.04245117572795075,0.15028927987713392
117.48,0.4837720145856618,0.04471953192813657,0.32572093622775794
117.5,0.49046366537061203,0.04364341868033037,0.5035693174069176
117.52,0.48900008594222977,0.039301280722168534,0.6705002989715545
117.54,0.48118056480495647,0.032071740461999315,0.8141196360643773
117.56,0.46789485779346596,0.022560008625407444,0.9240243520745626
117.58,0.4496987587561998,0.011527421635636498,0.9925681297546186
117.60000000000001,0.4270390528993976,-0.0001799227132718846,1.015343467309483
117.62,0.400336922899961,-0.011702383795312675,0.991377691746995
117.64,0.37002247181710923,-0.022234049245419652,0.9230505294642924
117.66,0.336555232510469,-0.031081631195257243,0.815757899092407
117.68,0.3004450693179797,-0.03771101597462875,0.6773636288393615
117.7,0.2622825364876398,-0.04177845712168282,0.5174948744975403
117.72,0.22278787616705453,-0.04314458300158481,0.34674673312706683
117.74000000000001,0.18288904082814522,-0.041870628874335965,0.1758663853807349
117.76,0.14383711522359544,-0.03819751845396863,0.014987018708451413
117.78,0.10735611500229494,-0.03250963923441147,-0.12702313546918828
117.8,0.07579952349485061,-0.025286515833873077,-0.2430413417688282
117.82000000000001,0.05226150838463226,-0.017047141575504802,-0.3279610658144315
117.84,0.04060910973299063,-0.008292968123635284,-0.3787352394532665
117.86,0.045486375446012334,0.0005447846241293773,-0.39419853997070037
117.88,0.07233335471103426,0.009149843745418905,-0.3746938635043778
117.9,0.1267912832089279,0.01735086175054061,-0.3215448064143357
117.92,0.2107113323646167,0.025100734988018132,-0.2364878253080338
117.94,0.3116295149989561,0.03230581444677245,-0.12144698643382251
117.96000000000001,0.39963304118877346,0.038490575859251246,0.02062213583210381
117.98,0.4540897017245857,0.04274220930774737,0.18389616191808505
118.0,0.479616592402516,0.044206792428676325,0.35882090757815593
118.02,0.4880077161779692,0.04248537648109524,0.5332818533733804
118.04,0.4864400110082933,0.03763505157829284,0.6945174250167971
118.06,0.47802366883566916,0.030046242491387008,0.830700853948849
118.08,0.4640755279992941,0.020339093598465464,0.9320563880221636
118.10000000000001,0.445283127741303,0.009281214355972464,0.9916094083148269
118.12,0.4221384922293932,-0.002286986844718731,1.0056256234079988
118.14,0.39508690374995337,-0.01352333167889273,0.9737588679203649
118.16,0.3645824581669616,-0.02364931081102997,0.8989248511190587
118.18,0.3311179873719541,-0.03200621583899501,0.7869304761762417
118.2,0.2952542271816773,-0.03809836223787478,0.6459033657402029
118.22,0.25766135601099116,-0.041620659035310335,0.4855790676890504
118.24000000000001,0.21918432739372143,-0.042468912952404035,0.31651217542447174
118.26,0.18094330759807858,-0.04073245596540791,0.1492816479389626
118.28,0.14447583105364412,-0.03666988815846412,-0.006240144095156531
118.3,0.11191180450398058,-0.030669990590033926,-0.1414907716503886
118.32000000000001,0.08614681422097782,-0.023201309080732185,-0.24964066425501272
118.34,0.07096432126460007,-0.014755449118068475,-0.32579987701053176
118.36,0.0710811707060414,-0.005790108977859729,-0.36699546299183217
118.38,0.09206933926239906,0.003322015519329133,-0.3719305945752963
118.4,0.13959455770420692,0.012328618739663151,-0.34056545852980047
118.42,0.21571149716914254,0.021083974562172203,-0.2736360617467336
118.44,0.3097314266156546,0.029402414951787973,-0.1724604173811706
118.46000000000001,0.394891290538259,0.03676558368660745,-0.039668624646591884
118.48,0.4505484582657705,0.04225176329387881,0.11915997075480457
118.5,0.47861571672520054,0.044960493680725994,0.29462140142116944
118.52,0.48942719356098163,0.04440493989857835,0.4744708881715942
118.54,0.48993075838937256,0.04055091308822592,0.6454474970671662
118.56,0.4832937799966098,0.033715008573465224,0.7948911683267071
118.58,0.47088316705449257,0.024467606058218558,0.9119445438772109
118.60000000000001,0.45340437670120554,0.013552590504527786,0.9884041503571804
118.62,0.4313469647811505,0.001812568949342789,1.0192641340812425
118.64,0.40513974655303686,-0.009884083995068965,1.0029644924694119
118.66,0.3752063627467306,-0.02071228003975346,0.9413541105825785
118.68,0.3419904294296717,-0.029951385792945998,0.839391953451794
118.7,0.3059748723765439,-0.037034528393102846,0.7046260904358541
118.72,0.2677068665890814,-0.041582878738542106,0.5465046685935351
118.74000000000001,0.22783747389632236,-0.043422899747963796,0.3755833584873999
118.76,0.1871858867462175,-0.04258579221644011,0.20269936336311822
118.78,0.1468374428945327,-0.03928959770728269,0.03818268358544605
118.8,0.10827620332377384,-0.03390561871139132,-0.10882890713050736
118.82000000000001,0.07353081278044642,-0.026912111969623648,-0.2309138875022917
118.84,0.04528255896680569,-0.018839737860087184,-0.32268753272212947
118.86,0.026883776157503182,-0.010214724157777556,-0.3808975321238229
118.88,0.02231422095290432,-0.001505921327170907,-0.40429821148841155
118.9,0.0362181141199974,0.0069204621985752375,-0.3933277164555222
118.92,0.07400383474451752,0.014837533773201572,-0.34962091756015434
118.94,0.14082499115743186,0.022176330578181316,-0.2754041534321578
118.96000000000001,0.23559292016076835,0.028971218784555938,-0.17293044762785365
118.98,0.339079217217303,0.035115451785102975,-0.04447750610248213
119.0,0.4192215634604782,0.040022215986287794,0.10636206640185682
119.02,0.46345950459608815,0.042758834809639455,0.27279364131586636
119.04,0.48183307997084845,0.042621159804168245,0.44457648401647815
119.06,0.4857387245560288,0.039398994712311855,0.6096317992353427
119.08,0.4810311425437614,0.03329760675727696,0.7559169698337453
119.10000000000001,0.4701313700617405,0.024808517646527726,0.8728207629621435
119.12,0.45410306856674515,0.01461174553183172,0.9521033587253878
119.14,0.4335596056381354,0.0034968683401640954,0.9884889438759477
119.16,0.408986370570369,-0.007709048532219212,0.979958276777483
119.18,0.3808536538452086,-0.0182086117697964,0.9277623919690389
119.2,0.3496655414466543,-0.02729381930691509,0.8361814046464414
119.22,0.3159959188315029,-0.03439479437120963,0.712065245303384
119.24000000000001,0.28053274901837066,-0.03911439852624999,0.5642067944550327
119.26,0.24414441884306734,-0.04124653411733776,0.40260863955363957
119.28,0.20798064207892286,-0.04077707639686711,0.23771120477060426
119.3,0.1736169827412435,-0.03786755929566603,0.07965188798541338
119.32000000000001,0.14323976315303708,-0.03282299012596803,-0.06237812108707615
119.34,0.11984380488449069,-0.026046600821042595,-0.18062095278179896
119.36,0.10738659465710226,-0.01798601358413819,-0.2690392162729019
119.38,0.11080912508063911,-0.009077088271755209,-0.32338077761717854
119.4,0.135674475653421,0.0003056026799420702,-0.3410283889721702
119.42,0.18647944289063847,0.009873429097689287,-0.3206916856484696
119.44,0.2615430793967154,0.01937788978350184,-0.2621199127215001
119.46000000000001,0.34574266301480516,0.028433538845897017,-0.16624959681518517
119.48,0.41549470060037513,0.03631006522161396,-0.036211082717694645
119.5,0.4592625848023881,0.04204153338591461,0.12136185230294984
119.52,0.4815866520688772,0.04483071077645576,0.296178432053326
119.54,0.4902645681234271,0.04429004343626157,0.4755496351001251
119.56,0.4900612147986917,0.04043400928310075,0.6460641378989754
119.58,0.48319395181355024,0.033597084664561974,0.79503649220274
119.60000000000001,0.4707055489619303,0.024355135763079426,0.9116266000116979
119.62,0.45320150820880795,0.013453049638984613,0.9876597493371301
119.64,0.43114194975373527,0.0017326907771560611,1.0181588742181573
119.66,0.40494771436513827,-0.009939107451034823,1.0015880055047317
119.68,0.37504145573209574,-0.0207391883141297,0.9398130160294061
119.7,0.3418688498850057,-0.02994898149863577,0.8378017929648411
119.72,0.30591727956498266,-0.03700359250806543,0.7031031762522851
119.74000000000001,0.2677414173824606,-0.04152588670363393,0.5451586736097245
119.76,0.22800436097801607,-0.04334355040049333,0.3745114199432763
119.78,0.18754421140752392,-0.04248835928679047,0.2019824284193324
119.8,0.14747521104700353,-0.03917811076135234,0.03788479198549877
119.82000000000001,0.10932386483346622,-0.033782880928925944,-0.10865773439628629
119.84,0.07517813876074998,-0.026778572385878642,-0.2302305308567401
119.86,0.04779888016173177,-0.01869225069892684,-0.3214439080587173
119.88,0.030644749558224417,-0.010045209520853754,-0.3790235715626117
119.9,0.02784284878268377,-0.0012998381790552127,-0.4016791659014691
119.92,0.04423545248628263,0.007185988197469478,-0.38977468083483796
119.94,0.08539212925802872,0.015195278042988387,-0.3448338798068878
119.96000000000001,0.15609788154109214,0.022665205976040347,-0.2689363087615996
119.98,0.25321196263930473,0.029611332400514622,-0.1642027437503319
120.0,0.35436225983062314,0.03585200680208186,-0.03296024312073592
120.02,0.42866088876409375,0.04070667595277906,0.12077937068456572
120.04,0.46806284600180353,0.043232789725821216,0.28957187861995315
120.06,0.4838098865424104,0.04278868573119704,0.4626579329385621
120.08,0.48635431176102284,0.039227378512637155,0.6277075666656815
120.10000000000001,0.48078953352668635,0.032798325096685614,0.7726413661334715
120.12,0.4692117509344447,0.024023778763318977,0.8869589307662447
120.14,0.452571287407122,0.013605628648972936,0.9626356099824143
120.16,0.43144421639928376,0.0023478461597735683,0.9946831315109746
120.18,0.4063028809001755,-0.008915407551117242,0.9814127627365922
120.2,0.3776113225289637,-0.019386816999769546,0.9244199953227674
120.22,0.34586820902569093,-0.0283651644507842,0.8283154511997266
120.24000000000001,0.31164037826325836,-0.03529317901655025,0.7002404259655313
120.26,0.2756056255776445,-0.03979090006359344,0.549219130879801
120.28,0.23861774456067703,-0.04167247243824582,0.3854101115624533
120.3,0.2018060513008157,-0.04094544379573391,0.21932536876760306
120.32000000000001,0.1667182396858075,-0.037792824662866084,0.061087052933765845
120.34,0.13550288624942858,-0.03253942109726391,-0.08021190067325049
120.36,0.11110380914822734,-0.025605372323281608,-0.1969856375508618
120.38,0.0974134969910133,-0.01745144627989462,-0.2834291237952877
120.4,0.09931621356417963,-0.00852220403176333,-0.3355665315661912
120.42,0.12243797049653522,0.0008049641614900089,-0.351080779737323
120.44,0.1717822271535536,0.010249429743604242,-0.32897398396014405
120.46000000000001,0.2470305762064579,0.019593326241977658,-0.26921552522945247
120.48,0.33441541568715655,0.0285127578723084,-0.17277613505673795
120.5,0.4090436371625155,0.03633717044199506,-0.04255769939646062
120.52,0.4565346569331302,0.04210355959863978,0.11517030711951337
120.54,0.4807400588364185,0.04497413201918989,0.2903895776051466
120.56,0.4902233681684256,0.044523774624450355,0.4705165495772
120.58,0.4903841664627275,0.04074555989169114,0.6421280200290758
120.60000000000001,0.4837176831146249,0.03396326564681183,0.7924646548394008
120.62,0.4713628479060257,0.024747776265917096,0.9105822172952824
120.64,0.45395486453083816,0.013842544338037787,0.988189444130012
120.66,0.4319617476866322,0.0020906888761219296,1.0201925506732383
120.68,0.4058047358732339,-0.009637513742495041,1.0049483985596497
120.7,0.37590334836709993,-0.020513759869870436,0.9442330427684372
120.72,0.3426971118239813,-0.029813180325242754,0.8429476402237787
120.74000000000001,0.30666327524804077,-0.0369640459835493,0.7086007810617813
120.76,0.2683402662130072,-0.041582505177764746,0.550621047323586
120.78,0.22836532786779953,-0.04349030678508318,0.37956417670870624
120.8,0.18753591890569016,-0.04271471729965328,0.206284890673987
120.82000000000001,0.14690403249671546,-0.0394710721857999,0.041144132298996855
120.84,0.10790479021377565,-0.03412960043292918,-0.10668169837516496
120.86,0.07249915087766416,-0.02716944443009524,-0.22973198691196514
120.88,0.04327994788555864,-0.019124314661060248,-0.3225907418904889
120.9,0.02348577786423477,-0.010525733214346241,-0.38199106131880106
120.92,0.01694279048885072,-0.001850165523285338,-0.4066984493944474
120.94,0.02808278249967199,0.006525985976242001,-0.39719773553785537
120.96000000000001,0.06210107285979319,0.01436314335395529,-0.35521654663937885
120.98,0.12437915951120433,0.021581540979171674,-0.28312409217623896
121.0,0.21575465310198322,0.028226927134573514,-0.18332612560831843
121.02,0.3207664641495002,0.03426450338522168,-0.0580974024031582
121.04,0.40725915251932093,0.03921910815067582,0.08936930031801182
121.06,0.45746412724270735,0.042189496412786326,0.2530017267458878
121.08,0.47923796881830666,0.0424065998247057,0.4231903506927834
121.10000000000001,0.4848965872953828,0.03958376460019843,0.5881816796461159
121.12,0.48125719275894735,0.0338714204661643,0.7359945431402276
121.14,0.4711777674552922,0.02572330603165079,0.8558965901655881
121.16,0.45587782252791675,0.015792764579364467,0.9393991852119282
121.18,0.436021994493909,0.004851763638946754,0.9808893975615222
121.2,0.41211282173671077,-0.006281536842771879,0.9779578712687005
121.22,0.3846275808870811,-0.016810122070311937,0.9314470640147345
121.24000000000001,0.35407513908541155,-0.026018390017135764,0.8452432213841076
121.26,0.3210348460079263,-0.03332192482182835,0.7258471082308273
121.28,0.28620208990051305,-0.03830359032247359,0.5817720686790305
121.3,0.25045531539742716,-0.04073363459787817,0.4228290968549371
121.32000000000001,0.21495725886323636,-0.04057259737323356,0.2593656739201191
121.34,0.18129967797068394,-0.03795698684301459,0.10152762692250666
121.36,0.15168885269012256,-0.033168944477825334,-0.04138906504516289
121.38,0.12914452717921257,-0.026592558532748337,-0.16143726426923619
121.4,0.11765162513549669,-0.018661215142660198,-0.2523232170314577
121.42,0.12215377227505994,-0.00980241809489818,-0.3094928931065742
121.44,0.14808102429237527,-0.00038993898993866126,-0.3300079633688115
121.46000000000001,0.19939523106098156,0.009276225522013924,-0.31227578984348914
121.48,0.27330503928903044,0.018915336218974163,-0.2558275303491127
121.5,0.35405385599401906,0.02808868030749708,-0.1615572219968911
121.52,0.41966211418997573,0.03602552621539661,-0.03275668980575357
121.54,0.46066398505815875,0.04176750558463564,0.12371037266408828
121.56,0.48174350388783005,0.04455019039158968,0.29741854078937
121.58,0.4899779677943997,0.044009912955845845,0.475663837904175
121.60000000000001,0.48964466291613556,0.0401708774246969,0.6450856925587368
121.62,0.4827624786794889,0.03336912112910874,0.7930700235854686
121.64,0.4703086982697769,0.024178249014883933,0.9088457344169754
121.66,0.45286979151823153,0.013339053265986072,0.984293975859215
121.68,0.43090191015580703,0.0016884231947274443,1.0144751669410053
121.7,0.40482753237767377,-0.009912050547247253,0.9978702083199207
121.72,0.37507437016385375,-0.020644220938198583,0.9363411817145928
121.74000000000001,0.3420969242416289,-0.029793853425906583,0.8348333543828155
121.76,0.30639685199620376,-0.0367993305461387,0.7008576022559461
121.78,0.26855155137739073,-0.04128540934885928,0.5438070320762728
121.8,0.22925999999478458,-0.04308000719157264,0.3741720474361062
121.82000000000001,0.18941616732412375,-0.04221322730548424,0.20272373477399255
121.84,0.15021914702399472,-0.03889905519605115,0.039736149079603454
121.86,0.11331960248519411,-0.03350136929482659,-0.10568605745784007
121.88,0.08097936299796514,-0.026487238948764057,-0.22611738735863873
121.9,0.05619465535855616,-0.018372020762605627,-0.3161162704912987
121.92,0.042742151628924044,-0.009662117428835793,-0.37230346664934455
121.94,0.04518332827899101,-0.0008012513646894276,-0.39321682124437524
121.96000000000001,0.06888464510572911,0.00787573742617248,-0.3789651191030064
121.98,0.11957045658786279,0.016175784350212996,-0.33072001333675655
122.0,0.19996422530541355,0.024036954694565894,-0.2501447271864534
122.02,0.2999264143880752,0.03138191714633841,-0.13909665726733594
122.04,0.3908457964381024,0.03779079028176817,-0.0003124372993460814
122.06,0.4493822080093005,0.04238172417252348,0.16080560160294086
122.08,0.4777368666027812,0.04426266799849029,0.3351060667948347
122.10000000000001,0.48775814347169916,0.042972135554517975,0.5106569638373906
122.12,0.487230640134659,0.03851616158071252,0.6746472689447774
122.14,0.47960404601988066,0.03124910848471088,0.815027536263838
122.16,0.46632509170730524,0.021766935176171506,0.9216796648323498
122.18,0.4481237803328951,0.010823399547642209,0.9872108784644539
122.2,0.42550370518168185,-0.0007451609310849504,1.0074330337259263
122.22,0.39891055007809373,-0.012091454804454194,0.9815484613740303
122.24000000000001,0.36879350126771226,-0.02242372565436479,0.9120585251821056
122.26,0.3356360727823991,-0.031063446985013808,0.8044225129938162
122.28,0.29998390987584617,-0.03749053563277576,0.6665095863329464
122.3,0.26248319629268724,-0.04137319903731535,0.5078998230126944
122.32000000000001,0.223940950622514,-0.04258064742503133,0.33909975035227713
122.34,0.18541859320501827,-0.04117810373467525,0.17074244591462684
122.36,0.14836659671993344,-0.037404746891800816,0.012842145068890046
122.38,0.11479441987317532,-0.031636468587348435,-0.12583170330022
122.4,0.08744495037328369,-0.02433673635490248,-0.23820626437795317
122.42,0.06992407771236367,-0.016000405474288396,-0.3191446398850378
122.44,0.06675671481396914,-0.007096426041823449,-0.3654561824984155
122.46000000000001,0.08335409517047465,0.0019845957244702134,-0.37568539742812995
122.48,0.12552339040344954,0.010970121957198422,-0.3497126040652493
122.5,0.196673103176921,0.019707002080973292,-0.2882574749421227
122.52,0.2895522399645699,0.028049263500564026,-0.19257034589168717
122.54,0.3794765331887179,0.03557647038156273,-0.06492671596070618
122.56,0.44189255749890666,0.04143002783451832,0.08981428936886623
122.58,0.47471020208410986,0.044662992136221866,0.26300039655876156
122.60000000000001,0.4881813768803048,0.04469533950762858,0.4428291249808495
122.62,0.4902875058528536,0.04141384981243199,0.6161281892726609
122.64,0.48481846773255277,0.03507819258170383,0.7700557930433872
122.66,0.47338845066782637,0.02621852977154279,0.8933800934781765
122.68,0.45678693189203046,0.015552378400865348,0.9773904136845513
122.7,0.435529767436941,0.003909127254984334,1.0164946244961761
122.72,0.41005272634978635,-0.00784329994966587,1.0085192979711917
122.74000000000001,0.3807795061153905,-0.01886840059025396,0.9547222410322805
122.76,0.3481505655073635,-0.02842389048015368,0.8595381328214755
122.78,0.3126430135599057,-0.03591330260958916,0.7300941054796287
122.8,0.27479452459216097,-0.04092305568820757,0.5755470498831861
122.82000000000001,0.2352405963170995,-0.04324276474995526,0.4063056236688203
122.84,0.1947750207659439,-0.042867801215776796,0.23320639494576467
122.86,0.15444326825006677,-0.03998434184870561,0.06671504844729931
122.88,0.11567181206553094,-0.03493834704314027,-0.08377978041855877
122.9,0.08041677924101588,-0.02819117962611118,-0.21052072943340355
122.92,0.05128560318006532,-0.020266065676508682,-0.30773842092483594
122.94,0.03157679000594529,-0.011691128476229648,-0.37178505400388634
122.96000000000001,0.025247779997669428,-0.002945246483111099,-0.4010438428594221
122.98,0.03693568868232086,0.005588930150181803,-0.39563534282694346
123.0,0.07204521036460049,0.01366337053881592,-0.35695259590526307
123.02,0.13588797049538925,0.021186277098042904,-0.2870697149978254
123.04,0.228275487980354,0.028177445137267942,-0.18816764697354035
123.06,0.33176928670561096,0.03454307071502039,-0.06246116473643082
123.08,0.41440480323607265,0.039730232312248204,0.08662633983375134
123.10000000000001,0.4613047005587212,0.042807612390948616,0.2525567729526356
123.12,0.4813913303224502,0.043030378372761025,0.4252572182696944
123.14,0.4863303113624694,0.0401428150353765,0.592633625616996
123.16,0.48233632071104426,0.03431646166536831,0.7424683352483695
123.18,0.47199920716043875,0.026020620394267523,0.8638639595918476
123.2,0.45644195173881363,0.015922683397637336,0.9482252786709817
123.22,0.43629469162047235,0.004808257832997572,0.9898881096223767
123.24000000000001,0.4120438577664171,-0.006491594482739164,0.9864451493360197
123.26,0.3841533867333459,-0.01716847214071578,0.9387897650262123
123.28,0.3531150522160077,-0.026497714403759295,0.8509002580448435
123.3,0.3194829263389048,-0.03388886164810763,0.7293998540754072
123.32000000000001,0.28391402210749106,-0.03892225276245582,0.5829416310476558
123.34,0.24722884499178482,-0.04136944278939603,0.4214788270482709
123.36,0.2105043303854512,-0.041196253044611525,0.2554880124666681
123.38000000000001,0.1752092058231938,-0.038548448745344265,0.09521500507526895
123.4,0.14338144224746138,-0.03372127095608161,-0.04998900776733258
123.42,0.11782515914871838,-0.027115434750734555,-0.17218128049517092
123.44,0.10227721906678792,-0.019183813199113227,-0.26514499620524296
123.46000000000001,0.10147292477651712,-0.010374677075045661,-0.3244843827650966
123.48,0.12095063867907051,-0.001079250581576435,-0.3474983281439079
123.5,0.16591403729597223,0.008402415477046926,-0.33287386746046155
123.52,0.2371641175240395,0.017840316542645777,-0.2803348872906638
123.54,0.32323010340334357,0.026929049172845644,-0.19060154560229195
123.56,0.40014151718396385,0.03504692391642281,-0.06617971722209397
123.58,0.4511654542740119,0.04125127499510117,0.08721884661544069
123.60000000000001,0.47810562699322595,0.04466327358256985,0.26008822004477744
123.62,0.48938958603334626,0.044791456163115,0.44012731050948734
123.64,0.49083437431557053,0.041568180735683274,0.6139360856725634
123.66,0.4852099159460943,0.035268685904416834,0.7685596734262995
123.68,0.4737720471520727,0.026427203981804707,0.8926880639787195
123.7,0.4571981792997797,0.01576239242284738,0.9775412243986191
123.72,0.4359700145270518,0.004104759708977379,1.0174617083572806
123.74000000000001,0.41051203534601816,-0.007675890106518505,1.0102166759774778
123.76,0.3812427946798156,-0.018740353567894157,0.9570137217706832
123.78,0.3485985059143453,-0.028343020655925436,0.8622494530537115
123.8,0.3130508131867075,-0.03588377048546439,0.7330269979094717
123.82000000000001,0.27512914304765257,-0.04094537899439122,0.5784939529729327
123.84,0.23545604547440419,-0.04331418176464545,0.40906364366431097
123.86,0.1948049774700856,-0.04298298281015527,0.23558911407978092
123.88000000000001,0.15419012159914297,-0.040136438532979844,0.06856080890000249
123.9,0.11499164375464235,-0.035120346413281,-0.08260441237245769
123.92,0.07910067248436203,-0.028397528420331546,-0.2101234786600285
123.94,0.04903803861229057,-0.020494478926064076,-0.30821071150010726
123.96000000000001,0.027989049716546165,-0.011944503676063945,-0.3732188832702322
123.98,0.01975771742587075,-0.00323369967260897,-0.40355651983171975
124.0,0.028769454475409177,0.005245729651578233,-0.39940290516061755
124.02,0.060208292468628306,0.013233845100589803,-0.3622529731916508
124.04,0.11955430532599995,0.020628386246050772,-0.2943302597969058
124.06,0.20837552199681572,0.027458750894740497,-0.19797715865628776
124.08,0.31298082082340667,0.03369893326699766,-0.07542714267861203
124.10000000000001,0.4018194749521829,0.03890940525749021,0.07026605147015813
124.12,0.45489296504493226,0.04219991876724949,0.23328259524328288
124.14,0.47857115938282974,0.042765184495558016,0.4042081216705343
124.16,0.48534762026514816,0.04027187114780077,0.5713057603013216
124.18,0.4824483246166409,0.03483505178235739,0.7224446325986048
124.2,0.4729369273477699,0.02688518225277014,0.8466262546754453
124.22,0.4581072521242664,0.0170621063662871,0.9350228649717386
124.24000000000001,0.43864585665984046,0.006132893292647534,0.9816458750086916
124.26,0.4150581156594858,-0.005081325151478345,0.9837066689348525
124.28,0.3878157781926872,-0.015773600602811067,0.9416946176955576
124.3,0.3574160956893714,-0.02521272033278842,0.8591944614393742
124.32000000000001,0.32441956307866343,-0.03279462596769466,0.7424765655759784
124.34,0.28949218519032505,-0.03808041636571313,0.5999073575488181
124.36,0.25346716308724265,-0.040818502956056574,0.4412388118381726
124.38000000000001,0.2174388204168806,-0.04094958263047436,0.2768434264818076
124.4,0.18289902896527613,-0.03859426528198114,0.11696414412644397
124.42,0.15191628365622337,-0.03402442508559517,-0.028953110184528168
124.44,0.1273352852448216,-0.027620737373237305,-0.1527835879958463
124.46000000000001,0.11294455255629934,-0.019820512604006333,-0.2480569482554452
124.48,0.11352404160822449,-0.011061792345327379,-0.31007202708415804
124.5,0.1345549111449389,-0.0017322580253483011,-0.33579405594083145
124.52,0.18079944073241716,0.007860657252356282,-0.32358179505887064
124.54,0.25183892424101767,0.01745828558763838,-0.27289850995573
124.56,0.33484441014204686,0.02669660565323373,-0.18437880819899383
124.58,0.4068512497339198,0.03489242012723024,-0.06070122877818031
124.60000000000001,0.4539641787189448,0.04109360109487393,0.09209507745365633
124.62,0.4789043099385999,0.04445840076993751,0.26424690369913245
124.64,0.489368302787161,0.04453211370991122,0.44335570730262674
124.66,0.49048652983085606,0.041267155793347055,0.6160375774384739
124.68,0.48471726906894363,0.034947290532028906,0.7694085301522381
124.7,0.47320738870860746,0.02610939742146877,0.8922504750752458
124.72,0.4566007064973782,0.015471542645325525,0.9758788788442577
124.74000000000001,0.43537007639045217,0.0038615072954607797,1.014724909206176
124.76,0.4099395880039668,-0.007855150807486198,1.0066302146507522
124.78,0.3807313883643682,-0.018844471414874466,0.9528577261180128
124.8,0.34818872591961947,-0.02836655637068361,0.8578372980291991
124.82000000000001,0.31279484382316924,-0.03582692281322902,0.7286824241270531
124.84,0.27509774521545044,-0.04081336995112628,0.5745295658802787
124.86,0.2357494922027674,-0.04311611740261923,0.4057629277636211
124.88000000000001,0.19556989688146906,-0.04273021169479282,0.2331940159796215
124.9,0.1556443085966516,-0.03984042803968058,0.0672668570297343
124.92,0.11745815344908268,-0.034790098808234624,-0.08264356329306172
124.94,0.08305086952738541,-0.02803658305813641,-0.20878031702593525
124.96000000000001,0.05514307016014215,-0.02009759065550162,-0.3053554642152376
124.98,0.03718570104644576,-0.011494069212917582,-0.3686773182127636
125.0,0.033346704669469304,-0.0026957823062265167,-0.39705276026493524
125.02,0.048543540791755456,0.005926156483488812,-0.3904848663226709
125.04,0.08841106653655917,0.014137257866063435,-0.3501983847714275
125.06,0.15776904653941348,0.0218540143274029,-0.2780505583767952
125.08,0.25360903597870144,0.029070211831284172,-0.17602599918672335
125.10000000000001,0.3539901769416289,0.03558726626360057,-0.046395545215521194
125.12,0.42829987081923476,0.04071634126276685,0.10683561867372054
125.14,0.46812788138536543,0.043505985671300484,0.27619979666828737
125.16,0.48434049672221324,0.04329866485069005,0.4508641310941257
125.18,0.48728644124969467,0.03993003313458756,0.6183563280948399
125.2,0.48205601921752217,0.033635789622333746,0.7663914049375029
125.22,0.4707519860497407,0.024929752477635785,0.884218752903916
125.24000000000001,0.4543265778711056,0.01451104807178168,0.963541108078144
125.26,0.433353746748491,0.003186368565637254,0.9990976324313194
125.28,0.40830034171818846,-0.008202504071221,0.9889479662232807
125.3,0.3796210025208199,-0.018846662236879187,0.9344747604005404
125.32000000000001,0.34779948544925376,-0.028030529581146452,0.840128136380559
125.34,0.31337935888030066,-0.03518110438341644,0.7129495548669356
125.36,0.27700223925261025,-0.039902816724178454,0.5619265778807925
125.38000000000001,0.23946604311904454,-0.04199583425878269,0.3972407732406117
125.4,0.20181526202453384,-0.04145681562770203,0.2294773656787709
125.42,0.1654729161597374,-0.03846230467645593,0.06886685739985711
125.44,0.13241310011161164,-0.033336188802414915,-0.07537436568183623
125.46000000000001,0.10535046738422563,-0.026504021307868393,-0.19554580256566134
125.48,0.08789905002850089,-0.018438574118347845,-0.28576263579982547
125.5,0.08464998877559801,-0.00960240988874558,-0.34202967354137187
125.52,0.10108770273066903,-0.00039424851139789044,-0.36209069674130273
125.54,0.14286674906009622,0.008890434944815036,-0.34508661417292985
125.56,0.21258976166142565,0.01805488056925482,-0.2911276347503409
125.58,0.3017414593271247,0.026880150557638243,-0.20108652335334182
125.60000000000001,0.38622354772993445,0.034861486478923,-0.07719070656431004
125.62,0.44445952049737814,0.04110199602851388,0.07548586417667222
125.64,0.4755194658489777,0.044669344516653234,0.248042356571723
125.66,0.48867624947258387,0.044999092283603576,0.42850317012699113
125.68,0.4909963618010971,0.04197512607065908,0.6035473777572826
125.7,0.48587683541401594,0.035845164257792966,0.7601509125814231
125.72,0.47480367367078047,0.027127478908409906,0.8868499004907203
125.74000000000001,0.4585284120166045,0.016531849861747685,0.9746616015969622
125.76,0.43755481294289017,0.00488544979911152,1.0177017202595064
125.78,0.41231258636389184,-0.00694035897499675,1.0135071927381378
125.8,0.3832193810356204,-0.01810051219543371,0.9630704504318163
125.82000000000001,0.3507071515949006,-0.02784001215772266,0.8706037293787061
125.84,0.31523994064829514,-0.03554680585967389,0.7430687836459924
125.86,0.2773348110517095,-0.04079033174190188,0.5895227735318689
125.88000000000001,0.23759445237279161,-0.04334340699913255,0.4203427145314663
125.9,0.19676070610465352,-0.04318637433055522,0.24639770796784946
125.92,0.15579863238446826,-0.04049367097915734,0.0782399961337524
125.94,0.11601548036846601,-0.035604182579896525,-0.07461717490198255
125.96000000000001,0.07920114285827512,-0.028977985934919306,-0.20427479277347635
125.98,0.047746166588565495,-0.021143538016743874,-0.30482955699115893
126.0,0.024675986726564687,-0.012640960820442727,-0.3725341892915981
126.02,0.013591339536015731,-0.003967897230750332,-0.40573393783785294
126.04,0.018636833092477146,0.004467173478955465,-0.4046003929341596
126.06,0.04465452335918241,0.012383256879570325,-0.3706956037386417
126.08,0.09712504299909576,0.01965576671181889,-0.3063997644368194
126.10000000000001,0.1795006248391972,0.026311593490496242,-0.21427409057887667
126.12,0.28345986152148867,0.03239739163986587,-0.09665255676572206
126.14,0.3803445435732057,0.03763848625014149,0.04380662415237787
126.16,0.443418848362208,0.04124480228338076,0.20227937867302567
126.18,0.4734736001814982,0.04234267090147647,0.37039866876299765
126.2,0.4835515664206071,0.04047526515688467,0.5370451549415013
126.22,0.4825475897057056,0.03566194032794673,0.690257757942343
126.24000000000001,0.47440467087974936,0.028267771149512885,0.8188895263469194
126.26,0.4607467994564278,0.018887030254053257,0.9137448915554944
126.28,0.4423703935023792,0.008256366991305402,0.9683162019275742
126.3,0.4198161916526765,-0.0028194512171368195,0.9792023409885692
126.32000000000001,0.3935678743454311,-0.013536151946480352,0.9462422588841543
126.34,0.36412785913438245,-0.02315232223436792,0.872385715927599
126.36,0.33206045633833176,-0.03104239695814743,0.763332163327648
126.38000000000001,0.29803577083635713,-0.03673695607117208,0.6269820356158654
126.4,0.2628913958042287,-0.03994772917406476,0.4727567351256839
126.42,0.22772524695137336,-0.04057574681347474,0.31085197275443077
126.44,0.19403013888010576,-0.03870223020887092,0.15149308905836303
126.46000000000001,0.16387120594832805,-0.03456303852721103,0.004260192210752765
126.48,0.14008527376864016,-0.0285088884990147,-0.12245503807498215
126.5,0.12644687271365218,-0.02095525945233785,-0.22181117061462208
126.52,0.12769336209667562,-0.012327998184973236,-0.2886674423977224
126.54,0.1491389562300584,-0.003013945766948824,-0.31952263773226036
126.56,0.19503536942699815,0.0066651480331961985,-0.31229418181107665
126.58,0.2640133359131291,0.0164147318544794,-0.26610240992538775
126.60000000000001,0.3428480543775276,0.02581595295401168,-0.18142559900988128
126.62,0.41030045252419867,0.034145193157136704,-0.06099222193844001
126.64,0.45456707872411656,0.040457018838997556,0.08903908077870512
126.66,0.47841404715409896,0.04393887020576907,0.2588726145623298
126.68,0.48867589493618974,0.0441521159066809,0.4361742415630927
126.7,0.4899219975852496,0.041048187313027534,0.6076523347372752
126.72,0.4843918022325899,0.03490108239525349,0.7604910699136411
126.74000000000001,0.4731641853670426,0.026235037177013424,0.8834943426141274
126.76,0.4568649349990607,0.01575551175935249,0.9679484394046726
126.78,0.4359641485894565,0.00427925216663789,1.0082076780043174
126.8,0.4108887563907263,-0.007336702836588766,1.0019974972368149
126.82000000000001,0.3820675320713694,-0.018263793456265356,0.9504366268960184
126.84,0.3499549595380841,-0.02776408055237797,0.8577959375696026
126.86,0.3150523852775051,-0.03524152933131598,0.7310291408525308
126.88000000000001,0.2779365518712315,-0.04027902392955312,0.5791259302090012
126.9,0.2393046902622332,-0.04265881364269905,0.412349634520413
126.92,0.20004663265496936,-0.04236530961684143,0.24142823024737983
126.94,0.16135393838604323,-0.039570369947048135,0.07676943645740847
126.96000000000001,0.12486823991352539,-0.03460242211451393,-0.07223234833029323
126.98,0.09285070102051997,-0.027902079932745946,-0.19773746258246788
127.0,0.06832813507746181,-0.0199684227963763,-0.29380453637583165
127.02,0.05517136656227347,-0.01130153250311563,-0.3565096494614063
127.04,0.05811599889597306,-0.002347254342513696,-0.3838382220647621
127.06,0.08272022486062425,0.006550779734266309,-0.37536885822568694
127.08,0.13463911136892603,0.015183228006052346,-0.33179194101809434
127.10000000000001,0.21561921337946066,0.023455227920520957,-0.2543826960753111
127.12,0.31351222411758956,0.031221688835708403,-0.1448065541769409
127.14,0.3996062831049813,0.03797085316841595,-0.005942968890308119
127.16,0.45380223694526384,0.0427755157474076,0.15636392190458978
127.18,0.47993851478730587,0.04476486289238051,0.33248525858168626
127.2,0.48912688822587425,0.04351028346262573,0.5101370082140081
127.22,0.4883130196869044,0.03903688917722355,0.6762608441871854
127.24000000000001,0.4805585300127841,0.031709527435310476,0.8186162802174753
127.26,0.4671724536441923,0.022132672192497076,0.9269307240394784
127.28,0.4488389616095792,0.011069176906953526,0.9936917714176495
127.3,0.4260438640792808,-0.000634632116605935,1.0146299093222249
127.32000000000001,0.3992212984751122,-0.012121110534374322,0.9889070222548167
127.34,0.3688071815949237,-0.022588572836666734,0.9190248680981825
127.36,0.3352656082742445,-0.03134980889517601,0.8104806218444892
127.38000000000001,0.2991120932186508,-0.03787806054073196,0.6712122891495204
127.4,0.26094559985502425,-0.04183753827368015,0.5108903424804735
127.42,0.22149951279650532,-0.043096709279097103,0.340121362230693
127.44,0.18172227301220814,-0.041723814713124696,0.16963409009020444
127.46000000000001,0.14289588708350995,-0.03796528458066677,0.009518040598740236
127.48,0.10678843995575685,-0.03220894123696933,-0.13142027904433198
127.5,0.07581169552753303,-0.02493525447885499,-0.24612872461674196
127.52,0.05313170897141437,-0.01666146846598853,-0.32956977371926294
127.54,0.04270210390505981,-0.007884609031585133,-0.3787529839989996
127.56,0.04927228404755292,0.0009710427069835039,-0.39254685654365745
127.58,0.07838134088214566,0.009598222231544044,-0.3712959368754364
127.60000000000001,0.13556450346020119,0.01783427744649942,-0.3162885046039181
127.62,0.22174026509531786,0.02563054463410694,-0.22920598237600873
127.64,0.3223782919475872,0.0328607526872844,-0.11197878474243318
127.66,0.40706930818207676,0.03898890561013075,0.03223261756045996
127.68,0.4579297779723286,0.04307698302239286,0.19720525585125226
127.7,0.4812523031672572,0.04430486545803687,0.37301171005632383
127.72,0.4884808492745981,0.042320974502023295,0.5473418130074797
127.74000000000001,0.4862141382839748,0.037218168259977404,0.707406825212514
127.76,0.4772762312899222,0.029411569200617743,0.8414723249575565
127.78,0.46287898281085954,0.01953844765168303,0.9399377610421366
127.8,0.44367549717402643,0.00837736453462921,0.9960596632005614
127.82000000000001,0.4201469817043027,-0.003226168486279069,1.0063669464106593
127.84,0.392735401285107,-0.014430517531881081,0.9707856730400948
127.86,0.36189384345467107,-0.024462925507901037,0.8924909870727896
127.88000000000001,0.3281147824235192,-0.03267488573192622,0.7775170144700184
127.9,0.2919587700399468,-0.038584323498765165,0.6341705910853206
127.92,0.25409599966508567,-0.04190192262033291,0.4723072710382868
127.94,0.21537197086866228,-0.042540084388760606,0.30253646093613906
127.96000000000001,0.17690836434482524,-0.04060421320186934,0.13542616339987726
127.98,0.14024513236737224,-0.0363672271012429,-0.019223369098325824
128.0,0.10751357394342433,-0.03022945873745819,-0.15297385297776678
128.02,0.0816041019490546,-0.022667567173973533,-0.25915934752522046
128.04,0.06627959311502539,-0.0141776072788392,-0.3330786574973814
128.06,0.06621629717362297,-0.005218283583869032,-0.3719583670796097
128.08,0.0869471883910299,0.0038397858582886807,-0.37469896652112633
128.1,0.1341927662251992,0.012749895875115977,-0.3414430503366797
128.12,0.21034539847517242,0.021378380433901133,-0.27307526638878277
128.14000000000001,0.305302210490209,0.029562926980582972,-0.17099254363478758
128.16,0.39219625845602224,0.03681435954532751,-0.03779331400866738
128.18,0.44931027890696024,0.042223669668301565,0.12106561502286788
128.2,0.47808484408594426,0.04488267521074598,0.29630813806681683
128.22,0.4891327680322592,0.04429464635849129,0.47577669547108636
128.24,0.48968905566200455,0.04042092067359592,0.6462687848016027
128.26,0.48305041217078515,0.03357682130199938,0.795172350878119
128.28,0.47062838327724277,0.02433218779275564,0.9116749692460573
128.3,0.4531425829694382,0.013430058812691714,0.9876155036020277
128.32,0.43108744992550163,0.0017116251340591046,1.0180259316597347
128.34,0.4048943581523747,-0.009956682753930891,1.0013773213185966
128.36,0.3749894834295711,-0.020752087915668713,0.9395410529619919
128.38,0.3418199979333991,-0.029956426150962497,0.8374889517005601
128.4,0.3058743208483662,-0.03700522374735363,0.7027721332159211
128.42000000000002,0.2677083046848659,-0.04152175048667565,0.5448327187929417
128.44,0.22798674395643626,-0.043334043888560166,0.3742129330447399
128.46,0.18755033030802476,-0.04247413988107363,0.2017316434821924
128.48,0.1475172330088777,-0.03915996860536843,0.037698999618313786
128.5,0.10941969228752248,-0.033761577789271455,-0.10876440622765855
128.52,0.07535362493247183,-0.02675465259417821,-0.23024663317708885
128.54,0.048090401491888174,-0.018665833201884606,-0.3213593898699572
128.56,0.031102502603670316,-0.010015768742510672,-0.3788276434825929
128.58,0.028535828775496725,-0.0012659682663126665,-0.40135725900762736
128.6,0.04525720053872631,0.007226838268955533,-0.3893044032980513
128.62,0.08685312180714508,0.015246992262278438,-0.3441799782212583
128.64000000000001,0.15804890701780824,0.022732394475105038,-0.26804603094610496
128.66,0.2554217745701808,0.02969583080029671,-0.16300851282915776
128.68,0.35622235492889165,0.03594571676901457,-0.03140464116762252
128.7,0.4297783407495573,0.040790318295871285,0.12269693516308314
128.72,0.4685979234047258,0.04328709034127092,0.2917705378264993
128.74,0.4840331949078733,0.04280260833288209,0.46499525812764164
128.76,0.48641367042513595,0.03919770192057743,0.6300134273310243
128.78,0.4807430574160492,0.03272725047952592,0.7747442835699854
128.8,0.4690803082486653,0.02391728297700744,0.8887042111640011
128.82,0.4523628920900513,0.013472348825913326,0.9638981195697355
128.84,0.4311626761769855,0.002198116262834505,0.9953759938700438
128.86,0.40595054172919753,-0.00907049834205731,0.9814922597692901
128.88,0.3771898389808936,-0.019536341744669464,0.9238867385369114
128.9,0.3453786417300314,-0.028499205296688278,0.8272120064574885
128.92000000000002,0.3110830157761791,-0.03540355029582963,0.6986457814373461
128.94,0.2749796427162848,-0.0398717026385959,0.5472405972694523
128.96,0.23792072069294137,-0.041720448675703105,0.3831733962338617
128.98,0.2010333383336279,-0.040960119556555194,0.2169636543559521
129.0,0.16586212926200122,-0.03777644244042923,0.05872993003438605
129.02,0.13455143785778095,-0.03249668608114686,-0.08244884905387648
129.04,0.11003910922284385,-0.02554305012496793,-0.19900992361206743
129.06,0.09620945340168159,-0.017377862984809443,-0.28517862078639056
129.08,0.09793824996406178,-0.008446685129971722,-0.33701461416719697
129.1,0.1208546464765581,0.0008727845791816858,-0.35223901970158544
129.12,0.17001452160202823,0.010300822543621684,-0.32989125374871797
129.14000000000001,0.2452574431951488,0.019623072282600205,-0.2699697811882826
129.16,0.33299823007021184,0.028523031528699328,-0.17345259624794543
129.18,0.40821625704177666,0.036337955057434146,-0.0432160904118763
129.2,0.45617435900496633,0.042105963550297054,0.11451522071652058
129.22,0.4806183970060981,0.04498459957675535,0.28975897246381704
129.24,0.4902029528044273,0.04454415098248387,0.4699475661470506
129.26,0.49040856385834375,0.040775038782359455,0.6416592944860391
129.28,0.48376647084913366,0.03399969925985947,0.7921286109573028
129.3,0.4714281319061904,0.024788348502505324,0.910401189004983
129.32,0.45403265208072086,0.013884168405237214,0.9881738494480952
129.34,0.4320491405122044,0.0021303036826968444,1.020340422550172
129.36,0.405899005155911,-0.00960269794883827,1.0052459937425289
129.38,0.3760015515285589,-0.02048606189148123,0.9446563427151177
129.4,0.34279581745951,-0.029794301804730545,0.8434645465820954
129.42000000000002,0.3067582287909004,-0.03695498666649435,0.7091737753726708
129.44,0.2684258863632136,-0.041583545021088755,0.5512100572153112
129.46,0.2284339141286377,-0.043501056985410284,0.3801293759893157
129.48,0.18757642636789498,-0.0427342394322798,0.2067891584059396
129.5,0.14690027445066117,-0.03949806225084479,0.04155490403722387
129.52,0.10783301469128874,-0.03416263179331234,-0.10639143595195247
129.54,0.07232510838132725,-0.027207258846354998,-0.22958377398426724
129.56,0.042955618774041436,-0.019166144219105303,-0.3226019560085393
129.58,0.02294537276200251,-0.010571635296293416,-0.3821775460588011
129.6,0.01609639127175926,-0.0019013722167761796,-0.4070785054225792
129.62,0.026806455605258087,0.0064666697008935676,-0.3977975931457163
129.64000000000001,0.06023344907556069,0.014290919925043515,-0.3560775245093652
129.66,0.12177926111491415,0.021489756359710965,-0.28431071716419665
129.68,0.21255340642763104,0.02811011861570504,-0.18492910149533015
129.7,0.317707022675479,0.03412772921815246,-0.06021226947089807
129.72,0.40518936723204835,0.03908588129593336,0.08670409524264332
129.74,0.4564040212028266,0.04209058786091812,0.24986296029522406
129.76,0.47877036866684347,0.04236323428933589,0.419762232153389
129.78,0.4847325294409894,0.039604511619456245,0.584707230154209
129.8,0.48127356340375393,0.03395559744020068,0.732731364371483
129.82,0.4713299309380046,0.025863872524572135,0.8530860907876193
129.84,0.4561495687230389,0.015978177925414207,0.9372450841667271
129.86,0.43640651635649497,0.005067451620389019,0.9795427131049627
129.88,0.4126064496561221,-0.006051773348096699,0.9775076135735997
129.9,0.38522789749575687,-0.016582729174552384,0.9319165010252825
129.92000000000002,0.3547805478493032,-0.025808758046666457,0.8465915350655305
129.94,0.32184465920008976,-0.033143241770102375,0.7279759759623978
129.96,0.28711683704857444,-0.03816592483680179,0.5845363936369681
129.98,0.2514771565546955,-0.04064330361961386,0.4260508518068284
130.0,0.21609042974167497,-0.0405318502206661,0.26284964803583344
130.02,0.18255091383781896,-0.037964012559860524,0.10507778782023555
130.04,0.15306778854070188,-0.03321818450343931,-0.03795385928329935
130.06,0.1306640489995325,-0.026675284028980503,-0.15826934984913976
130.08,0.11932736364208872,-0.01876631591333794,-0.2495349586885219
130.1,0.12399839932449853,-0.009917379835408585,-0.30714904409199506
130.12,0.15007985887601585,-0.0005021352535388459,-0.3281224761754322
130.14000000000001,0.20144112274213508,0.009177465499955972,-0.3108151291553428
130.16,0.2751191993360133,0.018835376387093348,-0.2547248038487179
130.18,0.35529049099593546,0.028024654209157236,-0.16074017770462395
130.2,0.42025168803169594,0.03596902731982545,-0.0321777844662547
130.22,0.46083862381459656,0.04171200992364991,0.12406658555974237
130.24,0.4817367985577093,0.044494362276533035,0.29755180657413416
130.26,0.4899096709265586,0.043955912166263184,0.4755764103040071
130.28,0.4895615009041873,0.04012211386215633,0.6447915523060571
130.3,0.4826820020375746,0.03332898079140497,0.792597026986556
130.32,0.47023894768393126,0.024149492650272723,0.9082341643774609
130.34,0.4528161112964418,0.013323532533954482,0.9835934023019304
130.36,0.43086917690215504,0.0016869614239344028,1.0137405290023738
130.38,0.4048210333521712,-0.009899664482734247,0.9971576551433053
130.4,0.37510040391644656,-0.020619145166902806,0.9357040805838913
130.42000000000002,0.3421635109053508,-0.029758025064249148,0.8343188140151935
130.44,0.30651477970054025,-0.036755230172292784,0.7005038076369078
130.46,0.26873599919851004,-0.04123577115521487,0.5436416342776089
130.48,0.22953305340638055,-0.04302748614160707,0.37421180201946036
130.5,0.1898106189890859,-0.04216003041263933,0.20297554479962993
130.52,0.15078397679270328,-0.038846538626480145,0.040199651075121294
130.54,0.11412737967127155,-0.03344959914737208,-0.10501422422759238
130.56,0.08213560978244562,-0.026434513980201035,-0.22523747874453853
130.58,0.05784948064748731,-0.018314356355593597,-0.31501734971342144
130.6,0.04510562615510577,-0.009592676675292986,-0.3709531561824566
130.62,0.048544848934712864,-0.0007096863899627385,-0.3915486098216562
130.64000000000001,0.07361619320069526,0.008003925254835401,-0.376862954853202
130.66,0.12600784987318447,0.016358697914511337,-0.32800193380090414
130.68,0.20789374788757806,0.02428988208538766,-0.24655795976498351
130.7,0.30776457857954365,0.03169727210188326,-0.1343639665797721
130.72,0.3964316530517132,0.03811670654643718,0.005727024151480853
130.74,0.4523461548170691,0.0426417599556257,0.16804135364059392
130.76,0.4790671956858139,0.044398800785958,0.34314803276071015
130.78,0.48825950173240856,0.04295781182736183,0.5189468141047548
130.8,0.48726701946293555,0.03834890490645903,0.6825716842737604
130.82,0.4793103725154033,0.03094286616628862,0.8219981332346471
130.84,0.46575079936715036,0.021347246024664156,0.9271883493953852
130.86,0.44728990561895887,0.010323778360457973,0.9908687971789633
130.88,0.42442193333615735,-0.0012865825292287954,1.0089957389434414
130.9,0.39758899160425676,-0.012635242587406968,0.9809277281986957
130.92000000000002,0.36723806703814965,-0.02293231283404807,0.9093211444548388
130.94,0.3338502251697458,-0.03150397583790997,0.799776997154032
130.96,0.29796756186404144,-0.03783719155624446,0.6602824697464116
130.98,0.2602308772828241,-0.04160889957818024,0.5005038793332144
131.0,0.221439108075906,-0.04269800670946859,0.3309968869904837
131.02,0.1826417365356014,-0.04117965722127262,0.16240422610227323
131.04,0.14527174752364927,-0.03730248710961534,0.004710816705249088
131.06,0.11131282469847299,-0.03145080765387596,-0.13337912583633166
131.08,0.0834691474661634,-0.02409507711422116,-0.24488891392240758
131.1,0.0652879978102514,-0.01573556661024582,-0.3248026123647744
131.12,0.061210660571832436,-0.006845182438885713,-0.3700692087086199
131.14000000000001,0.07655887943166263,0.002182824310529929,-0.3793860597204075
131.16,0.11716413143149516,0.011075498532948284,-0.3527931957538511
131.18,0.18693887694717348,0.019686693965903584,-0.2911597977849902
131.2,0.27997744352360965,0.027897622646676352,-0.19582234050935765
131.22,0.3724467231485257,0.03533941472418402,-0.06898032311965693
131.24,0.43808185981705344,0.041190419058243506,0.0847790403325247
131.26,0.4729880048952105,0.0444918303312471,0.25712540499544995
131.28,0.4874670535861879,0.044630929308061375,0.43647517260444096
131.3,0.49006445205808863,0.04146892840792394,0.6097544751601931
131.32,0.48489583863237273,0.03524919285042856,0.7641374927262479
131.34,0.47370115021383613,0.02649087719957263,0.8883548137331845
131.36,0.4573118260699948,0.015903703724085234,0.9736209517633893
131.38,0.43625735762329,0.0043119095119387735,1.0142431382796886
131.4,0.4109785260596627,-0.007419159659991305,1.0079318487316555
131.42000000000002,0.3819018775043247,-0.01845304115815845,0.955823585177013
131.44,0.3494708566461529,-0.02804510645152113,0.862236406263281
131.46,0.3141668774913493,-0.03559445818895858,0.7341944951885544
131.48,0.2765343128706361,-0.0406814208372048,0.5807730003610146
131.5,0.23721913354603644,-0.043088355260004964,0.41232571011129715
131.52,0.19703131551320216,-0.04280275268879301,0.23966476906723913
131.54,0.15704090245056937,-0.040002791993629334,0.07326335400965545
131.56,0.11871091134825833,-0.03502674698245391,-0.07745091415436574
131.58,0.08405080035683989,-0.02832890611025468,-0.20465209174631305
131.6,0.05574529596406493,-0.020426157113489857,-0.3024753885948953
131.62,0.03720619714581985,-0.011840899929016232,-0.36715355880678835
131.64000000000001,0.03255840125347169,-0.003046447017962226,-0.39692800867443306
131.66,0.04666872438481722,0.0055807164466435515,-0.39175428169171145
131.68,0.08513920387291149,0.013799416990611914,-0.3528339979353537
131.7,0.15294349111354194,0.021520358087455928,-0.2820275894601784
131.72,0.2478143549223211,0.028740160702993647,-0.18133263525414603
131.74,0.34890337117598486,0.03528262166144562,-0.0529844371324981
131.76,0.42516899578090994,0.04048748857239811,0.09916065317303474
131.78,0.4666565501551116,0.04340311945657539,0.26784817236039177
131.8,0.4838121178010734,0.043347553904983925,0.44240044698325337
131.82,0.4872816165063913,0.040132090004519075,0.6103973565799201
131.84,0.4824000872359329,0.033975068551954465,0.759522679058131
131.86,0.47137517124296735,0.025378405556158293,0.8789367066946252
131.88,0.45519547557421636,0.01503339267790676,0.960213870884482
131.9,0.4344463754074253,0.00374249460676748,0.9979409761074854
131.92000000000002,0.4095978163710758,-0.007653292009438784,0.9900153329505381
131.94,0.38110464804461186,-0.018342630625358156,0.9376606526680596
131.96,0.34944954947918294,-0.027604704230359312,0.8451836217095622
131.98,0.31517399085450215,-0.034859040308011534,0.7195079091350934
132.0,0.27891612599137855,-0.03970109094699516,0.569536441998555
132.02,0.2414682465169012,-0.041921349058194744,0.4054037371715297
132.04,0.20386585300517734,-0.041506940653092246,0.2376866612141825
132.06,0.1675182346322498,-0.038625826059833966,0.07664384764641556
132.08,0.13438016510325498,-0.033594970225082246,-0.06844896006440677
132.1,0.10714217990077217,-0.026835211486423326,-0.18980848195725955
132.12,0.08939240824820217,-0.018817122572410427,-0.28145323654353127
132.14000000000001,0.08569808350625696,-0.010003609920086197,-0.33928769455763375
132.16,0.10152522060853417,-0.0007960428719878544,-0.3609614064094891
132.18,0.14253309228236274,0.008505706947530634,-0.3455354190198266
132.2,0.2114340021222222,0.017700264254222015,-0.2930589232169527
132.22,0.3000579430618273,0.026567630123639482,-0.20435665048925647
132.24,0.38465479490222687,0.03460874781198453,-0.08159861057506232
132.26,0.4434227914505371,0.04093233560628434,0.07022544351720716
132.28,0.4749859627123988,0.04460174067031997,0.24230278519401657
132.3,0.4884937365867321,0.04504132198107155,0.42271226577921756
132.32,0.49106420213885293,0.04212353519206681,0.5981406733570935
132.34,0.48614521758466367,0.03608669786134885,0.7555297754868153
132.36,0.475246689777985,0.027441917429866472,0.8833484056164308
132.38,0.4591291092154823,0.01689406424193101,0.9725223638243723
132.4,0.43829917675025415,0.005267719620055371,1.0170608761755082
132.42000000000002,0.41318728250746684,-0.006566029315094842,1.014388688350413
132.44,0.3842108164657206,-0.017760212820926186,0.9653893716999147
132.46,0.35180091997301594,-0.02755602856711829,0.8741778392722325
132.48,0.31642025975427945,-0.03533612922821037,0.7476368746578046
132.5,0.2785836968938436,-0.04066367376097446,0.5947679952613976
132.52,0.2388903604417397,-0.04330477502950401,0.42591873306462513
132.54,0.19807631972003148,-0.04323322199509855,0.25195541214982076
132.56,0.15709751505241823,-0.04061760013151838,0.08345248435520272
132.58,0.11724763932391939,-0.03579213424518669,-0.0700334211465199
132.6,0.08029836978077637,-0.029213815415887183,-0.200544310345009
132.62,0.048619039506727704,-0.021409818400856158,-0.302109120754343
132.64000000000001,0.025214203412730802,-0.012920812117252822,-0.3709113691320735
132.66,0.01366581120337454,-0.0042466416942627035,-0.40523268051906924
132.68,0.018097538267350825,0.004200627891981119,-0.40519268833065647
132.7,0.04332290459110177,0.012135278577613637,-0.3723181827584125
132.72,0.09481685756513285,0.019427323393228092,-0.30897463604504866
132.74,0.1762123676823648,0.026099758508613704,-0.2177284589755571
132.76,0.2798157313506341,0.03220343091316378,-0.10092115605948082
132.78,0.37751339277108226,0.0374809108846615,0.038825354599583854
132.8,0.44187560449889274,0.04115596399303318,0.19679452515429202
132.82,0.47283909385810274,0.0423474289897007,0.3647402245935798
132.84,0.48341295665107814,0.040581265095146965,0.5316083526145149
132.86,0.4826992083146536,0.03586267496674037,0.6854384276476555
132.88,0.4747631372655702,0.02854715763909879,0.8150370146226643
132.9,0.46127607448214814,0.01922273137548642,0.9111307557395575
132.92000000000002,0.4430499871964314,0.008622417379256557,0.9671145731717002
132.94,0.42062998416629205,-0.0024502659584236704,0.979480223615442
132.96,0.39450020285382914,-0.013190083663065327,0.9479590217550264
132.98,0.36516180528975173,-0.022852695181128053,0.8754009740207775
133.0,0.3331765638988171,-0.03080800501421701,0.7674208331895251
133.02,0.29921046024301706,-0.036580925576875895,0.6318549006668804
133.04,0.2640946041413685,-0.03987692003907965,0.47808450129779584
133.06,0.2289168854412355,-0.04059072737171972,0.31629057754924417
133.08,0.19515511451296688,-0.03879782172363909,0.1567079636826822
133.1,0.16485323179666936,-0.03472938238267843,0.008947276873979601
133.12,0.14082060494819476,-0.02873293875634947,-0.11855344029566586
133.14000000000001,0.12680032741297864,-0.021222542538808092,-0.218897108413448
133.16,0.12750121201644082,-0.012624406171741872,-0.2868852306048908
133.18,0.14823220001152332,-0.0033271843813019466,-0.3189634252143247
133.2,0.19332400365515412,0.006345280372933311,-0.31300438071320613
133.22,0.2616815923465543,0.01609893524928641,-0.2680881822185323
133.24,0.340489649805745,0.025521663067321013,-0.18463915072845524
133.26,0.40853245043667913,0.03389997218643798,-0.06529514327300645
133.28,0.45351882361208457,0.04029058615232843,0.0839039579091403
133.3,0.47789314400208727,0.043871920775818266,0.2532659612651827
133.32,0.4884979527720424,0.044192559687627794,0.43051398695829146
133.34,0.4899875010169745,0.04119248606954519,0.6023644100481904
133.36,0.48465392882136576,0.035136525639183756,0.7559681621445689
133.38,0.4735985382269589,0.02654192644076295,0.8800636026243719
133.4,0.4574552780155894,0.016109343215743043,0.9658478733635353
133.42000000000002,0.43669686713741945,0.004652970697048718,1.0075714150538624
133.44,0.4117507561667511,-0.00697044533063172,1.0028501199083484
133.46,0.38304531759424254,-0.01793050920299613,0.9526963245566258
133.48,0.3510340319651526,-0.027485590674945,0.8612856742427126
133.5,0.3162165782997333,-0.03503450829881955,0.735494481866223
133.52,0.27916703730439996,-0.04015403782945659,0.5842577286343201
133.54,0.24057836596153973,-0.04261990831068358,0.4178094768684766
133.56,0.20133357390396275,-0.04241016501036577,0.24687439606454992
133.58,0.1626136890014491,-0.03969099808235979,0.08188113926353877
133.6,0.1260451374873483,-0.034786346071204385,-0.06773450185495919
133.62,0.09386925017435542,-0.02813388647203347,-0.19407652077224
133.64000000000001,0.0690901224744272,-0.020231530859307734,-0.2911389535575272
133.66,0.055555597246856915,-0.011579983695223525,-0.35493222109873634
133.68,0.05797926039004032,-0.0026273460800469483,-0.38338191823120105
133.7,0.0819019478297947,0.006279163687805796,-0.3760186402221991
133.72,0.1330038836260911,0.014925991865025412,-0.33350074869935414
133.74,0.2132390871490418,0.02321578293287905,-0.2570861329500308
133.76,0.3109649744688937,0.03100788343193007,-0.14842093356541242
133.78,0.39770711988197055,0.03780286520516664,-0.01032963362560304
133.8,0.45277228476646225,0.04267968143734144,0.1514415521911212
133.82,0.4795079303890265,0.04475901786082749,0.32735587284064616
133.84,0.4890447723792222,0.04359880478895393,0.50517357100621
133.86,0.4884559657285129,0.0392130721970289,0.6718305501016331
133.88,0.4808741671831972,0.031958672272768635,0.8150426000264941
133.9,0.46763577735250716,0.02243455817432138,0.924466531421056
133.92000000000002,0.44943405155593774,0.011400251883253784,0.9925016824397219
133.94,0.4267574255782604,-0.00029914625747029175,1.0147811892448015
133.96,0.4000403798175484,-0.011805210998027615,0.9903687429615439
133.98,0.3697181800218744,-0.022313669541181767,0.9216747309709047
134.0,0.3362535501356888,-0.031133233602871655,0.8141184116187584
134.02,0.30015975210396545,-0.037731988561683485,0.6755784938190895
134.04,0.26203213675917814,-0.04176838940768127,0.5156881444730816
134.06,0.22259829792454025,-0.04310506019388241,0.3450400078624126
134.08,0.18279753613699706,-0.04180482050499786,0.17437158478084344
134.1,0.14389801750369016,-0.03810957364785448,0.013801193585418724
134.12,0.10764831328719274,-0.03240391176239214,-0.12782022321989722
134.14000000000001,0.07643525901440855,-0.02516665820896272,-0.24338626106186942
134.16,0.053396285389141894,-0.01691512334072964,-0.32780196350322577
134.18,0.04245406850628135,-0.008148066761605701,-0.37802309502330594
134.2,0.04832377627265726,0.0007070033502632094,-0.39287435796694603
134.22,0.07651450834298075,0.009338405277213538,-0.3726719357338916
134.24,0.13260707251610732,0.017578881008481942,-0.318694405254773
134.26,0.21787243780650337,0.025378776010821478,-0.23262674544316933
134.28,0.3185502813134982,0.03262228792153194,-0.11638658731142607
134.3,0.40440984845341943,0.038794131969028124,0.02694534952637365
134.32,0.45656370347686537,0.0429640660038867,0.19129128489474337
134.34,0.48069696088244723,0.0442984428801234,0.3668540763273062
134.36,0.48837016853629167,0.042427350225252014,0.541384629151763
134.38,0.4863822625044349,0.03742960823168563,0.7020896965857043
134.4,0.47765685814857395,0.029710563428682137,0.8371831800091486
134.42000000000002,0.46344240298854333,0.019900831713468722,0.9369802502787398
134.44,0.4444039005158118,0.008774980313943,0.9946319340212979
134.46,0.421026053108527,-0.002822943122447608,1.0065507581549864
134.48,0.39375148565921614,-0.014050364233116777,0.9725454076499949
134.5,0.36303283370305145,-0.024131421445851276,0.8956818422210986
134.52,0.32936143129657874,-0.03241271547735664,0.7819011440641666
134.54,0.29329590873091615,-0.03840598151261995,0.6394394497428838
134.56,0.25550333514334433,-0.04181498449675235,0.4781080302531242
134.58,0.21682415549622078,-0.04254508276655977,0.308500135699442
134.6,0.17837209495135953,-0.040695111084028214,0.14119503076372078
134.62,0.14167534836021176,-0.03653243779540502,-0.013971362396097245
134.64000000000001,0.10884954464757597,-0.03045331450023545,-0.14850570126154727
134.66,0.08276704476337397,-0.02293208539470754,-0.2556741260687907
134.68,0.06717329068596392,-0.014464355523845283,-0.33070199599850336
134.7,0.06673003901681669,-0.005510138258582347,-0.37074423302430565
134.72,0.08696004639035554,0.003557145945725363,-0.3746379991189728
134.74,0.13359424190975397,0.012486983846743361,-0.34247602154408746
134.76,0.20913385717558172,0.021142264827604337,-0.2751083298467911
134.78,0.3037872603108499,0.029360917803796748,-0.1739050177154183
134.8,0.3909311636306835,0.036659710778382516,-0.04142471358491375
134.82,0.44856021821425346,0.04213387975380113,0.11693978939968629
134.84,0.4777499455476089,0.044870368818713105,0.2919754435726837
134.86,0.48906418261108675,0.04436296362294957,0.47155654140774317
134.88,0.48980284131899193,0.040564342883052475,0.6424751755639818
134.9,0.4833076097862572,0.0337832039436689,0.7920832985606098
134.92000000000002,0.4710088634321698,0.024584656564765554,0.9095098428902975
134.94,0.4536327462906914,0.01370880091388524,0.9865197055861727
134.96,0.4316756038938948,0.001995656175318674,1.0180626866859979
134.98,0.40556898824266,-0.009687815401290881,1.0025264322322747
135.0,0.3757384386952228,-0.02051675988446037,0.941704188357271
135.02,0.34262985290747133,-0.02976965018551892,0.8405006277156317
135.04,0.30672957071434337,-0.036877708332862295,0.7064151743107927
135.06,0.268590120357601,-0.041459362495828454,0.5488566910527677
135.08,0.22887096790783953,-0.04333770586908389,0.37835386298050155
135.1,0.18840434167880848,-0.04254016409009231,0.2057312703101473
135.12,0.1482953890845152,-0.03928080280813322,0.04132185507235364
135.14000000000001,0.11005745495736817,-0.03392690981732981,-0.10571764161644476
135.16,0.07576124715965571,-0.02695278667434917,-0.22793077110952015
135.18,0.04814752160728117,-0.018885211824388286,-0.31988221969426367
135.2,0.0306536112371756,-0.01024649282944266,-0.3782535488441942
135.22,0.027383173920927983,-0.0015012098557023752,-0.4017167203475775
135.24,0.04314986609548566,0.006989555112639505,-0.3906088925074325
135.26,0.08350382038363952,0.015004867771892905,-0.34644145984065655
135.28,0.15331937440415772,0.022478497422656802,-0.2712970948631288
135.3,0.2498889512359196,0.02942766285296633,-0.16730546082159856
135.32,0.35146829421680004,0.035683747881152174,-0.03677417566917927
135.34,0.42689805928220315,0.04058253151908076,0.11636982112900933
135.36,0.4672441972614988,0.04318095179645396,0.28480302794368856
135.38,0.4835237787462406,0.04282320659219156,0.4578523196947957
135.4,0.48636385653199765,0.039348481968425046,0.6232149836486688
135.42000000000002,0.4809966741333439,0.03299646695910638,0.7687917203945068
135.44,0.4695772776939472,0.024282765802628826,0.8840297913760021
135.46,0.4530762843896371,0.013904941276566692,0.9608304103602359
135.48,0.4320760899672256,0.002664695144128988,0.9941180203240566
135.5,0.4070506854303652,-0.008604126457410308,0.9821114680750209
135.52,0.37846410939979785,-0.019102707625474374,0.9263162571262263
135.54,0.3468142432497341,-0.028126752808936506,0.8312622746964085
135.56,0.3126664618693613,-0.03511467439167078,0.704024998413648
135.58,0.27669616468358554,-0.039681373282547505,0.5535818810190519
135.6,0.2397532808491376,-0.04163549939988916,0.3900661359803464
135.62,0.20296101533725577,-0.04097922883595241,0.22398632365297294
135.64000000000001,0.16785784835619677,-0.0378907838783647,0.06548161993553027
135.66,0.1365795442943644,-0.03269116904831848,-0.07632071407230025
135.68,0.11205400777244647,-0.02579801439655184,-0.19378779559418952
135.7,0.09815645011135314,-0.01767103792210385,-0.28106041515771635
135.72,0.0997549394626143,-0.008755213588364109,-0.3341073219087442
135.74,0.12246548442080718,0.0005703656855111866,-0.3505603359379836
135.76,0.17131126676593733,0.010022576812156993,-0.3293791340433522
135.78,0.24609346878877691,0.019381683683582306,-0.2705001044555992
135.8,0.3332959035582827,0.028325174773154403,-0.17486282997947064
135.82,0.40813110547433606,0.03618723419873731,-0.045324675392449006
135.84,0.45597451637477454,0.0420066825985087,0.1119050115101744
135.86,0.4804630206899509,0.04494114451754398,0.2868621312997836
135.88,0.49014049084566064,0.0445582318330896,0.46699205651481557
135.9,0.49044485929087084,0.04084426260763809,0.6388719068607431
135.92000000000002,0.483897444074774,0.034117536199013004,0.7897181549914739
135.94,0.47164844018635943,0.02494477900684981,0.9085430939876916
135.96,0.4543371633296412,0.014066645259396849,0.9869980578300954
135.98,0.43243296798635955,0.0023248663606055277,1.0199234762727274
136.0,0.4063574016405261,-0.009410262938237973,1.0056077022709558
136.02,0.37652987152478984,-0.020309106863214854,0.9457610292548515
136.04,0.3433895558278105,-0.02964433197312614,0.8452265196781726
136.06,0.3074131214946608,-0.03684087015360138,0.7114663720347629
136.08,0.2691380614298628,-0.04151096788800026,0.5538773688702733
136.1,0.22920008494760163,-0.04347225092307769,0.3829996144619199
136.12,0.18839413274184666,-0.042747987209826276,0.20968855356309613
136.14000000000001,0.1477682320391484,-0.03954996374913946,0.04432104911380081
136.16,0.10875179852939217,-0.03424559174104045,-0.10389776315929193
136.18,0.07329874953695106,-0.02731213493580219,-0.22746908604984079
136.2,0.04399519065404744,-0.019282469305951636,-0.3209333046179626
136.22,0.02407590585990639,-0.01068830221295136,-0.3809786254140478
136.24,0.017367767760116316,-0.0020071574594041396,-0.40632821281369497
136.26,0.02830618619877388,0.0063828385992079975,-0.39743019084444214
136.28,0.06208979392673717,0.014239910235461945,-0.35598338325473866
136.3,0.12411030011168048,0.021481846745421068,-0.28433759172098405
136.32,0.21526258931811795,0.028152367045834688,-0.18488847690051524
136.34,0.32022252161408093,0.03421656697286069,-0.05990552673762049
136.36,0.40688129341204216,0.039201285037254695,0.08742820861754294
136.38,0.4573009670253712,0.042205487763512996,0.25105614013575017
136.4,0.4792239418590699,0.042456853558820666,0.4213778026500552
136.42000000000002,0.48497539874434126,0.0396647808596159,0.586633405526843
136.44,0.48140028897088716,0.03397671752572819,0.7348214349850631
136.46,0.4713706670823546,0.025844491982656384,0.8551794625911525
136.48,0.4561110426224819,0.015920463300600225,0.9391830261477321
136.5,0.4362873692714267,0.004976448533132629,0.9811811239504
136.52,0.4124020758571985,-0.006168789024800768,0.978727264770534
136.54,0.384931582140375,-0.01671698521428076,0.9326305186786993
136.56,0.35438321932141814,-0.0259507880995381,0.8467497966389169
136.58,0.3213339069605954,-0.033283709121164476,0.7275662376534827
136.6,0.28647527742612083,-0.03829641574766696,0.5835821667658031
136.62,0.25068003424084484,-0.040757044182225206,0.42460624511398865
136.64000000000001,0.21510230867992017,-0.040624311823629626,0.2609915558389156
136.66,0.1813214202540508,-0.03803338362907844,0.10289591824343577
136.68,0.15152667636830244,-0.033265695856185495,-0.040368553556048306
136.70000000000002,0.12871653305744235,-0.026705376298181066,-0.16083723159864294
136.72,0.11685261872849007,-0.018786616814252984,-0.2522005744986601
136.74,0.12086124345304654,-0.009938364463980272,-0.30989334324774753
136.76,0.14618774928527498,-0.0005359989253257084,-0.3309723607917295
136.78,0.1969148375414133,0.009120089960293247,-0.3138448515334506
136.8,0.27056900759814695,0.0187529816308378,-0.25803621123639725
136.82,0.3517199900306249,0.027934242158780678,-0.16440632812484354
136.84,0.4181737448527879,0.035903448191622056,-0.03616768091569499
136.86,0.4599156251819748,0.041701412185786574,0.11991659518122552
136.88,0.4814443204354773,0.044553498943795074,0.29349667862579076
136.9,0.48993496263460967,0.044085109793589726,0.4718997114955152
136.92000000000002,0.48976847797841694,0.04031212724122321,0.6417575198779462
136.94,0.48301422028772206,0.033564647481692494,0.7904201128623138
136.96,0.47066847955234903,0.0244122010286733,0.9070605642788465
136.98,0.4533240370907368,0.013593179085681273,0.9834912735475118
137.0,0.4314387891918368,0.0019436828774497179,1.0146975483536702
137.02,0.40543522443538793,-0.009673956190593936,0.999085123472863
137.04,0.375740174590124,-0.0204394869070343,0.9384466749224719
137.06,0.3428064789882137,-0.029635460574741233,0.8376687989065728
137.08,0.30713309925473986,-0.03669626247139997,0.7042182419692617
137.1,0.26929313792441983,-0.04124224638732593,0.5474609139044
137.12,0.22997873873023314,-0.04309692242501544,0.37787777789133475
137.14000000000001,0.19007312629255307,-0.04228638493217547,0.20624744395669697
137.16,0.15075901871318617,-0.0390213884476625,0.04286609061693547
137.18,0.1136634232186932,-0.03366369030261662,-0.10312870260317342
137.20000000000002,0.08101637324994423,-0.026679601747575506,-0.2242726850937962
137.22,0.05577434496967377,-0.018585223816893946,-0.31508548147296084
137.24,0.04166597764775903,-0.00988921914794261,-0.3721550691788718
137.26,0.04319387977899159,-0.0010390101169526413,-0.39399846543918116
137.28,0.06566210816011192,0.007625606707311459,-0.38072104974912724
137.3,0.11481199921411117,0.015906322685255644,-0.33351212195416124
137.32,0.19377002062341056,0.023740153571633987,-0.2540677146033158
137.34,0.29351208362680353,0.031064204404665424,-0.1442557534211484
137.36,0.38608943975172094,0.037492520522042896,-0.006722753953956995
137.38,0.4468033696092346,0.042164989000010915,0.15334513268125355
137.4,0.4765961477516529,0.04417526861100674,0.32702608874387235
137.42000000000002,0.4873767643293298,0.04303420183718362,0.5025237895129695
137.44,0.4872870509950267,0.038725687647633525,0.667060837675934
137.46,0.4799739517658438,0.03158879094492891,0.8085473008906476
137.48,0.46695937592645065,0.022208833262981925,0.916773281383542
137.5,0.4489983519855795,0.011332564893180597,0.9842190804786035
137.52,0.42660239306565373,-0.00020731005118175203,1.0065483846095318
137.54,0.4002196448900678,-0.011563862069090733,0.9828074086760923
137.56,0.37030007482602006,-0.02194264042986325,0.9153461663025692
137.58,0.33732751150951923,-0.030659763986924094,0.8094888553581164
137.6,0.301847825675127,-0.0371877001884422,0.6729953682955956
137.62,0.264507388197012,-0.04118580470711324,0.5153693623892248
137.64000000000001,0.22611323400001024,-0.04251379688294063,0.34707788964890424
137.66,0.18772641308304389,-0.04122754359694705,0.17875249955283012
137.68,0.15079662405028837,-0.03755772614960076,0.020441833048421496
137.70000000000002,0.11733301240185025,-0.031873207449250575,-0.1190190249673506
137.72,0.09008136477538764,-0.024632324661268787,-0.23246717968800543
137.74,0.07265853382807899,-0.016326885173185653,-0.31465930061776526
137.76,0.06961206938622048,-0.007424794896975986,-0.362290187170374
137.78,0.08637873207994314,0.0016825853866419844,-0.3737892658769714
137.8,0.12874835305173582,0.01072001929281678,-0.34892848696408957
137.82,0.19996059304328784,0.019528233493009407,-0.2883359608388034
137.84,0.2924051233444613,0.027948633881362175,-0.19320697823442326
137.86,0.3813275119523418,0.03554298002692342,-0.06582528190650172
137.88,0.4427823645668545,0.04144244975304903,0.08888068881625051
137.9,0.47508653289648567,0.04470352290098464,0.2621773781300332
137.92000000000002,0.48836982955192965,0.04475290733887429,0.44220518779897516
137.94,0.49042442423419347,0.04148098908860839,0.6157558620675189
137.96,0.4849469393759798,0.03514869807528917,0.7699607232409454
137.98,0.47351823149841343,0.02628672885862019,0.8935642429707708
138.0,0.4569171343195886,0.01561315631520277,0.9778341051712518
138.02,0.435655980751455,0.0039581688231883514,1.0171592325372016
138.04,0.4101689320495423,-0.0078092662941517555,1.0093509523302713
138.06,0.38087830686910196,-0.018851435216445556,0.9556563683668283
138.08,0.3482227305332214,-0.02842478074501519,0.8605044627481262
138.1,0.3126765144631165,-0.03593161650967403,0.731021694254488
138.12,0.2747729245171356,-0.04095731127401649,0.576368857059329
138.14000000000001,0.23514047780208974,-0.04329071111160399,0.4069621862089317
138.16,0.19456200536166118,-0.04292680590685614,0.23364816295032717
138.18,0.15406613992636864,-0.04005188094085179,0.06690296492760203
138.20000000000002,0.11505442373714812,-0.03501259450021317,-0.08387586008945494
138.22,0.07944780198754253,-0.028271687827328713,-0.2109261621620125
138.24,0.04980622015090618,-0.020354519326119695,-0.30848077644405547
138.26,0.029364854635128324,-0.011792159290313202,-0.3729042515100129
138.28,0.021993798734185298,-0.00306735160730189,-0.4026057240887629
138.3,0.03220962060168319,0.0054322529571898,-0.3977493186263401
138.32,0.06529565044192917,0.01345246633425316,-0.35979410898538267
138.34,0.12667651146245085,0.020896444221752613,-0.29090429612733015
138.36,0.2171883700673079,0.027790823388080328,-0.1933532130824877
138.38,0.32146501784036613,0.034081525974945626,-0.06936114347844587
138.4,0.40760466210240864,0.03927853686301189,0.0778638220991035
138.42000000000002,0.4578642323873147,0.04247074071556362,0.2421860274028968
138.44,0.47987351890960345,0.042878820975246215,0.4138937718907558
138.46,0.4857929838830027,0.04020484388798507,0.5810874926292988
138.48,0.48238610942385957,0.03458993804986396,0.7315978590820356
138.5,0.47249500669569966,0.026482434025151668,0.8544745699878576
138.52,0.45733302262254377,0.016534766885959524,0.9409983453339221
138.54,0.4375601536526968,0.005522408630904521,0.9853309122075407
138.56,0.41367301647183335,-0.005729080400705654,0.9848596121941082
138.58,0.38614000484526506,-0.016412218177340256,0.9402596546099999
138.6,0.35545632288074014,-0.025798921176801163,0.8552963132500248
138.62,0.3221802791916994,-0.03329146948173975,0.736401364072064
138.64000000000001,0.2869749442815369,-0.03845985157314516,0.5920719403759167
138.66,0.2506695322231713,-0.041063109369753006,0.43215139362748656
138.68,0.21435317873761572,-0.04105341546699465,0.2670590812222891
138.70000000000002,0.1795112685218485,-0.03856279148100315,0.1070387326385922
138.72,0.14820420217030028,-0.03387360881500087,-0.03850702433568043
138.74,0.12326616572250075,-0.027375403542586815,-0.16153566695607366
138.76,0.10847252409173073,-0.019512169311644303,-0.2556903164730042
138.78,0.10859502649179913,-0.010726059217850628,-0.316404986767195
138.8,0.1291493524880778,-0.0014057329707032164,-0.3407905545426526
138.82,0.17508007416221424,0.008145154279501087,-0.32734668400289607
138.84,0.24641958917548884,0.01768011897542253,-0.2756470943126894
138.86,0.33075705220011287,0.026857796533642994,-0.18636637586832905
138.88,0.4046344999779612,0.035016524684622664,-0.06212779184556626
138.9,0.4531356819446514,0.04120570876166774,0.09113454091713308
138.92000000000002,0.47874013871713167,0.04456996718027599,0.2637322926932221
138.94,0.48944806812089103,0.04464275294474049,0.44328686675783746
138.96,0.4906402294358932,0.04137115731456328,0.6164002908099662
138.98,0.4848836399571393,0.03503772168357051,0.7701623805139713
139.0,0.47336210740725404,0.026180001953868253,0.8933282603812276
139.02,0.45673049263429144,0.015517602356751311,0.9771912577725868
139.04,0.43546433156567704,0.003880238178064985,1.016167454809732
139.06,0.4099874965606996,-0.007864471350571804,1.0080914807788528
139.08,0.38072041941470885,-0.018880582544917025,0.9542273999093407
139.1,0.3481031865181432,-0.0284264678382843,0.8590136802965836
139.12,0.31261387071450164,-0.03590632110172869,0.7295785813970482
139.14000000000001,0.2747922130747828,-0.040907152571747984,0.5750775937274106
139.16,0.23527718594994934,-0.04321903396175303,0.4059158572234094
139.18,0.19486811398194429,-0.042837597694813885,0.23292496723377015
139.20000000000002,0.15461899221953007,-0.03994902808674267,0.06656507978036794
139.22,0.11596891494632537,-0.034898984670943635,-0.083780129506481
139.24,0.08089179609824049,-0.02814817158933183,-0.21035635407424283
139.26,0.05201903320196515,-0.020218759702408155,-0.3073938549206232
139.28,0.03268101691439139,-0.011637390132044102,-0.3712394057467906
139.3,0.026878950416123187,-0.0028809830066757183,-0.4002639386528575
139.32,0.039309369087709864,0.005670343150143366,-0.39456678277609486
139.34,0.07543224645625428,0.013771624504536523,-0.3555084537541679
139.36,0.14048241439101014,0.021333359271671893,-0.2851188957423014
139.38,0.23372100285443995,0.0283711355442733,-0.18553566015330863
139.4,0.33670379027170266,0.03477032699774039,-0.05897753536592423
139.42000000000002,0.4175805214251739,0.03994776356070935,0.09101736175375225
139.44,0.4628872237954578,0.04296482893710838,0.25771192146693167
139.46,0.4820806385075091,0.04309465684258452,0.43086250952731847
139.48,0.4865618790245758,0.0401018682404154,0.5982869210931557
139.5,0.4822888332578592,0.03417246554510241,0.7477491458131487
139.52,0.47173668658447765,0.025785747522329906,0.868381638091846
139.54,0.4559877868960554,0.015616222062231563,0.9516529267069744
139.56,0.4356588903597924,0.004454255393900208,0.9919862617676888
139.58,0.4112318439350086,-0.006866609234506512,0.9870762499656869
139.6,0.38316853591422567,-0.017537734131874056,0.9379235806013622
139.62,0.35195911039154926,-0.026836336395535842,0.8486105287185195
139.64000000000001,0.31815558760432744,-0.034175687285186426,0.7258529682126825
139.66,0.2824120219318283,-0.03914133188260157,0.5783786087660231
139.68,0.24554463828410367,-0.04151104440252922,0.4161923053839259
139.70000000000002,0.20862432706091538,-0.04125737153235436,0.2497961844536195
139.72,0.17311146478572148,-0.03853280161717265,0.08943455751403753
139.74,0.14103257776036307,-0.033638829040413674,-0.055568991856729144
139.76,0.11517604000772635,-0.026981566220313304,-0.17732273447511607
139.78,0.09925766393763424,-0.01901815299561341,-0.2696802701943121
139.8,0.09799025934239822,-0.010199810214262599,-0.32833073729756684
139.82,0.11691394271592188,-0.0009190774329407318,-0.35066664755797117
139.84,0.16134448178276098,0.008525498140667172,-0.33546895827241197
139.86,0.23245576814103172,0.017911556328200736,-0.28253871647755735
139.88,0.3192941066679758,0.026951433166752765,-0.1926230167621605
139.9,0.3977185143478175,0.035044766527288655,-0.0681712334415195
139.92000000000002,0.45006238288970735,0.04125482332124576,0.08522133130217949
139.94,0.4777191829647032,0.044691508519905845,0.2581503908647438
139.96,0.4893169137823486,0.044850288017448156,0.4383632914965686
139.98,0.4909019166491441,0.041655473715433954,0.6124658958473242
140.0,0.48535347127145034,0.03537810046021452,0.7674854600035977
140.02,0.47396665417641476,0.026550254018217426,0.8920818238302534
140.04,0.45743129129553156,0.015889670992350946,0.9774388286503686
140.06,0.4362326181615345,0.004226854080465921,1.017861112593567
140.08,0.4107957145254287,-0.007567636247509756,1.0110794655105528
140.1,0.38153853212663597,-0.0186532147789749,0.958269436632941
140.12,0.3488958492834244,-0.028282424159615092,0.8638021040610528
140.14000000000001,0.31333688268857784,-0.035853016147464285,0.7347630814717264
140.16,0.27538714716412693,-0.040945562582632544,0.5802911836293619
140.18,0.23566294488456707,-0.04334432904126363,0.41079957281777835
140.20000000000002,0.19492785501835858,-0.04304039305728367,0.23714879175648942
140.22,0.1541808017041632,-0.040217228921714185,0.0698426657223607
140.24,0.11477931771503115,-0.03522018081683401,-0.08168523676557535
140.26,0.0785827873943736,-0.02851250106870623,-0.2096350450511589
140.28,0.048069996571219686,-0.020622103941870248,-0.3082079562591722
140.3,0.02637192814799739,-0.01208475459531699,-0.373751367009597
140.32,0.017219581545177887,-0.0033900908695509214,-0.4046804044098141
140.34,0.02493589627774436,0.005064927860211472,-0.4011974823291872
140.36,0.05458635786615008,0.013014292478125366,-0.36484236528144753
140.38,0.11167709637647036,0.020349736583632237,-0.2979086584394098
140.4,0.19850168066034943,0.027102621620272917,-0.20282148610542577
140.42000000000002,0.303221707527279,0.03327587669619135,-0.0818422600377048
140.44,0.3949644933488101,0.03848710483855399,0.062128986099797626
140.46,0.4512989921043133,0.04187509192724839,0.22362101064009737
140.48,0.4769651202526339,0.04260861780858768,0.3935672174793789
140.5,0.48475803388685135,0.04031422880411672,0.5604319556342191
140.52,0.4824475841912191,0.03507685416772245,0.7121428648963849
140.54,0.473368536016058,0.02730629114272789,0.8376597629501779
140.56,0.4589146530039855,0.017627769596892977,0.9280434301880498
140.58,0.4398057012993913,0.006798407879485754,0.9771448907167333
140.6,0.4165580653054278,-0.004366223661066473,0.9819841383899774
140.62,0.3896477579813431,-0.015060413664522591,0.942845592735201
140.64000000000001,0.3595746739336483,-0.024550077546979632,0.8631124235117689
140.66,0.3269021527028078,-0.03222463652470834,0.7488724050150488
140.68,0.29230003325163884,-0.03763571386538725,0.6083416305480012
140.70000000000002,0.25660676659098025,-0.04052016227387576,0.45116412219826996
140.72,0.2209235801070841,-0.04080601515326629,0.2876532056451232
140.74,0.18675102953699652,-0.03860112030447598,0.12804383399389474
140.76,0.15616826976994178,-0.03416544652302579,-0.018176420450088694
140.78,0.13203302547285342,-0.027869450725196924,-0.1427966653562614
140.8,0.11814818479339471,-0.020142566132576298,-0.2392240361345503
140.82,0.11929816431087635,-0.0114178299805583,-0.3026089012545992
140.84,0.140910738232776,-0.00208158602491845,-0.32975494569741665
140.86,0.18751218759339267,0.007554308809825987,-0.31886448546356677
140.88,0.25814235648107614,0.01721667824675495,-0.26928054496568216
140.9,0.33952880959826187,0.026515185593798406,-0.18160046270191438
140.92000000000002,0.4093486613709836,0.03474306953207044,-0.058573402150437104
140.94,0.4548692806416741,0.04094834598111249,0.0936405221079297
140.96,0.47904870369625374,0.0443059727024953,0.26519790272452337
140.98,0.48922860092583104,0.044375241461969826,0.443685739065779
141.0,0.4902564846377712,0.041114908090009526,0.6157458972892307
141.02,0.4844685236755447,0.03481023460666228,0.7685347671412519
141.04,0.4729701222342051,0.025997245595095142,0.8908753463240962
141.06,0.4563927595408662,0.015391983100336376,0.9741181783854836
141.08,0.43520645655420953,0.003819593325594791,1.0127200531597431
141.1,0.40983589232110007,-0.007857261871354104,1.004537077645661
141.12,0.3807057219910684,-0.018807493574762635,0.9508350169215569
141.14000000000001,0.34826367965457067,-0.02829379379478628,0.8560355553237168
141.16,0.3130002932005193,-0.03572375902748659,0.7272346057577154
141.18,0.27547517049673476,-0.040686557066318386,0.5735440913157315
141.20000000000002,0.2363587118402646,-0.042972893692858914,0.4053199154564289
141.22,0.19649935125529308,-0.0425772678444414,0.23334535787679117
141.24,0.15702610116979893,-0.03968272979363937,0.06804071574047171
141.26,0.11948868187111618,-0.034629563903781184,-0.08123325775541931
141.28,0.08601715320594025,-0.02787061271188444,-0.2067187853181256
141.3,0.05945516726051639,-0.019917465836586937,-0.30260584789077555
141.32,0.0434191810664182,-0.011283195380688631,-0.3651527509065023
141.34,0.04230199557162107,-0.002427660676337742,-0.3925809304545457
141.36,0.0612985319559375,0.0062902687167571015,-0.3847637490227262
141.38,0.10617169005201116,0.014649253491224805,-0.34274416182438516
141.4,0.18083941803454795,0.022568904107600485,-0.26815825789961634
141.42000000000002,0.2788186540699451,0.03000094894802145,-0.16283110191775108
141.44,0.3743721233277591,0.036625362164110074,-0.029201519745852472
141.46,0.4401849669705276,0.041635484706502746,0.12802603742643107
141.48,0.47374137475091715,0.04409385923577376,0.30046028307758077
141.5,0.4866630555323685,0.04343807274181558,0.47660226751712836
141.52,0.48787178536080605,0.03958877685524184,0.6436904014653549
141.54,0.4815051343161507,0.032840137648670394,0.7894352616416765
141.56,0.4692801969913214,0.023746841134859146,0.9032776388220229
141.58,0.45201741088719083,0.013036850989081571,0.9772501017102445
141.6,0.43024755567010126,0.0015351600104139996,1.006515768563558
141.62,0.4044220617377195,-0.009908500867106769,0.9896107071820986
141.64000000000001,0.37498760825625205,-0.02048736419971367,0.9284054494867771
141.66,0.34242036052713387,-0.029497294396649002,0.8278104730546616
141.68,0.3072534545482139,-0.03638465906668105,0.6952654276155397
141.70000000000002,0.2701128981718692,-0.04077932862998059,0.5400657609790911
141.72,0.23177333226698071,-0.04251080410384533,0.37259061999211596
141.74,0.19324516087448726,-0.04160666624853474,0.2035015296900545
141.76,0.15590214375029196,-0.03827374184454275,0.042982173871212614
141.78,0.12164721962644787,-0.03286361159154047,-0.09991441527151651
141.8,0.09309096294823746,-0.02582545858562246,-0.21775412781912815
141.82,0.07369475601662291,-0.01765080527029713,-0.3050034470744044
141.84,0.06784188608950018,-0.00881595298683117,-0.35808342312279107
141.86,0.08082307294905801,0.00027181414843729284,-0.37519895227404193
141.88,0.11846922994044107,0.009317008513872682,-0.3559715769244173
141.9,0.1849100458674222,0.018146537923081078,-0.300953106281504
141.92000000000002,0.27523761312444095,0.026621882703846477,-0.2112617886519164
141.94,0.36719836122711286,0.03437921146235916,-0.08891227675828756
141.96,0.434368325785943,0.04061491402954043,0.061751846530656296
141.98,0.47112960591642533,0.04435931627833977,0.23266861157644483
142.0,0.48700496171424396,0.04495870059337264,0.41241098384775077
142.02,0.4906185749608792,0.04222909895583689,0.5878822779715559
142.04,0.4862604630641758,0.036376492842880505,0.7460672090322903
142.06,0.4757607841727667,0.027892325405758034,0.8753766042367476
142.08,0.45998520905270435,0.01746845500757843,0.9666140162032135
142.1,0.4394735809568333,0.005921200234566979,1.0136241530011278
142.12,0.41466736609332283,-0.005882306065482132,1.0136428714668826
142.14000000000001,0.3859888749322596,-0.01709491551184002,0.967357371631886
142.16,0.3538732263316163,-0.026953816546582958,0.8786947067324186
142.18,0.3187882817882546,-0.034834338908421185,0.7543726724807516
142.20000000000002,0.2812568284673659,-0.04028971576737476,0.6032625592541669
142.22,0.24189036916168075,-0.04307437352740088,0.4356251909067645
142.24,0.20144412957179392,-0.043149546892382325,0.26228896177425953
142.26,0.1609032399784959,-0.04067125613792181,0.09384090336226927
142.28,0.12160507291798547,-0.03596188616317526,-0.06010074840226667
142.3,0.08538566767433753,-0.02946785118942692,-0.19147142085827165
142.32,0.05470883051964566,-0.021707275181462503,-0.29415418473204197
142.34,0.032719840918024136,-0.01321319270135075,-0.36415343225123137
142.36,0.02321467778748945,-0.004478604009672785,-0.3995430178651302
142.38,0.030635086194330936,0.0040917290515813855,-0.400207013763342
142.4,0.06018249289426829,0.012221169096902145,-0.36740412881237167
142.42000000000002,0.11740225645854252,0.019788370061466214,-0.30319406046209124
142.44,0.2042812254228285,0.026806220096541235,-0.2098293310587712
142.46,0.3082449578925998,0.03324698203979161,-0.0894948772230398
142.48,0.3983323640563939,0.038688601421490595,0.054839602980912894
142.5,0.4532360775536066,0.04224703483477256,0.21749914834814474
142.52,0.47822930239317935,0.04309268790740016,0.3891755096630397
142.54,0.48581936121187064,0.04085902043443466,0.5581142908619678
142.56,0.48347502610114684,0.03563498622345946,0.7120463396645171
142.58,0.4743921978989942,0.027833679499517268,0.8397482988290639
142.6,0.45991349845074436,0.018085147156087143,0.9321135557082245
142.62,0.4407395303168951,0.007153471805443602,0.9828492925417529
142.64000000000001,0.41737655322873785,-0.004136963518946453,0.9888634035195774
142.66,0.39029095066769465,-0.014970490926989143,0.9503660182882082
142.68,0.3599695588124609,-0.02460278993653103,0.8707067014609225
142.70000000000002,0.3269561329493516,-0.03241366881899354,0.7559796184871708
142.72,0.29189061200932437,-0.03794663001584311,0.6144430002805615
142.74,0.25556600367621624,-0.040932689643928356,0.4558111694409664
142.76,0.2190156229445914,-0.04129701812170166,0.2904853620999611
142.78,0.18364158049928062,-0.039148142050799584,0.12879297692281974
142.8,0.1513868651488282,-0.03475066581187257,-0.019696490264682245
142.82,0.12493302110882824,-0.028483824532656153,-0.14671704075944714
142.84,0.1078771917967875,-0.02078976680005904,-0.24566385306567684
142.86,0.10481682074201805,-0.012117185332119994,-0.3117326320161739
142.88,0.12119325408559734,-0.0028678753295985964,-0.3418363349023088
142.9,0.16231100443822175,0.006640739422276466,-0.33433375046723446
142.92000000000002,0.22976075009284372,0.016164167014108152,-0.2886892209767121
142.94,0.3139602288679175,0.025405131123001332,-0.205383394220815
142.96,0.3921733534340996,0.033779651172716293,-0.08658553744528316
142.98,0.4460548770371292,0.04036869152964278,0.0624723462620112
143.0,0.4754385589661586,0.0442651754801361,0.23275600014685469
143.02,0.48839325346891377,0.04492109256810601,0.412253498020875
143.04,0.49103803302982163,0.04221346169417902,0.5876243769361236
143.06,0.4863858422790034,0.03637188440772456,0.7457706840199875
143.08,0.4758031998671545,0.02789526160788233,0.875077399611973
143.1,0.46000900017706664,0.01747743507697018,0.9663390408983507
143.12,0.4394989348475646,0.005935068208265784,1.0133952627678384
143.14000000000001,0.41470130994715104,-0.0058647829862275855,1.0134771972099752
143.16,0.3860345491169717,-0.017075093929377193,0.9672668537613203
143.18,0.3539328032880877,-0.026933106813680767,0.8786857198495754
143.20000000000002,0.31886406603171735,-0.03481409979640752,0.7544460157765487
143.22,0.281351904069905,-0.040271143274307135,0.6034138859274107
143.24,0.2420092615982895,-0.04305839623769214,0.43584587190030716
143.26,0.20159370382563796,-0.04313673298837653,0.262567345609282
143.28,0.16109399158656504,-0.040661732453005084,0.09416392330120842
143.3,0.12185293063129798,-0.03595526604395205,-0.059745662576345844
143.32,0.08571437606663192,-0.029463165632363512,-0.19109415112869452
143.34,0.05515300076718589,-0.02170290051458376,-0.2937594532661004
143.36,0.03332907615599571,-0.013206764588347943,-0.3637380179390883
143.38,0.02405981383209565,-0.004466895194079402,-0.3990925670874271
143.4,0.031817005741886374,0.004113005101196707,-0.3996922262359449
143.42000000000002,0.06183577648829773,0.012257609683732705,-0.3667760092246747
143.44,0.11965235769897091,0.019846752792044356,-0.3023786300240323
143.46,0.2070490783917395,0.026892172311526095,-0.2087263042298064
143.48,0.310945688815661,0.03335751114148825,-0.08799535153680597
143.5,0.4002153217156524,0.03880464232511792,0.056801017273105846
143.52,0.4542240175324928,0.04234153224153549,0.21989011732208913
143.54,0.47867929934711834,0.04314560633726195,0.391866089346575
143.56,0.4859983820013392,0.04086107691300786,0.5609163859470696
143.58,0.48349929173081657,0.03558491801207467,0.7147517981317061
143.6,0.4743034585501246,0.027735730621932308,0.8421555720315443
143.62,0.45972613353502795,0.017947518229839556,0.9340464079547173
143.64000000000001,0.4404587900332637,0.006987147007167778,0.9841702289985377
143.66,0.4170045663348111,-0.004319325914979855,0.9894825846559654
143.68,0.38982848340860865,-0.015155668571647902,0.9502457334869023
143.70000000000002,0.35941633548910523,-0.02477807090930694,0.8698614543604247
143.72,0.32631059179739613,-0.03256782717061656,0.7544720903068186
143.74,0.29114933492365697,-0.03807074052443364,0.6123764137405298
143.76,0.25472285645284204,-0.04102073352904743,0.45331879860072827
143.78,0.2180605793459255,-0.041346250308957555,0.28771808985548797
143.8,0.18255918242532287,-0.039159211374912524,0.12590587820172494
143.82,0.15015424958653664,-0.03472750021804919,-0.02255756877678945
143.84,0.12351743677563926,-0.02843331235708927,-0.14942802066559935
143.86,0.10623327761387212,-0.020721278581693262,-0.24813335491985983
143.88,0.10288617130555566,-0.01204196871643343,-0.3139107369693423
143.9,0.11891734244636891,-0.002798247120441624,-0.3437205848535753
143.92000000000002,0.15968939277584462,0.0066928570060255255,-0.3359708635693273
143.94,0.22699520133174625,0.01619053561154642,-0.29016779430472667
143.96,0.3115639037858975,0.02540695237155568,-0.20680816311808847
143.98,0.39063005826964364,0.03377057136648296,-0.08803093752367194
144.0,0.44532197930531914,0.040366951777434885,0.060999824447594164
144.02,0.4751733169068083,0.04428287940123498,0.2313128691846559
144.04,0.4883422122515794,0.04496209712986452,0.41092759796488015
144.06,0.49108629191667985,0.04227615714575189,0.5865070272292406
144.08,0.4864894741544009,0.03645164788608296,0.7449401248494634
144.1,0.4759446222306067,0.02798586139012689,0.8745898114297309
144.12,0.4601791206390866,0.01757190662343962,0.966223964435701
144.14000000000001,0.4396911000598502,0.006026387133746591,1.0136540557694163
144.16,0.41490927267815236,-0.0057831310038997785,1.0140839652179214
144.18,0.386251625092745,-0.01700863945124964,0.968171472496031
144.20000000000002,0.3541512770713986,-0.02688603819721229,0.8798185292308945
144.22,0.3190744824277697,-0.03478904047070226,0.755723682269734
144.24,0.281542009829527,-0.0402690789611842,0.6047458593397741
144.26,0.24216233989290767,-0.043078758603912665,0.4371408213614954
144.28,0.2016859787253219,-0.04317763937221343,0.2637389476989299
144.3,0.16109075446786264,-0.0407203758976912,0.09513538791720545
144.32,0.12170316806984463,-0.03602844439816245,-0.05903890952826077
144.34,0.08534402331907105,-0.029547929538461706,-0.19070414804666147
144.36,0.05445721032799884,-0.021797286349456605,-0.2937281586641243
144.38,0.03216312375735618,-0.013310571077295493,-0.36410279763336384
144.4,0.02222586901796491,-0.004582490251336218,-0.39989484252021035
144.42000000000002,0.029043969514761746,0.003979796517694621,-0.40098948823530745
144.44,0.05776934487707153,0.012096576920623018,-0.36865755020699936
144.46,0.11395960932747926,0.019643388454105466,-0.3049836942354983
144.48,0.19991668040368146,0.02663340907068488,-0.2122530592033791
144.5,0.3038853173660732,0.03305099014439793,-0.09266159232120995
144.52,0.3952407594241187,0.03849902273438427,0.05088800382801252
144.54,0.45161177809975,0.042106655599300685,0.2128741972288658
144.56,0.4775138839096943,0.04303280441458772,0.38414280707160886
144.58,0.48557284533762224,0.04089260855850527,0.5530273164337977
144.6,0.48350093324176624,0.035761119106887174,0.7072809116764016
144.62,0.4746173994405376,0.028041917722057674,0.835656347191899
144.64000000000001,0.4603105138132582,0.018358397327467482,0.9289911458999972
144.66,0.4412959874031403,0.007470209101426667,0.9809145502413776
144.68,0.4180849711447611,-0.0038006132366206246,0.9882429691179284
144.70000000000002,0.39114557013473,-0.014638719221114338,0.9510897373431854
144.72,0.3609654795354843,-0.024298196654966086,0.8727102326587917
144.74,0.32808922996531553,-0.03215558947463085,0.759114243596279
144.76,0.29315773718646015,-0.037749806392256065,0.6184914700144559
144.78,0.2569652832898329,-0.040806363868423436,0.46050804124823064
144.8,0.2205467477722418,-0.04124449595489737,0.2955400323318032
144.82,0.185306048738134,-0.03916683381329435,0.13391350106324604
144.84,0.15318830156334912,-0.03483257541171225,-0.014780653475091797
144.86,0.1268779595237958,-0.02861641911839877,-0.14223503123369316
144.88,0.10997654068077257,-0.02095712639035785,-0.24178748717361503
144.9,0.10708575444896809,-0.012301329419638005,-0.3085654598210996
144.92000000000002,0.12363874859996184,-0.00305026894910023,-0.3394083231205317
144.94,0.1648799741692945,0.006477151665612379,-0.3326028392437103
144.96,0.23222838655699712,0.016031546722357116,-0.2875534591820281
144.98,0.3158929912113135,0.0253060166121006,-0.20470996353886645
145.0,0.393269749024144,0.03370593630887668,-0.08625391606362151
145.02,0.44647826893410947,0.040309446541367006,0.06254107685379759
145.04,0.47552992478259265,0.04421456894874566,0.23260592768881283
145.06,0.4883683044233131,0.044878502284343744,0.41191669934221065
145.08,0.4909857773133043,0.042180496742388184,0.5871358141114023
145.1,0.48633732224741183,0.036350385686242284,0.7451726545732833
145.12,0.4757694836090091,0.02788645095963691,0.87441848729273
145.14000000000001,0.45999515032765165,0.017481629924934534,0.9656709506855747
145.16,0.4395084631128774,0.0059516427233527736,1.0127690707115282
145.18,0.41473762893627025,-0.005837310741845498,1.0129397196650876
145.20000000000002,0.38610162064021103,-0.01703889517921757,0.9668575347406677
145.22,0.3540356853526498,-0.02689082033289392,0.8784343024053676
145.24,0.31900963689284206,-0.03476857439008451,0.754371177822529
145.26,0.2815499646810945,-0.040225160963229464,0.6035229497461659
145.28,0.24227425488783794,-0.043014389074803386,0.43613563715594034
145.3,0.20194736056051624,-0.043096500916029304,0.26302605436780874
145.32,0.16156925826977292,-0.040626162594052544,0.0947743496696974
145.34,0.12249948027387465,-0.03592404714058793,-0.059001993229347335
145.36,0.08660583518056676,-0.029434487809963248,-0.19023157474341168
145.38,0.05639603922235829,-0.021673130309749326,-0.2927815327921894
145.4,0.035075444992776324,-0.013170077785648293,-0.36262953421934296
145.42000000000002,0.02652435135201311,-0.004414814564512365,-0.3978098780662605
145.44,0.03530266934412609,0.004192264597429371,-0.39815142282115157
145.46,0.06674071210061398,0.012379901311844563,-0.3648381092168366
145.48,0.12632981680011537,0.020031462179242874,-0.2998333815456292
145.5,0.21520477938708826,0.02715478273183583,-0.20528903244156277
145.52,0.31878493028603655,0.03368695879357506,-0.08336265730514103
145.54,0.4055889585730248,0.03914283265319817,0.06279500329594326
145.56,0.45701059201594685,0.042609532009575284,0.2271207925824716
145.58,0.47993511754008134,0.04328669795980062,0.39992823772767955
145.6,0.48648111837685976,0.04085005721822525,0.5692426508709003
145.62,0.483534633894357,0.03541981315735515,0.722723475431004
145.64000000000001,0.4740084279445175,0.027430527338437847,0.849179837420967
145.66,0.459141692858441,0.0175276395449053,0.939610507217762
145.68,0.4396006268384512,0.006485966131385355,0.9878801093022912
145.70000000000002,0.4158797454789346,-0.004863799290938998,0.991088064013611
145.72,0.38844031480553265,-0.015704090173141914,0.9496524279128463
145.74,0.35776525935826237,-0.025292935264182578,0.8671296960967421
145.76,0.32439349945003537,-0.03301632318810669,0.7498037235183951
145.78,0.2889579856060977,-0.03842710859756556,0.6060911103662514
145.8,0.2522414915624531,-0.041267985700342805,0.44582218246040595
145.82,0.21526265265757433,-0.04147717204371401,0.2794644000075472
145.84,0.17940304253699024,-0.039176625900791025,0.11735810422830896
145.86,0.14657749050329338,-0.03464383860483054,-0.030967195852150846
145.88,0.11942949037255603,-0.02826959084449447,-0.15733458952350401
145.9,0.10150659754955657,-0.020505628869999133,-0.2552707982688564
145.92000000000002,0.0973523682751022,-0.011807843218593378,-0.3201368078441837
145.94,0.11239831616665133,-0.0025821299972041776,-0.3490338297917108
145.96,0.1521538888983123,0.006855458437432495,-0.340515717586389
145.98,0.21897018087768017,0.016274191509716075,-0.29421493324285364
146.0,0.3045018066426569,0.02541296751905297,-0.210682706135412
146.02,0.3860013980000574,0.03373724016347064,-0.09197780400456873
146.04,0.44308512852004,0.0403482718524503,0.05693233977378125
146.06,0.4743369983639063,0.04431630336604327,0.22726670781894348
146.08,0.4881478665558183,0.04506105337751312,0.4071449712736499
146.1,0.49118724683633674,0.0424378826246417,0.5832485109079151
146.12,0.4867540754619923,0.03666438598619936,0.7424354556257275
146.14000000000001,0.4763215094722455,0.02823294315412887,0.8730108687826397
146.16,0.4606429130832892,0.017834243103125796,0.965670414322818
146.18,0.4402240097595013,0.006284368149612043,1.014147586022097
146.20000000000002,0.4154950206212781,-0.0055480159980724735,1.015569521193006
146.22,0.3868730498146973,-0.016812429374452507,0.9705244896901434
146.24,0.354788798076384,-0.026741230655723033,0.8828570707098276
146.26,0.3197043691548584,-0.034703885327454526,0.7592241465853657
146.28,0.2821338342162247,-0.04024727960781823,0.6084607099390393
146.3,0.24267496867937893,-0.043119603262436405,0.44081665464917535
146.32,0.20206130939263564,-0.04327656417378002,0.26713316988559316
146.34,0.16124433751410489,-0.04086994436469664,0.09802979898679329
146.36,0.12151118238405637,-0.03621971091218694,-0.05682923198676031
146.38,0.08462697330172131,-0.02977212882251572,-0.18932809604817352
146.4,0.05296150925013682,-0.022047752559828382,-0.2933030970445879
146.42000000000002,0.029540003816110653,-0.013584765401986191,-0.36472699854969387
146.44,0.018000835966574678,-0.004884079849195854,-0.4016681262745752
146.46,0.022567507775761057,0.0036386868939221394,-0.40404245744110306
146.48,0.04817943654710256,0.011692921767968354,-0.37319034146290886
146.5,0.10037661874280013,0.01914268984883359,-0.3113122723052244
146.52,0.1825285298755418,0.02600110412488732,-0.22083944747202533
146.54,0.28602898850150893,0.03229615522603381,-0.10403982090451062
146.56,0.3821236693944798,0.03773028309355562,0.036409432708951174
146.58,0.4445304039128889,0.04149693499762929,0.19558225840158305
146.6,0.4743083210754601,0.04271771581893191,0.36496852596828794
146.62,0.4843582856197641,0.04093484678259852,0.5332972721842889
146.64000000000001,0.4834105233380847,0.03616634335296871,0.6884512739588149
146.66,0.47532897088323195,0.028776760061247134,0.8191231190008772
146.68,0.4617074900985049,0.01936200326507516,0.9159587347464271
146.70000000000002,0.44333053793253413,0.008662874832529022,0.9723035442328909
146.72,0.4207318431313656,-0.0025094446056420916,0.9846307900834982
146.74,0.3943878417459545,-0.01334259147052412,0.9526830192384408
146.76,0.36479087453034925,-0.0230861333104693,0.8793480769403106
146.78,0.3324901055406127,-0.031105381444299873,0.7703000652744508
146.8,0.2981325884489118,-0.036922522810366336,0.6334493772280775
146.82,0.26252102925522275,-0.04024242135957661,0.47825814612774037
146.84,0.226701448859838,-0.04096149221307403,0.3149860014006704
146.86,0.1920918723202839,-0.039159208880633824,0.15393511291695094
146.88,0.16065492221043948,-0.03507301982183833,0.004762859943810385
146.9,0.13509708775458648,-0.029058808561353937,-0.12407529010980353
146.92000000000002,0.11904668876532544,-0.02154065142486983,-0.22570178697186613
146.94,0.11712443241801086,-0.012955520197570639,-0.29497969470086327
146.96,0.13470944871981808,-0.003701136063629754,-0.3284571168082295
146.98,0.17672629584261623,0.005898014934636644,-0.32413210269089165
147.0,0.2437358274130649,0.015570843161019247,-0.28117195827962616
147.02,0.32496297253266365,0.024966607012473448,-0.1999206518504818
147.04,0.3984747404104964,0.03344329174781177,-0.08264906030877535
147.06,0.44854772254805375,0.04006908235345236,0.06515472388503854
147.08,0.47600073007634447,0.04396853609101087,0.23425078684917364
147.1,0.48822310291514764,0.04462596727153301,0.41256166776551806
147.12,0.49064019095403144,0.04193412280513423,0.5867776952073382
147.14000000000001,0.4859436736952918,0.03612671904148585,0.7438688858966169
147.16,0.475387816690546,0.027701244612641195,0.8722921314291567
147.18,0.45965735765224586,0.01734762324662543,0.9629025647274153
147.20000000000002,0.43923926009654946,0.0058774424263005574,1.0095821583793638
147.22,0.4145617099950005,-0.005847724495471227,1.0095830386393803
147.24,0.38604712814148556,-0.01698618423367653,0.9635864117041074
147.26,0.3541373420163419,-0.026779883936848027,0.8754927417316929
147.28,0.3193129785328315,-0.03460777029015442,0.7519763529426959
147.3,0.2821178131011568,-0.040025200864170926,0.6018534779361054
147.32,0.24319682495089287,-0.04278695559992916,0.4353248438762492
147.34,0.2033578042461906,-0.04285262119741736,0.263161265094747
147.36,0.1636666586945512,-0.040374352935500624,0.09590314628385976
147.38,0.1255808583547369,-0.03566822420586265,-0.056857630992363184
147.4,0.0911075473177424,-0.029171640872249913,-0.187052293961949
147.42000000000002,0.06294478726154265,-0.021390766648906035,-0.2885178614235143
147.44,0.044554082955091966,-0.012843428680573102,-0.35715845969245696
147.46,0.04016606987777461,-0.004003619751685042,-0.39087951006019345
147.48,0.05480237022102286,0.0047476741037136595,-0.38931141436205596
147.5,0.0941766887991685,0.01316178297736444,-0.3533545972203797
147.52,0.1630200980653255,0.02113628687158502,-0.28460757600430214
147.54,0.25795543364474555,0.02863838152698836,-0.184886054294601
147.56,0.35685163439479656,0.035435341727076096,-0.056415507685358614
147.58,0.42980319442020626,0.04081153493066967,0.09671537279280717
147.6,0.4690101037529575,0.04380801301910814,0.2668874311824238
147.62,0.4851373551176446,0.04376658519308174,0.4431057226925531
147.64000000000001,0.4882016599971938,0.04051924364670618,0.6127279023660815
147.66,0.48312890266409203,0.03429687725571938,0.7632806927835829
147.68,0.47196281929183387,0.025610571977776553,0.8838093400680238
147.70000000000002,0.4556356143393815,0.015160210994017414,0.9658082676017015
147.72,0.4347125179545361,0.003756918905936416,1.003818769333707
147.74,0.4096533180462532,-0.007749851859069338,0.9957270375053118
147.76,0.3809034617075672,-0.0185410664191569,0.9427781712964766
147.78,0.3489328707304362,-0.027889548610110414,0.8493285459511707
147.8,0.31426366277087675,-0.03521031902723923,0.722373406172899
147.82,0.27750401320734397,-0.040096585210236485,0.5709008761343851
147.84,0.23939991032845293,-0.04233916345933353,0.40513459821610526
147.86,0.20091637252933747,-0.04192829208166737,0.23573375575917335
147.88,0.16335816766188996,-0.03903799811240125,0.07302098974158484
147.9,0.12853081074427997,-0.033994397044046824,-0.07369434624980398
147.92000000000002,0.09892119502759739,-0.027230644993320927,-0.19663828225373492
147.94,0.077852617416003,-0.019232795934685572,-0.2898942670496966
147.96,0.06957130183566064,-0.010482203235926182,-0.3494996871234031
147.98,0.07924762994051299,-0.0014005952776768322,-0.3733153170930274
148.0,0.11269691411330221,0.007695257872766806,-0.36069131073293703
148.02,0.17457374370722017,0.01661155632583552,-0.3119961798178173
148.04,0.2619335972638134,0.02521032132855659,-0.22821489479538687
148.06,0.35508731115825926,0.03317411387947946,-0.11113809128321007
148.08,0.42656029738554035,0.03975675988973657,0.035349050045671564
148.1,0.46725634298851737,0.0439789132807849,0.2037546909239704
148.12,0.4855983528379669,0.045120362542554686,0.3830505489157151
148.14000000000001,0.4907411023997437,0.04292774468690339,0.56025410524361
148.16,0.48748699446311455,0.03755322113213192,0.7222167651496411
148.18,0.47790042239788455,0.0294489919965432,0.8570308468335255
148.20000000000002,0.462931793817811,0.019280288990912123,0.955050007082438
148.22,0.4431482145228656,0.007848900080355617,1.0095868020239018
148.24,0.41899820143623956,-0.003980710556519228,1.0173106674562462
148.26,0.39090349008702835,-0.0153528973261906,0.9783543822543072
148.28,0.35929467942387594,-0.02548656402963893,0.8961447160296596
148.3,0.32463153362676594,-0.03373099220924425,0.7769886151340448
148.32,0.28742377264079444,-0.039608125713398924,0.6294620999921215
148.34,0.24826185108537072,-0.04283869039849978,0.4636616774015011
148.36,0.20786707821091632,-0.04335074460707233,0.290386153538541
148.38,0.16717111929233616,-0.04127050147104233,0.12031985199968609
148.4,0.127431357337006,-0.036896471190377256,-0.0367135491203283
148.42000000000002,0.09037400694691543,-0.03065919601940109,-0.17236395939627172
148.44,0.05832868984929733,-0.0230702528930643,-0.28018380657983755
148.46,0.03429556433774596,-0.014665787909999764,-0.35584003534225783
148.48,0.02191994504261173,-0.005950921513572781,-0.3970998599243797
148.5,0.025465002523269078,0.0026496104831379695,-0.40360529541630163
148.52,0.04992007817237269,0.010832583164466102,-0.37646661780623475
148.54,0.10086973591390594,0.018447106344527873,-0.3177097511677973
148.56,0.18180298821257493,0.025490708807069242,-0.22965330666561692
148.58,0.28452192095285955,0.03197990577301051,-0.11450903851696542
148.6,0.38074509767296344,0.03761533542461379,0.02507497011431544
148.62,0.44387014985934714,0.04159040524560067,0.18420363822003294
148.64000000000001,0.474326988593322,0.043014971598719115,0.3543759451971162
148.66,0.48485939405614986,0.04141278842011073,0.5242657388502401
148.68,0.4842618087021972,0.036785950443094954,0.6816299595308352
148.70000000000002,0.4764523406060445,0.029488266773176577,0.8149818591396449
148.72,0.46304662374986677,0.020110044428979425,0.9147554387205797
148.74,0.4448347614654534,0.009391313981815242,0.9740715677444122
148.76,0.4223492405363404,-0.0018531026457339712,0.9891848440159735
148.78,0.3960612580277356,-0.01280341194519196,0.9596415601231547
148.8,0.366453987552756,-0.02269882034489842,0.888169210636333
148.82,0.33406212193364215,-0.03089239693293411,0.7803271290608187
148.84,0.29951032933237337,-0.03689338097600842,0.6439617247369783
148.86,0.2635669742169791,-0.04039421228827109,0.4885223021139509
148.88,0.22722615056595805,-0.04128061937548671,0.32430227860445054
148.9,0.19182955839924964,-0.039624260847275924,0.16167497271560066
148.92000000000002,0.15923275391460504,-0.03565862248023762,0.01039275896586847
148.94,0.13200197776447428,-0.02974019743880522,-0.12098701251883268
148.96,0.11359935580008201,-0.022298536171435526,-0.2254970747496346
148.98,0.10848496016983612,-0.01378051363858018,-0.29794185136134055
149.0,0.121995101089039,-0.004596193092069287,-0.3348564083007909
149.02,0.15949140793061214,0.0049214479240946435,-0.33427080298846845
149.04,0.2232066067200004,0.014513330115520182,-0.29538521660435507
149.06,0.30525194541991424,0.023886428555393677,-0.2184438688066376
149.08,0.38429849808452377,0.0324901922279312,-0.10530147356095695
149.1,0.4407886623990502,0.039432480394560446,0.03926414217834962
149.12,0.472574178471117,0.04378539526191967,0.20668935924699885
149.14000000000001,0.4872053036332994,0.04494868656877564,0.38527491260140645
149.16,0.4910485209683372,0.04274541190719222,0.561774048739233
149.18,0.48735878553014755,0.037359723298063155,0.7229826485756707
149.20000000000002,0.47761909140596387,0.02925473306942497,0.857017000565162
149.22,0.4625932103575194,0.019098445936862583,0.9542795191245745
149.24,0.4427923585353657,0.007692159666549545,1.0081351923439084
149.26,0.41864943119778986,-0.004101716790056365,1.015300468827684
149.28,0.3905832818886537,-0.015430456252169912,0.9759450259608486
149.3,0.35902663162892423,-0.025516316349375023,0.8935198617142174
149.32,0.32444474160098985,-0.03371200915572325,0.7743424669644683
149.34,0.2873567823547436,-0.03954264806752824,0.6269860963592535
149.36,0.2483684769175298,-0.042731544516901865,0.4615328755482457
149.38,0.20822532119422577,-0.04320845058690158,0.28875857071160904
149.4,0.16789649655869723,-0.0411000867156344,0.1193199670439535
149.42000000000002,0.1286956762005548,-0.03670400115023098,-0.03698597836061115
149.44,0.09242972910402678,-0.030448042927208742,-0.17182866726945478
149.46,0.06153832117334062,-0.022839148445889024,-0.2787654136294245
149.48,0.03916779297402398,-0.014406716401656734,-0.35344532084900926
149.5,0.029161589129205932,-0.005646820065530628,-0.39358626396746604
149.52,0.036058048447043696,0.003027575915949258,-0.39873947177833846
149.54,0.06516835496082453,0.011328093464721665,-0.36987112703429653
149.56,0.12206670913890744,0.019118660897317973,-0.30880121133168253
149.58,0.20853111427601997,0.026392710448340777,-0.2176098335007037
149.6,0.3115833981043041,0.03309507580976107,-0.0984026545656291
149.62,0.4004033290799668,0.03877343486594037,0.04580994507611891
149.64000000000001,0.4544334869466209,0.042527319913920704,0.20921426277140273
149.66,0.479130586458211,0.043525003477992694,0.3823302675277498
149.68,0.48672598461327743,0.041399227444385164,0.5532291734837774
149.70000000000002,0.48447672696544464,0.03623657752686319,0.7094606938487288
149.72,0.4754893476897834,0.028448704245723818,0.8396118497832188
149.74,0.46107460023314384,0.01866691810264352,0.9343857146599501
149.76,0.44192067470700164,0.00765971278691818,0.9873105146953833
149.78,0.41852616856358255,-0.003741276393958886,0.995138695058451
149.8,0.3913490197978182,-0.014710975614017494,0.9579585235256636
149.82,0.3608639643062837,-0.024494395410460945,0.8790381712870822
149.84,0.32759629717017813,-0.032460402266970174,0.76443397023721
149.86,0.29215748548323117,-0.03814230062611463,0.6224089342864461
149.88,0.2552967689082434,-0.04126264074593131,0.46271981697213727
149.9,0.21798110268627188,-0.041740780547813425,0.29583913475526485
149.92000000000002,0.18151465280455764,-0.03968291153913694,0.13218211691715862
149.94,0.1477018376762205,-0.03535546830962511,-0.01859270001644024
149.96,0.11903922350626994,-0.029144158868792045,-0.1481467706960694
149.98,0.09889516015670527,-0.021502380512792647,-0.24983820346148386
150.0,0.09161998893700266,-0.012894377720803703,-0.31887954571764904
150.02,0.10250587016510265,-0.003739844905520141,-0.3522686202128876
150.04,0.13724826285041877,0.005630422254834697,-0.34851550499351036
150.06,0.19948255084491842,0.014984070925576864,-0.30724893386959307
150.08,0.28392443553638796,0.02410083095958348,-0.2289490089492962
150.1,0.3698610309031218,0.03253918304996075,-0.11532634503452974
150.12,0.43366160471461673,0.03946673178073721,0.02935707633800727
150.14000000000001,0.4699023497536481,0.04391813106357615,0.19709058215902409
150.16,0.4865568085827282,0.04522433761966556,0.3764877088873433
150.18,0.49126969360164946,0.04316093771135059,0.5543754070753971
150.20000000000002,0.4880111459235633,0.037887100322256013,0.7174817617478763
150.22,0.4785374869098657,0.029853507092075585,0.8537831422458441
150.24,0.4637015407323929,0.01972273163911145,0.9535074341059133
150.26,0.44404077149919985,0.008295482756741676,1.009833481561108
150.28,0.41999379921983176,-0.003562525175492874,1.0192972683103956
150.3,0.39197746856809623,-0.014992082611816303,0.9819078258846723
150.32,0.3604178612109679,-0.02520657539852909,0.9009864976558959
150.34,0.32576862901223985,-0.033548361281255136,0.7827598921708369
150.36,0.2885301494994593,-0.03953171357129417,0.6357531128404632
150.38,0.24927811832516472,-0.04286965708908328,0.4700427360739548
150.4,0.20871044369537903,-0.04348324930165546,0.2964372836014183
150.42000000000002,0.1677222651431888,-0.041493113242171295,0.12565620680914913
150.44,0.12751593580083778,-0.037194238644453516,-0.03242326011026711
150.46,0.08973916120731637,-0.031016282154693424,-0.1693884917384351
150.48,0.05661656782773184,-0.023472978717715233,-0.2787318229490582
150.5,0.031014325063449436,-0.015105872874622991,-0.3560751881266019
150.52,0.016404156493808438,-0.006428767633271637,-0.39916894148467336
150.54,0.016808816557786366,0.002121479636583443,-0.4076797422361538
150.56,0.036902715412311014,0.010225725872937894,-0.3827985182766278
150.58,0.0821062730938102,0.017714839763907742,-0.3267015936731103
150.6,0.15695265813346684,0.024578583520468746,-0.24191811466191643
150.62,0.2573216342665596,0.030878182266456895,-0.13081585467232015
150.64000000000001,0.3590852982457966,0.0364497249151535,0.004163911870123098
150.66,0.4314644723799414,0.040610525503726395,0.15891330429147954
150.68,0.46854297867813927,0.04244460701658745,0.32592769606704985
150.70000000000002,0.4825465086166553,0.041368175399244284,0.4945662418770461
150.72,0.4838333539042404,0.03729075052224659,0.6528550062340329
150.74,0.4773005831271679,0.030502535065424417,0.7892666914693124
150.76,0.4649525822635464,0.021549381735847584,0.893981516817568
150.78,0.44771170523161474,0.01114045449674024,0.9597168758898411
150.8,0.4261536078008551,7.185181496947033e-05,0.9822248635156073
150.82,0.40076452532276285,-0.010843461965916717,0.9604982334958961
150.84,0.3720347640987273,-0.02084007043987262,0.8967067706713651
150.86,0.3405050551593633,-0.02925603454802643,0.7958918307078624
150.88,0.3068075600183308,-0.03557692746458336,0.6654598694781975
150.9,0.2717206549031025,-0.039465132809160496,0.5145285101133494
150.92000000000002,0.2362512799310007,-0.04077255584511708,0.3531881592654068
150.94,0.20175661115102234,-0.03953603294567757,0.19174733971534166
150.96,0.17011002722604193,-0.03595592634181935,0.04003038676354182
150.98,0.143898331113341,-0.03035972111831527,-0.09320838768170292
151.0,0.12660655327657575,-0.02315403258480065,-0.20070030370814013
151.02,0.12270508465042596,-0.014770361379925398,-0.27687130468076726
151.04,0.13745092306373527,-0.005612555921381975,-0.3178340978626135
151.06,0.17580669279368866,0.003979830481936501,-0.3211952254573198
151.08,0.2389479998727894,0.01371994688380569,-0.28579642296327257
151.1,0.31770883441271397,0.023258082381212734,-0.21169231884291187
151.12,0.3914813866811675,0.03197972190213411,-0.10080476395216399
151.14000000000001,0.4435632593140079,0.0389751144218676,0.04184293722811989
151.16,0.4730748418908101,0.04334935741579544,0.20748490848018294
151.18,0.4868621626402641,0.04453810038420394,0.38437189302392505
151.20000000000002,0.4904772901979684,0.042381232963567626,0.559313465839611
151.22,0.48678469814884445,0.037065662706295605,0.7191980892625932
151.24,0.47712947765567537,0.029050531324302933,0.8522303711070366
151.26,0.4622335240810253,0.01899700438626134,0.9488785915644329
151.28,0.4425975087031832,0.007698475627113461,1.0025436937810044
151.3,0.4186543600403363,-0.003990582485728492,1.0099461173418973
151.32,0.3908280607204796,-0.015224658884720781,0.9712290018349659
151.34,0.35956108619939026,-0.025231900186541756,0.8897904156747312
151.36,0.32533471812322745,-0.03336909628637934,0.7718748453970866
151.38,0.28869370835126534,-0.03916326228287105,0.6259704795780283
151.4,0.250284244898585,-0.04233717608543621,0.46207156998778287
151.42000000000002,0.210915153146859,-0.04281743668703543,0.29087332858192794
151.44,0.1716528565729613,-0.04072483623428044,0.12297009670646852
151.46,0.1339558534190567,-0.036348046238860544,-0.0318740665462963
151.48,0.09983822374955159,-0.030102876943856015,-0.1653197074697258
151.5,0.07202476422629316,-0.022480816099589317,-0.27086039793297817
151.52,0.054046946028839735,-0.013992085690153516,-0.34401238177456056
151.54,0.05027069468862417,-0.005109268647658374,-0.38227560807528366
151.56,0.06590331697551302,0.003783322325863552,-0.38487930792532427
151.58,0.10675052473498889,0.012429375545221827,-0.3523443074974308
151.6,0.17707491760310534,0.020709668891853827,-0.2859351948664505
151.62,0.2718254791031441,0.028549505538465636,-0.187244094722092
151.64000000000001,0.36733607212261793,0.03563780187511753,-0.058516221742218176
151.66,0.4356843329180196,0.041190553768485134,0.0958201202330827
151.68,0.4718726340896757,0.044248831963901204,0.2676642981363585
151.70000000000002,0.4866483228059154,0.04419102111606841,0.4456333791906777
151.72,0.48916075028329,0.04087831244169336,0.6168354945600472
151.74,0.4838113897048249,0.03455900763429727,0.7686390106256379
151.76,0.47243931037597203,0.02575641275208935,0.8899882306028049
151.78,0.45590748746534365,0.015181034832460484,0.9723217025790533
151.8,0.4347570571413523,0.0036538945181960715,1.010165850000308
151.82,0.40943629865108094,-0.00796661265038482,1.0014298255026381
151.84,0.38038054902149626,-0.01885398347522836,0.9474146950640296
151.86,0.3480462277074167,-0.028275567661018516,0.852558844244408
151.88,0.31293493645482523,-0.03564331884411122,0.723956725926444
151.9,0.2756228665326338,-0.04055006485018788,0.5707026374787059
151.92000000000002,0.23680618854797214,-0.04278908973462486,0.4031222553174574
151.94,0.1973732993485119,-0.04235602597381574,0.23196109105699714
151.96,0.15851387113797588,-0.039433269828509115,0.06760060354088053
151.98,0.12186639247386549,-0.03435834228859085,-0.08063056017675804
152.0,0.0896849859970174,-0.027578929567723946,-0.20499097450528528
152.02,0.06497982112764211,-0.01959885349061782,-0.29966118499109123
152.04,0.05158736657737071,-0.010920634498959785,-0.36085348193046235
152.06,0.0541873061885486,-0.001990589044786644,-0.38669516976772
152.08,0.0782813988858646,0.006848794200968715,-0.376905341312396
152.1,0.129566381786008,0.01539151510188258,-0.33230643793336734
152.12,0.21016626183501805,0.023551889001347706,-0.2542826879341491
152.14000000000001,0.3086880203976006,0.0312067930123235,-0.14454826869423348
152.16,0.39646418432021124,0.03787537780980255,-0.005919931191532751
152.18,0.452222319464732,0.04264454908690994,0.15591979271460407
152.20000000000002,0.47919575743700504,0.044633603868957275,0.3315075658165635
152.22,0.48873608891397,0.04339975333082653,0.5086705549608419
152.24,0.4880763592583439,0.03895901903220724,0.6744146634085594
152.26,0.48041292539181985,0.031670760377228345,0.8165354003724468
152.28,0.46710292820995863,0.022135407504622638,0.9247775826706007
152.3,0.4488464036445574,0.01111236785277872,0.9916313589831057
152.32,0.426134920545704,-0.0005550181987325291,1.0128168940241522
152.34,0.39940580889052735,-0.012011535607855896,0.9874748742177564
152.36,0.369098248179384,-0.022457234665457553,0.9180774858756748
152.38,0.3356809539511806,-0.031205837143375,0.810086967440581
152.4,0.29967658104463324,-0.037730648182339566,0.6714043839857151
152.42000000000002,0.26169529540384767,-0.04169505343317556,0.5116647905106082
152.44,0.22248798197202604,-0.04296582106749689,0.34144440611666904
152.46,0.18303000773318354,-0.04160864813467741,0.17145010741521202
152.48,0.14464373659925384,-0.037866598947160865,0.011761368428108751
152.5,0.10915561085067563,-0.03212331073907698,-0.12881024630710766
152.52,0.07905866815662778,-0.02485422275294897,-0.24318911770448126
152.54,0.05762951527719607,-0.01657063828202805,-0.3262923370744191
152.56,0.04897142899741058,-0.007762585362708355,-0.3750582672221626
152.58,0.05802589000478821,0.001153935765050516,-0.388253718992235
152.6,0.09048879196693965,0.009880837746213157,-0.36608617614110345
152.62,0.15159925272349994,0.018260915040904345,-0.3096745249227181
152.64000000000001,0.24047297137555487,0.026228784390034253,-0.22054373272155675
152.66,0.339352432056066,0.033587903582576864,-0.1006336225480732
152.68,0.4180969395990701,0.03970110914691949,0.04651618470799555
152.70000000000002,0.46345022059329183,0.04360272701505394,0.21401496430887046
152.72,0.48365005258527255,0.044530963271537535,0.39135029866994103
152.74,0.4892974364126849,0.042203111404349854,0.5659022462548482
152.76,0.48609428205442917,0.03676125573093842,0.7248097281551213
152.78,0.4764540391387035,0.028654262852362812,0.8564294143713578
152.8,0.46144205663812327,0.018543306178446003,0.9513659665399876
152.82,0.4416633799035802,0.0072229907998898925,1.0031607583436002
152.84,0.4175830782038122,-0.004452646352284305,1.0086766638201146
152.86,0.3896363238234179,-0.015640850004473912,0.9681929241297283
152.88,0.35827118605540437,-0.025574727686574886,0.8852281664059404
152.9,0.3239738839115705,-0.0336177818733834,0.7661239025661633
152.92000000000002,0.28729563065874686,-0.0393048659649463,0.6194360173677513
152.94,0.24889237379349435,-0.042367007546177435,0.4551940365702959
152.96,0.20958816532555918,-0.04273872271479282,0.28409586496821515
152.98,0.17047287833890426,-0.04054766339972174,0.11670874939993037
153.0,0.13303963248097797,-0.036087644347856745,-0.03725455517691417
153.02,0.0993503595165449,-0.0297773619631248,-0.16952211177659576
153.04,0.07219100465749634,-0.022108575629993545,-0.27366140639922015
153.06,0.055166427771292006,-0.01358904239816375,-0.34525821043106975
153.08,0.05272879496893182,-0.004686246401853323,-0.3818668074956772
153.1,0.07017699571046705,0.004222908726093068,-0.3827455780124913
153.12,0.1133253237631126,0.012890623534795038,-0.3484118920075813
153.14000000000001,0.18599288513082393,0.021202014450718697,-0.28009809430941907
153.16,0.28165507097980264,0.02906764692952293,-0.1793782722885165
153.18,0.3752296371413344,0.03613057214740675,-0.04860224330157583
153.20000000000002,0.44025126752300914,0.0415658922991272,0.1075023835564036
153.22,0.47397703889454385,0.044426428135702904,0.2804726097246892
153.24,0.4874097565814554,0.04413220229885983,0.45868525778229485
153.26,0.4891667305022002,0.04058129942566854,0.6291713952447442
153.28,0.4832979728810243,0.034048009368866435,0.7793474002783856
153.3,0.4715001704144459,0.025073767081868262,0.8982928535608239
153.32,0.45458775482465674,0.01438124301599977,0.9776418356895524
153.34,0.4330864435596223,0.002798180086963386,1.012154005245556
153.36,0.40743988820608357,-0.008815578954467045,0.9999880266697638
153.38,0.37808228111267994,-0.019637054234922676,0.9426901793973387
153.4,0.3454700771220649,-0.028941501174897674,0.844920958949639
153.42000000000002,0.3101054360011233,-0.03615229312442553,0.7139579467393051
153.44,0.2725656188005231,-0.04087610554127266,0.55902764441718
153.46,0.23354875769326217,-0.042921280808471816,0.3905297030815233
153.48,0.1939467785205504,-0.042298466699868566,0.21922304788056263
153.5,0.1549551310540393,-0.039203836886337065,0.055444587337883634
153.52,0.11822013246724818,-0.03398641216729326,-0.0915724463633662
153.54,0.08600300792321096,-0.02710232054152718,-0.21422213066063528
153.56,0.06131330226872519,-0.01906036003019201,-0.3068474123945583
153.58,0.04796923400185929,-0.010364614417133503,-0.36583596569806964
153.6,0.05060979270367748,-0.0014600250391186864,-0.3894906483809861
153.62,0.0746903304493311,0.0073146408853020164,-0.37769575647411946
153.64000000000001,0.1259213941068176,0.015759458641307473,-0.3314195599461144
153.66,0.20663292584779672,0.023798957244491433,-0.2521605393392641
153.68,0.3058131915878491,0.031327571629294226,-0.14169233561362643
153.70000000000002,0.394717471209635,0.037885689184041504,-0.002809857520775694
153.72,0.4513724948599449,0.04257028542278492,0.1588934303269768
153.74,0.4787444446130585,0.04449751163136336,0.33405383345950906
153.76,0.48838949533495823,0.04322021029395163,0.5105797951220286
153.78,0.48772808364298736,0.038753084520608556,0.6755472814329634
153.8,0.4800381466457519,0.03145545665707835,0.8168198816433531
153.82,0.4667048840961177,0.021927380894657164,0.9242100104156638
153.84,0.4484376633751004,0.01092694898866594,0.9902721135670706
153.86,0.4257319979382742,-0.0007048095927893678,1.0107833671918014
153.88,0.3990282741682785,-0.012115804872787565,0.984930514151826
153.9,0.3687695656368329,-0.022509738129880955,0.9152181382433321
153.92000000000002,0.3354304419733483,-0.031204169636902934,0.8071257790073127
153.94,0.2995426931419982,-0.03767607362646386,0.6685566677875149
153.96,0.26173084283631987,-0.041591980383149346,0.5091342818777125
153.98,0.22276824209341795,-0.042820937147496636,0.33941230459415905
154.0,0.18366485416913192,-0.041429732430104206,0.17006823174910987
154.02,0.14579475888409604,-0.03766103412800986,0.011150670617656414
154.04,0.11105846217445359,-0.0318963262525185,-0.12855466406568092
154.06,0.08205008710986578,-0.024606923558637674,-0.2419855070425604
154.08,0.06217929722767251,-0.016297893789847,-0.32405161818245487
154.1,0.055721398092572226,-0.007450832943913775,-0.371654717018656
154.12,0.06782198882146474,0.001528862523504696,-0.3834868279178517
154.14000000000001,0.10428705242066738,0.010354703088584953,-0.35963534109710854
154.16,0.16979956408189906,0.018874826422717605,-0.3010606756538497
154.18,0.26107280409997136,0.026998758565743877,-0.2091570953689974
154.20000000000002,0.35701628526899715,0.03444341103325557,-0.08595258808610268
154.22,0.42898103737034204,0.04046934064347064,0.06451111164848954
154.24,0.46871628200468757,0.04410356177623963,0.23459779358894242
154.26,0.4858302445536377,0.044657644457621624,0.4132099919690292
154.28,0.48987132331419136,0.041923281132062395,0.5874564778512262
154.3,0.48566473713476754,0.036094844787011665,0.7444580480543768
154.32,0.4752446424735247,0.02765731268551714,0.8727275439623973
154.34,0.45954380584090676,0.017297080655207006,0.9631474401737815
154.36,0.43912421579408034,0.00582476775924559,1.0096191834794654
154.38,0.4144367718929116,-0.005898473657305466,1.0094119301877975
154.4,0.3859110886252456,-0.01703140352034784,0.9632222574323928
154.42000000000002,0.35399156334643705,-0.026816590404828974,0.8749638636763186
154.44,0.319160057710241,-0.03463376454283517,0.7513214842584248
154.46,0.2819613354350044,-0.040039173115975574,0.6011183936514797
154.48,0.24304159305696402,-0.042788516828840516,0.4345587136631614
154.5,0.2032104096623592,-0.04284225363899106,0.2624130422492445
154.52,0.16353640227320426,-0.04035328161667852,0.09521831421225241
154.54,0.12548101407994305,-0.035638217019782245,-0.05743965204210213
154.56,0.0910568485090095,-0.029134750906566868,-0.18749981922678588
154.58,0.06296890235546329,-0.02134903778968477,-0.2888075016059381
154.6,0.044687006888919904,-0.012798590802823976,-0.35727447364231246
154.62,0.04045184459916407,-0.0039567959093215225,-0.3908119566473589
154.64000000000001,0.055296869187704045,0.004796234270559624,-0.38905317962127384
154.66,0.09494190572154676,0.013212873981458415,-0.35289749495665607
154.68,0.1640800324568735,0.021191419904770876,-0.2839385187637219
154.70000000000002,0.25917312675845333,0.028697807706867227,-0.18398734543108552
154.72,0.35788246514575767,0.035494091410487164,-0.055277597762850635
154.74,0.43042384789028465,0.040858800081884514,0.0980693156890679
154.76,0.4693029469530614,0.04383333015844002,0.2683892989442802
154.78,0.48524958001053564,0.04376439032390065,0.44465482219550095
154.8,0.4882153987722425,0.040488649767124546,0.6142110951818994
154.82,0.48307743496582906,0.034240294450800804,0.7645882981378862
154.84,0.4718589524522575,0.02553269494397204,0.8848461615894607
154.86,0.4554850929308788,0.015067285296667617,0.9665012127243121
154.88,0.4345188273059353,0.0036560913144040924,1.004121742281112
154.9,0.4094192477944848,-0.00785116094331523,0.9956232824405667
154.92000000000002,0.3806316001524268,-0.018635759036416084,0.9422801593681093
154.94,0.3486257590501515,-0.0279713817659378,0.8484755934301597
154.96,0.31392384561078845,-0.035274339908022305,0.7212273466513568
154.98,0.2771340727817883,-0.04013944189969402,0.5695402333300905
155.0,0.23900253042641054,-0.042359273888629936,0.40364779551271024
155.02,0.20049446318504996,-0.04192586511094723,0.23421194555370342
155.04,0.16291504509860058,-0.039014912091816095,0.07155108720672079
155.06,0.12807032595791998,-0.0339539528697264,-0.07503588495462604
155.08,0.098447523327925,-0.02717722316020129,-0.19779048995816062
155.1,0.07736929121113194,-0.01917146001163118,-0.2908152005212724
155.12,0.06907939772281375,-0.01041830004329732,-0.3501683527243573
155.14000000000001,0.07874442854710945,-0.0013393897629412513,-0.373732059778682
155.16,0.11217944655286693,0.007748932401001064,-0.3608767962803983
155.18,0.17405566033834147,0.016653778816221567,-0.3119887926194044
155.20000000000002,0.2614741035315323,0.025238942067964735,-0.2280655192299888
155.22,0.3547733751586133,0.03318968246345129,-0.11090098199254919
155.24,0.42640579196273565,0.03976192194589602,0.03562661796687949
155.26,0.46719444873933,0.04397632743229894,0.20403667758849614
155.28,0.48556937836646796,0.04511180981848294,0.38330977739231625
155.3,0.49071806480750835,0.04291454622641897,0.5604694120572358
155.32,0.4874612132766545,0.037536666401792894,0.7223721204638229
155.34,0.47786999003225955,0.029430468424691308,0.8571155677947541
155.36,0.46289695471421155,0.019261247324889524,0.9550591124247406
155.38,0.4431098946416185,0.007830763226194077,1.0095210914055444
155.4,0.4189576058971049,-0.003996647551395624,1.0171764086776673
155.42000000000002,0.39086203721706575,-0.015365555766547172,0.9781626169348396
155.44,0.3592540579653363,-0.02549514837112821,0.8959102522183167
155.46,0.324593839260944,-0.033735029398656365,0.7767288062146236
155.48,0.28739173986299144,-0.039607473926265985,0.6291955267366282
155.5,0.24823922792101735,-0.0428335159336261,0.4634068586050756
155.52,0.20785921557095147,-0.04334146706249246,0.2901604127279901
155.54,0.16718585959382526,-0.04125770822620513,0.12013846528707443
155.56,0.12748028724976254,-0.036880803018108296,-0.0368378045874749
155.58,0.0904740684069956,-0.030641207141021583,-0.17242074682822867
155.6,0.05850407290736345,-0.023050251496415212,-0.28016456956742897
155.62,0.034579940096749535,-0.014643665051276825,-0.35573667427514954
155.64000000000001,0.02235963916617989,-0.005925970957521261,-0.39690270725759097
155.66,0.026124004838365685,0.0026788947762033475,-0.40330033263130277
155.68,0.05088439287014964,0.01086873823670604,-0.3760318157637547
155.70000000000002,0.10223141272420673,0.018493783632231274,-0.31711064839245084
155.72,0.18356109174090118,0.02555168737248312,-0.22883987083459828
155.74,0.2863703937541475,0.03205498168272185,-0.11342203677034512
155.76,0.3821459399317523,0.037694359267688375,0.026475381636890415
155.78,0.4446440954095989,0.041655770237046384,0.18589876702003452
155.8,0.4746829909216907,0.043052062485457544,0.35627962097997457
155.82,0.4850003692250051,0.0414143907688762,0.5262480714351895
155.84,0.48428405478956266,0.036750832804620825,0.6835448979732076
155.86,0.476391879459937,0.029419293334955132,0.8166871204956876
155.88,0.4629163124447195,0.02001296734765807,0.9161262969153463
155.9,0.44463965975834235,0.009273896202016671,0.975010598410888
155.92000000000002,0.4220918387415963,-0.001981888762535601,0.9896283584098469
155.94,0.3957430919561363,-0.012934175473622876,0.9595628571977185
155.96,0.3660760525862327,-0.02282251374641852,0.8875787110916356
155.98,0.3336248646817247,-0.031001006024547088,0.7792695902038529
156.0,0.29901345439670346,-0.03698049900300708,0.6425109137182577
156.02,0.2630091374420326,-0.04045546292031495,0.4867736652812034
156.04,0.22660456252879885,-0.041313906245911504,0.32236426067471013
156.06,0.19113950428955365,-0.0396298356151871,0.15965970051496728
156.08,0.15846700552201476,-0.03563897799080718,0.008406807318373219
156.1,0.13115002444046134,-0.029699806665889478,-0.12285110998478928
156.12,0.11264648878563185,-0.022243469359256134,-0.22716801489771773
156.14000000000001,0.1074122651254831,-0.013717965651073388,-0.2993750323302817
156.16,0.12078526638687449,-0.004533906972698372,-0.33603732411460985
156.18,0.15815413156496935,0.00497604001558428,-0.3352156731908081
156.20000000000002,0.22184042975674603,0.014554730763451573,-0.2961368530259266
156.22,0.3040913342588314,0.023913717087725064,-0.21905885645852297
156.24,0.3835647113316432,0.03250843108608099,-0.10582787124444108
156.26,0.4404566398531286,0.03944918449381205,0.03880535436514071
156.28,0.4724696232438871,0.04380545821752153,0.2063031443165847
156.3,0.4871974955229287,0.044973359136428644,0.38497821729000553
156.32,0.491078232061373,0.042773736390177945,0.5615838818392895
156.34,0.48740378755443636,0.03738978212505341,0.7229099649217909
156.36,0.47767081693595786,0.02928430838135585,0.8570643326799732
156.38,0.4626474262296658,0.01912536508582044,0.9544405319154387
156.4,0.44284603912230674,0.0077145082293418035,1.0083953186972998
156.42000000000002,0.41869971838501546,-0.0040854499450208945,1.0156382511501267
156.44,0.39062704531495795,-0.01542128605351394,0.9763339319451627
156.46,0.3590601395632646,-0.025514719069345774,0.893930370973781
156.48,0.32446325327292674,-0.033717930823124014,0.7747442257650222
156.5,0.28735393616116667,-0.039555563034805646,0.6273499378986355
156.52,0.2483353330384245,-0.04275056214314612,0.46183250891070304
156.54,0.20814887628154544,-0.043232467514048634,0.2889717510942181
156.56,0.16775746150226795,-0.04112798267517029,0.11942896926151476
156.58,0.12846534844124852,-0.0367348767837952,-0.0369947541568386
156.6,0.09206592960945312,-0.030481496974104606,-0.17196612126383912
156.62,0.060980464814685706,-0.022875588033605922,-0.2790423497146081
156.64000000000001,0.03833076749610359,-0.014447693230094755,-0.3538763442674626
156.66,0.027926991483195922,-0.0056954003034251225,-0.39419508353126753
156.68,0.03426181139416465,0.0029663725353268207,-0.3995658069405175
156.70000000000002,0.06259639958008456,0.011246825851056685,-0.370979490214431
156.72,0.11852336756513179,0.019007655141217585,-0.3102907154196775
156.74,0.20414696689976725,0.02624375484622678,-0.2196177325670438
156.76,0.3072898418299716,0.032913230392672195,-0.10107779774966319
156.78,0.39740144684432094,0.03858888131242708,0.042388186140349705
156.8,0.45286159402615567,0.042382734617938934,0.20512088288228097
156.82,0.4784260574996214,0.04345169211449205,0.3777937347120318
156.84,0.48646205410154963,0.04141104150361412,0.5485675212068079
156.86,0.48446587095455546,0.036334284270462466,0.7050195148375652
156.88,0.47566311959780966,0.028624105178373344,0.8357208106284901
156.9,0.46140836683399655,0.018905446910798814,0.9313282352527531
156.92000000000002,0.442404345820959,0.007942425460874966,0.985302364308233
156.94,0.41915451494833694,-0.003435826774039112,0.9943142382794328
156.96,0.3921187779876532,-0.014404883691431104,0.9583644312110827
156.98,0.3617732090978064,-0.02420863112516595,0.8806344189949338
157.0,0.328644666216229,-0.032213226192614346,0.7671015867361866
157.02,0.29334685353821244,-0.037947967387564945,0.6259635427659699
157.04,0.25663228979640623,-0.04113046709724866,0.46692965375884216
157.06,0.2194726453494255,-0.04167462264160698,0.3004459863955866
157.08,0.1831787209935255,-0.03968106072624071,0.1369235082820589
157.1,0.14956417426276888,-0.035410939287011604,-0.013961700096587377
157.12,0.12113849833095133,-0.02924530939994594,-0.14383358536697133
157.14000000000001,0.10128809025966644,-0.02163377134218517,-0.2459957773397556
157.16,0.0943861983890195,-0.013037774988743218,-0.3155931259401566
157.18,0.10574144498368349,-0.003875366766254633,-0.3495467940296626
157.20000000000002,0.1410098398425505,0.005522583838974374,-0.3462866965269748
157.22,0.20360723543521475,0.014919860040128696,-0.3053681960692125
157.24,0.2877764423909504,0.02408443823664072,-0.22722784536203036
157.26,0.3725860061490394,0.03255527241207668,-0.11359749919399503
157.28,0.43507237273276933,0.03948716833857833,0.03116846170800906
157.3,0.4704723494642718,0.04391988779973905,0.1989519278078555
157.32,0.48673341030488587,0.04519680582338101,0.37829920941511447
157.34,0.4912718508481488,0.04310271358814558,0.556014811490012
157.36,0.4879224259615189,0.037801961690386465,0.7188326027588765
157.38,0.47838859864844324,0.029748112247640145,0.8547503695506299
157.4,0.4635057292076067,0.019605325751285898,0.954026149885502
157.42000000000002,0.4438059816440334,0.008174975818616766,1.0098733764004344
157.44,0.41972659473916524,-0.0036773406843978946,1.0188636824308184
157.46,0.3916843896510261,-0.015093215814416354,0.9810398765047408
157.48,0.36010607996477617,-0.025287403479181493,0.8997526952972992
157.5,0.3254465237998445,-0.03360404760406636,0.7812517779325285
157.52,0.28820807933268383,-0.03955945198147499,0.6340775639141177
157.54,0.2489696262422863,-0.04286872708166571,0.4683136690421774
157.56,0.20843415383393152,-0.043454877486991214,0.29476752464345196
157.58,0.16750476400470682,-0.04144014629614728,0.12415029632342503
157.6,0.12739583393971535,-0.03712064221945079,-0.03367460010743659
157.62,0.08977221259661576,-0.030926491807167486,-0.17031157875551042
157.64000000000001,0.056881311502403005,-0.023371145516377305,-0.27927041084636317
157.66,0.03161795640251498,-0.014995062101369692,-0.3561877320746099
157.68,0.017490280299069544,-0.006310159109809019,-0.39882265179592086
157.70000000000002,0.01857114892228049,0.0022494024307227905,-0.4068414356178573
157.72,0.03960279401234905,0.010368056556275207,-0.38142209247948106
157.74,0.08605208097723938,0.017880904088914164,-0.32471216509106243
157.76,0.16226997527895096,0.024780211659978124,-0.2391969860147037
157.78,0.2633077485885603,0.031119404727877567,-0.12720695126588294
157.8,0.3640226425968862,0.036706577321332916,0.008783118763396505
157.82,0.43436739836244226,0.04082969988965663,0.16450411327081293
157.84,0.4699114484742757,0.042575409697264636,0.33223178003104525
157.86,0.48309919586676264,0.04138321642887217,0.5011671867319301
157.88,0.4839482402903185,0.037183727444897584,0.6592713252952538
157.9,0.4771247702435391,0.030281692135529628,0.7950226326170915
157.92000000000002,0.4645392998190376,0.02123307310570002,0.8986556970786848
157.94,0.44708199112228525,0.010754049586440441,0.9629762935390608
157.96,0.42531803015264225,-0.0003549851732706959,0.9838474749078711
157.98,0.3997301266763791,-0.011279423130411718,0.9603848133784065
158.0,0.3708070971878641,-0.021254757711767117,0.8948823274671941
158.02,0.33908860152507037,-0.029622280680955442,0.792497222339024
158.04,0.30520559658092616,-0.035872737088843414,0.660734848746352
158.06,0.2699349610905122,-0.0396751209840992,0.5087879761360264
158.08,0.23428190505588353,-0.04088880165761242,0.3467938046125793
158.1,0.19960187621176606,-0.03955831169420889,0.1850771217195062
158.12,0.16776684266330316,-0.035891331238500114,0.033448302582472916
158.14000000000001,0.14136274506757535,-0.030221732081577118,-0.09937988032556683
158.16,0.12387474419055833,-0.022961129732812842,-0.206203193206858
158.18,0.11977780965439368,-0.014544285922001368,-0.2815286544987139
158.20000000000002,0.1343535338639757,-0.005376208933095185,-0.3215590390592709
158.22,0.17265134527793125,0.004205210414611093,-0.3239903063263763
158.24,0.23604390102676875,0.013919058317077706,-0.2877389834211605
158.26,0.31555209008560625,0.023426593823794667,-0.21290032911341436
158.28,0.3903512956979674,0.032124252204520455,-0.10138991396156297
158.3,0.44321491600887036,0.03910395755377011,0.041802640597420525
158.32,0.47309507509284365,0.04346438205422366,0.2079329081906752
158.34,0.48699669123685496,0.04463551984615486,0.38524654859493823
158.36,0.49062144340037395,0.04245551858624551,0.5605333382897898
158.38,0.48690114061639167,0.03711211949741679,0.720660724217988
158.4,0.47720364961278333,0.02906641712965232,0.85381822761194
158.42000000000002,0.46225745222830583,0.018981887105033554,0.9504677386908763
158.44,0.4425646697954307,0.007654206425782814,1.004013092188181
158.46,0.41855792034848927,-0.004060130349692596,1.0111862944200838
158.48,0.3906599197360443,-0.01531401698337621,0.972149333000821
158.5,0.3593108844171865,-0.025334549439087483,0.8903244477661714
158.52,0.32498842618230644,-0.03347808519290504,0.7719832803418496
158.54,0.28823145924092486,-0.039271858334397045,0.6256416061514647
158.56,0.24967697396217864,-0.042439516842193645,0.46131908109306924
158.58,0.21011947168148068,-0.0429091586555343,0.2897315737054257
158.6,0.17060349571013275,-0.04080367473098928,0.12148687727375213
158.62,0.1325550942601881,-0.03641441443414422,-0.033647054785944104
158.64000000000001,0.09794198453199324,-0.030160442337127044,-0.16733873610120903
158.66,0.06942498725962191,-0.022537097332351486,-0.2731039055309204
158.68,0.05044879425813454,-0.014059105726423562,-0.3464976567118853
158.70000000000002,0.045262783019569375,-0.005204332850785077,-0.38507830742794186
158.72,0.05893540836709373,0.0036367384430687744,-0.38815637471465275
158.74,0.09721869210699859,0.012201581775635208,-0.3563594447090936
158.76,0.16484975194837614,0.02037038012883933,-0.2910759589383492
158.78,0.2585419089913041,0.028091096458363465,-0.19398587444258225
158.8,0.3565705629699905,0.035115628170450955,-0.06725073609695163
158.82,0.42937755273057904,0.04072172242178835,0.08506092198071281
158.84,0.46889328195737195,0.043944659986813975,0.2553295009079939
158.86,0.4854173549150513,0.04411378688081794,0.43252335270152004
158.88,0.4888415450260775,0.0410458843604998,0.6039059842364264
158.9,0.48407752651381836,0.03495878200559004,0.7568523600044296
158.92000000000002,0.47317293156129225,0.0263546125368019,0.8802116124973015
158.94,0.4570621510272629,0.015928972143245568,0.9652554955951677
158.96,0.4363095997391298,0.00449338314103206,1.0062949129953072
158.98,0.411371687901313,-0.007097963004152007,1.0009961096194837
159.0,0.3826877058852981,-0.018017608006452853,0.9504108283690897
159.02,0.3507176368375856,-0.027527184869322378,0.8587416586955716
159.04,0.31596794160699915,-0.035028863883251535,0.7328785350245438
159.06,0.27902219041535337,-0.040102566846218775,0.5817569629240629
159.08,0.24058779859403157,-0.04252665773500882,0.4155998658929447
159.1,0.2015700376173534,-0.042281008030558134,0.245111755492827
159.12,0.1631835753815442,-0.03953254464192931,0.0806959109016253
159.14000000000001,0.12710381623022496,-0.034604598596557484,-0.06823758763919059
159.16,0.09564001241470205,-0.027932684558931498,-0.1938129646998487
159.18,0.07188618078672677,-0.020010853364604935,-0.2900324745519823
159.20000000000002,0.05980575295762526,-0.01133418417737901,-0.3528957954316702
159.22,0.06425345129810234,-0.0023434050033796453,-0.3802917501668858
159.24,0.09088743079046072,0.006622896816961218,-0.37168177624536436
159.26,0.1452081531150704,0.015357795685949317,-0.3276224562595467
159.28,0.22793896863252452,0.02375582297384261,-0.24926610172337121
159.3,0.32492469090417636,0.031629041233812105,-0.13825644335417983
159.32,0.40725969391404704,0.038399281932751,0.0023160253756013965
159.34,0.4577049726640863,0.04311349887355145,0.16618966978765531
159.36,0.48165033935986656,0.04493383425645085,0.3433431217062809
159.38,0.4897512272121362,0.04347621841269164,0.5212698337970111
159.4,0.48832734416572515,0.038798049731034186,0.6868443318252836
159.42000000000002,0.4801373413871405,0.031285912493415995,0.8278653271104374
159.44,0.4663800350052316,0.021559552951062107,0.9341725300645096
159.46,0.4477033688486428,0.010392242942215735,0.9984169840701606
159.48,0.4245812209119101,-0.0013637979233566315,1.0165252198212449
159.5,0.39744307276622554,-0.012849488083489163,0.987869791937831
159.52,0.36672183455383595,-0.023265948846336988,0.91516027869781
159.54,0.332878116290869,-0.03193256058960658,0.8040826852857176
159.56,0.2964222641096675,-0.03833224213786916,0.6627310460442241
159.58,0.2579452437850385,-0.04214109237719888,0.5008884181020891
159.6,0.21816816563801855,-0.04324070547314051,0.32922360450740307
159.62,0.17802091748461835,-0.04171270653242413,0.15847422861783855
159.64000000000001,0.13875779386223203,-0.03781626594361811,-0.0013138393895216413
159.66,0.1021056190030251,-0.03195057084101733,-0.1414261538212113
159.68,0.07041412873149583,-0.024605604477719294,-0.2549444944725794
159.70000000000002,0.04675445292351692,-0.01630615058766136,-0.33699933992124875
159.72,0.034934724693667166,-0.007555129000218749,-0.3847949248123929
159.74,0.0394965993671306,0.0012181699443773323,-0.39741593895695637
159.76,0.0657657312240612,0.009701827963762323,-0.37544249988872425
159.78,0.11940111982898646,0.017731703289383925,-0.32041295625389493
159.8,0.20276440696929898,0.025275764083061446,-0.23423682562483542
159.82,0.30452165229187605,0.0322739665090565,-0.11891727330613332
159.84,0.3949199705247097,0.03829883186746387,0.022682246802903937
159.86,0.4516231473116206,0.04246192292445385,0.1849889809726652
159.88,0.4783392741686351,0.04389763203312398,0.3587184295527248
159.9,0.48721421678623533,0.042188069329519205,0.5319553170329963
159.92000000000002,0.48584891201964353,0.03737802467645445,0.6920742041156766
159.94,0.4775524372149209,0.029850038507874918,0.8273454480361287
159.96,0.46371325446267947,0.02021764485910085,0.9280621111576349
159.98,0.4450432857188946,0.00924197363168007,0.9872923475194241
160.0,0.4220444152501057,-0.0022429628988635954,1.0013188111649307
160.02,0.39516867106357023,-0.013400959884717052,0.9697874050393648
160.04,0.36487809041521957,-0.02345863339444142,0.8955835678475466
160.06,0.3316771496570053,-0.03176115504849544,0.7844657993174625
160.08,0.29614454706356946,-0.037815148259423545,0.6445008473508026
160.1,0.25897832753753697,-0.041316011811334416,0.4853577205462466
160.12,0.22106628997993213,-0.04215804884222373,0.31752645203032404
160.14000000000001,0.18359316944229925,-0.04042696853660839,0.15153165692817924
160.16,0.14819076236600962,-0.03637553023487887,-0.00278974074330339
160.18,0.11712095677845362,-0.03038437767553503,-0.13688282423827916
160.20000000000002,0.09345594121620719,-0.022911580503225656,-0.24388831345416448
160.22,0.08120451339917184,-0.014435957512369573,-0.31884000012200764
160.24,0.08534146053585225,-0.0054003701748677226,-0.35863324597751334
160.26,0.11159182595691967,0.0038377714953781636,-0.36177821362498014
160.28,0.16508006397673075,0.01303405966230845,-0.32799098153616585
160.3,0.2452530868410096,0.022017202802945002,-0.25778569207372126
160.32,0.33685017367129827,0.030500349802076936,-0.15250100828731675
160.34,0.41303945554371174,0.03781639252681361,-0.015322505674255731
160.36,0.45978666382457545,0.04299349783417749,0.14716957961320826
160.38,0.4825409200785624,0.04521534437572362,0.32466374321310004
160.4,0.4906334999717835,0.04410564205201741,0.5044312026609603
160.42000000000002,0.4895731316991795,0.03971174030389145,0.6731156464046991
160.44,0.481815006394311,0.032405481994218506,0.8182315261261875
160.46,0.46846356159129976,0.022795274775546017,0.9292804648491633
160.48,0.4501380532706927,0.01164955690467613,0.9985425507230922
160.5,0.42730107921573857,-0.00017705832927984727,1.0215684716814677
160.52,0.4003734990313513,-0.011816288466979248,0.9973783982127149
160.54,0.36977713989371847,-0.022454339974363968,0.9283782063725254
160.56,0.33595590927104974,-0.03139151181149471,0.8200187661603542
160.58,0.2993940020055793,-0.038089323165655116,0.6802405906700062
160.6,0.26064092052873983,-0.042202171970848974,0.5187601046050434
160.62,0.22035199286789792,-0.04359172079175447,0.34626343235381984
160.64000000000001,0.1793541225351925,-0.042323462968770154,0.17357830686709136
160.66,0.13874524413379716,-0.038646144989958685,0.010894425443131791
160.68,0.10002610828221606,-0.03295592055358338,-0.13290251615710758
160.70000000000002,0.06523882019942016,-0.02574842617988686,-0.2507279404220129
160.72,0.03705641094514322,-0.01756352475738614,-0.337587286525777
160.74,0.01877282964636935,-0.008928898891511269,-0.39063937977065705
160.76,0.014234726818514825,-0.0003086546043428596,-0.40904243420531056
160.78,0.027882915532744256,0.00793976189863752,-0.3936107322740185
160.8,0.06492931331763524,0.015600555783191103,-0.34631527711927024
160.82,0.13061048572219963,0.022619523960808588,-0.26966824109140697
160.84,0.22479068554147635,0.02905893978250905,-0.16612821786719278
160.86,0.3298797878377472,0.034868655706390236,-0.03801281108852187
160.88,0.4133571689871555,0.039529864586294705,0.11131106036640254
160.9,0.460232256006877,0.04213322467052846,0.27547136802149413
160.92000000000002,0.479876406057653,0.04195502769750182,0.4446441422149732
160.94,0.4842928675405602,0.03876212253446104,0.6070731219855072
160.96,0.4798260213747549,0.03274428129465087,0.7509619077849655
160.98,0.4691081904099293,0.024380734617511786,0.8658914902581759
161.0,0.45327911784433317,0.01433920744174065,0.9437656723871023
161.02,0.43298051194413034,0.0033962891468548536,0.9794016617599404
161.04,0.4087126940113529,-0.007634129281670347,0.9708206442416173
161.06,0.3809600556944632,-0.017967104325578263,0.9192625078307549
161.08,0.3502456879924999,-0.026905392774702847,0.8289494912850734
161.1,0.3171718253035735,-0.03388731054707774,0.7066354773521325
161.12,0.28246937265457445,-0.038520625679782816,0.560990889532607
161.14000000000001,0.24707117993362931,-0.040600317494845044,0.4018837399200959
161.16,0.2122215821520789,-0.04010914013047825,0.23962387093750465
161.18,0.17963001424374953,-0.03720110977944859,0.08423933962488553
161.20000000000002,0.1516621704729173,-0.032169316277008725,-0.05514909587985868
161.22,0.1315346662156237,-0.0254009670845622,-0.17079794675813342
161.24,0.12344072599961502,-0.017324410932045616,-0.2566131716037248
161.26,0.1324598982865001,-0.00835524205089756,-0.30820573002729573
161.28,0.16381888544890097,0.0011467218592488505,-0.3227479364510834
161.3,0.2202552580594052,0.010883869990845106,-0.29871828791394545
161.32,0.29607283810863766,0.020539084787130513,-0.23577665095884207
161.34,0.3730587086795679,0.029584619627467883,-0.13520185155075862
161.36,0.4316099759054453,0.037172729183286075,-0.0010381867164233616
161.38,0.46667449051252496,0.04236632839167861,0.15897385887277107
161.4,0.4841296009606412,0.04449326373398764,0.33378474949709436
161.42000000000002,0.49021249502983566,0.04328393513444419,0.5104552469446335
161.44,0.48840978464856205,0.03883499268532461,0.6757238005788166
161.46,0.48036417964222977,0.031535277494531375,0.8173243262824677
161.48,0.46691177564689884,0.021994955778303075,0.9250117762040427
161.5,0.44859222213181105,0.01097622491597958,0.9913091470288211
161.52,0.4258492074468053,-0.0006774465908944401,1.011974537626141
161.54,0.39910622665452206,-0.012111978711381442,0.9861842938571648
161.56,0.3687993620345085,-0.022529276850729037,0.9164401567341092
161.58,0.33539832440017503,-0.031245325647641858,0.8082255932771929
161.6,0.29942928443318517,-0.037735844071887445,0.6694534612347042
161.62,0.2615086439053662,-0.041666538924259505,0.5097610582717815
161.64000000000001,0.22239733889597413,-0.04290617066645015,0.3397181420363984
161.66,0.18308637040957693,-0.04152187416125181,0.17001819453914324
161.68,0.14492156362369543,-0.037757387523606974,0.010723005632009133
161.70000000000002,0.1097629410427771,-0.031996074182567384,-0.12937439958583602
161.72,0.08014909379001672,-0.024712011289632164,-0.24321370732246905
161.74,0.0594159022351743,-0.01641396988120293,-0.3257195427509346
161.76,0.051742508028011565,-0.007588244939547228,-0.3738252763134517
161.78,0.062161371015899455,0.0013540710128908421,-0.38627541186385733
161.8,0.09642550838796125,0.010120495499589701,-0.36323373791154817
161.82,0.15955830382868322,0.01855714901647328,-0.30575571651764966
161.84,0.24965221771666862,0.026589314020551227,-0.21530974404493258
161.86,0.3473979911718441,0.03398366685790897,-0.09386851932315068
161.88,0.4231466286214469,0.04005621261084812,0.05481279071216467
161.9,0.4659177181718068,0.04383525336124277,0.2235097837358921
161.92000000000002,0.4846762563476467,0.044591311739975555,0.4014411150431742
161.94,0.4895718109494192,0.042075897681000986,0.5758598404920975
161.96,0.48590134769803645,0.036455391299532604,0.7338950403144334
161.98,0.4758998560564635,0.02819544467299546,0.8639745715627628
162.0,0.4605698738714414,0.01796894947756278,0.9568308069897458
162.02,0.44049602783177155,0.006577962407636983,1.0061710673714215
162.04,0.41613672857375933,-0.005120141750896275,1.0090457284423282
162.06,0.3879246427195967,-0.016283258357269244,0.9659268398852549
162.08,0.3563063192647988,-0.02614881884511994,0.8805157445613041
162.1,0.32176626893876475,-0.03408777935155376,0.7593128979937634
162.12,0.2848532173458801,-0.039644837358426104,0.6109982599828292
162.14000000000001,0.24621938875951507,-0.042562381638237695,0.4456827149973727
162.16,0.2066833770584353,-0.04278687346402558,0.27409860101487915
162.18,0.16732713053845785,-0.04045757888468434,0.10680018568715788
162.20000000000002,0.12963197829188197,-0.03587877654111865,-0.04655716009571692
162.22,0.09564118628411544,-0.029477832282443547,-0.17779732695046824
162.24,0.06810912725944579,-0.021752995867314343,-0.2806140237491781
162.26,0.05058654563070122,-0.013216293518720031,-0.35074071436703746
162.28,0.047440124595221345,-0.004337582304327256,-0.3858924993157275
162.3,0.06386444310065131,0.004505284763179109,-0.385495102886938
162.32,0.10565234102698431,0.013065363498639071,-0.35023392483153776
162.34,0.1770210393291002,0.02123465625716164,-0.2814964290997187
162.36,0.27267965023308205,0.028948571762452975,-0.1809533794699134
162.38,0.36850301930248697,0.03589947494005588,-0.050899886301117886
162.4,0.4365291373033549,0.04130152854783011,0.10418610326201704
162.42000000000002,0.47222600182411434,0.04420030085097838,0.27615627762417416
162.44,0.48659699666935563,0.04398679388018708,0.4536161757908919
162.46,0.4887986711907215,0.040535950559295965,0.6237172010092944
162.48,0.4831971166701686,0.03410722660273184,0.7739213517853561
162.5,0.471611457594527,0.025231698688511814,0.8933044929678736
162.52,0.4548973062005978,0.014624146409689332,0.9734608309851616
162.54,0.4335942671190237,0.003106400046953988,1.009082575218516
162.56,0.40815188936217134,-0.008465590747248222,0.9982412887349
162.58,0.3790087736139964,-0.019270610982218314,0.9423848080078807
162.6,0.3466268605358215,-0.02858353512212599,0.846072432962927
162.62,0.3115165359756724,-0.03582532072444772,0.7164862011266804
162.64000000000001,0.2742678708219166,-0.040598421863403227,0.5627704377114032
162.66,0.2355989315378126,-0.04270546820818977,0.3952625999090414
162.68,0.19643226715656273,-0.04215025689517887,0.2246846646162335
162.70000000000002,0.1580093734098337,-0.039121314567390736,0.06136569400688091
162.72,0.12204385199522329,-0.03395950049808771,-0.08543722930020965
162.74,0.09089233629968063,-0.02711245041454395,-0.20806098336831744
162.76,0.06769688782525388,-0.019080187964629503,-0.3007567938465644
162.78,0.05645794949994385,-0.010357599286555049,-0.3597847542817914
162.8,0.06205174896962774,-0.0013796867915073846,-0.3832819742000299
162.82,0.09014584111148037,0.0075252119617496265,-0.37092584823787056
162.84,0.14619196250095406,0.01616339825039644,-0.3234412216384555
162.86,0.23057173193482955,0.02444139775221336,-0.2420959583691886
162.88,0.3282724310099127,0.03217258111788209,-0.12861914320811846
162.9,0.40993915938528985,0.038766534054847264,0.013788395201201353
162.92000000000002,0.45919601647313624,0.043266053447584725,0.1787125987804709
162.94,0.48220234273808843,0.044850755026190306,0.3560077209259256
162.96,0.48966667918534207,0.04316199454955021,0.5331343132534325
162.98,0.48777442753450967,0.03827929574992894,0.697030875552842
163.0,0.479200719919069,0.03060589668590034,0.8356377017014018
163.02,0.4651107432015719,0.02077285584604195,0.9389919542989202
163.04,0.44614134683744805,0.009559517752443212,0.9999768824506907
163.06,0.42276400661355357,-0.0021809635159684877,1.0147651751105748
163.08,0.3954095273707154,-0.01359338711219886,0.9829694960729592
163.1,0.3645145474749359,-0.02388694808137726,0.907515366798742
163.12,0.3305460161746551,-0.03239239085829133,0.7942655182707525
163.14000000000001,0.2940244064535777,-0.0386061681244444,0.6514405132089248
163.16,0.25555680575936884,-0.04221882395894277,0.4888935453423168
163.18,0.21588994478451665,-0.043125995097475694,0.3173061399431429
163.20000000000002,0.17599376466143224,-0.04142165480241415,0.14737544203439296
163.22,0.13718288261221728,-0.037374432074673836,-0.010937144078626435
163.24,0.10126971542055378,-0.031389069055856963,-0.14903196296281512
163.26,0.07071667605882788,-0.023956475580118118,-0.26011872860808605
163.28,0.048733832637111986,-0.015597403049488907,-0.3394496814071171
163.3,0.039298487250347645,-0.006805836395602259,-0.3843248168011457
163.32,0.04716324097535109,0.002002509435276345,-0.3938794578884729
163.34,0.07786160083575117,0.010533219226519806,-0.3686817171299927
163.36,0.1368690147292769,0.018639134643427202,-0.3101859839928832
163.38,0.2247314995453704,0.026285256394821755,-0.22017903490211796
163.4,0.3259918606916236,0.03334692754522211,-0.1006622068146181
163.42000000000002,0.40981173799878595,0.03927512930973114,0.045106550615204084
163.44,0.45932402915466497,0.0431287093965216,0.21076428719583035
163.46,0.4816350819407036,0.04410785584888037,0.38628023707363135
163.48,0.48819952746807593,0.04188834984488099,0.5593425316523764
163.5,0.48545417102433625,0.036585597190612155,0.7172622074514944
163.52,0.47613124697121445,0.028630752195502006,0.848481675263759
163.54,0.4614075481655712,0.018671078778357986,0.943629120286604
163.56,0.4419255092356936,0.007489409610048345,0.9962182597738682
163.58,0.41816505530401943,-0.004069905168820082,1.003041292303562
163.6,0.39057124952992245,-0.015171313010293428,0.96427285741768
163.62,0.35960364881730145,-0.02505224471812139,0.8833038179256057
163.64000000000001,0.3257653268566172,-0.03307740322194353,0.7663368235511936
163.66,0.289633599953145,-0.03877965981053163,0.6217904696957329
163.68,0.25190505764896987,-0.04188497965815644,0.459571138066529
163.70000000000002,0.21346642530649473,-0.04231994804637322,0.2902796576887947
163.72,0.17550232674793406,-0.04020166988567961,0.1244232384356137
163.74,0.13964491341949573,-0.035811020644159815,-0.028298365105737144
163.76,0.10815276789087044,-0.029551513207084493,-0.15956993692225968
163.78,0.08408052323105275,-0.021897526174953545,-0.26285055939118435
163.8,0.07139064010624717,-0.01333714992003903,-0.3335435617497502
163.82,0.07498440009875931,-0.004315751036500606,-0.3689372353430003
163.84,0.10055985003483092,0.004813347676629142,-0.3679316542991193
163.86,0.1535071165012856,0.013818678004016554,-0.33060029997741014
163.88,0.2341998062306639,0.02255867601819003,-0.257733015061686
163.9,0.3284299773330648,0.030800271223482913,-0.15077668980017775
163.92000000000002,0.4083953813409646,0.03793063242807611,-0.012793542501712156
163.94,0.457838225333839,0.04298842061229911,0.14989791872448519
163.96,0.48178113263125644,0.045134514276615786,0.32720977433385184
163.98,0.49024950711077,0.043973408136936946,0.506544790715168
164.0,0.4892657610370882,0.03954497527859364,0.6746260632053583
164.02,0.48149615113319966,0.03221941667026751,0.8190312542582251
164.04,0.4681151789663597,0.022604895840573073,0.9293223628096007
164.06,0.44976381590298276,0.011469256803877965,0.9978384763217887
164.08,0.4269118914477048,-0.00033431062652198044,1.020185298482198
164.1,0.3999837486295882,-0.01193977611769734,0.99543062348517
164.12,0.36940437818581656,-0.02253624027300996,0.9260175790362304
164.14000000000001,0.33562197404642585,-0.031427269886413124,0.8174218652830366
164.16,0.29912729898280815,-0.03807771976851028,0.6775955132051628
164.18,0.2604802275688558,-0.042145071867206264,0.516253519168942
164.20000000000002,0.2203525262042052,-0.043493502778865004,0.34406927815845545
164.22,0.1795968468345224,-0.042190140169471604,0.1718493956448022
164.24,0.1393503588414262,-0.03848418834048633,0.009758160997483221
164.26,0.10117103285717408,-0.032770807532963755,-0.13334315260560772
164.28,0.06718003521657115,-0.025542960252845675,-0.25038712064870616
164.3,0.040154985250031736,-0.017335998832883535,-0.33638200547068153
164.32,0.02352852897392558,-0.008671147077681303,-0.3884675597492517
164.34,0.021341337405573067,-3.8678398933333306e-06,-0.40575284714872134
164.36,0.03830391959600925,0.008319742472154347,-0.38896321147389373
164.38,0.07987670444683138,0.016097829882428884,-0.3399296552655982
164.4,0.15090466187699447,0.023286428829998193,-0.26097156907344243
164.42000000000002,0.24864201559721108,0.029927110633410733,-0.1543613997487953
164.44,0.35107116416223183,0.03587333960798098,-0.022454471441518735
164.46,0.42671903968197905,0.04047520104616234,0.13084802567164883
164.48,0.46682680112386915,0.04280061122210457,0.2982957443711042
164.5,0.4827383448083008,0.0422081120227006,0.46933877267329405
164.52,0.48522489404896985,0.038552078442785284,0.631858371270805
164.54,0.4795552094539725,0.03208396508613054,0.7739941360239426
164.56,0.4678929735003126,0.023325817258388285,0.8854689600343961
164.58,0.4512129118381725,0.012975854399268785,0.9584738973872683
164.6,0.4301022873109561,0.0018308957362150047,0.9882146112143101
164.62,0.40504258015968414,-0.009284915831079037,0.9731616908052091
164.64000000000001,0.3765095593330344,-0.019586205796861485,0.9150256816903932
164.66,0.3450193307127171,-0.028384510391441763,0.8184824839492633
164.68,0.3111654657350913,-0.035134951915567175,0.6906879836340409
164.70000000000002,0.2756668435276146,-0.03946843898931724,0.5406340779169141
164.72,0.2394398346412898,-0.04120736349271495,0.3784084148859812
164.74,0.2037071208807017,-0.040363903468978744,0.21442603237460472
164.76,0.17015085945669756,-0.03712123063166372,0.05870227961573121
164.78,0.14110345513925387,-0.031799197139754626,-0.07976729395164542
164.8,0.11974288799445647,-0.024807559222273765,-0.19346357559093025
164.82,0.1102290906515242,-0.016591524305491136,-0.2765961670531789
164.84,0.11767000482124285,-0.007576341779726827,-0.32513331783145044
164.86,0.14757094918660613,0.0018787910196402598,-0.3366242828877119
164.88,0.20357358696436195,0.01149484861661857,-0.3098897124874123
164.9,0.28150525815771665,0.021002620418411493,-0.24480159235253776
164.92000000000002,0.3634168091842921,0.029943393980640474,-0.14260659616915972
164.94,0.427103508166051,0.037507267466788126,-0.007082229440533751
164.96,0.46530628620645603,0.04273313985023866,0.1543215462696605
164.98,0.4841347058949908,0.04490413849497183,0.3306899974426007
165.0,0.490728198497173,0.043721596541198976,0.5090661140652878
165.02,0.4891010375039315,0.039270222955332994,0.6760909783148537
165.04,0.48110066948394453,0.031936534465447725,0.8193747724525338
165.06,0.4676294839884922,0.02233332287291624,0.9285503333688487
165.08,0.4492457894903018,0.011228231818841842,0.9960351622196418
165.1,0.42639603630962597,-0.0005281332952939382,1.0175073346946415
165.12,0.399499844845945,-0.012073707170603411,0.9920936811669384
165.14000000000001,0.36898454470837644,-0.02260232982015185,0.922278778238778
165.16,0.33530512735927204,-0.031422569453284414,0.8135601277135964
165.18,0.29896416881075005,-0.0380040552031311,0.6738918501846313
165.20000000000002,0.26054067157737554,-0.042008343299290554,0.5129731799307132
165.22,0.22073679800449322,-0.04330253167189831,0.34144761116431627
165.24,0.1804526642120538,-0.04195508347667073,0.17008319359543922
165.26,0.1408974567676543,-0.03821453696306808,0.009004186380915383
165.28,0.10373386703655404,-0.03247299332968268,-0.13296084129788385
165.3,0.07122792229004872,-0.025217626312042322,-0.2487595718404001
165.32,0.04635038216219136,-0.016975019248426444,-0.33338632969111215
165.34,0.03279270210400466,-0.008254412289034273,-0.38392552287142095
165.36,0.03495399036998956,0.0005044069146788283,-0.39937578133512885
165.38,0.058002055198467975,0.008975385272733592,-0.38028070749861914
165.4,0.10762666294201048,0.016979013688574733,-0.32820276033451107
165.42000000000002,0.18720494655463524,0.024478079010879963,-0.24512329867068613
165.44,0.2882896212628798,0.031447066616935956,-0.1330705273574686
165.46,0.3828756976984788,0.037544108614916125,0.005317193477032675
165.48,0.4451234252146808,0.04193563580721201,0.1650114231901348
165.5,0.47550522734880774,0.04371840022973627,0.3373024550492466
165.52,0.4863263165278945,0.04240297847205494,0.5106057758288446
165.54,0.4860941946805669,0.0379771329006465,0.6723634469612614
165.56,0.4786153154331815,0.030784107000685637,0.810722600030475
165.58,0.46546706333586163,0.021410351779316293,0.915721721802839
165.6,0.44742400674354926,0.010599523986713454,0.9800856991688236
165.62,0.42500753346413256,-0.0008229103430656621,0.999701985686752
165.64000000000001,0.3986752234911126,-0.012020697800461881,0.97380443076287
165.66,0.36889007967172316,-0.022212452128298213,0.9048828122312675
165.68,0.33615578848797295,-0.030728503058470726,0.7983461071410932
165.70000000000002,0.30104907680043336,-0.03705534409233559,0.661982063585393
165.72,0.26426436590194813,-0.04086483009785293,0.5052687014895251
165.74,0.2266829656799052,-0.04202635678706043,0.3386026645377211
165.76,0.18947857129506643,-0.04060143339243341,0.1725140702366453
165.78,0.1542661257227309,-0.03682125905515344,0.016937469017093615
165.8,0.12328600864996413,-0.031049183191787035,-0.1193964146920547
165.82,0.09959011092870207,-0.02373138769627437,-0.22939384812701497
165.84,0.08717730916586439,-0.01534071604099238,-0.3078183880588175
165.86,0.09102373929987284,-0.006319862305598119,-0.3512829838620727
165.88,0.11683660931686404,0.0029684230929725225,-0.3580257835725979
165.9,0.1696297993961093,0.012268561850548103,-0.32752358021750444
165.92000000000002,0.24863327147610104,0.021391213266854496,-0.2601094334683518
165.94,0.33862919455667934,0.030027083972283247,-0.15702425164527545
165.96,0.4134810519722321,0.037494230049439796,-0.021435349393915254
165.98,0.45966239276626597,0.042820537505010595,0.14006645651743865
166.0,0.48239113486074175,0.04519166605041777,0.3171676918615972
166.02,0.49065966942173106,0.044226666685589534,0.49713272841670375
166.04,0.4898209732831367,0.03996407789077386,0.6665699387409514
166.06,0.48228281630932784,0.03276666383059478,0.8129217112979683
166.08,0.46913789429539005,0.023235495180790586,0.9255843532651883
166.1,0.4510028141741315,0.01213426479357843,0.9967083003969209
166.12,0.42833933308717326,0.0003157440232198689,1.0217013690836265
166.14000000000001,0.40156752936365825,-0.011350727810829837,0.9994393328854518
166.16,0.37110807364424364,-0.0220476476587408,0.9321933211526953
166.18,0.3374031050611179,-0.03106939534629062,0.8252988903634568
166.20000000000002,0.30093407936001676,-0.03786995594031473,0.686608364880364
166.22,0.26224615101888543,-0.04209527413413114,0.5257821986670815
166.24,0.22198763879257497,-0.04359838460006472,0.3534849583949984
166.26,0.180974230058214,-0.042436719966360364,0.18055643816500527
166.28,0.1402865605452856,-0.03885222378019718,0.017228340300557737
166.3,0.10140050433823357,-0.033236093970872016,-0.12754794325494512
166.32,0.0663259344571021,-0.02608128701634031,-0.2466067584514794
166.34,0.037699128843363267,-0.01792746062405126,-0.3348666756921818
166.36,0.018776035429668554,-0.009304497693232168,-0.38940370697784377
166.38,0.013361477041788992,-0.0006808411901008187,-0.4093064318189373
166.4,0.02583998792523891,0.007579870280043391,-0.395340635462016
166.42000000000002,0.061361948839471915,0.015254099294240571,-0.34945686284078564
166.44,0.1252386292143983,0.022279942408816585,-0.2741787977847892
166.46,0.21799561587103986,0.028719127627226962,-0.17199695574436796
166.48,0.32342350281035054,0.03454248422659525,-0.04522446392365739
166.5,0.4090931942681103,0.039268503659888855,0.10290267783559914
166.52,0.458144865901726,0.041998342323940493,0.2662528897130467
166.54,0.4790756634894043,0.04198342184907264,0.4352057950422397
166.56,0.4841809335599351,0.0389608865306531,0.5980908240934708
166.58,0.48014536761930854,0.03309903143341179,0.7430941879204782
166.6,0.4697585060459651,0.024862631371779444,0.8597085290330172
166.62,0.4542161570866494,0.014909894193494245,0.9397018029688419
166.64000000000001,0.43417785987006735,0.004012028632347938,0.9777257058747381
166.66,0.4101488399804637,-0.0070185822564811816,0.9716222017605937
166.68,0.38261391337220246,-0.017394880248838094,0.9224532774412934
166.70000000000002,0.3520946137295071,-0.026414305845793108,0.8342783068587045
166.72,0.31919006583228415,-0.03350727725962616,0.7137149733766015
166.74,0.2846260328493351,-0.038271870038688566,0.5693329659287403
166.76,0.2493270828496002,-0.04049247348922816,0.4109404379120196
166.78,0.21452450213255758,-0.0401412977806308,0.2488299561990362
166.8,0.1819080922678467,-0.03736278307214994,0.09305283846334078
166.82,0.15381614331822355,-0.032442237840083515,-0.0472119304390775
166.84,0.1334307242392424,-0.025761532225139487,-0.16413621988046764
166.86,0.12490662201507792,-0.01774650929948484,-0.2515255831110704
166.88,0.13328828710340415,-0.008813140671566173,-0.304886365663242
166.9,0.1637937235721447,0.00067592588964824,-0.32129294453669144
166.92000000000002,0.2192561997355448,0.010419293311739759,-0.2991399115226946
166.94,0.29430807542962867,0.020098761152721394,-0.2380145723852273
166.96,0.37115469206478535,0.029192094666756072,-0.1391148236222508
166.98,0.4301365334535302,0.03685914491301055,-0.006374310053731
167.0,0.4657541097192882,0.04216169750427903,0.15259268867581477
167.02,0.483648721505465,0.04441704967911523,0.32683762793962234
167.04,0.49005969177325026,0.043342232198808374,0.5034724321036097
167.06,0.4885225704363145,0.039021504354104036,0.6692345711356967
167.08,0.48071044976639576,0.03183327677873952,0.8118112012077231
167.1,0.4674726489894567,0.022379558765128597,0.9208732492636392
167.12,0.44935383835081494,0.011416928967984229,0.9888320535500368
167.14000000000001,0.42679947721666767,-0.00021403504239084206,1.01131699462976
167.16,0.4002336382310105,-0.011659383863184604,0.987369677148094
167.18,0.3700925867138129,-0.022118550144169788,0.919361869161305
167.20000000000002,0.33684613726533463,-0.030902781721873628,0.8126616246764982
167.22,0.301020597294381,-0.03748128826594665,0.6750890655406127
167.24,0.26323252929324614,-0.04151209507925997,0.5162173481474298
167.26,0.22424294364743277,-0.04285576770376739,0.3465840655108685
167.28,0.18504266941444514,-0.041571397379332055,0.17688322910926518
167.3,0.14697712802560797,-0.037895448078853575,0.01720798654506937
167.32,0.11190647941450188,-0.03220529668954185,-0.12359060788490708
167.34,0.08237248030481716,-0.02497068135929812,-0.23837347300921022
167.36,0.06172198499440006,-0.016697823799212832,-0.32197268409468965
167.38,0.05415819925662723,-0.0078721519787715,-0.3712223039758342
167.4,0.06474933664716258,0.0010947123536438918,-0.3847669565584829
167.42000000000002,0.09926982399268758,0.009908514461146427,-0.3626751182281697
167.44,0.16266333811114805,0.018411572749622317,-0.3059175309320764
167.46,0.2527082191546111,0.02652042550436148,-0.21590161902492858
167.48,0.34975045551915834,0.03398539124960634,-0.09458949517409355
167.5,0.4244788278341404,0.040106669223246044,0.054204755535573586
167.52,0.46654832522699036,0.04391063206189478,0.2231602997771403
167.54,0.4849946508819489,0.04467491913328318,0.40141396885176067
167.56,0.4897748515234446,0.04215699503849122,0.5761650299288427
167.58,0.4860584184032124,0.03652643041643311,0.734506658101266
167.6,0.4760293784266977,0.028250832007040663,0.8648406246776571
167.62,0.4606730936661565,0.018004768552738738,0.9578802996830446
167.64000000000001,0.4405684322885956,0.006591983971183537,1.0073207000477526
167.66,0.41617132464959083,-0.005128453249701003,1.010206683613618
167.68,0.3879125062143176,-0.016312837337396493,0.9670114108250072
167.70000000000002,0.3562360708278495,-0.026197210787510736,0.881443355119321
167.72,0.321622830585808,-0.034151465724450325,0.7600150435789492
167.74,0.28461572369214627,-0.03971965655257878,0.6114219506148897
167.76,0.2458578777993574,-0.04264402772715048,0.4457920732986468
167.78,0.20615370677652448,-0.04287145868222896,0.2738743341545827
167.8,0.1665634868114218,-0.040542253295753054,0.10623669225490334
167.82,0.1285364701834253,-0.035962405716021856,-0.04745727684090517
167.84,0.09407036974308935,-0.029561735796165903,-0.1790315777198094
167.86,0.06585733137593576,-0.021841745997476587,-0.2821914267230354
167.88,0.047364606598981424,-0.013318581253122321,-0.35269651113131945
167.9,0.042847337733360566,-0.0044671934642179865,-0.38830653521569336
167.92000000000002,0.05736673855688578,0.004328404805438482,-0.3885143522395374
167.94,0.09666322641645622,0.012814868855090955,-0.3540982939263983
167.96,0.16541356492857823,0.020883065827008683,-0.28655721048859956
167.98,0.26003955754033525,0.028489723507657515,-0.18764078535891177
168.0,0.358278762550089,0.03538744970515625,-0.059559585222784005
168.02,0.4305570376952575,0.040848882786952326,0.09355626678460625
168.04,0.46941042755200707,0.04391293476910127,0.26401843250352486
168.06,0.48544170107124285,0.043923184569914175,0.4407648978045056
168.08,0.4885164764571954,0.04071193304200637,0.6110909626064357
168.1,0.48348139077963476,0.03450931472556152,0.7624595743533079
168.12,0.47235111236855065,0.025825987805055406,0.8838494942504842
168.14000000000001,0.4560481179918865,0.015362387343339562,0.9666888017389889
168.16,0.4351338052355581,0.003931293670368247,1.0054568742269407
168.18,0.4100653348071462,-0.007615210068357698,0.9979866288230806
168.20000000000002,0.38128500630345236,-0.018454736373542717,0.9454819540796217
168.22,0.34925809155427634,-0.02785635348939911,0.8522723443856272
168.24,0.31449950595345133,-0.035231274649894964,0.7253414092421433
168.26,0.2776061628665598,-0.040169208240001475,0.5736803701515892
168.28,0.2393064803936492,-0.04245813176249684,0.40752875754808415
168.3,0.20053841552973461,-0.04208643906919981,0.23757111690723576
168.32,0.16256612851842206,-0.03922761615858807,0.07416032040696285
168.34,0.1271366005213268,-0.03420881496140435,-0.07336495431505871
168.36,0.09665646963703921,-0.02746602279312016,-0.1972090888075575
168.38,0.07434421783510423,-0.019490049816833166,-0.29144903191674265
168.4,0.06431514066481911,-0.010768950721987533,-0.35213860002552744
168.42000000000002,0.07159580839007551,-0.0017329051259739538,-0.3771854452038161
168.44,0.10195159881049184,0.00729237537134478,-0.3660222246152554
168.46,0.16051313714256754,0.016109623952917523,-0.3191283036742758
168.48,0.24616204447412016,0.024600989561026583,-0.2375747210076676
168.5,0.3416120840399845,0.03251417377759879,-0.12307008991224677
168.52,0.41823267304715445,0.03917790193375126,0.020889249843474532
168.54,0.4632268298043304,0.04361698109567377,0.18737587070247663
168.56,0.48396029759472603,0.04505508572372239,0.3658013082383564
168.58,0.4903571119498262,0.043181423844743,0.5433819699436846
168.6,0.4878842646269576,0.03810747997824809,0.7069719107613804
168.62,0.47889857326146507,0.030257424967989163,0.8445305382684728
168.64000000000001,0.46445347217567834,0.020277127358851073,0.9461846029417728
168.66,0.4451494050651013,0.008956356824501676,1.0049571704319884
168.68,0.4214453765949848,-0.0028453860662756205,1.0171942795289755
168.70000000000002,0.39376641838986653,-0.014270632945731079,0.9826991655966246
168.72,0.3625442748399747,-0.02453027611328332,0.9045889882569462
168.74,0.32823938202154396,-0.03296038099954912,0.7889039272822865
168.76,0.29136223658445853,-0.039065782493643945,0.64401436813885
168.78,0.25250431440546944,-0.04254773804786352,0.47988487257566287
168.8,0.21238808942577675,-0.0433141087175232,0.3072621792220038
168.82,0.1719463967818907,-0.04147178082835459,0.13685810684974326
168.84,0.13243825230972128,-0.03730225025057221,-0.02140304780751215
168.86,0.09559460350247793,-0.031222514287640057,-0.15900913325766272
168.88,0.06376037622273843,-0.023734805758028457,-0.2693045812533538
168.9,0.03997607518728834,-0.01537028273470672,-0.3477197348561489
168.92000000000002,0.027971622903691828,-0.0066329085742855695,-0.39177320547743627
168.94,0.032151714240073195,0.002051034193749554,-0.40085962771436323
168.96,0.05768027263671219,0.010375308415913718,-0.3758513386023698
168.98,0.11019691996275917,0.0181843552883167,-0.31855105377481907
169.0,0.19264099603184656,0.025463471811031653,-0.231084318877518
169.02,0.2951507831706533,0.03219287597321738,-0.11556022808856996
169.04,0.3884655007990125,0.038007387583265044,0.025265266031882512
169.06,0.4481441868131561,0.04205515535621728,0.18614383342204074
169.08,0.47651147478161665,0.043458239067578106,0.3581579425049148
169.1,0.4860822526376075,0.04177329678258619,0.5296708847675564
169.12,0.48501923129937113,0.03702748897432598,0.6882481001101145
169.14000000000001,0.476906974512572,0.029591686137784203,0.8222939246441517
169.16,0.4632351554979018,0.020069629682977735,0.9221933857451107
169.18,0.44475051468797633,0.009212991208528296,0.9810682866474167
169.20000000000002,0.42196899778954305,-0.002153394055966553,0.995217551104592
169.22,0.3953520912417633,-0.013201740444511171,0.9642679672433099
169.24,0.3653727973543426,-0.023165738348947997,0.8910546790988146
169.26,0.33255153621915584,-0.0313957526035708,0.7812611943948362
169.28,0.29749143202892636,-0.037401292695073717,0.6428629892226854
169.3,0.2609281239227422,-0.04087803425535143,0.4854313937353179
169.32,0.22380665112641746,-0.041717756921776636,0.31936320797053347
169.34,0.18739699275302307,-0.0400007379438651,0.15510569942381622
169.36,0.15345362816147393,-0.03597134477149848,0.002446082958869389
169.38,0.12440720053808012,-0.029998871163415746,-0.1300709380556871
169.4,0.10354984695365438,-0.022527171142667647,-0.23554511211038182
169.42000000000002,0.09515567690450698,-0.014018275215520428,-0.30890709488973367
169.44,0.10445164990075542,-0.004896654377691947,-0.34687818384153984
169.46,0.13711417130804365,0.004496345518968242,-0.34772319837607113
169.48,0.19697744572089976,0.01391538866952691,-0.31087447534663504
169.5,0.2795486894770999,0.023133697923839694,-0.2366588762599965
169.52,0.36524380830783937,0.031721157902860786,-0.12662606985345098
169.54,0.4302838026653733,0.038864238564227084,0.015192848047754087
169.56,0.46798452655032935,0.04359363629782052,0.18105538075503708
169.58,0.48572428198748796,0.04521225334213591,0.3597735411298876
169.6,0.49120986471923,0.043462530905614735,0.5382449904187636
169.62,0.4885601036434726,0.03847483248648819,0.7031433542077903
169.64000000000001,0.47961225377138783,0.030676991819817444,0.8422871268666294
169.66,0.46525160334222737,0.020714928472250677,0.9456672277661877
169.68,0.44602700655683875,0.00937918877486716,1.0061718057362603
169.70000000000002,0.42238046921493855,-0.0024680191730832484,1.020018808401564
169.72,0.39472913381068103,-0.013964532470840625,0.9868982622230008
169.74,0.36349794650600276,-0.024314950482205618,0.9098362643276654
169.76,0.3291383728846084,-0.032848035889795284,0.7948093401310773
169.78,0.2921472778525296,-0.03906099702542652,0.6501543174720006
169.8,0.2530946712205211,-0.042647867164943516,0.4858321463252602
169.82,0.2126691029537108,-0.043510414900457824,0.31261282763705756
169.84,0.17175055966027658,-0.04175127434551553,0.14125236262308258
169.86,0.13151829228552456,-0.03765019765369048,-0.018268564284541766
169.88,0.09358851611253748,-0.031625542484656086,-0.15738046629154243
169.9,0.06015009919563412,-0.024184469350403002,-0.26938289104939317
169.92000000000002,0.03403936390491263,-0.015866910646314396,-0.34968863723959764
169.94,0.01871564158684791,-0.007189636426656378,-0.3958418577550342
169.96,0.01820803612956685,0.0014038081879679375,-0.4073226492409434
169.98,0.03720163622988833,0.009584833326755122,-0.38516794436000645
170.0,0.0811294490979739,0.017172973543679255,-0.3314419513692125
170.02,0.15464288060036174,0.02414651415783137,-0.2486083155241703
170.04,0.2541320852040535,0.030560628267125998,-0.13900716755741288
170.06,0.35621222314984097,0.03625880412572657,-0.00505093088889768
170.08,0.4297957374729712,0.040570378286977085,0.14922787555021588
170.1,0.46794967074629956,0.042573160742502315,0.3164162586253319
170.12,0.4826189000172333,0.041662801822655256,0.48590558915547355
170.14000000000001,0.484320984510854,0.03772961747172413,0.6456711901301067
170.16,0.47808605364100887,0.0310504847682763,0.7840698682905262
170.18,0.46597448960987303,0.0221631473904248,0.8911234133911642
170.20000000000002,0.44892690063635826,0.01177311028603794,0.9593674314000681
170.22,0.4275229391311852,0.0006768316016534579,0.9843657576361796
170.24,0.4022471301644659,-0.010308772905582556,0.9649316730892763
170.26,0.3735846534507506,-0.020411330024685523,0.9030775331838975
170.28,0.3420675839197076,-0.02895970701444898,0.8037198487019166
170.3,0.30831454385505314,-0.035428960257604836,0.6741799745770429
170.32,0.2730830826076499,-0.039470635182860786,0.5235334850128481
170.34,0.2373485449902561,-0.040926505458794976,0.36187101787736664
170.36,0.202421431307192,-0.03982497510765343,0.1995387733521276
170.38,0.17010926522658387,-0.03636056342960911,0.046427586078343124
170.4,0.14291224882578732,-0.03085820218466979,-0.0886247503241155
170.42000000000002,0.1242129952937955,-0.023725625382166854,-0.19826314839978282
170.44,0.11838372253544249,-0.015398981856033393,-0.2768388473724315
170.46,0.13065281908152265,-0.006289145729369055,-0.3204138546093234
170.48,0.16622452814963387,0.0032585733946656334,-0.32657151106419574
170.5,0.22720638596289508,0.012962269643319235,-0.2941364389535008
170.52,0.30609754309394516,0.022502514370570974,-0.22307992442334468
170.54,0.3828237479199557,0.031316008744440404,-0.11506839227002444
170.56,0.4386330678138217,0.0385182602247276,0.025301809820738576
170.58,0.47080150519170627,0.04318605324578613,0.18968293102620132
170.6,0.4861235611750072,0.04470429816092685,0.36657181818375684
170.62,0.4906676306651473,0.04286882608308223,0.5428297203476711
170.64000000000001,0.48763643826715525,0.03783415845736051,0.705244361741885
170.66,0.4785185018147086,0.03003643449796764,0.841809585238104
170.68,0.46408666254325687,0.020121731547996957,0.9427069789353496
170.70000000000002,0.44485757624230804,0.008875848119725194,1.0010054966583355
170.72,0.42126742281588364,-0.002847095661899217,1.0130778095943673
170.74,0.3937379936033307,-0.014195233427799535,0.9787315401793979
170.76,0.36270596009932415,-0.024384593611816947,0.9010665694999157
170.78,0.3286427825342358,-0.032755411579026075,0.7860870394858265
170.8,0.292077523500335,-0.038815329489052565,0.6421132252459301
170.82,0.25363142681864526,-0.04226673013796585,0.47905161728755585
170.84,0.21407385469270532,-0.04301665410670641,0.3075901916675748
170.86,0.17441005792452557,-0.04116898403759305,0.13838957481650194
170.88,0.1360075639832187,-0.03699978860040558,-0.01866034985137128
170.9,0.10075340621432427,-0.030917959143466754,-0.15505486441415334
170.92000000000002,0.07120775122627226,-0.023414687879263648,-0.26410762471736005
170.94,0.05070116403227649,-0.015006891854846672,-0.34116773471957773
170.96,0.04335789915201653,-0.006180665647905778,-0.3836085456438946
170.98,0.054108955381313203,0.002659968142381286,-0.3905994518211788
171.0,0.08862978011690867,0.011235178665694883,-0.3626894647256883
171.02,0.15207708101682382,0.019410106254454936,-0.3012567857655567
171.04,0.24309869661932335,0.027140028938604226,-0.20799656323729923
171.06,0.34284559656110686,0.03423484528368235,-0.0849600909938468
171.08,0.4207781744455524,0.04004789770957599,0.06419040648827379
171.1,0.4647700358415546,0.04361606200908078,0.2324171192707074
171.12,0.48388273328563886,0.044204176997601576,0.4091221129614658
171.14000000000001,0.4887537969090564,0.04156253730181772,0.5817255194776811
171.16,0.4849534264751112,0.03586069238988267,0.7375290316332871
171.18,0.47481793318802373,0.027567216622599644,0.8651465332372597
171.20000000000002,0.4593829789881456,0.017355244560564646,0.9555031958669953
171.22,0.4392451608641734,0.006023741753143191,1.0024934791522535
171.24,0.4148699631031286,-0.005576140478656455,1.003336115007642
171.26,0.38669785422060377,-0.016611030270202227,0.9586413424946665
171.28,0.3551866948839154,-0.026328744761778187,0.8722101446339355
171.3,0.3208384900956614,-0.0341112920483533,0.7505993994357233
171.32,0.2842294120585645,-0.039514043525017785,0.6025016860062818
171.34,0.24605479690223067,-0.04228863611587884,0.4380003185610799
171.36,0.2072003512583816,-0.042388338899052455,0.2677676228928909
171.38,0.16885023911201558,-0.03995582702554699,0.10227711275325838
171.4,0.1326358789992676,-0.035294513098235,-0.04890195507891115
171.42000000000002,0.1008105102976792,-0.02882588071382727,-0.17766630465008104
171.44,0.07640837017603236,-0.02103675769405806,-0.27774800061519284
171.46,0.06334178299617442,-0.012421940361913238,-0.34486161120198755
171.48,0.06642932328774445,-0.0034282042255188963,-0.3766226793339422
171.5,0.09130871452781368,0.005594585227380245,-0.37225444749848113
171.52,0.14353907605386232,0.014424858746199495,-0.3321280647905358
171.54,0.22427262061951328,0.022944354632966613,-0.2572680840505399
171.56,0.3204276814525428,0.030965832464305343,-0.14921909253147717
171.58,0.40367580293349126,0.03792885657765993,-0.010931737337329165
171.6,0.4556835983859977,0.042887840339665695,0.15153445916023672
171.62,0.4808417193990259,0.04498426544262773,0.32833225489962
171.64000000000001,0.48974366419734106,0.04380267021318579,0.5070177343995673
171.66,0.4888962178264579,0.039373030204693286,0.674408118341724
171.68,0.48117394616422676,0.03206119221945965,0.8181484850568574
171.70000000000002,0.46782243424039716,0.02247253431828729,0.9278548163754994
171.72,0.449505330336965,0.011372145906316793,0.995909347436193
171.74,0.42670046661911265,-0.0003898444564983542,1.0179493100347992
171.76,0.3998365428553705,-0.011950677081871945,0.9930612973152861
171.78,0.3693429791744612,-0.022502696791353423,0.923694118468201
171.8,0.3356742391507503,-0.03135241922663475,0.8153166790389035
171.82,0.2993308013345016,-0.03796709053602934,0.67586345085054
171.84,0.2608878904069501,-0.04200578613670301,0.5150238254841166
171.86,0.22104150492317146,-0.04333326089974736,0.34344118037764254
171.88,0.18068204601746135,-0.042016002797277435,0.17189215976856867
171.9,0.14100393846588838,-0.038301157784035804,0.010516420300019487
171.92000000000002,0.10364857903444374,-0.03258020526976008,-0.13183798692833915
171.94,0.0708531748706436,-0.025340609940857024,-0.24809856313696382
171.96,0.04555153745250276,-0.01711023676338536,-0.33324258239547033
171.98,0.031388077514178464,-0.008400616068411148,-0.38434454588687156
172.0,0.03269982125249957,0.00034515841551595273,-0.4004043624633709
172.02,0.05458067910914362,0.0087967253871473,-0.38198217794516565
172.04,0.1027071942711367,0.01676992379072751,-0.33067542555018503
172.06,0.18079926322231366,0.024226481670297326,-0.24851422877911014
172.08,0.28151248157511544,0.031154649654797223,-0.13755495685173433
172.1,0.37770168163595774,0.037247981509008106,-0.0003632741529586477
172.12,0.44225470961394353,0.04169992436403217,0.15824561641150997
172.14000000000001,0.4741999001707683,0.04359624986672882,0.3298078131224286
172.16,0.4858348720260624,0.042419789180086605,0.50289628623701
172.18,0.4860547910340746,0.03813557972006926,0.665006531704115
172.20000000000002,0.4788901558581908,0.03107127015786368,0.8042632597407081
172.22,0.46600497155851645,0.021802411207800052,0.9106302024234699
172.24,0.44820289295494,0.011065223206713578,0.9767210193557186
172.26,0.4260147216143538,-0.00031910268400437846,0.9982885469527356
172.28,0.39990128507852957,-0.01151549632637532,0.9744211276102887
172.3,0.37032711287048414,-0.021740811002304232,0.907464262005799
172.32,0.33779720782571215,-0.030320987426165315,0.8026950833689219
172.34,0.3028900047953638,-0.036735983641482714,0.6677915302514159
172.36,0.2663023408229611,-0.04064958548878615,0.5121512429373991
172.38,0.22891887097662697,-0.04192227844922253,0.346124682076108
172.4,0.19191779889296495,-0.04060653511257072,0.18023191172057007
172.42000000000002,0.15692020439044604,-0.036925070281655925,0.024432684833645576
172.44,0.12617540504426888,-0.031233884878538787,-0.11248523363120407
172.46,0.10274941452798296,-0.02397337750674616,-0.22334469512120475
172.48,0.0906629375506486,-0.015612406102831856,-0.30280625856276155
172.5,0.09491695131334484,-0.006591558492984253,-0.3473676692958998
172.52,0.12121145969176128,0.0027263794761539376,-0.3551475357190958
172.54,0.17441180530691128,0.012082241417711713,-0.3255095343933851
172.56,0.2533089276177345,0.021275709570611798,-0.25870108147487864
172.58,0.34223424181489975,0.02997618084605987,-0.15594245488974484
172.6,0.41549920162311416,0.037480988839369775,-0.02047118898595611
172.62,0.46051423702745614,0.04281630749599501,0.141003457214762
172.64000000000001,0.48268440902447923,0.04517997760386054,0.3180762123981706
172.66,0.4907323238668502,0.044201788413965916,0.497968829526606
172.68,0.48980495398081053,0.039925904298209275,0.6672794203137182
172.70000000000002,0.4822232631081134,0.03271768511434427,0.8134557992110973
172.72,0.46905056437490955,0.02317943065863232,0.9259069927441996
172.74,0.45089440182663687,0.012075373915674481,0.9967995712489748
172.76,0.42821389284107814,0.0002583668337893439,1.02155868451921
172.78,0.4014284823186962,-0.011402538252604604,0.9990770037487279
172.8,0.37095891711192647,-0.022090426783527864,0.9316407827508046
172.82,0.3372477915061654,-0.031100496744035266,0.8245978633447174
172.84,0.300777390545669,-0.037887698155381934,0.6858092597273784
172.86,0.2620942280323995,-0.04209899626358346,0.5249401133830911
172.88,0.22184880695946754,-0.043588407100052136,0.3526556429981322
172.9,0.18086026876624559,-0.04241421179937434,0.17979260438885586
172.92000000000002,0.14021454580341627,-0.03881898141999008,0.016576681577468676
172.94,0.10139523213402511,-0.03319424278858569,-0.1280486880521829
172.96,0.06642271883759071,-0.026032922863686848,-0.24692641975875745
172.98,0.03794671649102462,-0.017874258208945764,-0.33498275791355087
173.0,0.019240042967653994,-0.00924731351121915,-0.3892989083920894
173.02,0.014130166932426049,-0.0006193163371990518,-0.40896458098841615
173.04,0.027033673252949766,0.007647740093986901,-0.39474098697816334
173.06,0.06313555043003748,0.015332396487166399,-0.3485666145051783
173.08,0.12772115728121172,0.022374665069886793,-0.2729446618170945
173.1,0.22103734798599114,0.028835054550953965,-0.17034211652024295
173.12,0.3262853406301537,0.03467397454961165,-0.04306996620981066
173.14000000000001,0.4109930415234103,0.0393925364073655,0.10557809754866909
173.16,0.4591042450297686,0.04208613591811547,0.2693604694154835
173.18,0.4794910601671003,0.04201590274703865,0.4385581108339563
173.20000000000002,0.4843155176820098,0.03893097842484056,0.6014489921152002
173.22,0.48010988860104903,0.033008328999099744,0.7462094830900998
173.24,0.4695932745923345,0.024718683202512862,0.8623512174119058
173.26,0.4539361809944944,0.014724432162193143,0.9416812177032163
173.28,0.4337898194899701,0.0037995352902013423,0.9789040687885792
173.3,0.40965667839418396,-0.007242241029096839,0.9719228839512409
173.32,0.38202054278999054,-0.017613790374553122,0.9218636447703986
173.34,0.35140234847085355,-0.026613751605162328,0.832847377442606
173.36,0.31840062713767414,-0.0336748227448321,0.7115463937579942
173.38,0.28374041602822375,-0.03839820611503285,0.5665741099071606
173.4,0.2483454249233742,-0.040571979042739514,0.40776867550055684
173.42000000000002,0.21344605665601804,-0.04017228665741007,0.24543730065273905
173.44,0.18073139379851472,-0.037347432106014974,0.08963024585294986
173.46,0.1525393798621869,-0.03238621524031395,-0.050489364176754384
173.48,0.13205237513397078,-0.02567336744016303,-0.16712204167979794
173.5,0.123427294252762,-0.017636755940628777,-0.25411181511546077
173.52,0.131718078514998,-0.008693351791638371,-0.3070096216902308
173.54,0.16217625945252812,0.0007945242363793861,-0.3229359185306423
173.56,0.2177188711130808,0.010527754359387392,-0.3003264344991486
173.58,0.2930871874616803,0.020192994029910857,-0.23879538668498554
173.6,0.37044656100719864,0.02927391913804798,-0.13954487585830727
173.62,0.4298823656095715,0.03693269214042038,-0.006494757112261715
173.64000000000001,0.46574166097507225,0.04222847812907257,0.15275303977370158
173.66,0.483720453374425,0.04447525297236443,0.32724890752171965
173.68,0.49014491590406933,0.043388667503637915,0.5040940838681573
173.70000000000002,0.48859545067545995,0.03905320336587865,0.6700133436971217
173.72,0.480761269593048,0.03184826094772225,0.8126837957539881
173.74,0.4674965297298413,0.022377119522429583,0.9217709492919948
173.76,0.4493470865246826,0.011397663253716418,0.9896859351211513
173.78,0.4267583907550035,-0.0002483338683430972,1.012062969596414
173.8,0.40015394989969055,-0.011705936804089979,0.9879528862351277
173.82,0.369968960090477,-0.022173877525012757,0.9197400751599724
173.84,0.33667148175151923,-0.030963037697966437,0.8128073586496516
173.86,0.3007850270333125,-0.03754262148592426,0.6749903752296214
173.88,0.26292175197571477,-0.04157101505566605,0.5158770862558678
173.9,0.22383579316833538,-0.04290950195127252,0.3460177271692697
173.92000000000002,0.18450743611705914,-0.04161823209529373,0.17611539272557195
173.94,0.1462663527054822,-0.037935053546637856,0.01626742416609402
173.96,0.11094999815384103,-0.03223904510954034,-0.1246771034097862
173.98,0.0810685924956767,-0.025001967919431562,-0.23958853473697495
174.0,0.05992628507451989,-0.016732405744828212,-0.32331713157430597
174.02,0.0516693744684622,-0.00791853165912599,-0.3727253377995487
174.04,0.06129715979343704,0.0010248626854565074,-0.38649799184739625
174.06,0.09454522359328041,0.009800252273540967,-0.3647569407310736
174.08,0.15653589164171736,0.018248894840278772,-0.30853640600443993
174.1,0.24582986653052286,0.02629631234195022,-0.2192952588223912
174.12,0.3438689457031646,0.03372200554905574,-0.09897220639954471
174.14000000000001,0.4208586954794637,0.039860684007735854,0.048781359595068935
174.16,0.46479506466299303,0.04374191293032893,0.21689082839083898
174.18,0.48425733926111647,0.04461966305594556,0.3946889406056497
174.20000000000002,0.48955726058751764,0.04222733703097341,0.5694693273087839
174.22,0.4861595909502158,0.03671774073242744,0.7283379683246248
174.24,0.4763760154008697,0.028546956115751053,0.8596537201672886
174.26,0.46123648803842454,0.018381447276192973,0.954048133167498
174.28,0.4413343914622316,0.0070196925041526095,1.0051077370544934
174.3,0.41713052197251776,-0.004681764508891407,1.0097533328689454
174.32,0.3890576693901593,-0.015879066475504255,0.9683293155461012
174.34,0.3575614631969919,-0.025805616263231666,0.8844210638758169
174.36,0.32312465634387844,-0.03382651997194406,0.7644329998035249
174.38,0.2862931100484306,-0.03947937457561057,0.6169751560793082
174.4,0.24771443294119366,-0.04249886267440059,0.4521183258287899
174.42000000000002,0.20819980985258074,-0.04282380586564753,0.28058567109633553
174.44,0.16881961043999105,-0.04058655046895412,0.1129516123134787
174.46,0.13103809646046782,-0.03608576401614337,-0.041083084860342525
174.48,0.0968756149265235,-0.029744982788963564,-0.17327790264511583
174.5,0.06905935929455778,-0.022060706629529005,-0.27725091861955725
174.52,0.05111174069098377,-0.013545364085073832,-0.34865728577986194
174.54,0.04737160081398487,-0.004671217583759354,-0.38513948899831507
174.56,0.06300629265986217,0.00417977414586197,-0.38606378160718735
174.58,0.1038044656015934,0.01275542246199961,-0.3520750845074875
174.6,0.1741260887094584,0.020943216989606883,-0.284540981384041
174.62,0.26921118185474596,0.028680315101516494,-0.1851204614600014
174.64000000000001,0.36555175482651237,0.035672981005709634,-0.05606585935834628
174.66,0.4347614318933565,0.04115006457899918,0.09825249906839482
174.68,0.4714174878309747,0.04415299297613809,0.26981800312631243
174.70000000000002,0.4863472543072426,0.04405595053923281,0.4473203970247294
174.72,0.48888171377127154,0.04071808159777659,0.6179273204320779
174.74,0.48351667624389916,0.034387356776862235,0.7690625024080351
174.76,0.47212569356681283,0.025586870163869235,0.8897249183491928
174.78,0.4555831167974514,0.015026284590075292,0.9714058024235986
174.8,0.43443429369753234,0.0035249790830218118,1.0086792908173334
174.82,0.40913005146103926,-0.008060994106416917,0.9994942228945551
174.84,0.3801085496259871,-0.018907967267014842,0.9451809128248869
174.86,0.3478302981144617,-0.028286355983422447,0.850195099369019
174.88,0.3128032302562365,-0.03561112696603446,0.7216363349905969
174.9,0.2756134755482489,-0.040477782771647756,0.568592546901689
174.92000000000002,0.23697279243480196,-0.04268166770085591,0.4013734816752673
174.94,0.19779374394138038,-0.04221959875057969,0.23070214717057874
174.96,0.15930255612024255,-0.039274036420752924,0.06693492244150435
174.98,0.12319092198137596,-0.03418122213380728,-0.08062226444444304
175.0,0.09178680510727702,-0.02738603073092452,-0.2042425794044094
175.02,0.06819858469694018,-0.01938780858081062,-0.29810661959438
175.04,0.056390404309049735,-0.010682857406449402,-0.3584053593912821
175.06,0.061200969350418216,-0.001709499784051971,-0.3832163519827964
175.08,0.08827108220428141,0.007199113304759025,-0.3721739066066152
175.1,0.14311784495171148,0.01584423660234453,-0.3259802388022792
175.12,0.22652271481916397,0.024131405485418204,-0.24589491037328337
175.14000000000001,0.32427791785766835,0.03188515693747753,-0.1336208699524929
175.16,0.4071617629951866,0.03853605624021056,0.007736661304457186
175.18,0.45775551736075004,0.04313361166821444,0.1719229804877382
175.20000000000002,0.4816119055085601,0.04484239547579993,0.3489313007598004
175.22,0.48955563629559523,0.04328391271118247,0.5262858386110297
175.24,0.4879722780638643,0.03852221265158584,0.6909172303669483
175.26,0.4796374922337315,0.030949531799377494,0.8307053738742356
175.28,0.4657537658219857,0.02118934761151159,0.9355901090007221
175.3,0.44697016959189306,0.010016430906586452,0.9983331127346082
175.32,0.42376177332817266,-0.0017177419186471922,1.0149730274573745
175.34,0.39656001892253,-0.013156883844923323,0.9849873518906106
175.36,0.3658009872809329,-0.023506613457793844,0.9111758860012767
175.38,0.3319503037142089,-0.0320920403614862,0.7992942302303484
175.4,0.2955262341085146,-0.03840248865152171,0.6574815496750712
175.42000000000002,0.25713229449522423,-0.042120534659318934,0.4955400612305913
175.44,0.21750943048322335,-0.04313370419723621,0.3241327043642626
175.46,0.1776183887850947,-0.04152840485135496,0.15396961463608294
175.48,0.138759917068143,-0.03756687791650813,-0.004946709904555008
175.5,0.10272732687808638,-0.03164918173575935,-0.14395322554818862
175.52,0.07195997603087961,-0.024263605961686925,-0.25618156465340397
175.54,0.04964434193172306,-0.01593047891238515,-0.33679979711456154
175.56,0.039736676359224,-0.0071454467848611584,-0.38302629848464176
175.58,0.046970138457548403,0.0016723205274282605,-0.39392511842384104
175.6,0.07686276129411883,0.010223553980734431,-0.370009874124837
175.62,0.13492981892039396,0.01835572585621846,-0.3127014091580626
175.64000000000001,0.22199455002260482,0.02603100795156045,-0.2237710044669504
175.66,0.3232050836598491,0.033130765708606416,-0.10520023211201139
175.68,0.4078644564229266,0.039120066654510004,0.03981650184776298
175.70000000000002,0.4583399722501271,0.043062087360682046,0.20502306384440064
175.72,0.48127547139758725,0.044145368204732936,0.38047822188179
175.74,0.4882011801973935,0.04203055783463701,0.5539019704505663
175.76,0.485694375242438,0.036821327955829444,0.7125828016215651
175.78,0.4765575547954386,0.02894064406521164,0.8449010223580821
175.8,0.4619933284357869,0.01903039720652621,0.9413957594122089
175.82,0.4426523394154265,0.007870553945611475,0.995475247351252
175.84,0.4190165539265106,-0.0036950226405801177,1.0038195369068383
175.86,0.3915307671419782,-0.014829056652063717,0.9664936665869094
175.88,0.36065304348462696,-0.024765332268972592,0.886789755301104
175.9,0.3268838088276085,-0.03286339271971846,0.7708294766104138
175.92000000000002,0.2907961303431532,-0.038649944865025175,0.6269732801946872
175.94,0.253079855381681,-0.04184435543954704,0.4650951243391933
175.96,0.21461109693722255,-0.04236677179781939,0.2957896854776516
175.98,0.17655819230394393,-0.04032860166496734,0.12958247814177712
176.0,0.140529493066425,-0.036006291116590705,-0.023788022887919476
176.02,0.10875124534482149,-0.02980062055423342,-0.15595343636897638
176.04,0.08423785193631476,-0.022185211577840945,-0.2603126382541426
176.06,0.07090572464132713,-0.0136494557407284,-0.332209847356093
176.08,0.07360803220190788,-0.004641946574837475,-0.36888338353821226
176.1,0.09801288567755556,0.004479296529228113,-0.3691994455203722
176.12,0.14960010207261318,0.013478203705525072,-0.3332171409832208
176.14000000000001,0.22922358237727214,0.022213762386195955,-0.26172262825526327
176.16,0.32358977080050316,0.030467527508845856,-0.1561313861491124
176.18,0.4050232717263747,0.03765191057637011,-0.01938839565925578
176.20000000000002,0.4560644573638175,0.04281392455530994,0.14238172087385992
176.22,0.48102463488985503,0.045097372909510075,0.31926328536103793
176.24,0.49006132930926577,0.04408370065066364,0.49874462594139146
176.26,0.48943756371636155,0.03979466630929397,0.6675509717876935
176.28,0.48194293415503103,0.032587500382962147,0.8132004429080106
176.3,0.4687983026030148,0.02306127289753808,0.9251516605967066
176.32,0.45066003099019175,0.011978106713410593,0.9956107757290471
176.34,0.4280026507374696,0.00018872909262015623,1.0200342108748366
176.36,0.40125160241545604,-0.011440148880727113,0.9973369755621813
176.38,0.37083162625658317,-0.02209407393063056,0.9298180029985578
176.4,0.3371899486216529,-0.031070637990793,0.8228280355647806
176.42000000000002,0.30081566256614256,-0.037826908733758935,0.6842218948705563
176.44,0.2622659247859104,-0.04201148702402122,0.5236509563672338
176.46,0.22220804480323786,-0.04347934746565933,0.35176142111811065
176.48,0.18148744222057708,-0.04228886661261313,0.17936885816512207
176.5,0.1412300999638047,-0.038681664772127866,0.016679414456948247
176.52,0.10297822764633979,-0.03304709067833384,-0.1273768112542183
176.54,0.06883387753673031,-0.02587449905169276,-0.24564462309571938
176.56,0.041556239593142946,-0.01769802451984309,-0.3330348464902551
176.58,0.024565503283313715,-0.009039958799883643,-0.38658958004227334
176.6,0.021897246845041272,-0.0003587692241543766,-0.4053285204526401
176.62,0.03825852753035366,0.00799494096891582,-0.38990280768016056
176.64000000000001,0.07910865483980331,0.01581374083246542,-0.3420895738970313
176.66,0.14935333452860583,0.02304797194821138,-0.26417743263020155
176.68,0.24654208274793002,0.02973659320971828,-0.15842630739854355
176.70000000000002,0.3491339088094846,0.03573860879730383,-0.027174289445515393
176.72,0.4255305856654845,0.040413379386402014,0.1257287350710072
176.74,0.46632952633236824,0.042827147182389266,0.2931024418886782
176.76,0.4826639867960066,0.042326737542674214,0.4644366847996326
176.78,0.48540515400043505,0.038754860575914554,0.6276033323826774
176.8,0.4799137946854189,0.03235465144105197,0.7706925059009727
176.82,0.46839362291736975,0.023642790458165128,0.8833504817518119
176.84,0.4518329645333603,0.013314576703877257,0.957675237923689
176.86,0.43082274107702995,0.002166115930094649,0.9887721528579378
176.88,0.40584439875409517,-0.00897714296173546,0.9750127872485099
176.9,0.37737184915810584,-0.019326761852389133,0.9180175017834219
176.92000000000002,0.34591777151894026,-0.028189820964001928,0.8223871891836969
176.94,0.31207027190662207,-0.03501604953078684,0.6952225902842722
176.96,0.2765397238560692,-0.03943054284643617,0.5454830488772003
176.98,0.24022940797165634,-0.04125000442360314,0.3832468460061316
177.0,0.20434229201120538,-0.040481589149774594,0.21894125121902822
177.02,0.17053201457463882,-0.03730461144098053,0.06261176262257263
177.04,0.14109222177293518,-0.03203665160258577,-0.0767035421402554
177.06,0.11915262183646246,-0.025087062599398538,-0.19143760740891022
177.08,0.10882050076856281,-0.016902588568347695,-0.27575438088059095
177.1,0.11516408659244054,-0.00791167863963668,-0.325586109348212
177.12,0.1437224442008076,0.0015226698494322762,-0.3384606314967243
177.14000000000001,0.19841584312483446,0.011120221897225812,-0.3131888515469757
177.16,0.2758003914199587,0.020620117295435902,-0.24962154886064825
177.18,0.3586170247460785,0.029586234844578573,-0.14892149831921575
177.20000000000002,0.4240945976531397,0.03722973955682859,-0.014685701177052167
177.22,0.4638052608085746,0.042585432852265466,0.1458542242190203
177.24,0.48353929201742113,0.044913549516758015,0.321941187668866
177.26,0.49066038761680114,0.04389207373806436,0.5006790668375322
177.28,0.48938963732915847,0.039587961943421075,0.6686873649211333
177.3,0.48167104505611147,0.03237489646145682,0.8134939467477581
177.32,0.46844268698608477,0.022856793830235256,0.9246061024705271
177.34,0.45027462129878904,0.011796075014333942,0.9942876294243691
177.36,0.42761653230767305,4.1688886213833666e-05,1.018049173123554
177.38,0.40088806458069515,-0.011542562562471022,0.9948503814274485
177.4,0.37051494652144296,-0.0221457548016589,0.9270218071238602
177.42000000000002,0.33694916060801733,-0.031069227345816713,0.8199311325167328
177.44,0.3006884030116842,-0.0377736421726442,0.6814353139282924
177.46,0.2623038710905611,-0.041910684286369605,0.5211743882435198
177.48,0.2224852390187559,-0.04333756130887409,0.3497724727046639
177.5,0.18211290718772125,-0.042113706071056134,0.17801636764029577
177.52,0.14236604367088534,-0.03848030561627639,0.01608210315077129
177.54,0.10486439313840919,-0.032824490369075386,-0.12712512959073896
177.56,0.07181752846464384,-0.02563135554559533,-0.24446216202689736
177.58,0.04612814866799594,-0.01742854334687131,-0.3308303969116285
177.6,0.03140855276437578,-0.008729445758693194,-0.3832317977465186
177.62,0.03196071613603778,1.9127831900586255e-05,-0.40060498152841084
177.64000000000001,0.05283808720079292,0.008481540232317834,-0.38346689619017243
177.66,0.09971033691232194,0.016467426715361333,-0.3333951170092265
177.68,0.17652246301521402,0.023934124244434796,-0.25242273838867174
177.70000000000002,0.27671542485242545,0.030875446852890086,-0.14261041335785754
177.72,0.37388346173928116,0.037007178668749446,-0.00647169795243447
177.74,0.44010287190588493,0.04154196134661663,0.15132454414154523
177.76,0.4732614518535924,0.0435574380086892,0.3224846866650398
177.78,0.4855642014828509,0.04251424674795177,0.4956833042325634
177.8,0.4861725928210438,0.03835842212890341,0.6584322847813837
177.82,0.4792833207374291,0.0314044042361231,0.7988087099466119
177.84,0.4666261112561908,0.022218790871785313,0.9066848205017293
177.86,0.44902661066457544,0.011532209396634206,0.9745538516505193
177.88,0.42702223291141694,0.00016333752358204615,0.9980320539700437
177.9,0.40107523096152625,-0.011052344925271684,0.9760670383972984
177.92000000000002,0.37164958751699834,-0.02132861473940242,0.9108706575121954
177.94,0.33924862051748456,-0.02998608257433837,0.8076033733099041
177.96,0.3044478791550626,-0.03649768106291319,0.6738513706370972
177.98,0.26793954560031413,-0.0405191399057246,0.5189509334840949
178.0,0.23060083983891275,-0.041902580451485295,0.35322425199314533
178.02,0.19359836311382855,-0.0406925330810506,0.1871959714655217
178.04,0.15853599642747854,-0.0371048772738962,0.03086019625745598
178.06,0.12763959171525074,-0.03149046887285373,-0.10693682555478652
178.08,0.1039465338151144,-0.024286669129319545,-0.2189429929537417
178.1,0.09144682409495591,-0.015961596389271804,-0.29973633779182246
178.12,0.09511325417764083,-0.006957325128660386,-0.3457336415480613
178.14000000000001,0.12063324730897568,0.0023600299739561254,-0.35498238035724156
178.16,0.1729328585343832,0.011727232965506233,-0.32679048965418683
178.18,0.25108249062656457,0.02094223649918918,-0.26136275449065144
178.20000000000002,0.33990553393198536,0.029679955043350137,-0.1598705793951397
178.22,0.413778328024135,0.03724836688073793,-0.025467065757654325
178.24,0.45954073033488785,0.042675798733833425,0.13525300993189773
178.26,0.48224330603864696,0.0451498338801721,0.31198071453099474
178.28,0.4906336881951443,0.04428649202783634,0.4919830980034042
178.3,0.48995191578430547,0.04011809826643275,0.6618516224836318
178.32,0.48257131587647895,0.033000824534500414,0.8089854518071634
178.34,0.46957613131215187,0.023530240008171995,0.9227131689293121
178.36,0.4515811798322561,0.012466268341887694,0.9950988092899472
178.38,0.42904781553545435,0.0006599049642564171,1.0214526534952046
178.4,0.40239587565527535,-0.01101925479713602,1.0005499170292163
178.42000000000002,0.37204570877927756,-0.02175155217869824,0.9345660640157359
178.44,0.33843899314956255,-0.030827585550494314,0.8287529719502541
178.46,0.30205650729655437,-0.037696318291723874,0.6908970360429546
178.48,0.26344234163176383,-0.04199789544397671,0.5306145867292698
178.5,0.22324305200577554,-0.043579275421026374,0.3585499885711893
178.52,0.18227139538064135,-0.04249204051878631,0.18554685054418912
178.54,0.14160339265796576,-0.038972976989012566,0.021862851112056214
178.56,0.10270845356691959,-0.03340921371603119,-0.1235060732752657
178.58,0.0675891153380385,-0.02629100918326166,-0.24333611925087495
178.6,0.03887634727326844,-0.018156818465304113,-0.3324798963529844
178.62,0.019827141822950114,-0.009536746622837274,-0.38794555178396967
178.64000000000001,0.014256664973176281,-0.0009006306988476896,-0.4087571400151514
178.66,0.026567138089331768,0.007385667439902972,-0.39562327043080425
178.68,0.061926633713413046,0.015095852545687426,-0.3504473516609602
178.70000000000002,0.1256551712610815,0.022164882079228586,-0.2757177508750734
178.72,0.21827617723712456,0.028651012533409,-0.17390290717635573
178.74,0.3235880711226007,0.03452150493582821,-0.047308113366786315
178.76,0.40919687911840336,0.03929190944311192,0.10082517500705927
178.78,0.4582513575028406,0.042061343707042786,0.26435009832635437
178.8,0.4792169580097708,0.042079379634229246,0.43362345363002186
178.82,0.48436347826200027,0.03908132381872353,0.5969443724110169
178.84,0.4803650694027993,0.03323405476754986,0.7424621206071579
178.86,0.47000750637116934,0.02500164711902479,0.859628102577138
178.88,0.4544850029052952,0.015042418311242143,0.940167847865337
178.9,0.43445600243600824,0.0041284660554790475,0.9786926488810845
178.92000000000002,0.4104244642966537,-0.0069262677796788005,0.9730090083985499
178.94,0.3828733765545291,-0.017332661116303643,0.9241507594822045
178.96,0.35232149938464835,-0.026385787436806474,0.8361580557757645
178.98,0.31936372119390777,-0.0335136174115652,0.7156390655269408
179.0,0.28471935644086016,-0.03831192716516961,0.571163532282601
179.02,0.2493032671339524,-0.04056317653088107,0.41254819345314564
179.04,0.2143324658912608,-0.040238220065104545,0.25010083394128557
179.06,0.18147658549480525,-0.03748089058231828,0.09389196708208605
179.08,0.1530471334531075,-0.03257676551435265,-0.046879517449192026
179.1,0.13219387448419845,-0.0259089123267774,-0.16436851673959185
179.12,0.12303934839638055,-0.017905219226155195,-0.2523701556943722
179.14000000000001,0.13061448176330429,-0.00898419734450373,-0.30638971391331876
179.16,0.16020003099384791,0.0004895222508395996,-0.32351010195334673
179.18,0.21489900318331534,0.010215871149019293,-0.302137090725335
179.20000000000002,0.28989421093999657,0.019886141665390718,-0.2418491770848392
179.22,0.36772046259970714,0.028996378259788496,-0.14377793355022292
179.24,0.4281219082745679,0.03671925255075379,-0.011721717662405665
179.26,0.4648191801122645,0.04211018510082299,0.14685433619285276
179.28,0.48333214318787415,0.04446912771885516,0.3210982737467357
179.3,0.4900924909126443,0.043497142531258706,0.49814947856849073
179.32,0.488784619515282,0.03926699775864031,0.664718010530862
179.34,0.48114825869786404,0.03214921488525301,0.8084252218421056
179.36,0.46805689490668007,0.022740721212723886,0.9188504554732128
179.38,0.4500629205370726,0.01179552321456486,0.988298211265607
179.4,0.4276135761897537,0.00015399757053492595,1.0122855326057572
179.42000000000002,0.4011322787899553,-0.011327925865434543,0.9897453279428445
179.44,0.3710531264459521,-0.021845827476971554,0.9229524589164106
179.46,0.3378421738973593,-0.030705661189874073,0.8171965266871551
179.48,0.3020197057175204,-0.03737042633961891,0.6802423960881149
179.5,0.264192737923997,-0.0414916069144332,0.521633671135088
179.52,0.225107219679514,-0.042923505953670504,0.3519042038156326
179.54,0.1857305934425781,-0.041719831933948855,0.18176775065036477
179.56,0.14737316639549639,-0.03811310630890017,0.021356031411081083
179.58,0.11184507193225338,-0.032478687246778534,-0.12042926134250151
179.6,0.08162126760766446,-0.025286576145141286,-0.23639480451219957
179.62,0.05996437410302913,-0.017045723974854845,-0.3213243869597436
179.64000000000001,0.05097424781553487,-0.008246756764507486,-0.3720196651379455
179.66,0.059599756120667785,0.0006912086720359863,-0.387118344793477
179.68,0.09154571811977884,0.009464958935516476,-0.36671544902133374
179.70000000000002,0.15206078947669027,0.01791063399413482,-0.31184114928839723
179.72,0.24033215370627758,0.025955728404097714,-0.22395985235246646
179.74,0.33883266491782554,0.03339896818068412,-0.10497575051828441
179.76,0.4175948834081603,0.03960279008100289,0.041597276226111854
179.78,0.4631832684004803,0.04360050953451538,0.20889386843682628
179.8,0.48362298446124585,0.04462447460455001,0.3864132378499013
179.82,0.4894641729609736,0.042384008829443265,0.5615180665715048
179.84,0.48641916211182534,0.03701409550381721,0.7212991707876852
179.86,0.4769127923111194,0.02895833303766244,0.8540402453691022
179.88,0.46201544412549866,0.01887467359794081,0.9502559665129378
179.9,0.4423335344102112,0.007556585470650663,1.0033890121696067
179.92000000000002,0.41833170038079315,-0.004141024551706965,1.010203073626335
179.94,0.3904434941193871,-0.015372730432322797,0.9708853805801257
179.96,0.35911412720379005,-0.025367496766956408,0.8888763041778233
179.98,0.3248252400117865,-0.03348364046411783,0.7704579142428641
180.0,0.2881208066562307,-0.03925028662237076,0.6241486560849047
180.02,0.2496453313313048,-0.04239272965474864,0.4599637212757974
180.04,0.21020489675378254,-0.04284029321997506,0.28860871189313025
180.06,0.1708617476899402,-0.040716504081248085,0.120677376903436
180.08,0.13306815384247908,-0.036312599793603476,-0.03407747256802184
180.1,0.09882892505926166,-0.030046647649612346,-0.1673373154914619
180.12,0.07085488119511504,-0.02241199982021526,-0.272624915689749
180.14000000000001,0.052656193146789015,-0.013920342714799505,-0.3454923545453567
180.16,0.048567422171055426,-0.005045402912067929,-0.38348059560426695
180.18,0.0637576422791532,0.0038275709591931864,-0.38586401861852304
180.20000000000002,0.10402045146591801,0.0124417045312977,-0.3532117747110479
180.22,0.17375341927928625,0.020679097678621913,-0.2868361871440748
180.24,0.2683677635326256,0.028472796908755073,-0.188360994692742
180.26,0.3646377533849618,0.03552942149423433,-0.06001157206751534
180.28,0.4341462020599298,0.041080692427220324,0.0938774297642857
180.3,0.4711477632152685,0.04416572442577664,0.2653281309273442
180.32,0.48633013601645697,0.044151054343665175,0.44304753157381127
180.34,0.4890443305140442,0.04088775023657582,0.6141877848774357
180.36,0.4838199142239002,0.034617402854310766,0.7661279833349293
180.38,0.4725469754940048,0.025858658347397572,0.8878008204863227
180.4,0.456105801588042,0.01531862023157098,0.9706172469736883
180.42000000000002,0.43504326028363616,0.003815952343809462,1.009064587026271
180.44,0.40980984119865455,-0.007792267137293246,1.0010055393801454
180.46,0.3808422647498602,-0.01867980591482637,0.9476915436930683
180.48,0.34859850061992587,-0.028113280141251744,0.8535123088212033
180.5,0.31358241429211353,-0.03550300895914764,0.7255183913419324
180.52,0.2763737005255501,-0.04043944217030779,0.5727682772263696
180.54,0.23767395793749557,-0.042712936898685376,0.40556251032158
180.56,0.19837988471091436,-0.04231586036219921,0.23463392448570616
180.58,0.15969361086372905,-0.039427208789872874,0.07036469565660233
180.6,0.12327190957396329,-0.03438114259887299,-0.07790223981673886
180.62,0.09139520489831082,-0.027622151475938436,-0.20239802165646867
180.64000000000001,0.06711110175786851,-0.01965107936265608,-0.29726340778555715
180.66,0.054309024054015956,-0.010967649148779516,-0.35865938022816485
180.68,0.05773937628020555,-0.0020154328238004937,-0.3846508990985613
180.70000000000002,0.08297045211847852,0.006865770011509845,-0.37488375564681775
180.72,0.13563647410882632,0.015471363912753491,-0.3300980321411597
180.74,0.21731930290408955,0.023710208557267822,-0.25160066330428577
180.76,0.31545305289936654,0.031435492277440795,-0.14108309279655365
180.78,0.40110167329777274,0.0381269706822092,-0.0014727360212235204
180.8,0.4546239112784156,0.04285326983146553,0.16130811434887835
180.82,0.4802680320495398,0.04475108753865961,0.3375598141410597
180.84,0.48915263858642116,0.04340359357517277,0.5149692614187321
180.86,0.4881322589178975,0.03884587813476052,0.6804934589690077
180.88,0.480215245966286,0.03145011534157443,0.8219417730668304
180.9,0.46668973840860606,0.021825792257655886,0.9291160476527618
180.92000000000002,0.4482329819840992,0.010738634801455227,0.9945940582018934
180.94,0.4253289546958573,-0.0009642321777563736,1.0142037893856704
180.96,0.39841189817881545,-0.012426324484103569,0.9872038449982949
180.98,0.36791884140489406,-0.022848850982864606,0.9161844987291436
181.0,0.3343159043044768,-0.031548892786578124,0.8067169406885379
181.02,0.2981218666836927,-0.03800495071873517,0.6667939359723188
181.04,0.25994089639809537,-0.041886972044957456,0.5061185550358651
181.06,0.2205146603624186,-0.043069121092379266,0.3353069348957376
181.08,0.1808045735847523,-0.04162478419343724,0.1650755225896588
181.1,0.1421122092109604,-0.03780450867768869,0.005482863879524999
181.12,0.10623337932969851,-0.03199880141756516,-0.13470922542999822
181.14000000000001,0.07561607862957542,-0.024689092496273178,-0.24850065535329166
181.16,0.05347018787256838,-0.016391727202244185,-0.33090609666249776
181.18,0.04380079990529807,-0.007601002724347921,-0.37898001228333805
181.20000000000002,0.05141812625698007,0.0012632129334305257,-0.3916214609278263
181.22,0.08191330277033815,0.00989939829634892,-0.3691850232746909
181.24,0.14073453775503478,0.01815032683790782,-0.3129456299510377
181.26,0.22819274134035347,0.02596602819434758,-0.22455968645260257
181.28,0.3285337921949205,0.03319990459901426,-0.1059721068612687
181.3,0.411224096533729,0.03928120645438487,0.03952348070477402
181.32,0.4600372717852375,0.04326067666914025,0.2054662665540908
181.34,0.4821270641431738,0.044340057702437125,0.38171882344831043
181.36,0.48869719176280335,0.04219559990545345,0.5558686551048196
181.38,0.486023840502636,0.03694091896065619,0.7151228112301729
181.4,0.4767766535546413,0.02900551646512817,0.847812125509335
181.42000000000002,0.4621114846431983,0.019036572413888526,0.944449463788558
181.44,0.44266319307450785,0.007818810147062356,0.9984368118438581
181.46,0.4189073593670606,-0.003799668349464775,1.0064660123109697
181.48,0.39128438498702217,-0.0149780679865224,0.9686294893542816
181.5,0.3602471335774686,-0.02494759782554604,0.8882590055003007
181.52,0.3262883725080857,-0.0330663488529589,0.7715239817524295
181.54,0.2899693135693215,-0.03886081225753398,0.6268359779038198
181.56,0.2519613597068665,-0.04205142681369521,0.46411835759412745
181.58,0.2131121983672543,-0.042560703983403246,0.29400832632418206
181.6,0.1745472297923244,-0.04050368860311204,0.1270619176276535
181.62,0.13781192362447897,-0.03616171755497035,-0.026968935172389658
181.64000000000001,0.10504395613225953,-0.029941709614385765,-0.15972445013639708
181.66,0.07913770768979675,-0.02232468099487447,-0.2646391631368366
181.68,0.06385223940080952,-0.013808699048423745,-0.3371250829233568
181.70000000000002,0.06384896152768789,-0.0048523021509800784,-0.37452559799636564
181.72,0.08464379963667473,0.004175945818202447,-0.37585347849895095
181.74,0.13197314790120582,0.013033265350248797,-0.3413517406142755
181.76,0.2083381260623619,0.021592598409655668,-0.27198482551178554
181.78,0.3037982221569806,0.029702047966455532,-0.16919551028934934
181.8,0.39137855079734113,0.03688383970080773,-0.03558227644362873
181.82,0.4489791098805397,0.042233813557757176,0.12343255681289678
181.84,0.477937247029896,0.044842290968640654,0.29861201092333634
181.86,0.4890037058742602,0.044211352830844146,0.47783061580146324
181.88,0.48952254352339786,0.04030322873699565,0.6479176295563958
181.9,0.48283495171603585,0.033434854352353056,0.7962982528030623
181.92000000000002,0.4703668546972943,0.02417732827661519,0.9122032915677978
181.94,0.45284229994093517,0.01327416108980138,0.987518375464012
181.96,0.43075743268890504,0.0015661266519974048,1.0173223596268337
181.98,0.4045448736216236,-0.010081595285675739,1.0001298186136145
182.0,0.37463237318290804,-0.020848169664323915,0.937849195836474
182.02,0.34146947211621065,-0.030017866036251374,0.8354805546065569
182.04,0.3055482953358729,-0.03702890074796517,0.7005929184451143
182.06,0.26743056109818125,-0.04150723469197105,0.5426354673207668
182.08,0.22779035805601772,-0.043283336376545724,0.37214715349614896
182.1,0.18748294219066294,-0.04239115603420262,0.1999347976895695
182.12,0.14764870676354513,-0.03904977782593302,0.03629028784954341
182.14000000000001,0.10985235882424171,-0.033629422925694034,-0.10968676813704153
182.16,0.07623468291832894,-0.026604790372584314,-0.23060383873327592
182.18,0.04962608577536348,-0.01850025875024714,-0.32108557340899735
182.20000000000002,0.03357596423266276,-0.009832882041140956,-0.3778581818933319
182.22,0.03233377671994432,-0.0010591689784625973,-0.39961161751942154
182.24,0.05089850918468405,0.007470667375192322,-0.3866631168273867
182.26,0.09493401715410466,0.015548423027075332,-0.3404561673437587
182.28,0.16878378627706453,0.023115542290142482,-0.2629603108797674
182.3,0.26740113977333363,0.03016783908940381,-0.15620792028331315
182.32,0.36608674333602964,0.036457796171714144,-0.022607449294571633
182.34,0.4355943589328688,0.04123567332609835,0.13344818656238727
182.36,0.47135031293731805,0.0435635637369586,0.3039925002164894
182.38,0.48515915677837795,0.042853910738424046,0.4778836917290049
182.4,0.48667496456676224,0.03900939584933729,0.6426271741057035
182.42000000000002,0.4804367671543033,0.03231382953230297,0.7861459657228547
182.44,0.46831387145925285,0.023313410209407515,0.8980570662961083
182.46,0.45117873815473786,0.012726805766361256,0.9705340946338208
182.48,0.42958202410221025,0.0013685006552689866,0.9988415325950001
182.5,0.403987253936994,-0.009922958810432703,0.9815731718066321
182.52,0.3748543039577831,-0.02035181578906568,0.9206125747508805
182.54,0.3426782579974488,-0.029223861586841465,0.8208410754710969
182.56,0.3080212832500234,-0.03599344829487907,0.6896330861108558
182.58,0.271554431764302,-0.04029572982125797,0.5361920470652619
182.6,0.23412184100634312,-0.0419621443759403,0.3707904595004352
182.62,0.1968393421344602,-0.041018320130788974,0.20398306712885345
182.64000000000001,0.16123602306463242,-0.03766478056102265,0.045863143234430886
182.66,0.12943440075267792,-0.03224207497175084,-0.09457212960732231
182.68,0.10434063042045452,-0.02518337945532231,-0.20989046683673676
182.70000000000002,0.0897937559499334,-0.0169592053132745,-0.29448610074167386
182.72,0.09061827057702738,-0.008020251363004148,-0.34461432783127527
182.74,0.11244457131240795,0.0012542346244431611,-0.3582056209265817
182.76,0.16057799402964293,0.01058911347188915,-0.33450417055469106
182.78,0.23567751156887198,0.0197880449949914,-0.2736713426886
182.8,0.325200997617374,0.028573786010255744,-0.17673404652451555
182.82,0.4035730501252604,0.03632749846348818,-0.0464390460454787
182.84,0.4541060035500701,0.04209636209468033,0.11123453906305637
182.86,0.4798821291820818,0.045013845686316833,0.28650971401008885
182.88,0.4900320230287759,0.04462515666853196,0.4669175408223395
182.9,0.4904865515382901,0.04090601477579589,0.63905538924512
182.92000000000002,0.4839802106052393,0.034171278191570835,0.7901337557769557
182.94,0.4717355739582651,0.024987178959249373,0.9091520262162197
182.96,0.4544140393994195,0.014094980708610174,0.9877492114154848
182.98,0.43249117659112757,0.0023374432748946294,1.0207568278411514
183.0,0.4063897701244345,-0.009413973446875206,1.00645876707571
183.02,0.37652858895881536,-0.02032848888885644,0.9465655240683392
183.04,0.34334498176809297,-0.02967775996998543,0.845924705944773
183.06,0.30731243341028114,-0.03688593829086298,0.712006664422147
183.08,0.2689632724818338,-0.041564798538662885,0.5542188636194113
183.1,0.22892497235023795,-0.04353187060110432,0.38311324570547967
183.12,0.18797952987519004,-0.04281076341317368,0.20955662298644023
183.14000000000001,0.14715511573619275,-0.03961410283315516,0.04393488729166338
183.16,0.1078518035139426,-0.03431070269840913,-0.10454225692242422
183.18,0.07198214044108653,-0.027379861857709416,-0.22837829666364737
183.20000000000002,0.04207620251107448,-0.019357188471297092,-0.32212541490593904
183.22,0.021293157180774725,-0.010777893663398846,-0.3824960557351812
183.24,0.013353146666114403,-0.0021239405239628665,-0.4082534235087314
183.26,0.022538315017409633,0.006220805058654862,-0.3999058857317869
183.28,0.05387292142631219,0.014007241983382886,-0.35923868267558295
183.3,0.11280135822767987,0.021146289537548605,-0.28871806425655383
183.32,0.20131019038917414,0.02768702781862,-0.1908659018594759
183.34,0.3067022911367353,0.03363908433172927,-0.06798755062467893
183.36,0.39756517094281557,0.038610763540865914,0.07696544434889302
183.38,0.45245028366268925,0.04173817073980281,0.23843561928533472
183.4,0.47702676935191907,0.042211037293391984,0.4073079509859649
183.42000000000002,0.48412469929814445,0.039684239129489436,0.5721039268587638
183.44,0.4813336149337941,0.03426490303446599,0.7209113031290322
183.46,0.47188626306160425,0.02637709084197646,0.8429227191805164
183.48,0.45713908011105514,0.016653241999116646,0.929474444627666
183.5,0.43780202833609627,0.005851318373735298,0.9747089029634335
183.52,0.4143925605401466,-0.005218002617851256,0.9759291523752205
183.54,0.38739355812028387,-0.015758793913585818,0.9336729926935987
183.56,0.3573171322763253,-0.025050516736127883,0.8515298923505485
183.58,0.3247458973945226,-0.03249852765605714,0.7357344726673061
183.6,0.29037939972412374,-0.03767124500796253,0.5945836868079276
183.62,0.2551013703343891,-0.04032158266466682,0.43773617224765743
183.64000000000001,0.2200807550869672,-0.04039133604603523,0.2754597162219879
183.66,0.1869159029975393,-0.037998372063479766,0.11789572095255473
183.68,0.15781947632465487,-0.03340772677992984,-0.025592313493561187
183.70000000000002,0.13581677195556424,-0.026989164360239234,-0.14692649501236263
183.72,0.12489356739982177,-0.019165522428123336,-0.2396322784833669
183.74,0.12996800797176863,-0.010358388917349897,-0.2989416096725047
183.76,0.1563436450620454,-0.0009415671451744104,-0.3216897332110391
183.78,0.20760435030733054,0.008775959733893664,-0.30607421598655443
183.8,0.28032161755924534,0.018491087658687833,-0.25147796256263377
183.82,0.3586076458618496,0.02773273676362855,-0.15876050267171504
183.84,0.4216550741314779,0.035710584276503574,-0.031292625903348824
183.86,0.4611039577343287,0.041475246717171205,0.12396271192975261
183.88,0.4815553746471461,0.04428170380684537,0.2965464664779212
183.9,0.48961764886226006,0.04377757964835231,0.4737852109954307
183.92000000000002,0.4892854568521881,0.03998928438132655,0.6423746037563908
183.94,0.4824684481069041,0.033250223634002825,0.789754675859444
183.96,0.47010932461056953,0.02412933079605134,0.9051932047205575
183.98,0.45278517807599367,0.01336204576164033,0.9805898539515048
184.0,0.4309509233558683,0.0017799648857202257,1.011002069518998
184.02,0.4050311166052286,-0.00976004949458183,0.9948875907382848
184.04,0.3754580185173482,-0.020443627717575838,0.9340682140957517
184.06,0.3426937611036189,-0.029559070457503247,0.8334362147962157
184.08,0.3072522338657414,-0.03654585343135486,0.7004421679717826
184.1,0.26973019555776656,-0.041028268641798045,0.544417596964201
184.12,0.23085698385993159,-0.042832159488993944,0.3757963911989869
184.14000000000001,0.19157347039341485,-0.04198393208417131,0.20530466278892484
184.16,0.15314943012264254,-0.03869223962108228,0.04318954426066923
184.18,0.11733835904630943,-0.033313955817784194,-0.10144657881021996
184.20000000000002,0.08654589868712145,-0.02630740045398625,-0.22114899710140157
184.22,0.06396359389475301,-0.018177319870870456,-0.31040825860267146
184.24,0.05363090234590023,-0.00941742824004066,-0.3657307439526464
184.26,0.06044937931840545,-0.000456331001348443,-0.385484416833699
184.28,0.09009863834543752,0.008388233580375276,-0.36954314114110265
184.3,0.1479629160979921,0.01693563418836212,-0.3187800235413688
184.32,0.2339978538836698,0.02510293171617019,-0.23456131672326255
184.34,0.33222049489590905,0.0327010129202547,-0.11869468768157941
184.36,0.4129186873718123,0.03912314350829647,0.025498205462248333
184.38,0.46078719862178,0.0434079838390974,0.19143149036362728
184.4,0.48277238461074,0.044755274762688646,0.3688224316302356
184.42000000000002,0.4895716840007157,0.04283367329562655,0.5450957061005709
184.44,0.48719994115468634,0.03774558317595168,0.7072558871621842
184.46,0.4782364129217801,0.029911108130229853,0.8433887262125281
184.48,0.46380911711268064,0.019972601532822293,0.9437330422417133
184.5,0.4445428749718582,0.008715346865136392,1.0014081708156732
184.52,0.42090655070943045,-0.003006772374875167,1.012836151682428
184.54,0.393332271837195,-0.014342684742610695,0.9778720345708046
184.56,0.3622604839730907,-0.02450992724413275,0.8996585192156881
184.58,0.32816461784409495,-0.03285087304867739,0.7842352241723958
184.6,0.2915755028754304,-0.03887574816352785,0.6399483871414905
184.62,0.25311670795213514,-0.0422897369325245,0.4767196101102692
184.64000000000001,0.21356111337566347,-0.04300265379541061,0.305240747390686
184.66,0.1739193951625106,-0.04112088498562062,0.13616567020663783
184.68,0.135567153815814,-0.036922509903509246,-0.020631590925550027
184.70000000000002,0.10040261351942917,-0.030817753263027697,-0.15666891216063666
184.72,0.07100005339457234,-0.023298338249569756,-0.2652863014784198
184.74,0.05070629666005141,-0.014880864754399162,-0.3418596435706988
184.76,0.04366374783466063,-0.0060502965601525825,-0.38378615197395805
184.78,0.054823792554975916,0.0027911975752788506,-0.3902530758351762
184.8,0.08987516099682202,0.011366168185168338,-0.36181870107121294
184.82,0.15392230122594816,0.01954187396295659,-0.2998610203718911
184.84,0.24534939121788563,0.027272702002124585,-0.20607112612467027
184.86,0.34488190457841567,0.03436042253879845,-0.08251336383841454
184.88,0.42207641063761303,0.04014699022689281,0.0670940303293236
184.9,0.4654009486419227,0.0436681317714889,0.2356286986638242
184.92000000000002,0.4841252997954989,0.04419769354809506,0.41242694703839666
184.94,0.48878223075143074,0.0414956523521897,0.584882899283808
184.96,0.48484186716656297,0.03573861596428182,0.7403058264588092
184.98,0.4745958351376027,0.027400061030160783,0.8673408533371675
185.0,0.45906400940886444,0.01715643149729961,0.9569607032938268
185.02,0.4388379363573431,0.005808600051065374,1.0031177931836914
185.04,0.41438163351135887,-0.005791720944012616,1.0030937322907618
185.06,0.3861353042926258,-0.016811871721291463,0.9575613005858437
185.08,0.3545570141157375,-0.026501514455694257,0.8703788485375292
185.1,0.32014926604451327,-0.034245423077560594,0.7481513182865478
185.12,0.2834890748768451,-0.03960238505460559,0.5996068913972338
185.14000000000001,0.245273165559022,-0.04232779532463028,0.43485002973663156
185.16,0.20638951766026606,-0.042378700043714836,0.2645590289939611
185.18,0.1680258713983209,-0.03990125655285725,0.09919875359864713
185.20000000000002,0.13181882132530479,-0.035201783579832474,-0.05168305124372316
185.22,0.1000281413828286,-0.028703872404381027,-0.18001471008285427
185.24,0.0756947762620526,-0.020895525227695635,-0.2795664796568655
185.26,0.06273610692824831,-0.0122717547730341,-0.3460938909507486
185.28,0.06597319472019907,-0.0032786751968713656,-0.37725251937355886
185.3,0.09104469137806459,0.005735245783535299,-0.3723014696071583
185.32,0.14350639958110223,0.014550385235686246,-0.3316409832200483
185.34,0.2244780778118755,0.023050523513271595,-0.25631648102164206
185.36,0.32077829220250237,0.031049410989770328,-0.1478868645277919
185.38,0.40399650453586683,0.03798574642545688,-0.009316982626928497
185.4,0.45587814689906536,0.04291339390762815,0.15331546884189562
185.42000000000002,0.48091913008661763,0.04497580010573354,0.33014780667859833
185.44,0.4897349794759044,0.043760774084936595,0.5087318220839478
185.46,0.4888216272481421,0.03930134539169235,0.6758933881028183
185.48,0.4810445155529515,0.03196575149792698,0.819297170033231
185.5,0.4676452035124758,0.022361039562776307,0.9285868623191554
185.52,0.4492859490498807,0.011253232159431142,0.9961776205662107
185.54,0.42644427972731136,-0.0005073424419107905,1.0177418567697787
185.56,0.39954907939148954,-0.01205841897472442,0.9924007343404012
185.58,0.3690302782478035,-0.022593446741424484,0.9226343995700572
185.6,0.33534320685799407,-0.03142053043606404,0.8139376601593157
185.62,0.2989897282685772,-0.03800883198151488,0.6742638235973732
185.64000000000001,0.26054727211054834,-0.042019490515317864,0.5133130963250262
185.66,0.2207153494415408,-0.04331928470230501,0.3417314326745031
185.68,0.18038988176265128,-0.04197650052321824,0.17029034965826792
185.70000000000002,0.14077368019755415,-0.0382396827683509,0.00911792842606085
185.72,0.1035201819649099,-0.03250116114944068,-0.13295389801142687
185.74,0.07088265071482186,-0.02524859182137944,-0.24887086092545024
185.76,0.04581488245809605,-0.01700931713423617,-0.33362781033630556
185.78,0.03198571395236645,-0.008293632188139695,-0.3843132999786273
185.8,0.03376345991866394,0.0004572889671549702,-0.3999349721383845
185.82,0.05627927230252798,0.008915645083402042,-0.3810517172404425
185.84,0.1052169442178223,0.016900114138024325,-0.3292486481226311
185.86,0.18412083712110416,0.024373500511313963,-0.2465345072717193
185.88,0.2850688247976196,0.031317463420769624,-0.13495275046656338
185.9,0.38044226335772013,0.03740738591668882,0.002893216133786944
185.92000000000002,0.44378043787461324,0.04182243939945279,0.16207728930059725
185.94,0.47488900141464463,0.0436541205862102,0.33400705201883274
185.96,0.4860835318139537,0.042400154600831394,0.5071739574657579
185.98,0.48605667339407027,0.03803790673080403,0.6690481594628944
186.0,0.47871993341358926,0.030903506574555206,0.8077702543008234
186.02,0.4656910812308798,0.02157839366070079,0.9133482541278832
186.04,0.4477582526324737,0.010802737443384749,0.9784596661401064
186.06,0.42544729518783664,-0.0006000925954621904,0.9989334080647146
186.08,0.39921744461978736,-0.011794567558528266,0.9739391581481663
186.1,0.36953264906314737,-0.02199870386649349,0.9059022969611642
186.12,0.336897576964612,-0.030541036820466938,0.8001722426115749
186.14000000000001,0.30189032622721046,-0.03690526888352331,0.664486433306476
186.16,0.26520733739750785,-0.04075972801124694,0.5082853096567954
186.18,0.22773285429169401,-0.041969845279859905,0.34194302206852284
186.20000000000002,0.1906447465411993,-0.04059303736711713,0.175983411569393
186.22,0.1555638376585495,-0.03685657799335973,0.02035088118550623
186.24,0.1247388649097796,-0.03112031245311543,-0.11619905779404135
186.26,0.10123378910782999,-0.023827527977581833,-0.22653503880159448
186.28,0.0890643505316952,-0.015448888594386362,-0.30537281468965904
186.3,0.09322517856716692,-0.0064256773325895,-0.3492703291186098
186.32,0.11942201670930004,0.002879802310721765,-0.3564068731306879
186.34,0.17257690183866245,0.012210506622799263,-0.32620186978210863
186.36,0.2516301577594652,0.021371091918722256,-0.2589447786445414
186.38,0.3410322244702347,0.030039284994364177,-0.15587090007803775
186.4,0.41488828846834375,0.03751964564174771,-0.020199227911500008
186.42000000000002,0.46029255632648347,0.04283863104944835,0.14139527255735482
186.44,0.4826242860921792,0.045190291434697466,0.318532440809072
186.46,0.49071763033245264,0.04420178348854857,0.4984453196098531
186.48,0.4897935181595969,0.03991654457980748,0.6677368570316687
186.5,0.48220216351756173,0.032700123638095574,0.8138589403200677
186.52,0.4690163264243684,0.02315525028700998,0.926226050772338
186.54,0.4508463461575521,0.012046546674478208,0.9970119054365013
186.56,0.4281521282827057,0.00022711059928920549,1.0216500897833338
186.58,0.4013533095231087,-0.01143393639177415,0.9990423455610646
186.6,0.3708706266328099,-0.022119789582610017,0.9314839132218037
186.62,0.3371465558849428,-0.031125920193752436,0.8243308474983116
186.64000000000001,0.30066315680178696,-0.03790768670917352,0.6854510010685033
186.66,0.26196657111960564,-0.04211256142809021,0.5245145096520311
186.68,0.22170671430253555,-0.04359512484804823,0.3521894290733588
186.70000000000002,0.18070182189306627,-0.04241423830229864,0.17931304940815043
186.72,0.14003645572757156,-0.03881303058535725,0.016109301321373837
186.74,0.10119216856852899,-0.03318353282404862,-0.12848226398382187
186.76,0.0661863328520634,-0.026019102571413124,-0.24731032233725947
186.78,0.037664155884932715,-0.017859327473910887,-0.33530844108020175
186.8,0.018891579147257864,-0.009233557632860883,-0.38956641345438303
186.82,0.013685442674824275,-0.0006092805672677929,-0.4091836089761595
186.84,0.026446851870136512,0.007651209252373648,-0.394931996361922
186.86,0.062344422252942046,0.01532606385609291,-0.3487622038241811
186.88,0.12667288942059685,0.02235503541965056,-0.2731910401591466
186.9,0.2197908514375967,0.028799680037191164,-0.17069818231555
186.92000000000002,0.32513121501906145,0.034625120720553154,-0.04359649783620485
186.94,0.41022975088743374,0.03933978901046657,0.10484424931266145
186.96,0.45871084718444144,0.04204161199460496,0.2684284303543609
186.98,0.47930592594020477,0.041988143316734214,0.43747946559436146
187.0,0.4842343172627292,0.038924078310845066,0.6003002709926799
187.02,0.48008987236633827,0.03302318732918369,0.7450767945383964
187.04,0.4696198866334828,0.02475396032055968,0.8613195528821157
187.06,0.45400501939116494,0.0147771204734778,0.9408267167937344
187.08,0.4338999131096806,0.003865403111645093,0.9782882491985375
187.1,0.40980832758974045,-0.00716821362841622,0.9715886123103266
187.12,0.38221474147023343,-0.017536962596270435,0.9218328788355938
187.14000000000001,0.35164076516359644,-0.026539376478042914,0.8331207054079134
187.16,0.3186858355857941,-0.033607632261712594,0.712104303500093
187.18,0.28407629833599934,-0.03834205342637799,0.5673798117074029
187.20000000000002,0.24873773961391846,-0.04052955897447259,0.40877220530149155
187.22,0.21390317119275645,-0.0401449486015349,0.24658055988708064
187.24,0.18126515115200334,-0.03733509166345274,0.09085259310591631
187.26,0.15316599499421385,-0.032387364222973704,-0.04924536584482403
187.28,0.13279305134449662,-0.025685177889884125,-0.16590510697726218
187.3,0.12430747393551835,-0.017655278707045575,-0.25295702091720423
187.32,0.13276151128586983,-0.008713845517331256,-0.3059345220642145
187.34,0.16338323212430525,0.0007769767971524152,-0.32193846308780083
187.36,0.21901325682096073,0.01051694185802446,-0.2993865539626601
187.38,0.29426257184739585,0.020189257932407636,-0.2378838687069246
187.4,0.3712625501175824,0.029272370730054093,-0.13864151294565527
187.42000000000002,0.4302958225491643,0.036925554733388766,-0.0056062624711032015
187.44,0.4658913854129201,0.04221006576144415,0.15359164347603754
187.46,0.48374084559777064,0.04444392954798181,0.32798798391318196
187.48,0.4901055828919481,0.043345840165857255,0.5046840381650295
187.5,0.48852515915348393,0.039001986365690994,0.6704139906955225
187.52,0.4806721339510688,0.03179261045524692,0.8128693124574725
187.54,0.46739503422650386,0.02232128387107235,0.9217320746344908
187.56,0.4492380618726022,0.011345775317649675,0.989430291722954
187.58,0.42664640093621853,-0.00029258575946011344,1.0116139207888957
187.6,0.40004388891521375,-0.011739567898812996,0.9873472154710052
187.62,0.36986648674427497,-0.022194787605630838,0.9190247820773855
187.64000000000001,0.33658354030479276,-0.030970104731462573,0.8120359033215917
187.66,0.30072061485717544,-0.03753570231783811,0.6742187325795057
187.68,0.2628931115287888,-0.04155085181174836,0.5151599864918414
187.70000000000002,0.22386025617011776,-0.04287753627192558,0.3454054560911477
187.72,0.18461018505305674,-0.041576331498406796,0.17565151252489974
187.74,0.1464843227234463,-0.03788515586576151,0.015987754966631355
187.76,0.11133696589271476,-0.03218273015538056,-0.12474393028148889
187.78,0.0817012922925262,-0.02493997193470015,-0.23941868922658252
187.8,0.06091155435459453,-0.016664100238861345,-0.3228871765692162
187.82,0.053152792068758586,-0.007841384512365273,-0.37200569632130426
187.84,0.06347039196418172,0.0011158165098333478,-0.3854442570822707
187.86,0.09762645560007648,0.009912682894157417,-0.3632994042319586
187.88,0.16062489846917094,0.018391870351472092,-0.3065708688785794
187.9,0.2504948673637711,0.026473628269054035,-0.2166881495308486
187.92000000000002,0.347909210287484,0.03391828522998565,-0.09560828013824152
187.94,0.42336964603909755,0.04003710188327101,0.05290574830338683
187.96,0.46601545926892873,0.043857318933226704,0.22161031301572526
187.98,0.4847636757321347,0.044649406232314275,0.3997037931461922
188.0,0.4896918546525768,0.04216384062639099,0.5744169057779465
188.02,0.4860628157496605,0.03656548198455936,0.7328509797121618
188.04,0.47610008173494556,0.028318735241887365,0.8634004025331201
188.06,0.46080268546060105,0.0180958761908069,0.9567602861501099
188.08,0.44075396499279373,0.00669907730073469,1.0065996831092379
188.1,0.4164114294036741,-0.005013467053547854,1.0099325952328129
188.12,0.3882066106125172,-0.01619823059974513,0.9671992239945895
188.14000000000001,0.35658434696959407,-0.026090772217689046,0.8820757092057525
188.16,0.3220264799133892,-0.03405990884646428,0.7610453922986515
188.18,0.2850775306564898,-0.039648135862298144,0.6127798714286304
188.20000000000002,0.2463830875154995,-0.042595788384374556,0.44739025158657736
188.22,0.20675134782707102,-0.04284763204819294,0.2756166586055498
188.24,0.16724830943061525,-0.04054179584576911,0.10802687804079528
188.26,0.1293317183419463,-0.03598216417874789,-0.04570708106395872
188.28,0.09501169772164106,-0.02959660759257859,-0.1773926464950586
188.3,0.06699841898699457,-0.02188489037585726,-0.280711074957106
188.32,0.0487854393601981,-0.013361620386060157,-0.35139155898195046
188.34,0.04466575694443293,-0.004500328564586532,-0.38715743249934037
188.36,0.05974804996981539,0.004316398023004327,-0.3874595146228246
188.38,0.09979597448175247,0.012836483867438759,-0.35302852847521765
188.4,0.1693467672685847,0.02095024592678653,-0.28531322789271973
188.42000000000002,0.264276837269332,0.028606605184703374,-0.18602738262232865
188.44,0.36170573703838793,0.03553762650623992,-0.057402316781150216
188.46,0.432565189363016,0.04099552986097008,0.09632077165431496
188.48,0.47036864314427784,0.04402016421295948,0.2673004018915934
188.5,0.4858590329193266,0.043969898443505503,0.4443592625199823
188.52,0.4886603776556649,0.040690404603100576,0.6147365464090583
188.54,0.48345432087982676,0.03442087459178304,0.7658836015655108
188.56,0.47218830553895014,0.02567827647236684,0.8867978177054839
188.58,0.455761785986918,0.015167616248293093,0.9689474841358097
188.6,0.4347285540412796,0.0037047816046128267,1.00686751832228
188.62,0.4095429262663573,-0.007856483662431527,0.9984559185304238
188.64000000000001,0.3806455483078579,-0.01869357520055327,0.9449853992579886
188.66,0.3484999399657516,-0.02807671634432685,0.850852366167773
188.68,0.3136185081652922,-0.03541949083751432,0.7231002232329866
188.70000000000002,0.27659432065227735,-0.040314962714295625,0.5707684472302391
188.72,0.23814989475151557,-0.0425551689678739,0.4041298942182776
188.74,0.19921426080724694,-0.04213296288027617,0.2338852955928865
188.76,0.16103831901284937,-0.039226393763966874,0.07038556978834934
188.78,0.1253497133881157,-0.03416702235826979,-0.07705058038905568
188.8,0.09452726968261141,-0.027394897682378544,-0.20066450267930677
188.82,0.07174975741431219,-0.019404445169446876,-0.2945854808040645
188.84,0.061076938540290934,-0.010686903235088398,-0.35493324029114165
188.86,0.0674667947247283,-0.0016752851802874823,-0.379693360013419
188.88,0.09664568249858552,0.007302459388950373,-0.3683868089908347
188.9,0.15391211445626887,0.016049535531121265,-0.3215861313549482
188.92000000000002,0.23888622326296122,0.02445852121976408,-0.2404372855866787
188.94,0.33536722480923864,0.03230729982496956,-0.12664424919903816
188.96,0.41434703085792435,0.03896146082844563,0.016446492841203548
188.98,0.4613394974567566,0.0434524703117719,0.18215361454285647
189.0,0.48315639586443393,0.04498176148751639,0.3600947114398031
189.02,0.49008201180758354,0.043214729098693276,0.5375933278251617
189.04,0.4879112729248553,0.03824657953533848,0.7015304098815003
189.06,0.4791464430187878,0.030490622028677847,0.8398389600682199
189.08,0.46489213112418304,0.020585123298112386,0.9425828385483409
189.1,0.44576541059389435,0.0093147552716913,1.0026969266725734
189.12,0.42223081542538426,-0.002463719839016178,1.016423419580282
189.14000000000001,0.3947156603647024,-0.013893255793545573,0.9834554112330997
189.16,0.3636533323039098,-0.024182979493958583,0.9068026705411575
189.18,0.32950630104490514,-0.03266526213949402,0.7924090135221674
189.20000000000002,0.2927881352365412,-0.038839693744603304,0.6485664830038322
189.22,0.2540950916041274,-0.04240120093138933,0.48518461444814864
189.24,0.2141570147240401,-0.043250736030215724,0.3129817709592279
189.26,0.17391793090038582,-0.04148820310279371,0.14266934024309322
189.28,0.1346536207089437,-0.03738849580002453,-0.015801505154580654
189.3,0.09811997471721755,-0.03136274695083449,-0.15386670594688948
189.32,0.06669922549505895,-0.023908279467915333,-0.26479719362509957
189.34,0.04348862709636113,-0.015552320580002348,-0.3439321596752347
189.36,0.03230526275579325,-0.006795654558470665,-0.3886849672229062
189.38,0.0376815759801675,0.0019383588420848006,-0.3983329971843115
189.4,0.06492804144376815,0.010346616019599122,-0.37361927546080664
189.42000000000002,0.1196753283687187,0.01827573639652287,-0.3162055307254855
189.44,0.2041250986857626,0.025704311124171778,-0.2280807411078503
189.46,0.30645538356669333,0.0325773048164982,-0.11129388992919587
189.48,0.396520273574814,0.03846267590506757,0.031245914619551764
189.5,0.4524549353628623,0.042469438978546256,0.19389990948131974
189.52,0.47853565153201777,0.04374289458835367,0.3673340950259586
189.54,0.4869826632957775,0.04188188730839199,0.5396429076134897
189.56,0.4853105072450285,0.036945485187315594,0.698274055224222
189.58,0.4767710587482406,0.029326308748818346,0.8316197896353754
189.6,0.4627301439827816,0.01964396238966551,0.9301272757136121
189.62,0.4438928974781113,0.00866186500798833,0.9870354234235611
189.64000000000001,0.42076071880620636,-0.00278723209714599,0.9987996028713878
189.66,0.39378824763653925,-0.013871556875011355,0.9652268876343787
189.68,0.3634426745279393,-0.023824760078876517,0.8893407311054679
189.70000000000002,0.3302368320180076,-0.03200090832487385,0.777005517133701
189.72,0.29476255083851827,-0.037916514466033314,0.6363560053378081
189.74,0.2577383937880474,-0.041276926329860214,0.4770892217807288
189.76,0.22008391246804715,-0.0419855058126094,0.3096848876717868
189.78,0.18303186304596972,-0.04013521567976993,0.14462438761773094
189.8,0.14828377603775966,-0.035983435668253454,-0.008322588015587641
189.82,0.11819710424458171,-0.02991212240467423,-0.1406804130056746
189.84,0.09596621132598492,-0.02237691970521143,-0.24566696457760448
189.86,0.08574416970994814,-0.013850394707457175,-0.31837579671492244
189.88,0.09264939139687739,-0.004765763129049621,-0.35572996355230235
189.9,0.12243444925191138,0.004530808943954415,-0.35622448168513676
189.92000000000002,0.17970481277319617,0.013801111177220732,-0.31952165089751283
189.94,0.2620304215667497,0.022856394943418894,-0.246095703806189
189.96,0.3516043715866291,0.031346381556113856,-0.1374040673902856
189.98,0.42248852156484107,0.03852695330506898,0.0029421363382679533
190.0,0.46448873615085373,0.043419076570204114,0.16774832403642326
190.02,0.48445780931800103,0.04526657886508764,0.3462139434370818
190.04,0.4910369147414087,0.043759371308799505,0.5253898255791564
190.06,0.48902053555643915,0.03899374775898853,0.6919306978347413
190.08,0.48053041477051206,0.031375857501730865,0.833526784968778
190.1,0.4665498884202897,0.02153779031924969,0.9399706200115524
190.12,0.4476586508393909,0.010262474253321819,1.003909343167745
190.14000000000001,0.42430742927854803,-0.0015898269327919781,1.0213008938778565
190.16,0.3969145816386517,-0.01315364269140897,0.9915781854696899
190.18,0.36590307011154405,-0.023625653482892424,0.917532915511636
190.20000000000002,0.3317200618812662,-0.0323230090495051,0.8049466223119883
190.22,0.2948552758808685,-0.03872876065380853,0.6620131007998512
190.24,0.2558671844861904,-0.04252154331739847,0.4986098291179134
190.26,0.21542576429878466,-0.04358785309308497,0.3254851349404873
190.28,0.174381562822138,-0.04201652146228572,0.1534319320892013
190.3,0.13386897575332618,-0.03807620654349715,-0.007482002680247464
190.32,0.09544032522740428,-0.03217792398683951,-0.14856291396615792
190.34,0.061201493300361585,-0.024825979352569593,-0.26296550703418503
190.36,0.03389086350626206,-0.016562241514343868,-0.34595588051511245
190.38,0.01685622378424484,-0.007910053866659352,-0.394948620719881
190.4,0.013986663351257212,0.000676218899118195,-0.40932916924235463
190.42000000000002,0.029775434288846596,0.008853188789426645,-0.39009110311657685
190.44,0.06949068667364329,0.016422384671432873,-0.3393215187875265
190.46,0.13820206581877176,0.02334714884664949,-0.2595770339772977
190.48,0.23466901144833063,0.029695600511248203,-0.15330749126691712
190.5,0.33918531668861224,0.035389452193773874,-0.02285997604096153
190.52,0.4193300250090807,0.03985941388423488,0.12819516678577356
190.54,0.46298278326235176,0.04218925313354118,0.29314832557048626
190.56,0.48070041621225756,0.041698840893311356,0.4619249723494475
190.58,0.4840381090867414,0.03820284465835701,0.6227134419699699
190.6,0.47886440226338645,0.03192522512747609,0.76382677931674
190.62,0.4675969853250495,0.023367640324859704,0.8750674004643528
190.64000000000001,0.45130054694747057,0.013211333704809543,0.9486318085631185
190.66,0.4305943161565192,0.002238691646129925,0.9796683069458744
190.68,0.4059745445539625,-0.008737714352202636,0.9665379347216083
190.70000000000002,0.37792901016384617,-0.018940652869018575,0.9108020767337112
190.72,0.34698899958100626,-0.027685924794420506,0.816962542972344
190.74,0.31377029150997104,-0.034428824406444465,0.6919922277751697
190.76,0.2790250083113938,-0.038796379443083936,0.5447075079037341
190.78,0.24371873020431567,-0.04060331286966119,0.38504373128433284
190.8,0.20914512518861786,-0.03985078402715847,0.22330117985420025
190.82,0.1770848054185436,-0.03670815523867954,0.06943030546447111
190.84,0.1499992464947357,-0.03147933173434776,-0.06757849279977118
190.86,0.13122140795911694,-0.024556770276376795,-0.18014446328689976
190.88,0.1250635446429555,-0.01636815137603142,-0.26234543324920623
190.9,0.1366734475602565,-0.00732323845332365,-0.30995071591292234
190.92000000000002,0.17113066830382426,0.002226105099708227,-0.3202617630311956
190.94,0.2304166909484122,0.011983998317627713,-0.2918627420146553
190.96,0.3072131391058836,0.021613571150190684,-0.22454986168671542
190.98,0.38223772567821807,0.030541944812563407,-0.11987297705921154
191.0,0.4373738431856032,0.037889406705425815,0.01767979332606667
191.02,0.4696355211526686,0.042738289642474225,0.17989599320073849
191.04,0.4853261837154109,0.044467258036446015,0.35540760901137797
191.06,0.4902842938374249,0.04285688416242441,0.5311657305009794
191.08,0.4876569810712385,0.03804368833194397,0.6939797366554655
191.1,0.478928250157755,0.030446632281141812,0.8317939781059767
191.12,0.4648744268382087,0.02069719432097294,0.9346765698482742
191.14000000000001,0.44601522125486126,0.009570183815435658,0.9955315451651954
191.16,0.42278918010791705,-0.0020870247452620403,1.0105310328506172
191.18,0.39562066750882036,-0.01342478600365214,0.9792641445177802
191.20000000000002,0.3649500561307227,-0.02365689092860052,0.9046123614810702
191.22,0.33125463861589466,-0.03211726752624632,0.7923786941451145
191.24,0.2950727354343974,-0.03830384029224103,0.6507145939485302
191.26,0.2570400926468992,-0.04190672080910357,0.4894020148195681
191.28,0.21794841341905116,-0.04281908916026699,0.3190569887703045
191.3,0.17883675796162704,-0.041130352038114756,0.1503251867805095
191.32,0.14112288464080272,-0.03710237167228483,-0.006860828272262132
191.34,0.10676727617598453,-0.03113080522461665,-0.1438985833348912
191.36,0.0784367079073089,-0.023695012801000268,-0.25395375882530463
191.38,0.05961674805897702,-0.015301538643988475,-0.3321831277151287
191.4,0.05465338133970987,-0.006427165940373807,-0.37572854828677144
191.42000000000002,0.068754861563526,0.002532963319479678,-0.38349169095530716
191.44,0.10773966998857099,0.011306552987264105,-0.35571997709776637
191.46,0.17599410122986897,0.019755626559119648,-0.293475298831423
191.48000000000002,0.26904949278020257,0.02779078312541504,-0.19821748067835246
191.5,0.3642221098552493,0.035101437980774274,-0.07209066682323995
191.52,0.4335291109776517,0.040913228866406894,0.08060572908310712
191.54,0.4708846365739823,0.044259698743255596,0.2519110444613608
191.56,0.4865345387601523,0.044493117362728554,0.43050998230156406
191.58,0.4896785061312852,0.04144647726962912,0.6034651889629916
191.6,0.4848279090948467,0.03534538069281429,0.7579968254642198
191.62,0.4738775146719786,0.026696987603805653,0.8828232776237492
191.64000000000001,0.4577107414342384,0.01620218685104129,0.9691056622046185
191.66,0.4368742078408991,0.004678828267684126,1.0110674441556509
191.68,0.4118153794138845,-0.0070117186757276805,1.0063145807052867
191.70000000000002,0.38296513531632487,-0.01803449209955634,0.9558680907133997
191.72,0.3507719006044581,-0.02764392216502854,0.8639294655699793
191.74,0.3157244333736827,-0.03523590629435296,0.7374146975474155
191.76,0.2783785635359198,-0.040385610756226105,0.5853075932560118
191.78,0.2393982017127721,-0.042868690705227516,0.41789447270372565
191.8,0.1996211118409362,-0.04266483171505003,0.2459491849934164
191.82,0.1601595592440585,-0.03994373809793566,0.07993930655948814
191.84,0.12253903775721603,-0.035034898314592576,-0.07067852031834884
191.86,0.08885882497802784,-0.02838374264955809,-0.1980139885878884
191.88,0.06193028192177636,-0.020498301671197657,-0.296102522778118
191.9,0.045343926439235516,-0.011891956131658752,-0.36104144475128386
191.92000000000002,0.04347698272865707,-0.0030283288710924307,-0.3908995431904375
191.94,0.06151489504739833,0.005727140892618039,-0.3854184322661431
191.96,0.10522860058662616,0.014144556288852424,-0.34553992168070075
191.98000000000002,0.17867718132254867,0.02213495046083875,-0.2728343270649692
192.0,0.2759029361168796,0.02964713529806241,-0.16908660639605627
192.02,0.37179231772214927,0.03637020877176376,-0.036683570129157725
192.04,0.4386422787362819,0.04150806544823625,0.11976906606245255
192.06,0.47309502407005427,0.044116474045354556,0.2919891381963057
192.08,0.4865821845992355,0.04361461661828856,0.46853128931672366
192.1,0.488159527635353,0.03990585713603801,0.6366135365265788
192.12,0.4820701211928967,0.03327159155727077,0.7838658607755499
192.14000000000001,0.47007582728237157,0.024257863290560816,0.8996058348227746
192.16,0.45301229581542374,0.01358769441142975,0.9757157257282572
192.18,0.43141437390614945,0.002084647577067827,1.0071956618816285
192.20000000000002,0.4057333033444671,-0.00939968515671579,0.9924196801730335
192.22,0.3764133646159788,-0.020053767876843848,0.9331097003193044
192.24,0.343926330960059,-0.02916635734808081,0.8340515577028673
192.26,0.30879827476987,-0.03617509690952136,0.7025921853522369
192.28,0.27164403557652783,-0.04070034385456389,0.5479710769064846
192.3,0.23322067115306805,-0.04256217602788468,0.38054959343533945
192.32,0.19451131119170487,-0.0417797182141687,0.21100751930780542
192.34,0.15684879454665362,-0.038553133207651503,0.049577298187006555
192.36,0.12207788483417197,-0.033229845678733244,-0.094617424318518
192.38,0.09273202604555146,-0.02625792664329486,-0.21406124853153036
192.4,0.07217728209805409,-0.018131109428696272,-0.30314152178213016
192.42000000000002,0.06468577635418046,-0.009331206122002193,-0.35821566130015225
192.44,0.0754361254788761,-0.00027391287719198253,-0.37745300487041505
192.46,0.11024962864588593,0.008735499544972904,-0.3604768540879004
192.48000000000002,0.1737566590170069,0.01751886546188094,-0.307873977293292
192.5,0.26274074802446523,0.02595421981563757,-0.220782222134159
192.52,0.3568038585792904,0.033731846618276135,-0.10109438972062372
192.54,0.42811637529950486,0.04010236655952838,0.04720867272001065
192.56,0.4681570980055297,0.04408833786030877,0.21653042700447958
192.58,0.4858671546556128,0.04498538956305909,0.3957744100424788
192.6,0.4905003049339422,0.0425613525367564,0.5719674782014673
192.62,0.48682380871471437,0.03698760877540122,0.7320526167717308
192.64000000000001,0.4768707832524794,0.028731310964756836,0.8642824085448653
192.66,0.46157765021087044,0.018467747446165264,0.9592209180208722
192.68,0.4415069621813795,0.007003619995775485,1.0104210896538395
192.70000000000002,0.41710700431243436,-0.004796805044441728,1.0148021162068714
192.72,0.3888016749298498,-0.016082831995779923,0.9727360617768014
192.74,0.3570258063295901,-0.026082379680074236,0.8878607718545506
192.76,0.3222460494673687,-0.034156843764377096,0.7666516492196979
192.78,0.2849830752219506,-0.03984221030778017,0.617800442325143
192.8,0.2458448148590389,-0.04287388340077506,0.45146150318666145
192.82,0.20558041042698122,-0.043193905618851086,0.2784337168961301
192.84,0.16516501104266917,-0.040940489070983556,0.10934910328880118
192.86,0.1259211868851402,-0.03642097954772954,-0.04606299780642957
192.88,0.08966680968698035,-0.030070614384629428,-0.17957417638138462
192.9,0.058850695097831925,-0.022400863479599523,-0.28486787166725275
192.92000000000002,0.03661874150038325,-0.013942718442596086,-0.35773152674194836
192.94,0.02679603933183842,-0.005191215333833369,-0.3960223035562763
192.96,0.03388336175214131,0.0034437457353599173,-0.39942228949781766
192.98000000000002,0.06314928324450919,0.011678265534254327,-0.3690132742461627
193.0,0.12015890697074873,0.01938197148660677,-0.30671055178523626
193.02,0.20678014061011893,0.0265559742559812,-0.2146632415376534
193.04,0.3102051201177092,0.033156145362106745,-0.09500885137518361
193.06,0.3995533919554442,0.03874240463412467,0.0492588681046167
193.08,0.4539517707919976,0.04242074536761005,0.21238219940125397
193.1,0.4787781355205123,0.04335996249543596,0.38494934947960163
193.12,0.48637724073878974,0.041192791203234776,0.5550994996144808
193.14000000000001,0.48409349613100155,0.036006593809381336,0.7104520985118536
193.16,0.4750702452779703,0.028213530283910833,0.8396668300670472
193.18,0.46063128295563815,0.018444416828032325,0.9335195994161378
193.20000000000002,0.4414697933617796,0.007466058584918679,0.9856070995628724
193.22,0.4180873678363865,-0.0038926820392664223,0.9927412518478717
193.24,0.390945184242507,-0.014810327738185145,0.9550569582083577
193.26,0.36052260131086405,-0.024535969219521836,0.8758535488597061
193.28,0.32735196969701696,-0.032442658177721226,0.7612018545434714
193.3,0.29205565689873386,-0.03806760028365594,0.6193630861267029
193.32,0.2553996996918293,-0.04113658437297526,0.460077791690802
193.34,0.2183766029003922,-0.04157119045626927,0.2937912482571451
193.36,0.18232840375234152,-0.03947849735085223,0.13088512787176038
193.38,0.14911340550405244,-0.035124223051762174,-0.019016010890842233
193.4,0.12130069068473529,-0.028891561596612762,-0.1476011871234028
193.42000000000002,0.10234957567424761,-0.02122952828902283,-0.24824227781362462
193.44,0.09671220063374675,-0.012596256945657074,-0.3161445149471114
193.46,0.10975498870246933,-0.00340424392717263,-0.3482714149461272
193.48000000000002,0.1470632419331156,0.006021637886144092,-0.3430711487107596
193.5,0.211545117570378,0.015446023144625877,-0.30010072372496777
193.52,0.29620968487273813,0.024620766027927427,-0.2198243667807123
193.54,0.37925573064649,0.03304715326008431,-0.1041125953109013
193.56,0.438994674353107,0.03985204604724288,0.04239463877285562
193.58,0.47232863884495196,0.04408872261953596,0.21126282379895797
193.6,0.4874082826228289,0.04513665918229716,0.3908324338338768
193.62,0.491253922440958,0.04281347597746481,0.5678448011553311
193.64000000000001,0.48742092581609814,0.037307621797813016,0.7290842092656048
193.66,0.4774938500917446,0.02908986984275146,0.8626808154182201
193.68,0.4622661144229491,0.01883602165181191,0.9590825023737525
193.70000000000002,0.4422564604439797,0.007353880550587283,1.0117286437793673
193.72,0.4178985536122868,-0.004489608402334176,1.017432312013078
193.74,0.3896092944025638,-0.01583947460518723,0.9764734323994897
193.76,0.3578173097130608,-0.025918115225777156,0.8924174554596083
193.78,0.32298097457548913,-0.03408066835908533,0.7716911338572862
193.8,0.2856083466009686,-0.03985671247144907,0.6229630984433223
193.82,0.24628748782210763,-0.042975707858983886,0.45638949214842534
193.84,0.2057361954939272,-0.04337482934809697,0.28279281570147735
193.86,0.1648809995755347,-0.04118908939842378,0.11284503179168814
193.88,0.12497161146031999,-0.03672485745552256,-0.04367604846351507
193.9,0.08772206651196494,-0.03041910564577087,-0.17849491442338164
193.92000000000002,0.05544111304843347,-0.022788117094096793,-0.2852609043053134
193.94,0.031091648673770986,-0.014370988948711695,-0.3597531472322739
193.96,0.018254140700969642,-0.00567432838775244,-0.3998597636004413
193.98000000000002,0.02108896563554444,0.0028764971073371058,-0.4053476668191368
194.0,0.04445388143400416,0.010977780751274493,-0.3774540685559321
194.02,0.09387345874832273,0.018478492581764237,-0.3183335252369298
194.04,0.17322319385118307,0.02538078335879078,-0.23042712490193418
194.06,0.2756615862125909,0.031724271907017376,-0.11601963338203572
194.08,0.37400759732381206,0.037260001892446236,0.022317806516014654
194.1,0.4400658711931321,0.041221346892671595,0.17996775167214046
194.12,0.4724460720759454,0.04270947728905805,0.3487702201516482
194.14000000000001,0.48392127779587707,0.04121765693663128,0.5176478836793434
194.16,0.48380761389910004,0.036723186254773964,0.6744921667036183
194.18,0.4763202927644339,0.02956286216035373,0.807868369210228
194.20000000000002,0.4631899275757395,0.020314290080661785,0.9082040185649269
194.22,0.44524609763503376,0.009707460862148135,0.9685682730081655
194.24,0.42303543456241094,-0.0014504469581362468,0.9851286278499172
194.26,0.3970361005231581,-0.012344711084823047,0.957318769440005
194.28,0.3677374214036044,-0.02221685441425972,0.8877387693747529
194.3,0.33568216441721627,-0.030419467772185925,0.7818168776606925
194.32,0.30150689988338075,-0.036458653246694825,0.6472757248918902
194.34,0.26599775444135904,-0.04002135104909387,0.4934582323771988
194.36,0.23017490929121068,-0.04098584692389623,0.3305774744142217
194.38,0.195417309368332,-0.039414908108731626,0.1689592669715352
194.4,0.16363163706079714,-0.03553220464453672,0.018346071977795607
194.42000000000002,0.13745066282049717,-0.02968401280674034,-0.11267443474770807
194.44,0.12041590146591737,-0.02228979271550881,-0.21706386332218142
194.46,0.11706226163528294,-0.013787107186167935,-0.28951643817598594
194.48000000000002,0.13272421816397478,-0.004578804264868224,-0.3264232904129928
194.5,0.1724553389540211,0.005003461567653265,-0.325651436075513
194.52,0.23743278721457675,0.014686208946429424,-0.2862595871433386
194.54,0.31808266895506115,0.024132626774373285,-0.2084636885326762
194.56,0.39298533066699176,0.03273034367322673,-0.09431395478914414
194.58,0.4451807241302315,0.039562196589152845,0.0510233102834393
194.6,0.4742877667771555,0.04373281887361574,0.2186182761832706
194.62,0.48757466874892885,0.04469046080157405,0.3965830480517081
194.64000000000001,0.4907196439296515,0.042294100323528844,0.5716545190484825
194.66,0.4865940806816375,0.03675033699573314,0.7307273483833429
194.68,0.47653157425792597,0.028535919185293763,0.862087514168428
194.70000000000002,0.461246104852489,0.018326215898481366,0.9563486233604555
194.72,0.4412342958659695,0.0069245956248881494,1.00710552002572
194.74,0.4169267520008976,-0.0048092060234169,1.0113031234337926
194.76,0.3887453745152696,-0.016029254246519343,0.9693204086679533
194.78,0.35712982276872124,-0.02596788124885305,0.8847836219258004
194.8,0.3225569729478913,-0.033990115608513366,0.7641403449419276
194.82,0.2855645906843427,-0.03963444320660207,0.6160421329907754
194.84,0.2467879735280348,-0.04263734174727399,0.45059590853159526
194.86,0.20701930521966708,-0.042940249672647805,0.27855210887222687
194.88,0.16730000602270712,-0.040678863842363584,0.11050046745334502
194.9,0.12905142741046136,-0.03615586676599415,-0.04385768603419066
194.92000000000002,0.09423253830487302,-0.02979944009151253,-0.17629859487148467
194.94,0.06548549885578096,-0.022111370914473665,-0.2804769500001379
194.96,0.046216391470200194,-0.013610098118930467,-0.35210706884576887
194.98000000000002,0.040605471867139246,-0.004774823267789916,-0.38891640648512404
195.0,0.05362524592559946,0.00400438419460698,-0.390386255895386
195.02,0.09096721127871335,0.01246696231945291,-0.35731038241586077
195.04,0.157572392274828,0.02049890840965975,-0.2912294190509406
195.06,0.2510146326339496,0.02806621360216027,-0.19393177166969147
195.08,0.3505765560866791,0.03495967215122134,-0.06757367915388324
195.1,0.4258769289145476,0.040495980585294716,0.08395113194469025
195.12,0.4671829999342632,0.04371337692082914,0.25328738389634053
195.14000000000001,0.48456789068047773,0.04392005373757763,0.4296204904166063
195.16,0.48837355081334916,0.04091385724682954,0.6003458780502996
195.18,0.4838164444740097,0.03490059611600456,0.7529093100433373
195.20000000000002,0.47306773715238915,0.02637405996189507,0.8761910105126165
195.22,0.4571041205734939,0.016023138313687308,0.961464093179409
195.24,0.436504420502757,0.004653738176021673,1.0030162165458345
195.26,0.41173127792956105,-0.006884412878011053,0.99847016214796
195.28,0.3832287575423404,-0.01776696937842063,0.948818989535162
195.3,0.35146283493068925,-0.02725715949555759,0.858197146389561
195.32,0.31694893802917445,-0.03475715098755565,0.7334232293627296
195.34,0.28028455433461624,-0.039845278307997244,0.5833646045709027
195.36,0.2421987061176451,-0.0422968229438482,0.418185435595885
195.38,0.20362979648679638,-0.042087215730767555,0.24854657017372625
195.4,0.16584217225680084,-0.03937773332759984,0.0848278531394465
195.42000000000002,0.13058339593271534,-0.034484974063826154,-0.06355926758362022
195.44,0.10026374634072396,-0.027836721677489656,-0.18870870207899385
195.46,0.078114166247303,-0.0199183259853461,-0.28455952793102757
195.48000000000002,0.0682782121861062,-0.011215153223764767,-0.34701144332171846
195.5,0.07582459858944986,-0.0021572048950575036,-0.37381235545742586
195.52,0.10653716793355068,0.006927593815181725,-0.3642391709106982
195.54,0.1654185542865257,0.01583619721734307,-0.3186306923885336
195.56,0.2508977793267989,0.02443737299305792,-0.2379538914600536
195.58,0.3452088850105515,0.03245443154712276,-0.12388926416515059
195.6,0.4202244441410573,0.03919263653122849,0.019991801004281287
195.62,0.4641102291008564,0.04367380195351726,0.18663074723357986
195.64000000000001,0.48435581917629533,0.0451323118456324,0.3653297074686412
195.66,0.49058467830345737,0.04326611255939559,0.5432376232367365
195.68,0.48805890305484995,0.038190761508208576,0.7071660820989698
195.70000000000002,0.4790529768688351,0.030332312806678186,0.8450431464059088
195.72,0.46459291771258077,0.02033798536676979,0.9469703578270435
195.74,0.4452703873989603,0.008998945965976165,1.0059509833865927
195.76,0.4215411030213941,-0.0028237625510170233,1.0183171483061013
195.78,0.39382804494207174,-0.014271054475964861,0.9838645294924682
195.8,0.36256064853799697,-0.024552251595416307,0.905709147565898
195.82,0.32819597650688825,-0.03300202755514133,0.7898960114302895
195.84,0.2912392601671794,-0.03912413007583424,0.6448053337454481
195.86,0.25227364812201136,-0.042619148357624204,0.480415050377202
195.88,0.21200849136693756,-0.0433947975091245,0.3074869355546267
195.9,0.1713562719749467,-0.04155843773990299,0.13674722000974984
195.92000000000002,0.13154536131966382,-0.03739275637410024,-0.02186868522907308
195.94,0.09426247949785421,-0.031316758836393295,-0.15984388086201826
195.96,0.06179157027892485,-0.023835595614242217,-0.27052787351811197
195.98000000000002,0.037091227438596074,-0.015484336499886266,-0.349369710626685
196.0,0.023779491859260492,-0.006771974125145258,-0.393924531016004
196.02,0.02610429746037262,0.001868790225532645,-0.4036462700155786
196.04,0.049038050885476164,0.010123610999793538,-0.37949559795694526
196.06,0.09817856224124008,0.017828464337956058,-0.3233978872816635
196.08,0.17729639350592125,0.024969270175251676,-0.23762275183139941
196.1,0.27916719308568355,0.03156282347409816,-0.12436030480190617
196.12,0.3764356070930451,0.037330908491654165,0.013806622940361966
196.14000000000001,0.4415155615761981,0.0414851751341444,0.17214086031375844
196.16,0.4734505695460824,0.043121395264643085,0.3423097033698237
196.18,0.484845340220881,0.041733045352145184,0.5130569391112194
196.20000000000002,0.48478409020398117,0.037296514594412515,0.6720940348265199
196.22,0.4773679728336444,0.030147936426545563,0.8078023541713357
196.24,0.46428463120850016,0.020866443287730012,0.9104267942157241
196.26,0.4463474330658084,0.010186396593311442,0.9728656351996482
196.28,0.4240944601854233,-0.0010780046514226637,0.991138430231069
196.3,0.3979957490775321,-0.012102990149739992,0.9645633128035899
196.32,0.36852959189688905,-0.022119845644510444,0.8956636735870742
196.34,0.3362221900128354,-0.030470673839781234,0.78983285269372
196.36,0.30168477397507054,-0.03665179857916386,0.6547994211592917
196.38,0.26566479798266307,-0.040342019073200786,0.4999483781017859
196.4,0.22912422107653455,-0.041413970845041684,0.33556272691226696
196.42000000000002,0.19335664033451336,-0.039928010124269865,0.17205456367184918
196.44,0.16014888607464833,-0.03610924012860565,0.019254757792191338
196.46,0.13197558653203278,-0.030309603598565823,-0.11417472498878409
196.48000000000002,0.11218776447372097,-0.02295849286815292,-0.22115247388882267
196.5,0.1051296313345977,-0.014507045826010258,-0.2963770833449186
196.52,0.11606666970917988,-0.0053731412042205585,-0.33630246806015385
196.54,0.15050994571284432,0.004101924793827415,-0.33891147630156765
196.56,0.21151337755820157,0.01365909951728678,-0.30337812126959496
196.58,0.29299072729476,0.023030667450284207,-0.22987580247561643
196.6,0.374687251819795,0.03172008770396679,-0.12002344060460314
196.62,0.43512291076623977,0.03887131949944757,0.02183895693330392
196.64000000000001,0.4698717440555454,0.04353352430675133,0.18761320810177037
196.66,0.4862300524700994,0.04505288145767765,0.36589672418733493
196.68,0.49111130349467225,0.04320369148019215,0.5435282293616124
196.70000000000002,0.4881578728169129,0.03813376479510322,0.7072191598410597
196.72,0.4790197027313947,0.030280002098690247,0.8448770980897511
196.74,0.46452014384150087,0.020292657482931298,0.9466081132055132
196.76,0.44518952138488693,0.008963307831818534,1.00542595689845
196.78,0.4214655195254496,-0.0028475066977868115,1.0176727512226302
196.8,0.39376619006814734,-0.014281541917381537,0.9831513710359684
196.82,0.362520340313244,-0.024549066203851215,0.9049814043831722
196.84,0.32818631133393833,-0.03298567141115232,0.7892076608647599
196.86,0.2912721287889221,-0.039095894509494446,0.6442067083389915
196.88,0.25236565345764317,-0.04258089889275218,0.4799500839454308
196.9,0.21218378006638572,-0.04334868119222238,0.3071914268824546
196.92000000000002,0.1716507467819663,-0.04150651751677672,0.13664841409485629
196.94,0.13201265433400716,-0.03733657416344804,-0.021750910547246788
196.96,0.094981807357645,-0.03125682927962637,-0.15949394059760114
196.98000000000002,0.06287735386154654,-0.023770838210870487,-0.2699292491880245
197.0,0.038704982279798045,-0.01541145670557312,-0.3484973484281738
197.02,0.026146797940180915,-0.006684777462000927,-0.39273464549277853
197.04,0.029540584461493283,0.001980233566204004,-0.4020631424311347
197.06,0.053970187322083356,0.010273980476701389,-0.37739462663281503
197.08,0.10506577960851889,0.018037502914845602,-0.32058532528732336
197.1,0.18614338981126274,0.02525686775639605,-0.23382208213256403
197.12,0.2884729347779601,0.031928738199759096,-0.1192455837886306
197.14000000000001,0.38351882876139476,0.03772499607425736,0.02046730891211694
197.16,0.4454485167599729,0.04181901753419868,0.18028745019836276
197.18,0.47527230905421053,0.04332050721385588,0.3515409297540536
197.20000000000002,0.48558435053069593,0.04175964917448273,0.5227465268531027
197.22,0.4849310193916511,0.03714269846030104,0.6815279723701738
197.24,0.4771059908178236,0.02982623010031013,0.8162783712971082
197.26,0.46367831799929893,0.020403836249780552,0.9173232509391978
197.28,0.44542137584084174,0.009620054221755003,0.977690521775741
197.3,0.42285998775087236,-0.0017046397557336865,0.9935622438106458
197.32,0.3964591351113297,-0.01274406181156496,0.9644364279037351
197.34,0.3666940710727171,-0.022730832574573367,0.8930184289361565
197.36,0.3340877482207574,-0.031011813269707773,0.7848712183944189
197.38,0.29924688151237056,-0.03709096787006079,0.64786798803038
197.4,0.2629123782954749,-0.04065689957826816,0.49150320714048645
197.42000000000002,0.22603687773128953,-0.041593380962195274,0.32612717883798525
197.44,0.18990106325851625,-0.03997236555093513,0.1621735399919517
197.46,0.15627422412078076,-0.03603017173520046,0.009448807633908096
197.48000000000002,0.12760734258570056,-0.030128833068635928,-0.1234522406532913
197.5,0.10722011246231682,-0.02270612565986806,-0.2295524950183249
197.52,0.09942042056458265,-0.014219448519942602,-0.30368426106298185
197.54,0.10945801854628222,-0.005090365296267093,-0.3424552719446497
197.56,0.1429480103876551,0.0043400473147837595,-0.3440098857919157
197.58,0.20339524107333082,0.01382097523853563,-0.3076687776840003
197.6,0.285590191653743,0.02310823511609817,-0.23369074636350018
197.62,0.36957637094756973,0.03174209186950244,-0.12365454364954083
197.64000000000001,0.43255458310654565,0.03888862950276932,0.01826968838204178
197.66,0.4689008404310776,0.04358569800105147,0.18417380935816294
197.68,0.4859960640945067,0.04515569599094561,0.3627654625760026
197.70000000000002,0.4911943070726216,0.04335594564390736,0.5409093805263403
197.72,0.48839602693815015,0.03832524753834071,0.7052921250826583
197.74,0.4793516555241482,0.030496059375181624,0.843770465181576
197.76,0.4649175652452214,0.020516746492945465,0.9463874036460957
197.78,0.4456338524029158,0.009178749817905448,1.0060897359206382
197.8,0.42194033796676256,-0.0026561292664355855,1.0191549704157572
197.82,0.3942543271779637,-0.014127254735787433,0.9853287642631987
197.84,0.36300215138020153,-0.024441661255416476,0.9076848421229131
197.86,0.3286378195338328,-0.03293119483874793,0.792236225347472
197.88,0.2916623453863385,-0.03909649506732418,0.6473431035787263
197.9,0.2526523888690824,-0.04263505109684377,0.48297590454251244
197.92000000000002,0.21230708711632348,-0.04345178237005351,0.3099007841332077
197.94,0.17152300273781926,-0.041651847275799986,0.1388584438038555
197.96,0.13150447786860858,-0.03751659556326557,-0.02019407039074008
197.98000000000002,0.09390377487581493,-0.03146479471365273,-0.1587150028117664
198.0,0.06095837128500843,-0.024002632554678105,-0.2700305569744857
198.02,0.03556700316539176,-0.015667584592941243,-0.34957334615901464
198.04,0.021269807680222467,-0.006972450521907943,-0.39489449056655007
198.06,0.022207493383643695,0.0016447818293302,-0.40546204729045515
198.08,0.04321440723486781,0.009862855320548645,-0.3822751833083601
198.1,0.0898229664706108,0.017509922773795122,-0.3273279024437095
198.12,0.16628347145530717,0.024568970607504566,-0.24298361357473192
198.14000000000001,0.26718778370324414,0.0310773963375522,-0.13149940294857085
198.16,0.36696505187024026,0.03681729363901918,0.004638319565783741
198.18,0.4361217635988486,0.04105402534739963,0.1610441556030283
198.20000000000002,0.4709425791195414,0.042870812695366675,0.32982446957718725
198.22,0.48384446102218825,0.041713636918648676,0.5000224949469341
198.24,0.4846022054304464,0.03751839945143988,0.6594664369694154
198.26,0.4777424066471182,0.030593438237008143,0.7965190672775617
198.28,0.4651207046559324,0.021498431268318637,0.9013134486095244
198.3,0.44760747028819764,0.010954219182734353,0.9665704822953879
198.32,0.42575940539332097,-0.00023319901072138636,0.9880889638252167
198.34,0.40005310676497435,-0.011243033336434748,0.964943937470644
198.36,0.3709700996581139,-0.021304521741767522,0.8994139452905391
198.38,0.3390394665417442,-0.029753158270214543,0.7966649976907374
198.4,0.30487614479009406,-0.03607485425282501,0.6642326744517201
198.42000000000002,0.26923271419642586,-0.03993518534828941,0.5113566175847258
198.44,0.23307802861948212,-0.04119189860546901,0.3482310952804789
198.46,0.19771458182058016,-0.03989000266653225,0.1852403422775622
198.48000000000002,0.16494044306531633,-0.03623996352761253,0.032247709960219695
198.5,0.1372446978960889,-0.030580835765319975,-0.10199698834778864
198.52,0.11799718238372403,-0.023331696824648536,-0.21027785531988172
198.54,0.11156159499819884,-0.014936531621874206,-0.2871238958811113
198.56,0.12319494334192532,-0.005809802019633695,-0.3287980447574213
198.58,0.15827123162496193,0.003705462422048213,-0.33308802830475875
198.6,0.219383035621886,0.013339429465609738,-0.2989959099791475
198.62,0.2996994766956873,0.0227990058533375,-0.22659418255239885
198.64000000000001,0.37896179902172805,0.031553319845684026,-0.11752624083637969
198.66,0.4370432228618579,0.038730023026841566,0.023732302758710085
198.68,0.47044564305737,0.04339121608861842,0.18894451367184928
198.70000000000002,0.4862477685112626,0.04490307848165289,0.3666434203313227
198.72,0.4909355110130593,0.04305171024614137,0.5436685342342711
198.74,0.48792347175884193,0.037989261674009005,0.7067630395669269
198.76,0.4787769966263743,0.030153155442618887,0.843875022917995
198.78,0.4642926864546799,0.020192377799157477,0.9451491389502965
198.8,0.4449934345723928,0.008896325925160186,1.003630639026013
198.82,0.4213158199348521,-0.00287711024468735,1.015683369505624
198.84,0.3936793900746298,-0.014272498489331712,0.9811209114850411
198.86,0.3625163456080942,-0.02450281399224702,0.9030624369026403
198.88,0.3282907489436484,-0.03290600741272819,0.787542131047021
198.9,0.2915198273801823,-0.03898840855086657,0.6429175659391935
198.92000000000002,0.252806076459189,-0.04245221573723169,0.4791355674684091
198.94,0.21288945202105658,-0.043205532465033177,0.3069227259317903
198.96,0.1727299011836208,-0.04135465491773777,0.13697136317821806
198.98000000000002,0.1336271847040631,-0.037179523984816894,-0.02080947500643774
199.0,0.09737093231178362,-0.031094485427280476,-0.1579145180682051
199.02,0.06638687847783811,-0.023597902400849413,-0.26768207389517096
199.04,0.04382403551906607,-0.015215735203241496,-0.3455182649710975
199.06,0.03356001236272654,-0.006445262730875021,-0.3888937919139109
199.08,0.040201884483787594,0.00229572181271905,-0.3971251635670576
199.1,0.06913787612678908,0.01071143671322561,-0.370968582124421
199.12,0.12594828007770814,0.01865604433393596,-0.3120681958816066
199.14000000000001,0.21220141087575822,0.02610900788374745,-0.222374688313287
199.16,0.3145271350352346,0.032993686166845365,-0.10393447905659141
199.18,0.40222027319315756,0.03883321492885425,0.04020510694137553
199.20000000000002,0.4554240209180105,0.042714945843942816,0.20411558015892076
199.22,0.4797960815884824,0.04380804931583356,0.37818323389005587
199.24,0.4873391921641526,0.041747319204176396,0.5503544749862369
199.26,0.4851264519541651,0.03661927254972726,0.7080578008099428
199.28,0.47618616411255493,0.0288354025482349,0.8397578418001961
199.3,0.46180154762346604,0.0190282955404992,0.93603722346152
199.32,0.4426506447694732,0.00796958560961446,0.9903125372696456
199.34,0.4192264760467611,-0.0035042429205004713,0.9992406827720652
199.36,0.3919813341702659,-0.01456199170276971,0.9628365018588395
199.38,0.3613820525698123,-0.024441839288269537,0.8843208557552859
199.4,0.32794188880093855,-0.03250574114471643,0.7697304663506179
199.42000000000002,0.2922536719575042,-0.038280652355642944,0.6273354699968423
199.44,0.25503781569677547,-0.04148395511210206,0.4669229779892109
199.46,0.21721721050308995,-0.04203159783078092,0.2990132035242534
199.48000000000002,0.18003027004229405,-0.04002864232370171,0.13407831402004483
199.5,0.14518700826559824,-0.035743121365540295,-0.018167018719565234
199.52,0.11505530031528238,-0.02956540661097142,-0.1493405498374713
199.54,0.0928385548958967,-0.021956783709591,-0.25278177830347764
199.56,0.08269305965895413,-0.013392477973685847,-0.32372249443265466
199.58,0.08973598003690192,-0.004305457368278434,-0.35922875416445416
199.6,0.11973403343711947,0.004961152943930831,-0.3579320012528462
199.62,0.1773640230701046,0.014175274883106902,-0.3196128213055068
199.64000000000001,0.26031783409508663,0.023157991226452845,-0.24483188888490875
199.66,0.35073245697388894,0.031570746576999834,-0.13508844518088417
199.68,0.4222787464480156,0.038676217456417784,0.006004123999203876
199.70000000000002,0.464541637476644,0.043494739477928576,0.17126003666892062
199.72,0.48451635897687595,0.04526911145143178,0.3498816777152196
199.74,0.49100868676311155,0.04369165564726258,0.528925561120197
199.76,0.488884817285168,0.038862968682352284,0.6950662911021132
199.78,0.4802881565986033,0.031193528751332713,0.8360316821787818
199.8,0.46620750623934337,0.021318853518143357,0.941667563901796
199.82,0.4472238585148851,0.010024010309640006,1.0046855845467804
199.84,0.4237883830367141,-0.001830021427410172,1.0211139181397275
199.86,0.3963198379400504,-0.01337846226167657,0.990455735305375
199.88,0.36524175545599447,-0.023819957615990078,0.9155676174752304
199.9,0.331002163229304,-0.032474669240347254,0.8022859439635042
199.92000000000002,0.2940921118376212,-0.03882940956632938,0.6588456957995941
199.94,0.2550721933595236,-0.042566979987372584,0.49514956255159864
199.96,0.21461580792263274,-0.04357808396005376,0.32195421369577093
199.98000000000002,0.17357897117510232,-0.041955442058550105,0.15004459542201856
200.0,0.13310444871883448,-0.0379709525391356,-0.010533844511499763
200.02,0.09475641684631353,-0.032037945256702775,-0.15112086880385972
200.04,0.06065573749972484,-0.024661920753348252,-0.2649117660542268
200.06,0.0335572742933449,-0.016384747195090688,-0.3472156099911753
200.08,0.016825209651326098,-0.0077286266690598515,-0.39548763981873797
200.1,0.014366493839189915,0.0008542127974448704,-0.4091473402694355
200.12,0.030698654332240994,0.009023371129352184,-0.389212041174385
200.14000000000001,0.07111322406881669,0.01658403963605632,-0.3377791895118095
200.16,0.14062599573681467,0.023503001341399706,-0.25740095516318123
200.18,0.23765337096350542,0.029847953880318596,-0.1505147714160748
200.20000000000002,0.3418899239013877,0.035530116544218567,-0.019475610492390633
200.22,0.42103001998049366,0.03996454151409752,0.13208060956710027
200.24,0.46378240012986277,0.04223321753639622,0.29733885543041827
200.26,0.4809842861216608,0.04166808761062766,0.46614411043768333
200.28,0.4840412848349122,0.038096507402864146,0.6266569769711444
200.3,0.4786856670362239,0.03175139495263177,0.767206135569735
200.32,0.4672754573464323,0.02314040684538473,0.8776391722649024
200.34,0.4508545314265743,0.012948647009011936,0.9502173113547051
200.36,0.43003564011162204,0.001960523745017548,0.9801652913571164
200.38,0.4053134087094633,-0.009011093879664263,0.9659251917291677
200.4,0.377175741516109,-0.019190270920403464,0.9091373843017522
200.42000000000002,0.34615493399462754,-0.027895486913561106,0.8143746300237816
200.44,0.3128685851086554,-0.03458579790175414,0.6886677806251381
200.46,0.27807176312432486,-0.038892707683138766,0.5408745626576377
200.48000000000002,0.2427347243652006,-0.04063571705112341,0.380953024297986
200.5,0.2081583812604373,-0.03982063785660291,0.21920714545833986
200.52,0.17613403750816015,-0.036620948794232173,0.06557340741541773
200.54,0.14913777963302774,-0.031343774750405944,-0.07098654123051504
200.56,0.13052054245507153,-0.024383624004250624,-0.18293131287940587
200.58,0.12461376333697567,-0.01616891963122708,-0.26438370783578397
200.6,0.13658015101454207,-0.007108894944614398,-0.31115838818384833
200.62,0.17149218795731352,0.002446056914503703,-0.3205979648351111
200.64000000000001,0.23125224883609233,0.012201450916804607,-0.29132151350076246
200.66,0.3083390434825795,0.021819629366512907,-0.22315811273112024
200.68,0.3832909813749681,0.03072347794779614,-0.1177007988105481
200.70000000000002,0.43811311133241776,0.03802957380677226,0.02050104499012593
200.72,0.47006402552040316,0.042822237396600356,0.1831695039456392
200.74,0.4855300078360361,0.04448644873794598,0.3588890464614514
200.76,0.4903262639691532,0.04280975505671719,0.5345907276117894
200.78,0.4875693809570996,0.03793478042872649,0.6970902466916878
200.8,0.47872735398500194,0.030285453577500815,0.834360443109387
200.82,0.4645700250500339,0.020497004777824325,0.9365153886569357
200.84,0.44561476896647295,0.009346684498505533,0.996517490137413
200.86,0.4222993901820539,-0.00231706686914971,1.0106042741081473
200.88,0.39504811651280014,-0.013644899829105783,0.9784317702551601
200.9,0.3643014384529396,-0.02385215699319656,0.9029446323615559
200.92000000000002,0.3305369172892283,-0.03227538070848269,0.7900006339606979
200.94,0.29429331254271723,-0.038415908740045704,0.6477938369313223
200.96,0.25620709679510856,-0.041967752668663295,0.4861340695580627
200.98000000000002,0.21707120492173587,-0.042828143564751765,0.31564922309553095
201.0,0.17792672678841515,-0.04109035625676426,0.14698088122301117
201.02,0.14019447486066883,-0.03701963165754122,-0.009957069062717837
201.04,0.10583881692392129,-0.03101426331832824,-0.14659293302804866
201.06,0.07753013007931836,-0.023555335920728403,-0.2561319306856972
201.08,0.0587551530695369,-0.01515014898181837,-0.3337753326910528
201.1,0.05385664510522405,-0.006275335320435824,-0.37671066570299416
201.12,0.06803628451416667,0.0026748750569477167,-0.3838830917329919
201.14000000000001,0.1071096571970729,0.011429739763888735,-0.35557857087887873
201.16,0.17547577115150995,0.019853508557843357,-0.2928900163517044
201.18,0.26869039789529114,0.027859795179853264,-0.1972977928851854
201.20000000000002,0.36404648355514607,0.03514127294882992,-0.07095362690778283
201.22,0.4334732305026129,0.04092547572350381,0.08184629695965864
201.24,0.47085917843006014,0.044246339649316645,0.2531486838581425
201.26,0.4864927657328527,0.04445666142599512,0.4316469926661763
201.28,0.48960704132774424,0.04139054136504904,0.6044160011247146
201.3,0.4847261423153571,0.03527477520221281,0.7586927767435917
201.32,0.4737485952596405,0.02661742192521083,0.8832168789507603
201.34,0.45755889925322396,0.01611981946230371,0.9691733213247811
201.36,0.43670414101148275,0.004599779396850928,1.0108102874313805
201.38,0.41163224595002407,-0.00708182923317324,1.0057573596661233
201.4,0.3827747631158275,-0.01809094068696314,0.9550563611381007
201.42000000000002,0.35058115975292103,-0.027683180215267025,0.8629253686941261
201.44,0.31554183062147867,-0.035255821201552635,0.7362917759563418
201.46,0.27821518937578016,-0.040385455785217954,0.5841451422606819
201.48000000000002,0.2392692292938829,-0.04284907869936545,0.4167719638830931
201.5,0.1995481073311541,-0.04262749369875797,0.2449413063871319
201.52,0.16017386542261006,-0.03989117305500361,0.07911214902351928
201.54,0.1226863551787846,-0.03496990602994244,-0.07126963684847465
201.56,0.08920483107124672,-0.028308860126050304,-0.19832461864736367
201.58,0.06256701348952115,-0.020415174912606728,-0.2960968031165291
201.6,0.0463973214435403,-0.011800682631006898,-0.3606872204263924
201.62,0.045116657247768165,-0.002926789349004529,-0.3901608396064553
201.64000000000001,0.0639604846696779,0.00584392267079728,-0.3842452737641341
201.66,0.10870902687279098,0.014284592290651835,-0.3438562051223671
201.68,0.18320059515812714,0.022306909918002594,-0.27052890732823487
201.70000000000002,0.28074672726553707,0.02985060785910223,-0.16602691972611056
201.72,0.3755826911195906,0.036580604854106746,-0.0327832519754153
201.74,0.4407917025145568,0.04168045069465452,0.1244505282913757
201.76,0.4740860337029616,0.04421179040481942,0.29721589674920534
201.78,0.4869651843831758,0.0436131759053135,0.47394925352838424
201.8,0.48821105942182197,0.039804470850165335,0.6418247561666648
201.82,0.48189718938161835,0.033078439811562416,0.7884837871179972
201.84,0.46971835365148756,0.023989064201832357,0.9032934378166323
201.86,0.4524875078364671,0.013264826225781769,0.9782121287308011
201.88,0.4307321620665214,0.0017325178150480454,1.0083334933545929
201.9,0.4049010637111189,-0.009755220339470677,0.9921336133761335
201.92000000000002,0.375437374319519,-0.020387890859057154,0.9314364246111005
201.94,0.34281194565816,-0.029457167144874247,0.8311217777679766
201.96,0.30754964199089846,-0.036405159372902784,0.6986157272364637
201.98000000000002,0.2702635172629895,-0.0408578194418595,0.5432166121629769
202.0,0.23170800477393313,-0.04264146660193216,0.3753208012540275
202.02,0.19286245237741745,-0.04178161501947005,0.20561766010299495
202.04,0.15505424316669678,-0.038484489975359255,0.044324159974791597
202.06,0.12011996777482883,-0.03310284278937343,-0.09947442500856109
202.08,0.0905800237010735,-0.02608903576660951,-0.21832037936746748
202.1,0.06977883199467151,-0.017939912082853688,-0.30667355600879115
202.12,0.06195440127549613,-0.009139244405437362,-0.3609739801860526
202.14000000000001,0.0722428349299211,-0.0001036796221853438,-0.379479380335283
202.16,0.10645339621450028,0.008861710634652327,-0.3619031346478837
202.18,0.16936789716672832,0.017581711988184597,-0.3089167770467959
202.20000000000002,0.2582821587112106,0.02594490091707543,-0.22171808809915525
202.22,0.35332253380745443,0.0336637069956151,-0.1021939857505556
202.24,0.4261306970857317,0.04000960407285532,0.045774459316700454
202.26,0.46723974442505944,0.044005116803060136,0.21473488738444335
202.28,0.48546941079782424,0.04493254479854685,0.3937020380663395
202.3,0.4903356994328876,0.04254812817489995,0.5697612936898486
202.32,0.48678438467333257,0.037016099134838214,0.7298771359134187
202.34,0.4769211087966959,0.02879901190696966,0.8623007544906345
202.36,0.4617068721088163,0.018568863515682738,0.9575792783626468
202.38,0.44171219490652003,0.007129977567506077,1.0092374281239487
202.4,0.4173882395001339,-0.00465490027141614,1.0141583724258891
202.42000000000002,0.38916048223879807,-0.015935722258682047,0.9726738100974954
202.44,0.35746535612417785,-0.025940190973201178,0.8883803685259075
202.46,0.3227717880102325,-0.03402867902990474,0.7677147385602974
202.48000000000002,0.2856039843416832,-0.03973544775423485,0.6193354942345968
202.5,0.24657543374565388,-0.042793615589874226,0.45337188500778086
202.52,0.20644394454760964,-0.04314253716131537,0.28060769431877036
202.54,0.166197950325262,-0.04091749021668575,0.1116711342707966
202.56,0.12717987854467538,-0.03642277254765696,-0.043700259876907274
202.58,0.09123640939204293,-0.030090552191372657,-0.17725762557091268
202.6,0.06085716099278697,-0.022429245822684355,-0.28265170291048947
202.62,0.03924568604230015,-0.013966768337081329,-0.3556250059769911
202.64000000000001,0.030310013504560578,-0.005194893156676658,-0.3939771699647525
202.66,0.038667364420000155,0.0034802466172983433,-0.3973188200465422
202.68,0.06970996707360524,0.011779213322856325,-0.3666437669167493
202.70000000000002,0.12894025647040425,0.019575118665810413,-0.30376214170176996
202.72,0.21738606959764328,0.026862695787501927,-0.2107186995068674
202.74,0.3203270412593451,0.03356232216927901,-0.08962384201003669
202.76,0.40646670175739,0.039172780574516036,0.05635064487313689
202.78,0.4575381841797302,0.04277312226702777,0.2210710177713237
202.8,0.4804103238574352,0.043560294640837396,0.39476115157560365
202.82,0.48703223184812294,0.04120690240527406,0.5653459969368757
202.84,0.48418920354703293,0.03582956227328516,0.7203706287074624
202.86,0.47475530355328316,0.027860521048768405,0.8485175293612421
202.88,0.4599562870786178,0.017945096307691945,0.9406537940592083
202.9,0.4404527028019818,0.006860353706068759,0.9905166492208837
202.92000000000002,0.4167348445081721,-0.004558619395517907,0.9950915244463737
202.94,0.3892587074063008,-0.015488176092711494,0.9547036140362113
202.96,0.35849938588273217,-0.025179176658884334,0.8728432646079741
202.98000000000002,0.32498374531464225,-0.03301003202683099,0.7557579093284764
203.0,0.289326068861261,-0.038526321305006786,0.6118576712325724
203.02,0.2522803307770482,-0.04146447048580965,0.45099371717220543
203.04,0.21482133672781328,-0.04175810578076827,0.2836762821809281
203.06,0.17826572754329342,-0.03952688088321703,0.12030246479599332
203.08,0.1444361342393809,-0.03504878950935727,-0.02953771037544986
203.1,0.11585243655282913,-0.028718299639718017,-0.15761510212480853
203.12,0.09590791731073012,-0.020994178765169853,-0.2574256192146266
203.14000000000001,0.08897483861618018,-0.012342440554724126,-0.3243338943372253
203.16,0.100364201301712,-0.003181081506357754,-0.35548989091819894
203.18,0.1357921464878881,0.0061639364161109,-0.3495426313228741
203.20000000000002,0.19889159065438503,0.015467582619239344,-0.30623512821186905
203.22,0.28422307333155256,0.02451717374728233,-0.22613071534483695
203.24,0.37068971763252573,0.032874240970046396,-0.11100029358174929
203.26,0.4344824754258228,0.039703960271462585,0.03483361118520932
203.28,0.4704470467003477,0.04404130525443128,0.20329246421786085
203.3,0.48680531304779984,0.045224514025757875,0.382937586230003
203.32,0.49126334201111166,0.04303958961015687,0.5605806928208663
203.34,0.4877840098205737,0.03765576729205035,0.7229763180418625
203.36,0.47811199126880344,0.02953212133397003,0.8581644375673011
203.38,0.4630940720489439,0.019337443390711046,0.9564658806446064
203.4,0.4432653303073399,0.007876218845626773,1.0111724875447943
203.42000000000002,0.41906368184237053,-0.003984609776331522,1.0189432546966384
203.44,0.39090601733664027,-0.01538708480288678,0.9799101260482506
203.46,0.3592188623451415,-0.025548079424215088,0.8975077697431614
203.48000000000002,0.32445664078876035,-0.03381527428935452,0.7780583428069986
203.5,0.28712094725465614,-0.03970958110837524,0.6301583855644703
203.52,0.24778944763480631,-0.04295138166070077,0.46392771370437885
203.54,0.20716331018952816,-0.043469181436743665,0.2901882689001466
203.56,0.16614297076951487,-0.041390530240256344,0.11964397600197219
203.58,0.1259388277767045,-0.037016270419081884,-0.03786918581011276
203.6,0.08820936800440339,-0.030780389552574342,-0.17400033949982846
203.62,0.055190898059758756,-0.02319914289701662,-0.28231733448916396
203.64000000000001,0.029757956148837403,-0.014814710713967345,-0.3585239158657332
203.66,0.015382570802560364,-0.006139814988870945,-0.4004512643684779
203.68,0.01607887876459721,0.0023911320425824526,-0.40783967908870156
203.70000000000002,0.036509288464314095,0.010462405314925882,-0.3819418812737382
203.72,0.08208350911605186,0.01790894176143252,-0.3249809140413034
203.74,0.15730461216671907,0.024724764996597363,-0.23951574416303048
203.76,0.25793465169643853,0.030974225257353112,-0.12792851962200755
203.78,0.3596683308419301,0.036493380292471615,0.0073317278600803105
203.8,0.43178763400743253,0.04059813475080386,0.1621447746201295
203.82,0.4686129883609594,0.04237499208961351,0.3289946624874329
203.84,0.482446711836348,0.04124581774493289,0.49724680781259745
203.86,0.4836195504369075,0.03712534456915546,0.654956114720362
203.88,0.4770021726593783,0.030307355895444085,0.790641779698201
203.9,0.4645877844703582,0.021339709090669092,0.894541627899347
203.92000000000002,0.447295343456713,0.010932152336116056,0.9594357924096615
203.94,0.4257002031694131,-0.00011992046883226005,0.981138820065355
203.96,0.4002897481013263,-0.011005371981441822,0.9587007883732808
203.98000000000002,0.3715565679254169,-0.020961508248037847,0.8943396210904352
204.0,0.3400450602894745,-0.029329724525271796,0.7931325968662545
204.02,0.30639305442214865,-0.03559921653518385,0.6625080683898102
204.04,0.27138758484649744,-0.039435935220625315,0.5115910602348196
204.06,0.23604862400119164,-0.040694954812153634,0.35046579564856045
204.08,0.20175241951325215,-0.039415559100346026,0.18942327898480565
204.1,0.17039896628835963,-0.035799554955208195,0.038262459099910426
204.12,0.14460961079082252,-0.030174660966733005,-0.09429114772849459
204.14000000000001,0.12790937103150926,-0.022946428317226635,-0.20099599717104782
204.16,0.12480451733598961,-0.01454412011941499,-0.27629847235368143
204.18,0.14055290356303218,-0.005368735949361132,-0.31632123823776337
204.20000000000002,0.17999237883776015,0.004241955491976469,-0.31867065283755447
204.22,0.24387942967066234,0.013997724454329442,-0.2821895817075652
204.24,0.32238664198536976,0.023534785522025082,-0.20696739135762926
204.26,0.3948276546870944,0.03221778367113289,-0.09503505188990244
204.28,0.4454003700421517,0.03912918108596871,0.04841078328590818
204.3,0.47388643586097845,0.043387377469528705,0.21444415843625061
204.32,0.4870922742749237,0.04444843834211593,0.39122859541871086
204.34,0.490356436758738,0.04216919741735085,0.5655627149218843
204.36,0.48641393021162616,0.03674875218757559,0.7243819994230178
204.38,0.4765564660807949,0.02865472333965363,0.8559791091662099
204.4,0.46148727682697926,0.018553637686889946,0.9509379530066961
204.42000000000002,0.4417013382110379,0.007241319270944497,1.0027906487799447
204.44,0.4176306545845409,-0.004428128701745469,1.0083928753935945
204.46,0.38970043390773645,-0.015612118848890579,0.968016318385212
204.48000000000002,0.3583559431885791,-0.025543874621953837,0.8851714318218589
204.5,0.3240831097899149,-0.03358687242759511,0.7661913598296385
204.52,0.2874340851108978,-0.0392757742692424,0.6196240522418852
204.54,0.24906679049455874,-0.042341254087244644,0.4554921934980547
204.56,0.2098085303504462,-0.042717326514528454,0.28448856305110126
204.58,0.17075420019435852,-0.040531011964963164,0.11717755419923206
204.6,0.13340437065394337,-0.03607537921554328,-0.036728172274853
204.62,0.09983161178938159,-0.02976827404214128,-0.16895357831415747
204.64000000000001,0.07283657293035262,-0.022100502246119452,-0.2730594414917917
204.66,0.05604409478699145,-0.013578754101795043,-0.3446207901499486
204.68,0.0539328278556285,-0.004669307111127528,-0.3811766289077974
204.70000000000002,0.0718307491726203,0.0042522866977427135,-0.3819649256388431
204.72,0.11555166285209068,0.012939429529400946,-0.34747731013811195
204.74,0.1887704551563073,0.021276695068615844,-0.2789181379627286
204.76,0.2845317578128571,0.029168108966555417,-0.17784589681223392
204.78,0.3774226819327052,0.03624184471614181,-0.04663867618598827
204.8,0.44147520063676293,0.04166150460906086,0.10988878848248242
204.82,0.47453988597274793,0.04448371040677763,0.2831705567419711
204.84,0.48763387954441684,0.04413948590648779,0.4615144995578351
204.86,0.48921061780907166,0.04053602001286443,0.6319243267697905
204.88,0.48322202447465573,0.033953782037055,0.7818193058307177
204.9,0.47132636833966046,0.024938516353775142,0.9003025882692449
204.92000000000002,0.45432513320214163,0.014215898698131309,0.9790463595628759
204.94,0.4327398240440571,0.0026155170993378257,1.0128580694077975
204.96,0.4070125956413312,-0.009002079325104525,0.999949270948157
204.98000000000002,0.3775768710795876,-0.019814304936992717,0.9419197349160318
205.0,0.3448883662250184,-0.02909781234553218,0.8434798218054327
205.02,0.30944820568456827,-0.03627821440824234,0.7119496415754384
205.04,0.2718320655940298,-0.040965056941856974,0.5565879276067935
205.06,0.23273565332950122,-0.0429699401968027,0.38781422211434236
205.08,0.1930472418689791,-0.04230690399507964,0.21639395781991133
205.1,0.15395684290020217,-0.03917540757686014,0.052657119849280176
205.12,0.11710268675050824,-0.03392744516436093,-0.094182561390049
205.14000000000001,0.08473380969503932,-0.027021657690838412,-0.21654967526957855
205.16,0.05984098573744324,-0.018968828424179685,-0.3088266831619229
205.18,0.046213446941500876,-0.010274535818572112,-0.3674477022225052
205.20000000000002,0.04844845798017337,-0.0013848654943673941,-0.3907672532054265
205.22,0.07195733544770423,0.007360505207578287,-0.37872540632041046
205.24,0.12246868440232599,0.0157614717363475,-0.33234878865304346
205.26,0.20258305139175906,0.02374591663239486,-0.25318947211076204
205.28,0.30193613986350865,0.03122147227606483,-0.14304382919242084
205.3,0.3920117352528209,0.03775141025614929,-0.004653883511883221
205.32,0.44994953930390275,0.04244517702534595,0.1565186286812397
205.34,0.4780895390046695,0.04441070984590725,0.3312479638392111
205.36,0.4881039829095808,0.043186828894487245,0.5075305142041087
205.38,0.48763659904884227,0.03877789685824291,0.6724805718840368
205.4,0.4800786661582547,0.03153635698441081,0.8139662111698477
205.42000000000002,0.4668572746840237,0.02205732906456814,0.9217810610466738
205.44,0.44869572273340014,0.011095277499632333,0.9884437528753841
205.46,0.4260942976583368,-0.0005112077472322635,1.0096835160100444
205.48000000000002,0.3994955384196472,-0.011911267567358094,0.9846317968412547
205.5,0.3693442682624817,-0.02230862277609818,0.9157353908839916
205.52,0.33611732597672644,-0.031019705294317967,0.8084183004240577
205.54,0.300349931426728,-0.0375193475260783,0.6705348155061773
205.56,0.262671924440135,-0.041471116865115294,0.5116697532667643
205.58,0.22386484234908183,-0.042740505458982544,0.34235125253842374
205.6,0.18495105479458815,-0.04139039401263569,0.17324626919347952
205.62,0.1473230439606878,-0.037659413212956155,0.014408829606572533
205.64000000000001,0.11290796670300951,-0.031925062582839905,-0.12535383756378668
205.66,0.08433778532725865,-0.02465484346764513,-0.2389423308875047
205.68,0.06507527968191791,-0.016350212542478464,-0.3212144317838884
205.70000000000002,0.059468365660892156,-0.007489285145865393,-0.3690057369869265
205.72,0.07274708762704875,0.0015259752107269608,-0.3809283143506242
205.74,0.11074070568802628,0.010411907081642292,-0.35697661340235115
205.76,0.17781928137564812,0.019015281024158948,-0.29801302488140413
205.78,0.2696064619311907,0.02722937643435781,-0.2053641987005278
205.8,0.36385993303547864,0.034730404517747344,-0.08110491964989419
205.82,0.4329696288544189,0.04073989487750687,0.07050049686156812
205.84,0.47059128748610907,0.044287922431096235,0.24151567316009173
205.86,0.48660952655462764,0.04471606559757429,0.42062157784035903
205.88,0.49009574934764877,0.04184307086133432,0.594825224468318
205.9,0.48554507680884557,0.03588155775204642,0.7512356010913508
205.92000000000002,0.4748562644577948,0.02732900812345019,0.878414229927049
205.94,0.4589157380580565,0.01688062426786626,0.9673345131400718
205.96,0.43827043559382023,0.005352733562323927,1.0120177842070621
205.98000000000002,0.4133660476897222,-0.006390811999001961,1.009869892731202
206.0,0.38462971431506027,-0.017509014851789143,0.9617289821236541
206.02,0.35250365795380406,-0.027247421200942364,0.871643779237699
206.04,0.3174667869143865,-0.03499109817956185,0.7464172670080524
206.06,0.28005933501951696,-0.04030346902420736,0.5949657487301202
206.08,0.2409204835645436,-0.04294863237047336,0.42755501098566706
206.1,0.20084908853729405,-0.04289600885249169,0.25498237600267065
206.12,0.1608976195652131,-0.04030738771858787,0.08777559294023861
206.14000000000001,0.1225034666523787,-0.03550764945055908,-0.06452318178507241
206.16,0.08764346043884455,-0.02894170573237629,-0.19392765216174215
206.18,0.05896880867592436,-0.021121670622664516,-0.29438426637559045
206.20000000000002,0.03986725939906784,-0.012569806204592566,-0.3619272807416152
206.22,0.03445609143580102,-0.003763411482166259,-0.3946075440229254
206.24,0.047605428810955974,0.004913738947908365,-0.3922128831127979
206.26,0.08492556045762464,0.013210745544882824,-0.355811534458499
206.28,0.15146666378489856,0.02102754103263924,-0.28717227264737777
206.3,0.24533571859404324,0.028353132972924903,-0.18823998297141556
206.32,0.346367587160837,0.03501434792706615,-0.06120853794339496
206.34,0.42350100887955205,0.04036109792276833,0.09013868400800953
206.36,0.46593216125179393,0.04343924343023561,0.2586411964630084
206.38,0.4837242727090481,0.043549689789192506,0.4336721162184934
206.4,0.4876061412212557,0.04048530846009238,0.6027873389098765
206.42000000000002,0.4830262602851434,0.03445046872327423,0.7535813574929384
206.44,0.4722457551970631,0.02593771324573553,0.8750786763105532
206.46,0.4562720162271805,0.015633084670378578,0.9586888081113849
206.48000000000002,0.4356954396938484,0.004337658699597015,0.9988204384738725
206.5,0.41098562712927966,-0.007105373266701227,0.9931944855933889
206.52,0.3825942418557357,-0.01787933777280235,0.9428735120084356
206.54,0.3509981739294951,-0.027255575357746205,0.8520296567360173
206.56,0.3167296265328872,-0.03464406744896109,0.7274871080714551
206.58,0.280412204821058,-0.03962993143952343,0.578089391520481
206.6,0.2428154952501025,-0.04199350706243528,0.4139529247281153
206.62,0.2049400729954578,-0.04171291817246935,0.24567510311288643
206.64000000000001,0.1681431336953304,-0.038949189005116805,0.08356725556592405
206.66,0.13430552003130863,-0.0340152147329015,-0.06301992736207805
206.68,0.10601955849375314,-0.027331236490127312,-0.1862187249409749
206.70000000000002,0.08675235908333849,-0.0193710178719846,-0.2799683558771142
206.72,0.08093579621205409,-0.010604364566754483,-0.34011427913433395
206.74,0.09392733334542412,-0.0014424953559327382,-0.36428097871850457
206.76,0.131494595548091,0.007804800211513176,-0.35154565036276436
206.78,0.1972495892795884,0.016935974285697722,-0.301999051431191
206.8,0.28525617376846074,0.02576216319786199,-0.21645382021218898
206.82,0.37323897436602294,0.033854333873854864,-0.09685865383079299
206.84,0.43691034480806,0.040370817636097414,0.05228623125052738
206.86,0.4719882221046395,0.04434926912046208,0.22270699021272689
206.88,0.48743258936907974,0.04515167178338255,0.4028243653387411
206.9,0.4911135642896233,0.04259634087252933,0.5794264659739023
206.92000000000002,0.4869645661671259,0.036882986532397334,0.7393718644028822
206.94,0.4766939803329335,0.028495563567594837,0.8709159506070343
206.96,0.4611306634487035,0.018120769497078894,0.9646808565167581
206.98000000000002,0.44080298807099916,0.006573317074636875,1.0143161474292999
207.0,0.41614735043451556,-0.005277515358753396,1.0168636542481846
207.02,0.38758163203059237,-0.016578999056638403,0.9728321685487568
207.04,0.35553500034009394,-0.026559939696618767,0.8859985130695982
207.06,0.32046626345898815,-0.03458532926810138,0.7629680039473756
207.08,0.2828839673179457,-0.040197093944117517,0.6125430857236719
207.1,0.2433769654370873,-0.04313844031939063,0.4449611474624348
207.12,0.2026645738719503,-0.04336053908175011,0.2710700691862693
207.14000000000001,0.16167609457593934,-0.041011533947770774,0.10151258217353254
207.16,0.12166541693694921,-0.03640906757701231,-0.054011844792229445
207.18,0.08435070753894315,-0.029998742389900218,-0.18734606731236336
207.20000000000002,0.05203978142944788,-0.022302351170060825,-0.2922861664526764
207.22,0.02767969410867711,-0.01386131379319177,-0.3647736231934502
207.24,0.01480780291160192,-0.005181779304984905,-0.4028624268796553
207.26,0.01750671894930022,0.0033133194341114468,-0.40647926283322433
207.28,0.040532429336612955,0.011323778790546022,-0.37700897261678895
207.3,0.08934664003021234,0.018702822883472768,-0.3167383557329787
207.32,0.16800732341405655,0.025459680465073253,-0.22821949950712755
207.34,0.2703975592619089,0.03165108062529235,-0.1138030169750203
207.36,0.3699797956687277,0.03706038034655128,0.02397426938208958
207.38,0.4377145445175638,0.04094818113831091,0.18065947603647164
207.4,0.47116851402384224,0.04241516685414117,0.3483117667432149
207.42000000000002,0.4831320889679767,0.04094061859237519,0.5160361450521556
207.44,0.483237991574422,0.036490253477744115,0.6718530225078249
207.46,0.47588385848220094,0.029392803057339798,0.804418143169697
207.48000000000002,0.4628717574684341,0.02021912010175157,0.9042204135944905
207.5,0.4450565325613805,0.009692743753633715,0.9643640965384156
207.52,0.4229948360132816,-0.0013853610774259663,0.981026395771195
207.54,0.3971710669423937,-0.012206144969668278,0.9536268083871192
207.56,0.3680813093524696,-0.022015879860913246,0.884730246823707
207.58,0.3362778370183531,-0.030170633014934493,0.7797132463253197
207.6,0.30241145257193514,-0.03617844030331056,0.6462358274336719
207.62,0.26728965073768723,-0.039726455380560854,0.49357396319173313
207.64000000000001,0.23196416981832646,-0.04069136936211572,0.33187652680339574
207.66,0.19785916973155024,-0.039132539745711674,0.1714151521033938
207.68,0.16694318072943728,-0.03526848093544265,0.02189528619835243
207.70000000000002,0.14192796010474767,-0.0294387301878435,-0.10810854621609275
207.72,0.1264448746902163,-0.022054746755964458,-0.21154147915630872
207.74,0.12510318755982566,-0.013545512131239572,-0.28304776456321745
207.76,0.14320443542051298,-0.004306429578270715,-0.3189356124116099
207.78,0.1853976037274595,0.005332373689741574,-0.3169686965137211
207.8,0.25164685355751726,0.015081773031351926,-0.27612563733278145
207.82,0.3307024053464758,0.024559247835411035,-0.19666297714254852
207.84,0.4013953725871612,0.03309395840207096,-0.08089469278773109
207.86,0.44943274208484535,0.03975307773354082,0.065583808509319
207.88,0.47595396667827206,0.043680345834554886,0.23347008660911434
207.9,0.48788411074856336,0.044375357971879276,0.41069876600285166
207.92000000000002,0.49026684617925903,0.041735651049262655,0.5840118085638435
207.94,0.48562884956478913,0.03599321559769561,0.7404354340299142
207.96,0.47516928592931984,0.027640965123795696,0.8684692647320934
207.98000000000002,0.45955702926645303,0.017363251535352585,0.958990456509463
208.0,0.43927570261992566,0.005966029918903666,1.0058803625072121
208.02,0.41475460389038427,-0.005694234079007987,1.0063688457519298
208.04,0.38641985307086635,-0.016780002119701442,0.9610962005056098
208.06,0.35471977526401754,-0.026536105363897514,0.8739078121367099
208.08,0.3201455180407758,-0.034342886654574946,0.7514143098015278
208.1,0.28325757565405973,-0.03975548925612176,0.6023658407998724
208.12,0.2447272548284149,-0.04252682346819467,0.4369012102301458
208.14000000000001,0.2054032990802547,-0.04261295551745432,0.2657400965750601
208.16,0.16641400639377488,-0.04016088674869025,0.0993891214688844
208.18,0.1293089495312766,-0.035479898891934855,-0.05256973309003458
208.20000000000002,0.09622605857560465,-0.028998923203150184,-0.18204708384970433
208.22,0.07004283788926258,-0.021213872899517254,-0.2828219297402324
208.24,0.05446347868366013,-0.012630368551833708,-0.35069554791742863
208.26,0.05404328632636821,-0.003707880521032678,-0.38341720332053597
208.28,0.07417879647770895,0.005189663324535381,-0.3803978736935181
208.3,0.12065849572350414,0.01383021826411274,-0.3422488387718571
208.32,0.1966449268248985,0.02210960875997114,-0.2702389866575738
208.34,0.29360306547233916,0.029923430898288816,-0.16597865390062283
208.36,0.3847569163054609,0.036860196144445564,-0.03199633520221053
208.38,0.44570297813493237,0.042051419893520896,0.12657798216286564
208.4,0.4764170804213877,0.04457331678547964,0.30083526609750966
208.42000000000002,0.48814027395432447,0.04390329766030397,0.47888697453891066
208.44,0.4888680334615352,0.039989617897717475,0.6477208242946046
208.46,0.4822527635338496,0.0331426366757874,0.7948815836959634
208.48000000000002,0.46983127228011073,0.02392894263279891,0.9096986809633136
208.5,0.452363746796592,0.01308733608610569,0.9841382927856119
208.52,0.43035926246951794,0.0014531984306004738,1.013339619339298
208.54,0.4042575838677023,-0.01011415880438307,0.9958549360867823
208.56,0.374493806225524,-0.020799809163045847,0.9336066729732247
208.58,0.34152789371864417,-0.02989347871875654,0.831585984798417
208.6,0.3058680943632654,-0.03683790757801542,0.6973328715506529
208.62,0.2681015145207568,-0.04126220724183494,0.5402520020237882
208.64000000000001,0.22894218197600383,-0.04299822922697835,0.37082862547411327
208.66,0.1893074014199238,-0.04207917948531713,0.19981446600510927
208.68,0.15043156570703353,-0.03872092626159077,0.03745412134541497
208.70000000000002,0.11401646922565178,-0.03328766373658314,-0.10718171655259415
208.72,0.08239406733067443,-0.026244934232537907,-0.2266991640439957
208.74,0.058652314319902255,-0.018104552958280406,-0.3156781661749213
208.76,0.046686038498255755,-0.009367294235809795,-0.37074267225938157
208.78,0.051207462707426356,-0.00046913617816185527,-0.3904069734274591
208.8,0.07773391106169736,0.008264681271629952,-0.3747213636139988
208.82,0.13189492262160019,0.016649909662434466,-0.32476035312539664
208.84,0.2152851241369413,0.024620582415312817,-0.24207371436674113
208.86,0.3150501716048332,0.03205538233945602,-0.12849167558477353
208.88,0.40156055698284715,0.03844959518082523,0.013004876030480821
208.9,0.4550338610800161,0.04287736949493051,0.17647851542633725
208.92000000000002,0.4802349211392203,0.04448571402557675,0.35224188948586826
208.94,0.48863176957782467,0.0428759998065011,0.5280530012646342
208.96,0.48717113629430686,0.038102345246764674,0.6910166787568319
208.98000000000002,0.4788711870890269,0.03055210086829362,0.8291594455778268
209.0,0.4650180586775509,0.020844370150971514,0.932550188784304
209.02,0.4462885780126364,0.009748443691136782,0.9940601386183379
209.04,0.42316910301843713,-0.0018909328649450074,1.009812988558119
209.06,0.3960991766687748,-0.013225030549542683,0.9793425234757235
209.08,0.3655247777382984,-0.0234672303266795,0.9054739665286831
209.1,0.3319262707382708,-0.03194993251650285,0.793958009387556
209.12,0.2958449047955562,-0.0381686181943138,0.652901798735611
209.14000000000001,0.25792032148897026,-0.04181027031576438,0.4920542093455168
209.16,0.21894994895926068,-0.042764507673762164,0.3220116598348901
209.18,0.17998137364544964,-0.041116997600716756,0.1534148918244504
209.20000000000002,0.14244492644047835,-0.037125917925287986,-0.0037935420760009924
209.22,0.10831938933947548,-0.031183484292105563,-0.14098687454415562
209.24,0.080297996366212,-0.023765977826347342,-0.2512934247624244
209.26,0.06190450937371465,-0.01537725352983295,-0.32982107678085343
209.28,0.05753836087141304,-0.006491716665969129,-0.37365270684531127
209.3,0.07246968945313687,0.002497654778590395,-0.38162192409197193
209.32,0.11252801457117036,0.011320092844664129,-0.35390034165741946
209.34,0.18184748195023054,0.019835713189313108,-0.29147312684870597
209.36,0.27514095328373483,0.027941780434501007,-0.19575038308352322
209.38,0.36897085440255295,0.035297104535762396,-0.06891557133788001
209.4,0.43623186773846634,0.0411005836324483,0.08456577656289962
209.42000000000002,0.4721438638431979,0.04438996208209151,0.2565191920663304
209.44,0.48706276206383214,0.04453896120102728,0.4354759559414064
209.46,0.4898384244634972,0.041398962042533294,0.608428456289568
209.48000000000002,0.48475774202298794,0.035207810005550795,0.7625872429433254
209.5,0.47362564988298705,0.02648108562415335,0.8867017146828244
209.52,0.4572950947771115,0.015925662725307647,0.9719925657654506
209.54,0.4363027507491371,0.004363324626526948,1.0127626343739988
209.56,0.41109249470000514,-0.00734263334126899,1.0067089681950379
209.58,0.38209327880920696,-0.018357299747254783,0.9549474038191308
209.6,0.3497516074376979,-0.027937004583954452,0.8617702881722572
209.62,0.3145535172720489,-0.035481153576274814,0.734173554656664
209.64000000000001,0.277050633956737,-0.04056969167307285,0.5812042512562882
209.66,0.23790034265955098,-0.042983919981726,0.41319094891598285
209.68,0.19793040695275663,-0.04270960858291822,0.24092614399545392
209.70000000000002,0.1582380156070761,-0.03992257243673819,0.07487153952860473
209.72,0.1203262954987146,-0.034958081762176914,-0.07554598503863671
209.74,0.08626168858679074,-0.02826676106530998,-0.20248790351688317
209.76,0.05880729130301461,-0.0203611256184244,-0.3000607922491417
209.78,0.04148204115280322,-0.011758393877816964,-0.3644497127301746
209.8,0.03855903066179778,-0.002925662784844821,-0.39382568814136126
209.82,0.05509444219405622,0.0057681486640162585,-0.3880463909323506
209.84,0.09680742540400575,0.014090165997356584,-0.34818316989329656
209.86,0.16818398226715708,0.021953878899590256,-0.2759399934625274
209.88,0.26480331191915246,0.029331319606519555,-0.1731910173255767
209.9,0.36306071051662125,0.03596833288975376,-0.042250817745995956
209.92000000000002,0.43363929346003577,0.041119858112324895,0.11258591459490835
209.94,0.4707215593068228,0.04383455901981037,0.28344112485243156
209.96,0.48554125595456266,0.043492079297651774,0.4591631264380835
209.98000000000002,0.48779897484358503,0.03996178689326912,0.6271101601840002
210.0,0.48214512904377843,0.03350212496895861,0.7749396995940933
210.02,0.47050360898023946,0.024642979624064185,0.8919198471416474
210.04,0.4537651829239698,0.014095576054022908,0.9698279075441207
210.06,0.432483069160024,0.0026754320216691597,1.0035194104835108
210.08,0.4071157064897175,-0.00877015665126061,0.991199091215765
210.1,0.37811199511079796,-0.019430194925225866,0.9344099173825041
210.12,0.3459489524373731,-0.028590405692563672,0.8377638560062574
210.14000000000001,0.31116028598806594,-0.03568222596902435,0.7084526210964476
210.16,0.27437253016297203,-0.040317227405593535,0.5555906949230748
210.18,0.2363606035186375,-0.04230484648939825,0.3894535365067835
210.20000000000002,0.1981344914792191,-0.04165249042554365,0.22068000682358369
210.22,0.16106662173507577,-0.038548284412015535,0.05950937643310221
210.24,0.12705893291190584,-0.033327951935776666,-0.0848802100437795
210.26,0.09872607081256529,-0.026428685193015874,-0.2048735674523574
210.28,0.07954779203132667,-0.018334412023362095,-0.29471685003861187
210.3,0.0739484169549458,-0.009518208965214374,-0.3505892327805297
210.32,0.08726926300667974,-0.00038813947661952447,-0.3704489611980281
210.34,0.12531956766747587,0.008755359260091532,-0.35368207108726657
210.36,0.1919258791107667,0.017727461085958702,-0.3006366978641248
210.38,0.281461057971965,0.02636499259790131,-0.2122980127603802
210.4,0.37137742450756733,0.034267134753178885,-0.0906747095048441
210.42000000000002,0.43641565699251533,0.04060545337722496,0.0597611214845454
210.44,0.47196937118743143,0.04441486491768357,0.23077999987363393
210.46,0.4873896684816913,0.04505612880255764,0.4108341887996797
210.48000000000002,0.49087951297865273,0.04235352907357337,0.5867535063146887
210.5,0.48650613717074814,0.03651569530371352,0.7454696232438945
210.52,0.4760181514719855,0.02803476611830126,0.8753460710631825
210.54,0.4602551644544545,0.017603207702824225,0.967141362553814
210.56,0.439748681422269,0.006038459847695861,1.0146585407156146
210.58,0.41493678316617866,-0.005790630228725116,1.0150974855680628
210.6,0.3862392938684231,-0.017034722900652933,0.9691172874106251
210.62,0.3540882535058147,-0.02692853321398209,0.8806262911720582
210.64000000000001,0.3189469115391022,-0.03484486280330869,0.7563336658166921
210.66,0.2813308145337473,-0.0403346000510113,0.6051119003480928
210.68,0.24183998809438112,-0.04315024624154911,0.43723163479471294
210.70000000000002,0.20121156408555035,-0.04325175970011793,0.263537557630065
210.72,0.16040269340894447,-0.040794753980734254,0.09463643301523565
210.74,0.12070896248659391,-0.0361022886843058,-0.05983423795488135
210.76,0.08390694635786565,-0.029622727234396896,-0.19179580606227226
210.78,0.052379916770652395,-0.02187757082385621,-0.29512787581706557
210.8,0.02916651188263729,-0.013404768640862232,-0.36584792326000465
210.82,0.017917202819265912,-0.004703918998725035,-0.40206583908929
210.84,0.022868493629059287,0.0038115834358812667,-0.4037320329665069
210.86,0.048976483663878634,0.011854088010885612,-0.3722108597512001
210.88,0.10178116705336145,0.01929103973640994,-0.30971393785439566
210.9,0.18453161801094745,0.02613791985878596,-0.21867123841778036
210.92000000000002,0.28822886808534737,0.03241996287121157,-0.101348479971383
210.94,0.38381005080196784,0.03782905073820077,0.03955195563901418
210.96,0.4454399922495276,0.04155080736655975,0.19903653414924596
210.98000000000002,0.4746773931106071,0.0427119771188948,0.3685221968065377
211.0,0.4844310536533864,0.040865386365087075,0.536700286641521
211.02,0.4833072885998083,0.036037672966746225,0.6914554030651433
211.04,0.4750986888302143,0.028599247475573075,0.8215106811619328
211.06,0.4613717227583156,0.019149847230265808,0.9175617659787025
211.08,0.4429018938442656,0.00843247597861881,0.9730157916663522
211.1,0.42022044260188013,-0.0027409715870369096,0.9844135119205513
211.12,0.3938035903960405,-0.013558801827641253,0.9515650320763371
211.14000000000001,0.36414447757763385,-0.02327247875330918,0.8774205582417515
211.16,0.331793849303685,-0.03125020585606043,0.767706887434732
211.18,0.2974013224621021,-0.03701776284942444,0.6303740305121543
211.20000000000002,0.26177363894522165,-0.04028396740591943,0.47490852745840445
211.22,0.22596308037804175,-0.04094918852689122,0.31157847793916343
211.24,0.19139708686462398,-0.03909649644043831,0.1506793050213388
211.26,0.16005167255028327,-0.03496625164837408,0.001848522502074873
211.28,0.13465085657203574,-0.028916298057353407,-0.12648808772327183
211.3,0.11884343255723032,-0.021371550982586057,-0.22748829576826568
211.32,0.11726991999489567,-0.012768669875047135,-0.29605152054421235
211.34,0.13531794035731123,-0.0035040970329877673,-0.32875892433266196
211.36,0.1778744982252948,0.006099278307704021,-0.32363551533931006
211.38,0.24533969748014386,0.015770550693652227,-0.2798711677568115
211.4,0.3266475244740001,0.025155017002449764,-0.197839180713478
211.42000000000002,0.39977544516987845,0.03360325901365807,-0.07986407061878699
211.44,0.4493240145206383,0.04018039856241796,0.06848854992939524
211.46,0.4763850535555471,0.044016272037877724,0.23790626653145736
211.48000000000002,0.4883599936400605,0.04460389377368684,0.41626913225315726
211.5,0.4906090950207194,0.04184390318084782,0.590258881183517
211.52,0.4857811084011274,0.035976254957671934,0.7468651957133875
211.54,0.4751118601946063,0.027503151110998686,0.874586489228513
211.56,0.4592793974019254,0.01711776821618139,0.9643353498566125
211.58,0.4387685135991848,0.005633462652614202,1.0100612580428177
211.6,0.41400689322993856,-0.00608790679906726,1.0090879446981853
211.62,0.3854171480548834,-0.01720576377902904,0.9621665150310066
211.64000000000001,0.3534417106630413,-0.02696440073134527,0.8732603349261226
211.66,0.3185622373186911,-0.0347460810163998,0.7490952088311039
211.68,0.28132415095588365,-0.04011013043930491,0.598524165210818
211.70000000000002,0.24237507953056867,-0.042815590763663064,0.4317681440319884
211.72,0.2025270637040976,-0.042826233792846564,0.25960115577516646
211.74,0.16285264620478682,-0.040297965783285795,0.09255081475094357
211.76,0.12481905139594882,-0.035549857662214086,-0.059817382162343134
211.78,0.09044646425292566,-0.029021306279843433,-0.18947109388518119
211.8,0.06244832289656811,-0.02121930559852951,-0.29028944483269586
211.82,0.04430210805937645,-0.012661324139210832,-0.35821959761800537
211.84,0.040254384058550675,-0.003819899026389391,-0.3912063352255946
211.86,0.055343504178431945,0.004926371759462731,-0.38891167043441666
211.88,0.0952904194214149,0.013331859919193513,-0.35225663595698115
211.9,0.1647572724813587,0.02129688096046353,-0.28284823213460597
211.92000000000002,0.2600719219768707,0.02878797501888276,-0.18250498117665126
211.94,0.3587020693629091,0.03556439193362284,-0.05347197887796355
211.96,0.4309342002776248,0.040900724879189825,0.1001024641216327
211.98000000000002,0.4695337413445431,0.04383921797856787,0.27051990829646383
212.0,0.48530827060921056,0.04373145899116994,0.4467313864728773
212.02,0.4881684598508094,0.04041899550439208,0.6160811106986691
212.04,0.4829547454408149,0.034139623236387494,0.7661152859491663
212.06,0.4716743599585296,0.025409188399209484,0.8859217583499277
212.08,0.45524687574319744,0.014930638858997758,0.9670531151934505
212.1,0.43423362654993436,0.003516618630901188,1.004117956903357
212.12,0.4090934827456483,-0.007983374611305381,0.9950728846696844
212.14000000000001,0.3802720898276913,-0.018751620833743723,0.9412308169106837
212.16,0.3482401757868987,-0.02806342649111773,0.8470082757076886
212.18,0.3135212628860953,-0.03533719496680777,0.7194488216974292
212.20000000000002,0.27672578696607003,-0.04017009188708735,0.5675740978138997
212.22,0.23860334686540824,-0.04235710836154293,0.401624876895546
212.24,0.20012465551041775,-0.04189250686897832,0.2322609534812498
212.26,0.16260314238686394,-0.03895383668915234,0.06979037515608687
212.28,0.12785666564707487,-0.033869924429444725,-0.07650465765143778
212.3,0.09838813949060751,-0.027075589048452014,-0.19888613957916465
212.32,0.0775394896311775,-0.019057366539479804,-0.29147779749104036
212.34,0.06957655513637913,-0.010295904974821024,-0.3503568302364273
212.36,0.07968798802171484,-0.001211160142043068,-0.37341880703447616
212.38,0.11369298024051377,0.007882625340203248,-0.36003991201088087
212.4,0.17617533846906583,0.01679395001841486,-0.31060448341194236
212.42000000000002,0.26392097263244424,0.025384106519041084,-0.22610885964000457
212.44,0.3568782852439229,0.033328475175245245,-0.10837038422656735
212.46,0.42771133714529164,0.03987195995260323,0.038663122962236035
212.48000000000002,0.46782849536772597,0.04403583123198546,0.2074180983237783
212.5,0.48581678425705777,0.04510888959321404,0.3868065089278136
212.52,0.4907488717149167,0.04284728352085317,0.563825044450128
212.54,0.48734774669309067,0.037410449543797276,0.7253380275571818
212.56,0.47764153562470285,0.029255852229259447,0.8594756084481107
212.58,0.46256755657092097,0.019052331094917357,0.9566469535017327
212.6,0.44268867586455657,0.007603728866150623,1.0102314414507956
212.62,0.41845222783692937,-0.004224956200107806,1.0169704938784707
212.64000000000001,0.3902798617799682,-0.015578985690760525,0.9770680893593787
212.66,0.3586025911720868,-0.02567944774648377,0.8940159448056988
212.68,0.32388098405545807,-0.03387883780303451,0.7741750625124104
212.70000000000002,0.28662606992388445,-0.03970302949828291,0.6261611183610571
212.72,0.24743042040541144,-0.04287703875146927,0.4600937121117139
212.74,0.20701877699838525,-0.04333320269468944,0.2867774814280235
212.76,0.16632825633915846,-0.041201640071741194,0.11688609618261665
212.78,0.12662444499604913,-0.03678406613889236,-0.039781741267212165
212.8,0.08964481454959933,-0.03051326158234242,-0.1749118784790687
212.82,0.0577325118538706,-0.022901902321018183,-0.28209939440963955
212.84,0.03390153492201812,-0.014486046302784363,-0.3570558994876123
212.86,0.021809894163672607,-0.00576962254148966,-0.3975906681009341
212.88,0.025734039702213815,0.0028247632539225107,-0.4033810734244637
212.9,0.050679624629547,0.010996781403062242,-0.3755626389031816
212.92000000000002,0.102231319237706,0.018598878250317127,-0.31617388010077113
212.94,0.18376251252248899,0.02563097825652351,-0.22753371103782313
212.96,0.286693065447154,0.03210705532061672,-0.1118527308186674
212.98000000000002,0.3824269611485895,0.03771749476524374,0.02819585228928992
213.0,0.4447867570000836,0.041647818745997316,0.1876501582621502
213.02,0.474703777208786,0.043012740589093046,0.3579360485144184
213.04,0.48493868810296475,0.041346519979540704,0.5276886772844506
213.06,0.48416432806944054,0.03665990777726154,0.684665724559151
213.08,0.47622737367667084,0.029312634723926968,0.8174101229211633
213.1,0.46271583706863145,0.019898910687015083,0.9164050020222466
213.12,0.44441075038043365,0.00916104130401767,0.9748326447645538
213.14000000000001,0.42184204442228473,-0.0020853670709018355,0.9890151510004049
213.16,0.3954806386281556,-0.013021128120441159,0.9585666305381927
213.18,0.36581042401611735,-0.02288729419154384,0.886277425641439
213.20000000000002,0.3333675530966564,-0.031039791999842505,0.7777602228527831
213.22,0.29877907259673925,-0.0369914378032926,0.6409018088886144
213.24,0.26281710552414683,-0.04043862979726362,0.4851766769900695
213.26,0.22648160791328237,-0.04127107605922308,0.32088743624639743
213.28,0.19112316577490104,-0.03956407797600435,0.1584012358270353
213.3,0.15861011066151487,-0.03555409731780288,0.00745094099812594
213.32,0.13152564418002297,-0.0295996640956348,-0.12343571067231415
213.34,0.11335213972277318,-0.022131246717736048,-0.22732701489106436
213.36,0.10857042450976172,-0.013595469927025478,-0.2990642838671049
213.38,0.12253026604887894,-0.004401114487300043,-0.33521631908224797
213.4,0.1605721817965535,0.005120646612884074,-0.3338404610662684
213.42000000000002,0.22479967988039962,0.014711590936181696,-0.29415810916824026
213.44,0.30703188504695195,0.024075744454958626,-0.21643785158350895
213.46,0.3857538266394794,0.032654996590021315,-0.10258070302176997
213.48000000000002,0.44168646555796004,0.03955215520337217,0.042560619456350084
213.5,0.47302717426510466,0.04384321686529734,0.21034501891015592
213.52,0.48737954731087524,0.044936725973395174,0.3890234354898303
213.54,0.4910408877438506,0.042664132604568944,0.5653347252834212
213.56,0.4872136119253325,0.03721622098259042,0.7260904691689263
213.58,0.4773573120944368,0.029061110020333198,0.8594458608571147
213.6,0.4622271758935868,0.018870311747725993,0.9558592348752636
213.62,0.44233158895781854,0.007447130602572645,1.00876253470256
213.64000000000001,0.4181027002242592,-0.004345520805828206,1.0149441761603144
213.66,0.38995943259312943,-0.015655844623654522,0.974644913920553
213.68,0.35833500877859975,-0.025708298403017804,0.891380495447333
213.70000000000002,0.3236955835316899,-0.033858816812861285,0.7715222209699512
213.72,0.2865617642162993,-0.03963644415666968,0.6236827341250519
213.74,0.24754158690800637,-0.04276877477267194,0.45796699891121617
213.76,0.20738428113194401,-0.04318982343881583,0.2851564046636059
213.78,0.16706492597199904,-0.04103019048814295,0.11589695791382768
213.8,0.12790601977568775,-0.036590593281007146,-0.040039361756246825
213.82,0.09172649326818189,-0.03030107296248743,-0.17435773126591692
213.84,0.06098053558568974,-0.02266960879330049,-0.28065774776724717
213.86,0.03882963871103734,-0.01422544566490441,-0.35463256913671637
213.88,0.02913188438769789,-0.005463386921916494,-0.3940412330341803
213.9,0.036441446688261776,0.0032058311916477967,-0.398469076873982
213.92000000000002,0.06608582697685624,0.011496825886851714,-0.368905866023379
213.94,0.12362215570296395,0.019276792325093974,-0.30718233779329324
213.96,0.2106494300260311,0.026540718014590778,-0.21537859835789336
213.98000000000002,0.31374954879112377,0.033228708721003516,-0.09560497573685658
214.0,0.4019393156406509,0.038877052039618734,0.04908905713790076
214.02,0.45522045210588674,0.04258019293149517,0.21281256156327003
214.04,0.479436695601465,0.04351385758406897,0.3860145711600802
214.06,0.4867668363031311,0.04132150114430875,0.5567350292124342
214.08,0.48435182131659493,0.0360979515945247,0.7125308767136962
214.1,0.4752391181215023,0.02826051014339089,0.8420238893159634
214.12,0.4607176930888087,0.018444219665075635,0.9359705010553967
214.14000000000001,0.44146873328899894,0.007419683241708139,0.9879639320177139
214.16,0.41798892860512854,-0.00398087476572631,0.9948269917008076
214.18,0.3907361082584945,-0.014933212761153829,0.9567177834852794
214.20000000000002,0.36018572363412754,-0.02468442855518997,0.8769684063946876
214.22,0.3268644474880354,-0.032606486612620056,0.7616886561613352
214.24,0.2913859844438659,-0.03823649049217506,0.6191811044419875
214.26,0.25450313160424687,-0.04130113771200318,0.4592260474469124
214.28,0.21718843588783807,-0.04172390989001781,0.29230287803369726
214.3,0.18075459194760587,-0.039614733518459275,0.1288178666029227
214.32,0.14701831223350098,-0.03524305722282007,-0.0215930094963388
214.34,0.11849246039003254,-0.028996612754332633,-0.15062391539519915
214.36,0.09856482347103923,-0.021329658529030737,-0.25167147733764256
214.38,0.09160622993717486,-0.012706093104887073,-0.31998778204436396
214.4,0.10292558098663494,-0.003544169460473731,-0.35260654789664836
214.42000000000002,0.13821214217073882,0.0058274655874574885,-0.34806635712836004
214.44,0.20100606290583833,0.01517812726681543,-0.30601618016997845
214.46,0.2857446423567932,0.02428590333551461,-0.22695510600219013
214.48000000000002,0.37143799585155646,0.03270209010188559,-0.11263056499353474
214.5,0.43466226342008574,0.03958744208295039,0.032627022279821456
214.52,0.47040862084183055,0.043978875002638286,0.20072805416160946
214.54,0.4867549088145135,0.045216072212776466,0.3802315795289472
214.56,0.49127432689883826,0.043083422267418306,0.5579465276326891
214.58,0.48787438191242166,0.03774699982038966,0.7206144724175018
214.6,0.4782828583433088,0.02966263674931785,0.856249280189196
214.62,0.4633421284539488,0.019496508787892743,0.9551338056363604
214.64000000000001,0.4435862115402844,0.00805141409051545,1.0105132462814475
214.66,0.41945276335288656,-0.003806349972532309,1.0189952744960808
214.68,0.3913585847924627,-0.0152184288479764,0.9806600291740152
214.70000000000002,0.3597301518308116,-0.025400343528526367,0.8988939131303407
214.72,0.32502186183150583,-0.033697623985428866,0.7799778860508725
214.74,0.28773529970260214,-0.039628442740688344,0.6324771475425004
214.76,0.24844811159368052,-0.042910097962204644,0.46649190310526845
214.78,0.20786137659701806,-0.0434679251056191,0.29283707768628525
214.8,0.1668752966438202,-0.041426469267811086,0.12222200969314857
214.82,0.12669989475024174,-0.037083959392533686,-0.03550060292714236
214.84,0.08899347569249506,-0.03087234145727027,-0.1719538039801056
214.86,0.05599345313717413,-0.023306514125028474,-0.2806725433428953
214.88,0.030578968580589994,-0.01492800831846734,-0.35732366470796556
214.9,0.01623313846166413,-0.00624951868161984,-0.39970014055435
214.92000000000002,0.01698995366437083,0.0022941306620284595,-0.407504903687732
214.94,0.037538971856260074,0.010386584651649777,-0.38195546119655843
214.96,0.08331032233951915,0.01786203133342874,-0.32524237933080835
214.98000000000002,0.15876816362360968,0.024713140209399246,-0.23989600258165675
215.0,0.25948079916988215,0.031000349592172474,-0.12827944795653257
215.02,0.3609135279409426,0.03655113800722096,0.007152348236480445
215.04,0.43253422545235654,0.04067291679829812,0.1622359795531575
215.06,0.46900805825964376,0.042451569916742773,0.3293930159428817
215.08,0.4826720802006554,0.04131328982696028,0.4979361501853022
215.1,0.4837656845498449,0.0371767408944109,0.6558850089533281
215.12,0.47710049587592956,0.030338432837256693,0.791736658010907
215.14000000000001,0.46464580737646555,0.021348363316297823,0.895716342495711
215.16,0.4473121339955504,0.010918177906246954,0.9605996379146721
215.18,0.42567167361722735,-0.00015502315528993435,0.9822037509516985
215.20000000000002,0.4002101142338813,-0.011058649919756811,0.9595877648921872
215.22,0.37141841915259743,-0.021028895147960292,0.8949837686399493
215.24,0.3398387935570958,-0.02940645271966011,0.7934868556257769
215.26,0.306105822406277,-0.035680275920297044,0.6625450918943703
215.28,0.2710016957420241,-0.03951655097043224,0.5113032313682379
215.3,0.23553926566699282,-0.040771057735123926,0.34986333844162115
215.32,0.2010846260221692,-0.03948422673686472,0.18853054092675828
215.34,0.16952394487713193,-0.03585940492592376,0.03711251860299657
215.36,0.14346099305485324,-0.03022617668204863,-0.09566331974325745
215.38,0.1264009518460729,-0.022992184326368785,-0.20256149301572327
215.4,0.12283409979727337,-0.014588829861685427,-0.2780429898482011
215.42000000000002,0.13802700326198966,-0.005418892570741944,-0.31825312565846803
215.44,0.17691011244468685,0.004179525792405362,-0.3208256927232962
215.46,0.2405143030096949,0.013919832474567614,-0.2846254985580579
215.48000000000002,0.3193963751937667,0.0234487748717077,-0.2097359961053581
215.5,0.39282716707955917,0.032144669079275295,-0.09813053662670101
215.52,0.4443906388593525,0.039094047694171095,0.04509137762080955
215.54,0.47349695466844605,0.043406492730936566,0.21108939017462425
215.56,0.48702556685655546,0.044526129693997815,0.3880677153800108
215.58,0.4904668682413358,0.042300837841318904,0.5628231656930361
215.6,0.4866401304692,0.036923923200071616,0.7222602570975083
215.62,0.4768702150095144,0.028859413127093683,0.8546221728214908
215.64000000000001,0.4618715122242774,0.01877191453545222,0.9504324219613696
215.66,0.4421422143939131,0.0074567935817506864,1.0031580154572417
215.68,0.4181146453642332,-0.004230983370191025,1.0095903857451662
215.70000000000002,0.39021295898108355,-0.015446822553949184,0.969942780567304
215.72,0.35888025695387604,-0.025421038911456202,0.8876771367520826
215.74,0.3245989000968068,-0.03351359646929317,0.7690910302193854
215.76,0.2879153659942982,-0.03925537900834456,0.6227115410008979
215.78,0.24947860483313478,-0.042373374404658604,0.4585555329593305
215.8,0.21010185818748345,-0.04279836313443365,0.28732392391232553
215.82,0.17085844242811668,-0.040654929200225905,0.11960069805382821
215.84,0.13321704992052574,-0.03623481885636498,-0.03487427664944494
215.86,0.09920559673769065,-0.02995593384078768,-0.16779614526815767
215.88,0.07156565897502112,-0.022310697656909146,-0.27269917135334737
215.9,0.05384689468734473,-0.013809061760903855,-0.3451416160492126
215.92000000000002,0.050433959437072115,-0.004922203644662667,-0.3826620529954966
215.94,0.06655270161267249,0.003967941085094134,-0.38452070326914056
215.96,0.10801106232375207,0.012608064139864077,-0.3512584348770681
215.98000000000002,0.1789766969825963,0.020881359799884355,-0.28414833581372734
216.0,0.27405806069402094,0.028711440589546645,-0.18478796264308855
216.02,0.36921144553847174,0.03577791799387474,-0.055449901487217526
216.04,0.43680132836465885,0.04128740460985285,0.09936790087038158
216.06,0.47238672071777804,0.044283648392208684,0.27148004776609896
216.08,0.4868153417632164,0.0441555353669583,0.4494487485684621
216.1,0.4891230065320622,0.04077402612944991,0.620369488221967
216.12,0.48362883161625064,0.03439450387640563,0.771631626165511
216.14000000000001,0.4721375277880186,0.025545218854885168,0.8922243059111226
216.16,0.45550024210840523,0.014939893210561534,0.9736471613573934
216.18,0.43425444183684214,0.003401156181639591,1.0104973293984134
216.20000000000002,0.40884750750285564,-0.008212533964633352,1.000757993349459
216.22,0.37971490133721597,-0.019076043125275693,0.945801585363067
216.24,0.3473137026125272,-0.02845932293735281,0.8501298345584294
216.26,0.3121466778138352,-0.035777882951285395,0.7208881172589068
216.28,0.27479190202086434,-0.04062872185789907,0.5672060802626271
216.3,0.2359485803547892,-0.04280953554288572,0.39942745634065774
216.32,0.19650995215493097,-0.042320226848683855,0.22829832295735314
216.34,0.1576731463056454,-0.03934695621682985,0.06418451984871895
216.36,0.12108737363549849,-0.0342301824293887,-0.08361442524137423
216.38,0.08902066773636594,-0.027419457966799066,-0.2073958797356992
216.4,0.06449905916085734,-0.019419263302559164,-0.30138425597232515
216.42000000000002,0.05137509721445889,-0.010731565716877441,-0.3618359014910658
216.44,0.05434420425462436,-0.0018010302953130608,-0.3869177159013911
216.46,0.07892129650856063,0.0070323989795107456,-0.37637990638446056
216.48000000000002,0.13078695460634707,0.015565678868536742,-0.3310647552817712
216.5,0.21191876910261653,0.02371483970732706,-0.25236607957317697
216.52,0.3105576232176614,0.031353460081116176,-0.1420093895181401
216.54,0.3978558367834283,0.037991542645570794,-0.002849162585537801
216.56,0.45297388925820115,0.04271121173607269,0.15936206816137297
216.58,0.47950901265562873,0.04463775918083436,0.33509416725304764
216.6,0.48879791244809906,0.04333806425027518,0.5121417299379881
216.62,0.48797805655065113,0.0388360566741438,0.677513948750802
216.64000000000001,0.4801927917689487,0.03149675055158202,0.8190365875375181
216.66,0.4667789227435724,0.02192446015090466,0.9265036705018991
216.68,0.4484297570943534,0.010880933366951248,0.9924669668707845
216.70000000000002,0.42563491683778504,-0.0007896246123359008,1.0127146557172788
216.72,0.398831460880609,-0.01223253802901482,0.9864560552840331
216.74,0.3684590161759268,-0.022649659956802588,0.9162272391067691
216.76,0.3349872564342025,-0.03135755803385283,0.8075449496714517
216.78,0.29894041452573566,-0.037833138181275476,0.6683517575368316
216.8,0.2609311870733205,-0.04174380691430302,0.5083088630279355
216.82,0.22171451062013883,-0.042960415944442276,0.3380023014397753
216.84,0.18227212991189817,-0.041552452741595323,0.16813290182806356
216.86,0.14393602190138852,-0.0377661485201941,0.008760072687801691
216.88,0.10854609296887888,-0.0319874043994312,-0.13133563019990058
216.9,0.07861243692118314,-0.02469282201669266,-0.24511649825569612
216.92000000000002,0.05743106068503483,-0.01639367855807146,-0.3275398140781265
216.94,0.0491259422028018,-0.007578822029731289,-0.37558168968442973
216.96,0.058660405693296606,0.0013379506702135835,-0.3880398615952952
216.98000000000002,0.09174401809309546,0.010061518797799271,-0.3651422653351041
217.0,0.15356069939979475,0.01843752415643855,-0.30801608575206385
217.02,0.24294273284227255,0.0264003321842849,-0.2181878766415105
217.04,0.34164998662652346,0.033745225670929906,-0.09761471415139567
217.06,0.4195993594764515,0.03982258401115483,0.050101185613503504
217.08,0.4641924769062939,0.04366501198101703,0.21797395163825617
217.1,0.48393521077511864,0.044520816543417226,0.3954159276316959
217.12,0.48932539904808003,0.042118679203460324,0.5697777362818115
217.14000000000001,0.48595258911235584,0.036609188234009486,0.7282088775046005
217.16,0.47617840341405987,0.028447173725212282,0.8591052662810651
217.18,0.4610496220980924,0.018297837039447328,0.9531306676618934
217.20000000000002,0.4411653321210713,0.00695808785497689,1.003898192634624
217.22,0.4169889179993698,-0.0047173895696137145,1.008348336142044
217.24,0.3889553441228688,-0.01588675783544606,0.9668373757788012
217.26,0.35751310147492854,-0.025785431351472803,0.8829544514635307
217.28,0.323149283271819,-0.03378034351778921,0.7631000106051734
217.3,0.286416543493974,-0.039410565911461054,0.6158734535597354
217.32,0.24797316245875317,-0.04241174831286492,0.45133000840300386
217.34,0.20864695511489012,-0.042723031468781855,0.2801746546371819
217.36,0.16953369464209098,-0.04047630269584917,0.1129638677505416
217.38,0.13213518605388155,-0.035968869255527725,-0.040615932853136846
217.4,0.09852490310548268,-0.029621892627149517,-0.17233114062330684
217.42000000000002,0.07150209855361932,-0.021928389707434628,-0.27579505602719717
217.44,0.05468465803914653,-0.013396122561500176,-0.3466417809332838
217.46,0.05253616575006672,-0.0044914180413896205,-0.3824715760796622
217.48000000000002,0.07036515557544978,0.004410954701614475,-0.3825821413306403
217.5,0.11398355033950243,0.013065992193988062,-0.3475201505007641
217.52,0.18713893977985574,0.02136134037614896,-0.2785360787676042
217.54,0.283063966070096,0.029207269733147967,-0.1772165208575235
217.56,0.37642464871894576,0.03624134852447094,-0.0459354116435117
217.58,0.44096218615384986,0.041633412209635706,0.11053067569215683
217.6,0.4742952857052608,0.04443906660582138,0.28366388407467247
217.62,0.4874904275328952,0.04408603195868499,0.4618094764788779
217.64000000000001,0.4890974378501164,0.04047951847180264,0.6319976584084579
217.66,0.4831173591446826,0.033899092621865176,0.7816687405076821
217.68,0.4712263864948518,0.02488987489650081,0.899944057506769
217.70000000000002,0.4542319065905467,0.014176832978168342,0.9785113740826754
217.72,0.4326575454025403,0.0025886833408484532,1.0121905603746717
217.74,0.4069466325330302,-0.009015024050739435,0.9992018271308735
217.76,0.37753380105260154,-0.01981275327705272,0.941149476149507
217.78,0.3448764831853152,-0.029082167760698368,0.8427442475707897
217.8,0.30947845366702675,-0.03624976251992965,0.7113028158175365
217.82,0.27191955281407565,-0.040925752531796644,0.5560773491791626
217.84,0.23290202616597255,-0.042922117232388826,0.3874787036410469
217.86,0.19332428907328555,-0.042252915228291665,0.2162628071323927
217.88,0.15439170427481566,-0.03911719794484411,0.05275089646879266
217.9,0.11776488118478681,-0.033866062135983324,-0.09384945600120544
217.92000000000002,0.08572404698444754,-0.026956704789913695,-0.2159643321614574
217.94,0.061301870802553886,-0.018897872715672524,-0.3079707387679931
217.96,0.04834316571974669,-0.010192472315863217,-0.3662879377055053
217.98000000000002,0.05151738008953538,-0.0012832245989126646,-0.38924353975019155
218.0,0.0763085072896048,0.007494183078508888,-0.37673589770166666
218.02,0.12840354586332897,0.015943083981617326,-0.329734237628262
218.04,0.20988361252629367,0.023988721813785766,-0.24972854031473554
218.06,0.3091249562703858,0.031517517448096465,-0.13849626037839063
218.08,0.3971153357142916,0.038052302171441586,0.0011099382753144427
218.1,0.45264974835917504,0.0426807730545558,0.16337767484890175
218.12,0.4792940543019224,0.044528349797941,0.3388259727209251
218.14000000000001,0.48854656217719106,0.043162962130796644,0.5152996850406315
218.16,0.4876493340790901,0.03861122285054349,0.6798662270031406
218.18,0.4797853804501501,0.03124076738170526,0.8204207021416153
218.20000000000002,0.4663041117553287,0.021657407066323422,0.9268349238728327
218.22,0.4479030595516564,0.010622897820480008,0.9917415074584232
218.24,0.4250740850762014,-0.0010200424001251397,1.011006483923249
218.26,0.3982565988641043,-0.01241953705539494,0.9839083669165438
218.28,0.36789361661252,-0.02278124959852057,0.9130390909791605
218.3,0.3344600480497353,-0.03142619116706227,0.803954616386518
218.32,0.2984883390357511,-0.037835920055921936,0.6646183935401795
218.34,0.26060412033142055,-0.041682259797336516,0.5046942148047304
218.36,0.22158260848200048,-0.04283980044449791,0.33475425093933775
218.38,0.1824368304977016,-0.04138066210132214,0.16547258622897812
218.4,0.14454552548982513,-0.03755220555004413,0.006874234205799676
218.42000000000002,0.1098153523488627,-0.03173961071158986,-0.1322955655246831
218.44,0.08084679290259345,-0.024416642328245083,-0.2450273748864137
218.46,0.06105335014887593,-0.016089472753887904,-0.32629089518042403
218.48000000000002,0.054708923992744816,-0.007239524004441793,-0.3730496009687023
218.5,0.06695317595593073,0.0017290727933351223,-0.3840543215504367
218.52,0.10358850459464403,0.010531996439628006,-0.3594443367778832
218.54,0.16930485492204933,0.01902037391357926,-0.30022162839176536
218.56,0.2608169868591849,0.02710738480950057,-0.2078086050945317
218.58,0.35697182652552273,0.03451328358348128,-0.0842468775946038
218.6,0.4290269855956847,0.04050019739932648,0.06641828274574327
218.62,0.468745662161591,0.044095775615821786,0.23655079544884697
218.64000000000001,0.48580423840582404,0.0446131703675573,0.4150574432330277
218.66,0.4897860807323758,0.04184645239999015,0.589059471489862
218.68,0.48552541228372603,0.035992289936046834,0.7456997337119083
218.70000000000002,0.475057792672468,0.027537398050094246,0.8735212870362584
218.72,0.45931610699701225,0.017169178159684568,0.9634423395824446
218.74,0.43886250676903615,0.0056984772541522795,1.0094025399666708
218.76,0.41414832428534337,-0.0060140729404904985,1.0087086408241999
218.78,0.3856039611180185,-0.01712841379891507,0.9620913735557151
218.8,0.3536750931647381,-0.02688882026170795,0.873492763092192
218.82,0.31884560490295577,-0.03467708122576534,0.7496182788366326
218.84,0.2816634582939459,-0.040051658064481827,0.5993033153289495
218.86,0.24277991397177034,-0.04277041260437327,0.43275529352387254
218.88,0.2030125103782934,-0.042795701378600386,0.26073992217966596
218.9,0.16344209819755878,-0.04028185751534635,0.09378251500732612
218.92000000000002,0.1255481835021771,-0.03554628595335716,-0.05854723485505906
218.94,0.09136859186285216,-0.02902666868663664,-0.1882060179853001
218.96,0.06364154483476081,-0.02122825124170348,-0.2890550645851514
218.98000000000002,0.045879231926290426,-0.012666694189376125,-0.35701654788740833
219.0,0.04237668591232075,-0.0038125811384967035,-0.390002778066469
219.02,0.058232593847998664,0.004957700993413219,-0.38763498836642274
219.04,0.0991977438972154,0.013400745108742585,-0.35078431712823893
219.06,0.1697531783862247,0.021416903859095997,-0.2810019730533378
219.08,0.2655113503274861,0.028963385915746803,-0.18006591713313802
219.1,0.36312276099952334,0.03577337694305707,-0.05025136838448622
219.12,0.4335291696287826,0.041095396007037585,0.10414797896158334
219.14000000000001,0.4707686755273807,0.043973373715927785,0.275235475324883
219.16,0.48583440305982506,0.043778573049414134,0.4518149791961897
219.18,0.48832891129550804,0.04037037639198542,0.6211622702435283
219.20000000000002,0.48288192578072087,0.03399877449068147,0.7708147529667919
219.22,0.4714147798509083,0.02518812508629532,0.8898922507462718
219.24,0.45481761909959134,0.01464746652224977,0.9700083074068776
219.26,0.43364209521510905,0.003193456262550375,1.0058526536796284
219.28,0.4083435433741006,-0.008322440809649577,0.9954749831652119
219.3,0.37936567234677754,-0.019082555732117396,0.94028511557452
219.32,0.34717725775719105,-0.028364135765912284,0.8447924277043222
219.34,0.31229907470657325,-0.035589168687051184,0.7161221840862313
219.36,0.27533738348186493,-0.04035970165031812,0.5633606706372881
219.38,0.23703543725615692,-0.04247649000517736,0.39679186619509693
219.4,0.19835445426490303,-0.041939999997229215,0.22709468713402037
219.42000000000002,0.16059389170914437,-0.03893399372561048,0.0645713326901049
219.44,0.12555129611619556,-0.033793142789564815,-0.08152607316648959
219.46,0.09570017135344872,-0.02695745967868635,-0.20351175343518194
219.48000000000002,0.07433990523910242,-0.018917870389444404,-0.2955808556208935
219.5,0.06567687148908072,-0.010158609850012195,-0.353897930037667
219.52,0.07483095152047968,-0.0011024761773735282,-0.37645876018818086
219.54,0.10760620328422901,0.007934647434040386,-0.36274909075559925
219.56,0.1688490172645175,0.016763742512831973,-0.31326288636916627
219.58,0.25624020416988136,0.025261283960358514,-0.2290746379566753
219.6,0.3507082721563253,0.03313840452084228,-0.11197771489687283
219.62,0.42410033768438504,0.039675403055389385,0.03425979048263566
219.64000000000001,0.4661435778623754,0.04389333992546627,0.20232019795500808
219.66,0.4851219130426118,0.0450560438728088,0.38131043728070935
219.68,0.4905324759684669,0.042896652766134045,0.558320754181777
219.70000000000002,0.4874087879992558,0.03755951447763221,0.7202333340904246
219.72,0.47790866468448595,0.02949212071768342,0.8551470528462882
219.74,0.4630139621044541,0.019356401654895036,0.9534064352730921
219.76,0.44330188538218923,0.007951685093745527,1.0083034613479034
219.78,0.41922454466186715,-0.0038592821686526885,1.0164786364015204
219.8,0.39120560152300315,-0.015221807543825044,0.9780304577158226
219.82,0.35967757154385394,-0.025354965729875084,0.8963491653750365
219.84,0.3251029232937994,-0.033607449064234414,0.7777060277138657
219.86,0.28799557427630196,-0.03949991779076835,0.6306451612335637
219.88,0.2489525953873476,-0.04275122005297824,0.4652375291114525
219.9,0.20870566388289646,-0.04328706140502285,0.2922648957127511
219.92000000000002,0.1682024257474125,-0.041230945482237435,0.12240470460228046
219.94,0.12872425026430465,-0.03687841440098159,-0.03451486349932191
219.96,0.09203214512595229,-0.030656845998891832,-0.1701269369541834
219.98000000000002,0.06050463359549149,-0.023074472193001076,-0.27795414714319383
220.0,0.03720995008087134,-0.014663864843869227,-0.3536198348278587
220.02,0.025890330405995338,-0.005926174731482359,-0.3948326068141127
220.04,0.03094805436976734,0.002718588670982926,-0.401158632746553
220.06,0.0575414795190414,0.010973070776221176,-0.3736112008575647
220.08,0.11128441501534048,0.018692259028508185,-0.3140947059410089
220.1,0.19491885125237993,0.025871199178191782,-0.22479439391554168
220.12,0.29797483233276933,0.03249244451250391,-0.10785202030409728
220.14000000000001,0.39070768675548784,0.03818114061630089,0.03392807601646196
220.16,0.44931298849454393,0.04207897955321609,0.1952088838942149
220.18,0.4768579908699684,0.043319754848928756,0.3669945397656527
220.20000000000002,0.48591822836790366,0.04147956734130262,0.5376376793838247
220.22,0.48451290806078184,0.03660178692892162,0.6947661216678951
220.24,0.47613862319045763,0.029068466243262127,0.8269012355604574
220.26,0.4622509616888834,0.019490130766720695,0.9245808082526478
220.28,0.4435861420685688,0.008621282048448206,0.9810985281013148
220.3,0.42065842885349447,-0.0027140792805843052,0.9929290929048735
220.32,0.39393147256566946,-0.013692286707830245,0.9598650023229934
220.34,0.36388314521669074,-0.023553874620427774,0.8848849680015273
220.36,0.331041879940108,-0.03165804230644921,0.773784438458078
220.38,0.296023380343666,-0.03752425838084967,0.6346129386686494
220.4,0.2595828446826889,-0.04085834065761584,0.47697532457829783
220.42000000000002,0.22269537092013153,-0.04156143311990398,0.31126259123959155
220.44,0.18667596564826686,-0.03972147403170332,0.14788185368493167
220.46,0.1533436354509406,-0.03558795675523766,-0.003445654041854568
220.48000000000002,0.12521576773409773,-0.029532102488720145,-0.13425549933891434
220.5,0.1056918749892714,-0.021996099878385005,-0.2377282996524616
220.52,0.09916393555914386,-0.013436728488096631,-0.3088616582160449
220.54,0.11094802412832233,-0.004270321284085388,-0.344416624301045
220.56,0.14662617116285326,0.005170263070816758,-0.34266308867691986
220.58,0.20930750529318276,0.014640520870910237,-0.3030156296781798
220.6,0.29268096536510174,0.023889511659796556,-0.22582323364567983
220.62,0.37574481470954335,0.03242966002583743,-0.11282507355221633
220.64000000000001,0.4365146069846691,0.03940142857768262,0.031527725891330766
220.66,0.4709430400264688,0.043852261257061056,0.19900923861552003
220.68,0.4868191971141713,0.04513904813272294,0.378106801063367
220.70000000000002,0.49123696737686534,0.043054283788126625,0.5556095718664118
220.72,0.4878609654421479,0.0377648322575567,0.7182554835287251
220.74,0.4783321836858511,0.029724372979075778,0.8540509157112275
220.76,0.4634663317763424,0.019596298315960364,0.9532608894453224
220.78,0.44378994352262113,0.008180936997794805,1.0091020725623998
220.8,0.419739006658937,-0.003657180715339806,1.0181450530842004
220.82,0.3917306488486754,-0.015060600257000728,0.9804275190312349
220.84,0.36019277742721995,-0.025244826562960364,0.8992916528430567
220.86,0.325582381309982,-0.033554488521741664,0.7809760496550292
220.88,0.2884052935093591,-0.039506064541134554,0.6340087739120428
220.9,0.24924594904583558,-0.04281450050822744,0.4684610387189991
220.92000000000002,0.20881611595994903,-0.04340227813826903,0.29512924210464997
220.94,0.16803251935609892,-0.041390742350401896,0.12471635224977966
220.96,0.12813005543599149,-0.03707470553670014,-0.032918032667802896
220.98000000000002,0.09080322818371722,-0.030882567029205686,-0.16937610983097592
221.0,0.05834049726413891,-0.02332557824777245,-0.2781575957206289
221.02,0.03369228564229906,-0.014941475504027156,-0.3548792495244669
221.04,0.020443831890944498,-0.006238830081269251,-0.3972682169618853
221.06,0.022779150202886237,0.002352405892109565,-0.4049438009508784
221.08,0.04558718448179426,0.010522092011859366,-0.3790178738795384
221.1,0.09441816819099802,0.01811151510300963,-0.3215480594816778
221.12,0.17318995224130895,0.025114566012818643,-0.23491072718857708
221.14000000000001,0.2752100055670468,0.0315638259822604,-0.1213574273980653
221.16,0.3735145089365123,0.037207237618713605,0.016553057520013466
221.18,0.4398328498883966,0.041276941480416364,0.1742089940672228
221.20000000000002,0.4725041734427088,0.04286878832569421,0.3434441863597562
221.22,0.48420238457215403,0.0414676103703453,0.5131461221981363
221.24,0.4842563069804487,0.03704317968263525,0.671138178607031
221.26,0.47690026061379687,0.02992715828371631,0.8058921256437703
221.28,0.4638730319397425,0.02069454816021515,0.9077265036889083
221.3,0.446006109812073,0.010075159066067641,0.9695959656844612
221.32,0.4238451424452499,-0.0011217927443892572,0.9875573015595768
221.34,0.3978654394411359,-0.012077652058705857,0.9609455625857075
221.36,0.3685514833690347,-0.022028558503462713,0.8922809839936746
221.38,0.3364384399245363,-0.03032081047763813,0.786935523652135
221.4,0.30215114631843043,-0.036453910520463574,0.6526015108210299
221.42000000000002,0.26645775967414065,-0.04010851799258596,0.498617535107077
221.44,0.23035132561337038,-0.04115757168962278,0.33521579461269146
221.46,0.1951709265272079,-0.03965999822390313,0.17275978441422138
221.48000000000002,0.1627673022035977,-0.035837626473811564,0.021041155432226073
221.5,0.13569985033564622,-0.030037251345454007,-0.11130049227249848
221.52,0.11742304763007032,-0.02268135237270713,-0.21718192315439555
221.54,0.1123877299928691,-0.014212775746146029,-0.2912692927021623
221.56,0.12590583458852367,-0.00504086951738562,-0.32994981218316827
221.58,0.163256840230745,0.004498265054693006,-0.33111022159377357
221.6,0.22648375970244625,0.014137369607904519,-0.2938294986253594
221.62,0.3075290517000664,0.023569738453523743,-0.21827486986474695
221.64000000000001,0.3853445466378502,0.03223145194732364,-0.10628160283773076
221.66,0.44097673302652346,0.03922757122176815,0.037357289588541565
221.68,0.47242650667395286,0.043635910904206196,0.20407224129207296
221.70000000000002,0.48701644688216816,0.04485988853190927,0.3821794459320763
221.72,0.49092704678797994,0.04272125499034072,0.5584519328226999
221.74,0.48733676399995196,0.03740017071483064,0.7196939009023623
221.76,0.47770501552619565,0.02935510214104303,0.8540122016375087
221.78,0.4627894539878349,0.01924977536133342,0.9517817358976595
221.8,0.4431001406521151,0.007882078932565973,1.006324483483596
221.82,0.4190703023790537,-0.0038878483326121897,1.0143024618090857
221.84,0.39111987196829756,-0.015208278708293475,0.9758243533583895
221.86,0.35968346094484166,-0.02530117743263237,0.894278756925383
221.88,0.32522941980582776,-0.03351774747753907,0.7759244067130354
221.9,0.28828186879363327,-0.03938053129695749,0.6292840235170245
221.92000000000002,0.24945436179379815,-0.042609419766054424,0.4644012596395782
221.94,0.20950461889767488,-0.04313013661089474,0.2920283880464558
221.96,0.1694205616733596,-0.04106500647006473,0.1228156255698117
221.98000000000002,0.13054389188543544,-0.03670702242633937,-0.033428676142445934
222.0,0.0947222048040699,-0.03047946815787744,-0.16834424574131093
222.02,0.06445297586686755,-0.022884772094068445,-0.2754405711268322
222.04,0.042964331681543254,-0.0144478363284964,-0.35030096030955643
222.06,0.034217051033532044,-0.005660027563886375,-0.3905591975930992
222.08,0.04291242781851196,0.003071036085074432,-0.3956624783186623
222.1,0.07452810377155729,0.011463160667983674,-0.36644976619458663
222.12,0.134523276341072,0.019384720234268366,-0.3045906307462592
222.14000000000001,0.22344375013988604,0.026818934120451356,-0.21201915404783783
222.16,0.3256436416051056,0.033659063089544194,-0.09080994724609029
222.18,0.4098954066469364,0.03936756961505475,0.05576628912580873
222.20000000000002,0.4593213695656399,0.04300935205482085,0.22136639322916457
222.22,0.4813433492387217,0.043793549763935395,0.3960074117848794
222.24,0.4876026502833529,0.04140828358364173,0.5674691610263669
222.26,0.4845855213501469,0.03598044240844424,0.7232032369430469
222.28,0.4750321316221013,0.027949336086543784,0.8518323573257253
222.3,0.4601205348644615,0.017966225758396657,0.9441894455684124
222.32,0.4404948483909579,0.006813663965098339,0.9940003559129885
222.34,0.4166384028180246,-0.004668274378364464,0.9982601637580913
222.36,0.3890020840714708,-0.015651715613621796,0.9573222350920604
222.38,0.3580547561523467,-0.02538433518757753,0.8747199986638805
222.4,0.32431409321679944,-0.033242629470438816,0.7567542326115767
222.42000000000002,0.28838025333254613,-0.03877168642214914,0.6118932544880806
222.44,0.25098547856036424,-0.04170894328600816,0.4500454006817262
222.46,0.21307156450235856,-0.041990559540164285,0.28177098559505376
222.48000000000002,0.17590619330513282,-0.039740226083709904,0.1175040361836347
222.5,0.1412418929738526,-0.03524144105206923,-0.03314759198489888
222.52,0.11150253147395214,-0.028895593937861428,-0.16196179847553038
222.54,0.08995644012856956,-0.021169711902514578,-0.2624719298745676
222.56,0.08082552327508116,-0.012539239406497605,-0.3301155241616167
222.58,0.08928401893249187,-0.0034322025481269575,-0.3621547209885092
222.6,0.12111626964860404,0.005817325675536713,-0.35738853968777684
222.62,0.18082516630686646,0.014987582184599666,-0.3157248655056697
222.64000000000001,0.2653778210245982,0.023903336462911928,-0.2378198678303077
222.66,0.35578777669482475,0.0322118969995006,-0.12528674554229272
222.68,0.42582756043318143,0.03915291695454135,0.018063715011372307
222.70000000000002,0.4664527880901168,0.04374690470646694,0.1847939153882674
222.72,0.4853062900109906,0.04526295582270891,0.3639134359648932
222.74,0.49107140928518744,0.04342453501520551,0.5424069507578242
222.76,0.4884131973190309,0.03835805463443582,0.7069922539359199
222.78,0.47937195264883525,0.03049365466849411,0.8455311205804085
222.8,0.4648969024190992,0.020480822235404577,0.9480705211827438
222.82,0.445555696896738,0.009112964543960591,1.0075678818741896
222.84,0.4217957125417613,-0.002746242381808513,1.0203192045771625
222.86,0.39403550822842376,-0.014234745367265034,0.9860953003350875
222.88,0.3627001400908968,-0.024558780405413524,0.9079995139757348
222.9,0.32824053701627165,-0.033050079907984795,0.7920763227089684
222.92000000000002,0.2911524435755525,-0.03920986313649727,0.6467164349630898
222.94,0.2520040098232253,-0.042736860530293096,0.4819171398736052
222.96,0.21148089590430055,-0.04353784012392874,0.30846525512201306
222.98000000000002,0.17045872382636962,-0.04172035874542105,0.13711363235002563
223.0,0.13011019994799178,-0.03756867331365709,-0.022179152636182326
223.02,0.09204158059630554,-0.031504956426982506,-0.1608824368270061
223.04,0.058426046564068225,-0.02403932339164693,-0.2723481673139112
223.06,0.032074278160180075,-0.01571376871032584,-0.3520515597029083
223.08,0.01640321884433768,-0.007046376328301143,-0.39760585447717506
223.1,0.015374586677732345,0.0015183984614051203,-0.40856453760076933
223.12,0.0335798894945078,0.009650985639552466,-0.3860415584076653
223.14000000000001,0.07637649434911518,0.017169736892930984,-0.3321826047102337
223.16,0.14856800074027524,0.02405363403147368,-0.24953523936948724
223.18,0.24737073145514682,0.030368903867482238,-0.14050424941117282
223.20000000000002,0.3505406537999401,0.0359915781936213,-0.007480948159123752
223.22,0.42635640152144705,0.04028749732733675,0.14567471959914366
223.24,0.4662278459041959,0.04233718945387556,0.31180777356202843
223.26,0.4817880067136731,0.04151402183553683,0.48051817157185944
223.28,0.48393823905876027,0.037686973170593344,0.639897406933984
223.3,0.47798408454419655,0.031118128449837582,0.7783466602857374
223.32,0.46610023198701456,0.022334545351332755,0.8858819650741818
223.34,0.4492672467299665,0.012033509100204192,0.954995646108585
223.36,0.42807855356328683,0.0010053233842070076,0.9811795281201517
223.38,0.4030244660641868,-0.009937122351150103,0.9631544763406839
223.4,0.3745942589024999,-0.02002324245317078,0.9028287784713084
223.42000000000002,0.34332481362557743,-0.028581445102833503,0.8050122409464346
223.44,0.30984160098891295,-0.03508421350609394,0.6769256464194618
223.46,0.27491223750974314,-0.03917867089649161,0.527558095414547
223.48000000000002,0.23952664978646496,-0.04070068922284781,0.36693453674616777
223.5,0.20501582251928124,-0.03967172840589067,0.20536132613165625
223.52,0.17321485772896789,-0.03627878911329848,0.05271853684870789
223.54,0.14665894611164884,-0.0308391801856761,-0.08213636029076375
223.56,0.1287707058219829,-0.023753376043466754,-0.19179867712161136
223.58,0.12395565833144917,-0.015451161423089315,-0.27054259683476767
223.6,0.1374250541041275,-0.006338854942467583,-0.31433078948280224
223.62,0.17418590198078449,0.00323868333373309,-0.3206360645671443
223.64000000000001,0.23573757084525748,0.012990399834128506,-0.2881874228417255
223.66,0.31366143742496905,0.022571100216809557,-0.21692890446905708
223.68,0.3878816503810029,0.031382343900897884,-0.10862870911905442
223.70000000000002,0.4411332040154203,0.03852577381863023,0.03190635915844287
223.72,0.47171170276053154,0.043097002023373326,0.1961321007075761
223.74,0.48624966897220334,0.04450877117575712,0.3724511802689249
223.76,0.4904044933808211,0.042577067417339055,0.5477287057328218
223.78,0.4871461179401245,0.03746833019387891,0.7088194315508579
223.8,0.47787169293431564,0.029625281431127956,0.8438204287354572
223.82,0.4633236144970105,0.019696919930299615,0.9430351757246933
223.84,0.44400978225458665,0.008469017615396588,0.9996601458868843
223.86,0.42036531372565394,-0.003206856972602794,1.010190239860237
223.88,0.39281444034202473,-0.014483477999434181,0.9745407653823336
223.9,0.3617990172398834,-0.02458307211379339,0.8958974175013155
223.92000000000002,0.3277991053479989,-0.032853007653478504,0.7803232697728154
223.94,0.2913574813025325,-0.03880831087252665,0.6361682606229998
223.96,0.2531170875126468,-0.042158290878911826,0.4733396859983643
223.98000000000002,0.21388133558689795,-0.0428157529950666,0.3025007141574654
224.0,0.1747078947827058,-0.04088850744344505,0.1342675607157888
224.02,0.13704227750971232,-0.03665408784215762,-0.021525283909264836
224.04,0.10288206061774813,-0.030519847533422656,-0.1564285091413764
224.06,0.0749360739310891,-0.02297203786331124,-0.2637983242903948
224.08,0.056727821771306475,-0.014519011296623273,-0.33899942173992215
224.1,0.052629481588473484,-0.005634582311348891,-0.3793790707996794
224.12,0.06786507236152847,0.0032931312624780826,-0.38402408521066883
224.14000000000001,0.10824984712721838,0.012001923029277555,-0.353332395629924
224.16,0.1780366289253704,0.0203648539402797,-0.28847299814454097
224.18,0.2722049647219533,0.028298411399562604,-0.1909759919157827
224.20000000000002,0.3672805309424798,0.0354844030212204,-0.06305772067756257
224.22,0.4355167988402646,0.04113598165509822,0.09086251289282996
224.24,0.4718100683776351,0.04429209056654214,0.2626850621498836
224.26,0.48674622904273607,0.044326092362507875,0.4410138760415202
224.28,0.4894123061260089,0.04109274874635874,0.6129201927308422
224.3,0.48419848906085505,0.0348346416153133,0.7657106989306239
224.32,0.4729436063984,0.02607099975205635,0.8882482531549106
224.34,0.45651106772140987,0.015510204643328423,0.9718775034730308
224.36,0.43544163522001433,0.003973152596577677,1.0110264872129329
224.38,0.4101823076118159,-0.007680002182058057,1.0035093037100027
224.4,0.38116609663371587,-0.0186193735353745,0.9505423561398222
224.42000000000002,0.3488456608102244,-0.028107678738603755,0.8564955393391633
224.44,0.31371665894629,-0.03555145091477851,0.7284150861923403
224.46,0.27634589724046155,-0.04053782510537703,0.5753694783103862
224.48000000000002,0.2374147328911162,-0.04285465963106999,0.40768099409240816
224.5,0.197788423294304,-0.04249296414268484,0.23611201978177776
224.52,0.1586214138251015,-0.03963182392972203,0.07107691913126393
224.54,0.12150083021393011,-0.03460721716409082,-0.07805290843749937
224.56,0.08861003514859435,-0.02786742208373318,-0.20349128100799582
224.58,0.06286692978071176,-0.01991921946593926,-0.29938103842671326
224.6,0.04799101431379767,-0.011270537819388825,-0.36191349316612287
224.62,0.04851594126746388,-0.0023755234434356207,-0.38922147440595817
224.64000000000001,0.06979695061401855,0.006413415406386951,-0.38106535608506287
224.66,0.11760423895626744,0.014880744826060194,-0.3383494402579825
224.68,0.19509073742583052,0.022942765096630943,-0.262561176928631
224.70000000000002,0.293485975672927,0.030516000526299738,-0.15544458022749988
224.72,0.3854139099548163,0.03720198045976279,-0.019591026762504824
224.74,0.446286700918458,0.04213615709554458,0.13983770155811578
224.76,0.4765551194891966,0.04440282586088455,0.31392046496484294
224.78,0.4878084996385808,0.04349576283710859,0.4908069705701428
224.8,0.4881245814657327,0.03938112101681572,0.6575940127026555
224.82,0.48115562750531166,0.03238394467109148,0.802001514303427
224.84,0.46843135219006166,0.023080656947979956,0.9135833741180536
224.86,0.4507092119804044,0.012214570560450333,0.9845589937253816
224.88,0.42849921711505773,0.000620284591177681,1.010328182398757
224.9,0.4022449166535268,-0.010848551433725517,0.9896907368429466
224.92000000000002,0.3723882364737969,-0.02138678960958516,0.9247854202929652
224.94,0.3394001446584063,-0.030296999381615987,0.8207740862365919
224.96,0.30380626706271935,-0.037036567083510025,0.6853120074251621
224.98000000000002,0.2662211422857242,-0.04124966588160837,0.5278592350187892
225.0,0.22740198842605863,-0.042782191831163906,0.3588977108854901
225.02,0.1883331616533711,-0.04167897033473415,0.18912406517504315
225.04,0.15035004736875585,-0.03816374388199896,0.028688395968282394
225.06,0.11529950060915273,-0.03260367851451829,-0.11345514494097728
225.08,0.08570996674099075,-0.025461499301741103,-0.23002976037258124
225.1,0.06492212759360089,-0.017239913032481003,-0.3157087270479703
225.12,0.05714790132667727,-0.008424190273599886,-0.36716008066023886
225.14000000000001,0.06747794532743476,0.0005713214676564724,-0.38286773913358024
225.16,0.10170080216018274,0.009447220251236156,-0.36275531794105936
225.18,0.1647210267900979,0.018038210717565322,-0.30767407901866006
225.20000000000002,0.25421539455083786,0.026250183535882658,-0.21894834803113217
225.22,0.3505587196882514,0.0338210355559055,-0.09850448841041248
225.24,0.42476083225646877,0.04004264132122848,0.04983540522979309
225.26,0.4666502738244965,0.04393958385514234,0.21872329630150855
225.28,0.4851270416415885,0.04478832851729699,0.39726499919888053
225.3,0.49000666370767537,0.042342834912091176,0.5726192954965716
225.32,0.4863989496968357,0.03676839324344903,0.7318226227930134
225.34,0.4764695773462171,0.0285291431147281,0.8632041566912974
225.36,0.4611986897202508,0.018297705648603738,0.9573937122848923
225.38,0.4411632107100951,0.006877602046634635,1.0079983935196546
225.4,0.4168174918663754,-0.004870646055343177,1.0119776525287507
225.42000000000002,0.3885900936306242,-0.016100412632251464,0.9697280818063979
225.44,0.35692175444543706,-0.026043676947723776,0.8848956775059768
225.46,0.32228802564616,-0.03406553150649233,0.7639483611325267
225.48000000000002,0.2852235432150331,-0.039704953272822606,0.6155569140915509
225.5,0.24635829871965403,-0.04269931399929397,0.44984470293579853
225.52,0.20647605708572428,-0.04299130810927534,0.2775742940408902
225.54,0.16660529680228647,-0.04071820644888211,0.10934187620692182
225.56,0.12814810356814887,-0.03618454869928759,-0.04515163689461475
225.58,0.09303580342599693,-0.02982063953097657,-0.1776908672635611
225.6,0.06387214680406525,-0.022130660309652238,-0.28194791281601655
225.62,0.044010420108394434,-0.013635755506023318,-0.35366467577628485
225.64000000000001,0.03755792407182114,-0.004818248923596144,-0.39060780229548353
225.66,0.049393229144590815,0.003928092762806831,-0.3923113727920765
225.68,0.08514147939500923,0.0123386660417167,-0.35963769440031257
225.70000000000002,0.14994395308483432,0.02029779955142925,-0.2942091430165602
225.72,0.24236618412786937,0.02778225822502574,-0.19788268062928072
225.74,0.34314502316102996,0.03462000408504591,-0.07278954938053292
225.76,0.42130147750936187,0.04017274250016817,0.07738135791654331
225.78,0.464955465514319,0.04348339692234437,0.24558971378874153
225.8,0.4836086645550381,0.043830322522635905,0.4212733382769094
225.82,0.48806249439028043,0.04098118358789458,0.5919523151689773
225.84,0.4839061128635164,0.03512078814875551,0.7450949040930676
225.86,0.47347011856497373,0.02672837588922728,0.8695338184924243
225.88,0.4577867565444567,0.016482452586638628,0.956445229073798
225.9,0.4374530878168785,0.005182010928473559,0.9999853352106426
225.92000000000002,0.4129381462486363,-0.006326754337750879,0.9976245672453165
225.94,0.38468911319602583,-0.01721969387441428,0.950196210928889
225.96,0.35317475838725093,-0.026757094909222814,0.8616805288158674
225.98000000000002,0.318914277907702,-0.03433544053801843,0.7387593456028989
226.0,0.2825108277524283,-0.03952520001267981,0.5901905663445852
226.02,0.24470200252196575,-0.042092291285793185,0.4260635918342408
226.04,0.20643896741050588,-0.042002021603996874,0.25700372963769985
226.06,0.16900476335812578,-0.03940551111114061,0.09339607803010046
226.08,0.13417407343314514,-0.034609817767855516,-0.05530307144469081
226.1,0.10439654691217762,-0.028034306643423487,-0.18110672943174058
226.12,0.08296046204339275,-0.020157329388202177,-0.2778421811153836
226.14000000000001,0.07409011969403798,-0.011458730261876694,-0.3412723106663865
226.16,0.08294799869892122,-0.002364405772917167,-0.36898894965955953
226.18,0.11533910930607304,0.006799794575573305,-0.3601000587712966
226.20000000000002,0.1759119704260821,0.01582695438989681,-0.3147767355664785
226.22,0.2618778352725131,0.024564448809270344,-0.23386353148081993
226.24,0.3540820053154303,0.03268552778579095,-0.11906144168287686
226.26,0.42545053148527623,0.03944437360188834,0.025817012903176464
226.28,0.4665445767956501,0.04386086364919542,0.19335699524998617
226.3,0.4853524721421493,0.04520377714757482,0.37258383967895226
226.32,0.4908992572395432,0.04320345495077243,0.5505114471473187
226.34,0.48799065337936137,0.03799647650256111,0.7139225949929004
226.36,0.47870807007009425,0.03002251623726865,0.8507843581911341
226.38,0.4640109856268047,0.019938107618949385,0.9512825458934446
226.4,0.4444697133299022,0.008540485762681176,1.0085353050851058
226.42000000000002,0.42053299697236507,-0.0033062530266518763,1.0190078549169082
226.44,0.3926210776343356,-0.014742892630559615,0.9826352929477491
226.46,0.36116157956987915,-0.024981351642807265,0.9026680361757632
226.48000000000002,0.32660942310462066,-0.03336127196184832,0.7852702148888824
226.5,0.2894666318875249,-0.03939323968332546,0.638917362491346
226.52,0.2503113660332377,-0.042785948017581614,0.4736526376713707
226.54,0.20984529056636114,-0.04345582846860159,0.3002691769512845
226.56,0.16896922417417504,-0.04151892663795654,0.12948956316904472
226.58,0.12889403639838068,-0.03726600881461747,-0.02878814379886381
226.6,0.09128022921702472,-0.03112310111210052,-0.16611471936959818
226.62,0.05837198215082993,-0.02360104390382258,-0.2759328206764829
226.64000000000001,0.03306614985106204,-0.015239236675932414,-0.35380464626993896
226.66,0.01888341370717884,-0.006549931174066867,-0.397413506175339
226.68,0.019922606084157902,0.002031325732200654,-0.4063534409877646
226.70000000000002,0.040961184718426094,0.010186930060365168,-0.3817372045348983
226.72,0.08749143837753698,0.017749514415980272,-0.32565610348728885
226.74,0.16382555755476447,0.02470802011264227,-0.24055048980171467
226.76,0.26483283395908724,0.031109925882727322,-0.12872351225952502
226.78,0.36519214249778503,0.03675334773841819,0.007345142250353619
226.8,0.4350673875364963,0.04091739730435599,0.1633408575669002
226.82,0.4703182421880239,0.04268743065259319,0.3314730757173785
226.84,0.48338554193957645,0.04150573431352542,0.5008817104800835
226.86,0.4841924051909974,0.03730526061931864,0.6594774896286991
226.88,0.4773496493196102,0.030392370615812642,0.7956962603889568
226.9,0.46474588491549085,0.02132460583731582,0.8997362200291925
226.92000000000002,0.4472633820211345,0.010820013693539295,0.9643736056234833
226.94,0.4254639964705673,-0.00031885079331314334,0.9854500219978066
226.96,0.39982811064658297,-0.011275059691637718,0.9620686133417623
226.98000000000002,0.37084181744270883,-0.021281812424507014,0.8965202621922875
227.0,0.33904085070589446,-0.029678324235035827,0.7939678414347296
227.02,0.30505023813740006,-0.03595366027411412,0.6619299387022843
227.04,0.26963788840096836,-0.039775687409092056,0.5096182220178662
227.06,0.23379563386731006,-0.04100332843019173,0.3471919751182571
227.08,0.19885951720100356,-0.039681447566185316,0.18499832603683247
227.1,0.1666745689912842,-0.03601889777176161,0.032866995853338826
227.12,0.1397916878246934,-0.030351581105717812,-0.10047630793231674
227.14000000000001,0.1216548794873114,-0.02309393981312711,-0.20782416931609954
227.16,0.11670100056275426,-0.01468414406092854,-0.28369300810947334
227.18,0.1302092165340576,-0.005530582794641231,-0.3243089023743473
227.20000000000002,0.16736244341590753,0.004027267931438351,-0.3274019790813753
227.22,0.22999852537361426,0.013713178068088815,-0.2919188185309047
227.24,0.30990395558875145,0.023205741092277816,-0.21794230408974255
227.26,0.38637208146118734,0.03192734931637289,-0.1072839261846749
227.28,0.4410945084710711,0.038981014272633376,0.03525346903685849
227.3,0.47220306880357393,0.0434510084104485,0.20110314046334948
227.32,0.4867646592548647,0.04474439864273033,0.37860702132914653
227.34,0.4907606159086883,0.04268101983146751,0.5545668263455652
227.36,0.4872891314887168,0.03743617029033647,0.7158009276128362
227.38,0.4777853749678152,0.02946273356815099,0.8504089338177799
227.4,0.4630009179044637,0.019419261642198593,0.9487367331099557
227.42000000000002,0.4434448342397017,0.008099453305810033,1.0040584245931583
227.44,0.4195509122919087,-0.0036394329590400043,1.012973924756206
227.46,0.3917405041196867,-0.014947069424131536,0.9755212196780751
227.48000000000002,0.36045064482881184,-0.02504529761766435,0.8950156645245108
227.5,0.32615361977500784,-0.033283743226584526,0.7776461924738443
227.52,0.28937983468239226,-0.03918208345488961,0.6318746770221874
227.54,0.2507527669710204,-0.042456291554236705,0.4676975758753004
227.56,0.21104559947826948,-0.043027394511005644,0.2958372896957704
227.58,0.17126991423263913,-0.04101251547902247,0.1269340471582389
227.6,0.1328027246641862,-0.03669918033219674,-0.029192380615392824
227.62,0.09754280448600075,-0.03050511204016019,-0.1641482035027077
227.64000000000001,0.06806004031696279,-0.02292716356059052,-0.27138711073387517
227.66,0.04768445643674658,-0.014484594560932996,-0.34641422139060657
227.68,0.040521171318993944,-0.005662812486076004,-0.3867620509137323
227.70000000000002,0.05146453950129619,0.0031372828360206814,-0.39175132011144026
227.72,0.08615859380278004,0.011640881455583589,-0.36206596525389734
227.74,0.1497894877538144,0.019720136673309487,-0.29919525147401793
227.76,0.24115417801062,0.02734051971479055,-0.204911512416175
227.78,0.34152254192043074,0.034325773458569464,-0.08129459968666504
227.8,0.42009102152670535,0.04004114913580284,0.06801919994245192
227.82,0.4644137632363398,0.04352707948331361,0.23604937668026635
227.84,0.4835990395967309,0.044048003935043545,0.41225900758110445
227.86,0.48843493684231293,0.0413551189504215,0.5841296070274467
227.88,0.48457307879975636,0.03561987765043743,0.7390304044049981
227.9,0.4743795585658961,0.027312278655689515,0.8656498575925494
227.92000000000002,0.45889984269278933,0.01710565881148071,0.9549910956434574
227.94,0.4387343017584434,0.005797788459864428,1.0010245492041558
227.96,0.4143509742702262,-0.005762665336954194,1.0010374959767074
227.98000000000002,0.3861933977186793,-0.016745844954146456,0.9556966199017211
228.0,0.3547239791366468,-0.026403763550310603,0.8688438017380712
228.02,0.3204517704159786,-0.03412290708464454,0.7470593307261862
228.04,0.2839639733581799,-0.03946298340159613,0.5990414261320274
228.06,0.24597317683533182,-0.04217940000551117,0.4348626884400484
228.08,0.20739179238877356,-0.04222822081337906,0.26517146591993956
228.1,0.1694443576478197,-0.03975355597241898,0.10040871253726182
228.12,0.13382103735736478,-0.0350585479839425,-0.049891311015603595
228.14000000000001,0.1028563846901151,-0.028562423257071163,-0.1776553500444058
228.16,0.07969160587765156,-0.020747582344871993,-0.2766321625596604
228.18,0.0683739532911855,-0.012102166608890335,-0.3425308423962247
228.20000000000002,0.07387839610003684,-0.003064194039008943,-0.37293053572463936
228.22,0.1019446406550223,0.0060264320144617495,-0.36698003637350807
228.24,0.15782282080606508,0.014954668181298168,-0.32494021895683567
228.26,0.24108250408532517,0.023589288763951735,-0.24773008724710582
228.28,0.33586130866552255,0.03168428152153819,-0.1369253445958347
228.3,0.41390807136774843,0.038592747800122264,0.004179757621664164
228.32,0.46086257391406843,0.04334374491985881,0.168930753938064
228.34,0.483040692787954,0.04513096099541673,0.3469558252122242
228.36,0.49039621956376084,0.043603970661582774,0.5255402663806334
228.38,0.4886285951913487,0.038840593021616576,0.6914582909564244
228.4,0.4802251783880661,0.031239558814557433,0.8324713338788515
228.42000000000002,0.4662906348625921,0.021429119350722378,0.9384221617510228
228.44,0.44744244921454407,0.010189122534986123,1.0019947823409947
228.46,0.42414385109148484,-0.0016232373738427678,1.0191717866861678
228.48000000000002,0.39681891177251716,-0.013145586300887763,0.9893983687128463
228.5,0.36589542726546515,-0.023577551021489736,0.9154663482360621
228.52,0.3318269315307754,-0.0322388492413006,0.8031462800326686
228.54,0.29511284526409187,-0.03861449737918037,0.6606118375273203
228.56,0.25632692818041075,-0.042384289304868705,0.4977140653884245
228.58,0.21616329357008504,-0.043434891059527955,0.32517214191012545
228.6,0.17551009218543073,-0.04185414329762398,0.15375141612995027
228.62,0.13555870194078787,-0.037908377362531755,-0.006501324766740379
228.64000000000001,0.09794429428511102,-0.03200476249792512,-0.1469010304013151
228.66,0.06488765851677333,-0.02464205913282398,-0.2605923845945241
228.68,0.03928163331081345,-0.016354728831043493,-0.3428056147384547
228.70000000000002,0.02468447179392133,-0.007656620161965347,-0.39088573872413857
228.72,0.02528528613411242,0.0010100193833574322,-0.4041056669722958
228.74,0.04598527416152499,0.009317474437116573,-0.3832911684242396
228.76,0.09236450216049275,0.017085899023342135,-0.33029186149610873
228.78,0.16862919450089742,0.024288423947498673,-0.24736213919569067
228.8,0.26917870071170197,0.030949096804323232,-0.1366958294877859
228.82,0.3683403324365458,0.03683314375036194,-0.000777568379031715
228.84,0.4369403714934726,0.04119281416711283,0.15594575195306123
228.86,0.4715134475587233,0.043107215402877735,0.3254850104770071
228.88,0.48438319263431834,0.042021561811522515,0.4967805775214699
228.9,0.4851874597133497,0.03787040641987838,0.6575537782743759
228.92000000000002,0.4783847087155382,0.030960959440366295,0.7960550471276905
228.94,0.4658049268064749,0.02185319507625758,0.9023031789065574
228.96,0.44830887644459905,0.011270106670804391,0.9689096674485471
228.98000000000002,0.4264482578944877,2.1614191735479585e-05,0.9915761334417238
229.0,0.4006949534761203,-0.011066163568692361,0.9692990955422595
229.02,0.37152409165774375,-0.02121623288116439,0.9043018752217084
229.04,0.3394551391161287,-0.029757531995529125,0.8017210369181923
229.06,0.3050882953524259,-0.036169696418264737,0.6690885791139584
229.08,0.2691535767029018,-0.04011289894850581,0.5156641126000648
229.1,0.23258570079431098,-0.04144091163341231,0.3516808064093825
229.12,0.19663676386240053,-0.04019669197454987,0.18757400178546074
229.14000000000001,0.1630333620779565,-0.036590992458284684,0.03326180664459333
229.16,0.1341689733778164,-0.03096578188158098,-0.10245754126668906
229.18,0.11329566630215518,-0.023745767657784675,-0.2123368253677987
229.20000000000002,0.10465223155506842,-0.01538301060812675,-0.29090132224192683
229.22,0.11342334158864913,-0.006301416063188376,-0.3344458773530088
229.24,0.1451740509895586,0.003148664670561853,-0.34082557526080004
229.26,0.20347790375557276,0.012702332633682931,-0.30911971145013795
229.28,0.28363213623873984,0.022102981266522007,-0.23940200607929912
229.3,0.36664929554323145,0.03089119113627476,-0.13309355957495453
229.32,0.42999151416685394,0.038244271294158236,0.005821452145754594
229.34,0.46723335235785335,0.04319986676767477,0.16965021974731603
229.36,0.48515631860171,0.04506095836061073,0.3472742925556803
229.38,0.4910201095682316,0.043557840628482454,0.5256351902894927
229.4,0.4887809408291208,0.038803463874347924,0.6913888458355435
229.42000000000002,0.48023494858025706,0.031208501679573977,0.8322656511542144
229.44,0.4662598992084414,0.02140462434691218,0.9381050192005617
229.46,0.44740426203335387,0.010172313567009154,1.001594672115381
229.48000000000002,0.42411082374833486,-0.0016314924816405608,1.0187213402021702
229.5,0.39679781081374516,-0.013144953933371178,0.9889326644467027
229.52,0.36589179204629124,-0.023568287983973778,0.9150206159570373
229.54,0.3318468862569662,-0.03222175419070867,0.8027536100139239
229.56,0.2951642876474665,-0.03859079603984673,0.6603012239757948
229.58,0.2564208735371659,-0.042355469400906655,0.49750901322563457
229.6,0.2163157954978179,-0.04340249516239565,0.32509001991862296
229.62,0.1757450869603535,-0.04181952334778841,0.1538037159647855
229.64000000000001,0.13591206429461172,-0.037872411146595716,-0.006307671883174385
229.66,0.0984692302473199,-0.03196753112637187,-0.14656112501377727
229.68,0.06566139267027644,-0.024602487109388563,-0.2600994642233139
229.70000000000002,0.040413703756663075,-0.016310189948686472,-0.34214565085805076
229.72,0.02632844785626786,-0.007602496015646974,-0.39003037323172696
229.74,0.027656706517760088,0.001080886798548857,-0.4030031981034624
229.76,0.04937905864222702,0.009415477163618083,-0.3818550347473957
229.78,0.09711357213643278,0.017225009745245944,-0.32838665737947426
229.8,0.17480392697293512,0.024483388065608163,-0.24479291833926464
229.82,0.2758554332149279,0.031202469557463065,-0.13322630466863686
229.84,0.3736149197885704,0.03711352756205203,0.0037767442498919217
229.86,0.43995299379611574,0.04143846627489556,0.1615739401524741
229.88,0.4729294654312777,0.0432626387497859,0.3319297234415261
229.9,0.484972434608767,0.042056998694065845,0.5036127779952171
229.92000000000002,0.4853335761393922,0.037778083426694746,0.6642719425447284
229.94,0.47823292626181063,0.030748182260584705,0.8021585923029514
229.96,0.46540623967080047,0.021537901216186737,0.9073431744954765
229.98000000000002,0.44768223609593566,0.01087777524915387,0.9725249552338903
230.0,0.4256020139650968,-0.0004174918713529684,0.9935179499111814
230.02,0.3996334960431139,-0.01151972747299004,0.969444743195718
230.04,0.3702495434307149,-0.0216525497243622,0.9026575637485443
230.06,0.33796728816690047,-0.03014796665382616,0.7984144237744929
230.08,0.3033837147154485,-0.03649077806135059,0.6643521564862617
230.1,0.2672241688479406,-0.04034792332829189,0.509811164358077
230.12,0.230416685980237,-0.04158096539009034,0.3450760913817593
230.14000000000001,0.1942040558707111,-0.0402410630601139,0.1806015641781709
230.16,0.16030019537817802,-0.036546981958717244,0.026292355471798118
230.18,0.1310815024900992,-0.03084798189286462,-0.10909740276568804
230.20000000000002,0.10977743327343589,-0.0235749126214976,-0.21839158758169247
230.22,0.10060005551579582,-0.015184520142318123,-0.29620831286694427
230.24,0.10871910993048929,-0.0061036229746251995,-0.33895060064270943
230.26,0.13976099034058895,0.003317149364703156,-0.3445885885553274
230.28,0.19759430271023795,0.012817989441728427,-0.312308400419993
230.3,0.27813997148188657,0.022158010186061457,-0.24225077582249252
230.32,0.36272802946584715,0.03090415189861462,-0.13581692310681928
230.34,0.42795431504836623,0.038251936189748405,0.003126733650692248
230.36,0.4664378008927676,0.04323279331053308,0.16702938712800441
230.38,0.48494779447841635,0.04513231491746946,0.3448602637869025
230.4,0.4910655631103928,0.043667620026349656,0.523584921287502
230.42000000000002,0.4889499722970233,0.038944486605083366,0.6898433293070413
230.44,0.4804782842167332,0.03136997813643392,0.8313290943958416
230.46,0.4665552870132255,0.021574143715634233,0.9378347080567413
230.48000000000002,0.4477375498360372,0.010337196733324583,1.001997317107495
230.5,0.42446974476854754,-0.0014831134780139334,1.0197542310726415
230.52,0.39716969123893264,-0.013023253048585792,0.9905087461834235
230.54,0.3662622512943877,-0.023481074168442497,0.9170166828668547
230.56,0.33219850480943963,-0.03217404463781026,0.8050207056391437
230.58,0.295474714167686,-0.03858465917301511,0.6626762149849119
230.6,0.25665987411215563,-0.04239015033145144,0.4998262285171151
230.62,0.21644062573082784,-0.04347482450702667,0.32719181981880596
230.64000000000001,0.17569345748740497,-0.04192460155115313,0.15554887135824655
230.66,0.1355920772221686,-0.03800455319817577,-0.005038864973654272
230.68,0.09774619338234376,-0.03212144487114381,-0.14586598883978583
230.70000000000002,0.06434212429995823,-0.0247746362606546,-0.26005718623993646
230.72,0.038228350739396254,-0.01650027130000957,-0.34282723520395
230.74,0.022905919321992995,-0.007814987435223207,-0.39151464236184474
230.76,0.02248591879901567,0.0008350309190643462,-0.405399230937446
230.78,0.041767584686816225,0.009116885407163343,-0.3853319021111123
230.8,0.08627072575494744,0.016844730928668825,-0.33321019032157023
230.82,0.1605059574714093,0.02398872378583393,-0.2513568148360519
230.84,0.26015121448504364,0.03058610922933565,-0.14201971659878687
230.86,0.36099399284631956,0.03644532951610821,-0.007625107240709455
230.88,0.4326605435900768,0.040861632487452414,0.14763074359488026
230.9,0.46950241408176685,0.04290857334712841,0.316090535140929
230.92000000000002,0.4835705288777485,0.041996136958232164,0.4869302985806834
230.94,0.48501840430764825,0.038027537070316565,0.6479678960125066
230.96,0.47864460827497907,0.03128838624096377,0.787445190224575
230.98000000000002,0.46641622592855075,0.022323596260654627,0.8953000862892235
231.0,0.44924085456457385,0.011845670897759885,0.9640124269994039
231.02,0.42768546321586887,0.0006580839692908206,0.9891183683838558
231.04,0.40222720796583517,-0.010415537251833895,0.9694311104645714
231.06,0.37334366349504805,-0.020596873213132263,0.9069884007408933
231.08,0.34155633255917356,-0.0292100600103803,0.8067536372656742
231.1,0.30746797011491445,-0.03572701584158397,0.6761109116899633
231.12,0.27181211300831515,-0.03979802387153946,0.5242074136507232
231.14000000000001,0.2355282121732588,-0.041265657201813945,0.3612063685671497
231.16,0.1998744613043407,-0.04016127772803005,0.19751906797922683
231.18,0.1665851450835104,-0.036684535164217554,0.043085251827382265
231.20000000000002,0.13806367854894322,-0.031167582563878755,-0.09323313166010974
231.22,0.11757540484440004,-0.024027231350339264,-0.20408955333874462
231.24,0.10937419420969675,-0.015710009868437572,-0.28388299874586287
231.26,0.11864429830382615,-0.006637039807536778,-0.32876523185863066
231.28,0.15086898731940496,0.002840472170339307,-0.33644390595948886
231.3,0.2093175969571496,0.012450543600742355,-0.3058654884541594
231.32,0.28873879997259966,0.021919027076819017,-0.23701892029281693
231.34,0.37002452712943096,0.03076091894725019,-0.13133035342846544
231.36,0.4315682566065645,0.038138775244075045,0.0071226093941521434
231.38,0.46773340972084987,0.043097785984556554,0.17054070530537846
231.4,0.4852024223980393,0.04495581700733579,0.3477504977228079
231.42000000000002,0.4909085383810853,0.04345248014844827,0.5256885971019274
231.44,0.4886226652424596,0.03870425220931005,0.6910307832092957
231.46,0.480070449629307,0.031122314890557848,0.8315345891069135
231.48000000000002,0.4661071076314613,0.021337470955871324,0.9370655015330192
231.5,0.4472747137176863,0.01012866932877995,1.0003323645446494
231.52,0.4240148873010422,-0.001649009020937271,1.0173361643002652
231.54,0.3967467202375761,-0.013135681223815435,0.9875311026467134
231.56,0.3658990019168984,-0.023533434075544382,0.9137079995898275
231.58,0.33192965376345307,-0.032164142338153914,0.801627097161248
231.6,0.2953460067064502,-0.03851446255111587,0.6594440970237487
231.62,0.2567347125779182,-0.042265133277867954,0.4969868476848706
231.64000000000001,0.2168103529804844,-0.04330291576304484,0.3249492030033641
231.66,0.17649292499113461,-0.04171475467224032,0.15407274256272735
231.68,0.13702191700708957,-0.03776495234830744,-0.005613714157795623
231.70000000000002,0.10010225009465012,-0.03185736915882164,-0.14543245793200346
231.72,0.06805135780585164,-0.024486034100361202,-0.2585194784508373
231.74,0.04389223518829721,-0.01617912073098212,-0.34007431662187093
231.76,0.03136051629648151,-0.007442441406574421,-0.38738274538789313
231.78,0.03489285737032652,0.0012919544293617084,-0.39962214896843756
231.8,0.05969528065268661,0.009709186933293137,-0.3774767512521207
231.82,0.11143657989877599,0.017642960837078055,-0.3226001223686121
231.84,0.1930933127241533,0.025066507920221068,-0.23701463772709713
231.86,0.29497147373996635,0.031948878593724125,-0.12277386824830316
231.88,0.38808936142810113,0.037918450168768776,0.017385568421849008
231.9,0.4479653733949824,0.04212002248343053,0.1782172543578056
231.92000000000002,0.47663381806732946,0.043668591583762614,0.35078625435727195
231.94,0.48647148172406807,0.04211038449192534,0.5234020718338659
231.96,0.4856275946077092,0.0374629281631265,0.6835351388066151
231.98000000000002,0.4776951685870645,0.030090228657233233,0.8194614820393801
232.0,0.4641685979867755,0.020592400931169822,0.9214167861178856
232.02,0.4457953161069076,0.009720742705689818,0.9823655465055116
232.04,0.42308947564656346,-0.0016972445495725135,0.9984540695744142
232.06,0.39650867789767724,-0.012828485699995318,0.96917260869048
232.08,0.36651949358983243,-0.022899356080748837,0.8972452074756727
232.1,0.3336322256266329,-0.03125161630988114,0.7882763751542792
232.12,0.2984342427730348,-0.03738570727049783,0.6501982191718865
232.14000000000001,0.26163674960412275,-0.04098863438170938,0.49257446763434243
232.16,0.22414728892019473,-0.041944761200008666,0.3258267709273179
232.18,0.18717962848080089,-0.04032901209928837,0.16045304260023457
232.20000000000002,0.15240725819646186,-0.03638318513785706,0.006307207909908876
232.22,0.12215051110057883,-0.030477359632644856,-0.1279955945658867
232.24,0.09956147188958271,-0.02305986278714452,-0.23549513630100125
232.26,0.08875273541475852,-0.014600851589550599,-0.3110873878073984
232.28,0.09480877105981143,-0.005535863687150278,-0.35149777729389825
232.3,0.12345985871727393,0.003782479661174322,-0.35504152081856244
232.32,0.17935547661501547,0.01310670620533362,-0.3212332444886151
232.34,0.2603724282741381,0.022239826762545933,-0.2504364943812781
232.36,0.3493556461550151,0.030831632176964423,-0.14401674570300754
232.38,0.4206045071784386,0.038146500767041694,-0.005472943172000903
232.4,0.4633343519573503,0.043206602893777216,0.15813768720905205
232.42000000000002,0.4839272429568012,0.045242585854578146,0.3361266178666075
232.44,0.49097139606150625,0.04392568551410904,0.5155895888792695
232.46,0.48932465611623505,0.039334932116146845,0.6831531540253655
232.48000000000002,0.4811531319621239,0.031862461912930386,0.8264165943699328
232.5,0.4674594930579886,0.02212999499045583,0.9350326450709645
232.52,0.44883046754267375,0.010913976723608044,1.0014748735713255
232.54,0.42571888045518697,-0.0009277955604328272,1.02150973774382
232.56,0.3985431970977705,-0.01252839544864001,0.9943767230117533
232.58,0.36772549991760256,-0.02307948180558982,0.9226872159521371
232.6,0.33371129695328744,-0.03189021870443936,0.812068695268544
232.62,0.2969876462489278,-0.03843350536939565,0.6705974637111686
232.64000000000001,0.25810874617584817,-0.04237658727941537,0.5080769144544232
232.66,0.2177376105080761,-0.043594322624279515,0.33522767728719954
232.68,0.17671356339722863,-0.042164635965093025,0.16286037530919403
232.70000000000002,0.13615372887409907,-0.038346911339590437,0.0011011372069421113
232.72,0.09758608234210797,-0.032545278344290995,-0.14126539019270923
232.74,0.06308655284967533,-0.025260071907289326,-0.25728117924829996
232.76,0.0353630575677187,-0.017032314804370254,-0.34208995381118434
232.78,0.017738499146219926,-0.008387468194717928,-0.39298658095498207
232.8,0.014082324136218644,0.00021547064229655638,-0.40925045929529014
232.82,0.02886315333467838,0.00842647451621438,-0.39179182204839763
232.84,0.06732343808768441,0.016038922843644523,-0.3426442092633542
232.86,0.13461676244111503,0.02300797515746335,-0.26434427385156667
232.88,0.2300353244336557,0.029399268250433656,-0.15934628757430913
232.9,0.3348617262977709,0.03514813982128714,-0.02998232847412523
232.92000000000002,0.4165818170915781,0.0397087948811166,0.12027463912817152
232.94,0.46172812569207416,0.04216744474752,0.28487301458851444
232.96,0.4803331194106605,0.04182325761506983,0.4538531357408771
232.98000000000002,0.48416874661621667,0.03846866032048357,0.6154267069207774
233.0,0.47932292083467515,0.032311790237050025,0.7578536969511591
233.02,0.4683112570620792,0.023843943887536075,0.8708316584972237
233.04,0.45223253393351825,0.013740151147829916,0.9464193627806589
233.06,0.43171613271840675,0.0027801899384410434,0.9796098456603701
233.08,0.40726006733221515,-0.008222654381506309,0.9686051830740143
233.1,0.37935044900946313,-0.018487457497002806,0.9148167492152128
233.12,0.34851464615898975,-0.027323850007247193,0.8226162648486688
233.14000000000001,0.3153619849562796,-0.034179137052122006,0.6988750960793468
233.16,0.2806344884141289,-0.038671314895652814,0.5523424058455496
233.18,0.2452821695820047,-0.04060587517264264,0.39292313983528904
233.20000000000002,0.21057526377108784,-0.03997539848382267,0.23092307760276132
233.22,0.17826064427805682,-0.03694212390101605,0.07632982512157745
233.24,0.15075452031594036,-0.03180497280998633,-0.061804650693200486
233.26,0.13133511464002104,-0.024954033852482342,-0.17582321347943436
233.28,0.12425922492150832,-0.01681738605880664,-0.259723386759104
233.3,0.13464463851101666,-0.007807578756413953,-0.30920080329620864
233.32,0.16764657270436398,0.0017198358316967738,-0.3214969852503775
233.34,0.2256155726920217,0.011468419634923245,-0.29514663075360925
233.36,0.3020017219904769,0.021111061974158102,-0.2298805388367394
233.38,0.3779894058372354,0.03009623615502912,-0.12711832579084315
233.4,0.43472822721968934,0.03755849032759811,0.008862066792095957
233.42000000000002,0.4682847203391421,0.04257022402642971,0.17006801137705746
233.44,0.4847877905183912,0.044486104393716586,0.34527733672804184
233.46,0.4902658841947039,0.04306334445966464,0.5214892220690981
233.48000000000002,0.4880217924291309,0.03841995567262504,0.685477204744856
233.5,0.47961150353431187,0.030960934130048513,0.8250850641980645
233.52,0.46583832836054545,0.021307912567912313,0.9302327807184695
233.54,0.44723093921794227,0.01022993258719244,0.993645013779986
233.56,0.42423014353614985,-0.0014273216904198832,1.0112996242911152
233.58,0.3972598204565367,-0.012811997102044314,0.9825925907231223
233.6,0.36675826388990895,-0.02313220435224352,0.9102282205936466
233.62,0.333199124146506,-0.031713379157290986,0.7998609504685935
233.64000000000001,0.29711489123365326,-0.03804298881291167,0.6595318639348995
233.66,0.25913202968119614,-0.04179969288838265,0.4989567021517458
233.68,0.22002748910281866,-0.04286524942396171,0.32873137602720903
233.70000000000002,0.18081731568167553,-0.04131868547326838,0.159525367312884
233.72,0.1428848968279279,-0.03741346003183359,0.0013329063827268658
233.74,0.10814285104926012,-0.031539586131209836,-0.13715354460665977
233.76,0.07919706013481732,-0.024174083053249685,-0.24899357521317383
233.78,0.05946210772819863,-0.015824680219183263,-0.32923554068953004
233.8,0.053204898832709124,-0.006972756238271758,-0.3749245316929025
233.82,0.06555132941882341,0.001978952934222497,-0.38489002439878267
233.84,0.10229640487483105,0.010748663555433451,-0.3593420465276719
233.86,0.16815720955206526,0.019191302010558946,-0.29934077723389413
233.88,0.2599218308441003,0.027225623311280176,-0.2063482387444621
233.9,0.35644332069979284,0.03457875820633795,-0.08242011673825403
233.92000000000002,0.4288019419782423,0.040517578496249984,0.0684088937950715
233.94,0.46864570151116375,0.04407050976758306,0.23852388344488112
233.96,0.4857117709993479,0.04455069283944568,0.4168531104117326
233.98000000000002,0.4896586707670509,0.041753297301940974,0.5905414317981472
234.0,0.4853547674247735,0.035876567069469595,0.7467609895810273
234.02,0.4748469244262203,0.027408482157829893,0.8740899949952642
234.04,0.4590714812307282,0.017037041714748097,0.9634855994594825
234.06,0.438591886839187,0.005572927909270452,1.0089272659877533
234.08,0.41386041589302064,-0.006124120732290638,1.0077594196520319
234.1,0.3853086748474701,-0.017215557781365468,0.9607456075066374
234.12,0.35338416142288187,-0.02694762965556402,0.8718536430186342
234.14000000000001,0.3185736057790322,-0.03470436262074466,0.7478062979086348
234.16,0.281429456300241,-0.04004650840985588,0.5974471407158564
234.18,0.2426100592560015,-0.04273405196587938,0.43098286590851786
234.20000000000002,0.20294405303731994,-0.042731087766913305,0.2591706621991502
234.22,0.16352929713520048,-0.04019309350723053,0.09252149118328735
234.24,0.12587038197716252,-0.035437834659221686,-0.059412375815356126
234.26,0.09204026307775164,-0.028902409437347603,-0.1886046511697215
234.28,0.06482387585847708,-0.021090423341712773,-0.2889291669231042
234.3,0.04779388166061764,-0.01251478368670574,-0.356311923348424
234.32,0.045323697430180554,-0.003642177598877487,-0.38865576768895066
234.34,0.06260411256816589,0.005156026905183647,-0.38555459653973134
234.36,0.10541715261762165,0.013641867055052086,-0.34783075293632354
234.38,0.1778972312507792,0.021717419239331237,-0.2769697916939073
234.4,0.2744004941602626,0.029325226413936284,-0.17470413851510605
234.42000000000002,0.37027117494653106,0.03615592244144232,-0.043378532564911934
234.44,0.43767464141852885,0.041418057066095415,0.11246001142336035
234.46,0.47270601001209234,0.044162421668745074,0.2845900726556551
234.48000000000002,0.4866030274226867,0.043794978138334675,0.4615877164577626
234.5,0.4884699807316141,0.04020588054637323,0.6306375456717502
234.52,0.48260691980070586,0.03366638355802344,0.7792891385651972
234.54,0.4708019988062402,0.024715663682672223,0.8967456932145786
234.56,0.45389996286646206,0.01407302725272939,0.9747539695357852
234.58,0.4324377581756626,0.002561364590736246,1.0081698582719443
234.6,0.40686573414411464,-0.00896556699306981,0.9952262387816058
234.62,0.37762539241191184,-0.019691597409936305,0.9375176233958302
234.64000000000001,0.3451837289007501,-0.028898911277268714,0.8397250538955032
234.66,0.31005920523868485,-0.03601730251517985,0.7091197501319023
234.68,0.27285465348798965,-0.04065874749171804,0.5548982110430409
234.70000000000002,0.23430825185965642,-0.04263519587003197,0.38741208432694074
234.72,0.19537385041649685,-0.041958676285449116,0.21736214427995054
234.74,0.1573402470698507,-0.03882402090402002,0.055026910434766846
234.76,0.12198914396009453,-0.03357573113376053,-0.09040719515417996
234.78,0.09176921407828537,-0.026661851573652792,-0.21135596675015977
234.8,0.06993940075702275,-0.018579255413325984,-0.30214412485552117
234.82,0.06064259666250486,-0.009816073960988594,-0.3590854169952064
234.84,0.06891731523708476,-0.0007972009131120171,-0.3803367280099369
234.86,0.10053256491520181,0.008161365580786202,-0.3655496101135607
234.88,0.1605794845256254,0.01687516163810195,-0.315376659064907
234.9,0.24765765893912883,0.025238620167682264,-0.23101002405435384
234.92000000000002,0.34379394455456314,0.03300329251162962,-0.11424425318065079
234.94,0.4200405480862039,0.03949146492608177,0.03133048436764202
234.96,0.4642402380187489,0.043727882950701194,0.1986732544846414
234.98000000000002,0.484297099830043,0.044951410586186666,0.37711367377888266
235.0,0.4901945907455291,0.042871825293353365,0.5538616298948115
235.02,0.4873297210011563,0.03761878996885713,0.715843458718833
235.04,0.47801235560915806,0.029630381544701528,0.8511551970203106
235.06,0.46327645941183937,0.019561843271570532,0.9501068266524479
235.08,0.44371612124881993,0.008207699138473554,1.0059329168576774
235.1,0.41978940578078106,-0.003572360252192565,1.0152008418098044
235.12,0.39192303163915676,-0.01492493029352478,0.9779272737362332
235.14000000000001,0.36055242906135837,-0.025068628821383894,0.8974189885268804
235.16,0.3261441240339296,-0.033350067684910285,0.7798689225615055
235.18,0.289218311054381,-0.03928642128365674,0.633754079925663
235.20000000000002,0.2503819218145946,-0.04259193824962927,0.4690945880901767
235.22,0.21038201394189032,-0.04318694097475666,0.2966414532397331
235.24,0.1701898331856028,-0.04118909394318936,0.12706390979884138
235.26,0.1311221041736388,-0.03688792857515669,-0.02979428733688428
235.28,0.09499131492685141,-0.030704846075040346,-0.1655266655080885
235.3,0.06424922254801434,-0.023142232281515806,-0.2735925991495582
235.32,0.04206790953676509,-0.014726889278271201,-0.34952899073590044
235.34,0.03233936266380442,-0.005953987157871268,-0.3909346539081721
235.36,0.03967763438669493,0.002763243971582583,-0.39724067946932323
235.38,0.06947538532284213,0.011135466801959532,-0.3692956387762344
235.4,0.12728231680420055,0.019024325613321114,-0.3088077688634839
235.42000000000002,0.21444226535327404,0.02641519890662839,-0.21776360547227572
235.44,0.3170189397697569,0.033229716792489546,-0.09823473572564803
235.46,0.4040504907387697,0.03898025013910537,0.04667897235754552
235.48000000000002,0.45634730272400054,0.04275005800419325,0.2109601955995682
235.5,0.48008446083308415,0.04371959456572233,0.3849223320726073
235.52,0.4872418381912607,0.04153936284847261,0.5564970512394475
235.54,0.4847678238131958,0.036308421013773295,0.7131555633117157
235.56,0.47562365557123426,0.02844694698418855,0.8434474703716697
235.58,0.4610674750214373,0.01859294134550686,0.938068412988938
235.6,0.4417695788931794,0.007520492415654614,0.990563668979631
235.62,0.4182215842149251,-0.003934236593384059,0.9977230241083443
235.64000000000001,0.39087705071827006,-0.014942885507631658,0.9596877795235638
235.66,0.3602058693876228,-0.024748589000410257,0.879789509825308
235.68,0.326726384431599,-0.032719840764614296,0.7641524631886139
235.70000000000002,0.29103946425130645,-0.03839107635093579,0.621106038609162
235.72,0.2538781230346601,-0.04148739909963045,0.46046596728983696
235.74,0.2161847947676412,-0.04193199945956125,0.292750917460546
235.76,0.1792274402685187,-0.03983600617760114,0.1284046700725966
235.78,0.1447587685845886,-0.03547171579954062,-0.02290734371475496
235.8,0.11520449519045517,-0.029231454740406136,-0.1528646981172067
235.82,0.0938405580583763,-0.02157583865322773,-0.2548713466874145
235.84,0.0849064843069051,-0.012976742867133812,-0.3242154617842432
235.86,0.09359770347557868,-0.003861421264823084,-0.35800115788158166
235.88,0.12567911703619938,0.005433853928916732,-0.3548720947886415
235.9,0.18547671784153374,0.01468068251596686,-0.31459761955483023
235.92000000000002,0.26953272431264724,0.02368926801512481,-0.23773647793527036
235.94,0.35863071430498433,0.032084218126445206,-0.1258808752320449
235.96,0.4272141156892403,0.039088357082781036,0.017093613880552465
235.98000000000002,0.46696457998693697,0.04372400094103122,0.18365436759331683
236.0,0.48547780250182554,0.04526995052950147,0.36274467846909225
236.02,0.49115272935593624,0.043455477502684546,0.5413156245092072
236.04,0.4884906417492204,0.038408485956169976,0.7060651623611299
236.06,0.4794702392819943,0.03055881791217647,0.844836912245017
236.08,0.4650211581979668,0.020555335898984613,0.9476575481746492
236.1,0.4457051584249934,0.009191053550329084,1.0074620642228043
236.12,0.42196775937857767,-0.002670345268835089,1.020523234890547
236.14000000000001,0.39422675250757927,-0.014166377364932037,0.9865895263851352
236.16,0.3629066278234069,-0.024502472363187068,0.9087444340098444
236.18,0.328457627353781,-0.03300926274825168,0.7930164301130701
236.20000000000002,0.29137447923303345,-0.0391866799096126,0.647785031767316
236.22,0.25222373713928353,-0.04273209703369373,0.48304166776959
236.24,0.21168852060539464,-0.04355097873644211,0.30957265786433086
236.26,0.1706404573474867,-0.04174975293398998,0.13813525952102898
236.28,0.13024619454642616,-0.037611833638666305,-0.021303567087129497
236.3,0.09210332679469473,-0.0315589312594422,-0.16020213661884605
236.32,0.05837356562759698,-0.024101147180338872,-0.27190040489719886
236.34,0.03185340626802181,-0.01578093986006486,-0.3518624933513303
236.36,0.015942321997746478,-0.007117328376448406,-0.39769335249260623
236.38,0.014578521399691433,0.0014438378055102567,-0.4089428366144111
236.4,0.03232087514996949,0.0095711159494914,-0.3867277874909901
236.42000000000002,0.07449882326404497,0.017080579015238715,-0.33320517608085953
236.44,0.14598098444639906,0.023949481982593675,-0.25094250967710563
236.46,0.24435231341792202,0.030246724137631024,-0.1423645954945269
236.48000000000002,0.34792743530631387,0.035861054399142236,-0.00985301450910153
236.5,0.4247575472375801,0.040174200443494665,0.14280513673296777
236.52,0.4654607362734404,0.04226764019112053,0.3085652799150969
236.54,0.4814749358995503,0.041503385310821414,0.4771123322851706
236.56,0.4838657277805861,0.03773921645455811,0.6365749446876414
236.58,0.47806677878496234,0.031229411336770013,0.7753535432854509
236.6,0.466306949980695,0.022495645059252632,0.8834373980253996
236.62,0.4495856349922877,0.012231479840079931,0.9532740032315095
236.64000000000001,0.4285023664351449,0.001224920385588817,0.9802983393998903
236.66,0.40354943637654267,-0.009712067656440693,0.9631679921681282
236.68,0.3752168342696613,-0.019808498829381013,0.903726948288837
236.70000000000002,0.34404181715214643,-0.028391175873932837,0.8067247760232962
236.72,0.3106501787608366,-0.03492996492340259,0.6793305413574756
236.74,0.27580985068956576,-0.03906861902910631,0.5304936976086388
236.76,0.24051097037376934,-0.04063918979745075,0.37021403339678616
236.78,0.20608441754241175,-0.039659190607008954,0.20878838693701576
236.8,0.17436459899468407,-0.03631186998089481,0.05610281509723656
236.82,0.14788519215277754,-0.030911271851112837,-0.07896510314106864
236.84,0.13006624512904905,-0.023855335909217276,-0.18897890121040514
236.86,0.12530832127160407,-0.015572227391556044,-0.26817262157558747
236.88,0.1388093716754079,-0.006467727425932882,-0.3124644163966251
236.9,0.17553937004322281,0.0031124829004505437,-0.3192830151706336
236.92000000000002,0.2369232233491745,0.012874681555431701,-0.2873201411555936
236.94,0.31448633432280904,0.02246909685717769,-0.21649729101743728
236.96,0.3882632005278253,0.03129306228041355,-0.10857898464485885
236.98000000000002,0.44120123046453813,0.03844785009674452,0.031621753527529425
237.0,0.47164776524358093,0.04303161555019406,0.19556006428635195
237.02,0.48615902523048715,0.04445889097322843,0.37164753049782256
237.04,0.4903282434671265,0.04254564093329661,0.5467616040691056
237.06,0.4870980457454097,0.037457198557265356,0.7077668406254202
237.08,0.47785685875625666,0.029634780274623067,0.8427647223268366
237.1,0.463344748050094,0.01972584249295714,0.9420569592666345
237.12,0.44406920188792753,0.008514770738770923,0.9988323499530359
237.14000000000001,0.4204655681051609,-0.003147976515859759,1.0095730947666466
237.16,0.392958687692998,-0.014415927726008977,0.9741780517191013
237.18,0.3619914614611951,-0.024511661917521597,0.8958142427172235
237.20000000000002,0.32804563856968344,-0.03278248271719068,0.7805254926712193
237.22,0.2916666752250621,-0.038742947136042004,0.6366435675607027
237.24,0.25350172300669654,-0.04210152513074776,0.4740602220986283
237.26,0.2143607236946383,-0.04276986148077816,0.3034271001694794
237.28,0.17531128742675361,-0.0408543369720708,0.13535409004348822
237.3,0.13781364879139346,-0.03663083337731481,-0.020324469081993552
237.32,0.10388646259073697,-0.03050486230191226,-0.15515242279144945
237.34,0.07626781194100593,-0.022960656382861183,-0.2624714152639148
237.36,0.058521089794405644,-0.01450435769018944,-0.337623126424258
237.38,0.055071617285345514,-0.005607326728188711,-0.37792250677065875
237.4,0.07120339287894169,0.003345039764644768,-0.3824136770994094
237.42000000000002,0.11274011493849959,0.012093012094868643,-0.3514410851368179
237.44,0.18367508525991189,0.020508949115536985,-0.28611495400493614
237.46,0.2781498233460505,0.02849717909980641,-0.18792873346983435
237.48000000000002,0.3719312645985754,0.03570991141473588,-0.05914686358150509
237.5,0.4381669393329542,0.041334842962597936,0.09564091454428923
237.52,0.47304177889191745,0.044416368288594014,0.2681221754319751
237.54,0.48724489417933686,0.04435009577486689,0.4467525009022022
237.56,0.4895266981727017,0.041009906595459875,0.6185408580781605
237.58,0.48406304111558474,0.03465137780144238,0.7707953197883652
237.6,0.4726070967274876,0.025802761045267283,0.8924235191964152
237.62,0.45599320486991474,0.015178753397819357,0.9748453351196493
237.64000000000001,0.4347526812802208,0.0036042003303864934,1.0125845284982526
237.66,0.409329221251046,-0.00805911063685661,1.0035620775198095
237.68,0.3801542179456746,-0.01898190632948555,0.949103264485312
237.70000000000002,0.34767885233775386,-0.028429576359804754,0.8536802082072282
237.72,0.31239674889390145,-0.03581306970726686,0.7244270642163201
237.74,0.2748716024657716,-0.04072525893715202,0.5704797754328572
237.76,0.23577999792428198,-0.042960571408345596,0.40220329823754253
237.78,0.19597998249227508,-0.04251690306825891,0.23037561561144052
237.8,0.15661524542480001,-0.03958005044421095,0.06539933735710576
237.82,0.1192569128977386,-0.03449210292735671,-0.08339166166912784
237.84,0.08606427779701949,-0.027706537504474056,-0.20827142453121114
237.86,0.05991825287005063,-0.019734269295263614,-0.3034617007303294
237.88,0.04448103476916543,-0.01108635444110848,-0.3652471781295706
237.9,0.0442021047930951,-0.002219339699035353,-0.3918649954998438
237.92000000000002,0.0643399070206113,0.006512390442981429,-0.383188546720506
237.94,0.11066384693073847,0.01489243453289124,-0.3402414754343576
237.96,0.18678015717066698,0.022842180351345907,-0.2646249895472047
237.98000000000002,0.28520148733771233,0.03030180088077927,-0.15814442671789872
238.0,0.3793408520881666,0.036919471955568765,-0.02330738280177949
238.02,0.44298268441338934,0.04186282647151658,0.1349835742840808
238.04,0.475014239086495,0.04420386011022519,0.30810501847134175
238.06,0.4871264360681954,0.04340681121966973,0.48440822171411874
238.08,0.4878829123016145,0.03941484121902358,0.6510834816960134
238.1,0.4812034419957661,0.03253771028272555,0.7958688423137082
238.12,0.46871942649939224,0.023340960795851805,0.9082848383056424
238.14000000000001,0.451222413434376,0.012559865507732058,0.98047991308385
238.16,0.4292339588779733,0.0010234908855339393,1.0077557865472422
238.18,0.4032025511548938,-0.01041750299673486,0.9887970994203739
238.20000000000002,0.3735738313590197,-0.020958390767010383,0.9256206462530465
238.22,0.3408234027246986,-0.029899707363774994,0.8232695983203986
238.24,0.30548382672802704,-0.03669460934984857,0.6892931855581803
238.26,0.2681803664724411,-0.04098123484124272,0.5330660931207696
238.28,0.22968674319526897,-0.042598114226825155,0.3650118651645844
238.3,0.19101231919626,-0.04158188247640324,0.1958000141576144
238.32,0.15352957591053545,-0.03814774752328759,0.03558712069476396
238.34,0.11913909033604232,-0.03265439901603039,-0.10663204312692307
238.36,0.0904454833913839,-0.02555642009661241,-0.22350675693481126
238.38,0.07089593930810266,-0.017348813745680276,-0.3096046819023273
238.4,0.06484694466598688,-0.008509486905443214,-0.36145816497985983
238.42000000000002,0.07755580901709958,0.0005543496990614528,-0.37738640410798063
238.44,0.11485575876586303,0.009549056044822252,-0.357121572650578
238.46,0.18103505980435725,0.018306640068891124,-0.30131310386860266
238.48000000000002,0.2716163800489943,0.026700798405412045,-0.21114375865085247
238.5,0.36462046491083927,0.03438814624793462,-0.08862580627856977
238.52,0.43301999618045706,0.04058049108899796,0.06197782065546871
238.54,0.4705390035216096,0.044306182578267815,0.23271286278164666
238.56,0.4867353177611583,0.044901987476453284,0.4122318704870041
238.58,0.4904664934556248,0.042177292323135815,0.5874839855828324
238.6,0.48615567033445284,0.036334778862964406,0.7454804995370005
238.62,0.4756835462975656,0.02786404435536911,0.8746490380460876
238.64000000000001,0.459932354215635,0.0174555345572754,0.9658036245033259
238.66,0.43944731438675766,0.005924274902654909,1.0127940656768195
238.68,0.41467204115325507,-0.005863806637145842,1.0128563103028059
238.70000000000002,0.3860303443901416,-0.017062622831374764,0.966673094754888
238.72,0.3539591477117766,-0.026910207555766848,0.8781631718663981
238.74,0.31892900209825453,-0.03478245523240542,0.7540331972048192
238.76,0.2814669120574815,-0.0402328318474209,0.6031417114093303
238.78,0.24219104584266737,-0.04301562725870484,0.435736585434536
238.8,0.20186708969919487,-0.04309154164516066,0.2626345940567147
238.82,0.16149627947710796,-0.040615635596200114,0.09441412798054727
238.84,0.12244000256806505,-0.035908876244618526,-0.059310475176182736
238.86,0.08656862660634873,-0.029415760684391255,-0.19047188620331115
238.88,0.056393110961868366,-0.02165194914391524,-0.29294167425813855
238.9,0.03512265554591137,-0.013147404782771582,-0.3627016858732313
238.92000000000002,0.026642188435142287,-0.004391324138353865,-0.39778954083747153
238.94,0.03551758873538731,0.004216323641144411,-0.3980359884706306
238.96,0.06708536203999356,0.012404824949166199,-0.36462490674197945
238.98000000000002,0.12683152568234432,0.020058081513888878,-0.29951742884352384
239.0,0.21583613630802798,0.02718386722155401,-0.2048617628416093
239.02,0.3193960803551304,0.03371736647572635,-0.08281544671477398
239.04,0.40600562521336186,0.03916989245039028,0.06345918865606177
239.06,0.45722257374455,0.042627205605598434,0.22787625085712157
239.08,0.48002402546695433,0.04329096523620227,0.4007284378929756
239.1,0.4865053943455066,0.0408395885706754,0.5700305125972919
239.12,0.483519768704562,0.03539527217172996,0.7234408387705066
239.14000000000001,0.47396407625255826,0.027393942394974256,0.849774093929054
239.16,0.4590717653626445,0.01748197760950941,0.9400391621539369
239.18,0.439507160771085,0.006434784821567376,0.9881138284263208
239.20000000000002,0.4157641953459091,-0.004916680546644738,0.9911123751720199
239.22,0.3883039640051722,-0.015754906174783645,0.9494681302287227
239.24,0.357609351296933,-0.025338264675714175,0.8667520520186719
239.26,0.32421928384884235,-0.03305333402709627,0.7492605748308331
239.28,0.2887667493745527,-0.038453743924226846,0.6054201272943117
239.3,0.2520346085271409,-0.041283078414339154,0.44506750899628744
239.32,0.21504167658451995,-0.04148048323450065,0.27867299205805546
239.34,0.17916985376331496,-0.03916880704991467,0.11657606774536122
239.36,0.1463344656769371,-0.03462632394580396,-0.031697972734844246
239.38,0.11917959338880749,-0.028244432491471225,-0.15797925404612237
239.4,0.1012532614975603,-0.020475293490846504,-0.25580360709138433
239.42000000000002,0.09709927258968856,-0.011774991855425855,-0.3205423472754087
239.44,0.11214994452635446,-0.0025493941291209617,-0.34930734684883546
239.46,0.15191890138239994,0.006885720499999297,-0.3406625282564719
239.48000000000002,0.21876839485393804,0.01630020766610699,-0.2942487341693449
239.5,0.3043635837641027,0.025433897699879315,-0.2106225102813004
239.52,0.38593924846846317,0.033753158506290265,-0.09184402837673618
239.54,0.44307372171671155,0.04035949429238671,0.05712033039309586
239.56,0.47434344243929005,0.0443228652982061,0.22749029913025126
239.58,0.4881545908907088,0.04506285429074962,0.40738530882616625
239.6,0.4911882106193227,0.042434982015139296,0.5834865833042674
239.62,0.48674776223971916,0.03665713863261886,0.7426530613779075
239.64000000000001,0.4763077523457238,0.028222006557609057,0.8731918415429007
239.66,0.460621891257653,0.017820524233142912,0.9658017402437151
239.68,0.44019597730800164,0.0062689430308913874,1.014220246654672
239.70000000000002,0.4154602357580489,-0.005563994155555673,1.0155789879755783
239.72,0.38683174982443763,-0.016827823721654804,0.9704708447849394
239.74,0.3547411781323641,-0.026755008218048607,0.8827447633791095
239.76,0.31965055238385937,-0.03471519212756663,0.7590614224060447
239.78,0.2820738262391341,-0.04025549851848273,0.6082587727142302
239.8,0.24260858931406856,-0.04312439144534472,0.44058863700039197
239.82,0.2019880914781009,-0.043277868876802336,0.2668929972928864
239.84,0.16116337850760232,-0.040867997822578835,0.09779103300665631
239.86,0.12142092686680339,-0.03621500701090921,-0.057054492438898013
239.88,0.08452488836821191,-0.02976538600763651,-0.18953019076854288
239.9,0.05284357964949806,-0.02203986932032352,-0.29347561495197527
239.92000000000002,0.029399912982951807,-0.013576776852674149,-0.3648674089638418
239.94,0.01782864537449644,-0.00487712657082096,-0.40177825689150737
239.96,0.022347781085244406,0.0036433652342126597,-0.4041288933786467
239.98000000000002,0.047889805041218196,0.011693964621063308,-0.3732648584352455
240.0,0.0999922324385707,0.01913861847926702,-0.3113923460365466
