coordinate,frequency,normalized_fft_power
x,0.0,0.0
x,0.006249218847640847,1.1446827164716894e-06
x,0.012498437695281694,1.6690449470346014e-06
x,0.01874765654292254,1.6049000097999316e-06
x,0.02499687539056339,4.64408732543312e-08
x,0.031246094238204236,1.0109101427951902e-06
x,0.03749531308584508,3.913076921905334e-06
x,0.04374453193348593,3.0416040857988335e-06
x,0.04999375078112678,1.2124122929625335e-06
x,0.056242969628767625,8.648313848616711e-07
x,0.06249218847640847,4.274129606096732e-07
x,0.06874140732404932,6.184258001908371e-07
x,0.07499062617169017,1.543013980425661e-06
x,0.08123984501933101,1.164206087329943e-06
x,0.08748906386697186,2.1848655051170068e-06
x,0.09373828271461271,3.180690461397485e-06
x,0.09998750156225356,2.307346124188872e-06
x,0.1062367204098944,6.8840072834272205e-06
x,0.11248593925753525,2.0989906159144933e-06
x,0.1187351581051761,6.78373737696827e-07
x,0.12498437695281694,3.722543568009088e-06
x,0.1312335958004578,1.221303365160978e-06
x,0.13748281464809864,2.5198270989821307e-06
x,0.1437320334957395,8.098404704830831e-06
x,0.14998125234338033,6.8589300180920826e-06
x,0.15623047119102118,3.7072789211211708e-06
x,0.16247969003866203,1.5108267263053263e-07
x,0.16872890888630288,3.719682211362958e-06
x,0.17497812773394372,7.688951296372213e-06
x,0.18122734658158457,8.617679917742146e-06
x,0.18747656542922542,1.4092299895137274e-05
x,0.19372578427686626,9.502463848233804e-06
x,0.1999750031245071,1.2604777780962713e-06
x,0.20622422197214796,1.7460306115993015e-06
x,0.2124734408197888,5.082934992057695e-06
x,0.21872265966742965,5.4538939936700904e-06
x,0.2249718785150705,8.145238297790821e-06
x,0.23122109736271135,1.9267628865865056e-05
x,0.2374703162103522,1.4877064939391992e-05
x,0.24371953505799304,3.0164137711692728e-05
x,0.2499687539056339,3.5392789611475806e-06
x,0.25621797275327474,2.9469387494038293e-06
x,0.2624671916009156,1.7128424019779594e-06
x,0.26871641044855643,8.059296647514377e-06
x,0.2749656292961973,2.341933424772644e-05
x,0.2812148481438381,2.827348083131157e-05
x,0.287464066991479,3.6367264331309122e-06
x,0.2937132858391198,4.9564586713255855e-05
x,0.29996250468676067,7.615085697510543e-05
x,0.3062117235344015,1.55526539269747e-06
x,0.31246094238204236,1.6223851691317637e-05
x,0.3187101612296832,2.992148560799938e-05
x,0.32495938007732406,2.549132281957512e-05
x,0.3312085989249649,1.3309990192475907e-05
x,0.33745781777260575,1.0426399087723007e-05
x,0.3437070366202466,2.2911305924008685e-05
x,0.34995625546788744,4.149166529668919e-05
x,0.3562054743155283,1.1785972156862062e-05
x,0.36245469316316914,8.44954347771447e-07
x,0.36870391201081,4.9300486189419135e-06
x,0.37495313085845083,3.046971653868163e-06
x,0.3812023497060917,3.0371615785862456e-06
x,0.38745156855373253,6.2746647885870895e-06
x,0.3937007874013734,8.006200284033652e-06
x,0.3999500062490142,2.5074331039866456e-05
x,0.40619922509665507,1.779752615694552e-05
x,0.4124484439442959,4.94280848142174e-06
x,0.41869766279193676,8.160668190073608e-06
x,0.4249468816395776,3.176388013111997e-06
x,0.43119610048721846,1.1586880710119832e-05
x,0.4374453193348593,1.460931212476423e-05
x,0.44369453818250015,1.0115214759520902e-05
x,0.449943757030141,4.131727569786987e-06
x,0.45619297587778185,1.8108774124369431e-06
x,0.4624421947254227,1.7718444587607728e-05
x,0.46869141357306354,5.3983688446457734e-05
x,0.4749406324207044,1.332406869668329e-05
x,0.48118985126834524,6.186456491688551e-06
x,0.4874390701159861,2.461798485074946e-05
x,0.49368828896362693,6.727368096641888e-05
x,0.4999375078112678,6.555043198206597e-05
x,0.5061867266589086,2.8145706257771798e-05
x,0.5124359455065495,2.712593718891503e-06
x,0.5186851643541903,4.123809431822901e-05
x,0.5249343832018312,1.6417761329020926e-05
x,0.531183602049472,2.387237038242105e-05
x,0.5374328208971129,2.3606365878307425e-05
x,0.5436820397447537,8.13904591644389e-05
x,0.5499312585923946,4.01098235255771e-06
x,0.5561804774400354,3.5581841343496026e-06
x,0.5624296962876763,6.114245482035154e-05
x,0.5686789151353171,0.00015336504213603225
x,0.574928133982958,0.00017868313353418944
x,0.5811773528305988,8.219236080166513e-05
x,0.5874265716782396,3.646961384173871e-05
x,0.5936757905258805,4.378511731518451e-05
x,0.5999250093735213,3.6665983040893513e-06
x,0.6061742282211622,1.5126238641313073e-05
x,0.612423447068803,1.2346942145311275e-05
x,0.6186726659164439,5.136553113148318e-06
x,0.6249218847640847,2.3108292254501967e-06
x,0.6311711036117256,1.654561332115128e-05
x,0.6374203224593664,7.755646782325607e-06
x,0.6436695413070073,8.018313173181319e-06
x,0.6499187601546481,1.7851262117334754e-05
x,0.656167979002289,1.5952228434298023e-05
x,0.6624171978499298,1.2908964261771424e-05
x,0.6686664166975707,2.1741677731700083e-05
x,0.6749156355452115,2.439319515218255e-05
x,0.6811648543928523,2.006823822016647e-05
x,0.6874140732404932,4.6945316561108675e-06
x,0.693663292088134,2.4747908436021366e-06
x,0.6999125109357749,3.090005939511928e-06
x,0.7061617297834157,5.858846557668957e-05
x,0.7124109486310566,0.00013671227351614597
x,0.7186601674786974,5.3627621118436e-05
x,0.7249093863263383,3.071984277093642e-06
x,0.7311586051739791,2.565426575494181e-06
x,0.73740782402162,5.10741618051034e-05
x,0.7436570428692608,6.601762933772684e-05
x,0.7499062617169017,2.1461381876500094e-05
x,0.7561554805645425,2.0673189473434023e-06
x,0.7624046994121834,6.130562132371176e-06
x,0.7686539182598242,4.172723287300279e-05
x,0.7749031371074651,0.00017204822051191478
x,0.7811523559551059,3.514935175784369e-05
x,0.7874015748027468,8.753655436477783e-05
x,0.7936507936503876,5.926369019866916e-05
x,0.7999000124980284,3.586025749973311e-05
x,0.8061492313456693,0.000112183341138291
x,0.8123984501933101,4.125644286325554e-05
x,0.818647669040951,8.361402764050608e-06
x,0.8248968878885918,0.00023467053805398478
x,0.8311461067362327,0.0003382278068372194
x,0.8373953255838735,0.00015894650878396993
x,0.8436445444315144,0.00014189942621420772
x,0.8498937632791552,9.804830886083733e-05
x,0.8561429821267961,0.00012616351839232914
x,0.8623922009744369,1.0254338556450138e-05
x,0.8686414198220778,0.00018267528342011687
x,0.8748906386697186,0.00020406256930638448
x,0.8811398575173595,0.0005728389016281626
x,0.8873890763650003,0.0012376454381338223
x,0.8936382952126412,0.0006462717979580631
x,0.899887514060282,0.0004492184809676228
x,0.9061367329079228,0.00012515094974538984
x,0.9123859517555637,0.0005734945037227489
x,0.9186351706032045,0.001006618159931731
x,0.9248843894508454,0.0001406572126639775
x,0.9311336082984862,0.00011375094111374236
x,0.9373828271461271,0.0002706289988278433
x,0.9436320459937679,0.00032437721946494664
x,0.9498812648414088,0.0006584639166146855
x,0.9561304836890496,4.4895603534071565e-05
x,0.9623797025366905,0.0004452836484041167
x,0.9686289213843313,0.0012668518565634882
x,0.9748781402319722,0.001235619850690103
x,0.981127359079613,0.0012586093353820715
x,0.9873765779272539,0.0014409674223636313
x,0.9936257967748947,0.0007035801554822008
x,0.9998750156225356,4.453246117061727e-05
x,1.0061242344701764,0.00044584312588549974
x,1.0123734533178173,0.0005319234479889659
x,1.018622672165458,0.00023259476785139055
x,1.024871891013099,0.00023716416698505032
x,1.0311211098607398,4.648763899605961e-05
x,1.0373703287083806,0.000834207490311343
x,1.0436195475560215,0.0009329998209893013
x,1.0498687664036623,9.452640846099487e-05
x,1.0561179852513032,0.00042901396129560725
x,1.062367204098944,0.000631663457880893
x,1.0686164229465849,0.0012058688624377728
x,1.0748656417942257,0.0009314909338720364
x,1.0811148606418666,0.00014233007616057888
x,1.0873640794895074,0.000262557411004065
x,1.0936132983371483,2.561639628837869e-05
x,1.0998625171847891,7.512162181112854e-05
x,1.10611173603243,0.00015114350880852877
x,1.1123609548800708,8.62400408702448e-05
x,1.1186101737277117,0.00019902828840002735
x,1.1248593925753525,0.0002830829558769686
x,1.1311086114229933,0.00036205138089996083
x,1.1373578302706342,2.4435604250846315e-05
x,1.143607049118275,2.4918343446531625e-05
x,1.149856267965916,0.0001391822808363496
x,1.1561054868135567,6.453989835810915e-05
x,1.1623547056611976,3.8833150264819975e-05
x,1.1686039245088384,9.929254676823546e-05
x,1.1748531433564793,1.704855667095542e-05
x,1.1811023622041201,0.00019297609608842666
x,1.187351581051761,8.666662888021285e-05
x,1.1936007998994018,1.5511218236291137e-05
x,1.1998500187470427,3.6708373252755727e-08
x,1.2060992375946835,1.5618444660991196e-05
x,1.2123484564423244,5.827216722334113e-05
x,1.2185976752899652,7.642028395359026e-05
x,1.224846894137606,1.0147936611963547e-05
x,1.231096112985247,5.182396865654113e-07
x,1.2373453318328878,4.14501650044409e-05
x,1.2435945506805286,0.00015833903862884293
x,1.2498437695281694,0.00011607809211745431
x,1.2560929883758103,5.0246831231730025e-06
x,1.2623422072234511,2.9110608327904856e-06
x,1.268591426071092,2.0683442631033896e-06
x,1.2748406449187328,2.2744735050355297e-05
x,1.2810898637663737,3.343932280082349e-05
x,1.2873390826140145,3.1651635459641103e-05
x,1.2935883014616554,1.965407896817676e-05
x,1.2998375203092962,1.601545845409506e-05
x,1.306086739156937,2.5124694328643e-05
x,1.312335958004578,1.453713028889176e-05
x,1.3185851768522188,8.81846574665135e-06
x,1.3248343956998596,2.020070483036721e-05
x,1.3310836145475005,9.269805280908959e-06
x,1.3373328333951413,5.141157713386953e-06
x,1.3435820522427822,1.2404617376746572e-05
x,1.349831271090423,2.9170514755207748e-05
x,1.3560804899380638,1.1563797156467956e-07
x,1.3623297087857047,5.288834317303624e-05
x,1.3685789276333455,6.354701133446935e-05
x,1.3748281464809864,9.258456651266868e-05
x,1.3810773653286272,0.00023535379682743256
x,1.387326584176268,0.0002314215125961169
x,1.393575803023909,0.00014388531893624445
x,1.3998250218715498,6.6301085611785e-07
x,1.4060742407191906,7.128041224925853e-06
x,1.4123234595668315,9.016127347168617e-05
x,1.4185726784144723,6.617222496329685e-05
x,1.4248218972621132,3.6378123837492564e-05
x,1.431071116109754,1.659455478622648e-05
x,1.4373203349573949,6.991393737107795e-05
x,1.4435695538050357,2.7442139887117337e-06
x,1.4498187726526766,3.6998693508464726e-05
x,1.4560679915003174,9.481027713862582e-05
x,1.4623172103479583,0.00012241563475007557
x,1.468566429195599,4.813512995271639e-05
x,1.47481564804324,1.7848157072062658e-05
x,1.4810648668908808,8.82619648779189e-06
x,1.4873140857385216,9.838355296481862e-05
x,1.4935633045861625,5.5007440130269975e-05
x,1.4998125234338033,6.257056531452453e-06
x,1.5060617422814442,6.165331692344163e-06
x,1.512310961129085,1.6363621745235583e-05
x,1.5185601799767259,2.7816309860440413e-05
x,1.5248093988243667,2.6465688490630055e-05
x,1.5310586176720076,1.1895698453886069e-05
x,1.5373078365196484,6.7752243315922855e-06
x,1.5435570553672893,1.4474739633659585e-05
x,1.5498062742149301,1.9674247302091086e-05
x,1.556055493062571,6.254476858357843e-05
x,1.5623047119102118,2.1719734565871627e-05
x,1.5685539307578527,1.3560213064993338e-05
x,1.5748031496054935,7.741781933606783e-06
x,1.5810523684531343,4.6405363171877425e-06
x,1.5873015873007752,1.2386053387959889e-05
x,1.593550806148416,4.71772208699501e-06
x,1.599800024996057,9.266735165783206e-06
x,1.6060492438436977,9.181521558256902e-05
x,1.6122984626913386,7.125651983157574e-05
x,1.6185476815389794,2.789469545558015e-05
x,1.6247969003866203,2.7961252304774304e-05
x,1.6310461192342611,5.042381365775636e-05
x,1.637295338081902,8.485587536388023e-05
x,1.6435445569295428,5.397183826967857e-05
x,1.6497937757771837,7.309165854960859e-06
x,1.6560429946248245,0.00014124274051952463
x,1.6622922134724654,0.0001911343528822288
x,1.6685414323201062,5.038445313420612e-06
x,1.674790651167747,8.296410998607815e-05
x,1.681039870015388,7.441060277403383e-05
x,1.6872890888630288,2.7094593797010817e-05
x,1.6935383077106696,1.300943158040727e-05
x,1.6997875265583104,7.051055815956551e-06
x,1.7060367454059513,1.4838978770546138e-06
x,1.7122859642535921,8.571432832629944e-05
x,1.718535183101233,6.297554608027116e-05
x,1.7247844019488738,6.240834216853523e-05
x,1.7310336207965147,4.2904731252048905e-05
x,1.7372828396441555,1.8799292336515652e-05
x,1.7435320584917964,2.2866473818928663e-05
x,1.7497812773394372,7.681453681779859e-06
x,1.756030496187078,3.913547173051077e-06
x,1.762279715034719,2.7978623509572314e-05
x,1.7685289338823598,6.85941492592663e-05
x,1.7747781527300006,4.12371080959603e-05
x,1.7810273715776415,3.3884044811675715e-05
x,1.7872765904252823,2.1795731525561867e-05
x,1.7935258092729232,1.0257353599365404e-06
x,1.799775028120564,1.5870539667917375e-05
x,1.8060242469682048,3.4909512944579065e-05
x,1.8122734658158457,5.30580397336968e-05
x,1.8185226846634865,2.034338064509186e-05
x,1.8247719035111274,6.954094573731563e-06
x,1.8310211223587682,2.4164885580658777e-05
x,1.837270341206409,9.410222889165166e-06
x,1.84351956005405,9.915462482088901e-06
x,1.8497687789016908,5.6771418086192114e-05
x,1.8560179977493316,2.7895525609481133e-05
x,1.8622672165969725,2.4722103770359074e-05
x,1.8685164354446133,2.9160987914698806e-05
x,1.8747656542922542,1.4603569806179271e-05
x,1.881014873139895,1.8737254542742726e-05
x,1.8872640919875359,1.2094196974081473e-05
x,1.8935133108351767,7.269435766392338e-06
x,1.8997625296828176,1.239180752487466e-05
x,1.9060117485304584,2.6925194186698945e-05
x,1.9122609673780993,8.470532949020679e-05
x,1.91851018622574,0.00017018233371449745
x,1.924759405073381,8.666963770549568e-05
x,1.9310086239210218,8.06928652957001e-06
x,1.9372578427686626,0.00037222786755979363
x,1.9435070616163035,0.0005521562349017958
x,1.9497562804639443,0.06431703342196143
x,1.9560054993115852,0.5596246896390418
x,1.962254718159226,0.28321910333855155
x,1.9685039370068669,0.0023695112139007686
x,1.9747531558545077,0.0007318845239638541
x,1.9810023747021486,4.272259120977739e-06
x,1.9872515935497894,3.095534128315843e-05
x,1.9935008123974303,7.917871032102176e-05
x,1.9997500312450711,8.285088076903677e-05
x,2.005999250092712,2.5871904209513772e-05
x,2.012248468940353,1.3276359083282663e-05
x,2.0184976877879937,5.233531215910089e-06
x,2.0247469066356345,1.450014356568764e-06
x,2.0309961254832753,1.1019013135734556e-05
x,2.037245344330916,4.601655531363096e-06
x,2.043494563178557,5.0952117833766984e-06
x,2.049743782026198,1.2396074448832671e-05
x,2.0559930008738387,5.281915622148085e-06
x,2.0622422197214796,1.2053781535383576e-05
x,2.0684914385691204,7.752489556295592e-06
x,2.0747406574167613,5.190006337027683e-07
x,2.080989876264402,4.173237067400412e-06
x,2.087239095112043,1.9608727773127593e-06
x,2.093488313959684,2.4079963859785246e-06
x,2.0997375328073247,5.957359738198471e-06
x,2.1059867516549655,6.167669169702422e-06
x,2.1122359705026064,3.198784416461062e-06
x,2.118485189350247,3.7004939687594805e-07
x,2.124734408197888,1.4891966825441013e-06
x,2.130983627045529,3.8983099963131e-06
x,2.1372328458931698,4.250018995223804e-06
x,2.1434820647408106,4.906772215738509e-06
x,2.1497312835884514,4.622685902913738e-06
x,2.1559805024360923,7.178972683388658e-07
x,2.162229721283733,6.406072745485598e-07
x,2.168478940131374,1.1493652118385182e-06
x,2.174728158979015,1.581335109391959e-06
x,2.1809773778266557,1.4301196518421813e-06
x,2.1872265966742965,4.200465436250304e-06
x,2.1934758155219374,3.398567464559207e-06
x,2.1997250343695782,6.177798879156866e-06
x,2.205974253217219,2.05970315733841e-06
x,2.21222347206486,5.003813783630277e-07
x,2.2184726909125008,8.105413891144459e-08
x,2.2247219097601416,1.0719643242912047e-06
x,2.2309711286077825,3.215231471466499e-06
x,2.2372203474554233,4.190534061873987e-06
x,2.243469566303064,1.2969211892137432e-06
x,2.249718785150705,3.933473537827822e-06
x,2.255968003998346,1.2180090328421507e-05
x,2.2622172228459867,1.493322728099931e-06
x,2.2684664416936275,1.3442713846163303e-06
x,2.2747156605412684,2.7902784278395697e-06
x,2.2809648793889092,3.5365605553275797e-06
x,2.28721409823655,1.9332172133110034e-06
x,2.293463317084191,1.2145054461213447e-06
x,2.299712535931832,1.9282100264135793e-06
x,2.3059617547794726,4.16697350923903e-06
x,2.3122109736271135,2.340626132949492e-06
x,2.3184601924747543,2.7178543450053527e-08
x,2.324709411322395,3.5394328880671685e-07
x,2.330958630170036,4.460156967419084e-07
x,2.337207849017677,2.5396523228375345e-07
x,2.3434570678653177,6.139373380230612e-07
x,2.3497062867129586,6.836388544882117e-07
x,2.3559555055605994,1.8964111497733524e-06
x,2.3622047244082403,2.4151820962376953e-06
x,2.368453943255881,3.198904251736303e-07
x,2.374703162103522,1.3079395066492814e-06
x,2.380952380951163,2.430410709369385e-07
x,2.3872015997988036,8.896323379758026e-07
x,2.3934508186464445,1.3702456766045004e-06
x,2.3997000374940853,1.1321994938539637e-06
x,2.405949256341726,5.553786102117001e-07
x,2.412198475189367,1.4002834387621224e-07
x,2.418447694037008,9.137939289418454e-07
x,2.4246969128846487,4.8110242759517095e-06
x,2.4309461317322896,2.527274004694152e-06
x,2.4371953505799304,2.4804303653676525e-07
x,2.4434445694275713,2.276026650814753e-06
x,2.449693788275212,6.403043412561235e-06
x,2.455943007122853,8.098764380103034e-06
x,2.462192225970494,3.5833335471365636e-06
x,2.4684414448181347,8.952277075079744e-07
x,2.4746906636657755,3.3259195172037175e-06
x,2.4809398825134164,4.010781396206542e-06
x,2.487189101361057,1.777648741199885e-06
x,2.493438320208698,1.930857272556988e-06
x,2.499687539056339,1.0283205509188424e-05
x,2.5059367579039797,1.4988463173917931e-06
x,2.5121859767516206,1.4613637794090402e-06
x,2.5184351955992614,3.4454999859011335e-06
x,2.5246844144469023,1.710372280449898e-05
x,2.530933633294543,2.3332075387413498e-05
x,2.537182852142184,1.378623992231139e-05
x,2.543432070989825,3.9363266413636705e-06
x,2.5496812898374657,5.7349458270230395e-06
x,2.5559305086851065,1.5930018708275269e-06
x,2.5621797275327474,1.0120577942687053e-06
x,2.568428946380388,2.0238873783624953e-06
x,2.574678165228029,6.891875212630027e-07
x,2.58092738407567,1.2340867304572082e-07
x,2.5871766029233108,2.102487959580579e-06
x,2.5934258217709516,1.3169902420727542e-06
x,2.5996750406185924,8.984414833823066e-07
x,2.6059242594662333,2.1400420206333073e-06
x,2.612173478313874,2.774787441837361e-06
x,2.618422697161515,1.7184861565840367e-06
x,2.624671916009156,2.819199033275942e-06
x,2.6309211348567967,3.2375206810040826e-06
x,2.6371703537044375,2.988934034098783e-06
x,2.6434195725520784,1.2208609172656088e-06
x,2.6496687913997192,3.4207696346524004e-07
x,2.65591801024736,9.374315970558255e-07
x,2.662167229095001,4.662552292369665e-06
x,2.6684164479426418,1.954953751829708e-05
x,2.6746656667902826,1.1700256722050619e-05
x,2.6809148856379235,1.449544916671867e-06
x,2.6871641044855643,1.3844420229455675e-07
x,2.693413323333205,5.212383415545515e-06
x,2.699662542180846,1.2880109976784326e-05
x,2.705911761028487,5.396331308509821e-06
x,2.7121609798761277,1.1097314073838989e-06
x,2.7184101987237685,3.024824148807644e-07
x,2.7246594175714094,3.2694686178285403e-06
x,2.7309086364190502,2.4243182214391906e-05
x,2.737157855266691,1.2561939187493866e-05
x,2.743407074114332,1.138309654331538e-05
x,2.749656292961973,1.628727063542497e-05
x,2.7559055118096136,4.905158119179004e-06
x,2.7621547306572545,1.4500805554378912e-05
x,2.7684039495048953,1.1529058970559958e-05
x,2.774653168352536,6.154540035219052e-07
x,2.780902387200177,2.5040311423561388e-05
x,2.787151606047818,6.858798261589472e-05
x,2.7934008248954587,2.7726292644741138e-05
x,2.7996500437430996,3.402850865528695e-05
x,2.8058992625907404,1.3157521856720529e-05
x,2.8121484814383813,3.066749225861496e-05
x,2.818397700286022,1.2855828103711192e-06
x,2.824646919133663,2.1452928461530654e-05
x,2.830896137981304,5.2223816626486313e-05
x,2.8371453568289446,5.800079854911264e-05
x,2.8433945756765855,0.00022752184494515264
x,2.8496437945242263,0.00013501528714367922
x,2.855893013371867,8.392404547328814e-05
x,2.862142232219508,4.1092754931834825e-05
x,2.868391451067149,5.4388861396829966e-05
x,2.8746406699147897,0.00020109481459132532
x,2.8808898887624306,5.932686379080596e-05
x,2.8871391076100714,7.637523790253209e-06
x,2.8933883264577123,4.991886380433144e-05
x,2.899637545305353,3.0490126632715467e-05
x,2.905886764152994,0.00015185519002133222
x,2.912135983000635,1.6805410882089985e-05
x,2.9183852018482757,5.88645988964349e-05
x,2.9246344206959165,0.0002008450064831722
x,2.9308836395435574,0.00022628924622980235
x,2.937132858391198,0.00023817925280017905
x,2.943382077238839,0.00029441275414452534
x,2.94963129608648,0.00020512486980869983
x,2.9558805149341207,1.5212040170668522e-05
x,2.9621297337817616,4.715488367495955e-05
x,2.9683789526294024,0.00013139357819720915
x,2.9746281714770433,3.528024007252423e-05
x,2.980877390324684,7.092578694428411e-05
x,2.987126609172325,7.75750833614305e-06
x,2.993375828019966,0.00011012481399449075
x,2.9996250468676067,0.00023814397057087176
x,3.0058742657152475,3.812413761297663e-05
x,3.0121234845628884,6.686512837020762e-05
x,3.018372703410529,0.00011974834445427918
x,3.02462192225817,0.00021508693195651494
x,3.030871141105811,0.00023921419008272803
x,3.0371203599534518,3.1658556017109166e-05
x,3.0433695788010926,5.8524944890621974e-05
x,3.0496187976487334,1.1197230584240037e-05
x,3.0558680164963743,5.674843460026144e-06
x,3.062117235344015,3.510313103998164e-05
x,3.068366454191656,8.488888057835233e-06
x,3.074615673039297,4.158817577749145e-05
x,3.0808648918869377,4.3598064149980336e-05
x,3.0871141107345785,8.483457282809067e-05
x,3.0933633295822194,1.3820993044090158e-05
x,3.0996125484298602,2.9322767252117324e-06
x,3.105861767277501,2.6785070795854217e-05
x,3.112110986125142,2.0479126195856433e-05
x,3.1183602049727828,5.641161738275143e-06
x,3.1246094238204236,1.627556245493367e-05
x,3.1308586426680645,3.923710666774838e-06
x,3.1371078615157053,3.150466400324742e-05
x,3.143357080363346,2.7438144691590463e-05
x,3.149606299210987,5.544730728975554e-06
x,3.155855518058628,5.059586365887522e-07
x,3.1621047369062687,1.8279869981640196e-06
x,3.1683539557539095,8.54360791492815e-06
x,3.1746031746015504,1.697548326731756e-05
x,3.1808523934491912,4.9011746255951935e-06
x,3.187101612296832,2.3567919911531402e-07
x,3.193350831144473,4.987431504076799e-06
x,3.199600049992114,2.7854739741075756e-05
x,3.2058492688397546,3.3421656674758784e-05
x,3.2120984876873955,3.5551348283671106e-06
x,3.2183477065350363,3.700246738484984e-07
x,3.224596925382677,3.4857020506056604e-08
x,3.230846144230318,3.7581848717538192e-06
x,3.237095363077959,7.330309636703569e-06
x,3.2433445819255997,7.727315533167725e-06
x,3.2495938007732406,4.930746642695035e-06
x,3.2558430196208814,2.778724059595102e-06
x,3.2620922384685223,5.271920371435494e-06
x,3.268341457316163,4.112261163367973e-06
x,3.274590676163804,1.901167471886244e-06
x,3.280839895011445,3.5883156103874554e-06
x,3.2870891138590856,3.867388731001833e-06
x,3.2933383327067265,3.9568916626571324e-07
x,3.2995875515543673,2.0344045780244787e-06
x,3.305836770402008,6.913882602282398e-06
x,3.312085989249649,8.61254235927359e-07
x,3.31833520809729,8.147903257989704e-06
x,3.3245844269449307,1.62087831851359e-05
x,3.3308336457925716,1.7395452567860935e-05
x,3.3370828646402124,4.527981913204817e-05
x,3.3433320834878533,5.0927155378434866e-05
x,3.349581302335494,4.088177254392375e-05
x,3.355830521183135,4.028968709300541e-06
x,3.362079740030776,2.3935518494203066e-06
x,3.3683289588784167,1.0496573041974738e-05
x,3.3745781777260575,2.264258578184274e-05
x,3.3808273965736984,5.417449494470379e-06
x,3.387076615421339,6.467479713714608e-06
x,3.39332583426898,1.282219212750536e-05
x,3.399575053116621,2.5761448277483226e-06
x,3.4058242719642617,5.771438033438042e-06
x,3.4120734908119026,1.866293957020232e-05
x,3.4183227096595434,2.9480195792525732e-05
x,3.4245719285071843,1.3079598131764207e-05
x,3.430821147354825,5.470037485741874e-06
x,3.437070366202466,2.725672716992991e-07
x,3.443319585050107,2.0765222969699983e-05
x,3.4495688038977477,1.9680626636789104e-05
x,3.4558180227453885,3.068165453888907e-06
x,3.4620672415930294,1.4603507413309673e-06
x,3.46831646044067,3.337537579561725e-06
x,3.474565679288311,6.301208831570761e-06
x,3.480814898135952,7.049094856232852e-06
x,3.4870641169835928,4.52353120865587e-06
x,3.4933133358312336,4.12807005947844e-07
x,3.4995625546788744,3.967435393733207e-06
x,3.5058117735265153,1.4792173706299599e-06
x,3.512060992374156,1.600650283787864e-05
x,3.518310211221797,7.3336392313326325e-06
x,3.524559430069438,3.343476621284961e-06
x,3.5308086489170787,2.266415940082445e-06
x,3.5370578677647195,8.883747057266839e-07
x,3.5433070866123604,2.9350863777725793e-06
x,3.5495563054600012,1.7085618237044755e-06
x,3.555805524307642,2.4198116901283377e-07
x,3.562054743155283,1.8182145182967126e-05
x,3.5683039620029238,2.2239021040279784e-05
x,3.5745531808505646,8.634848677650737e-06
x,3.5808023996982055,6.1209173046121145e-06
x,3.5870516185458463,9.690476579865036e-06
x,3.593300837393487,2.0618218856391738e-05
x,3.599550056241128,1.686159948477917e-05
x,3.605799275088769,6.522596842216201e-06
x,3.6120484939364097,1.825873274216944e-05
x,3.6182977127840505,5.588977606184619e-05
x,3.6245469316316914,5.0149799469586754e-06
x,3.6307961504793322,1.8673992514174423e-05
x,3.637045369326973,2.066504674437618e-05
x,3.643294588174614,8.088914145726624e-06
x,3.649543807022255,4.659479109929098e-06
x,3.6557930258698956,1.5679970292873752e-06
x,3.6620422447175365,3.2950039358911854e-07
x,3.6682914635651773,1.453014959913355e-05
x,3.674540682412818,2.0904645366525427e-05
x,3.680789901260459,1.29206619543638e-05
x,3.6870391201081,1.4554617065757063e-05
x,3.6932883389557407,4.935286847105902e-06
x,3.6995375578033816,5.984542586000924e-06
x,3.7057867766510224,2.726391288169667e-06
x,3.7120359954986633,8.0703128201466e-07
x,3.718285214346304,4.179562346678541e-06
x,3.724534433193945,1.709746440636737e-05
x,3.730783652041586,1.2195668004748231e-05
x,3.7370328708892266,7.619495482467365e-06
x,3.7432820897368675,5.746282936474311e-06
x,3.7495313085845083,7.304701668716006e-07
x,3.755780527432149,2.779031817132911e-06
x,3.76202974627979,7.67137953247118e-06
x,3.768278965127431,1.3012974783915562e-05
x,3.7745281839750717,7.3512944813497755e-06
x,3.7807774028227126,1.5029476018840068e-06
x,3.7870266216703534,4.161950735839649e-06
x,3.7932758405179943,3.9884564923980015e-06
x,3.799525059365635,1.4084220300561308e-06
x,3.805774278213276,1.091894404789178e-05
x,3.812023497060917,8.539717524000535e-06
x,3.8182727159085577,4.276727935920967e-06
x,3.8245219347561985,7.121798495589107e-06
x,3.8307711536038394,3.23795472666594e-06
x,3.83702037245148,3.711812142232959e-06
x,3.843269591299121,3.2929793579974715e-06
x,3.849518810146762,1.0996146852752781e-06
x,3.8557680289944027,2.2682348635345427e-06
x,3.8620172478420436,4.02878142209839e-06
x,3.8682664666896844,1.1931477468665425e-05
x,3.8745156855373253,3.423204343290817e-05
x,3.880764904384966,2.6198509898762985e-05
x,3.887014123232607,1.7032355864933653e-06
x,3.893263342080248,3.238323345430846e-05
x,3.8995125609278887,7.288747713528297e-05
x,3.9057617797755295,0.001119664678448673
x,3.9120109986231704,0.021414862856405942
x,3.918260217470811,0.021068372891330834
x,3.924509436318452,0.0008420469849096557
x,3.930758655166093,0.0001527122395887502
x,3.9370078740137338,7.74940560369091e-06
x,3.9432570928613746,5.176441749497535e-06
x,3.9495063117090154,1.2206193176205372e-05
x,3.9557555305566563,1.6861792075631206e-05
x,3.962004749404297,6.154847809015456e-06
x,3.968253968251938,3.3215996226145798e-06
x,3.974503187099579,1.468249536583192e-06
x,3.9807524059472197,1.861195209663179e-07
x,3.9870016247948605,1.958783930176373e-06
x,3.9932508436425014,9.963148208800067e-07
x,3.9995000624901422,6.560295890284569e-07
x,4.005749281337783,2.180938409902089e-06
x,4.011998500185424,1.1079231214203695e-06
x,4.018247719033065,1.523473282970713e-06
x,4.024496937880706,1.8133758121082457e-06
x,4.0307461567283465,1.0669797552388862e-07
x,4.036995375575987,4.4690864220212855e-07
x,4.043244594423628,4.3950330584308647e-07
x,4.049493813271269,3.8413111806438903e-07
x,4.05574303211891,6.888155573901997e-07
x,4.061992250966551,1.0039001200349037e-06
x,4.0682414698141915,5.69735225190391e-07
x,4.074490688661832,1.231929387634455e-07
x,4.080739907509473,1.3326776093296502e-07
x,4.086989126357114,5.420653162348758e-07
x,4.093238345204755,6.671421945956367e-07
x,4.099487564052396,6.13377642702092e-07
x,4.105736782900037,7.324736665716393e-07
x,4.1119860017476775,1.8253888792870008e-07
x,4.118235220595318,1.0630549335020581e-07
x,4.124484439442959,1.394615230567075e-07
x,4.1307336582906,2.1786651264191638e-07
x,4.136982877138241,1.6489236415012358e-07
x,4.143232095985882,4.94202496714351e-07
x,4.149481314833523,5.816288529197082e-07
x,4.155730533681163,8.016852303889389e-07
x,4.161979752528804,5.658687583809334e-07
x,4.168228971376445,5.517961825684903e-08
x,4.174478190224086,5.801565454747382e-08
x,4.180727409071727,1.0709610331511413e-07
x,4.186976627919368,4.190738454021091e-07
x,4.1932258467670085,6.570537069206608e-07
x,4.199475065614649,2.895675539726267e-07
x,4.20572428446229,3.051670234794046e-07
x,4.211973503309931,1.9515985708897117e-06
x,4.218222722157572,6.787518135870081e-07
x,4.224471941005213,1.0645129491733845e-07
x,4.230721159852854,3.458706834756367e-07
x,4.236970378700494,6.186082034608245e-07
x,4.243219597548135,4.273002889052542e-07
x,4.249468816395776,2.2792685008394542e-07
x,4.255718035243417,2.7291223930135997e-07
x,4.261967254091058,6.294457139474343e-07
x,4.268216472938699,5.988584621023902e-07
x,4.2744656917863395,3.7735797923257435e-08
x,4.28071491063398,3.651364124067395e-08
x,4.286964129481621,1.0524391119571124e-07
x,4.293213348329262,3.7774985503603867e-08
x,4.299462567176903,1.0800577568666548e-07
x,4.305711786024544,1.2591098740134091e-07
x,4.311961004872185,2.676080020455701e-07
x,4.318210223719825,5.246188634036926e-07
x,4.324459442567466,8.713860783024478e-08
x,4.330708661415107,3.195008474541739e-07
x,4.336957880262748,9.781771186429701e-08
x,4.343207099110389,1.2726914890261399e-07
x,4.34945631795803,2.503060398429607e-07
x,4.3557055368056705,2.5554469009621245e-07
x,4.361954755653311,1.4820083591726188e-07
x,4.368203974500952,3.7122672097522466e-08
x,4.374453193348593,8.71827990399628e-08
x,4.380702412196234,7.981254635888935e-07
x,4.386951631043875,8.08944863801711e-07
x,4.393200849891516,8.67580297727073e-09
x,4.3994500687391564,4.406110864455139e-07
x,4.405699287586797,1.2613968720760475e-06
x,4.411948506434438,2.0918146872030453e-06
x,4.418197725282079,9.810876193946976e-07
x,4.42444694412972,3.8144307696620857e-07
x,4.430696162977361,4.2022235866466455e-07
x,4.4369453818250015,1.547525602204535e-06
x,4.443194600672642,1.487796127618005e-07
x,4.449443819520283,5.399972562082189e-07
x,4.455693038367924,2.213054340695305e-06
x,4.461942257215565,1.0228615961952265e-06
x,4.468191476063206,4.8672226065848e-07
x,4.474440694910847,3.1233237825255626e-07
x,4.4806899137584875,3.588084302843103e-06
x,4.486939132606128,5.9811673285342996e-06
x,4.493188351453769,4.62642060867754e-06
x,4.49943757030141,1.0169017684936858e-06
x,4.505686789149051,1.358249423954692e-06
x,4.511936007996692,7.882929148840865e-07
x,4.5181852268443325,6.812224669992302e-08
x,4.524434445691973,5.678668009155191e-07
x,4.530683664539614,1.843782546840543e-07
x,4.536932883387255,7.432015283604451e-08
x,4.543182102234896,4.363761457591162e-07
x,4.549431321082537,4.407158575507438e-07
x,4.555680539930178,2.4123563366921135e-07
x,4.5619297587778185,4.6219169729656593e-07
x,4.568178977625459,8.372395165762736e-07
x,4.5744281964731,5.147199994011733e-07
x,4.580677415320741,6.890610194290706e-07
x,4.586926634168382,8.053461595690116e-07
x,4.593175853016023,7.838063672953157e-07
x,4.599425071863664,4.60864090074819e-07
x,4.605674290711304,1.1007592721311811e-07
x,4.611923509558945,3.9972964666115006e-07
x,4.618172728406586,6.318118051050428e-07
x,4.624421947254227,4.481297843737616e-06
x,4.630671166101868,4.151909557092664e-06
x,4.636920384949509,8.728418434138319e-07
x,4.6431696037971495,7.254716010879449e-08
x,4.64941882264479,7.042958907293943e-07
x,4.655668041492431,3.972543398936314e-06
x,4.661917260340072,2.330073503316563e-06
x,4.668166479187713,6.410019755522571e-07
x,4.674415698035354,3.830576041886901e-08
x,4.680664916882995,3.8538637290658493e-07
x,4.686914135730635,4.902583190312311e-06
x,4.693163354578276,5.789429980512002e-06
x,4.699412573425917,1.8516002078786406e-06
x,4.705661792273558,6.562322452067043e-06
x,4.711911011121199,1.8448101625498835e-06
x,4.71816022996884,2.631690534332639e-06
x,4.7244094488164805,4.293125990580472e-06
x,4.730658667664121,8.565889473438381e-08
x,4.736907886511762,4.192919487251364e-06
x,4.743157105359403,1.9299061027497596e-05
x,4.749406324207044,1.0280034867415412e-05
x,4.755655543054685,1.0391543531357256e-05
x,4.761904761902326,4.889414677545898e-06
x,4.768153980749966,9.395966735123312e-06
x,4.774403199597607,1.181795832956172e-06
x,4.780652418445248,3.8505360418663805e-06
x,4.786901637292889,1.705961421600179e-05
x,4.79315085614053,1.0077175449465788e-05
x,4.799400074988171,5.835459482730745e-05
x,4.8056492938358115,4.644167618066874e-05
x,4.811898512683452,2.416479485661578e-05
x,4.818147731531093,1.6885219476954702e-05
x,4.824396950378734,6.728794458182603e-06
x,4.830646169226375,5.3323189837634135e-05
x,4.836895388074016,2.9605603943113095e-05
x,4.843144606921657,1.8995318342182895e-06
x,4.8493938257692975,1.1045270854666234e-05
x,4.855643044616938,4.974993182521891e-06
x,4.861892263464579,4.275193846515408e-05
x,4.86814148231222,1.140101161319671e-05
x,4.874390701159861,1.3405416330190932e-05
x,4.880639920007502,4.559960177510268e-05
x,4.8868891388551425,6.0153676968148055e-05
x,4.893138357702783,6.47846005593456e-05
x,4.899387576550424,8.42160539729888e-05
x,4.905636795398065,7.99775601988495e-05
x,4.911886014245706,1.032101813462933e-05
x,4.918135233093347,6.540199872123775e-06
x,4.924384451940988,3.808942968707983e-05
x,4.9306336707886285,9.857234939181539e-06
x,4.936882889636269,2.474269149053417e-05
x,4.94313210848391,6.519744746676018e-06
x,4.949381327331551,1.675353803014692e-05
x,4.955630546179192,7.419049332235079e-05
x,4.961879765026833,2.55537252960823e-05
x,4.9681289838744735,1.2144626083502683e-05
x,4.974378202722114,3.2195271103057374e-05
x,4.980627421569755,5.5008469793371366e-05
x,4.986876640417396,7.559378857716106e-05
x,4.993125859265037,1.7320738160782766e-05
x,4.999375078112678,1.464779816006082e-05
x,5.005624296960319,6.401806794832051e-06
x,5.0118735158079595,3.324924228682075e-07
x,5.0181227346556,8.836610108216826e-06
x,5.024371953503241,2.359202657255102e-06
x,5.030621172350882,9.725931840556636e-06
x,5.036870391198523,1.1253492336226664e-05
x,5.043119610046164,2.266044139575555e-05
x,5.049368828893805,8.58987297224646e-06
x,5.055618047741445,4.608562389854098e-07
x,5.061867266589086,6.3071350683760605e-06
x,5.068116485436727,7.797387980599345e-06
x,5.074365704284368,1.8506081189671646e-06
x,5.080614923132009,2.969661188656621e-06
x,5.08686414197965,1.9771345312866454e-06
x,5.0931133608272905,5.381533450686096e-06
x,5.099362579674931,9.96933947106821e-06
x,5.105611798522572,2.4204343850808673e-06
x,5.111861017370213,6.073912926201415e-07
x,5.118110236217854,2.270244739990769e-07
x,5.124359455065495,1.6606548558078412e-06
x,5.130608673913136,4.404258857047749e-06
x,5.136857892760776,2.4022361133459974e-06
x,5.143107111608417,3.0130272034021184e-07
x,5.149356330456058,7.704074063049293e-07
x,5.155605549303699,5.717874889342855e-06
x,5.16185476815134,1.092586021940955e-05
x,5.168103986998981,2.5086434274484507e-06
x,5.1743532058466215,2.0437589522095328e-08
x,5.180602424694262,2.942743038074129e-08
x,5.186851643541903,6.750561057180828e-07
x,5.193100862389544,1.9645868136713737e-06
x,5.199350081237185,2.4199281700567773e-06
x,5.205599300084826,1.5960407343190123e-06
x,5.211848518932467,7.424843847506947e-07
x,5.218097737780107,1.2965760404405657e-06
x,5.224346956627748,1.3664430967013446e-06
x,5.230596175475389,6.645199560796547e-07
x,5.23684539432303,7.930771474413334e-07
x,5.243094613170671,1.5057878041010435e-06
x,5.249343832018312,6.055011701269105e-09
x,5.2555930508659525,4.7474512824253676e-07
x,5.261842269713593,1.7238068737087527e-06
x,5.268091488561234,8.915313249520937e-07
x,5.274340707408875,1.180477713613157e-06
x,5.280589926256516,4.851340588415963e-06
x,5.286839145104157,4.651676000055541e-06
x,5.293088363951798,1.075106064684058e-05
x,5.2993375827994385,1.392926386105046e-05
x,5.305586801647079,1.2617717180942015e-05
x,5.31183602049472,3.7582478056960946e-06
x,5.318085239342361,5.534645381105473e-07
x,5.324334458190002,9.193864433318416e-07
x,5.330583677037643,7.587870631358389e-06
x,5.3368328958852835,1.0415019508607064e-06
x,5.343082114732924,3.1047589914580283e-06
x,5.349331333580565,2.2489215293128345e-06
x,5.355580552428206,1.7272360262818167e-06
x,5.361829771275847,8.025966014819928e-07
x,5.368078990123488,4.457570479288959e-06
x,5.374328208971129,8.521962307885228e-06
x,5.3805774278187695,4.538365156790403e-06
x,5.38682664666641,1.8164517731045562e-06
x,5.393075865514051,3.327087433284403e-08
x,5.399325084361692,4.692759058990009e-06
x,5.405574303209333,7.703765828610658e-06
x,5.411823522056974,1.7916231556393828e-06
x,5.4180727409046145,5.409097985673689e-07
x,5.424321959752255,8.767668208340318e-07
x,5.430571178599896,1.6910677973459062e-06
x,5.436820397447537,2.196084257971572e-06
x,5.443069616295178,1.7633574986886587e-06
x,5.449318835142819,2.19096843443677e-07
x,5.45556805399046,9.530823128375262e-07
x,5.4618172728381005,4.917863631554955e-08
x,5.468066491685741,4.245087146405725e-06
x,5.474315710533382,3.063053963579576e-06
x,5.480564929381023,1.0545141686827718e-06
x,5.486814148228664,8.306604513899457e-07
x,5.493063367076305,2.461744148706253e-07
x,5.499312585923946,7.209277888508619e-07
x,5.505561804771586,6.180080696316404e-07
x,5.511811023619227,1.0472552191405474e-07
x,5.518060242466868,3.558119187439842e-06
x,5.524309461314509,7.885101782511544e-06
x,5.53055868016215,3.5892221908632067e-06
x,5.536807899009791,1.7156432662460037e-06
x,5.5430571178574315,2.3813801368437686e-06
x,5.549306336705072,5.469827099123129e-06
x,5.555555555552713,6.262699265196876e-06
x,5.561804774400354,3.6372805744203002e-06
x,5.568053993247995,2.0101423376135286e-06
x,5.574303212095636,1.6686796494937367e-05
x,5.580552430943277,4.6985765608134344e-06
x,5.586801649790917,4.010984981404708e-06
x,5.593050868638558,7.4497417144540464e-06
x,5.599300087486199,3.0383582712658124e-06
x,5.60554930633384,1.3906155316148377e-06
x,5.611798525181481,8.122248952446805e-07
x,5.618047744029122,4.343401691176481e-07
x,5.6242969628767625,2.173076255026983e-06
x,5.630546181724403,7.706317746138383e-06
x,5.636795400572044,3.3497558443467715e-06
x,5.643044619419685,5.289858998409406e-06
x,5.649293838267326,1.9595092950186826e-06
x,5.655543057114967,1.7163648736975688e-06
x,5.661792275962608,1.182130606456475e-06
x,5.668041494810248,2.3681308976228491e-07
x,5.674290713657889,6.848629248578418e-07
x,5.68053993250553,4.569976865033476e-06
x,5.686789151353171,4.634053658254872e-06
x,5.693038370200812,2.15002501716469e-06
x,5.699287589048453,1.6678255812372034e-06
x,5.7055368078960935,4.3796488678475355e-07
x,5.711786026743734,5.046071521503017e-07
x,5.718035245591375,2.064841281644644e-06
x,5.724284464439016,3.61640793344599e-06
x,5.730533683286657,3.0790430667110645e-06
x,5.736782902134298,4.2936125897156536e-07
x,5.743032120981939,6.759241074975847e-07
x,5.7492813398295795,1.6357409688422462e-06
x,5.75553055867722,3.429016130683375e-07
x,5.761779777524861,2.1516868257239904e-06
x,5.768028996372502,2.9168877166716974e-06
x,5.774278215220143,1.1296280256497938e-06
x,5.780527434067784,1.7606333882284288e-06
x,5.7867766529154245,8.659834784976089e-07
x,5.793025871763065,1.0548654321150629e-06
x,5.799275090610706,8.587910540817049e-07
x,5.805524309458347,1.834556837804587e-07
x,5.811773528305988,6.186028566680071e-07
x,5.818022747153629,6.736696641070751e-07
x,5.82427196600127,1.8195872921754533e-06
x,5.8305211848489105,6.99005341372478e-06
x,5.836770403696551,8.192703775263226e-06
x,5.843019622544192,3.097261118739882e-07
x,5.849268841391833,2.035027153737179e-06
x,5.855518060239474,1.4677834084403933e-05
x,5.861767279087115,5.467914384188393e-05
x,5.8680164979347555,0.0013302711408442135
x,5.874265716782396,0.002524198543533569
x,5.880514935630037,0.0002786116945090878
x,5.886764154477678,2.779890462678102e-05
x,5.893013373325319,5.005395247818685e-06
x,5.89926259217296,8.850471733224898e-07
x,5.905511811020601,2.093484814558086e-06
x,5.9117610298682415,3.1055373423248413e-06
x,5.918010248715882,1.4201358862078055e-06
x,5.924259467563523,7.600575314115963e-07
x,5.930508686411164,4.414366777475232e-07
x,5.936757905258805,4.101271792729366e-08
x,5.943007124106446,2.7298212030515914e-07
x,5.949256342954087,2.4129764630098464e-07
x,5.955505561801727,8.687416526494843e-08
x,5.961754780649368,2.8615833932538196e-07
x,5.968003999497009,2.3598994152199658e-07
x,5.97425321834465,1.5575929768244484e-07
x,5.980502437192291,2.965424725097817e-07
x,5.986751656039932,3.075450920686188e-08
x,5.9930008748875725,3.3485082630094374e-08
x,5.999250093735213,7.038002918157406e-08
x,6.005499312582854,4.2929072680409996e-08
x,6.011748531430495,5.818299872231973e-08
x,6.017997750278136,1.1610611244541408e-07
x,6.024246969125777,7.694304836507135e-08
x,6.030496187973418,2.41391903783174e-08
x,6.036745406821058,5.435292059265017e-09
x,6.042994625668699,4.4092447668388976e-08
x,6.04924384451634,6.265328503237659e-08
x,6.055493063363981,5.343780823200526e-08
x,6.061742282211622,6.685092605530375e-08
x,6.067991501059263,2.8277192678714465e-08
x,6.0742407199069035,1.0652874374165362e-08
x,6.080489938754544,1.490897113517311e-08
x,6.086739157602185,1.604971912542768e-08
x,6.092988376449826,1.2499825430786408e-08
x,6.099237595297467,3.237381731163618e-08
x,6.105486814145108,6.181756757042986e-08
x,6.111736032992749,6.452506761286032e-08
x,6.117985251840389,7.456071958667444e-08
x,6.12423447068803,7.649315726209202e-09
x,6.130483689535671,1.327208688884267e-08
x,6.136732908383312,3.828365910107431e-09
x,6.142982127230953,3.550941377595319e-08
x,6.149231346078594,6.826149659163658e-08
x,6.1554805649262345,3.44602002872702e-08
x,6.161729783773875,1.5734477218717592e-08
x,6.167979002621516,1.808912584300034e-07
x,6.174228221469157,1.3323858930429668e-07
x,6.180477440316798,2.185148386605225e-09
x,6.186726659164439,3.129905533526928e-08
x,6.19297587801208,6.27394386065428e-08
x,6.1992250968597205,6.261899283587997e-08
x,6.205474315707361,3.1844333492275214e-08
x,6.211723534555002,2.8339429184324048e-08
x,6.217972753402643,6.156818899054982e-08
x,6.224221972250284,8.556946019794996e-08
x,6.230471191097925,1.637783288793145e-08
x,6.2367204099455655,1.3161005973573703e-09
x,6.242969628793206,1.543399852910988e-08
x,6.249218847640847,4.760447364779853e-09
x,6.255468066488488,1.222207558808496e-08
x,6.261717285336129,1.62146358282785e-08
x,6.26796650418377,2.7138131471618323e-08
x,6.274215723031411,6.721406965061824e-08
x,6.2804649418790515,2.3027296644683586e-08
x,6.286714160726692,4.680131569640536e-08
x,6.292963379574333,3.1867927507391375e-08
x,6.299212598421974,1.2617069758388233e-08
x,6.305461817269615,3.091401381822006e-08
x,6.311711036117256,3.938376986486728e-08
x,6.3179602549648965,2.6664678959373525e-08
x,6.324209473812537,8.39377515382345e-09
x,6.330458692660178,6.332771236969112e-09
x,6.336707911507819,8.655807918951083e-08
x,6.34295713035546,1.639794081550847e-07
x,6.349206349203101,7.477634169797857e-09
x,6.355455568050742,5.973855755895385e-08
x,6.3617047868983825,1.79627599247254e-07
x,6.367954005746023,3.934700920527201e-07
x,6.374203224593664,2.1184324421141022e-07
x,6.380452443441305,9.423820082548533e-08
x,6.386701662288946,2.9970542110651094e-08
x,6.392950881136587,3.4905614026543827e-07
x,6.399200099984228,2.8931497098682673e-08
x,6.405449318831868,1.1944564225080965e-07
x,6.411698537679509,3.170358044577558e-07
x,6.41794775652715,3.639028923299261e-07
x,6.424196975374791,7.674118994521491e-08
x,6.430446194222432,7.019887217154423e-08
x,6.436695413070073,5.170120679209161e-07
x,6.4429446319177135,1.1522101695729387e-06
x,6.449193850765354,1.1696812225601101e-06
x,6.455443069612995,2.77620468192057e-07
x,6.461692288460636,2.2626550751203336e-07
x,6.467941507308277,2.370513599783132e-07
x,6.474190726155918,2.811436854265142e-09
x,6.480439945003559,1.0506420664999586e-07
x,6.486689163851199,4.9947111488564266e-08
x,6.49293838269884,2.6772927289905246e-08
x,6.499187601546481,5.9452062767362565e-08
x,6.505436820394122,1.1724488065835598e-07
x,6.511686039241763,6.400320062185164e-08
x,6.517935258089404,7.877229115175771e-08
x,6.5241844769370445,1.8798349660090166e-07
x,6.530433695784685,1.4643810947554614e-07
x,6.536682914632326,1.3892540507492856e-07
x,6.542932133479967,1.6615656479428546e-07
x,6.549181352327608,1.6317341843236848e-07
x,6.555430571175249,1.2117682205028212e-07
x,6.56167979002289,3.7354362831702036e-08
x,6.56792900887053,1.0731852103968012e-07
x,6.574178227718171,1.1394576934731764e-07
x,6.580427446565812,7.612067451112471e-07
x,6.586676665413453,1.1257394708239883e-06
x,6.592925884261094,3.682404442473475e-07
x,6.599175103108735,4.180383105601177e-08
x,6.6054243219563755,4.908658736666644e-08
x,6.611673540804016,9.208990716151217e-07
x,6.617922759651657,8.310181849193837e-07
x,6.624171978499298,2.7534101113159386e-07
x,6.630421197346939,3.2906290764411345e-08
x,6.63667041619458,3.3728866955982905e-08
x,6.642919635042221,7.125074323360945e-07
x,6.6491688538898615,1.8128954064751246e-06
x,6.655418072737502,2.199067244369691e-07
x,6.661667291585143,1.942274552039154e-06
x,6.667916510432784,8.015724109678937e-07
x,6.674165729280425,3.839196969292072e-07
x,6.680414948128066,1.1034627011689204e-06
x,6.6866641669757065,1.0270032983893434e-07
x,6.692913385823347,7.295892772885515e-07
x,6.699162604670988,4.046150519506579e-06
x,6.705411823518629,3.7428564544967247e-06
x,6.71166104236627,2.3577579155353363e-06
x,6.717910261213911,2.1325034598677673e-06
x,6.724159480061552,2.060537279141531e-06
x,6.7304086989091925,8.603859276021631e-07
x,6.736657917756833,5.932015809747951e-07
x,6.742907136604474,4.113794258888832e-06
x,6.749156355452115,2.8590449837159515e-06
x,6.755405574299756,1.149030500599262e-05
x,6.761654793147397,1.4338727962186752e-05
x,6.7679040119950375,6.543607357855319e-06
x,6.774153230842678,5.162723305265953e-06
x,6.780402449690319,1.2606275238389523e-06
x,6.78665166853796,1.0883942910103918e-05
x,6.792900887385601,1.1087805486455133e-05
x,6.799150106233242,1.4702948457177814e-06
x,6.805399325080883,1.673719983544635e-06
x,6.8116485439285235,1.5162209134805457e-06
x,6.817897762776164,8.653971252043735e-06
x,6.824146981623805,5.877611374749923e-06
x,6.830396200471446,2.8809196408887217e-06
x,6.836645419319087,9.600699286148174e-06
x,6.842894638166728,1.4217014217123592e-05
x,6.849143857014369,1.55993977479916e-05
x,6.855393075862009,2.111207140457866e-05
x,6.86164229470965,2.5666925571588297e-05
x,6.867891513557291,6.2435610631903365e-06
x,6.874140732404932,1.0354322364574227e-06
x,6.880389951252573,8.300436522626338e-06
x,6.886639170100214,3.613819234958667e-06
x,6.8928883889478545,6.559514487718309e-06
x,6.899137607795495,3.7587247348503875e-06
x,6.905386826643136,1.7738546366155637e-06
x,6.911636045490777,1.838895341920399e-05
x,6.917885264338418,1.251720900935422e-05
x,6.924134483186059,1.9353968682961653e-06
x,6.9303837020337,7.703489964272748e-06
x,6.93663292088134,1.3343171771394725e-05
x,6.942882139728981,2.0279561499012437e-05
x,6.949131358576622,8.355947642482743e-06
x,6.955380577424263,2.682012458853901e-06
x,6.961629796271904,2.9049052754424855e-06
x,6.967879015119545,6.105789796424598e-08
x,6.9741282339671855,1.597558495104893e-06
x,6.980377452814826,1.0956837641098239e-06
x,6.986626671662467,1.5979209704737648e-06
x,6.992875890510108,3.301692420801859e-06
x,6.999125109357749,4.8312358234421855e-06
x,7.00537432820539,3.825505112883453e-06
x,7.011623547053031,5.955250371993312e-08
x,7.017872765900671,1.3725909304957429e-06
x,7.024121984748312,2.414110296017453e-06
x,7.030371203595953,7.809250779854587e-07
x,7.036620422443594,4.3580501633327116e-07
x,7.042869641291235,7.102357607850414e-07
x,7.049118860138876,5.989019248093797e-07
x,7.0553680789865165,2.8792435360638996e-06
x,7.061617297834157,9.57977684403464e-07
x,7.067866516681798,3.469141064384914e-07
x,7.074115735529439,2.635902240132048e-08
x,7.08036495437708,3.1517602879652986e-07
x,7.086614173224721,9.76880361921214e-07
x,7.092863392072362,9.025522037122068e-07
x,7.0991126109200025,1.96961169559127e-07
x,7.105361829767643,1.4350594056664493e-07
x,7.111611048615284,9.980550188330428e-07
x,7.117860267462925,2.9324079926778646e-06
x,7.124109486310566,1.2604744325722498e-06
x,7.130358705158207,1.5775907065313736e-08
x,7.1366079240058475,3.505931387784692e-08
x,7.142857142853488,9.726337316469128e-08
x,7.149106361701129,4.596547818669832e-07
x,7.15535558054877,6.914313025947977e-07
x,7.161604799396411,5.071627172297721e-07
x,7.167854018244052,2.191792716656847e-07
x,7.174103237091693,2.7885387602582547e-07
x,7.1803524559393335,3.9320978689144413e-07
x,7.186601674786974,2.513381614022701e-07
x,7.192850893634615,1.7567518826585758e-07
x,7.199100112482256,4.4241789418346643e-07
x,7.205349331329897,5.234498933590522e-08
x,7.211598550177538,9.983853925091181e-08
x,7.2178477690251786,3.506906345067974e-07
x,7.224096987872819,4.351274530832933e-07
x,7.23034620672046,8.595157768399189e-08
x,7.236595425568101,1.2419621479020079e-06
x,7.242844644415742,1.3092545504245664e-06
x,7.249093863263383,2.4138596604292743e-06
x,7.255343082111024,3.5884318763687323e-06
x,7.2615923009586645,3.3647355211585876e-06
x,7.267841519806305,1.9140393830288373e-06
x,7.274090738653946,9.384450796204251e-08
x,7.280339957501587,4.516138841802927e-08
x,7.286589176349228,1.8843698399833916e-06
x,7.292838395196869,4.819400676680732e-07
x,7.29908761404451,1.0013286843588143e-06
x,7.30533683289215,3.7463513238084035e-07
x,7.311586051739791,6.966625080432099e-07
x,7.317835270587432,4.3414632587041475e-08
x,7.324084489435073,9.629835025847056e-07
x,7.330333708282714,2.264315516880672e-06
x,7.336582927130355,1.5280272990877677e-06
x,7.3428321459779955,5.439729581999252e-07
x,7.349081364825636,8.087528394578977e-08
x,7.355330583673277,8.566784479669387e-07
x,7.361579802520918,2.5736778721982165e-06
x,7.367829021368559,9.241704772801663e-07
x,7.3740782402162,2.1695538431452736e-07
x,7.380327459063841,2.502408962713857e-07
x,7.386576677911481,4.3199708748685085e-07
x,7.392825896759122,6.303483456971955e-07
x,7.399075115606763,5.86035807253942e-07
x,7.405324334454404,1.9964576012899186e-07
x,7.411573553302045,1.3837227198635872e-07
x,7.417822772149686,6.895983385867115e-08
x,7.4240719909973265,8.739454936781408e-07
x,7.430321209844967,1.1763287542728719e-06
x,7.436570428692608,3.520399179527057e-07
x,7.442819647540249,2.9245747848972546e-07
x,7.44906886638789,7.547449791725359e-08
x,7.455318085235531,1.4581946197290974e-07
x,7.461567304083172,2.047927049298576e-07
x,7.467816522930812,1.2314722171753777e-07
x,7.474065741778453,4.922166638807413e-07
x,7.480314960626094,2.4597281137993604e-06
x,7.486564179473735,1.5003238597674975e-06
x,7.492813398321376,5.30675838206168e-07
x,7.499062617169017,6.06112230280923e-07
x,7.5053118360166575,1.3210142344591729e-06
x,7.511561054864298,2.139228324458093e-06
x,7.517810273711939,1.5010970306804952e-06
x,7.52405949255958,2.5931035973269307e-07
x,7.530308711407221,4.0663994820735785e-06
x,7.536557930254862,2.7912952681412805e-06
x,7.542807149102503,5.364423915401892e-07
x,7.5490563679501435,2.6965340454644117e-06
x,7.555305586797784,1.1212783058882205e-06
x,7.561554805645425,3.2216656268152546e-07
x,7.567804024493066,4.405595370707796e-07
x,7.574053243340707,2.3439492719090013e-07
x,7.580302462188348,1.7507652056835647e-07
x,7.5865516810359885,2.4026316442817775e-06
x,7.592800899883629,1.1231963070008785e-06
x,7.59905011873127,1.6660392010433065e-06
x,7.605299337578911,8.767728641411032e-07
x,7.611548556426552,4.727064193487723e-07
x,7.617797775274193,4.5827261048702344e-07
x,7.624046994121834,9.698982712644365e-08
x,7.6302962129694745,1.1049690306060728e-07
x,7.636545431817115,1.0793415546655002e-06
x,7.642794650664756,1.7186405606613287e-06
x,7.649043869512397,6.926709028540973e-07
x,7.655293088360038,4.5626653955718615e-07
x,7.661542307207679,1.9787285115632168e-07
x,7.6677915260553196,7.401531636369758e-08
x,7.67404074490296,5.621163519901297e-07
x,7.680289963750601,9.867728834808289e-07
x,7.686539182598242,1.1800700674414764e-06
x,7.692788401445883,1.8139062983429655e-07
x,7.699037620293524,8.964193574764054e-08
x,7.705286839141165,5.45399304939729e-07
x,7.7115360579888055,1.2385229113257385e-07
x,7.717785276836446,3.919556174631514e-07
x,7.724034495684087,9.151179960477952e-07
x,7.730283714531728,3.8743309027967864e-07
x,7.736532933379369,3.9169563509430456e-07
x,7.74278215222701,2.5905928903903843e-07
x,7.749031371074651,3.203148369665585e-07
x,7.755280589922291,2.062154107788189e-07
x,7.761529808769932,4.90003312260945e-08
x,7.767779027617573,1.6974800306004408e-07
x,7.774028246465214,1.2610802956689293e-07
x,7.780277465312855,2.817626700104782e-07
x,7.786526684160496,1.3071955380305947e-06
x,7.7927759030081365,2.3243975994257577e-06
x,7.799025121855777,2.0983439780908114e-07
x,7.805274340703418,1.0340816790743965e-07
x,7.811523559551059,2.8367636379116254e-06
x,7.8177727783987,7.453791645197026e-06
x,7.824021997246341,8.953550850333508e-05
x,7.830271216093982,0.00032805834549192836
x,7.836520434941622,8.101335573110757e-05
x,7.842769653789263,4.49124464129945e-06
x,7.849018872636904,2.094398005393812e-06
x,7.855268091484545,1.6649956791676462e-07
x,7.861517310332186,4.0833432552061935e-07
x,7.867766529179827,5.118758974151442e-07
x,7.8740157480274675,3.068593702544876e-07
x,7.880264966875108,1.6614859319652376e-07
x,7.886514185722749,1.2306862534650034e-07
x,7.89276340457039,1.3251409712503932e-08
x,7.899012623418031,3.133115566904185e-08
x,7.905261842265672,5.601028625429189e-08
x,7.911511061113313,1.3374269371164253e-08
x,7.917760279960953,3.081409848054307e-08
x,7.924009498808594,4.6702307099773505e-08
x,7.930258717656235,1.7746463200466015e-08
x,7.936507936503876,4.0204835875814973e-08
x,7.942757155351517,8.442530310225629e-09
x,7.949006374199158,3.0256704114664088e-09
x,7.9552555930467985,9.092049895082265e-09
x,7.961504811894439,5.374395282027166e-09
x,7.96775403074208,6.255229878686336e-09
x,7.974003249589721,1.6104791126936838e-08
x,7.980252468437362,1.4212658585978875e-08
x,7.986501687285003,5.349957898693221e-09
x,7.992750906132644,1.5624473103106735e-10
x,7.9990001249802845,5.342477062997164e-09
x,8.005249343827925,9.386194561485124e-09
x,8.011498562675566,1.0548479066591866e-08
x,8.017747781523207,1.2558925616841665e-08
x,8.023997000370848,8.871921831653383e-09
x,8.030246219218489,2.2700773510679676e-09
x,8.03649543806613,5.317522087271116e-09
x,8.04274465691377,3.7188941254113795e-09
x,8.048993875761411,4.694575458441122e-09
x,8.055243094609052,8.443571875790973e-09
x,8.061492313456693,2.2552185702592996e-08
x,8.067741532304334,2.068437217017746e-08
x,8.073990751151975,2.6492906950395776e-08
x,8.080239969999615,4.886778080230266e-09
x,8.086489188847256,8.057526459952851e-09
x,8.092738407694897,1.24305545994126e-11
x,8.098987626542538,1.0838157111493544e-08
x,8.105236845390179,2.7679403552430834e-08
x,8.11148606423782,1.7211765383890228e-08
x,8.11773528308546,4.677547463846617e-09
x,8.123984501933101,5.7715816674001784e-08
x,8.130233720780742,7.843315517184623e-08
x,8.136482939628383,1.0418763148501334e-09
x,8.142732158476024,1.261684418897596e-08
x,8.148981377323665,2.260522131339302e-08
x,8.155230596171306,3.1398551704287674e-08
x,8.161479815018946,1.707655269802111e-08
x,8.167729033866587,1.0659313939902546e-08
x,8.173978252714228,1.8886779288073058e-08
x,8.180227471561869,3.182667142793446e-08
x,8.18647669040951,1.188086648578058e-08
x,8.19272590925715,1.4004933497169197e-10
x,8.198975128104792,4.670897033770937e-09
x,8.205224346952432,2.6683159648649163e-09
x,8.211473565800073,3.629986381631334e-09
x,8.217722784647714,5.3362010000287405e-09
x,8.223972003495355,6.574661608326644e-09
x,8.230221222342996,1.6173823264088623e-08
x,8.236470441190637,1.040238942211828e-08
x,8.242719660038277,1.1888342509054945e-08
x,8.248968878885918,1.6919800607768015e-08
x,8.25521809773356,3.3192774323851245e-09
x,8.2614673165812,6.105081436626852e-09
x,8.26771653542884,9.64225878817433e-09
x,8.273965754276482,7.759137451863261e-09
x,8.280214973124123,3.1783346942120878e-09
x,8.286464191971763,1.0738472608026702e-09
x,8.292713410819404,1.174569087093707e-08
x,8.298962629667045,4.0746996032907534e-08
x,8.305211848514686,7.046129567001933e-09
x,8.311461067362327,9.989554983254371e-09
x,8.317710286209968,3.163531139195602e-08
x,8.323959505057609,8.695383406959631e-08
x,8.33020872390525,5.9013472510274325e-08
x,8.33645794275289,2.463023450219743e-08
x,8.342707161600531,4.0540519559032426e-09
x,8.348956380448172,7.103406281195017e-08
x,8.355205599295813,2.6284111304709235e-08
x,8.361454818143454,2.0126075464177955e-08
x,8.367704036991094,4.947349297924173e-08
x,8.373953255838735,1.0611587555976112e-07
x,8.380202474686376,1.0778994765882075e-08
x,8.386451693534017,3.4542717388131195e-08
x,8.392700912381658,6.681485618954022e-08
x,8.398950131229299,2.162488229299343e-07
x,8.40519935007694,2.8242841394648503e-07
x,8.41144856892458,9.196879640194464e-08
x,8.417697787772221,3.228037396901917e-08
x,8.423947006619862,5.876386003761394e-08
x,8.430196225467503,6.043930564248092e-09
x,8.436445444315144,1.4546542032880405e-08
x,8.442694663162785,1.4422691223660819e-08
x,8.448943882010425,5.959470297176396e-09
x,8.455193100858066,5.893587282224931e-09
x,8.461442319705707,2.8064601641794312e-08
x,8.467691538553348,1.747230046748205e-08
x,8.473940757400989,1.342996846842192e-08
x,8.48018997624863,3.6338327330987745e-08
x,8.48643919509627,3.9821966386545146e-08
x,8.492688413943911,2.71991234684982e-08
x,8.498937632791552,3.177774189335678e-08
x,8.505186851639193,3.036110654344643e-08
x,8.511436070486834,2.5737330251222316e-08
x,8.517685289334475,1.1373666497955229e-08
x,8.523934508182116,2.1556764984280283e-08
x,8.530183727029756,3.506006278934259e-08
x,8.536432945877397,1.0425548160094773e-07
x,8.542682164725038,2.531986382386264e-07
x,8.548931383572679,1.255453337508637e-07
x,8.55518060242032,1.9200330299120688e-08
x,8.56142982126796,2.5409342302307874e-09
x,8.567679040115602,1.659959281800534e-07
x,8.573928258963242,2.5522843517801163e-07
x,8.580177477810883,1.0314904482966092e-07
x,8.586426696658524,2.0146260997605912e-08
x,8.592675915506165,2.7412553010637314e-09
x,8.598925134353806,7.66571621029548e-08
x,8.605174353201447,4.2257721645545007e-07
x,8.611423572049087,6.288388311418244e-08
x,8.617672790896728,4.3136452210917737e-07
x,8.62392200974437,3.1877554569439527e-07
x,8.63017122859201,6.533379399550756e-08
x,8.63642044743965,2.0230275409208446e-07
x,8.642669666287292,7.83877461383288e-08
x,8.648918885134933,1.3606606190292964e-07
x,8.655168103982573,6.709947933852069e-07
x,8.661417322830214,1.140519315629974e-06
x,8.667666541677855,4.796001471637878e-07
x,8.673915760525496,7.416689660175461e-07
x,8.680164979373137,3.751280572237722e-07
x,8.686414198220778,3.8514632026576397e-07
x,8.692663417068418,6.269314268185697e-08
x,8.69891263591606,7.820314234571252e-07
x,8.7051618547637,1.0236084299326587e-06
x,8.711411073611341,1.736220602968686e-06
x,8.717660292458982,3.8065734812606214e-06
x,8.723909511306623,1.7602975879592256e-06
x,8.730158730154264,1.2792804776748477e-06
x,8.736407949001904,4.983750609983803e-07
x,8.742657167849545,1.697832878741776e-06
x,8.748906386697186,3.2673217270075477e-06
x,8.755155605544827,8.163175709818276e-07
x,8.761404824392468,1.8354596400781303e-07
x,8.767654043240109,5.166420551114099e-07
x,8.77390326208775,1.1906020577950753e-06
x,8.78015248093539,2.1903584905096053e-06
x,8.786401699783031,5.198848735420672e-07
x,8.792650918630672,2.0221197887518623e-06
x,8.798900137478313,3.008179196663771e-06
x,8.805149356325954,3.337283191935453e-06
x,8.811398575173595,4.6658422146232e-06
x,8.817647794021235,6.8172628937958526e-06
x,8.823897012868876,2.929613745433985e-06
x,8.830146231716517,2.4345339836680266e-07
x,8.836395450564158,1.4094260348889613e-06
x,8.842644669411799,1.2672929503916797e-06
x,8.84889388825944,1.3209802738100676e-06
x,8.85514310710708,1.4981495165041624e-06
x,8.861392325954721,1.8740167785352603e-07
x,8.867641544802362,3.5913362308932968e-06
x,8.873890763650003,4.547854519043081e-06
x,8.880139982497644,6.068477426139671e-07
x,8.886389201345285,1.540136802784236e-06
x,8.892638420192926,2.9607840643408243e-06
x,8.898887639040566,4.796550041834464e-06
x,8.905136857888207,3.045704450401233e-06
x,8.911386076735848,4.101173772975608e-07
x,8.917635295583489,9.870604214949598e-07
x,8.92388451443113,7.390597528649058e-08
x,8.93013373327877,1.9566900831444182e-07
x,8.936382952126412,3.8385165750647516e-07
x,8.942632170974052,1.6196879158328089e-07
x,8.948881389821693,8.812938904529027e-07
x,8.955130608669334,8.893268261664323e-07
x,8.961379827516975,1.2243800602661271e-06
x,8.967629046364616,5.146956325220104e-08
x,8.973878265212257,2.916798003257948e-07
x,8.980127484059897,6.066840760757671e-07
x,8.986376702907538,3.0306655641777325e-07
x,8.99262592175518,5.992876752185562e-08
x,8.99887514060282,1.7614738759551945e-07
x,9.00512435945046,3.17894219228926e-08
x,9.011373578298102,6.365097322672967e-07
x,9.017622797145743,3.326558881557993e-07
x,9.023872015993383,1.3202581003034352e-07
x,9.030121234841024,1.5761675899066596e-08
x,9.036370453688665,5.803963895123697e-08
x,9.042619672536306,1.8848960748174808e-07
x,9.048868891383947,2.6270308284978877e-07
x,9.055118110231588,9.100876965755927e-08
x,9.061367329079228,4.19910724450179e-08
x,9.06761654792687,1.5413837293512064e-07
x,9.07386576677451,6.260570808503124e-07
x,9.080114985622151,4.708868856014947e-07
x,9.086364204469792,2.6760854803394346e-08
x,9.092613423317433,1.632389522282737e-08
x,9.098862642165074,1.5991329361303197e-08
x,9.105111861012714,8.885061626051761e-08
x,9.111361079860355,1.7047212593938473e-07
x,9.117610298707996,1.5449991439619182e-07
x,9.123859517555637,6.203540975947625e-08
x,9.130108736403278,5.346958274613262e-08
x,9.136357955250919,9.605669130815387e-08
x,9.14260717409856,8.49667830196142e-08
x,9.1488563929462,4.2010428366642395e-08
x,9.155105611793841,1.0112989432222058e-07
x,9.161354830641482,4.584281959308803e-08
x,9.167604049489123,1.3669711460278818e-08
x,9.173853268336764,5.9475076110021254e-08
x,9.180102487184405,1.3774098601126622e-07
x,9.186351706032045,3.1477146371512976e-10
x,9.192600924879686,2.5110398652782797e-07
x,9.198850143727327,3.551390446346453e-07
x,9.205099362574968,5.007905821312563e-07
x,9.211348581422609,8.357188937000608e-07
x,9.21759780027025,7.805340490014312e-07
x,9.22384701911789,6.622204060245616e-07
x,9.230096237965531,5.502337431650351e-08
x,9.236345456813172,2.5649546434338738e-08
x,9.242594675660813,3.2420953360792324e-07
x,9.248843894508454,2.5239132034775877e-07
x,9.255093113356095,2.0608438271773712e-07
x,9.261342332203736,1.1709747478764459e-07
x,9.267591551051376,1.8064754249333065e-07
x,9.273840769899017,2.2506606400645074e-09
x,9.280089988746658,1.7102505223917372e-07
x,9.286339207594299,5.228437667042533e-07
x,9.29258842644194,4.66566078636263e-07
x,9.29883764528958,1.4962374066194865e-07
x,9.305086864137222,4.5471698926474534e-08
x,9.311336082984862,1.1451104313498145e-07
x,9.317585301832503,7.017346696635548e-07
x,9.323834520680144,3.9511577631348693e-07
x,9.330083739527785,8.398780792323825e-08
x,9.336332958375426,7.710258836923863e-08
x,9.342582177223067,1.0470653751473415e-07
x,9.348831396070707,1.6051651241687998e-07
x,9.355080614918348,1.6522029762164763e-07
x,9.36132983376599,1.0029576229433381e-07
x,9.36757905261363,5.978858889382414e-09
x,9.37382827146127,5.2812868080366515e-08
x,9.380077490308912,1.1905674781269618e-07
x,9.386326709156553,3.7748083386358907e-07
x,9.392575928004193,1.2013107028066148e-07
x,9.398825146851834,9.070537341005664e-08
x,9.405074365699475,2.5683564251714257e-08
x,9.411323584547116,2.3862679086452828e-08
x,9.417572803394757,6.028526508720748e-08
x,9.423822022242398,5.2725246794068615e-08
x,9.430071241090038,3.295116094664419e-08
x,9.43632045993768,6.226725471881635e-07
x,9.44256967878532,5.654024100788318e-07
x,9.448818897632961,1.8467363076215666e-07
x,9.455068116480602,1.4677330701411614e-07
x,9.461317335328243,2.906312328134927e-07
x,9.467566554175884,6.214304399503052e-07
x,9.473815773023524,5.116053042826418e-07
x,9.480064991871165,1.506525023221888e-07
x,9.486314210718806,7.437701810559579e-07
x,9.492563429566447,1.1575138943986892e-06
x,9.498812648414088,2.7000487100155098e-08
x,9.505061867261729,8.440418313834952e-07
x,9.51131108610937,4.004091014353655e-07
x,9.51756030495701,7.154333043625863e-08
x,9.523809523804651,1.7008762643809463e-07
x,9.530058742652292,9.393549221058721e-08
x,9.536307961499933,9.112723740309242e-10
x,9.542557180347574,5.753303718375556e-07
x,9.548806399195215,4.537870311619339e-07
x,9.555055618042855,4.316982113977809e-07
x,9.561304836890496,3.613064641238867e-07
x,9.567554055738137,1.3438029553841925e-07
x,9.573803274585778,1.4740629833996119e-07
x,9.580052493433419,4.5857079850900493e-08
x,9.58630171228106,1.9156829004496212e-08
x,9.5925509311287,2.1207322574355235e-07
x,9.598800149976341,5.55572085359215e-07
x,9.605049368823982,2.4990244273062256e-07
x,9.611298587671623,1.1541805613783009e-07
x,9.617547806519264,6.901575825885451e-08
x,9.623797025366905,8.284911402362887e-09
x,9.630046244214546,1.4207120848477362e-07
x,9.636295463062186,2.560202780703595e-07
x,9.642544681909827,3.887289444976621e-07
x,9.648793900757468,9.943331696231638e-08
x,9.655043119605109,1.0416853939956486e-08
x,9.66129233845275,1.3880154316622136e-07
x,9.66754155730039,5.444297224619558e-08
x,9.673790776148032,7.152983552410771e-08
x,9.680039994995672,2.4376103435914594e-07
x,9.686289213843313,1.3733906204874433e-07
x,9.692538432690954,8.313871106172526e-08
x,9.698787651538595,7.782068280005165e-08
x,9.705036870386236,8.549196818809997e-08
x,9.711286089233877,5.243918102675514e-08
x,9.717535308081517,1.8536643015632547e-08
x,9.723784526929158,3.729354553345105e-08
x,9.7300337457768,3.1678689038223095e-08
x,9.73628296462444,4.431792801066564e-08
x,9.74253218347208,2.1461855617869545e-07
x,9.748781402319722,5.72383379985847e-07
x,9.755030621167363,1.4631843535054677e-07
x,9.761279840015003,2.3210216120988118e-08
x,9.767529058862644,4.207015231233073e-07
x,9.773778277710285,1.2705049226998095e-06
x,9.780027496557926,6.217343491106126e-06
x,9.786276715405567,4.047058245797591e-05
x,9.792525934253208,2.0272560545862716e-05
x,9.798775153100848,8.768391692894402e-07
x,9.80502437194849,6.506358812771868e-07
x,9.81127359079613,5.155411690622336e-08
x,9.817522809643771,8.12351699197299e-08
x,9.823772028491412,7.919977998671825e-08
x,9.830021247339053,6.140523518226786e-08
x,9.836270466186694,3.471316059723467e-08
x,9.842519685034334,3.204638080589307e-08
x,9.848768903881975,5.490884907080075e-09
x,9.855018122729616,3.502093540178964e-09
x,9.861267341577257,1.224914744240679e-08
x,9.867516560424898,2.994554090517116e-09
x,9.873765779272539,3.6720006002350842e-09
x,9.88001499812018,9.673883340525086e-09
x,9.88626421696782,3.7365433453335506e-09
x,9.892513435815461,7.623762679127301e-09
x,9.898762654663102,2.929520275564078e-09
x,9.905011873510743,6.486669567947768e-10
x,9.911261092358384,1.5889661004243107e-09
x,9.917510311206025,1.6113134628919905e-09
x,9.923759530053665,2.460644475732696e-09
x,9.930008748901306,5.3678328710978645e-09
x,9.936257967748947,6.012645150633064e-09
x,9.942507186596588,2.716478653645935e-09
x,9.948756405444229,2.4822395840909278e-11
x,9.95500562429187,2.6826439325580003e-09
x,9.96125484313951,5.470991621750408e-09
x,9.967504061987151,7.1028802329000565e-09
x,9.973753280834792,6.601586816151843e-09
x,9.980002499682433,6.3682103149423365e-09
x,9.986251718530074,1.0085978701552525e-09
x,9.992500937377715,3.902080073690932e-09
x,9.998750156225356,2.0617352738177584e-09
x,10.004999375072996,3.3005342881772296e-09
x,10.011248593920637,4.373463320895732e-09
x,10.017497812768278,1.367357480604303e-08
x,10.023747031615919,1.4347365421266862e-08
x,10.02999625046356,1.6666425566626275e-08
x,10.0362454693112,5.16504260975765e-09
x,10.042494688158841,6.0936277050733744e-09
x,10.048743907006482,1.2838120351347481e-09
x,10.054993125854123,4.312122545137455e-09
x,10.061242344701764,1.5764314014082795e-08
x,10.067491563549405,1.3343120921701346e-08
x,10.073740782397046,2.8322202757427508e-09
x,10.079990001244687,2.4748680298533026e-08
x,10.086239220092327,5.697715419216258e-08
x,10.092488438939968,6.2059684097185054e-09
x,10.09873765778761,6.928955540789722e-09
x,10.10498687663525,1.0676633739682054e-08
x,10.11123609548289,2.1270754450978483e-08
x,10.117485314330532,1.4605951282364262e-08
x,10.123734533178173,6.506440743776332e-09
x,10.129983752025813,9.378985092543499e-09
x,10.136232970873454,1.7425969679198434e-08
x,10.142482189721095,1.0988741217402932e-08
x,10.148731408568736,7.397756851315008e-10
x,10.154980627416377,1.5511335415325062e-09
x,10.161229846264018,2.2022150664783902e-09
x,10.167479065111658,1.702703008907693e-09
x,10.1737282839593,3.2981008439702105e-09
x,10.17997750280694,3.2893781529731596e-09
x,10.186226721654581,6.282043075791064e-09
x,10.192475940502222,7.0830114271771025e-09
x,10.198725159349863,4.132266578321713e-09
x,10.204974378197504,1.2108318979155099e-08
x,10.211223597045144,2.891102219849867e-09
x,10.217472815892785,1.90948324704698e-09
x,10.223722034740426,3.746242087465446e-09
x,10.229971253588067,3.809470836793535e-09
x,10.236220472435708,2.1480271551035356e-09
x,10.242469691283349,5.473788601421596e-10
x,10.24871891013099,2.215113554843928e-09
x,10.25496812897863,1.4287734750108423e-08
x,10.261217347826271,6.025302681684642e-09
x,10.267466566673912,2.4228017783990445e-09
x,10.273715785521553,9.369264715286496e-09
x,10.279965004369194,2.7940243173600665e-08
x,10.286214223216835,2.5785034544078822e-08
x,10.292463442064475,9.434431931681548e-09
x,10.298712660912116,2.476180926038264e-09
x,10.304961879759757,1.6555943032737732e-08
x,10.311211098607398,1.891654226396045e-08
x,10.317460317455039,2.384263593824376e-09
x,10.32370953630268,1.3355201408120982e-08
x,10.32995875515032,3.423459935360253e-08
x,10.336207973997961,4.8090074636276006e-09
x,10.342457192845602,1.5646786900561832e-08
x,10.348706411693243,1.1295706157234828e-08
x,10.354955630540884,4.8566882403396956e-08
x,10.361204849388525,7.991065868596238e-08
x,10.367454068236166,3.813938370426916e-08
x,10.373703287083806,5.019331284797647e-09
x,10.379952505931447,1.503046951215739e-08
x,10.386201724779088,4.492639156453218e-09
x,10.392450943626729,1.4975073924209966e-09
x,10.39870016247437,4.150536541721369e-09
x,10.40494938132201,1.4293923756387159e-09
x,10.411198600169651,3.6474752125196993e-10
x,10.417447819017292,6.501296195859891e-09
x,10.423697037864933,5.339864479875484e-09
x,10.429946256712574,3.0235880281060625e-09
x,10.436195475560215,7.025724933200483e-09
x,10.442444694407856,1.0754235266605367e-08
x,10.448693913255497,6.202897320867855e-09
x,10.454943132103137,6.199519003000792e-09
x,10.461192350950778,5.629049707731599e-09
x,10.467441569798419,5.044363048561315e-09
x,10.47369078864606,2.9552424900119113e-09
x,10.4799400074937,3.777061364869601e-09
x,10.486189226341342,1.0859856685246933e-08
x,10.492438445188982,1.3263049214968983e-08
x,10.498687664036623,5.027395528434331e-08
x,10.504936882884264,3.7704377143496244e-08
x,10.511186101731905,7.954259611942124e-09
x,10.517435320579546,2.2485166693867017e-09
x,10.523684539427187,2.2829839236004163e-08
x,10.529933758274828,6.930845419857185e-08
x,10.536182977122468,3.5958606807116716e-08
x,10.54243219597011,9.212789398562216e-09
x,10.54868141481775,7.466319807851557e-10
x,10.554930633665391,6.234631248183705e-09
x,10.561179852513032,7.737881852500437e-08
x,10.567429071360673,3.294225663607691e-08
x,10.573678290208314,7.086701792242562e-08
x,10.579927509055954,1.0775755745138752e-07
x,10.586176727903595,1.9353171244801385e-08
x,10.592425946751236,2.7021010916585077e-08
x,10.598675165598877,3.2243860570885095e-08
x,10.604924384446518,2.1940441759474955e-08
x,10.611173603294159,9.974717498295292e-08
x,10.6174228221418,2.7758199568446605e-07
x,10.62367204098944,1.1720220601989201e-07
x,10.629921259837081,1.9320055464529697e-07
x,10.636170478684722,8.292580378186297e-08
x,10.642419697532363,1.171369540043638e-07
x,10.648668916380004,2.3681945833581647e-09
x,10.654918135227645,1.2563635025541206e-07
x,10.661167354075285,3.045782949169422e-07
x,10.667416572922926,2.2208726103758305e-07
x,10.673665791770567,8.405877916834149e-07
x,10.679915010618208,4.7643615889107033e-07
x,10.686164229465849,2.800024774304384e-07
x,10.69241344831349,1.7876619779905703e-07
x,10.69866266716113,2.04537603060419e-07
x,10.704911886008771,7.778077902908733e-07
x,10.711161104856412,3.2339916289378596e-07
x,10.717410323704053,3.6351629225996435e-08
x,10.723659542551694,1.291757022961542e-07
x,10.729908761399335,9.560891579759181e-08
x,10.736157980246976,6.000084018031586e-07
x,10.742407199094616,9.274924600069114e-08
x,10.748656417942257,4.3232599223492737e-07
x,10.754905636789898,5.891562641799706e-07
x,10.761154855637539,6.447132228780332e-07
x,10.76740407448518,9.176457812013367e-07
x,10.77365329333282,1.527821420270551e-06
x,10.779902512180461,1.060759290130888e-06
x,10.786151731028102,8.50443483339861e-08
x,10.792400949875743,2.1660952655106559e-07
x,10.798650168723384,3.491547376057204e-07
x,10.804899387571025,2.056725517319944e-07
x,10.811148606418666,4.5065767622800875e-07
x,10.817397825266307,7.63394447492171e-08
x,10.823647044113947,5.460832316053267e-07
x,10.829896262961588,1.2824980774244517e-06
x,10.836145481809229,3.191478793234978e-07
x,10.84239470065687,2.439319618782159e-07
x,10.84864391950451,5.861578713690144e-07
x,10.854893138352152,1.0400655826223063e-06
x,10.861142357199792,8.681911269388107e-07
x,10.867391576047433,9.994379482290796e-08
x,10.873640794895074,2.488258309218602e-07
x,10.879890013742715,4.9754482992490446e-08
x,10.886139232590356,1.401086779868373e-08
x,10.892388451437997,9.176703730377486e-08
x,10.898637670285638,1.021711880815621e-08
x,10.904886889133278,1.8525289527356847e-07
x,10.91113610798092,1.7274472414453657e-07
x,10.91738532682856,2.874431760546109e-07
x,10.923634545676201,4.610595849735527e-08
x,10.929883764523842,5.684967822149581e-08
x,10.936132983371483,1.2965181028832062e-07
x,10.942382202219123,9.633848674737137e-08
x,10.948631421066764,1.2613641788443463e-08
x,10.954880639914405,3.196469148141578e-08
x,10.961129858762046,2.792625423634821e-09
x,10.967379077609687,1.0435853088562033e-07
x,10.973628296457328,9.712512152309134e-08
x,10.979877515304969,3.784521667447855e-08
x,10.98612673415261,1.087671986669976e-08
x,10.99237595300025,1.0457014967920965e-08
x,10.998625171847891,3.3482304234774973e-08
x,11.004874390695532,6.072931071257684e-08
x,11.011123609543173,3.244900979098035e-08
x,11.017372828390814,1.4994316327323753e-08
x,11.023622047238455,2.5235910978044545e-08
x,11.029871266086095,1.0499755896929021e-07
x,11.036120484933736,1.34770536433117e-07
x,11.042369703781377,1.8018677572203334e-08
x,11.048618922629018,5.354675597394394e-09
x,11.054868141476659,5.18000448747568e-09
x,11.0611173603243,1.4095032187868543e-08
x,11.06736657917194,3.542479821936288e-08
x,11.073615798019581,4.298824140857677e-08
x,11.079865016867222,1.655180779375316e-08
x,11.086114235714863,9.896238407617782e-09
x,11.092363454562504,2.0074641365851358e-08
x,11.098612673410145,2.3666359559553042e-08
x,11.104861892257786,1.1596607910710796e-08
x,11.111111111105426,1.9145519014835518e-08
x,11.117360329953067,1.9408898146285296e-08
x,11.123609548800708,7.220288079385353e-10
x,11.129858767648349,9.133707253432106e-09
x,11.13610798649599,3.1169950361621074e-08
x,11.14235720534363,4.179923528586351e-09
x,11.148606424191271,3.729236587112125e-08
x,11.154855643038912,8.624965815925318e-08
x,11.161104861886553,9.692930454785678e-08
x,11.167354080734194,1.7335865200466974e-07
x,11.173603299581835,1.6263143037413596e-07
x,11.179852518429476,1.699482336538382e-07
x,11.186101737277117,3.7571981842756845e-08
x,11.192350956124757,1.2622472095617032e-08
x,11.198600174972398,3.526209695050487e-08
x,11.204849393820039,8.984946035837934e-08
x,11.21109861266768,2.695508585903667e-08
x,11.21734783151532,4.665141828559907e-08
x,11.223597050362962,3.045188492178645e-08
x,11.229846269210602,7.936254247969331e-09
x,11.236095488058243,2.2744451385661674e-08
x,11.242344706905884,1.0199345279418266e-07
x,11.248593925753525,1.2465103064470385e-07
x,11.254843144601166,3.931867708009293e-08
x,11.261092363448807,1.5443160221717894e-08
x,11.267341582296448,9.872102048441174e-09
x,11.273590801144088,1.538674629869545e-07
x,11.27984001999173,1.375596782043111e-07
x,11.28608923883937,3.094498033723768e-08
x,11.292338457687011,2.393200184245059e-08
x,11.298587676534652,2.5131244818580423e-08
x,11.304836895382293,3.649226796723752e-08
x,11.311086114229933,4.009226574490556e-08
x,11.317335333077574,3.3834576235889744e-08
x,11.323584551925215,7.699310664107197e-10
x,11.329833770772856,1.8234751722944544e-08
x,11.336082989620497,7.79375601712367e-09
x,11.342332208468138,9.61327848794423e-08
x,11.348581427315779,4.010562664244839e-08
x,11.35483064616342,2.4133519501581265e-08
x,11.36107986501106,9.692111385893089e-09
x,11.367329083858701,3.41235294298474e-09
x,11.373578302706342,1.4797159819529782e-08
x,11.379827521553983,1.3506135780585595e-08
x,11.386076740401624,2.589441702135714e-10
x,11.392325959249264,1.2151982218145233e-07
x,11.398575178096905,1.8185563077389106e-07
x,11.404824396944546,6.842004472811757e-08
x,11.411073615792187,3.3237255373159975e-08
x,11.417322834639828,6.011582857950493e-08
x,11.423572053487469,1.507489156195138e-07
x,11.42982127233511,1.5265779809354393e-07
x,11.43607049118275,8.166265319084855e-08
x,11.442319710030391,9.562037283628417e-08
x,11.448568928878032,3.5148187459910915e-07
x,11.454818147725673,2.3097538051428735e-08
x,11.461067366573314,2.0500263322440512e-07
x,11.467316585420955,1.4257498103701828e-07
x,11.473565804268596,2.0962249219975925e-08
x,11.479815023116236,4.422597681902288e-08
x,11.486064241963877,3.5106078257426444e-08
x,11.492313460811518,6.742621565656023e-09
x,11.498562679659159,9.81730567767815e-08
x,11.5048118985068,1.6995555519247243e-07
x,11.51106111735444,9.557625327583e-08
x,11.517310336202081,1.2433139892987551e-07
x,11.523559555049722,4.3542092255324195e-08
x,11.529808773897363,3.9267010968019587e-08
x,11.536057992745004,1.9168334495796085e-08
x,11.542307211592645,4.248120939547387e-09
x,11.548556430440286,3.400167853193512e-08
x,11.554805649287927,1.487002231179232e-07
x,11.561054868135567,9.184718613219887e-08
x,11.567304086983208,2.828241721733497e-08
x,11.573553305830849,1.8836712013866772e-08
x,11.57980252467849,1.5374505319865888e-09
x,11.58605174352613,3.148105917588673e-08
x,11.592300962373772,6.245641820707221e-08
x,11.598550181221412,1.08438516337781e-07
x,11.604799400069053,4.923238013333023e-08
x,11.611048618916694,1.6116805340826089e-09
x,11.617297837764335,2.5584135112841255e-08
x,11.623547056611976,2.258004502260295e-08
x,11.629796275459617,1.463627469453242e-08
x,11.636045494307258,5.2846722572160136e-08
x,11.642294713154898,4.390966667309607e-08
x,11.64854393200254,1.9933920016646103e-08
x,11.65479315085018,2.0405235752460744e-08
x,11.661042369697821,1.857778501613022e-08
x,11.667291588545462,1.5434305461375203e-08
x,11.673540807393103,5.933233929771727e-09
x,11.679790026240743,5.7080482876251094e-09
x,11.686039245088384,9.845958714168139e-09
x,11.692288463936025,7.021533027765602e-09
x,11.698537682783666,2.9460926395751694e-08
x,11.704786901631307,1.168980869353016e-07
x,11.711036120478948,6.57018175774149e-08
x,11.717285339326589,4.578321380497119e-09
x,11.72353455817423,4.39825929317314e-08
x,11.72978377702187,1.9750114932871038e-07
x,11.736032995869511,5.446623766188159e-07
x,11.742282214717152,4.228537166764264e-06
x,11.748531433564793,4.114457250886277e-06
x,11.754780652412434,2.688498267191101e-07
x,11.761029871260074,1.4801489518722957e-07
x,11.767279090107715,2.05146865968939e-08
x,11.773528308955356,1.3302269547533953e-08
x,11.779777527802997,1.187398019082471e-08
x,11.786026746650638,1.0434287331806286e-08
x,11.792275965498279,6.2189517318743854e-09
x,11.79852518434592,7.765105313586279e-09
x,11.80477440319356,2.279419793804043e-09
x,11.811023622041201,4.698263779533525e-10
x,11.817272840888842,2.5423643846441013e-09
x,11.823522059736483,9.882221844059235e-10
x,11.829771278584124,6.008989520674978e-10
x,11.836020497431765,2.3462796102665916e-09
x,11.842269716279406,1.3933429713693357e-09
x,11.848518935127046,2.1654578822702755e-09
x,11.854768153974687,1.6579404718565502e-09
x,11.861017372822328,1.8580846652435582e-10
x,11.867266591669969,3.824670144161225e-10
x,11.87351581051761,5.92430882012646e-10
x,11.87976502936525,1.3060904255893996e-09
x,11.886014248212891,2.100327550967739e-09
x,11.892263467060532,2.7942269879615e-09
x,11.898512685908173,1.5274821329724923e-09
x,11.904761904755814,5.0770165996688403e-11
x,11.911011123603455,1.1149713815790965e-09
x,11.917260342451096,2.6502357675787444e-09
x,11.923509561298737,3.752262907143902e-09
x,11.929758780146377,3.1041296712218182e-09
x,11.936007998994018,3.1607356935611453e-09
x,11.942257217841659,6.541655422344207e-10
x,11.9485064366893,1.8444051244536707e-09
x,11.95475565553694,1.1624740852013568e-09
x,11.961004874384582,1.3379724396145322e-09
x,11.967254093232222,1.7833362380084185e-09
x,11.973503312079863,5.40503335543726e-09
x,11.979752530927504,7.59220328526847e-09
x,11.986001749775145,7.342785712605744e-09
x,11.992250968622786,3.6863943174132254e-09
x,11.998500187470427,2.461698924649402e-09
x,12.004749406318068,2.277858104579391e-09
x,12.010998625165708,8.520102215253222e-10
x,12.01724784401335,5.843554000451323e-09
x,12.02349706286099,7.1882248857698805e-09
x,12.029746281708631,1.4179377623535763e-09
x,12.035995500556272,7.507219517001312e-09
x,12.042244719403913,2.5325162108120588e-08
x,12.048493938251553,8.045405954715492e-09
x,12.054743157099194,2.2444161164393697e-09
x,12.060992375946835,3.760668851823969e-09
x,12.067241594794476,9.201351679878667e-09
x,12.073490813642117,9.074362016901027e-09
x,12.079740032489758,3.3509777906324824e-09
x,12.085989251337399,3.6058675356065674e-09
x,12.09223847018504,6.813016146830522e-09
x,12.09848768903268,6.425956986583833e-09
x,12.104736907880321,1.0613272160835626e-09
x,12.110986126727962,2.2465516672747654e-10
x,12.117235345575603,1.248787452483806e-09
x,12.123484564423244,5.866286494068084e-10
x,12.129733783270884,1.5344061216661454e-09
x,12.135983002118525,1.501959873089811e-09
x,12.142232220966166,2.079785880955404e-09
x,12.148481439813807,3.3727265020970756e-09
x,12.154730658661448,1.190156040555857e-09
x,12.160979877509089,6.188220905104018e-09
x,12.16722909635673,2.604664692784003e-09
x,12.17347831520437,5.592211362580767e-10
x,12.179727534052011,1.2017086937455203e-09
x,12.185976752899652,1.6203811582662374e-09
x,12.192225971747293,1.1925418843299152e-09
x,12.198475190594934,3.3638560060500497e-10
x,12.204724409442575,4.2781082014527755e-10
x,12.210973628290215,4.336800995647171e-09
x,12.217222847137856,3.937243573403778e-09
x,12.223472065985497,5.773405698163109e-10
x,12.229721284833138,3.1755671458410533e-09
x,12.235970503680779,9.254118159779583e-09
x,12.24221972252842,1.198951134686271e-08
x,12.24846894137606,4.273284239413585e-09
x,12.254718160223701,1.497166104298844e-09
x,12.260967379071342,3.4878291207004534e-09
x,12.267216597918983,1.0438205207139652e-08
x,12.273465816766624,6.711287025036003e-11
x,12.279715035614265,5.186159243332218e-09
x,12.285964254461906,1.1184082425920408e-08
x,12.292213473309547,3.94330223526056e-09
x,12.298462692157187,5.787531852338628e-09
x,12.304711911004828,4.054738191415161e-09
x,12.310961129852469,1.1929688155481057e-08
x,12.31721034870011,2.525217662816952e-08
x,12.32345956754775,1.7601556082154617e-08
x,12.329708786395392,1.3588709393571106e-09
x,12.335958005243032,4.075450719234727e-09
x,12.342207224090673,2.4561060599406386e-09
x,12.348456442938314,5.818595487058396e-11
x,12.354705661785955,1.1263248871702273e-09
x,12.360954880633596,5.402181184677572e-10
x,12.367204099481237,6.060191706632724e-11
x,12.373453318328878,1.3623490422662212e-09
x,12.379702537176518,1.8063835942082822e-09
x,12.38595175602416,9.905423610875948e-10
x,12.3922009748718,1.5098236824769066e-09
x,12.398450193719441,3.0128642508140876e-09
x,12.404699412567082,1.8047490100257292e-09
x,12.410948631414723,1.3319522289719588e-09
x,12.417197850262363,1.1372166745015235e-09
x,12.423447069110004,1.0388110010962014e-09
x,12.429696287957645,6.937891432289843e-10
x,12.435945506805286,6.897310543493142e-10
x,12.442194725652927,2.8294975101112695e-09
x,12.448443944500568,2.2788348076982304e-09
x,12.454693163348209,9.128938850809232e-09
x,12.46094238219585,1.0499678768595003e-08
x,12.46719160104349,3.128755753021728e-09
x,12.473440819891131,1.3023950489555846e-09
x,12.479690038738772,2.0887557748947413e-09
x,12.485939257586413,1.6826640065539168e-08
x,12.492188476434054,1.196369644193916e-08
x,12.498437695281694,3.787863234558088e-09
x,12.504686914129335,4.159464192111754e-10
x,12.510936132976976,4.574663793859051e-10
x,12.517185351824617,1.145902084146238e-08
x,12.523434570672258,1.2930605985392727e-08
x,12.529683789519899,7.88147352011185e-09
x,12.53593300836754,3.0663156690399e-08
x,12.54218222721518,7.88244472209526e-09
x,12.548431446062821,2.8404924499671203e-09
x,12.554680664910462,8.620307050334068e-09
x,12.560929883758103,3.0309211893165865e-09
x,12.567179102605744,1.632116705293689e-08
x,12.573428321453385,5.450420091969069e-08
x,12.579677540301025,3.5647638542626e-08
x,12.585926759148666,3.901072939844102e-08
x,12.592175977996307,2.6428700870565834e-08
x,12.598425196843948,2.6053341519334053e-08
x,12.604674415691589,1.5721809196039958e-09
x,12.61092363453923,1.7890591454608634e-08
x,12.61717285338687,7.103773044777025e-08
x,12.623422072234511,3.6903555819803046e-08
x,12.629671291082152,1.5130112244252038e-07
x,12.635920509929793,1.2548091247974271e-07
x,12.642169728777434,5.921451500216405e-08
x,12.648418947625075,4.888149869087216e-08
x,12.654668166472716,2.2898434555021492e-08
x,12.660917385320356,1.5216625292406731e-07
x,12.667166604167997,1.014570974984373e-07
x,12.673415823015638,1.785948953777487e-08
x,12.679665041863279,2.3030856823061968e-08
x,12.68591426071092,3.755374132551736e-09
x,12.69216347955856,1.2234443756081082e-07
x,12.698412698406202,2.62435205669884e-08
x,12.704661917253842,8.680390913895532e-08
x,12.710911136101483,1.1382964446447016e-07
x,12.717160354949124,1.156492302050277e-07
x,12.723409573796765,1.6266420451292287e-07
x,12.729658792644406,2.9686906372298013e-07
x,12.735908011492047,3.0618526573993775e-07
x,12.742157230339688,3.9318383493887284e-08
x,12.748406449187328,3.9873481929654295e-08
x,12.75465566803497,7.354203644868863e-08
x,12.76090488688261,2.7780024744316103e-08
x,12.767154105730251,1.0714537481207938e-07
x,12.773403324577892,3.811755638698962e-08
x,12.779652543425533,6.342049321176355e-08
x,12.785901762273173,2.9144874562011894e-07
x,12.792150981120814,1.371553974300028e-07
x,12.798400199968455,3.2386727258163294e-08
x,12.804649418816096,1.030939743479374e-07
x,12.810898637663737,2.0994932706943504e-07
x,12.817147856511378,2.0709646555354078e-07
x,12.823397075359019,3.991390750066841e-08
x,12.82964629420666,4.7031768660112766e-08
x,12.8358955130543,2.2453572373936005e-08
x,12.842144731901941,3.056120245320015e-10
x,12.848393950749582,1.5488535776803544e-08
x,12.854643169597223,2.6207683816592545e-09
x,12.860892388444864,2.8984650250719706e-08
x,12.867141607292504,3.9491735281057164e-08
x,12.873390826140145,5.13048797307753e-08
x,12.879640044987786,2.2583580424274886e-08
x,12.885889263835427,8.780389478689268e-09
x,12.892138482683068,2.5542171077510625e-08
x,12.898387701530709,2.4886480165026257e-08
x,12.90463692037835,4.4646838644031715e-09
x,12.91088613922599,4.517938986769637e-09
x,12.917135358073631,2.298986464095313e-09
x,12.923384576921272,1.2064978880344709e-08
x,12.929633795768913,2.320949307556001e-08
x,12.935883014616554,8.993006788634906e-09
x,12.942132233464195,4.7053219384235914e-09
x,12.948381452311835,1.9890337795293934e-09
x,12.954630671159476,5.90736448357929e-09
x,12.960879890007117,1.1647829221567234e-08
x,12.967129108854758,9.2198648666601e-09
x,12.973378327702399,4.935658724327606e-09
x,12.97962754655004,5.352573765142899e-09
x,12.98587676539768,1.4070515444710325e-08
x,12.992125984245321,3.016355531907625e-08
x,12.998375203092962,7.703482476526025e-09
x,13.004624421940603,1.6181080239108657e-09
x,13.010873640788244,1.883928782709695e-09
x,13.017122859635885,2.109150505797397e-09
x,13.023372078483526,6.203315106479336e-09
x,13.029621297331166,1.0462816538137763e-08
x,13.035870516178807,4.539833106064892e-09
x,13.042119735026448,1.8443050458395207e-09
x,13.048368953874089,3.6989127280217607e-09
x,13.05461817272173,5.448483892842218e-09
x,13.06086739156937,3.4755252513494736e-09
x,13.067116610417012,3.3465546105118894e-09
x,13.073365829264652,5.44610724514871e-09
x,13.079615048112293,1.5225513069041314e-10
x,13.085864266959934,1.357067558505532e-09
x,13.092113485807575,5.371458059855353e-09
x,13.098362704655216,2.75995504562104e-09
x,13.104611923502857,3.6391894197641522e-09
x,13.110861142350497,1.77686618754116e-08
x,13.117110361198138,1.8159025956857957e-08
x,13.12335958004578,3.205870776549299e-08
x,13.12960879889342,3.162572991375282e-08
x,13.13585801774106,3.461903574667271e-08
x,13.142107236588702,1.5795793583739785e-08
x,13.148356455436343,3.501848931653132e-09
x,13.154605674283983,2.0273738246393573e-09
x,13.160854893131624,2.1806809235227058e-08
x,13.167104111979265,3.4388159654874936e-09
x,13.173353330826906,1.3484301185399018e-08
x,13.179602549674547,3.6234422844763304e-09
x,13.185851768522188,4.135388649057555e-09
x,13.192100987369829,2.0260828789328085e-09
x,13.19835020621747,1.6625414767094337e-08
x,13.20459942506511,2.8794059599778152e-08
x,13.210848643912751,1.0214762614727811e-08
x,13.217097862760392,4.015777893370401e-09
x,13.223347081608033,3.9593715988318146e-10
x,13.229596300455674,2.7300061399455883e-08
x,13.235845519303314,3.9407685261233425e-08
x,13.242094738150955,1.0886414491588176e-08
x,13.248343956998596,6.917925217447221e-09
x,13.254593175846237,6.287311485035135e-09
x,13.260842394693878,7.745919060016775e-09
x,13.267091613541519,8.648062443135451e-09
x,13.27334083238916,8.671590505258104e-09
x,13.2795900512368,1.8945574881844187e-09
x,13.285839270084441,3.67861693541425e-09
x,13.292088488932082,3.7474427636395606e-10
x,13.298337707779723,1.8885625119067803e-08
x,13.304586926627364,1.2502252443437017e-08
x,13.310836145475005,5.678085127670671e-09
x,13.317085364322645,3.5406356051094857e-09
x,13.323334583170286,4.992257191576206e-10
x,13.329583802017927,2.902481995351148e-09
x,13.335833020865568,2.591073133837495e-09
x,13.342082239713209,1.2242467459063038e-09
x,13.34833145856085,1.7460765905379387e-08
x,13.35458067740849,4.920241947361543e-08
x,13.360829896256131,2.4575075139299697e-08
x,13.367079115103772,7.816056399509667e-09
x,13.373328333951413,1.1915766689672995e-08
x,13.379577552799054,3.1543822073743956e-08
x,13.385826771646695,4.1137006201786166e-08
x,13.392075990494336,2.994751666409898e-08
x,13.398325209341976,9.495944733437752e-09
x,13.404574428189617,8.088601951566277e-08
x,13.410823647037258,2.3945085229857257e-08
x,13.417072865884899,3.5476961218836585e-08
x,13.42332208473254,4.908338711791076e-08
x,13.42957130358018,7.380176599058181e-09
x,13.435820522427822,7.633231279779241e-09
x,13.442069741275462,1.2315445268121984e-08
x,13.448318960123103,5.401804400801471e-09
x,13.454568178970744,1.0622755870961211e-08
x,13.460817397818385,5.174514691542981e-08
x,13.467066616666026,2.207637713103918e-08
x,13.473315835513667,3.5155616583394e-08
x,13.479565054361307,1.5472792661464948e-08
x,13.485814273208948,9.26217077749737e-09
x,13.49206349205659,6.5558229744084115e-09
x,13.49831271090423,1.3369368874858901e-09
x,13.50456192975187,4.623908715764171e-09
x,13.510811148599512,3.286832139166206e-08
x,13.517060367447153,3.1322514244490004e-08
x,13.523309586294793,7.576558802992904e-09
x,13.529558805142434,4.180748984753625e-09
x,13.535808023990075,7.109873870296807e-10
x,13.542057242837716,6.04017289312372e-09
x,13.548306461685357,1.4517366970271365e-08
x,13.554555680532998,2.6377659777022538e-08
x,13.560804899380638,1.9648213427557277e-08
x,13.56705411822828,7.496536288738469e-10
x,13.57330333707592,3.3190035326274164e-09
x,13.579552555923561,7.623471952950355e-09
x,13.585801774771202,3.249907435237055e-09
x,13.592050993618843,9.580812463400748e-09
x,13.598300212466484,1.2273690986606234e-08
x,13.604549431314124,5.751534216206569e-09
x,13.610798650161765,4.4702037849316024e-09
x,13.617047869009406,3.4431496648709856e-09
x,13.623297087857047,4.6318352457716125e-09
x,13.629546306704688,1.4791754231262106e-09
x,13.635795525552329,5.393006756884768e-10
x,13.64204474439997,2.8718470969215544e-09
x,13.64829396324761,1.2096705885661576e-09
x,13.654543182095251,3.3908069377107646e-09
x,13.660792400942892,1.9733868705900732e-08
x,13.667041619790533,2.0924896327405068e-08
x,13.673290838638174,2.571836614450877e-10
x,13.679540057485815,4.400981747553385e-09
x,13.685789276333455,2.7233008613257904e-08
x,13.692038495181096,7.096918405979977e-08
x,13.698287714028737,3.5991542391518546e-07
x,13.704536932876378,6.650727580435316e-07
x,13.710786151724019,8.933494449082613e-08
x,13.71703537057166,2.4929171808333235e-08
x,13.7232845894193,6.730471802172169e-09
x,13.729533808266941,1.6923823075530236e-09
x,13.735783027114582,1.8084299806505836e-09
x,13.742032245962223,1.5321688180863805e-09
x,13.748281464809864,9.865061019975489e-10
x,13.754530683657505,1.8365505024094867e-09
x,13.760779902505146,9.606870462447864e-10
x,13.767029121352786,1.0250620836646996e-10
x,13.773278340200427,5.714678579531408e-10
x,13.779527559048068,4.2156023150708506e-10
x,13.785776777895709,1.3621739752036832e-10
x,13.79202599674335,6.737846010821101e-10
x,13.79827521559099,6.442396278537732e-10
x,13.804524434438632,6.563089068279506e-10
x,13.810773653286272,9.379312583008994e-10
x,13.817022872133913,4.2817298232584245e-11
x,13.823272090981554,1.1731898607486128e-10
x,13.829521309829195,2.0376483321556466e-10
x,13.835770528676836,5.270172780376357e-10
x,13.842019747524477,7.424970352200682e-10
x,13.848268966372117,1.093557247764068e-09
x,13.854518185219758,7.202334585189842e-10
x,13.8607674040674,7.714061726448257e-11
x,13.86701662291504,3.25048023428771e-10
x,13.87326584176268,9.826033356176156e-10
x,13.879515060610322,1.4673522191372695e-09
x,13.885764279457963,1.2917335602766983e-09
x,13.892013498305603,1.123852050510562e-09
x,13.898262717153244,4.3712823671185975e-10
x,13.904511936000885,5.301132180511835e-10
x,13.910761154848526,6.710122768622853e-10
x,13.917010373696167,3.5935334229776944e-10
x,13.923259592543808,6.179556210608896e-10
x,13.929508811391448,1.6126240252259336e-09
x,13.93575803023909,3.0694499693481255e-09
x,13.94200724908673,2.6721721043438275e-09
x,13.948256467934371,1.7635432943006852e-09
x,13.954505686782012,6.873077662103039e-10
x,13.960754905629653,1.569007970015599e-09
x,13.967004124477294,6.83976072000504e-11
x,13.973253343324934,1.5823388427740182e-09
x,13.979502562172575,2.8467302024639976e-09
x,13.985751781020216,6.83834991977708e-10
x,13.992000999867857,1.880274378705704e-09
x,13.998250218715498,7.911361388561602e-09
x,14.004499437563139,5.25364600975837e-09
x,14.01074865641078,4.090142882814597e-10
x,14.01699787525842,1.3330395544925135e-09
x,14.023247094106061,2.746092524878572e-09
x,14.029496312953702,4.16705351552275e-09
x,14.035745531801343,1.6499739529268153e-09
x,14.041994750648984,1.1220206213458465e-09
x,14.048243969496625,2.0740082835967212e-09
x,14.054493188344265,2.58683015650044e-09
x,14.060742407191906,7.927677645084303e-10
x,14.066991626039547,3.086355758244975e-12
x,14.073240844887188,4.800150540074545e-10
x,14.079490063734829,1.7975723229230504e-10
x,14.08573928258247,5.292089778522049e-10
x,14.09198850143011,5.802749387759713e-10
x,14.098237720277751,6.414816768897175e-10
x,14.104486939125392,1.0888225750532195e-09
x,14.110736157973033,3.7528453665592693e-10
x,14.116985376820674,2.2020223909812177e-09
x,14.123234595668315,1.6983678829465076e-09
x,14.129483814515956,2.2225391137674473e-10
x,14.135733033363596,2.801154878205625e-10
x,14.141982252211237,5.298514180188628e-10
x,14.148231471058878,4.922376449359384e-10
x,14.154480689906519,1.8155185355877398e-10
x,14.16072990875416,1.2449259490804813e-10
x,14.1669791276018,9.491288231938998e-10
x,14.173228346449442,1.829754425052957e-09
x,14.179477565297082,2.0022352435338293e-10
x,14.185726784144723,9.824876005935644e-10
x,14.191976002992364,2.6410138923523924e-09
x,14.198225221840005,4.750671998169476e-09
x,14.204474440687646,1.916732779113548e-09
x,14.210723659535287,6.951853827548983e-10
x,14.216972878382927,5.505745356464228e-10
x,14.223222097230568,4.152564073286886e-09
x,14.22947131607821,3.924185187128741e-10
x,14.23572053492585,1.861509202972905e-09
x,14.24196975377349,3.4047751325205843e-09
x,14.248218972621132,2.435247852953749e-09
x,14.254468191468773,1.5252733245965092e-09
x,14.260717410316413,2.3378262543151382e-09
x,14.266966629164054,2.6827912333901595e-09
x,14.273215848011695,7.578522732570635e-09
x,14.279465066859336,7.59291251421412e-09
x,14.285714285706977,8.630371144679816e-10
x,14.291963504554618,1.0020118352239107e-09
x,14.298212723402258,1.133116394759707e-09
x,14.3044619422499,1.5689598317169982e-11
x,14.31071116109754,2.647031476918606e-10
x,14.316960379945181,2.41139637864429e-10
x,14.323209598792822,8.095870645922225e-11
x,14.329458817640463,2.0946469487322567e-10
x,14.335708036488104,5.951284561250657e-10
x,14.341957255335744,3.96049140207449e-10
x,14.348206474183385,3.6929404938865694e-10
x,14.354455693031026,8.621612007775746e-10
x,14.360704911878667,6.25008996319764e-10
x,14.366954130726308,3.282875348614898e-10
x,14.373203349573949,2.5725192788304725e-10
x,14.37945256842159,2.419200252782241e-10
x,14.38570178726923,1.6318411122245032e-10
x,14.391951006116871,1.4898199386202169e-10
x,14.398200224964512,6.217890275767835e-10
x,14.404449443812153,6.847634430922305e-10
x,14.410698662659794,1.5221320215168986e-09
x,14.416947881507435,2.7554550313526673e-09
x,14.423197100355075,1.1804099957576316e-09
x,14.429446319202716,4.939682779393265e-10
x,14.435695538050357,6.90169157290684e-11
x,14.441944756897998,3.615465165632414e-09
x,14.448193975745639,3.814951784731439e-09
x,14.45444319459328,1.4906115121332357e-09
x,14.46069241344092,2.09056689886357e-10
x,14.466941632288561,6.260558645101407e-11
x,14.473190851136202,1.394567780704548e-09
x,14.479440069983843,3.772026287152255e-09
x,14.485689288831484,4.469659565883675e-10
x,14.491938507679125,7.329668116425684e-09
x,14.498187726526766,3.2520701944409186e-09
x,14.504436945374406,3.840494195580543e-10
x,14.510686164222047,1.610946321382182e-09
x,14.516935383069688,6.343258273889288e-10
x,14.523184601917329,3.1554251013776203e-09
x,14.52943382076497,8.96505969394346e-09
x,14.53568303961261,1.062814870611057e-08
x,14.541932258460252,6.644455164302112e-09
x,14.548181477307892,8.557112172798364e-09
x,14.554430696155533,4.621804339254524e-09
x,14.560679915003174,1.5623209965744843e-09
x,14.566929133850815,2.150166644030143e-09
x,14.573178352698456,1.345509730591237e-08
x,14.579427571546097,1.0304428971804313e-08
x,14.585676790393737,2.186881614495498e-08
x,14.591926009241378,3.0495154392472483e-08
x,14.59817522808902,1.3037642122432403e-08
x,14.60442444693666,1.0885444170699146e-08
x,14.6106736657843,4.226607062166727e-09
x,14.616922884631942,2.4665817425411e-08
x,14.623172103479583,2.6696285252368617e-08
x,14.629421322327223,7.510572729764494e-09
x,14.635670541174864,3.237084384564631e-09
x,14.641919760022505,1.468172972966273e-09
x,14.648168978870146,1.8183453363369227e-08
x,14.654418197717787,9.651982254443637e-09
x,14.660667416565428,1.4750480769226887e-08
x,14.666916635413068,2.2911641926756593e-08
x,14.67316585426071,1.9926554376333473e-08
x,14.67941507310835,2.6273023046993597e-08
x,14.685664291955991,5.1210084267138985e-08
x,14.691913510803632,7.27488330883501e-08
x,14.698162729651273,1.7435373083474124e-08
x,14.704411948498914,9.00214265690835e-09
x,14.710661167346554,1.2442480213774816e-08
x,14.716910386194195,4.462502506747668e-09
x,14.723159605041836,2.0444178743460457e-08
x,14.729408823889477,1.372440377314723e-08
x,14.735658042737118,5.619035093363771e-09
x,14.741907261584759,5.453277050686557e-08
x,14.7481564804324,4.47471081765806e-08
x,14.75440569928004,6.276794231364565e-09
x,14.760654918127681,1.598871220133423e-08
x,14.766904136975322,3.87138334508764e-08
x,14.773153355822963,4.4198510200360185e-08
x,14.779402574670604,1.4093753668867004e-08
x,14.785651793518245,6.82673042412126e-09
x,14.791901012365885,7.4319132018865645e-09
x,14.798150231213526,1.5027028519907378e-10
x,14.804399450061167,1.880879008679228e-09
x,14.810648668908808,1.1948547013426789e-09
x,14.816897887756449,3.194591171271807e-09
x,14.82314710660409,8.989877142729949e-09
x,14.82939632545173,7.555057588583383e-09
x,14.835645544299371,7.165971994836804e-09
x,14.841894763147012,1.0092403066630978e-09
x,14.848143981994653,4.861906268813533e-09
x,14.854393200842294,5.358870652020006e-09
x,14.860642419689935,1.6142346416645187e-09
x,14.866891638537576,5.264826352033841e-10
x,14.873140857385216,8.597333002337043e-10
x,14.879390076232857,8.460089615300921e-10
x,14.885639295080498,4.4511981490647564e-09
x,14.891888513928139,1.9240277147217806e-09
x,14.89813773277578,1.4217491769528036e-09
x,14.90438695162342,4.6054883835830816e-10
x,14.910636170471061,1.0856124466190855e-09
x,14.916885389318702,1.958507729932085e-09
x,14.923134608166343,2.112471884353119e-09
x,14.929383827013984,1.3974272604527085e-09
x,14.935633045861625,1.3516525302400547e-09
x,14.941882264709266,1.6879212489185752e-09
x,14.948131483556907,5.269979598522968e-09
x,14.954380702404547,2.409998671220738e-09
x,14.960629921252188,4.963372143823584e-10
x,14.96687914009983,5.352398462142323e-10
x,14.97312835894747,4.2330268220132347e-10
x,14.97937757779511,9.277715257650805e-10
x,14.985626796642752,2.171401165408274e-09
x,14.991876015490393,1.3030834037467992e-09
x,14.998125234338033,3.309633570996808e-10
x,15.004374453185674,6.237372736528734e-10
x,15.010623672033315,1.074130435883447e-09
x,15.016872890880956,9.875184432654073e-10
x,15.023122109728597,6.182579960051077e-10
x,15.029371328576238,1.1488348054740509e-09
x,15.035620547423878,1.7637901928835214e-10
x,15.04186976627152,1.8399068501159268e-10
x,15.04811898511916,7.490864012179695e-10
x,15.054368203966801,8.588870905178998e-10
x,15.060617422814442,1.651677675301025e-10
x,15.066866641662083,2.9511447640061216e-09
x,15.073115860509724,3.361456612933635e-09
x,15.079365079357364,5.261304282094011e-09
x,15.085614298205005,5.8192566481344205e-09
x,15.091863517052646,5.93637949075469e-09
x,15.098112735900287,4.516931088109525e-09
x,15.104361954747928,8.620161921656668e-10
x,15.110611173595569,1.3151317322690343e-10
x,15.11686039244321,3.715105930104189e-09
x,15.12310961129085,1.141844724158289e-09
x,15.129358830138491,2.606504593520346e-09
x,15.135608048986132,5.737452155781659e-10
x,15.141857267833773,1.1064275001434965e-09
x,15.148106486681414,1.511880996180186e-10
x,15.154355705529055,2.2202520413078905e-09
x,15.160604924376695,5.687426154405835e-09
x,15.166854143224336,2.6034704209952138e-09
x,15.173103362071977,8.934709667205564e-10
x,15.179352580919618,1.2626321826389451e-11
x,15.185601799767259,3.942053447867641e-09
x,15.1918510186149,9.400468653052339e-09
x,15.19810023746254,3.557454849994501e-09
x,15.204349456310181,1.7938639048414805e-09
x,15.210598675157822,1.639430448710981e-09
x,15.216847894005463,1.6227471445171627e-09
x,15.223097112853104,1.7204467936175007e-09
x,15.229346331700745,1.8199763094349102e-09
x,15.235595550548386,9.979736056135025e-10
x,15.241844769396026,4.4045035384604054e-10
x,15.248093988243667,4.99300165928014e-10
x,15.254343207091308,2.7303104908241856e-09
x,15.260592425938949,3.4660494524300526e-09
x,15.26684164478659,1.2515829467878662e-09
x,15.27309086363423,1.1115169110598928e-09
x,15.279340082481871,9.94424963892809e-11
x,15.285589301329512,4.4547346229098493e-10
x,15.291838520177153,4.871004539824013e-10
x,15.298087739024794,6.768814343004773e-10
x,15.304336957872435,1.6503215655460883e-09
x,15.310586176720076,1.1113970738762627e-08
x,15.316835395567717,8.029507998960631e-09
x,15.323084614415357,2.191157185133032e-09
x,15.329333833262998,2.2360380808256836e-09
x,15.335583052110639,5.981265496059638e-09
x,15.34183227095828,1.0040487805603657e-08
x,15.34808148980592,8.511875767011222e-09
x,15.354330708653562,1.929274139255419e-09
x,15.360579927501202,1.4245785556109428e-08
x,15.366829146348843,1.1793912641254609e-08
x,15.373078365196484,3.674267715702765e-09
x,15.379327584044125,1.4992301162519255e-08
x,15.385576802891766,2.6462068567021386e-09
x,15.391826021739407,8.06504094601616e-10
x,15.398075240587048,3.679280850635954e-09
x,15.404324459434688,2.156578600334069e-09
x,15.41057367828233,4.644664848893245e-10
x,15.41682289712997,1.2384411560772148e-08
x,15.423072115977611,6.54953763977429e-09
x,15.429321334825252,8.26230200734971e-09
x,15.435570553672893,5.289185853107665e-09
x,15.441819772520534,2.193703463496243e-09
x,15.448068991368174,1.8594676755972764e-09
x,15.454318210215815,4.964098564518013e-10
x,15.460567429063456,5.904404977631445e-10
x,15.466816647911097,6.048109044365873e-09
x,15.473065866758738,9.409368832750011e-09
x,15.479315085606379,2.3907610932170653e-09
x,15.48556430445402,8.050514862130387e-10
x,15.49181352330166,2.6957185060654037e-10
x,15.498062742149301,1.021044791924683e-09
x,15.504311960996942,3.2354413990837202e-09
x,15.510561179844583,5.817535209401671e-09
x,15.516810398692224,6.390847974702179e-09
x,15.523059617539865,5.778257217736458e-10
x,15.529308836387505,3.164505323389123e-10
x,15.535558055235146,1.9886709234728242e-09
x,15.541807274082787,7.239826473002911e-10
x,15.548056492930428,1.6038882447010127e-09
x,15.554305711778069,2.977643947270294e-09
x,15.56055493062571,1.7055901814181297e-09
x,15.56680414947335,8.723350862248431e-10
x,15.573053368320991,6.173581880734706e-10
x,15.579302587168632,1.2108003898010263e-09
x,15.585551806016273,3.378400006399214e-10
x,15.591801024863914,3.089600865728201e-11
x,15.598050243711555,6.829176673843658e-10
x,15.604299462559196,2.689170636460162e-10
x,15.610548681406836,3.4433440143212767e-10
x,15.616797900254477,2.755356708135e-09
x,15.623047119102118,5.168638417432329e-09
x,15.629296337949759,1.6973077474052185e-10
x,15.6355455567974,8.840932906254269e-10
x,15.64179477564504,3.141438907813059e-09
x,15.648043994492681,1.000194790809636e-08
x,15.654293213340322,2.6122289937129367e-08
x,15.660542432187963,8.503736323380869e-08
x,15.666791651035604,2.3809790313726044e-08
x,15.673040869883245,3.3909247652925214e-09
x,15.679290088730886,1.6386255095596577e-09
x,15.685539307578527,2.379306985097251e-10
x,15.691788526426167,2.733515842904801e-10
x,15.698037745273808,2.3474221768382943e-10
x,15.704286964121449,1.9258981887903844e-10
x,15.71053618296909,4.1354909762180446e-10
x,15.71678540181673,4.3199734745853243e-10
x,15.723034620664372,4.227666007776031e-11
x,15.729283839512012,1.4583846559266423e-10
x,15.735533058359653,1.9325041465072045e-10
x,15.741782277207294,4.323415857081898e-11
x,15.748031496054935,1.8369225813507013e-10
x,15.754280714902576,2.8257990657405105e-10
x,15.760529933750217,2.0113019192091746e-10
x,15.766779152597858,3.960571905009236e-10
x,15.773028371445498,2.463617724208672e-11
x,15.77927759029314,5.1764222713303684e-11
x,15.78552680914078,6.072147958251671e-11
x,15.791776027988421,1.552318316011028e-10
x,15.798025246836062,2.4719071132361896e-10
x,15.804274465683703,3.5656608462267404e-10
x,15.810523684531343,2.861800151096717e-10
x,15.816772903378984,6.025172364699153e-11
x,15.823022122226625,6.647258162632462e-11
x,15.829271341074266,3.045419711295354e-10
x,15.835520559921907,4.60937268777175e-10
x,15.841769778769548,4.706042362078255e-10
x,15.848018997617189,3.343828765058433e-10
x,15.85426821646483,2.1216474247881187e-10
x,15.86051743531247,8.86643106886498e-11
x,15.866766654160111,3.1373172104603406e-10
x,15.873015873007752,7.971209973202225e-11
x,15.879265091855393,1.7872026075798703e-10
x,15.885514310703034,4.14663834860265e-10
x,15.891763529550675,9.888640851695442e-10
x,15.898012748398315,9.063602733372639e-10
x,15.904261967245956,6.385337615661589e-10
x,15.910511186093597,1.8207666204750649e-10
x,15.916760404941238,6.459798182742528e-10
x,15.923009623788879,6.725651043981301e-11
x,15.92925884263652,3.2894309722187535e-10
x,15.93550806148416,8.654591094326472e-10
x,15.941757280331801,3.343802061386705e-10
x,15.948006499179442,3.9772109817255453e-10
x,15.954255718027083,1.973556401213804e-09
x,15.960504936874724,2.232392231169628e-09
x,15.966754155722365,9.017834594344381e-11
x,15.973003374570006,4.830145660168047e-10
x,15.979252593417646,6.172778091717684e-10
x,15.985501812265287,1.4599139120223369e-09
x,15.991751031112928,7.822024827405602e-10
x,15.998000249960569,3.028008133837466e-10
x,16.00424946880821,5.357133615254534e-10
x,16.01049868765585,7.938188841296412e-10
x,16.01674790650349,3.923974391848866e-10
x,16.022997125351132,2.5216937723291384e-11
x,16.029246344198775,1.2598990690186637e-10
x,16.035495563046414,6.464325127332987e-11
x,16.041744781894053,1.4237895981404982e-10
x,16.047994000741696,1.9444060416939898e-10
x,16.05424321958934,1.9816838773002138e-10
x,16.060492438436977,2.5835594176509934e-10
x,16.066741657284616,1.407317370574498e-10
x,16.07299087613226,5.712040305552849e-10
x,16.0792400949799,8.097031145776665e-10
x,16.08548931382754,1.403527228830198e-10
x,16.09173853267518,4.775964202571912e-11
x,16.097987751522822,1.3343881878926468e-10
x,16.104236970370465,1.6033916183507369e-10
x,16.110486189218104,8.215505067639574e-11
x,16.116735408065743,4.7289138230142984e-11
x,16.122984626913386,1.445028940453842e-10
x,16.12923384576103,6.232360942144105e-10
x,16.135483064608668,1.2485220907246796e-10
x,16.141732283456307,2.677190530626627e-10
x,16.14798150230395,6.503696588855027e-10
x,16.154230721151592,1.5375357285585791e-09
x,16.16047993999923,7.971123765390034e-10
x,16.16672915884687,2.7570438472061704e-10
x,16.172978377694513,7.52607324370178e-11
x,16.179227596542155,1.1966183769266222e-09
x,16.185476815389794,4.801492100057442e-10
x,16.191726034237433,4.958133483834321e-10
x,16.197975253085076,1.0478346793745487e-09
x,16.20422447193272,1.0618762175852426e-09
x,16.210473690780358,2.760547110887159e-10
x,16.216722909627997,1.1457267020012923e-09
x,16.22297212847564,5.891992504667913e-10
x,16.229221347323282,1.9670104396396562e-09
x,16.23547056617092,2.7949806170420808e-09
x,16.24171978501856,6.079572255389396e-10
x,16.247969003866203,1.812233357787733e-10
x,16.254218222713845,4.361634029228919e-10
x,16.260467441561484,4.363078457839136e-11
x,16.266716660409124,4.939781177420917e-11
x,16.272965879256766,9.538713910820237e-11
x,16.27921509810441,5.302965134012937e-11
x,16.285464316952048,1.4424289446280642e-11
x,16.291713535799687,1.6922222048904593e-10
x,16.29796275464733,1.5690382093561265e-10
x,16.304211973494972,1.0301941002452639e-10
x,16.31046119234261,2.385220542590421e-10
x,16.31671041119025,2.2483980920676218e-10
x,16.322959630037893,9.335628193824113e-11
x,16.329208848885536,6.21084220017062e-11
x,16.335458067733175,6.123281257485266e-11
x,16.341707286580814,4.2014398892566815e-11
x,16.347956505428456,3.547593575976983e-11
x,16.3542057242761,1.172743495884771e-10
x,16.360454943123738,2.419518244556225e-10
x,16.366704161971377,2.379038005574622e-10
x,16.37295338081902,6.676590339784473e-10
x,16.379202599666662,4.2000810280863117e-10
x,16.3854518185143,1.5730513466821115e-10
x,16.39170103736194,1.7032886311501734e-11
x,16.397950256209583,6.592471317191232e-10
x,16.404199475057226,1.1498272288912978e-09
x,16.410448693904865,5.62552914721495e-10
x,16.416697912752504,1.0040765597865012e-10
x,16.422947131600147,1.736909125907597e-11
x,16.42919635044779,1.4741547596798136e-10
x,16.435445569295428,8.665330273967559e-10
x,16.441694788143067,4.991780935428237e-11
x,16.44794400699071,1.44531458979792e-09
x,16.454193225838353,1.2192041887823479e-09
x,16.46044244468599,1.334682001211392e-10
x,16.46669166353363,2.1069712276719654e-10
x,16.472940882381273,2.211192539803552e-10
x,16.479190101228916,6.239754099678948e-10
x,16.485439320076555,1.3545814124761023e-09
x,16.491688538924194,2.72125674507891e-09
x,16.497937757771837,1.1849121833358329e-09
x,16.50418697661948,2.298365713738725e-09
x,16.51043619546712,8.280132798843491e-10
x,16.516685414314757,6.834779338165285e-10
x,16.5229346331624,1.705849560670214e-10
x,16.529183852010043,2.160164959492832e-09
x,16.53543307085768,3.0533530063948148e-09
x,16.54168228970532,2.588742081790342e-09
x,16.547931508552963,6.534916127027286e-09
x,16.554180727400606,3.0744083662392994e-09
x,16.560429946248245,2.1450094219766466e-09
x,16.566679165095884,1.2313384392274827e-09
x,16.572928383943527,3.345572947791861e-09
x,16.57917760279117,6.062277912354987e-09
x,16.58542682163881,2.4273518371584078e-09
x,16.591676040486448,5.356514405786297e-10
x,16.59792525933409,7.916419122832299e-10
x,16.604174478181733,1.786983491430754e-09
x,16.610423697029372,2.9905107549835685e-09
x,16.61667291587701,1.941395164139322e-09
x,16.622922134724654,4.745562116988757e-09
x,16.629171353572296,3.445740130585288e-09
x,16.635420572419935,3.916947084122376e-09
x,16.641669791267574,7.971790163959462e-09
x,16.647919010115217,1.4581390563484011e-08
x,16.65416822896286,6.283758337982875e-09
x,16.6604174478105,1.984637566511853e-09
x,16.666666666658138,2.0028328794371878e-09
x,16.67291588550578,9.727507860215487e-10
x,16.679165104353423,3.1057194344026097e-09
x,16.685414323201062,3.806592498047372e-09
x,16.6916635420487,5.707137750312349e-10
x,16.697912760896344,8.447235397630229e-09
x,16.704161979743986,1.1590760191747562e-08
x,16.710411198591625,2.4260238633293123e-09
x,16.716660417439265,2.131492741300579e-09
x,16.722909636286907,6.321898268314776e-09
x,16.72915885513455,8.8410510588396e-09
x,16.73540807398219,3.920030058556046e-09
x,16.741657292829828,8.519106010791816e-10
x,16.74790651167747,1.8802596309332224e-09
x,16.754155730525113,1.6039007103136956e-10
x,16.760404949372752,1.622229418708677e-10
x,16.76665416822039,3.194417419531246e-10
x,16.772903387068034,2.1824645784847794e-10
x,16.779152605915677,1.7087870971332608e-09
x,16.785401824763316,1.1365910750118864e-09
x,16.791651043610955,1.6022970037449465e-09
x,16.797900262458597,1.619343479769016e-10
x,16.80414948130624,8.528116428920079e-10
x,16.81039870015388,1.0024520801405952e-09
x,16.816647919001518,4.842779084258946e-10
x,16.82289713784916,5.8008461185261224e-11
x,16.829146356696803,2.0327173732174645e-10
x,16.835395575544442,1.8248961680876334e-11
x,16.84164479439208,6.705209267058869e-10
x,16.847894013239724,3.8639259196298387e-10
x,16.854143232087367,3.2239847021722564e-10
x,16.860392450935006,1.2976827936025776e-10
x,16.866641669782645,2.0651814990844083e-10
x,16.872890888630288,3.0845119462459117e-10
x,16.87914010747793,3.902568490136443e-10
x,16.88538932632557,3.362693616893505e-10
x,16.89163854517321,3.3608778222334554e-10
x,16.89788776402085,2.6198018108820995e-10
x,16.904136982868494,6.967192209590402e-10
x,16.910386201716133,5.764991537235056e-10
x,16.91663542056377,1.4498148620449923e-10
x,16.922884639411414,1.2039868166883415e-10
x,16.929133858259057,1.156781125725126e-10
x,16.935383077106696,1.2850869682060313e-10
x,16.941632295954335,3.81374658200446e-10
x,16.947881514801978,3.567224328462247e-10
x,16.95413073364962,6.25355699304912e-11
x,16.96037995249726,9.803419250380552e-11
x,16.9666291713449,1.905377230622368e-10
x,16.97287839019254,2.4571682699829385e-10
x,16.979127609040184,1.3281274643798223e-10
x,16.985376827887823,1.9824109670095385e-10
x,16.991626046735462,7.567342451792061e-11
x,16.997875265583104,2.0464096992093478e-11
x,17.004124484430747,9.185374643697975e-11
x,17.010373703278386,1.7524274146915875e-10
x,17.016622922126025,2.055868870341241e-12
x,17.022872140973668,3.7080553344010983e-10
x,17.02912135982131,5.910513471110558e-10
x,17.03537057866895,7.597830891091264e-10
x,17.04161979751659,9.948352395339496e-10
x,17.04786901636423,9.067531143592067e-10
x,17.054118235211874,9.542101559802073e-10
x,17.060367454059513,2.3470148595120034e-10
x,17.066616672907152,7.182143042806504e-11
x,17.072865891754795,4.387855064008721e-10
x,17.079115110602437,4.1575367108224894e-10
x,17.085364329450076,3.290389519283502e-10
x,17.091613548297715,1.804661543523748e-10
x,17.097862767145358,1.8099559988253982e-10
x,17.104111985993,4.75930043695288e-11
x,17.11036120484064,2.338001924731885e-10
x,17.11661042368828,9.441428146233512e-10
x,17.12285964253592,6.22905491058163e-10
x,17.129108861383564,1.7866774179719379e-10
x,17.135358080231203,1.6401823411529588e-11
x,17.141607299078842,4.6458113129757194e-10
x,17.147856517926485,1.879998313342651e-09
x,17.154105736774127,1.0388907055318391e-09
x,17.160354955621766,4.203358207463434e-10
x,17.166604174469406,4.2381157918056585e-10
x,17.172853393317048,3.500940960115945e-10
x,17.17910261216469,3.3061994912468133e-10
x,17.18535183101233,3.2986076399592566e-10
x,17.19160104985997,3.094939962885919e-10
x,17.19785026870761,3.3792640755798137e-11
x,17.204099487555254,2.4182127300741857e-10
x,17.210348706402893,2.649309222996202e-10
x,17.216597925250532,8.167325136484145e-10
x,17.222847144098175,2.7550210081317823e-10
x,17.229096362945818,2.883722597346985e-10
x,17.235345581793457,3.6768565465525124e-11
x,17.241594800641096,5.310002193057699e-11
x,17.24784401948874,1.099984170287996e-10
x,17.25409323833638,1.7070990487398463e-10
x,17.26034245718402,6.804031273841713e-11
x,17.26659167603166,2.0666423066859885e-09
x,17.2728408948793,2.314749770120227e-09
x,17.279090113726944,7.16512130140551e-10
x,17.285339332574583,4.052283596262601e-10
x,17.291588551422223,1.069899640584531e-09
x,17.297837770269865,2.211662074662041e-09
x,17.304086989117508,2.0782945828171795e-09
x,17.310336207965147,8.38581609859941e-10
x,17.316585426812786,1.8837718814793258e-09
x,17.32283464566043,3.852222589726156e-09
x,17.32908386450807,1.3788510884183882e-10
x,17.33533308335571,3.7752144505008144e-09
x,17.34158230220335,9.91655874787826e-10
x,17.347831521050992,3.866764611044047e-11
x,17.354080739898635,8.772683718412671e-10
x,17.360329958746274,6.669202293457132e-10
x,17.366579177593913,1.2991017962916044e-11
x,17.372828396441555,2.2856649072366587e-09
x,17.379077615289198,2.2057806310944575e-09
x,17.385326834136837,1.6777347876637386e-09
x,17.391576052984476,1.6032415828003622e-09
x,17.39782527183212,5.907233661065474e-10
x,17.40407449067976,4.551332630166132e-10
x,17.4103237095274,1.7395750608447914e-10
x,17.41657292837504,8.584713253373155e-11
x,17.422822147222682,9.33004917580043e-10
x,17.429071366070325,2.436678889496014e-09
x,17.435320584917964,8.287326594045345e-10
x,17.441569803765603,1.5372176050703392e-10
x,17.447819022613245,6.977294339043947e-11
x,17.454068241460888,1.6193297985246052e-10
x,17.460317460308527,6.872200290471498e-10
x,17.466566679156166,1.2040673004686687e-09
x,17.47281589800381,1.7494327895533724e-09
x,17.47906511685145,3.540004654694698e-10
x,17.48531433569909,4.077184866265401e-11
x,17.49156355454673,3.9157253427650616e-10
x,17.497812773394372,1.7257882406608623e-10
x,17.504061992242015,2.8758485879212113e-10
x,17.510311211089654,6.223273263947134e-10
x,17.516560429937293,4.621518628614051e-10
x,17.522809648784936,1.8185740860207234e-10
x,17.52905886763258,1.1915239555659982e-10
x,17.535308086480217,2.593139189365924e-10
x,17.541557305327856,8.928888578014581e-11
x,17.5478065241755,7.139518666447976e-12
x,17.55405574302314,1.2625847419562255e-10
x,17.56030496187078,7.90455271852204e-11
x,17.56655418071842,3.4931983154792806e-11
x,17.572803399566062,3.0811709506788387e-10
x,17.579052618413705,1.0462762825376855e-09
x,17.585301837261344,1.6784034358026214e-10
x,17.591551056108983,2.0861451918072986e-10
x,17.597800274956626,2.9158290535455567e-10
x,17.60404949380427,1.2071539498785615e-09
x,17.610298712651907,2.0092004301344356e-09
x,17.616547931499547,8.367193164339114e-09
x,17.62279715034719,4.767127080790144e-09
x,17.629046369194832,4.984273228533538e-10
x,17.63529558804247,3.0188435913083664e-10
x,17.64154480689011,6.164397826618888e-11
x,17.647794025737753,5.328330506163696e-11
x,17.654043244585395,5.1037215001716685e-11
x,17.660292463433034,5.726622746369878e-11
x,17.666541682280673,8.216087076381519e-11
x,17.672790901128316,1.7946546857258716e-10
x,17.67904011997596,2.7859663007421265e-11
x,17.685289338823598,3.9547838751804756e-11
x,17.691538557671237,7.926860363090892e-11
x,17.69778777651888,1.92360616441493e-11
x,17.704036995366522,4.1649646114152116e-11
x,17.71028621421416,1.0456844645877227e-10
x,17.7165354330618,6.866068464844458e-11
x,17.722784651909443,1.239561316322107e-10
x,17.729033870757085,2.471626751960754e-11
x,17.735283089604724,2.131948676997563e-11
x,17.741532308452364,1.5207698588970944e-11
x,17.747781527300006,3.486206999990386e-11
x,17.75403074614765,7.79537768961411e-11
x,17.760279964995288,1.0012039520852715e-10
x,17.766529183842927,9.862027857232648e-11
x,17.77277840269057,3.262027720273591e-11
x,17.779027621538212,8.394486411636592e-12
x,17.78527684038585,8.149409804560737e-11
x,17.79152605923349,1.2395125527406968e-10
x,17.797775278081133,1.447289765630699e-10
x,17.804024496928776,9.656447057915712e-11
x,17.810273715776415,7.373420393164427e-11
x,17.816522934624054,7.790362064068186e-12
x,17.822772153471696,1.0754985806525114e-10
x,17.82902137231934,2.543800070814093e-11
x,17.835270591166978,4.055807899505839e-11
x,17.841519810014617,9.940114220894023e-11
x,17.84776902886226,2.6656048118945426e-10
x,17.854018247709902,2.8998042943376366e-10
x,17.86026746655754,1.973206652060851e-10
x,17.86651668540518,5.713051067513465e-11
x,17.872765904252823,1.8592936860228504e-10
x,17.879015123100466,7.37090758745137e-11
x,17.885264341948105,4.87150785900057e-11
x,17.891513560795744,2.08982100814082e-10
x,17.897762779643386,1.4221822285375394e-10
x,17.90401199849103,6.375230588917444e-11
x,17.910261217338668,4.396230988212721e-10
x,17.916510436186307,6.924650073886371e-10
x,17.92275965503395,7.332812562112691e-11
x,17.929008873881592,1.47226796811002e-10
x,17.93525809272923,1.2180345438701586e-10
x,17.94150731157687,3.950944948784872e-10
x,17.947756530424513,3.286645988663253e-10
x,17.954005749272156,8.177937388142286e-11
x,17.960254968119795,1.2086521782530769e-10
x,17.966504186967434,1.991095727265246e-10
x,17.972753405815077,1.4306529484061334e-10
x,17.97900262466272,2.8606747618681572e-11
x,17.98525184351036,2.1534074447633143e-11
x,17.991501062357997,2.5632043023933828e-11
x,17.99775028120564,3.1106406849139805e-11
x,18.003999500053283,5.7339896521258084e-11
x,18.01024871890092,5.798931036039439e-11
x,18.01649793774856,5.0873577616510084e-11
x,18.022747156596203,4.6851592785288186e-11
x,18.028996375443846,1.1046146395654684e-10
x,18.035245594291485,2.9638123820774245e-10
x,18.041494813139124,8.593100662691164e-11
x,18.047744031986767,7.824599839169779e-12
x,18.05399325083441,2.5363269761443704e-11
x,18.06024246968205,4.3528653192695926e-11
x,18.066491688529688,3.101355706644306e-11
x,18.07274090737733,1.4875981840039715e-11
x,18.078990126224973,1.7126404092483654e-11
x,18.085239345072612,1.5837138796533283e-10
x,18.09148856392025,7.203519719772475e-11
x,18.097737782767894,6.452134015052772e-11
x,18.103987001615536,1.4424792630394477e-10
x,18.110236220463175,4.0656168457750546e-10
x,18.116485439310814,2.950635881916661e-10
x,18.122734658158457,1.0169840643844812e-10
x,18.1289838770061,1.761350457528612e-11
x,18.13523309585374,2.558945078864681e-10
x,18.141482314701378,2.772609748228227e-10
x,18.14773153354902,9.514141294780802e-11
x,18.153980752396663,3.3869989323464383e-10
x,18.160229971244302,3.5508394190135746e-10
x,18.16647919009194,4.802063308638241e-11
x,18.172728408939584,4.123512207565405e-10
x,18.178977627787226,1.8616095422618846e-10
x,18.185226846634865,4.2441566506455234e-10
x,18.191476065482505,8.552690164391589e-10
x,18.197725284330147,3.360794897486268e-10
x,18.20397450317779,1.7128074464285252e-11
x,18.21022372202543,1.3680504643267234e-10
x,18.216472940873068,3.531452127971133e-11
x,18.22272215972071,6.8879358423701335e-12
x,18.228971378568353,3.0489966422131065e-11
x,18.235220597415992,2.3629750510631292e-11
x,18.24146981626363,5.463738415457672e-13
x,18.247719035111274,3.809434866587534e-11
x,18.253968253958917,5.5447361666481225e-11
x,18.260217472806556,3.320219875817638e-11
x,18.266466691654195,6.210325307581311e-11
x,18.272715910501837,7.63090814243511e-11
x,18.27896512934948,2.994107542524401e-11
x,18.28521434819712,1.504787840588841e-11
x,18.291463567044758,1.5351161983145574e-11
x,18.2977127858924,1.1949807534857142e-11
x,18.303962004740043,8.064337992183915e-12
x,18.310211223587682,1.9580583970146127e-11
x,18.31646044243532,7.438600129241645e-11
x,18.322709661282964,4.3282746511181657e-11
x,18.328958880130607,1.4296756456758473e-10
x,18.335208098978246,1.3610741663094451e-10
x,18.341457317825885,4.846617227257576e-11
x,18.347706536673527,2.4192878118139647e-11
x,18.35395575552117,9.211686392045331e-11
x,18.36020497436881,3.1793022401031415e-10
x,18.36645419321645,2.000972993398067e-10
x,18.37270341206409,4.800083935417083e-11
x,18.378952630911733,5.642658496240682e-12
x,18.385201849759373,1.7849900302568408e-11
x,18.39145106860701,1.607865050912106e-10
x,18.397700287454654,5.4398157038930916e-11
x,18.403949506302297,2.2214539371070466e-10
x,18.410198725149936,3.97450904336645e-10
x,18.416447943997575,6.752096530262026e-11
x,18.422697162845218,1.9581013366148456e-11
x,18.42894638169286,6.67847972579285e-11
x,18.4351956005405,1.1701272060494586e-10
x,18.44144481938814,2.2700630581306039e-10
x,18.44769403823578,5.861567143866241e-10
x,18.453943257083424,2.8835259175897553e-10
x,18.460192475931063,4.973976672511584e-10
x,18.466441694778702,2.1307177569233892e-10
x,18.472690913626344,1.9148395266730824e-10
x,18.478940132473987,4.7868867102951e-12
x,18.485189351321626,3.0422982067366863e-10
x,18.491438570169265,7.572866057247842e-10
x,18.497687789016908,3.1987460669517296e-10
x,18.50393700786455,1.1932051798611938e-09
x,18.51018622671219,7.524858160728362e-10
x,18.51643544555983,4.0731546473593175e-10
x,18.52268466440747,3.361546172467466e-10
x,18.528933883255114,4.015314680594948e-10
x,18.535183102102753,1.2057772637035518e-09
x,18.541432320950392,6.521581181184564e-10
x,18.547681539798035,1.5289394666696459e-10
x,18.553930758645677,2.229214978440331e-10
x,18.560179977493316,7.936727237743663e-11
x,18.566429196340955,7.020518166882029e-10
x,18.572678415188598,1.88757362413017e-10
x,18.57892763403624,9.39564018689891e-10
x,18.58517685288388,6.286062172990131e-10
x,18.59142607173152,5.520483463170674e-10
x,18.59767529057916,1.1295306624802644e-09
x,18.603924509426804,2.51166114012606e-09
x,18.610173728274443,1.8009512511087232e-09
x,18.616422947122082,4.091206548002333e-10
x,18.622672165969725,3.98357166462518e-10
x,18.628921384817367,2.100875412873988e-10
x,18.635170603665006,3.651738909974974e-10
x,18.641419822512646,8.557545250445129e-10
x,18.647669041360288,1.5800417520889437e-10
x,18.65391826020793,1.0729665322703226e-09
x,18.66016747905557,2.467019733342017e-09
x,18.66641669790321,9.225891786438588e-10
x,18.67266591675085,2.4994915161905885e-10
x,18.678915135598494,8.951896432497705e-10
x,18.685164354446133,1.6720162220461259e-09
x,18.691413573293772,9.10023414378704e-10
x,18.697662792141415,1.3021576753597239e-10
x,18.703912010989058,3.732163002293558e-10
x,18.710161229836697,7.768900709678334e-11
x,18.716410448684336,8.955971185857418e-12
x,18.72265966753198,5.647297997268656e-11
x,18.72890888637962,7.139148320226884e-12
x,18.73515810522726,2.494861504932953e-10
x,18.7414073240749,2.1715204240123246e-10
x,18.74765654292254,2.622822877909861e-10
x,18.753905761770184,6.457799039128639e-11
x,18.760154980617823,1.2287909514113133e-10
x,18.766404199465462,1.699948469054457e-10
x,18.772653418313105,1.1735774413779403e-10
x,18.778902637160748,1.0215590297272665e-11
x,18.785151856008387,3.7567846143842414e-11
x,18.791401074856026,1.604178004752549e-12
x,18.79765029370367,7.72219954471748e-11
x,18.80389951255131,7.1304208648916e-11
x,18.81014873139895,5.7572101865198156e-11
x,18.81639795024659,3.6896608993022315e-11
x,18.822647169094232,3.914231647001564e-11
x,18.828896387941874,4.820146837674417e-11
x,18.835145606789514,5.694419155799279e-11
x,18.841394825637153,6.690050529948711e-11
x,18.847644044484795,7.514596089481661e-11
x,18.853893263332438,6.330924265964272e-11
x,18.860142482180077,6.638752737442801e-11
x,18.866391701027716,1.0515713739913475e-10
x,18.87264091987536,3.756369125929312e-11
x,18.878890138723,2.3635691398959755e-11
x,18.88513935757064,2.9272968290429634e-11
x,18.89138857641828,2.135734947853102e-11
x,18.897637795265922,5.791401490465375e-11
x,18.903887014113565,8.60532432310833e-11
x,18.910136232961204,1.7710097490881546e-11
x,18.916385451808843,1.3745176531648412e-11
x,18.922634670656485,3.2565729189766555e-11
x,18.928883889504128,5.3273407899193673e-11
x,18.935133108351767,3.216095013502414e-11
x,18.941382327199406,3.0626634595499314e-11
x,18.94763154604705,1.8847997067006042e-11
x,18.95388076489469,1.961956925272803e-12
x,18.96012998374233,1.0754198900500529e-11
x,18.96637920258997,2.6241150093660248e-11
x,18.972628421437612,4.4546467269357435e-12
x,18.978877640285255,3.203969984757574e-11
x,18.985126859132894,9.00616025014576e-11
x,18.991376077980533,9.7281495794487e-11
x,18.997625296828176,1.5137768100399833e-10
x,19.003874515675818,1.3022314213607057e-10
x,19.010123734523457,1.5760324189889524e-10
x,19.016372953371096,5.971236529891638e-11
x,19.02262217221874,2.394565277152331e-11
x,19.02887139106638,3.346506988277747e-11
x,19.03512060991402,1.0117444760291618e-10
x,19.04136982876166,2.6937661461171273e-11
x,19.047619047609302,4.7803253165384685e-11
x,19.053868266456945,1.811829404133802e-11
x,19.060117485304584,1.8186808699511902e-11
x,19.066366704152223,1.8795037392199396e-11
x,19.072615922999866,1.285625084389068e-10
x,19.07886514184751,1.3255926738184444e-10
x,19.085114360695147,3.275888082140924e-11
x,19.091363579542787,7.507633609086951e-12
x,19.09761279839043,4.47709438063777e-11
x,19.10386201723807,3.1716995761288324e-10
x,19.11011123608571,2.6430730385490165e-10
x,19.11636045493335,9.272607151939303e-11
x,19.122609673780993,1.0271758843856705e-10
x,19.128858892628635,7.86151423176129e-11
x,19.135108111476274,6.502432104515233e-11
x,19.141357330323913,5.4651778744996624e-11
x,19.147606549171556,6.99850153984345e-11
x,19.1538557680192,9.422489181472365e-12
x,19.160104986866838,6.26015297081575e-11
x,19.166354205714477,1.8782803336765356e-11
x,19.17260342456212,1.5650680967784724e-10
x,19.178852643409762,6.255498353013524e-11
x,19.1851018622574,6.167520440686018e-11
x,19.19135108110504,1.659286869836164e-11
x,19.197600299952683,4.86620009544114e-12
x,19.203849518800325,2.617699992603943e-11
x,19.210098737647964,2.5935999355846967e-11
x,19.216347956495603,3.8178175655693724e-13
x,19.222597175343246,3.080355113548637e-10
x,19.22884639419089,5.797744201365857e-10
x,19.235095613038528,2.3814114662091376e-10
x,19.241344831886167,8.011478393462845e-11
x,19.24759405073381,1.8254530028210453e-10
x,19.253843269581452,4.4189411625275727e-10
x,19.26009248842909,4.663800738568458e-10
x,19.26634170727673,2.982474335700946e-10
x,19.272590926124373,1.832629558627484e-10
x,19.278840144972015,9.357959919549584e-10
x,19.285089363819655,6.834086073487872e-11
x,19.291338582667294,7.40620968863216e-10
x,19.297587801514936,3.742584979120133e-10
x,19.30383702036258,1.513994952935344e-12
x,19.310086239210218,1.633654035509237e-10
x,19.316335458057857,1.849584839664111e-10
x,19.3225846769055,4.079123821288394e-11
x,19.328833895753142,3.119268166696344e-10
x,19.33508311460078,6.763595491659038e-10
x,19.34133233344842,3.310264231638243e-10
x,19.347581552296063,4.2021283057346657e-10
x,19.353830771143706,1.7894588245433534e-10
x,19.360079989991345,1.0264526892175694e-10
x,19.366329208838984,5.293904056363753e-11
x,19.372578427686626,1.714556410565636e-11
x,19.37882764653427,1.2247954496627734e-10
x,19.385076865381908,5.397627401150424e-10
x,19.391326084229547,2.797926261591803e-10
x,19.39757530307719,3.613026491430567e-11
x,19.403824521924832,1.2819982750412303e-11
x,19.41007374077247,2.6998253697569085e-11
x,19.41632295962011,1.3819378871662692e-10
x,19.422572178467753,2.405054414554465e-10
x,19.428821397315396,4.161086630853342e-10
x,19.435070616163035,1.614569687879979e-10
x,19.441319835010674,1.2897908427992588e-11
x,19.447569053858317,5.739680955981976e-11
x,19.45381827270596,4.620456369144564e-11
x,19.4600674915536,5.7147345838302214e-11
x,19.466316710401237,1.1252380874618518e-10
x,19.47256592924888,1.120903368119247e-10
x,19.478815148096523,4.6430030754735106e-11
x,19.48506436694416,2.378328163176812e-11
x,19.4913135857918,4.534176724478632e-11
x,19.497562804639443,2.707109804837279e-11
x,19.503812023487086,3.128513914899722e-12
x,19.510061242334725,1.7407020905342754e-11
x,19.516310461182364,2.4929517756761005e-11
x,19.522559680030007,4.111319388855148e-12
x,19.52880889887765,2.4496374656282507e-11
x,19.53505811772529,1.7832578353342773e-10
x,19.541307336572928,7.641503172247992e-11
x,19.54755655542057,3.3312181282464244e-11
x,19.553805774268213,3.3643746315195625e-11
x,19.560054993115852,1.1729982321646177e-10
x,19.56630421196349,2.0745433671726867e-10
x,19.572553430811134,5.88679413693149e-10
x,19.578802649658776,6.920901808395731e-10
x,19.585051868506415,1.0252456845897648e-10
x,19.591301087354054,4.734737119298303e-11
x,19.597550306201697,1.889307804794099e-11
x,19.60379952504934,1.9384458602780998e-11
x,19.61004874389698,1.7171825757253705e-11
x,19.616297962744618,1.7994399997446113e-11
x,19.62254718159226,1.477566203065026e-11
x,19.628796400439903,6.028229577597129e-11
x,19.635045619287542,1.8165947745249727e-11
x,19.64129483813518,1.0561435592988337e-11
x,19.647544056982824,2.66660865316195e-11
x,19.653793275830466,9.413420326993805e-12
x,19.660042494678105,8.174183116072632e-12
x,19.666291713525744,3.1508855491604735e-11
x,19.672540932373387,2.4895124173763326e-11
x,19.67879015122103,3.145714204709829e-11
x,19.68503937006867,1.5818659183735498e-11
x,19.691288588916308,6.120902388826574e-12
x,19.69753780776395,4.0085043753004736e-12
x,19.703787026611593,6.383156843615284e-12
x,19.710036245459232,2.224948855467713e-11
x,19.71628546430687,2.6164981372282215e-11
x,19.722534683154514,3.075082605482615e-11
x,19.728783902002156,1.4388572307164534e-11
x,19.735033120849796,5.34901571292042e-13
x,19.741282339697435,1.8153140478368235e-11
x,19.747531558545077,2.927842872868472e-11
x,19.75378077739272,3.658817442307049e-11
x,19.76002999624036,2.8722298409330718e-11
x,19.766279215087998,1.978699657088097e-11
x,19.77252843393564,1.7178419718773877e-12
x,19.778777652783283,2.6175860174777404e-11
x,19.785026871630922,1.2049461228138554e-11
x,19.79127609047856,6.210274245640369e-12
x,19.797525309326204,2.1997860832498137e-11
x,19.803774528173847,6.355114314616014e-11
x,19.810023747021486,8.565747974058164e-11
x,19.816272965869125,5.828954703778998e-11
x,19.822522184716767,1.9637408340523733e-11
x,19.82877140356441,4.142041706460644e-11
x,19.83502062241205,3.9924860867077185e-11
x,19.841269841259688,4.115829556163886e-12
x,19.84751906010733,4.027539971792597e-11
x,19.853768278954973,4.785540106938476e-11
x,19.860017497802612,7.442060435155511e-12
x,19.86626671665025,9.359919612860922e-11
x,19.872515935497894,1.695621320625217e-10
x,19.878765154345537,4.725510306802196e-11
x,19.885014373193176,3.3633988742438155e-11
x,19.891263592040815,2.798176726457646e-11
x,19.897512810888458,8.108464555649981e-11
x,19.9037620297361,1.146885946961575e-10
x,19.91001124858374,2.7838945708177404e-11
x,19.91626046743138,2.3455293163594065e-11
x,19.92250968627902,4.216785364466351e-11
x,19.928758905126664,4.0384905263154556e-11
x,19.935008123974303,1.5564412763383193e-11
x,19.94125734282194,2.1797207682624345e-12
x,19.947506561669584,8.902221274625685e-12
x,19.953755780517227,5.901546599962223e-12
x,19.960004999364866,1.5055239318259045e-11
x,19.966254218212505,1.5255194535927794e-11
x,19.972503437060148,1.0270888102851716e-11
x,19.97875265590779,1.1576859668203392e-11
x,19.98500187475543,1.597625044051369e-11
x,19.99125109360307,8.704109994850024e-11
x,19.99750031245071,4.269118469627457e-11
x,20.003749531298354,3.435695275522099e-12
x,20.009998750145993,3.2947559050975385e-12
x,20.016247968993632,1.0240732229818306e-11
x,20.022497187841275,1.0117192142654093e-11
x,20.028746406688917,3.835345688375037e-12
x,20.034995625536556,3.4631204171492948e-12
x,20.041244844384195,2.9190194079349336e-11
x,20.047494063231838,3.0916558104598157e-11
x,20.05374328207948,1.4313170367792479e-11
x,20.05999250092712,2.889914686427374e-11
x,20.06624171977476,8.642518651420096e-11
x,20.0724909386224,9.316772230094166e-11
x,20.078740157470044,3.580557602838775e-11
x,20.084989376317683,7.982717672526034e-12
x,20.091238595165322,4.192891282822346e-11
x,20.097487814012965,1.0641785323288161e-10
x,20.103737032860607,1.910763796397168e-11
x,20.109986251708246,1.0330215472742228e-10
x,20.116235470555885,1.045823567184921e-10
x,20.122484689403528,1.825207717748011e-11
x,20.12873390825117,1.0974143632409556e-10
x,20.13498312709881,8.280562044470944e-11
x,20.14123234594645,7.457246440464078e-11
x,20.14748156479409,2.1470236441794517e-10
x,20.153730783641734,1.4275769181045618e-10
x,20.159980002489373,1.3857136997751505e-12
x,20.166229221337012,3.376622493662729e-11
x,20.172478440184655,1.7625966739531972e-11
x,20.178727659032297,9.912969442413044e-13
x,20.184976877879937,7.883662414232331e-12
x,20.191226096727576,8.610861228948649e-12
x,20.19747531557522,2.499412706722878e-12
x,20.20372453442286,6.159068890549652e-12
x,20.2099737532705,1.6977493096167294e-11
x,20.21622297211814,1.2181676346838274e-11
x,20.22247219096578,1.6167222837255992e-11
x,20.228721409813424,2.37734851020201e-11
x,20.234970628661063,1.010828073596628e-11
x,20.241219847508702,3.5544659020310486e-12
x,20.247469066356345,3.4844790407843073e-12
x,20.253718285203988,3.5931647001753032e-12
x,20.259967504051627,1.703786909816259e-12
x,20.266216722899266,3.0662578776451934e-12
x,20.27246594174691,1.8258981322519275e-11
x,20.27871516059455,1.2848588407197564e-11
x,20.28496437944219,2.56061685081281e-11
x,20.29121359828983,3.83290293469497e-11
x,20.297462817137472,1.539913266487061e-11
x,20.303712035985114,1.2975840487424462e-11
x,20.309961254832753,7.032488059605658e-12
x,20.316210473680393,7.651595973839152e-11
x,20.322459692528035,6.554567878627516e-11
x,20.328708911375678,2.1989845179810244e-11
x,20.334958130223317,2.185454939765071e-12
x,20.341207349070956,3.767646759917963e-12
x,20.3474565679186,2.4761273405617796e-11
x,20.35370578676624,2.7329837018108722e-11
x,20.35995500561388,2.2663205622615232e-11
x,20.36620422446152,1.0893410148544939e-10
x,20.372453443309162,3.264816360800237e-11
x,20.378702662156805,3.1393999021342593e-12
x,20.384951881004444,1.4672237003159883e-11
x,20.391201099852083,2.3193062339168995e-11
x,20.397450318699725,4.9504494070926156e-11
x,20.403699537547368,1.1014117178843182e-10
x,20.409948756395007,8.71367225866197e-11
x,20.416197975242646,8.774154177797236e-11
x,20.42244719409029,6.919732484246766e-11
x,20.42869641293793,3.87083059196368e-11
x,20.43494563178557,3.7678522695363e-12
x,20.44119485063321,3.771423491368636e-11
x,20.447444069480852,1.5522314485373935e-10
x,20.453693288328495,7.094559815748253e-11
x,20.459942507176134,1.7913446408281249e-10
x,20.466191726023773,1.788713218745669e-10
x,20.472440944871416,8.021802446619039e-11
x,20.478690163719058,7.69500746185748e-11
x,20.484939382566697,5.3203470437465176e-11
x,20.491188601414336,2.1351243348814135e-10
x,20.49743782026198,1.5590591860575847e-10
x,20.50368703910962,5.005317336504269e-11
x,20.50993625795726,4.265281059975348e-11
x,20.5161854768049,1.446053624262135e-13
x,20.522434695652542,1.2345520193182007e-10
x,20.528683914500185,1.9788518335698402e-11
x,20.534933133347824,1.6490796895336403e-10
x,20.541182352195463,1.2351744219933943e-10
x,20.547431571043106,7.697999022621469e-11
x,20.55368078989075,1.454011559905095e-10
x,20.559930008738387,3.762945771300587e-10
x,20.566179227586026,4.143073383875943e-10
x,20.57242844643367,8.996237030883698e-11
x,20.57867766528131,9.321780863146976e-11
x,20.58492688412895,3.776913610261316e-11
x,20.59117610297659,3.135223897142671e-11
x,20.597425321824232,1.582473906600525e-10
x,20.603674540671875,5.378172363886578e-11
x,20.609923759519514,1.0879258969928548e-10
x,20.616172978367153,4.3853189874343853e-10
x,20.622422197214796,2.6935495313302534e-10
x,20.62867141606244,3.7575756434569436e-11
x,20.634920634910078,1.0960545691548988e-10
x,20.641169853757717,2.930126411390133e-10
x,20.64741907260536,1.9125496663216482e-10
x,20.653668291453002,2.9587699163967716e-11
x,20.65991751030064,5.864298527765459e-11
x,20.66616672914828,2.5558940566843873e-11
x,20.672415947995923,3.0813150591139266e-13
x,20.678665166843565,6.817426794162645e-12
x,20.684914385691204,9.87683504420506e-13
x,20.691163604538843,2.6015927407167606e-11
x,20.697412823386486,4.557054444767513e-11
x,20.70366204223413,3.328949591611126e-11
x,20.709911261081768,2.3002487160064408e-11
x,20.716160479929407,1.269380307815988e-11
x,20.72240969877705,2.6328522681446188e-11
x,20.728658917624692,2.293081146510126e-11
x,20.73490813647233,3.194669158419049e-12
x,20.74115735531997,6.349745380401237e-12
x,20.747406574167613,2.146795409850188e-12
x,20.753655793015255,6.729910891045285e-12
x,20.759905011862894,1.1449020940605584e-11
x,20.766154230710534,8.752877807704109e-12
x,20.772403449558176,9.285546440347044e-12
x,20.77865266840582,7.379123926653935e-12
x,20.784901887253458,7.315953458223376e-12
x,20.791151106101097,5.627953038806378e-12
x,20.79740032494874,9.810712333703155e-12
x,20.803649543796382,1.4341438438101528e-11
x,20.80989876264402,1.6322486987260436e-11
x,20.81614798149166,5.6414568330032e-12
x,20.822397200339303,1.446925255572737e-11
x,20.828646419186946,9.345506221429045e-12
x,20.834895638034585,4.779828486928619e-12
x,20.841144856882224,5.429460611036609e-12
x,20.847394075729866,4.9365325717835e-12
x,20.85364329457751,8.548188630931164e-12
x,20.859892513425148,1.865760099827079e-11
x,20.866141732272787,7.548082225008152e-12
x,20.87239095112043,1.841461922677253e-12
x,20.878640169968072,6.514615374212141e-12
x,20.88488938881571,1.1261780171348532e-11
x,20.89113860766335,7.589141783947013e-12
x,20.897387826510993,4.602924772920802e-12
x,20.903637045358636,2.915898132172384e-12
x,20.909886264206275,1.9853570539180993e-13
x,20.916135483053914,1.0892476187880302e-12
x,20.922384701901557,3.384820646564986e-12
x,20.9286339207492,1.639923769233432e-12
x,20.934883139596838,2.3669793130314713e-12
x,20.941132358444477,1.1132847451436375e-11
x,20.94738157729212,1.2131592506944972e-11
x,20.953630796139763,1.993030712990179e-11
x,20.9598800149874,1.8304543971311593e-11
x,20.96612923383504,2.2409273061168966e-11
x,20.972378452682683,1.210893056745299e-11
x,20.978627671530326,4.856723104155667e-12
x,20.984876890377965,1.263296619747822e-12
x,20.991126109225604,1.667333749691881e-11
x,20.997375328073247,2.573737749735419e-12
x,21.00362454692089,7.844694089238192e-12
x,21.00987376576853,1.1894904984414436e-12
x,21.016122984616167,4.179023527598249e-12
x,21.02237220346381,1.4760073899898058e-12
x,21.028621422311453,1.3785432657450014e-11
x,21.03487064115909,2.374186028593243e-11
x,21.04111986000673,5.5041587850263196e-12
x,21.047369078854373,2.332343342768437e-12
x,21.053618297702016,3.2831252248504698e-12
x,21.059867516549655,4.572946030021109e-11
x,21.066116735397294,5.863610272879203e-11
x,21.072365954244937,2.042863092932203e-11
x,21.07861517309258,2.258126687333471e-11
x,21.08486439194022,1.8032352284057663e-11
x,21.091113610787858,1.375255585529245e-11
x,21.0973628296355,9.275130912499821e-12
x,21.103612048483143,1.3310538818208135e-11
x,21.109861267330782,5.498870602167387e-12
x,21.11611048617842,1.0017608295885825e-11
x,21.122359705026064,4.779181356429135e-12
x,21.128608923873706,2.3111159291819286e-11
x,21.134858142721345,1.3932942336467874e-11
x,21.141107361568984,1.0676794880717596e-11
x,21.147356580416627,6.149008391400521e-12
x,21.15360579926427,3.5709407490266953e-13
x,21.15985501811191,5.38447728019819e-12
x,21.166104236959548,2.761222907047697e-12
x,21.17235345580719,2.4380520220931606e-12
x,21.178602674654833,3.494805607192749e-11
x,21.184851893502472,1.246897136922868e-10
x,21.19110111235011,7.313459464245652e-11
x,21.197350331197754,1.9866425405349635e-11
x,21.203599550045396,2.972153900282551e-11
x,21.209848768893035,8.101416381684715e-11
x,21.216097987740675,9.967493303050124e-11
x,21.222347206588317,8.085331773842325e-11
x,21.22859642543596,1.7485714950964178e-11
x,21.2348456442836,1.7720392742663121e-10
x,21.241094863131238,6.44189245117218e-11
x,21.24734408197888,1.04889232822701e-10
x,21.253593300826523,1.2667965879988227e-10
x,21.259842519674162,2.288669729111225e-12
x,21.2660917385218,2.417638410693134e-11
x,21.272340957369444,4.668919706493489e-11
x,21.278590176217087,2.0165268529357718e-11
x,21.284839395064726,2.858283042443402e-11
x,21.291088613912365,1.731758979260863e-10
x,21.297337832760007,7.772551683582779e-11
x,21.30358705160765,9.597162271229135e-11
x,21.30983627045529,5.48768777475826e-11
x,21.316085489302928,2.375091193885561e-11
x,21.32233470815057,1.4017860626882043e-11
x,21.328583926998213,4.3949862508016615e-12
x,21.334833145845852,1.445583411186284e-11
x,21.34108236469349,1.0246584551442828e-10
x,21.347331583541134,8.537902144121831e-11
x,21.353580802388777,1.1284818450970685e-11
x,21.359830021236416,1.951926597738907e-12
x,21.366079240084055,5.0383931436064174e-12
x,21.372328458931698,2.6308796034250858e-11
x,21.37857767777934,4.723432635894821e-11
x,21.38482689662698,8.854020490222016e-11
x,21.39107611547462,5.744555498945257e-11
x,21.39732533432226,4.962014111182177e-12
x,21.403574553169904,6.937565134616155e-12
x,21.409823772017543,1.2218157834958377e-11
x,21.41607299086518,1.1119626990687298e-11
x,21.422322209712824,1.8377293883230565e-11
x,21.428571428560467,2.4818490102728244e-11
x,21.434820647408106,1.287389572184122e-11
x,21.441069866255745,4.316213631898285e-12
x,21.447319085103388,6.616661950327233e-12
x,21.45356830395103,7.831199871548523e-12
x,21.45981752279867,7.723984803824835e-13
x,21.46606674164631,1.6977072325077102e-12
x,21.47231596049395,7.5123909156509e-12
x,21.478565179341594,6.486969678086867e-13
x,21.484814398189233,8.588583718556281e-13
x,21.491063617036872,2.5325094429993966e-11
x,21.497312835884514,2.3555157826070103e-11
x,21.503562054732157,3.2012684426281988e-12
x,21.509811273579796,8.689563720983774e-12
x,21.516060492427435,8.870455930402703e-12
x,21.522309711275078,2.2066823646285614e-11
x,21.52855893012272,2.320953899467589e-11
x,21.53480814897036,6.374756234812743e-11
x,21.541057367818,2.0355781144020787e-11
x,21.54730658666564,8.110691717659132e-12
x,21.553555805513284,5.1575564890610515e-12
x,21.559805024360923,8.043223681298804e-12
x,21.566054243208562,6.820863942165902e-12
x,21.572303462056205,4.5057069880366904e-12
x,21.578552680903847,2.633156146945999e-12
x,21.584801899751486,1.546727305613203e-11
x,21.591051118599125,8.52243148150512e-12
x,21.597300337446768,2.293488597466994e-12
x,21.60354955629441,6.45892913578356e-12
x,21.60979877514205,3.808170529126545e-12
x,21.61604799398969,1.4489113399151116e-12
x,21.62229721283733,7.647089326892502e-12
x,21.628546431684974,8.612125215796473e-12
x,21.634795650532613,8.06617116399207e-12
x,21.641044869380252,7.035360013236682e-12
x,21.647294088227895,1.4038795415092085e-12
x,21.653543307075537,1.4662447121467166e-12
x,21.659792525923176,9.326392687846486e-13
x,21.666041744770816,5.517419183188431e-12
x,21.672290963618458,7.72744733369432e-12
x,21.6785401824661,1.0024801210931131e-11
x,21.68478940131374,6.161908213093827e-12
x,21.69103862016138,5.809189705237902e-13
x,21.69728783900902,2.825108309954223e-12
x,21.703537057856664,5.386391389328278e-12
x,21.709786276704303,6.597662040151904e-12
x,21.716035495551942,8.445242741779181e-12
x,21.722284714399585,5.213945064986665e-12
x,21.728533933247228,1.1759371095617923e-12
x,21.734783152094867,4.254891382720369e-12
x,21.741032370942506,4.525347570028129e-12
x,21.74728158979015,2.8396033983886023e-13
x,21.75353080863779,3.466113059567618e-12
x,21.75978002748543,1.419605152418206e-11
x,21.76602924633307,2.4307535838047455e-11
x,21.77227846518071,1.842592600911551e-11
x,21.778527684028354,7.328701835564226e-12
x,21.784776902875993,8.336898997114806e-12
x,21.791026121723633,1.4480818392082468e-11
x,21.797275340571275,1.04272238721088e-12
x,21.803524559418918,5.1305493885194196e-12
x,21.809773778266557,1.204210445874328e-11
x,21.816022997114196,1.8064795418260903e-12
x,21.82227221596184,1.86339018590079e-11
x,21.82852143480948,3.5976068495654895e-11
x,21.83477065365712,1.979213302164273e-11
x,21.84101987250476,5.927334278264184e-12
x,21.847269091352402,8.227539202510288e-12
x,21.853518310200045,1.0690853471467889e-11
x,21.859767529047684,3.1184159968966154e-11
x,21.866016747895323,1.20718540758338e-11
x,21.872265966742965,3.983147134187492e-12
x,21.878515185590608,6.991984554804015e-12
x,21.884764404438247,8.522451810361008e-12
x,21.891013623285886,5.864611999063281e-12
x,21.89726284213353,5.233268700291648e-13
x,21.90351206098117,2.3189216664769197e-12
x,21.90976127982881,1.141956255426596e-12
x,21.91601049867645,3.6504820434054225e-12
x,21.922259717524092,3.662656192464529e-12
x,21.928508936371735,2.3934635191153473e-12
x,21.934758155219374,1.8547542584830203e-12
x,21.941007374067013,1.7497718020864176e-12
x,21.947256592914655,2.1931232094176606e-11
x,21.953505811762298,1.7836622130358674e-11
x,21.959755030609937,2.7667420490274767e-12
x,21.966004249457576,1.8838952875734517e-13
x,21.97225346830522,2.1566712330375535e-12
x,21.97850268715286,3.2236299062221192e-12
x,21.9847519060005,1.1364051119378494e-12
x,21.99100112484814,1.4005977666000873e-12
x,21.997250343695782,3.34020496137704e-12
x,22.003499562543425,9.167767000378008e-12
x,22.009748781391064,3.5521019227452075e-12
x,22.015998000238703,4.163975960597259e-12
x,22.022247219086346,1.1983926322130717e-11
x,22.02849643793399,2.2503961176941008e-11
x,22.034745656781627,1.2186798791960808e-11
x,22.040994875629266,5.36363316714463e-12
x,22.04724409447691,5.8338950880107146e-12
x,22.05349331332455,3.2355133376446944e-11
x,22.05974253217219,9.8110182354753e-12
x,22.06599175101983,2.608754619333618e-11
x,22.072240969867472,3.348151784403954e-11
x,22.078490188715115,9.7352852179866e-12
x,22.084739407562754,2.213679906362001e-11
x,22.090988626410393,3.550453755958878e-11
x,22.097237845258036,1.1013300336758123e-11
x,22.10348706410568,4.0958896743964513e-11
x,22.109736282953317,4.6132581756000076e-11
x,22.115985501800957,2.3352761694251273e-12
x,22.1222347206486,6.1496804648244046e-12
x,22.128483939496242,5.689506439429167e-12
x,22.13473315834388,5.410570710672119e-13
x,22.14098237719152,1.8168196701032361e-12
x,22.147231596039163,2.8200449132938734e-12
x,22.153480814886805,2.057800787309851e-12
x,22.159730033734444,5.715793932588286e-13
x,22.165979252582083,4.568406169188961e-12
x,22.172228471429726,5.161619395243719e-12
x,22.17847769027737,5.511122984952439e-12
x,22.184726909125008,7.41658335218851e-12
x,22.190976127972647,3.222224585298968e-12
x,22.19722534682029,7.905031104504772e-13
x,22.203474565667932,5.919576645232521e-13
x,22.20972378451557,1.1574302923074556e-12
x,22.21597300336321,4.4168978266396583e-13
x,22.222222222210853,4.754096379292344e-13
x,22.228471441058495,3.2408094118792368e-12
x,22.234720659906134,5.068222900698978e-12
x,22.240969878753774,3.537529322613368e-12
x,22.247219097601416,8.447240203383051e-12
x,22.25346831644906,4.6661586028156355e-12
x,22.259717535296698,5.038969582885746e-12
x,22.265966754144337,3.204593688313216e-14
x,22.27221597299198,1.3623249934196004e-11
x,22.278465191839622,1.8747499484579276e-11
x,22.28471441068726,9.31419268424135e-12
x,22.2909636295349,1.2133516212867269e-12
x,22.297212848382543,1.5017995074615906e-12
x,22.303462067230186,3.996370723516862e-12
x,22.309711286077825,8.833203409766275e-12
x,22.315960504925464,7.446809116421828e-13
x,22.322209723773106,2.34937587484789e-11
x,22.32845894262075,1.3336603444484306e-11
x,22.334708161468388,2.0846379726863693e-12
x,22.340957380316027,2.845557025435459e-12
x,22.34720659916367,5.8232066560890836e-12
x,22.353455818011312,1.38846888032823e-11
x,22.35970503685895,2.1286563736437263e-11
x,22.36595425570659,2.685832629630188e-11
x,22.372203474554233,1.3007357888499485e-11
x,22.378452693401876,1.972480849932255e-11
x,22.384701912249515,6.2747224248887825e-12
x,22.390951131097154,2.3953146213578802e-12
x,22.397200349944796,3.916974647765256e-12
x,22.40344956879244,2.6913139557798635e-11
x,22.409698787640078,2.3345511282705908e-11
x,22.415948006487717,2.075131260678141e-11
x,22.42219722533536,3.770117383511748e-11
x,22.428446444183002,1.641725071931284e-11
x,22.43469566303064,1.529946035881444e-11
x,22.44094488187828,1.0796524633148032e-11
x,22.447194100725923,3.580112492044333e-11
x,22.453443319573566,3.608239341541029e-11
x,22.459692538421205,1.4817277961538017e-11
x,22.465941757268844,6.265398035700738e-12
x,22.472190976116487,2.683123357356078e-12
x,22.47844019496413,1.6452718023659172e-11
x,22.48468941381177,5.452520408075893e-12
x,22.490938632659407,2.5418328905003838e-11
x,22.49718785150705,2.524896084305369e-11
x,22.503437070354693,1.1590383340013294e-11
x,22.50968628920233,1.6551041281908976e-11
x,22.51593550804997,4.860717245421862e-11
x,22.522184726897613,7.56134065683729e-11
x,22.528433945745256,2.071070787831057e-11
x,22.534683164592895,1.884523233283244e-11
x,22.540932383440534,5.478395034292453e-12
x,22.547181602288177,1.53311544644282e-12
x,22.55343082113582,2.343591646489263e-11
x,22.55968003998346,1.3122666211290744e-11
x,22.565929258831098,8.370512368242347e-12
x,22.57217847767874,6.522155305874834e-11
x,22.578427696526383,5.864128430592502e-11
x,22.584676915374022,9.709229630319035e-12
x,22.59092613422166,1.1525084468973394e-11
x,22.597175353069304,4.675727405207817e-11
x,22.603424571916946,3.933401438417305e-11
x,22.609673790764585,7.222819293179656e-12
x,22.615923009612224,6.8233752204549265e-12
x,22.622172228459867,6.200650401562456e-12
x,22.62842144730751,3.4919393978689237e-13
x,22.63467066615515,2.6502840330264983e-13
x,22.640919885002788,3.2228079600585615e-13
x,22.64716910385043,1.5268990294375971e-12
x,22.653418322698073,8.494314144766159e-12
x,22.659667541545712,4.486927748109874e-12
x,22.66591676039335,5.7738000786936655e-12
x,22.672165979240994,8.139969167079574e-13
x,22.678415198088636,3.7127210872234205e-12
x,22.684664416936275,3.3115860362818975e-12
x,22.690913635783915,7.957867404469321e-13
x,22.697162854631557,1.3949158201094852e-12
x,22.7034120734792,1.1643399579810629e-12
x,22.70966129232684,6.443032724345218e-13
x,22.715910511174478,1.6613161172149376e-12
x,22.72215973002212,1.477333904837068e-12
x,22.728408948869763,2.1327427751675453e-12
x,22.734658167717402,1.7971754906577927e-12
x,22.74090738656504,1.412112116168087e-12
x,22.747156605412684,1.027465264042153e-13
x,22.753405824260327,5.206527950196733e-13
x,22.759655043107966,2.0450026263227464e-12
x,22.765904261955605,3.638970236078438e-12
x,22.772153480803247,1.2947921527910344e-12
x,22.77840269965089,2.1310102337861618e-12
x,22.78465191849853,3.940795583620018e-12
x,22.790901137346168,1.7800731878104798e-12
x,22.79715035619381,5.539620658565134e-13
x,22.803399575041453,1.0914428320979254e-12
x,22.809648793889092,1.8087531631660974e-12
x,22.81589801273673,4.7384483331210804e-12
x,22.822147231584374,4.5922708956328615e-12
x,22.828396450432017,1.2644809262135753e-12
x,22.834645669279656,3.520464946998725e-12
x,22.840894888127295,4.318520923864377e-12
x,22.847144106974937,1.4162930109759742e-12
x,22.85339332582258,6.821103612155379e-13
x,22.85964254467022,3.267002067656651e-13
x,22.86589176351786,3.485837705550091e-14
x,22.8721409823655,2.8850401522512636e-13
x,22.878390201213143,1.7363099689422626e-12
x,22.884639420060783,4.176490027145249e-13
x,22.89088863890842,2.4220174167339356e-12
x,22.897137857756064,2.0320096281887923e-12
x,22.903387076603707,2.3492205260583807e-12
x,22.909636295451346,3.534196427468813e-12
x,22.915885514298985,3.1837828227607288e-12
x,22.922134733146628,4.008196363944929e-12
x,22.92838395199427,2.499807599876504e-12
x,22.93463317084191,9.047212346251246e-13
x,22.94088238968955,3.894338890468837e-13
x,22.94713160853719,2.5437709640273905e-12
x,22.953380827384834,5.949402876333747e-13
x,22.959630046232473,7.709095876199629e-13
x,22.965879265080112,1.382928748065638e-13
x,22.972128483927754,6.883250192127081e-13
x,22.978377702775397,3.1135732722100026e-13
x,22.984626921623036,1.0261076039045817e-12
x,22.990876140470675,3.165378101292841e-12
x,22.997125359318318,6.25674007696168e-13
x,23.00337457816596,6.719484314822687e-13
x,23.0096237970136,4.07320340378266e-14
x,23.01587301586124,5.60623182248346e-12
x,23.02212223470888,1.2275452958462488e-11
x,23.028371453556524,4.971384317035431e-12
x,23.034620672404163,4.634699003988046e-12
x,23.040869891251802,4.219178544998253e-12
x,23.047119110099445,3.291232723734883e-12
x,23.053368328947087,2.1352691365765017e-12
x,23.059617547794726,3.0504534620092454e-12
x,23.065866766642365,2.937425440788215e-12
x,23.072115985490008,6.67038944104148e-13
x,23.07836520433765,1.998718007618857e-12
x,23.08461442318529,2.541086057774822e-12
x,23.09086364203293,2.4759515093539723e-12
x,23.09711286088057,1.1958145645253674e-12
x,23.103362079728214,1.6797718175069863e-12
x,23.109611298575853,1.091650063248563e-13
x,23.115860517423492,9.061604726176663e-13
x,23.122109736271135,4.598921895902318e-13
x,23.128358955118777,9.022815997818401e-13
x,23.134608173966416,2.744254773395809e-12
x,23.140857392814056,2.2731099138495202e-11
x,23.147106611661698,1.966545178648423e-11
x,23.15335583050934,5.777131124092409e-12
x,23.15960504935698,5.219178758421821e-12
x,23.16585426820462,1.3971948936200689e-11
x,23.17210348705226,2.0498424862577308e-11
x,23.178352705899904,1.842429505925621e-11
x,23.184601924747543,4.171153542521791e-12
x,23.190851143595182,2.7371909556142886e-11
x,23.197100362442825,2.7740398697541484e-11
x,23.203349581290468,9.109531401467975e-12
x,23.209598800138107,3.539740421911251e-11
x,23.215848018985746,1.7249662274321896e-12
x,23.22209723783339,3.1510090558169176e-12
x,23.22834645668103,1.0151588030652277e-11
x,23.23459567552867,5.6648062326214404e-12
x,23.24084489437631,1.579396127169754e-12
x,23.24709411322395,3.7405538789202766e-11
x,23.253343332071594,2.2849222789930773e-11
x,23.259592550919233,2.0073332082819526e-11
x,23.265841769766872,1.6566376840468868e-11
x,23.272090988614515,6.5866805446492835e-12
x,23.278340207462158,3.4766719206883585e-12
x,23.284589426309797,1.0731895746995165e-12
x,23.290838645157436,1.7487403184997876e-12
x,23.29708786400508,1.7394019765020414e-11
x,23.30333708285272,2.3218027733003463e-11
x,23.30958630170036,4.045559273470295e-12
x,23.315835520548,4.964523355697477e-13
x,23.322084739395642,1.1076350786470691e-12
x,23.328333958243284,4.572912153522932e-12
x,23.334583177090924,8.900779359669415e-12
x,23.340832395938563,1.7048797962089685e-11
x,23.347081614786205,1.65212454808137e-11
x,23.353330833633848,2.1551829952066473e-12
x,23.359580052481487,1.3146056621933962e-12
x,23.365829271329126,2.865062783153091e-12
x,23.37207849017677,2.077212847610868e-12
x,23.37832770902441,3.032488317308799e-12
x,23.38457692787205,5.354087763046775e-12
x,23.39082614671969,3.387916848617369e-12
x,23.397075365567332,5.471065004363871e-13
x,23.403324584414975,6.776582474167239e-13
x,23.409573803262614,2.122037017072317e-12
x,23.415823022110253,9.880858520010474e-14
x,23.422072240957895,3.1010377669476986e-13
x,23.428321459805538,2.5518438469693007e-12
x,23.434570678653177,4.014314054321273e-13
x,23.440819897500816,6.4569908248316664e-15
x,23.44706911634846,2.605634227085285e-12
x,23.4533183351961,5.51627941978287e-12
x,23.45956755404374,4.133602235698687e-13
x,23.46581677289138,2.298609789998111e-12
x,23.472065991739022,6.719554030422661e-13
x,23.478315210586665,1.4379911068665101e-12
x,23.484564429434304,1.1048429726151235e-12
x,23.490813648281943,1.0069465866572828e-12
x,23.497062867129586,1.8923297122755704e-12
x,23.503312085977228,1.094204199329069e-12
x,23.509561304824867,1.6881734460958536e-12
x,23.515810523672506,3.6586468848352794e-12
x,23.52205974252015,2.255357178507351e-12
x,23.52830896136779,6.409117945774698e-13
x,23.53455818021543,3.114997860424051e-13
x,23.54080739906307,2.8386817653913282e-12
x,23.547056617910712,2.048189195684226e-12
x,23.553305836758355,2.6226917982219976e-13
x,23.559555055605994,4.542655297618666e-13
x,23.565804274453633,1.549729844695457e-12
x,23.572053493301276,3.485916405358735e-13
x,23.57830271214892,1.5141560960788348e-12
x,23.584551930996557,3.0129306146575505e-12
x,23.590801149844197,3.3590424335923378e-12
x,23.59705036869184,3.3432887133926386e-12
x,23.60329958753948,7.535224360845716e-13
x,23.60954880638712,8.800746989816213e-13
x,23.61579802523476,1.7349608162212425e-13
x,23.622047244082403,1.1348256191760027e-12
x,23.628296462930045,3.836404736452595e-12
x,23.634545681777684,5.717528462542465e-12
x,23.640794900625323,3.924564683148823e-12
x,23.647044119472966,1.3128719452365075e-12
x,23.65329333832061,3.749151481090424e-13
x,23.659542557168248,5.348012254051643e-13
x,23.665791776015887,3.835857899890257e-13
x,23.67204099486353,2.2943919882861126e-12
x,23.678290213711172,3.520367334945408e-12
x,23.68453943255881,7.245823645789119e-13
x,23.69078865140645,4.829971808732843e-13
x,23.697037870254093,6.700113640614884e-13
x,23.703287089101735,1.7042863692601757e-13
x,23.709536307949374,2.146701706385499e-15
x,23.715785526797013,3.2437827724641887e-12
x,23.722034745644656,9.074192532680504e-12
x,23.7282839644923,7.708196073699378e-12
x,23.734533183339938,4.287881609290135e-12
x,23.740782402187577,2.3846808399439778e-12
x,23.74703162103522,4.2416542673752695e-12
x,23.753280839882862,1.6453857139454107e-12
x,23.7595300587305,4.032969562657918e-13
x,23.76577927757814,1.845802756553463e-12
x,23.772028496425783,1.2263007632614387e-12
x,23.778277715273425,3.5881245615699966e-12
x,23.784526934121065,7.781493597216023e-12
x,23.790776152968704,6.2177398149604584e-12
x,23.797025371816346,1.4370907414657106e-12
x,23.80327459066399,3.2827104182418973e-12
x,23.809523809511628,1.0645426123450031e-13
x,23.815773028359267,4.9803643906289166e-12
x,23.82202224720691,5.4046014046472726e-12
x,23.828271466054552,1.2358704966568417e-12
x,23.83452068490219,5.863070030224633e-13
x,23.84076990374983,7.816126468453426e-13
x,23.847019122597473,1.6953918014260369e-12
x,23.853268341445116,9.590568912741177e-13
x,23.859517560292755,2.521642791248847e-13
x,23.865766779140394,2.826806187536647e-13
x,23.872015997988036,9.211482551645516e-13
x,23.87826521683568,9.470344311242247e-13
x,23.884514435683318,4.742191143495431e-13
x,23.890763654530957,9.310023846270987e-14
x,23.8970128733786,2.8247094956052556e-13
x,23.903262092226242,5.9833172470544725e-12
x,23.90951131107388,7.2492851365312355e-12
x,23.91576052992152,2.4361146390005445e-12
x,23.922009748769163,1.999248977069616e-13
x,23.928258967616806,4.0506760158223873e-13
x,23.934508186464445,1.395215763058853e-12
x,23.940757405312084,6.692158208945527e-13
x,23.947006624159727,6.054416424179818e-13
x,23.95325584300737,1.8822690748726356e-13
x,23.95950506185501,1.2054854945901978e-12
x,23.965754280702647,1.3151323572851033e-12
x,23.97200349955029,3.3252434605390186e-14
x,23.978252718397933,6.75180598714996e-14
x,23.98450193724557,1.906171811642596e-12
x,23.99075115609321,4.192052346780991e-12
x,23.997000374940853,6.589684069015801e-12
x,24.003249593788496,1.4131779494882243e-12
x,24.009498812636135,1.0299698761672882e-11
x,24.015748031483774,9.72689777178217e-12
x,24.021997250331417,5.05569326478006e-12
x,24.02824646917906,1.4573420787592454e-11
x,24.0344956880267,6.44618167024667e-12
x,24.040744906874338,3.7269760158169265e-12
x,24.04699412572198,1.4046435532204922e-11
x,24.053243344569623,2.6037269603086234e-12
x,24.059492563417262,3.209321079159764e-12
x,24.0657417822649,9.244560612475867e-12
x,24.071991001112544,1.0662039700932566e-12
x,24.078240219960186,1.1384497922131008e-12
x,24.084489438807825,6.703449451222391e-13
x,24.090738657655464,3.3756932681087093e-13
x,24.096987876503107,5.667655714072143e-13
x,24.10323709535075,1.0120323727889707e-12
x,24.10948631419839,1.3052778944863338e-12
x,24.115735533046028,5.77971370653931e-14
x,24.12198475189367,1.1139341439013157e-12
x,24.128233970741313,2.8852597758314567e-12
x,24.134483189588952,4.126503006994802e-12
x,24.14073240843659,3.637566487896991e-12
x,24.146981627284234,8.421173747805364e-13
x,24.153230846131876,1.0206559802008835e-13
x,24.159480064979515,6.465377671182323e-14
x,24.165729283827154,5.574742610755453e-13
x,24.171978502674797,3.4641086930765704e-13
x,24.17822772152244,1.376515082772759e-13
x,24.18447694037008,1.8854394845028569e-13
x,24.190726159217718,2.090317913289972e-12
x,24.19697537806536,6.274659935077567e-13
x,24.203224596913003,8.27620946981961e-13
x,24.209473815760642,9.265376778867415e-13
x,24.21572303460828,1.9395491657789937e-12
x,24.221972253455924,1.925870394211629e-12
x,24.228221472303566,7.224148705648321e-13
x,24.234470691151206,3.5120263752830443e-12
x,24.240719909998845,3.949619536260764e-12
x,24.246969128846487,1.0180031296985271e-12
x,24.25321834769413,1.9682899866105513e-12
x,24.25946756654177,2.496825679007504e-12
x,24.265716785389408,2.60295923679726e-12
x,24.27196600423705,4.357367698343116e-13
x,24.278215223084693,3.1757951695159714e-12
x,24.284464441932332,3.755822986713699e-12
x,24.29071366077997,1.8454400738947364e-12
x,24.296962879627614,1.5992573353887668e-12
x,24.303212098475257,2.2286020683610702e-12
x,24.309461317322896,5.570246021391505e-12
x,24.315710536170535,7.194990469749503e-12
x,24.321959755018177,9.88400560686044e-12
x,24.32820897386582,2.2442313660853166e-12
x,24.33445819271346,3.4947861874794167e-12
x,24.340707411561098,1.1399982660879137e-12
x,24.34695663040874,2.320927027456746e-13
x,24.353205849256383,4.2362369910776195e-13
x,24.359455068104023,3.899936779780115e-12
x,24.36570428695166,7.93780330190675e-12
x,24.371953505799304,1.976385739088136e-12
x,24.378202724646947,5.444741958960809e-12
x,24.384451943494586,2.7434227050205154e-12
x,24.390701162342225,2.5561024151798876e-12
x,24.396950381189868,3.247502763599411e-12
x,24.40319960003751,7.487264899276515e-12
x,24.40944881888515,1.0029888788658128e-11
x,24.41569803773279,5.042412720440269e-12
x,24.42194725658043,8.140747014720924e-13
x,24.428196475428074,1.015869420968494e-12
x,24.434445694275713,2.1643971238029145e-12
x,24.44069491312335,1.8138876014497922e-12
x,24.446944131970994,4.861335512816007e-12
x,24.453193350818637,5.707972121496982e-12
x,24.459442569666276,2.673523895474672e-12
x,24.465691788513915,1.6639442653587478e-12
x,24.471941007361558,4.854664247647482e-12
x,24.4781902262092,9.95925429590483e-12
x,24.48443944505684,3.0239707881901984e-12
x,24.49068866390448,2.3576463950778118e-12
x,24.49693788275212,3.47851810960769e-13
x,24.503187101599764,2.0228015061295839e-13
x,24.509436320447403,2.2842624927720962e-12
x,24.515685539295042,1.7472114506731394e-12
x,24.521934758142685,8.437752802167935e-13
x,24.528183976990327,8.858068555993336e-12
x,24.534433195837966,8.702501379416542e-12
x,24.540682414685605,1.7081100495507805e-12
x,24.546931633533248,5.310277772792721e-13
x,24.55318085238089,5.525985769606841e-12
x,24.55943007122853,8.181573695285852e-12
x,24.56567929007617,1.3790058061670186e-12
x,24.57192850892381,4.492994502328693e-13
x,24.578177727771454,1.3700643200862788e-12
x,24.584426946619093,3.949572165411385e-13
x,24.590676165466732,7.428408509829125e-13
x,24.596925384314375,3.554522988437454e-14
x,24.603174603162017,6.698039022596666e-15
x,24.609423822009656,1.4752830238873238e-12
x,24.615673040857295,1.7072195820526461e-12
x,24.621922259704938,1.1458406376812619e-12
x,24.62817147855258,2.034855140383062e-14
x,24.63442069740022,9.997846769849696e-13
x,24.64066991624786,1.5880500514761445e-13
x,24.6469191350955,6.142598173477453e-14
x,24.653168353943144,1.0980121646126293e-12
x,24.659417572790783,1.5089206679053423e-12
x,24.665666791638422,6.343406896804283e-13
x,24.671916010486065,6.450919483740582e-13
x,24.678165229333707,8.456017527053852e-13
x,24.684414448181347,8.033174196242691e-13
x,24.690663667028986,1.2569489425272255e-12
x,24.69691288587663,3.795087338439959e-12
x,24.70316210472427,2.5530944355927337e-12
x,24.70941132357191,1.1167704718704296e-12
x,24.71566054241955,6.844870002634341e-13
x,24.72190976126719,8.85773991139112e-13
x,24.728158980114834,5.292688606555501e-13
x,24.734408198962473,1.6984031307381256e-12
x,24.740657417810112,6.5366290260865405e-12
x,24.746906636657755,3.3994321477027714e-12
x,24.753155855505398,1.906753967755452e-13
x,24.759405074353037,2.9371618847635187e-13
x,24.765654293200676,1.2350964451699876e-12
x,24.77190351204832,3.0707699829607226e-12
x,24.77815273089596,6.0864224180884775e-12
x,24.7844019497436,4.368300932606494e-12
x,24.79065116859124,7.48200953810333e-12
x,24.796900387438882,8.266967423829064e-12
x,24.803149606286524,2.8036405520361607e-13
x,24.809398825134164,1.0403871721344405e-12
x,24.815648043981803,1.6630965881029594e-12
x,24.821897262829445,4.104333521875515e-13
x,24.828146481677088,8.902021148008171e-13
x,24.834395700524727,7.872162502293331e-12
x,24.840644919372366,4.671724544513064e-13
x,24.84689413822001,8.344073548234102e-12
x,24.85314335706765,4.283578270653272e-12
x,24.85939257591529,1.8103766338177478e-12
x,24.86564179476293,4.55917376008574e-12
x,24.871891013610572,4.310723769593464e-12
x,24.878140232458215,3.1390324455158882e-12
x,24.884389451305854,1.730571258342091e-12
x,24.890638670153493,1.610221501966558e-12
x,24.896887889001135,4.148509003950492e-12
x,24.903137107848778,3.757800260698702e-12
x,24.909386326696417,2.3014607232045866e-13
x,24.915635545544056,2.3217747853418837e-13
x,24.9218847643917,1.496195973417991e-13
x,24.92813398323934,2.372122887863778e-13
x,24.93438320208698,1.56478344989878e-13
x,24.94063242093462,2.996006560880571e-13
x,24.946881639782262,1.3343714528592958e-13
x,24.953130858629905,1.1892851381408685e-13
x,24.959380077477544,4.293671962598467e-13
x,24.965629296325183,3.8419947435330225e-13
x,24.971878515172826,3.161777311526304e-13
x,24.978127734020468,3.5286306808872735e-12
x,24.984376952868107,2.012143764534541e-12
x,24.990626171715746,1.4111010125942248e-12
x,24.99687539056339,1.5944096185639357e-12
y,0.0,0.0
y,0.006249218847640847,9.539484719653965e-07
y,0.012498437695281694,4.8248941338897765e-08
y,0.01874765654292254,2.6656082795025853e-09
y,0.02499687539056339,4.640545770934593e-10
y,0.031246094238204236,7.321728009007161e-11
y,0.03749531308584508,3.050921704346343e-10
y,0.04374453193348593,1.0756479436060624e-10
y,0.04999375078112678,6.01691503835864e-11
y,0.056242969628767625,9.266254432317793e-11
y,0.06249218847640847,3.6471312824560556e-11
y,0.06874140732404932,1.0896952634787973e-10
y,0.07499062617169017,1.898078955936533e-10
y,0.08123984501933101,2.1773891131265234e-10
y,0.08748906386697186,4.575855156161635e-10
y,0.09373828271461271,6.772113096214102e-10
y,0.09998750156225356,6.11387701748525e-10
y,0.1062367204098944,2.05391740631784e-09
y,0.11248593925753525,5.895429151623638e-10
y,0.1187351581051761,2.859567518055113e-10
y,0.12498437695281694,1.4861594482607638e-09
y,0.1312335958004578,5.354488341461711e-10
y,0.13748281464809864,1.2812319693957783e-09
y,0.1437320334957395,4.327021389673253e-09
y,0.14998125234338033,3.9243689119577356e-09
y,0.15623047119102118,2.306784679223505e-09
y,0.16247969003866203,9.524131966627928e-11
y,0.16872890888630288,2.790739924643777e-09
y,0.17497812773394372,6.135801602616862e-09
y,0.18122734658158457,7.3216773089797535e-09
y,0.18747656542922542,1.2981907920716623e-08
y,0.19372578427686626,9.011068668942012e-09
y,0.1999750031245071,1.2571228347453274e-09
y,0.20622422197214796,1.950182578573631e-09
y,0.2124734408197888,6.051519200237626e-09
y,0.21872265966742965,6.711594817427102e-09
y,0.2249718785150705,1.1025185376807784e-08
y,0.23122109736271135,2.688130530520366e-08
y,0.2374703162103522,2.22898940715604e-08
y,0.24371953505799304,4.650290766834528e-08
y,0.2499687539056339,5.361360988793287e-09
y,0.25621797275327474,5.0997111133577285e-09
y,0.2624671916009156,3.3495104849582083e-09
y,0.26871641044855643,1.5372630320298715e-08
y,0.2749656292961973,4.690040171450082e-08
y,0.2812148481438381,5.8994399143354665e-08
y,0.287464066991479,7.375821957683996e-09
y,0.2937132858391198,1.1568934697215357e-07
y,0.29996250468676067,1.7921215191109569e-07
y,0.3062117235344015,3.2751018231968147e-09
y,0.31246094238204236,4.236872594039937e-08
y,0.3187101612296832,8.101749463767362e-08
y,0.32495938007732406,7.101187560553054e-08
y,0.3312085989249649,3.89009454160324e-08
y,0.33745781777260575,3.159836010122122e-08
y,0.3437070366202466,7.32116660274179e-08
y,0.34995625546788744,1.3637779170448094e-07
y,0.3562054743155283,3.8825965373153144e-08
y,0.36245469316316914,3.107688754370429e-09
y,0.36870391201081,1.8300656627809193e-08
y,0.37495313085845083,1.119019904887054e-08
y,0.3812023497060917,1.215451690323355e-08
y,0.38745156855373253,2.5446999232191907e-08
y,0.3937007874013734,3.393031699184616e-08
y,0.3999500062490142,1.1030801578262103e-07
y,0.40619922509665507,7.857883306248857e-08
y,0.4124484439442959,2.368736620696194e-08
y,0.41869766279193676,3.827808356346517e-08
y,0.4249468816395776,1.6132355038295904e-08
y,0.43119610048721846,5.9308089390514e-08
y,0.4374453193348593,7.715512474427519e-08
y,0.44369453818250015,5.4644700344959714e-08
y,0.449943757030141,2.2864053368888942e-08
y,0.45619297587778185,1.0490352880255104e-08
y,0.4624421947254227,1.0728244095825205e-07
y,0.46869141357306354,3.3096643277577395e-07
y,0.4749406324207044,8.118850181503934e-08
y,0.48118985126834524,4.0999832614426896e-08
y,0.4874390701159861,1.6483146804296718e-07
y,0.49368828896362693,4.650961735257288e-07
y,0.4999375078112678,4.5801841727413565e-07
y,0.5061867266589086,2.0384200852961263e-07
y,0.5124359455065495,1.9272286769091335e-08
y,0.5186851643541903,3.1989731623969593e-07
y,0.5249343832018312,1.2492771103140147e-07
y,0.531183602049472,1.927136673785213e-07
y,0.5374328208971129,1.996362326700539e-07
y,0.5436820397447537,6.878908013351124e-07
y,0.5499312585923946,3.4493500765794795e-08
y,0.5561804774400354,3.003087255597324e-08
y,0.5624296962876763,5.685667800469624e-07
y,0.5686789151353171,1.4433087438485653e-06
y,0.574928133982958,1.7216776583999465e-06
y,0.5811773528305988,8.035420546789295e-07
y,0.5874265716782396,3.6830992557409266e-07
y,0.5936757905258805,4.529623076379133e-07
y,0.5999250093735213,3.6916462437040744e-08
y,0.6061742282211622,1.6597682693498478e-07
y,0.612423447068803,1.3584836711647952e-07
y,0.6186726659164439,5.9065948356568125e-08
y,0.6249218847640847,2.864274649780634e-08
y,0.6311711036117256,1.9658398684973603e-07
y,0.6374203224593664,9.379880564598923e-08
y,0.6436695413070073,1.0133676043892631e-07
y,0.6499187601546481,2.2894517461539947e-07
y,0.656167979002289,2.0767470441463012e-07
y,0.6624171978499298,1.735542012086178e-07
y,0.6686664166975707,2.971922720584812e-07
y,0.6749156355452115,3.413167432155334e-07
y,0.6811648543928523,2.863152436041428e-07
y,0.6874140732404932,6.751042401963298e-08
y,0.693663292088134,3.756862351632857e-08
y,0.6999125109357749,4.676744923489159e-08
y,0.7061617297834157,9.277380266238965e-07
y,0.7124109486310566,2.1728224372351645e-06
y,0.7186601674786974,8.651072695487473e-07
y,0.7249093863263383,4.961587946100421e-08
y,0.7311586051739791,4.4830219573580356e-08
y,0.73740782402162,8.9483327420632e-07
y,0.7436570428692608,1.1606834086297407e-06
y,0.7499062617169017,3.8646929382124696e-07
y,0.7561554805645425,3.6881717119787166e-08
y,0.7624046994121834,1.166311210907492e-07
y,0.7686539182598242,8.139561459201023e-07
y,0.7749031371074651,3.387624062858191e-06
y,0.7811523559551059,6.869895149791867e-07
y,0.7874015748027468,1.7973588344103005e-06
y,0.7936507936503876,1.2223636444986413e-06
y,0.7999000124980284,7.685931961636677e-07
y,0.8061492313456693,2.443338705105758e-06
y,0.8123984501933101,8.956139860456245e-07
y,0.818647669040951,1.9510733004668817e-07
y,0.8248968878885918,5.468090297944295e-06
y,0.8311461067362327,7.886057766473649e-06
y,0.8373953255838735,3.810240101850421e-06
y,0.8436445444315144,3.440761530650281e-06
y,0.8498937632791552,2.464913183878357e-06
y,0.8561429821267961,3.1705499885066392e-06
y,0.8623922009744369,2.73586906938042e-07
y,0.8686414198220778,4.8702892779648024e-06
y,0.8748906386697186,5.4542038220227775e-06
y,0.8811398575173595,1.589482017649831e-05
y,0.8873890763650003,3.446952639267731e-05
y,0.8936382952126412,1.8347990984408146e-05
y,0.899887514060282,1.3068161922350827e-05
y,0.9061367329079228,3.629556640977852e-06
y,0.9123859517555637,1.753545097806374e-05
y,0.9186351706032045,3.076891178057758e-05
y,0.9248843894508454,4.343077463057789e-06
y,0.9311336082984862,3.683835522883622e-06
y,0.9373828271461271,8.790658512943462e-06
y,0.9436320459937679,1.0952376817538743e-05
y,0.9498812648414088,2.2023853805902243e-05
y,0.9561304836890496,1.544813917448749e-06
y,0.9623797025366905,1.575821052863572e-05
y,0.9686289213843313,4.5278834845954726e-05
y,0.9748781402319722,4.496868537438173e-05
y,0.981127359079613,4.667201433094111e-05
y,0.9873765779272539,5.441503706711213e-05
y,0.9936257967748947,2.679258464312871e-05
y,0.9998750156225356,1.7118220738917283e-06
y,1.0061242344701764,1.8049521444279096e-05
y,1.0123734533178173,2.138381384334417e-05
y,1.018622672165458,9.718576558138715e-06
y,1.024871891013099,9.898307208674658e-06
y,1.0311211098607398,2.0250599572808425e-06
y,1.0373703287083806,3.6812836192186395e-05
y,1.0436195475560215,4.122496411720035e-05
y,1.0498687664036623,4.274624801822728e-06
y,1.0561179852513032,1.9872574104383515e-05
y,1.062367204098944,2.973190563964787e-05
y,1.0686164229465849,5.801129642389794e-05
y,1.0748656417942257,4.502979796786018e-05
y,1.0811148606418666,7.0502568462109955e-06
y,1.0873640794895074,1.321235302791205e-05
y,1.0936132983371483,1.3011714253344786e-06
y,1.0998625171847891,4.015965972139829e-06
y,1.10611173603243,8.003944114857092e-06
y,1.1123609548800708,4.731306238392215e-06
y,1.1186101737277117,1.0992603624225888e-05
y,1.1248593925753525,1.6067750522234368e-05
y,1.1311086114229933,2.0649538492116232e-05
y,1.1373578302706342,1.3856610615994658e-06
y,1.143607049118275,1.5155673165572157e-06
y,1.149856267965916,8.44055844191899e-06
y,1.1561054868135567,3.952930840096243e-06
y,1.1623547056611976,2.4586893404826755e-06
y,1.1686039245088384,6.375875452697738e-06
y,1.1748531433564793,1.1343256483793746e-06
y,1.1811023622041201,1.2851333643003451e-05
y,1.187351581051761,5.80597996408905e-06
y,1.1936007998994018,1.0642314904362364e-06
y,1.1998500187470427,2.691417353109311e-09
y,1.2060992375946835,1.120832911318034e-06
y,1.2123484564423244,4.271480929141704e-06
y,1.2185976752899652,5.649583067348028e-06
y,1.224846894137606,7.525390925628352e-07
y,1.231096112985247,4.341184862146542e-08
y,1.2373453318328878,3.269773591141946e-06
y,1.2435945506805286,1.269954813954577e-05
y,1.2498437695281694,9.354850289285118e-06
y,1.2560929883758103,4.048419079552049e-07
y,1.2623422072234511,2.4422259181656965e-07
y,1.268591426071092,1.8294072883036928e-07
y,1.2748406449187328,2.0000450539017125e-06
y,1.2810898637663737,2.9833515371787214e-06
y,1.2873390826140145,2.872137412312347e-06
y,1.2935883014616554,1.8091626933089454e-06
y,1.2998375203092962,1.5103793811377928e-06
y,1.306086739156937,2.4182143759254e-06
y,1.312335958004578,1.412135876052612e-06
y,1.3185851768522188,8.83814586649201e-07
y,1.3248343956998596,2.0762876602258224e-06
y,1.3310836145475005,9.365750564892247e-07
y,1.3373328333951413,5.474049558705242e-07
y,1.3435820522427822,1.3477054544605245e-06
y,1.349831271090423,3.194313265491224e-06
y,1.3560804899380638,1.3647462760801712e-08
y,1.3623297087857047,6.048079151291865e-06
y,1.3685789276333455,7.363168328573842e-06
y,1.3748281464809864,1.0993289444402533e-05
y,1.3810773653286272,2.840604302429061e-05
y,1.387326584176268,2.8458971166619564e-05
y,1.393575803023909,1.7944009413329114e-05
y,1.3998250218715498,6.901394832969232e-08
y,1.4060742407191906,9.133333509502878e-07
y,1.4123234595668315,1.2124039012347168e-05
y,1.4185726784144723,8.805684687081653e-06
y,1.4248218972621132,5.063151392217013e-06
y,1.431071116109754,2.3225100066251208e-06
y,1.4373203349573949,1.0003617052509812e-05
y,1.4435695538050357,3.9462631007699677e-07
y,1.4498187726526766,5.540938190309285e-06
y,1.4560679915003174,1.4557686349614507e-05
y,1.4623172103479583,1.8977985711063016e-05
y,1.468566429195599,7.6145929400376355e-06
y,1.47481564804324,2.866935789797069e-06
y,1.4810648668908808,1.5148138805018476e-06
y,1.4873140857385216,1.6628493594265335e-05
y,1.4935633045861625,9.370194749989305e-06
y,1.4998125234338033,1.0919879253228242e-06
y,1.5060617422814442,1.1112124149034078e-06
y,1.512310961129085,3.0161260860903367e-06
y,1.5185601799767259,5.202374390755644e-06
y,1.5248093988243667,5.051639228577491e-06
y,1.5310586176720076,2.2943732042393217e-06
y,1.5373078365196484,1.3768413937200096e-06
y,1.5435570553672893,2.917692926233154e-06
y,1.5498062742149301,4.18630218464767e-06
y,1.556055493062571,1.318662166017435e-05
y,1.5623047119102118,4.6640880453279e-06
y,1.5685539307578527,3.0153745513675425e-06
y,1.5748031496054935,1.7225849305268795e-06
y,1.5810523684531343,1.096118892833372e-06
y,1.5873015873007752,2.9267002282736156e-06
y,1.593550806148416,1.139229140441531e-06
y,1.599800024996057,2.3781056550227975e-06
y,1.6060492438436977,2.318917107255693e-05
y,1.6122984626913386,1.8243832339595814e-05
y,1.6185476815389794,7.309353275797877e-06
y,1.6247969003866203,7.522135308016887e-06
y,1.6310461192342611,1.3923295910061984e-05
y,1.637295338081902,2.4004019877943688e-05
y,1.6435445569295428,1.557113425913703e-05
y,1.6497937757771837,2.056179060561597e-06
y,1.6560429946248245,4.307809294197163e-05
y,1.6622922134724654,5.843247590929484e-05
y,1.6685414323201062,1.5117477197877725e-06
y,1.674790651167747,2.6815478582484674e-05
y,1.681039870015388,2.4452138427131403e-05
y,1.6872890888630288,9.217875636453455e-06
y,1.6935383077106696,4.459713557927512e-06
y,1.6997875265583104,2.541023657130944e-06
y,1.7060367454059513,5.857204722435061e-07
y,1.7122859642535921,3.2231892675751566e-05
y,1.718535183101233,2.3601651474985754e-05
y,1.7247844019488738,2.448883138710377e-05
y,1.7310336207965147,1.698440238807631e-05
y,1.7372828396441555,7.741978024947243e-06
y,1.7435320584917964,9.627715595929539e-06
y,1.7497812773394372,3.2577850967372068e-06
y,1.756030496187078,1.7672342156816503e-06
y,1.762279715034719,1.2969143061286986e-05
y,1.7685289338823598,3.1910017017339114e-05
y,1.7747781527300006,1.956284411233166e-05
y,1.7810273715776415,1.6601446411773638e-05
y,1.7872765904252823,1.0918813342938753e-05
y,1.7935258092729232,4.88784280857001e-07
y,1.799775028120564,8.457477942851703e-06
y,1.8060242469682048,1.909089230050438e-05
y,1.8122734658158457,2.9715656691713736e-05
y,1.8185226846634865,1.1380070871206649e-05
y,1.8247719035111274,4.1266001217806615e-06
y,1.8310211223587682,1.4878666349855955e-05
y,1.837270341206409,5.650809820963591e-06
y,1.84351956005405,6.556483752343283e-06
y,1.8497687789016908,3.739394179601117e-05
y,1.8560179977493316,1.874050282853294e-05
y,1.8622672165969725,1.733442753267105e-05
y,1.8685164354446133,2.09171069903466e-05
y,1.8747656542922542,1.0730781898948292e-05
y,1.881014873139895,1.4307782649282038e-05
y,1.8872640919875359,9.159333595763338e-06
y,1.8935133108351767,5.924256996798849e-06
y,1.8997625296828176,1.0117430128971142e-05
y,1.9060117485304584,2.3346067498550304e-05
y,1.9122609673780993,7.627897645766478e-05
y,1.91851018622574,0.00015227221504185277
y,1.924759405073381,8.015742829079088e-05
y,1.9310086239210218,7.649169332475929e-06
y,1.9372578427686626,0.0003808789690991075
y,1.9435070616163035,0.0006052893160753387
y,1.9497562804639443,0.06963103847986749
y,1.9560054993115852,0.6080538053882962
y,1.962254718159226,0.30817887719510106
y,1.9685039370068669,0.002637247554070662
y,1.9747531558545077,0.0008381795356811298
y,1.9810023747021486,5.582242929982696e-06
y,1.9872515935497894,3.964481315369005e-05
y,1.9935008123974303,0.00010248523747651559
y,1.9997500312450711,0.00011083207304959594
y,2.005999250092712,3.5454590980866616e-05
y,2.012248468940353,1.92328658237787e-05
y,2.0184976877879937,7.260894973869269e-06
y,2.0247469066356345,2.461772747821671e-06
y,2.0309961254832753,1.7041848130607434e-05
y,2.037245344330916,7.299760868853878e-06
y,2.043494563178557,8.847994895360128e-06
y,2.049743782026198,2.108291047169063e-05
y,2.0559930008738387,9.15429321831779e-06
y,2.0622422197214796,2.2301056593230626e-05
y,2.0684914385691204,1.4095071003927301e-05
y,2.0747406574167613,1.026327156013666e-06
y,2.080989876264402,8.365326736734874e-06
y,2.087239095112043,4.073463670217509e-06
y,2.093488313959684,4.972001620979787e-06
y,2.0997375328073247,1.2725543574826182e-05
y,2.1059867516549655,1.3667096132106176e-05
y,2.1122359705026064,7.21507513005774e-06
y,2.118485189350247,7.921106058869919e-07
y,2.124734408197888,3.5820516221497864e-06
y,2.130983627045529,9.629820424381062e-06
y,2.1372328458931698,1.065334823009458e-05
y,2.1434820647408106,1.2487687000740544e-05
y,2.1497312835884514,1.2305494392780882e-05
y,2.1559805024360923,1.978184947258258e-06
y,2.162229721283733,1.7597777009042963e-06
y,2.168478940131374,3.1777260041481083e-06
y,2.174728158979015,4.559842394485327e-06
y,2.1809773778266557,4.024034318960175e-06
y,2.1872265966742965,1.2442806749019909e-05
y,2.1934758155219374,9.698223132306319e-06
y,2.1997250343695782,1.84509157302037e-05
y,2.205974253217219,6.315672604518778e-06
y,2.21222347206486,1.5912688974585956e-06
y,2.2184726909125008,3.095814459882434e-07
y,2.2247219097601416,3.517531337956079e-06
y,2.2309711286077825,1.0319207601707639e-05
y,2.2372203474554233,1.2925087889455097e-05
y,2.243469566303064,3.9595375942739e-06
y,2.249718785150705,1.2276441583167478e-05
y,2.255968003998346,3.8360927106399096e-05
y,2.2622172228459867,4.778802063527133e-06
y,2.2684664416936275,4.375010793581545e-06
y,2.2747156605412684,9.084838113125867e-06
y,2.2809648793889092,1.1168892796545622e-05
y,2.28721409823655,5.903759514195051e-06
y,2.293463317084191,3.644347723923688e-06
y,2.299712535931832,5.8445754575165666e-06
y,2.3059617547794726,1.250496021693864e-05
y,2.3122109736271135,7.07781934427889e-06
y,2.3184601924747543,9.871905489259242e-08
y,2.324709411322395,1.0697135322952722e-06
y,2.330958630170036,1.3087666067534393e-06
y,2.337207849017677,7.088054826314918e-07
y,2.3434570678653177,1.6755516732881462e-06
y,2.3497062867129586,1.8680002692474719e-06
y,2.3559555055605994,4.913728017532712e-06
y,2.3622047244082403,6.330455182644565e-06
y,2.368453943255881,8.69595061384111e-07
y,2.374703162103522,3.2940567823713766e-06
y,2.380952380951163,5.548218423007812e-07
y,2.3872015997988036,2.1280381982168473e-06
y,2.3934508186464445,3.187341043018243e-06
y,2.3997000374940853,2.619883090306019e-06
y,2.405949256341726,1.2469565266431586e-06
y,2.412198475189367,3.0669332637738536e-07
y,2.418447694037008,1.8924575160594585e-06
y,2.4246969128846487,9.834825216512324e-06
y,2.4309461317322896,5.147669516143038e-06
y,2.4371953505799304,4.559031248403785e-07
y,2.4434445694275713,4.36817503630993e-06
y,2.449693788275212,1.1891932818260535e-05
y,2.455943007122853,1.479991697953028e-05
y,2.462192225970494,6.420543002669391e-06
y,2.4684414448181347,1.5889870870284127e-06
y,2.4746906636657755,5.500972982510892e-06
y,2.4809398825134164,6.639290460617423e-06
y,2.487189101361057,2.7476304615528127e-06
y,2.493438320208698,2.897374504161778e-06
y,2.499687539056339,1.5612261064663667e-05
y,2.5059367579039797,2.3985182111238456e-06
y,2.5121859767516206,2.130957875211084e-06
y,2.5184351955992614,4.713333555377955e-06
y,2.5246844144469023,2.370546910831821e-05
y,2.530933633294543,3.152723343556378e-05
y,2.537182852142184,1.816718292001127e-05
y,2.543432070989825,4.990462073676427e-06
y,2.5496812898374657,7.169225548514532e-06
y,2.5559305086851065,1.9901255608220677e-06
y,2.5621797275327474,1.176873376953903e-06
y,2.568428946380388,2.387982643612085e-06
y,2.574678165228029,7.876086093628745e-07
y,2.58092738407567,1.459071215737234e-07
y,2.5871766029233108,2.3118742189927193e-06
y,2.5934258217709516,1.4319306693031363e-06
y,2.5996750406185924,9.222680059555278e-07
y,2.6059242594662333,2.182735337555811e-06
y,2.612173478313874,2.7690237972242053e-06
y,2.618422697161515,1.6503907521295059e-06
y,2.624671916009156,2.6703186156516364e-06
y,2.6309211348567967,3.018416275368007e-06
y,2.6371703537044375,2.7346034752443678e-06
y,2.6434195725520784,1.1084081219959667e-06
y,2.6496687913997192,2.992730253300642e-07
y,2.65591801024736,8.067848857547109e-07
y,2.662167229095001,3.816402078779656e-06
y,2.6684164479426418,1.6060018781428997e-05
y,2.6746656667902826,9.470687304712485e-06
y,2.6809148856379235,1.1663584648622165e-06
y,2.6871641044855643,1.0656835548098624e-07
y,2.693413323333205,3.8982779924628444e-06
y,2.699662542180846,9.600146872450909e-06
y,2.705911761028487,3.9482217854436685e-06
y,2.7121609798761277,7.995711062798629e-07
y,2.7184101987237685,2.0598468042673605e-07
y,2.7246594175714094,2.2305355750957537e-06
y,2.7309086364190502,1.6245470333762027e-05
y,2.737157855266691,8.486097635730225e-06
y,2.743407074114332,7.336167157421562e-06
y,2.749656292961973,1.0460428626064915e-05
y,2.7559055118096136,3.0578224861876417e-06
y,2.7621547306572545,8.845660662525969e-06
y,2.7684039495048953,7.019535181501286e-06
y,2.774653168352536,3.5447080043066084e-07
y,2.780902387200177,1.4301583869820995e-05
y,2.787151606047818,3.92243490076502e-05
y,2.7934008248954587,1.5521134194558605e-05
y,2.7996500437430996,1.876704103713552e-05
y,2.8058992625907404,7.0502373423752635e-06
y,2.8121484814383813,1.644945229421348e-05
y,2.818397700286022,6.96088772860153e-07
y,2.824646919133663,1.1046473243561366e-05
y,2.830896137981304,2.6519720272442253e-05
y,2.8371453568289446,2.843217781423033e-05
y,2.8433945756765855,0.00011172880978009421
y,2.8496437945242263,6.564081151633476e-05
y,2.855893013371867,3.992965678881154e-05
y,2.862142232219508,1.949077961042215e-05
y,2.868391451067149,2.4644270716474228e-05
y,2.8746406699147897,9.151199360458359e-05
y,2.8808898887624306,2.6870087239625736e-05
y,2.8871391076100714,3.3513598389393765e-06
y,2.8933883264577123,2.161238840830882e-05
y,2.899637545305353,1.2983005029136174e-05
y,2.905886764152994,6.407838254569444e-05
y,2.912135983000635,7.154043564139957e-06
y,2.9183852018482757,2.380071648428747e-05
y,2.9246344206959165,8.076710474316967e-05
y,2.9308836395435574,9.000394198823103e-05
y,2.937132858391198,9.336416634879473e-05
y,2.943382077238839,0.00011367449069004824
y,2.94963129608648,7.836364830340714e-05
y,2.9558805149341207,5.823663034639656e-06
y,2.9621297337817616,1.7139726547052586e-05
y,2.9683789526294024,4.815010533545925e-05
y,2.9746281714770433,1.2687413468797131e-05
y,2.980877390324684,2.5345349957582212e-05
y,2.987126609172325,2.7579792730215983e-06
y,2.993375828019966,3.7691388736963804e-05
y,2.9996250468676067,8.139656077413132e-05
y,3.0058742657152475,1.2950044019575067e-05
y,3.0121234845628884,2.2070395420030134e-05
y,3.018372703410529,3.931529187857718e-05
y,3.02462192225817,6.919818662031813e-05
y,3.030871141105811,7.646691020927095e-05
y,3.0371203599534518,1.0025305472904035e-05
y,3.0433695788010926,1.8224169518033908e-05
y,3.0496187976487334,3.492921758798034e-06
y,3.0558680164963743,1.70313897242534e-06
y,3.062117235344015,1.0530053731681096e-05
y,3.068366454191656,2.486148704021335e-06
y,3.074615673039297,1.2135322154581567e-05
y,3.0808648918869377,1.2512137171106549e-05
y,3.0871141107345785,2.4209135189082725e-05
y,3.0933633295822194,3.957469940200548e-06
y,3.0996125484298602,8.015234440468451e-07
y,3.105861767277501,7.355599440253468e-06
y,3.112110986125142,5.59709905620058e-06
y,3.1183602049727828,1.516449046335382e-06
y,3.1246094238204236,4.3088041829213705e-06
y,3.1308586426680645,1.0511878681209724e-06
y,3.1371078615157053,8.157499284906801e-06
y,3.143357080363346,7.096106827012703e-06
y,3.149606299210987,1.4149844697282714e-06
y,3.155855518058628,1.3019602953731128e-07
y,3.1621047369062687,4.5208985311572325e-07
y,3.1683539557539095,2.0908467894649078e-06
y,3.1746031746015504,4.1232400492368385e-06
y,3.1808523934491912,1.1913557552298215e-06
y,3.187101612296832,5.5763652540211174e-08
y,3.193350831144473,1.166345306373667e-06
y,3.199600049992114,6.451780635307485e-06
y,3.2058492688397546,7.716931998269124e-06
y,3.2120984876873955,8.206897066553375e-07
y,3.2183477065350363,8.341920861883033e-08
y,3.224596925382677,7.390401183425656e-09
y,3.230846144230318,8.259088101360223e-07
y,3.237095363077959,1.60190809792189e-06
y,3.2433445819255997,1.6697897125481356e-06
y,3.2495938007732406,1.0549935578879358e-06
y,3.2558430196208814,5.878373464407237e-07
y,3.2620922384685223,1.1043209103917714e-06
y,3.268341457316163,8.566049790569508e-07
y,3.274590676163804,3.904735501943536e-07
y,3.280839895011445,7.272287654334251e-07
y,3.2870891138590856,7.846320288039056e-07
y,3.2933383327067265,7.767733688148858e-08
y,3.2995875515543673,4.0307403230410906e-07
y,3.305836770402008,1.3487791197562891e-06
y,3.312085989249649,1.7115320101686015e-07
y,3.31833520809729,1.5569142886443426e-06
y,3.3245844269449307,3.077463913614519e-06
y,3.3308336457925716,3.2621041136703085e-06
y,3.3370828646402124,8.431428297499528e-06
y,3.3433320834878533,9.422135208033047e-06
y,3.349581302335494,7.492574172854426e-06
y,3.355830521183135,7.446894286661267e-07
y,3.362079740030776,4.315421083168167e-07
y,3.3683289588784167,1.8512231643311758e-06
y,3.3745781777260575,4.011883331578326e-06
y,3.3808273965736984,9.371031068611021e-07
y,3.387076615421339,1.124391008898932e-06
y,3.39332583426898,2.194702635849529e-06
y,3.399575053116621,4.46735634015289e-07
y,3.4058242719642617,9.718380744209368e-07
y,3.4120734908119026,3.1128903362612707e-06
y,3.4183227096595434,4.888514275793631e-06
y,3.4245719285071843,2.157809084530795e-06
y,3.430821147354825,8.918937501768437e-07
y,3.437070366202466,4.220481313877909e-08
y,3.443319585050107,3.3151564339307036e-06
y,3.4495688038977477,3.1335941255508684e-06
y,3.4558180227453885,4.856098125620691e-07
y,3.4620672415930294,2.27501088446666e-07
y,3.46831646044067,5.156127999882435e-07
y,3.474565679288311,9.66501747282161e-07
y,3.480814898135952,1.0735264978403226e-06
y,3.4870641169835928,6.840043533224092e-07
y,3.4933133358312336,6.116362851754756e-08
y,3.4995625546788744,5.89350514065145e-07
y,3.5058117735265153,2.14975243638265e-07
y,3.512060992374156,2.3372670246069714e-06
y,3.518310211221797,1.0665223303822996e-06
y,3.524559430069438,4.795481875910707e-07
y,3.5308086489170787,3.2430593651656066e-07
y,3.5370578677647195,1.254208190792591e-07
y,3.5433070866123604,4.1119930470956283e-07
y,3.5495563054600012,2.385358717708568e-07
y,3.555805524307642,3.2750199982285374e-08
y,3.562054743155283,2.4847317821225445e-06
y,3.5683039620029238,3.0289625081330173e-06
y,3.5745531808505646,1.1665581805901493e-06
y,3.5808023996982055,8.179316098853269e-07
y,3.5870516185458463,1.2862719613575717e-06
y,3.593300837393487,2.7128577730660084e-06
y,3.599550056241128,2.212046346449649e-06
y,3.605799275088769,8.506602545506333e-07
y,3.6120484939364097,2.334271094571019e-06
y,3.6182977127840505,7.152693609834707e-06
y,3.6245469316316914,6.444095122453806e-07
y,3.6307961504793322,2.3449763691511523e-06
y,3.637045369326973,2.5870453263436856e-06
y,3.643294588174614,1.0075110928701702e-06
y,3.649543807022255,5.753220607647895e-07
y,3.6557930258698956,1.9233689837231064e-07
y,3.6620422447175365,4.0863726482796796e-08
y,3.6682914635651773,1.742545816707266e-06
y,3.674540682412818,2.508068325408037e-06
y,3.680789901260459,1.5312050892558027e-06
y,3.6870391201081,1.7214237381851628e-06
y,3.6932883389557407,5.780801232334661e-07
y,3.6995375578033816,6.960899639447676e-07
y,3.7057867766510224,3.161495239556261e-07
y,3.7120359954986633,9.2477536445914e-08
y,3.718285214346304,4.738312253298254e-07
y,3.724534433193945,1.9328233543269375e-06
y,3.730783652041586,1.3717309456139685e-06
y,3.7370328708892266,8.503527516439768e-07
y,3.7432820897368675,6.369554704576339e-07
y,3.7495313085845083,8.103286957802851e-08
y,3.755780527432149,3.023216374546433e-07
y,3.76202974627979,8.326356022807026e-07
y,3.768278965127431,1.4007909387329841e-06
y,3.7745281839750717,7.897790096779033e-07
y,3.7807774028227126,1.6019956315580443e-07
y,3.7870266216703534,4.3743076563158587e-07
y,3.7932758405179943,4.212583203979017e-07
y,3.799525059365635,1.4603907858729738e-07
y,3.805774278213276,1.127998299076318e-06
y,3.812023497060917,8.819677228246417e-07
y,3.8182727159085577,4.358672497704315e-07
y,3.8245219347561985,7.240658260182061e-07
y,3.8307711536038394,3.2743155932655053e-07
y,3.83702037245148,3.713218059765525e-07
y,3.843269591299121,3.2908262808725793e-07
y,3.849518810146762,1.0830610830898418e-07
y,3.8557680289944027,2.2350522108731872e-07
y,3.8620172478420436,3.925065928160287e-07
y,3.8682664666896844,1.1556015611833448e-06
y,3.8745156855373253,3.30256483359617e-06
y,3.880764904384966,2.51410821300804e-06
y,3.887014123232607,1.6057776218536539e-07
y,3.893263342080248,3.030945867838315e-06
y,3.8995125609278887,6.861530576636312e-06
y,3.9057617797755295,0.00010388080919178274
y,3.9120109986231704,0.0019839296934787863
y,3.918260217470811,0.001952011378104584
y,3.924509436318452,7.80213009843075e-05
y,3.930758655166093,1.3991177678043567e-05
y,3.9370078740137338,7.041720213153536e-07
y,3.9432570928613746,4.6601123984919497e-07
y,3.9495063117090154,1.0899207680143092e-06
y,3.9557555305566563,1.5054763025513609e-06
y,3.962004749404297,5.458079907660348e-07
y,3.968253968251938,2.920539832493594e-07
y,3.974503187099579,1.2909453449360147e-07
y,3.9807524059472197,1.607294696530419e-08
y,3.9870016247948605,1.6933722679174653e-07
y,3.9932508436425014,8.566217797662377e-08
y,3.9995000624901422,5.6069628501842e-08
y,4.005749281337783,1.8504718314537434e-07
y,4.011998500185424,9.390290332560409e-08
y,4.018247719033065,1.2736666068438747e-07
y,4.024496937880706,1.51849425920624e-07
y,4.0307461567283465,8.899223753993228e-09
y,4.036995375575987,3.668146114142041e-08
y,4.043244594423628,3.624126192346532e-08
y,4.049493813271269,3.126247560468763e-08
y,4.05574303211891,5.574967363943838e-08
y,4.061992250966551,8.105845396582185e-08
y,4.0682414698141915,4.5700610531477865e-08
y,4.074490688661832,9.876743015725048e-09
y,4.080739907509473,1.051615030104438e-08
y,4.086989126357114,4.272131647546391e-08
y,4.093238345204755,5.231383710308184e-08
y,4.099487564052396,4.778578433913421e-08
y,4.105736782900037,5.6849275865092107e-08
y,4.1119860017476775,1.4144591887703278e-08
y,4.118235220595318,8.143398025813627e-09
y,4.124484439442959,1.0633697680062372e-08
y,4.1307336582906,1.652433764960104e-08
y,4.136982877138241,1.2445633460461212e-08
y,4.143232095985882,3.701206741404852e-08
y,4.149481314833523,4.3431847633506134e-08
y,4.155730533681163,5.942024116984247e-08
y,4.161979752528804,4.191740655886992e-08
y,4.168228971376445,4.032729039113923e-09
y,4.174478190224086,4.272337869913361e-09
y,4.180727409071727,7.757684612221798e-09
y,4.186976627919368,3.026425498441125e-08
y,4.1932258467670085,4.724095033643228e-08
y,4.199475065614649,2.0759135453008623e-08
y,4.20572428446229,2.157309761148284e-08
y,4.211973503309931,1.3802403303698244e-07
y,4.218222722157572,4.804423111956361e-08
y,4.224471941005213,7.414707425336305e-09
y,4.230721159852854,2.409088838446807e-08
y,4.236970378700494,4.293032399856469e-08
y,4.243219597548135,2.9478862751729645e-08
y,4.249468816395776,1.565140061714162e-08
y,4.255718035243417,1.8620001545531617e-08
y,4.261967254091058,4.270037978317556e-08
y,4.268216472938699,4.0535004300405476e-08
y,4.2744656917863395,2.5598137868737852e-09
y,4.28071491063398,2.433807854416392e-09
y,4.286964129481621,7.021399784302839e-09
y,4.293213348329262,2.5027966160260543e-09
y,4.299462567176903,7.106757780874475e-09
y,4.305711786024544,8.264567811741332e-09
y,4.311961004872185,1.742222167728378e-08
y,4.318210223719825,3.4068530937738656e-08
y,4.324459442567466,5.649943926664654e-09
y,4.330708661415107,2.054274816397048e-08
y,4.336957880262748,6.277029769644123e-09
y,4.343207099110389,8.094075727581281e-09
y,4.34945631795803,1.584850752726096e-08
y,4.3557055368056705,1.6120243148584153e-08
y,4.361954755653311,9.312408008975186e-09
y,4.368203974500952,2.3252039580303796e-09
y,4.374453193348593,5.396987294476177e-09
y,4.380702412196234,4.9250469432444805e-08
y,4.386951631043875,4.987950182661346e-08
y,4.393200849891516,5.227597680925058e-10
y,4.3994500687391564,2.6848662076375365e-08
y,4.405699287586797,7.638711672210453e-08
y,4.411948506434438,1.2636981323749363e-07
y,4.418197725282079,5.904393615090149e-08
y,4.42444694412972,2.2838294524094175e-08
y,4.430696162977361,2.4859306526316408e-08
y,4.4369453818250015,9.180654529961174e-08
y,4.443194600672642,8.715266356060372e-09
y,4.449443819520283,3.1729565883209126e-08
y,4.455693038367924,1.2902175111753432e-07
y,4.461942257215565,5.981512258217992e-08
y,4.468191476063206,2.813544957117601e-08
y,4.474440694910847,1.787708782647494e-08
y,4.4806899137584875,2.0566520141368848e-07
y,4.486939132606128,3.4140518584538143e-07
y,4.493188351453769,2.6325149738651274e-07
y,4.49943757030141,5.759976435859663e-08
y,4.505686789149051,7.646089808784225e-08
y,4.511936007996692,4.429415382940727e-08
y,4.5181852268443325,3.7559427727099565e-09
y,4.524434445691973,3.158485735689758e-08
y,4.530683664539614,1.019297130037574e-08
y,4.536932883387255,4.116429408713014e-09
y,4.543182102234896,2.3878813924239704e-08
y,4.549431321082537,2.4112263873018504e-08
y,4.555680539930178,1.3116343737565743e-08
y,4.5619297587778185,2.4965014140976233e-08
y,4.568178977625459,4.510900842703928e-08
y,4.5744281964731,2.75906091466595e-08
y,4.580677415320741,3.6770627990131444e-08
y,4.586926634168382,4.2812667341346056e-08
y,4.593175853016023,4.1478881111937127e-08
y,4.599425071863664,2.432333021033566e-08
y,4.605674290711304,5.772893192605834e-09
y,4.611923509558945,2.0873977216397762e-08
y,4.618172728406586,3.273091386779914e-08
y,4.624421947254227,2.3183941304520806e-07
y,4.630671166101868,2.1436655594576872e-07
y,4.636920384949509,4.491922719936365e-08
y,4.6431696037971495,3.701396653085448e-09
y,4.64941882264479,3.5667137654497056e-08
y,4.655668041492431,2.0138614194181412e-07
y,4.661917260340072,1.1775929581874856e-07
y,4.668166479187713,3.226305967383017e-08
y,4.674415698035354,1.9201768938726697e-09
y,4.680664916882995,1.9172959965975143e-08
y,4.686914135730635,2.4273792494452856e-07
y,4.693163354578276,2.8669505626746606e-07
y,4.699412573425917,9.076642727171179e-08
y,4.705661792273558,3.2198859773575043e-07
y,4.711911011121199,9.01733897544818e-08
y,4.71816022996884,1.2765397222109224e-07
y,4.7244094488164805,2.0794957520887385e-07
y,4.730658667664121,4.157154107619476e-09
y,4.736907886511762,2.0053783926937484e-07
y,4.743157105359403,9.220513276218756e-07
y,4.749406324207044,4.901263775083448e-07
y,4.755655543054685,4.92328946447897e-07
y,4.761904761902326,2.311937257038914e-07
y,4.768153980749966,4.41684900616508e-07
y,4.774403199597607,5.577254822257182e-08
y,4.780652418445248,1.7935194880792665e-07
y,4.786901637292889,7.923044047620962e-07
y,4.79315085614053,4.652171168600202e-07
y,4.799400074988171,2.6872780967429735e-06
y,4.8056492938358115,2.135332692129303e-06
y,4.811898512683452,1.1044682557445768e-06
y,4.818147731531093,7.702100923210365e-07
y,4.824396950378734,3.0382367487380344e-07
y,4.830646169226375,2.4078433071435587e-06
y,4.836895388074016,1.3355521915666533e-06
y,4.843144606921657,8.532829041538757e-08
y,4.8493938257692975,4.92108824840833e-07
y,4.855643044616938,2.2165003214530012e-07
y,4.861892263464579,1.892577165887782e-06
y,4.86814148231222,5.057955038911133e-07
y,4.874390701159861,5.880499510309059e-07
y,4.880639920007502,1.9951871670899643e-06
y,4.8868891388551425,2.6239592377599555e-06
y,4.893138357702783,2.8147816938116804e-06
y,4.899387576550424,3.644453507735076e-06
y,4.905636795398065,3.4505634516691477e-06
y,4.911886014245706,4.455629324250664e-07
y,4.918135233093347,2.7844599646379426e-07
y,4.924384451940988,1.6230267054629007e-06
y,4.9306336707886285,4.1903101811158944e-07
y,4.936882889636269,1.0474815427053524e-06
y,4.94313210848391,2.754396114576923e-07
y,4.949381327331551,7.007999802761784e-07
y,4.955630546179192,3.1018641699613657e-06
y,4.961879765026833,1.06791220013132e-06
y,4.9681289838744735,5.02339707929789e-07
y,4.974378202722114,1.3318967969443436e-06
y,4.980627421569755,2.263426992773487e-06
y,4.986876640417396,3.102306509471321e-06
y,4.993125859265037,7.104614694406136e-07
y,4.999375078112678,5.961326249334608e-07
y,5.005624296960319,2.6059877870629393e-07
y,5.0118735158079595,1.3392658273463644e-08
y,5.0181227346556,3.557123566729319e-07
y,5.024371953503241,9.490530871943403e-08
y,5.030621172350882,3.8838136445398045e-07
y,5.036870391198523,4.482169876686289e-07
y,5.043119610046164,8.987247233782873e-07
y,5.049368828893805,3.409355948305961e-07
y,5.055618047741445,1.8040012745742523e-08
y,5.061867266589086,2.4729692841573687e-07
y,5.068116485436727,3.0527057887571884e-07
y,5.074365704284368,7.226903666602865e-08
y,5.080614923132009,1.1507785819440061e-07
y,5.08686414197965,7.675491804340089e-08
y,5.0931133608272905,2.0693204855315077e-07
y,5.099362579674931,3.834940196435573e-07
y,5.105611798522572,9.27886966337208e-08
y,5.111861017370213,2.3245024617030066e-08
y,5.118110236217854,8.599195949741119e-09
y,5.124359455065495,6.2841318547334e-08
y,5.130608673913136,1.660669207750931e-07
y,5.136857892760776,9.054836865192111e-08
y,5.143107111608417,1.1313309556478916e-08
y,5.149356330456058,2.8701359799467103e-08
y,5.155605549303699,2.123896205168044e-07
y,5.16185476815134,4.05193222892346e-07
y,5.168103986998981,9.30107539564544e-08
y,5.1743532058466215,7.488730297315494e-10
y,5.180602424694262,1.0827895458094375e-09
y,5.186851643541903,2.4624068192436662e-08
y,5.193100862389544,7.156856983000603e-08
y,5.199350081237185,8.785408282077272e-08
y,5.205599300084826,5.7762618768836616e-08
y,5.211848518932467,2.679085989433832e-08
y,5.218097737780107,4.655341226285341e-08
y,5.224346956627748,4.895107270623265e-08
y,5.230596175475389,2.3747114554162803e-08
y,5.23684539432303,2.8155698881636805e-08
y,5.243094613170671,5.3396555696347095e-08
y,5.249343832018312,2.207605473599271e-10
y,5.2555930508659525,1.6736964231872842e-08
y,5.261842269713593,6.037178713310196e-08
y,5.268091488561234,3.128368911380522e-08
y,5.274340707408875,4.100194394532928e-08
y,5.280589926256516,1.684079522836318e-07
y,5.286839145104157,1.6085559270064355e-07
y,5.293088363951798,3.7055470688479454e-07
y,5.2993375827994385,4.789911741206799e-07
y,5.305586801647079,4.322739171195805e-07
y,5.31183602049472,1.287377576267248e-07
y,5.318085239342361,1.8783154929889726e-08
y,5.324334458190002,3.098251098489525e-08
y,5.330583677037643,2.5664126856885245e-07
y,5.3368328958852835,3.504329711632044e-08
y,5.343082114732924,1.04354662376588e-07
y,5.349331333580565,7.509675951986573e-08
y,5.355580552428206,5.784394572986478e-08
y,5.361829771275847,2.6618829162862396e-08
y,5.368078990123488,1.4761078217400946e-07
y,5.374328208971129,2.814415874942203e-07
y,5.3805774278187695,1.4965514307769493e-07
y,5.38682664666641,5.962065952433891e-08
y,5.393075865514051,1.109225599698922e-09
y,5.399325084361692,1.5272635468524208e-07
y,5.405574303209333,2.5053843551688217e-07
y,5.411823522056974,5.815459113389427e-08
y,5.4180727409046145,1.746288138459252e-08
y,5.424321959752255,2.8201750782877262e-08
y,5.430571178599896,5.4222912074424676e-08
y,5.436820397447537,7.02412504993377e-08
y,5.443069616295178,5.621520298043118e-08
y,5.449318835142819,7.001306415445842e-09
y,5.45556805399046,3.01386577049075e-08
y,5.4618172728381005,1.5554568357783662e-09
y,5.468066491685741,1.3347648931358337e-07
y,5.474315710533382,9.623727163475189e-08
y,5.480564929381023,3.295783655279819e-08
y,5.486814148228664,2.5922258585132926e-08
y,5.493063367076305,7.654930724479822e-09
y,5.499312585923946,2.2287920575380295e-08
y,5.505561804771586,1.910066424565456e-08
y,5.511811023619227,3.2515830928672222e-09
y,5.518060242466868,1.0895421459691564e-07
y,5.524309461314509,2.412811347898628e-07
y,5.53055868016215,1.095461244283567e-07
y,5.536807899009791,5.212089552145147e-08
y,5.5430571178574315,7.216570092879566e-08
y,5.549306336705072,1.6505131924492517e-07
y,5.555555555552713,1.887237171185852e-07
y,5.561804774400354,1.0928619296707847e-07
y,5.568053993247995,5.984777179898799e-08
y,5.574303212095636,4.977301386487742e-07
y,5.580552430943277,1.40189923640528e-07
y,5.586801649790917,1.1861185876380892e-07
y,5.593050868638558,2.203964100643099e-07
y,5.599300087486199,8.963822778007998e-08
y,5.60554930633384,4.0829002986290896e-08
y,5.611798525181481,2.3848924447125677e-08
y,5.618047744029122,1.2706428916203273e-08
y,5.6242969628767625,6.303842446368226e-08
y,5.630546181724403,2.2376243319319752e-07
y,5.636795400572044,9.688435955868571e-08
y,5.643044619419685,1.526826568308271e-07
y,5.649293838267326,5.6412999627753594e-08
y,5.655543057114967,4.9194122169811375e-08
y,5.661792275962608,3.384055383393198e-08
y,5.668041494810248,6.755132259163523e-09
y,5.674290713657889,1.941282044267507e-08
y,5.68053993250553,1.2938125858153324e-07
y,5.686789151353171,1.3100988316445413e-07
y,5.693038370200812,6.057159876218062e-08
y,5.699287589048453,4.683980580310942e-08
y,5.7055368078960935,1.2289324629852504e-08
y,5.711786026743734,1.4043341277492594e-08
y,5.718035245591375,5.7471543669493005e-08
y,5.724284464439016,1.002804883193103e-07
y,5.730533683286657,8.527050222699888e-08
y,5.736782902134298,1.1866266792811753e-08
y,5.743032120981939,1.8527732381850433e-08
y,5.7492813398295795,4.492574398248236e-08
y,5.75553055867722,9.375084889885992e-09
y,5.761779777524861,5.855067449728425e-08
y,5.768028996372502,7.939089334453454e-08
y,5.774278215220143,3.062603006776706e-08
y,5.780527434067784,4.755901335541996e-08
y,5.7867766529154245,2.3360812320236283e-08
y,5.793025871763065,2.8353640130886973e-08
y,5.799275090610706,2.3013293085847388e-08
y,5.805524309458347,4.897704003477181e-09
y,5.811773528305988,1.6492070803576956e-08
y,5.818022747153629,1.787609810502169e-08
y,5.82427196600127,4.8124485570248686e-08
y,5.8305211848489105,1.8452622684449129e-07
y,5.836770403696551,2.1579855785676995e-07
y,5.843019622544192,8.164425528705888e-09
y,5.849268841391833,5.294981324050933e-08
y,5.855518060239474,3.832255786754689e-07
y,5.861767279087115,1.4215387796583087e-06
y,5.8680164979347555,3.4461286056616966e-05
y,5.874265716782396,6.539332910133931e-05
y,5.880514935630037,7.216897684431109e-06
y,5.886764154477678,7.16376360546567e-07
y,5.893013373325319,1.286388068663589e-07
y,5.89926259217296,2.2642978351400505e-08
y,5.905511811020601,5.3396068302656055e-08
y,5.9117610298682415,7.910039320310047e-08
y,5.918010248715882,3.606093171680529e-08
y,5.924259467563523,1.9236269455192307e-08
y,5.930508686411164,1.1164791310808348e-08
y,5.936757905258805,1.0320685027440227e-09
y,5.943007124106446,6.8438728010757334e-09
y,5.949256342954087,6.046510185390683e-09
y,5.955505561801727,2.169263190408077e-09
y,5.961754780649368,7.112878271321515e-09
y,5.968003999497009,5.869002921561236e-09
y,5.97425321834465,3.8482362764006504e-09
y,5.980502437192291,7.324606962395399e-09
y,5.986751656039932,7.601391409518012e-10
y,5.9930008748875725,8.193466910531914e-10
y,5.999250093735213,1.7255909866221431e-09
y,6.005499312582854,1.046878670153811e-09
y,6.011748531430495,1.4156419700406009e-09
y,6.017997750278136,2.820017734231685e-09
y,6.024246969125777,1.8637061994819074e-09
y,6.030496187973418,5.83894231648077e-10
y,6.036745406821058,1.303452564959707e-10
y,6.042994625668699,1.0587312676029195e-09
y,6.04924384451634,1.5005012538133106e-09
y,6.055493063363981,1.2765785221918987e-09
y,6.061742282211622,1.5925978985257084e-09
y,6.067991501059263,6.728714671749551e-10
y,6.0742407199069035,2.5220482307050186e-10
y,6.080489938754544,3.5257568990894925e-10
y,6.086739157602185,3.781285110165169e-10
y,6.092988376449826,2.9400726723274795e-10
y,6.099237595297467,7.578656236508297e-10
y,6.105486814145108,1.4455053883273548e-09
y,6.111736032992749,1.503247946499304e-09
y,6.117985251840389,1.7354844492160138e-09
y,6.12423447068803,1.775746044661987e-10
y,6.130483689535671,3.0740606462662926e-10
y,6.136732908383312,8.785672379924968e-11
y,6.142982127230953,8.166290206271195e-10
y,6.149231346078594,1.5666269583283202e-09
y,6.1554805649262345,7.892674644901218e-10
y,6.161729783773875,3.5793551234525666e-10
y,6.167979002621516,4.115180260418736e-09
y,6.174228221469157,3.03021718927502e-09
y,6.180477440316798,4.8964629813981726e-11
y,6.186726659164439,7.070571811607135e-10
y,6.19297587801208,1.4138306571600703e-09
y,6.1992250968597205,1.4074014255441374e-09
y,6.205474315707361,7.140893921533932e-10
y,6.211723534555002,6.334694345893976e-10
y,6.217972753402643,1.3718368939063558e-09
y,6.224221972250284,1.9035043752957047e-09
y,6.230471191097925,3.6424820159581137e-10
y,6.2367204099455655,2.9002000181494352e-11
y,6.242969628793206,3.4065032302453616e-10
y,6.249218847640847,1.049746953942971e-10
y,6.255468066488488,2.680420593666655e-10
y,6.261717285336129,3.552410401286091e-10
y,6.26796650418377,5.922664972718882e-10
y,6.274215723031411,1.4636786896792287e-09
y,6.2804649418790515,5.013361334025558e-10
y,6.286714160726692,1.0137238083319794e-09
y,6.292963379574333,6.900808020237791e-10
y,6.299212598421974,2.718283775577827e-10
y,6.305461817269615,6.647309992729025e-10
y,6.311711036117256,8.449681475794468e-10
y,6.3179602549648965,5.709881756913496e-10
y,6.324209473812537,1.79492578762901e-10
y,6.330458692660178,1.3464616628268775e-10
y,6.336707911507819,1.8355397183683284e-09
y,6.34295713035546,3.4753919391228274e-09
y,6.349206349203101,1.5891212264347395e-10
y,6.355455568050742,1.2586594057533167e-09
y,6.3617047868983825,3.7733402333231225e-09
y,6.367954005746023,8.251744546263055e-09
y,6.374203224593664,4.436474068291077e-09
y,6.380452443441305,1.9663642592871607e-09
y,6.386701662288946,6.217482518597363e-10
y,6.392950881136587,7.246052017316204e-09
y,6.399200099984228,6.023176055884881e-10
y,6.405449318831868,2.4682085436684995e-09
y,6.411698537679509,6.5231626962192234e-09
y,6.41794775652715,7.493034453843364e-09
y,6.424196975374791,1.5704029840870544e-09
y,6.430446194222432,1.4372224801877634e-09
y,6.436695413070073,1.0542096768636756e-08
y,6.4429446319177135,2.3448741438959542e-08
y,6.449193850765354,2.3761946692320094e-08
y,6.455443069612995,5.6308452341677395e-09
y,6.461692288460636,4.570171897935273e-09
y,6.467941507308277,4.780973900681959e-09
y,6.474190726155918,5.677170740062616e-11
y,6.480439945003559,2.1074404041192424e-09
y,6.486689163851199,1.0002306876472067e-09
y,6.49293838269884,5.34977443967686e-10
y,6.499187601546481,1.180951671944542e-09
y,6.505436820394122,2.331437167465726e-09
y,6.511686039241763,1.2697260564236052e-09
y,6.517935258089404,1.5554190968787085e-09
y,6.5241844769370445,3.7069287068748996e-09
y,6.530433695784685,2.881689699956324e-09
y,6.536682914632326,2.7256955047471697e-09
y,6.542932133479967,3.2536841284891086e-09
y,6.549181352327608,3.18681936498666e-09
y,6.555430571175249,2.362416562337145e-09
y,6.56167979002289,7.263721109642532e-10
y,6.56792900887053,2.079534051256188e-09
y,6.574178227718171,2.204066166777629e-09
y,6.580427446565812,1.4674748157086612e-08
y,6.586676665413453,2.168500119346211e-08
y,6.592925884261094,7.079957425471131e-09
y,6.599175103108735,8.007811380981481e-10
y,6.6054243219563755,9.343036593635254e-10
y,6.611673540804016,1.7553462892291655e-08
y,6.617922759651657,1.582221564791728e-08
y,6.624171978499298,5.229115227507318e-09
y,6.630421197346939,6.245844087428042e-10
y,6.63667041619458,6.369470486960288e-10
y,6.642919635042221,1.3404645553248021e-08
y,6.6491688538898615,3.409663848165651e-08
y,6.655418072737502,4.120851698073617e-09
y,6.661667291585143,3.635273035549359e-08
y,6.667916510432784,1.498378752986045e-08
y,6.674165729280425,7.14450461562657e-09
y,6.680414948128066,2.049911732613729e-08
y,6.6866641669757065,1.915784225086267e-09
y,6.692913385823347,1.3475687557310184e-08
y,6.699162604670988,7.459628829648633e-08
y,6.705411823518629,6.89695476440115e-08
y,6.71166104236627,4.32761270718475e-08
y,6.717910261213911,3.911064215267986e-08
y,6.724159480061552,3.7638110418992806e-08
y,6.7304086989091925,1.5739652737443274e-08
y,6.736657917756833,1.0781373923185807e-08
y,6.742907136604474,7.464557263525154e-08
y,6.749156355452115,5.180574759817045e-08
y,6.755405574299756,2.0745345321411797e-07
y,6.761654793147397,2.587540451191497e-07
y,6.7679040119950375,1.1772953098999992e-07
y,6.774153230842678,9.269224059727557e-08
y,6.780402449690319,2.258763511475701e-08
y,6.78665166853796,1.9427607594376776e-07
y,6.792900887385601,1.978662658805271e-07
y,6.799150106233242,2.6182943410387323e-08
y,6.805399325080883,2.964506331891705e-08
y,6.8116485439285235,2.6901329921344365e-08
y,6.817897762776164,1.5267707481594706e-07
y,6.824146981623805,1.0382663714742904e-07
y,6.830396200471446,5.0595315059419284e-08
y,6.836645419319087,1.6838204727661808e-07
y,6.842894638166728,2.488847420099147e-07
y,6.849143857014369,2.724534407842537e-07
y,6.855393075862009,3.678855332417482e-07
y,6.86164229470965,4.4636722534493785e-07
y,6.867891513557291,1.0856634795423255e-07
y,6.874140732404932,1.7889695707374696e-08
y,6.880389951252573,1.4323907363722972e-07
y,6.886639170100214,6.23821403121767e-08
y,6.8928883889478545,1.1278509596289737e-07
y,6.899137607795495,6.45560935406382e-08
y,6.905386826643136,3.0293528277897635e-08
y,6.911636045490777,3.1389019054717377e-07
y,6.917885264338418,2.1359910033586018e-07
y,6.924134483186059,3.28471425294647e-08
y,6.9303837020337,1.307174354979938e-07
y,6.93663292088134,2.2578640014432748e-07
y,6.942882139728981,3.4247486817437724e-07
y,6.949131358576622,1.4104462380122444e-07
y,6.955380577424263,4.505881991271672e-08
y,6.961629796271904,4.880705550636852e-08
y,6.967879015119545,1.0282963742963852e-09
y,6.9741282339671855,2.6660970848639643e-08
y,6.980377452814826,1.8294380498968498e-08
y,6.986626671662467,2.6538497078592854e-08
y,6.992875890510108,5.480863938231198e-08
y,6.999125109357749,7.993930366033525e-08
y,7.00537432820539,6.33029639821951e-08
y,7.011623547053031,9.794358361481127e-10
y,7.017872765900671,2.2563631531841874e-08
y,7.024121984748312,3.96397904808882e-08
y,7.030371203595953,1.2809774476157231e-08
y,7.036620422443594,7.113255907042945e-09
y,7.042869641291235,1.1591984912907694e-08
y,7.049118860138876,9.718441591451217e-09
y,7.0553680789865165,4.677421161157556e-08
y,7.061617297834157,1.5539820219722267e-08
y,7.067866516681798,5.615270293693123e-09
y,7.074115735529439,4.2463441619818526e-10
y,7.08036495437708,5.073286055387134e-09
y,7.086614173224721,1.5682603454737302e-08
y,7.092863392072362,1.4481491342291551e-08
y,7.0991126109200025,3.1548702699957885e-09
y,7.105361829767643,2.2868300989892334e-09
y,7.111611048615284,1.5882194281753855e-08
y,7.117860267462925,4.659758879701067e-08
y,7.124109486310566,2.002355855422982e-08
y,7.130358705158207,2.5079088258118837e-10
y,7.1366079240058475,5.540911261691017e-10
y,7.142857142853488,1.529984144466159e-09
y,7.149106361701129,7.22684068738551e-09
y,7.15535558054877,1.0849393510569419e-08
y,7.161604799396411,7.944430653306528e-09
y,7.167854018244052,3.426937315087611e-09
y,7.174103237091693,4.346283608647161e-09
y,7.1803524559393335,6.118363127264791e-09
y,7.186601674786974,3.906782112224287e-09
y,7.192850893634615,2.7200628635265507e-09
y,7.199100112482256,6.838151595071554e-09
y,7.205349331329897,8.124432471270161e-10
y,7.211598550177538,1.5382362375912722e-09
y,7.2178477690251786,5.38206816392577e-09
y,7.224096987872819,6.678645973331767e-09
y,7.23034620672046,1.3091915801028081e-09
y,7.236595425568101,1.8958176195453743e-08
y,7.242844644415742,1.9944448452981547e-08
y,7.249093863263383,3.668799028810798e-08
y,7.255343082111024,5.446332086168199e-08
y,7.2615923009586645,5.094659811835306e-08
y,7.267841519806305,2.8953419326249972e-08
y,7.274090738653946,1.4128001625322238e-09
y,7.280339957501587,6.785412470720748e-10
y,7.286589176349228,2.8287960722995453e-08
y,7.292838395196869,7.236548760522547e-09
y,7.29908761404451,1.4971562728419273e-08
y,7.30533683289215,5.586885649374202e-09
y,7.311586051739791,1.038950800335042e-08
y,7.317835270587432,6.416158673141118e-10
y,7.324084489435073,1.4278447029736892e-08
y,7.330333708282714,3.350694914408648e-08
y,7.336582927130355,2.259400937347969e-08
y,7.3428321459779955,8.020599589722586e-09
y,7.349081364825636,1.1935941693389017e-09
y,7.355330583673277,1.2556740185207171e-08
y,7.361579802520918,3.771670909316004e-08
y,7.367829021368559,1.3529697858398212e-08
y,7.3740782402162,3.1661645656323607e-09
y,7.380327459063841,3.6440653370840028e-09
y,7.386576677911481,6.275883160283494e-09
y,7.392825896759122,9.143887115579021e-09
y,7.399075115606763,8.48258801401593e-09
y,7.405324334454404,2.8892133964596418e-09
y,7.411573553302045,1.9896996342876006e-09
y,7.417822772149686,9.967011131711547e-10
y,7.4240719909973265,1.2533012037258586e-08
y,7.430321209844967,1.6870414614785603e-08
y,7.436570428692608,5.035251905400393e-09
y,7.442819647540249,4.175029368129859e-09
y,7.44906886638789,1.0765745740473112e-09
y,7.455318085235531,2.068803101928712e-09
y,7.461567304083172,2.9073325091979834e-09
y,7.467816522930812,1.7460674718139273e-09
y,7.474065741778453,6.939160386428042e-09
y,7.480314960626094,3.4686275593365746e-08
y,7.486564179473735,2.112871981756247e-08
y,7.492813398321376,7.453893618170995e-09
y,7.499062617169017,8.497045216201445e-09
y,7.5053118360166575,1.8468188409886523e-08
y,7.511561054864298,2.987222419845086e-08
y,7.517810273711939,2.092306297803033e-08
y,7.52405949255958,3.6007272968929274e-09
y,7.530308711407221,5.640623780911283e-08
y,7.536557930254862,3.8710389191077566e-08
y,7.542807149102503,7.390544383427126e-09
y,7.5490563679501435,3.722049633844655e-08
y,7.555305586797784,1.544997982092732e-08
y,7.561554805645425,4.423999151807411e-09
y,7.567804024493066,6.050216113499618e-09
y,7.574053243340707,3.20915213973952e-09
y,7.580302462188348,2.3818823374824673e-09
y,7.5865516810359885,3.275317418603952e-08
y,7.592800899883629,1.5295850330436822e-08
y,7.59905011873127,2.2627666515219065e-08
y,7.605299337578911,1.1896048572078116e-08
y,7.611548556426552,6.393228317681429e-09
y,7.617797775274193,6.191196727636505e-09
y,7.624046994121834,1.3090361832403051e-09
y,7.6302962129694745,1.4837699779866362e-09
y,7.636545431817115,1.44780513247882e-08
y,7.642794650664756,2.3036965329458747e-08
y,7.649043869512397,9.26744195597154e-09
y,7.655293088360038,6.090297315969971e-09
y,7.661542307207679,2.6382012986907094e-09
y,7.6677915260553196,9.812239305987255e-10
y,7.67404074490296,7.459177819677219e-09
y,7.680289963750601,1.3064303046226156e-08
y,7.686539182598242,1.560312250758518e-08
y,7.692788401445883,2.3984024017435584e-09
y,7.699037620293524,1.1774695259227379e-09
y,7.705286839141165,7.169433532282158e-09
y,7.7115360579888055,1.6268829300212897e-09
y,7.717785276836446,5.124229105316702e-09
y,7.724034495684087,1.1963823215976008e-08
y,7.730283714531728,5.0567411812430125e-09
y,7.736532933379369,5.095204886927931e-09
y,7.74278215222701,3.368918240290479e-09
y,7.749031371074651,4.155527187063262e-09
y,7.755280589922291,2.668530031099628e-09
y,7.761529808769932,6.342038805996895e-10
y,7.767779027617573,2.188925480593476e-09
y,7.774028246465214,1.6231979664442709e-09
y,7.780277465312855,3.6159971092392044e-09
y,7.786526684160496,1.6752840310289503e-08
y,7.7927759030081365,2.974836786486989e-08
y,7.799025121855777,2.6912752744317455e-09
y,7.805274340703418,1.3148397043533776e-09
y,7.811523559551059,3.6073158622897957e-08
y,7.8177727783987,9.46459295355377e-08
y,7.824021997246341,1.1331431257225859e-06
y,7.830271216093982,4.151591057004616e-06
y,7.836520434941622,1.0251196418633347e-06
y,7.842769653789263,5.6638011453806287e-08
y,7.849018872636904,2.637696922751237e-08
y,7.855268091484545,2.0931295083027067e-09
y,7.861517310332186,5.1186051730219966e-09
y,7.867766529179827,6.406608449965287e-09
y,7.8740157480274675,3.83346998256292e-09
y,7.880264966875108,2.0717835101002185e-09
y,7.886514185722749,1.532682921727622e-09
y,7.89276340457039,1.6480966532552714e-10
y,7.899012623418031,3.8783809844021937e-10
y,7.905261842265672,6.935527191842422e-10
y,7.911511061113313,1.6528803410059816e-10
y,7.917760279960953,3.7936338703578424e-10
y,7.924009498808594,5.752511115616883e-10
y,7.930258717656235,2.1786481145833654e-10
y,7.936507936503876,4.928445557248203e-10
y,7.942757155351517,1.0358950697192353e-10
y,7.949006374199158,3.690793233371944e-11
y,7.9552555930467985,1.1088893100575823e-10
y,7.961504811894439,6.538119884745444e-11
y,7.96775403074208,7.597628638202537e-11
y,7.974003249589721,1.9526597312858862e-10
y,7.980252468437362,1.7206965949072283e-10
y,7.986501687285003,6.468455109258219e-11
y,7.992750906132644,1.8710032940724208e-12
y,7.9990001249802845,6.429861287513145e-11
y,8.005249343827925,1.127592237426883e-10
y,8.011498562675566,1.2652485509698663e-10
y,8.017747781523207,1.5032830228770123e-10
y,8.023997000370848,1.0608484207780853e-10
y,8.030246219218489,2.706266536340225e-11
y,8.03649543806613,6.335041229463976e-11
y,8.04274465691377,4.4181585503827284e-11
y,8.048993875761411,5.5715559448017865e-11
y,8.055243094609052,9.991002972949068e-11
y,8.061492313456693,2.6655209638128797e-10
y,8.067741532304334,2.4399989072650566e-10
y,8.073990751151975,3.1214800253058283e-10
y,8.080239969999615,5.752254037222562e-11
y,8.086489188847256,9.455648866446066e-11
y,8.092738407694897,1.413745033655727e-13
y,8.098987626542538,1.2668153370256295e-10
y,8.105236845390179,3.2308847642239057e-10
y,8.11148606423782,2.0061934455782567e-10
y,8.11773528308546,5.4336992127822254e-11
y,8.123984501933101,6.695811824195228e-10
y,8.130233720780742,9.094875063718322e-10
y,8.136482939628383,1.214336380329694e-11
y,8.142732158476024,1.45738840673149e-10
y,8.148981377323665,2.6057013615883567e-10
y,8.155230596171306,3.613746321385544e-10
y,8.161479815018946,1.9622385144977302e-10
y,8.167729033866587,1.2224185969248899e-10
y,8.173978252714228,2.1609762702456467e-10
y,8.180227471561869,3.6363874773984934e-10
y,8.18647669040951,1.3567072167902533e-10
y,8.19272590925715,1.6058042501689532e-12
y,8.198975128104792,5.305415637956448e-11
y,8.205224346952432,3.032344654830974e-11
y,8.211473565800073,4.107650794913371e-11
y,8.217722784647714,6.035245424242039e-11
y,8.223972003495355,7.417490161570877e-11
y,8.230221222342996,1.8212275665759261e-10
y,8.236470441190637,1.1710237003052707e-10
y,8.242719660038277,1.333398668781176e-10
y,8.248968878885918,1.897633983290623e-10
y,8.25521809773356,3.713463499953712e-11
y,8.2614673165812,6.816129473054579e-11
y,8.26771653542884,1.0747346037819618e-10
y,8.273965754276482,8.637434048075642e-11
y,8.280214973124123,3.534372403497322e-11
y,8.286464191971763,1.1907788644042074e-11
y,8.292713410819404,1.2985339129661574e-10
y,8.298962629667045,4.5029657647134687e-10
y,8.305211848514686,7.791609641977697e-11
y,8.311461067362327,1.0994500065711735e-10
y,8.317710286209968,3.4765757346409344e-10
y,8.323959505057609,9.540219960024388e-10
y,8.33020872390525,6.470753790343983e-10
y,8.33645794275289,2.69330182037981e-10
y,8.342707161600531,4.43141111970978e-11
y,8.348956380448172,7.736273459291283e-10
y,8.355205599295813,2.866479562533957e-10
y,8.361454818143454,2.1841522893584008e-10
y,8.367704036991094,5.359060765918494e-10
y,8.373953255838735,1.149079092811591e-09
y,8.380202474686376,1.1640994398716873e-10
y,8.386451693534017,3.728679724819707e-10
y,8.392700912381658,7.188968775818185e-10
y,8.398950131229299,2.3241864841760086e-09
y,8.40519935007694,3.0313612597083663e-09
y,8.41144856892458,9.863254219073824e-10
y,8.417697787772221,3.4510799060274583e-10
y,8.423947006619862,6.274944133100373e-10
y,8.430196225467503,6.46218422687056e-11
y,8.436445444315144,1.546938088562238e-10
y,8.442694663162785,1.5331050480248973e-10
y,8.448943882010425,6.316811367303592e-11
y,8.455193100858066,6.220356849782767e-11
y,8.461442319705707,2.96727248875416e-10
y,8.467691538553348,1.845039599765762e-10
y,8.473940757400989,1.4135726465213122e-10
y,8.48018997624863,3.819904001796053e-10
y,8.48643919509627,4.181373762275356e-10
y,8.492688413943911,2.84980595207765e-10
y,8.498937632791552,3.3252022511105636e-10
y,8.505186851639193,3.1708560356629236e-10
y,8.511436070486834,2.684257657065446e-10
y,8.517685289334475,1.1842931275855907e-10
y,8.523934508182116,2.2383984184182965e-10
y,8.530183727029756,3.638858058088876e-10
y,8.536432945877397,1.0785773753567274e-09
y,8.542682164725038,2.6183798786823514e-09
y,8.548931383572679,1.296670556007204e-09
y,8.55518060242032,1.9794427096490643e-10
y,8.56142982126796,2.6179523418428172e-11
y,8.567679040115602,1.7034051981958013e-09
y,8.573928258963242,2.618142919341107e-09
y,8.580177477810883,1.0562506073452014e-09
y,8.586426696658524,2.061366527483741e-10
y,8.592675915506165,2.799084182383201e-11
y,8.598925134353806,7.796061976474987e-10
y,8.605174353201447,4.295788252311129e-09
y,8.611423572049087,6.399695353736097e-10
y,8.617672790896728,4.370154402418376e-09
y,8.62392200974437,3.2279439088895172e-09
y,8.63017122859201,6.600804363949331e-10
y,8.63642044743965,2.038723453321057e-09
y,8.642669666287292,7.908933019063044e-10
y,8.648918885134933,1.3663849825993088e-09
y,8.655168103982573,6.726649260993464e-09
y,8.661417322830214,1.1430419729933506e-08
y,8.667666541677855,4.79558668835889e-09
y,8.673915760525496,7.407175774530771e-09
y,8.680164979373137,3.7375259834445884e-09
y,8.686414198220778,3.8377865704315935e-09
y,8.692663417068418,6.215713920003308e-10
y,8.69891263591606,7.752912067491963e-09
y,8.7051618547637,1.0140898127843992e-08
y,8.711411073611341,1.7148614142251765e-08
y,8.717660292458982,3.758852052948081e-08
y,8.723909511306623,1.7354614575941033e-08
y,8.730158730154264,1.258580349994524e-08
y,8.736407949001904,4.901743567102784e-09
y,8.742657167849545,1.6630588874652044e-08
y,8.748906386697186,3.200690213004208e-08
y,8.755155605544827,7.985682478687529e-09
y,8.761404824392468,1.7893195865987268e-09
y,8.767654043240109,5.0368763544314135e-09
y,8.77390326208775,1.1562464213426677e-08
y,8.78015248093539,2.1294442975435e-08
y,8.786401699783031,5.035784853439651e-09
y,8.792650918630672,1.9572244948471985e-08
y,8.798900137478313,2.9073979121277108e-08
y,8.805149356325954,3.220135382108554e-08
y,8.811398575173595,4.494651014442616e-08
y,8.817647794021235,6.556966935398342e-08
y,8.823897012868876,2.8164427201943772e-08
y,8.830146231716517,2.3336338813544324e-09
y,8.836395450564158,1.347804551287248e-08
y,8.842644669411799,1.2124539632722691e-08
y,8.84889388825944,1.2598077174822863e-08
y,8.85514310710708,1.42806716141041e-08
y,8.861392325954721,1.7823621184536292e-09
y,8.867641544802362,3.407583854214953e-08
y,8.873890763650003,4.314254281451292e-08
y,8.880139982497644,5.748506066200518e-09
y,8.886389201345285,1.4551419586422578e-08
y,8.892638420192926,2.793123915814807e-08
y,8.898887639040566,4.517378516066729e-08
y,8.905136857888207,2.8667330508834794e-08
y,8.911386076735848,3.85021768544117e-09
y,8.917635295583489,9.259091960253086e-09
y,8.92388451443113,6.9351049666303e-10
y,8.93013373327877,1.826339830843018e-09
y,8.936382952126412,3.5841103091628976e-09
y,8.942632170974052,1.506219125577578e-09
y,8.948881389821693,8.197458289673296e-09
y,8.955130608669334,8.254565185056043e-09
y,8.961379827516975,1.1358566660922904e-08
y,8.967629046364616,4.78076817064897e-10
y,8.973878265212257,2.6945930392126752e-09
y,8.980127484059897,5.5986813248523854e-09
y,8.986376702907538,2.7947230395675156e-09
y,8.99262592175518,5.511088488933271e-10
y,8.99887514060282,1.6176324544190597e-09
y,9.00512435945046,2.9050054284638903e-10
y,9.011373578298102,5.827521981081755e-09
y,9.017622797145743,3.0435523153992494e-09
y,9.023872015993383,1.20554178038317e-09
y,9.030121234841024,1.4390092391877268e-10
y,9.036370453688665,5.280721736383725e-10
y,9.042619672536306,1.7115331051631232e-09
y,9.048868891383947,2.38359930727371e-09
y,9.055118110231588,8.249984948824608e-10
y,9.061367329079228,3.794180470428946e-10
y,9.06761654792687,1.3909942259437842e-09
y,9.07386576677451,5.641129650984224e-09
y,9.080114985622151,4.241737334639695e-09
y,9.086364204469792,2.409736935996364e-10
y,9.092613423317433,1.465104850746432e-10
y,9.098862642165074,1.4314230024577236e-10
y,9.105111861012714,7.944847803858546e-10
y,9.111361079860355,1.5223000787101305e-09
y,9.117610298707996,1.3780737214275469e-09
y,9.123859517555637,5.525287689130082e-10
y,9.130108736403278,4.752795270042684e-10
y,9.136357955250919,8.524747904788241e-10
y,9.14260717409856,7.534146361329012e-10
y,9.1488563929462,3.717378843485801e-10
y,9.155105611793841,8.929152633129932e-10
y,9.161354830641482,4.0523748352754727e-10
y,9.167604049489123,1.2033934129689021e-10
y,9.173853268336764,5.226893033949155e-10
y,9.180102487184405,1.2097248196358234e-09
y,9.186351706032045,2.7548803732025934e-12
y,9.192600924879686,2.1973760856654833e-09
y,9.198850143727327,3.1039391646608004e-09
y,9.205099362574968,4.369370854459701e-09
y,9.211348581422609,7.28373546486342e-09
y,9.21759780027025,6.791366937969033e-09
y,9.22384701911789,5.755218267476294e-09
y,9.230096237965531,4.781522005321889e-10
y,9.236345456813172,2.227212035359081e-10
y,9.242594675660813,2.8013403360776762e-09
y,9.248843894508454,2.1821781029007824e-09
y,9.255093113356095,1.7752492468022554e-09
y,9.261342332203736,1.0090137923664092e-09
y,9.267591551051376,1.5532140442406318e-09
y,9.273840769899017,1.9529486844685095e-11
y,9.280089988746658,1.465274255052811e-09
y,9.286339207594299,4.472371729446837e-09
y,9.29258842644194,3.98878999975605e-09
y,9.29883764528958,1.2768307591625145e-09
y,9.305086864137222,3.8776561056758707e-10
y,9.311336082984862,9.722424924583302e-10
y,9.317585301832503,5.959154842096683e-09
y,9.323834520680144,3.3531573508312036e-09
y,9.330083739527785,7.112964954887232e-10
y,9.336332958375426,6.519900231026215e-10
y,9.342582177223067,8.836698739870837e-10
y,9.348831396070707,1.3531261266912939e-09
y,9.355080614918348,1.3906203040140077e-09
y,9.36132983376599,8.433901956878247e-10
y,9.36757905261363,4.9872129852452324e-11
y,9.37382827146127,4.4302915016914965e-10
y,9.380077490308912,9.943599559382898e-10
y,9.386326709156553,3.1548269904574147e-09
y,9.392575928004193,1.0026560613386696e-09
y,9.398825146851834,7.553953936332283e-10
y,9.405074365699475,2.1397439598616746e-10
y,9.411323584547116,1.978302209773763e-10
y,9.417572803394757,5.000817344591977e-10
y,9.423822022242398,4.366102846958416e-10
y,9.430071241090038,2.714984442638682e-10
y,9.43632045993768,5.139247954702044e-09
y,9.44256967878532,4.662837084372288e-09
y,9.448818897632961,1.5206864754346195e-09
y,9.455068116480602,1.2063155463754011e-09
y,9.461317335328243,2.384330972184791e-09
y,9.467566554175884,5.091847869575751e-09
y,9.473815773023524,4.187280753476314e-09
y,9.480064991871165,1.232117170548945e-09
y,9.486314210718806,6.063131893909438e-09
y,9.492563429566447,9.434241900859561e-09
y,9.498812648414088,2.1883025766910572e-10
y,9.505061867261729,6.856106866939295e-09
y,9.51131108610937,3.2496300293340965e-09
y,9.51756030495701,5.794475237931094e-10
y,9.523809523804651,1.376069714884816e-09
y,9.530058742652292,7.5863798220431e-10
y,9.536307961499933,7.255154187018817e-12
y,9.542557180347574,4.629425840307428e-09
y,9.548806399195215,3.6513523816559185e-09
y,9.555055618042855,3.46466701424445e-09
y,9.561304836890496,2.8981854525006113e-09
y,9.567554055738137,1.0756662549055457e-09
y,9.573803274585778,1.1783734032583442e-09
y,9.580052493433419,3.6645175026125145e-10
y,9.58630171228106,1.5254971557788609e-10
y,9.5925509311287,1.686367988565562e-09
y,9.598800149976341,4.415544172290156e-09
y,9.605049368823982,1.9842829822255445e-09
y,9.611298587671623,9.146518814247403e-10
y,9.617547806519264,5.462760873899024e-10
y,9.623797025366905,6.529281755820046e-11
y,9.630046244214546,1.1207078848491367e-09
y,9.636295463062186,2.0166698849905987e-09
y,9.642544681909827,3.0579318998591806e-09
y,9.648793900757468,7.823419150698479e-10
y,9.655043119605109,8.161407177082651e-11
y,9.66129233845275,1.086690173936847e-09
y,9.66754155730039,4.2648426679599376e-10
y,9.673790776148032,5.582029787001399e-10
y,9.680039994995672,1.9011565516250962e-09
y,9.686289213843313,1.0702357360711879e-09
y,9.692538432690954,6.462606709520368e-10
y,9.698787651538595,6.04683711277071e-10
y,9.705036870386236,6.630004344818177e-10
y,9.711286089233877,4.0609365035160063e-10
y,9.717535308081517,1.4354352236815894e-10
y,9.723784526929158,2.877995517619796e-10
y,9.7300337457768,2.4443355904231375e-10
y,9.73628296462444,3.409823742553205e-10
y,9.74253218347208,1.6493023937332956e-09
y,9.748781402319722,4.394230491127036e-09
y,9.755030621167363,1.1236862327978233e-09
y,9.761279840015003,1.7748625197087107e-10
y,9.767529058862644,3.212652433360987e-09
y,9.773778277710285,9.69637691999757e-09
y,9.780027496557926,4.733862327586846e-08
y,9.786276715405567,3.080013007619789e-07
y,9.792525934253208,1.542750139315729e-07
y,9.798775153100848,6.659745032274435e-09
y,9.80502437194849,4.935087698288948e-09
y,9.81127359079613,3.908560143808827e-10
y,9.817522809643771,6.140029288611859e-10
y,9.823772028491412,5.978903385092858e-10
y,9.830021247339053,4.6296638781393447e-10
y,9.836270466186694,2.6134895339824294e-10
y,9.842519685034334,2.409524443531962e-10
y,9.848768903881975,4.128189441262281e-11
y,9.855018122729616,2.6210306841056084e-11
y,9.861267341577257,9.170596343742659e-11
y,9.867516560424898,2.240332244368376e-11
y,9.873765779272539,2.7377332244127977e-11
y,9.88001499812018,7.212512409961505e-11
y,9.88626421696782,2.7820854082983175e-11
y,9.892513435815461,5.663315359914255e-11
y,9.898762654663102,2.1782995847312597e-11
y,9.905011873510743,4.805501690364168e-12
y,9.911261092358384,1.175711167110118e-11
y,9.917510311206025,1.1907768628961998e-11
y,9.923759530053665,1.8161018512738247e-11
y,9.930008748901306,3.95547483384088e-11
y,9.936257967748947,4.426385851021999e-11
y,9.942507186596588,1.997292438121343e-11
y,9.948756405444229,1.814780676566945e-13
y,9.95500562429187,1.9660546412555453e-11
y,9.96125484313951,4.004349470121025e-11
y,9.967504061987151,5.1922162559984654e-11
y,9.973753280834792,4.8186932983679175e-11
y,9.980002499682433,4.642947950302437e-11
y,9.986251718530074,7.345193280677113e-12
y,9.992500937377715,2.836822926264364e-11
y,9.998750156225356,1.496815975739978e-11
y,10.004999375072996,2.392923983722125e-11
y,10.011248593920637,3.165260857949824e-11
y,10.017497812768278,9.882036470584528e-11
y,10.023747031615919,1.0358047052865497e-10
y,10.02999625046356,1.2016191722477746e-10
y,10.0362454693112,3.722445334272099e-11
y,10.042494688158841,4.378206132604945e-11
y,10.048743907006482,9.244101543731586e-12
y,10.054993125854123,3.0899925007732193e-11
y,10.061242344701764,1.1286096577264376e-10
y,10.067491563549405,9.543024192861513e-11
y,10.073740782397046,2.0221197673314526e-11
y,10.079990001244687,1.7634519295430057e-10
y,10.086239220092327,4.05764312855145e-10
y,10.092488438939968,4.4241577388554276e-11
y,10.09873765778761,4.920556180246829e-11
y,10.10498687663525,7.570999152729465e-11
y,10.11123609548289,1.5066801965079775e-10
y,10.117485314330532,1.0332527288338534e-10
y,10.123734533178173,4.59641595751425e-11
y,10.129983752025813,6.61411242299285e-11
y,10.136232970873454,1.227301360679722e-10
y,10.142482189721095,7.734456002793324e-11
y,10.148731408568736,5.20701788640681e-12
y,10.154980627416377,1.0868405549121369e-11
y,10.161229846264018,1.544350078721477e-11
y,10.167479065111658,1.190465095508493e-11
y,10.1737282839593,2.304534035715494e-11
y,10.17997750280694,2.2948773073664697e-11
y,10.186226721654581,4.3754352843385206e-11
y,10.192475940502222,4.9311133922167336e-11
y,10.198725159349863,2.8688050031622842e-11
y,10.204974378197504,8.405177849070846e-11
y,10.211223597045144,2.0050508174469572e-11
y,10.217472815892785,1.3212058188992609e-11
y,10.223722034740426,2.5886164799637146e-11
y,10.229971253588067,2.6295309973966086e-11
y,10.236220472435708,1.4814242380307364e-11
y,10.242469691283349,3.769841189128274e-12
y,10.24871891013099,1.5210218843175883e-11
y,10.25496812897863,9.806943074575214e-11
y,10.261217347826271,4.136019355772221e-11
y,10.267466566673912,1.6576654079397616e-11
y,10.273715785521553,6.406928893358231e-11
y,10.279965004369194,1.9073641339355343e-10
y,10.286214223216835,1.75960324457051e-10
y,10.292463442064475,6.425850086291386e-11
y,10.298712660912116,1.685963077880815e-11
y,10.304961879759757,1.1234243655690154e-10
y,10.311211098607398,1.2843696309803293e-10
y,10.317460317455039,1.611813294405984e-11
y,10.32370953630268,9.033281476756219e-11
y,10.32995875515032,2.3128049395412716e-10
y,10.336207973997961,3.250869774945719e-11
y,10.342457192845602,1.0544077436261362e-10
y,10.348706411693243,7.598197085975303e-11
y,10.354955630540884,3.263460670479041e-10
y,10.361204849388525,5.363515244782533e-10
y,10.367454068236166,2.5584666270662385e-10
y,10.373703287083806,3.359881145709807e-11
y,10.379952505931447,1.0048412069340189e-10
y,10.386201724779088,3.0035539438784655e-11
y,10.392450943626729,9.97213409983625e-12
y,10.39870016247437,2.764604016073449e-11
y,10.40494938132201,9.498742374661009e-12
y,10.411198600169651,2.414271886952669e-12
y,10.417447819017292,4.312050841350766e-11
y,10.423697037864933,3.5390125246160835e-11
y,10.429946256712574,1.9998856897208028e-11
y,10.436195475560215,4.639414747963948e-11
y,10.442444694407856,7.097058079052646e-11
y,10.448693913255497,4.0873549751636996e-11
y,10.454943132103137,4.080663330397714e-11
y,10.461192350950778,3.6995509634135476e-11
y,10.467441569798419,3.3115913810242096e-11
y,10.47369078864606,1.937690104144289e-11
y,10.4799400074937,2.4712307751662165e-11
y,10.486189226341342,7.100593445342256e-11
y,10.492438445188982,8.65306654226994e-11
y,10.498687664036623,3.2781849677034226e-10
y,10.504936882884264,2.4565085172680734e-10
y,10.511186101731905,5.1769297188125616e-11
y,10.517435320579546,1.462248972554436e-11
y,10.523684539427187,1.47920460352108e-10
y,10.529933758274828,4.491411349904506e-10
y,10.536182977122468,2.3273567808399408e-10
y,10.54243219597011,5.958018365443618e-11
y,10.54868141481775,4.824429126638475e-12
y,10.554930633665391,4.0132399572267255e-11
y,10.561179852513032,4.978055530322063e-10
y,10.567429071360673,2.1209306459466102e-10
y,10.573678290208314,4.5463138283589806e-10
y,10.579927509055954,6.912697454299259e-10
y,10.586176727903595,1.2403095745886533e-10
y,10.592425946751236,1.7266868763586905e-10
y,10.598675165598877,2.0608890920776191e-10
y,10.604924384446518,1.3982403844438302e-10
y,10.611173603294159,6.349909133865621e-10
y,10.6174228221418,1.7662026739209007e-09
y,10.62367204098944,7.449780977406126e-10
y,10.629921259837081,1.2259172476306009e-09
y,10.636170478684722,5.257671956478232e-10
y,10.642419697532363,7.417639672944191e-10
y,10.648668916380004,1.4914259346336474e-11
y,10.654918135227645,7.928410604796388e-10
y,10.661167354075285,1.9206859945227345e-09
y,10.667416572922926,1.3975529331559952e-09
y,10.673665791770567,5.287065372683956e-09
y,10.679915010618208,2.9942713080725845e-09
y,10.686164229465849,1.7563380050752698e-09
y,10.69241344831349,1.1208122963011679e-09
y,10.69866266716113,1.278194976723677e-09
y,10.704911886008771,4.8617380788748635e-09
y,10.711161104856412,2.0196849135963567e-09
y,10.717410323704053,2.2676511437642593e-10
y,10.723659542551694,8.04002959274333e-10
y,10.729908761399335,5.931999267910879e-10
y,10.736157980246976,3.727362333368222e-09
y,10.742407199094616,5.752392807113367e-10
y,10.748656417942257,2.677736462290107e-09
y,10.754905636789898,3.6448451846112965e-09
y,10.761154855637539,3.9832941721024135e-09
y,10.76740407448518,5.662216200132113e-09
y,10.77365329333282,9.415179176990368e-09
y,10.779902512180461,6.532898981501129e-09
y,10.786151731028102,5.233297550994964e-10
y,10.792400949875743,1.329024553419597e-09
y,10.798650168723384,2.1420896048952634e-09
y,10.804899387571025,1.2586758942506867e-09
y,10.811148606418666,2.757532861890766e-09
y,10.817397825266307,4.669052378452735e-10
y,10.823647044113947,3.3287714141771915e-09
y,10.829896262961588,7.816806498176198e-09
y,10.836145481809229,1.94428912475975e-09
y,10.84239470065687,1.481788085114988e-09
y,10.84864391950451,3.5582071517721867e-09
y,10.854893138352152,6.304561022913573e-09
y,10.861142357199792,5.259216576189505e-09
y,10.867391576047433,6.051391845698387e-10
y,10.873640794895074,1.5031621963044526e-09
y,10.879890013742715,3.005841524975938e-10
y,10.886139232590356,8.428885019007032e-11
y,10.892388451437997,5.52305549184889e-10
y,10.898637670285638,6.13526507549961e-11
y,10.904886889133278,1.1117687269138614e-09
y,10.91113610798092,1.0356243512402625e-09
y,10.91738532682856,1.721208375098507e-09
y,10.923634545676201,2.762743839002915e-10
y,10.929883764523842,3.39391219937264e-10
y,10.936132983371483,7.733854123942072e-10
y,10.942382202219123,5.742576632595087e-10
y,10.948631421066764,7.512911231238586e-11
y,10.954880639914405,1.8987131890755342e-10
y,10.961129858762046,1.6634405021775473e-11
y,10.967379077609687,6.184374616998873e-10
y,10.973628296457328,5.754313743300124e-10
y,10.979877515304969,2.2385183860102315e-10
y,10.98612673415261,6.432107587645841e-11
y,10.99237595300025,6.1683626787636e-11
y,10.998625171847891,1.9724291764405948e-10
y,11.004874390695532,3.5739494886356966e-10
y,11.011123609543173,1.9085523663095434e-10
y,11.017372828390814,8.801926159649986e-11
y,11.023622047238455,1.479411925548752e-10
y,11.029871266086095,6.145311675725075e-10
y,11.036120484933736,7.885606481617606e-10
y,11.042369703781377,1.0537864524185203e-10
y,11.048618922629018,3.125297400673021e-11
y,11.054868141476659,3.0189668541645165e-11
y,11.0611173603243,8.200027307283723e-11
y,11.06736657917194,2.0588746251110952e-10
y,11.073615798019581,2.4960721907100876e-10
y,11.079865016867222,9.600473513920532e-11
y,11.086114235714863,5.732661073935224e-11
y,11.092363454562504,1.1610991203063996e-10
y,11.098612673410145,1.3675835464657296e-10
y,11.104861892257786,6.694651314259493e-11
y,11.111111111105426,1.1026900202349121e-10
y,11.117360329953067,1.1182267020627286e-10
y,11.123609548800708,4.140069874972306e-12
y,11.129858767648349,5.2449875057428593e-11
y,11.13610798649599,1.787424470771148e-10
y,11.14235720534363,2.4008816555896256e-11
y,11.148606424191271,2.1326097510799706e-10
y,11.154855643038912,4.928463952986804e-10
y,11.161104861886553,5.531344832653954e-10
y,11.167354080734194,9.883641063209095e-10
y,11.173603299581835,9.260950628918326e-10
y,11.179852518429476,9.665346576360998e-10
y,11.186101737277117,2.1366573370580826e-10
y,11.192350956124757,7.165912392235488e-11
y,11.198600174972398,1.9953051332885893e-10
y,11.204849393820039,5.088039084743175e-10
y,11.21109861266768,1.521723448496114e-10
y,11.21734783151532,2.635890830242071e-10
y,11.223597050362962,1.7166089620563488e-10
y,11.229846269210602,4.480832424282246e-11
y,11.236095488058243,1.279080220129194e-10
y,11.242344706905884,5.728764502096114e-10
y,11.248593925753525,6.997936714614089e-10
y,11.254843144601166,2.204891214490278e-10
y,11.261092363448807,8.650019409858563e-11
y,11.267341582296448,5.508495733455891e-11
y,11.273590801144088,8.59138786450756e-10
y,11.27984001999173,7.677411950574284e-10
y,11.28608923883937,1.7247925355994493e-10
y,11.292338457687011,1.3320585200160836e-10
y,11.298587676534652,1.3966456078297547e-10
y,11.304836895382293,2.0258627628197674e-10
y,11.311086114229933,2.2232655964157615e-10
y,11.317335333077574,1.8741718338983437e-10
y,11.323584551925215,4.285479302317332e-12
y,11.329833770772856,1.0076735591500992e-10
y,11.336082989620497,4.2882705464847014e-11
y,11.342332208468138,5.299539573764971e-10
y,11.348581427315779,2.2096118463709434e-10
y,11.35483064616342,1.326749176125383e-10
y,11.36107986501106,5.3313938527306625e-11
y,11.367329083858701,1.870256077479104e-11
y,11.373578302706342,8.107473318210546e-11
y,11.379827521553983,7.390300695324921e-11
y,11.386076740401624,1.4170653474067034e-12
y,11.392325959249264,6.632277746721105e-10
y,11.398575178096905,9.9205568906928e-10
y,11.404824396944546,3.7289216816861296e-10
y,11.411073615792187,1.8084324162586317e-10
y,11.417322834639828,3.2666550683746107e-10
y,11.423572053487469,8.180768897146926e-10
y,11.42982127233511,8.278587889540457e-10
y,11.43607049118275,4.4247525270115384e-10
y,11.442319710030391,5.166455348463658e-10
y,11.448568928878032,1.899080328588479e-09
y,11.454818147725673,1.250059864950035e-10
y,11.461067366573314,1.1045381284144248e-09
y,11.467316585420955,7.680451121491994e-10
y,11.473565804268596,1.1280777161581613e-10
y,11.479815023116236,2.3749182595556596e-10
y,11.486064241963877,1.8839068711092334e-10
y,11.492313460811518,3.619241319509376e-11
y,11.498562679659159,5.249077322360541e-10
y,11.5048118985068,9.089847151039456e-10
y,11.51106111735444,5.101552475263982e-10
y,11.517310336202081,6.633121501606625e-10
y,11.523559555049722,2.320195974730047e-10
y,11.529808773897363,2.0891026817100042e-10
y,11.536057992745004,1.0194726945655535e-10
y,11.542307211592645,2.2553614370186393e-11
y,11.548556430440286,1.8013843566755527e-10
y,11.554805649287927,7.874264596706867e-10
y,11.561054868135567,4.861320577735244e-10
y,11.567304086983208,1.4945951747093098e-10
y,11.573553305830849,9.942069670453996e-11
y,11.57980252467849,8.10611444951366e-12
y,11.58605174352613,1.6569794958408922e-10
y,11.592300962373772,3.284572303859277e-10
y,11.598550181221412,5.695340729793043e-10
y,11.604799400069053,2.5855687644461316e-10
y,11.611048618916694,8.451719710874738e-12
y,11.617297837764335,1.337945983139255e-10
y,11.623547056611976,1.1819305121206405e-10
y,11.629796275459617,7.641487867856997e-11
y,11.636045494307258,2.7561261396001943e-10
y,11.642294713154898,2.2889878967833721e-10
y,11.64854393200254,1.0376405216537547e-10
y,11.65479315085018,1.0610326371281258e-10
y,11.661042369697821,9.644393725057008e-11
y,11.667291588545462,8.008337236639362e-11
y,11.673540807393103,3.0756850674041806e-11
y,11.679790026240743,2.950637594095108e-11
y,11.686039245088384,5.092312796286015e-11
y,11.692288463936025,3.6233958174177397e-11
y,11.698537682783666,1.5185561040554235e-10
y,11.704786901631307,6.020584149464791e-10
y,11.711036120478948,3.3829843783946017e-10
y,11.717285339326589,2.3466251372613716e-11
y,11.72353455817423,2.255257178609759e-10
y,11.72978377702187,1.0124552788343566e-09
y,11.736032995869511,2.7882990516365724e-09
y,11.742282214717152,2.1621557425593608e-08
y,11.748531433564793,2.1037695062768362e-08
y,11.754780652412434,1.373583804265698e-09
y,11.761029871260074,7.54938160224456e-10
y,11.767279090107715,1.0458710698133391e-10
y,11.773528308955356,6.764767066115739e-11
y,11.779777527802997,6.034323894548051e-11
y,11.786026746650638,5.29712875807763e-11
y,11.792275965498279,3.1529490632303616e-11
y,11.79852518434592,3.932452641954617e-11
y,11.80477440319356,1.1546112100715265e-11
y,11.811023622041201,2.3718563921597615e-12
y,11.817272840888842,1.2829378437857637e-11
y,11.823522059736483,4.98575716857644e-12
y,11.829771278584124,3.023489450637168e-12
y,11.836020497431765,1.1798059319600912e-11
y,11.842269716279406,7.002309557712286e-12
y,11.848518935127046,1.0856011890601766e-11
y,11.854768153974687,8.318538316402582e-12
y,11.861017372822328,9.29273608058797e-13
y,11.867266591669969,1.9115228656437508e-12
y,11.87351581051761,2.9592084778660764e-12
y,11.87976502936525,6.515122013652309e-12
y,11.886014248212891,1.0464010395275873e-11
y,11.892263467060532,1.3910984124406106e-11
y,11.898512685908173,7.595004380014678e-12
y,11.904761904755814,2.525119634731409e-13
y,11.911011123603455,5.53214803633468e-12
y,11.917260342451096,1.313772185066638e-11
y,11.923509561298737,1.8576819353659563e-11
y,11.929758780146377,1.5351887229035714e-11
y,11.936007998994018,1.5612875119176328e-11
y,11.942257217841659,3.230470623021532e-12
y,11.9485064366893,9.086669846470052e-12
y,11.95475565553694,5.726887086227289e-12
y,11.961004874384582,6.580276860572141e-12
y,11.967254093232222,8.762223034443905e-12
y,11.973503312079863,2.6509954965230074e-11
y,11.979752530927504,3.720864316808692e-11
y,11.986001749775145,3.594114565344467e-11
y,11.992250968622786,1.8038393401306044e-11
y,11.998500187470427,1.2011119971615106e-11
y,12.004749406318068,1.112085466210705e-11
y,12.010998625165708,4.149766020448705e-12
y,12.01724784401335,2.8447760036619126e-11
y,12.02349706286099,3.495880593214195e-11
y,12.029746281708631,6.888555188357223e-12
y,12.035995500556272,3.639708419692635e-11
y,12.042244719403913,1.2271403631345072e-10
y,12.048493938251553,3.898867827635244e-11
y,12.054743157099194,1.0847241194476676e-11
y,12.060992375946835,1.8172805457314896e-11
y,12.067241594794476,4.44080888758906e-11
y,12.073490813642117,4.374116015344744e-11
y,12.079740032489758,1.613307764952314e-11
y,12.085989251337399,1.733913892400425e-11
y,12.09223847018504,3.272539526542152e-11
y,12.09848768903268,3.0843616696201293e-11
y,12.104736907880321,5.09043940835607e-12
y,12.110986126727962,1.073448234284607e-12
y,12.117235345575603,5.9748437076491776e-12
y,12.123484564423244,2.801015713820593e-12
y,12.129733783270884,7.320038129636232e-12
y,12.135983002118525,7.158929734674767e-12
y,12.142232220966166,9.899914511134027e-12
y,12.148481439813807,1.6044426861503534e-11
y,12.154730658661448,5.651600206092156e-12
y,12.160979877509089,2.9362476764200164e-11
y,12.16722909635673,1.2353126333045214e-11
y,12.17347831520437,2.6468729813264006e-12
y,12.179727534052011,5.681378440182506e-12
y,12.185976752899652,7.652891563945387e-12
y,12.192225971747293,5.62815547062686e-12
y,12.198475190594934,1.5865242062049457e-12
y,12.204724409442575,2.012698716879463e-12
y,12.210973628290215,2.0394074343814694e-11
y,12.217222847137856,1.851263677933632e-11
y,12.223472065985497,2.708858930292489e-12
y,12.229721284833138,1.489619445479667e-11
y,12.235970503680779,4.333558189423153e-11
y,12.24221972252842,5.612060765398808e-11
y,12.24846894137606,1.9978401121755115e-11
y,12.254718160223701,6.988536959213925e-12
y,12.260967379071342,1.6243896564335934e-11
y,12.267216597918983,4.8629564849922694e-11
y,12.273465816766624,3.1161605128084564e-13
y,12.279715035614265,2.4106786405481168e-11
y,12.285964254461906,5.190219480193677e-11
y,12.292213473309547,1.830899604036717e-11
y,12.298462692157187,2.6801735562480558e-11
y,12.304711911004828,1.8769219367068375e-11
y,12.310961129852469,5.514136215322202e-11
y,12.31721034870011,1.166065868892062e-10
y,12.32345956754775,8.124097117921917e-11
y,12.329708786395392,6.269175372290831e-12
y,12.335958005243032,1.8759655739310637e-11
y,12.342207224090673,1.1302437455628158e-11
y,12.348456442938314,2.6626163363201026e-13
y,12.354705661785955,5.16717281060317e-12
y,12.360954880633596,2.4745607304546058e-12
y,12.367204099481237,2.78149592482648e-13
y,12.373453318328878,6.2266910021466744e-12
y,12.379702537176518,8.25266021000695e-12
y,12.38595175602416,4.51931172296602e-12
y,12.3922009748718,6.87514377779876e-12
y,12.398450193719441,1.371895615108768e-11
y,12.404699412567082,8.210387087573578e-12
y,12.410948631414723,6.053308935130562e-12
y,12.417197850262363,5.162407275106866e-12
y,12.423447069110004,4.710823519555074e-12
y,12.429696287957645,3.143982633301591e-12
y,12.435945506805286,3.1206774703916497e-12
y,12.442194725652927,1.2784164723604547e-11
y,12.448443944500568,1.0287536915821024e-11
y,12.454693163348209,4.1161288241436725e-11
y,12.46094238219585,4.731847191681472e-11
y,12.46719160104349,1.4090453415557632e-11
y,12.473440819891131,5.85630492739657e-12
y,12.479690038738772,9.36412790209686e-12
y,12.485939257586413,7.54896612405674e-11
y,12.492188476434054,5.362825969573387e-11
y,12.498437695281694,1.696573260601069e-11
y,12.504686914129335,1.861554968233017e-12
y,12.510936132976976,2.04128666332746e-12
y,12.517185351824617,5.108923704205587e-11
y,12.523434570672258,5.767074613214744e-11
y,12.529683789519899,3.504693105517257e-11
y,12.53593300836754,1.3641367729447668e-10
y,12.54218222721518,3.5049788195270005e-11
y,12.548431446062821,1.2598436071058848e-11
y,12.554680664910462,3.8215857864140526e-11
y,12.560929883758103,1.3414990752653641e-11
y,12.567179102605744,7.218573607515367e-11
y,12.573428321453385,2.408186162959313e-10
y,12.579677540301025,1.5743431772337942e-10
y,12.585926759148666,1.7199568092526062e-10
y,12.592175977996307,1.165048653303572e-10
y,12.598425196843948,1.1465149103070058e-10
y,12.604674415691589,6.93571169872641e-12
y,12.61092363453923,7.85379587645559e-11
y,12.61717285338687,3.115920657453839e-10
y,12.623422072234511,1.6172697867949167e-10
y,12.629671291082152,6.622048288201759e-10
y,12.635920509929793,5.489991782733721e-10
y,12.642169728777434,2.586713283949143e-10
y,12.648418947625075,2.1337367660256314e-10
y,12.654668166472716,9.972771034480224e-11
y,12.660917385320356,6.625562239648455e-10
y,12.667166604167997,4.4155243362071715e-10
y,12.673415823015638,7.765818864568725e-11
y,12.679665041863279,9.991356027569854e-11
y,12.68591426071092,1.6272059735864095e-11
y,12.69216347955856,5.299425997279262e-10
y,12.698412698406202,1.136969282334113e-10
y,12.704661917253842,3.7518691795230644e-10
y,12.710911136101483,4.916067227185482e-10
y,12.717160354949124,4.988956691309249e-10
y,12.723409573796765,7.009578658060675e-10
y,12.729658792644406,1.2778940915116027e-09
y,12.735908011492047,1.3171164193520796e-09
y,12.742157230339688,1.6913695475837527e-10
y,12.748406449187328,1.7110146073275683e-10
y,12.75465566803497,3.152997418210919e-10
y,12.76090488688261,1.1890529507935302e-10
y,12.767154105730251,4.5847204050732896e-10
y,12.773403324577892,1.6303143072089038e-10
y,12.779652543425533,2.7050034675436393e-10
y,12.785901762273173,1.2429931484486158e-09
y,12.792150981120814,5.847423926500473e-10
y,12.798400199968455,1.3773380043274183e-10
y,12.804649418816096,4.3831046724862635e-10
y,12.810898637663737,8.914708639142429e-10
y,12.817147856511378,8.787502304666545e-10
y,12.823397075359019,1.6935526745169553e-10
y,12.82964629420666,1.991166865468467e-10
y,12.8358955130543,9.506181574818785e-11
y,12.842144731901941,1.289820040447473e-12
y,12.848393950749582,6.536862287215195e-11
y,12.854643169597223,1.1068382762739802e-11
y,12.860892388444864,1.2203938982809517e-10
y,12.867141607292504,1.6620735611943466e-10
y,12.873390826140145,2.1559903207975882e-10
y,12.879640044987786,9.492977928236337e-11
y,12.885889263835427,3.6803573867412544e-11
y,12.892138482683068,1.0702895269205234e-10
y,12.898387701530709,1.0420285933368955e-10
y,12.90463692037835,1.86920733032212e-11
y,12.91088613922599,1.8859418059198896e-11
y,12.917135358073631,9.608649068831398e-12
y,12.923384576921272,5.0254631392617186e-11
y,12.929633795768913,9.669109821805186e-11
y,12.935883014616554,3.741809950067462e-11
y,12.942132233464195,1.956702204939576e-11
y,12.948381452311835,8.25790062399028e-12
y,12.954630671159476,2.451095382518262e-11
y,12.960879890007117,4.826916837686833e-11
y,12.967129108854758,3.818959661604757e-11
y,12.973378327702399,2.041722141266671e-11
y,12.97962754655004,2.2109812236519814e-11
y,12.98587676539768,5.802512410257146e-11
y,12.992125984245321,1.2434925132323776e-10
y,12.998375203092962,3.173914249174829e-11
y,13.004624421940603,6.660789487679276e-12
y,13.010873640788244,7.746557838823985e-12
y,13.017122859635885,8.656138033133604e-12
y,13.023372078483526,2.5432213788795423e-11
y,13.029621297331166,4.285639102015765e-11
y,13.035870516178807,1.8578760106575443e-11
y,13.042119735026448,7.540410112659388e-12
y,13.048368953874089,1.5112046973641194e-11
y,13.05461817272173,2.223167745714805e-11
y,13.06086739156937,1.4172864824266499e-11
y,13.067116610417012,1.36179396484449e-11
y,13.073365829264652,2.216348146500225e-11
y,13.079615048112293,6.206522480428303e-13
y,13.085864266959934,5.516972273084698e-12
y,13.092113485807575,2.178247038189655e-11
y,13.098362704655216,1.1190613560093175e-11
y,13.104611923502857,1.4725047238550505e-11
y,13.110861142350497,7.1837445058264e-11
y,13.117110361198138,7.33360332587088e-11
y,13.12335958004578,1.2937326748670242e-10
y,13.12960879889342,1.2752146579244037e-10
y,13.13585801774106,1.393942887394711e-10
y,13.142107236588702,6.358039518925992e-11
y,13.148356455436343,1.4078325086335647e-11
y,13.154605674283983,8.125423193900956e-12
y,13.160854893131624,8.747773069240213e-11
y,13.167104111979265,1.377343671290204e-11
y,13.173353330826906,5.399792787789019e-11
y,13.179602549674547,1.4480930420975738e-11
y,13.185851768522188,1.653664692148574e-11
y,13.192100987369829,8.082127048098058e-12
y,13.19835020621747,6.626574269001412e-11
y,13.20459942506511,1.1470735744851951e-10
y,13.210848643912751,4.0669615218480815e-11
y,13.217097862760392,1.5965050179957168e-11
y,13.223347081608033,1.5676379900658828e-12
y,13.229596300455674,1.0825237811791925e-10
y,13.235845519303314,1.562143049309972e-10
y,13.242094738150955,4.3118232119888575e-11
y,13.248343956998596,2.736101919753498e-11
y,13.254593175846237,2.4836234054817827e-11
y,13.260842394693878,3.056302532303741e-11
y,13.267091613541519,3.409821887621699e-11
y,13.27334083238916,3.415529353785427e-11
y,13.2795900512368,7.461771306482738e-12
y,13.285839270084441,1.4460080707630556e-11
y,13.292088488932082,1.4720683026835327e-12
y,13.298337707779723,7.408953779698146e-11
y,13.304586926627364,4.9039095604843796e-11
y,13.310836145475005,2.2232046212430656e-11
y,13.317085364322645,1.3867383076445928e-11
y,13.323334583170286,1.953164012944288e-12
y,13.329583802017927,1.1326233129013482e-11
y,13.335833020865568,1.0104626218097913e-11
y,13.342082239713209,4.780160563998006e-12
y,13.34833145856085,6.792862764164553e-11
y,13.35458067740849,1.9136775630506173e-10
y,13.360829896256131,9.552139218125647e-11
y,13.367079115103772,3.034888433470301e-11
y,13.373328333951413,4.621186511252828e-11
y,13.379577552799054,1.221663962895116e-10
y,13.385826771646695,1.5923143216402837e-10
y,13.392075990494336,1.1582219248288286e-10
y,13.398325209341976,3.6652087133580195e-11
y,13.404574428189617,3.1204350874762654e-10
y,13.410823647037258,9.240932160510106e-11
y,13.417072865884899,1.365078599206162e-10
y,13.42332208473254,1.8893111179606974e-10
y,13.42957130358018,2.8388438348489617e-11
y,13.435820522427822,2.9290040567395714e-11
y,13.442069741275462,4.72546379529259e-11
y,13.448318960123103,2.0709679878128787e-11
y,13.454568178970744,4.060370993198159e-11
y,13.460817397818385,1.9792513810456794e-10
y,13.467066616666026,8.434672917168955e-11
y,13.473315835513667,1.3419803448735817e-10
y,13.479565054361307,5.902378229066856e-11
y,13.485814273208948,3.5276774042048e-11
y,13.49206349205659,2.495826501109539e-11
y,13.49831271090423,5.087421229460553e-12
y,13.50456192975187,1.755162228532436e-11
y,13.510811148599512,1.2468919453855563e-10
y,13.517060367447153,1.1879315047496636e-10
y,13.523309586294793,2.870212414956377e-11
y,13.529558805142434,1.5815986335378353e-11
y,13.535808023990075,2.689331709912887e-12
y,13.542057242837716,2.2793450269589342e-11
y,13.548306461685357,5.476302632490751e-11
y,13.554555680532998,9.938708464398143e-11
y,13.560804899380638,7.401034005897277e-11
y,13.56705411822828,2.823986507524111e-12
y,13.57330333707592,1.2450697835635809e-11
y,13.579552555923561,2.8632491641471695e-11
y,13.585801774771202,1.2185836791393293e-11
y,13.592050993618843,3.58866964991457e-11
y,13.598300212466484,4.5957111092222995e-11
y,13.604549431314124,2.1519308932536218e-11
y,13.610798650161765,1.670102410879776e-11
y,13.617047869009406,1.2843289704405333e-11
y,13.623297087857047,1.727424429167016e-11
y,13.629546306704688,5.510057338596541e-12
y,13.635795525552329,2.004464041022636e-12
y,13.64204474439997,1.0678367579459973e-11
y,13.64829396324761,4.491510127449606e-12
y,13.654543182095251,1.257820198989485e-11
y,13.660792400942892,7.314868794116079e-11
y,13.667041619790533,7.752766250825802e-11
y,13.673290838638174,9.477452751053643e-13
y,13.679540057485815,1.626501545683009e-11
y,13.685789276333455,1.005520083733845e-10
y,13.692038495181096,2.6180174872951815e-10
y,13.698287714028737,1.3258066085564391e-09
y,13.704536932876378,2.4497872893407617e-09
y,13.710786151724019,3.289465187546758e-10
y,13.71703537057166,9.163914907288145e-11
y,13.7232845894193,2.472949644117312e-11
y,13.729533808266941,6.205947393951336e-12
y,13.735783027114582,6.629979328998297e-12
y,13.742032245962223,5.6131939342713675e-12
y,13.748281464809864,3.609576268291304e-12
y,13.754530683657505,6.7128052061782685e-12
y,13.760779902505146,3.5136227270823263e-12
y,13.767029121352786,3.746483405621924e-13
y,13.773278340200427,2.083005901267812e-12
y,13.779527559048068,1.5356091739152089e-12
y,13.785776777895709,4.953932482931543e-13
y,13.79202599674335,2.4471150381896474e-12
y,13.79827521559099,2.3383567703743235e-12
y,13.804524434438632,2.3759008344816843e-12
y,13.810773653286272,3.399186724504154e-12
y,13.817022872133913,1.5485257969386328e-13
y,13.823272090981554,4.242747979529009e-13
y,13.829521309829195,7.358246939401937e-13
y,13.835770528676836,1.9005159362096642e-12
y,13.842019747524477,2.6746489472397422e-12
y,13.848268966372117,3.937758042833056e-12
y,13.854518185219758,2.589679723644139e-12
y,13.8607674040674,2.765609034611294e-13
y,13.86701662291504,1.1691043645288562e-12
y,13.87326584176268,3.5310229479346872e-12
y,13.879515060610322,5.264702138891074e-12
y,13.885764279457963,4.6277208783754645e-12
y,13.892013498305603,4.023075135606011e-12
y,13.898262717153244,1.5637365595959011e-12
y,13.904511936000885,1.8917628349146486e-12
y,13.910761154848526,2.397043716056165e-12
y,13.917010373696167,1.2829102981882717e-12
y,13.923259592543808,2.2047905284476547e-12
y,13.929508811391448,5.738552442729822e-12
y,13.93575803023909,1.0910571023208062e-11
y,13.94200724908673,9.48634386178828e-12
y,13.948256467934371,6.260223794958802e-12
y,13.954505686782012,2.4320576796792488e-12
y,13.960754905629653,5.554080079534426e-12
y,13.967004124477294,2.421112493670053e-13
y,13.973253343324934,5.600444546745809e-12
y,13.979502562172575,1.0055904852863599e-11
y,13.985751781020216,2.4120992657647278e-12
y,13.992000999867857,6.622619761550578e-12
y,13.998250218715498,2.7848989296042016e-11
y,14.004499437563139,1.8488828936382242e-11
y,14.01074865641078,1.4350604837655187e-12
y,14.01699787525842,4.6885250697488664e-12
y,14.023247094106061,9.646529080220627e-12
y,14.029496312953702,1.461129934541116e-11
y,14.035745531801343,5.774159710626683e-12
y,14.041994750648984,3.924580246816375e-12
y,14.048243969496625,7.252742452623668e-12
y,14.054493188344265,9.036894035488815e-12
y,14.060742407191906,2.7659491551457164e-12
y,14.066991626039547,1.0822579790241993e-14
y,14.073240844887188,1.6716960636766365e-12
y,14.079490063734829,6.250158624507515e-13
y,14.08573928258247,1.8377351506883474e-12
y,14.09198850143011,2.0144055550367677e-12
y,14.098237720277751,2.2251126149412e-12
y,14.104486939125392,3.774542768157372e-12
y,14.110736157973033,1.3012901384140979e-12
y,14.116985376820674,7.611633191888012e-12
y,14.123234595668315,5.868922904128716e-12
y,14.129483814515956,7.662608791737952e-13
y,14.135733033363596,9.654588083358172e-13
y,14.141982252211237,1.8236509030793143e-12
y,14.148231471058878,1.692559022849696e-12
y,14.154480689906519,6.244027481465547e-13
y,14.16072990875416,4.2694728183463434e-13
y,14.1669791276018,3.2590713718914752e-12
y,14.173228346449442,6.281130579561046e-12
y,14.179477565297082,6.861126067308866e-13
y,14.185726784144723,3.370814574900214e-12
y,14.191976002992364,9.043693666962209e-12
y,14.198225221840005,1.6249503366715415e-11
y,14.204474440687646,6.551496540001899e-12
y,14.210723659535287,2.3679585277132194e-12
y,14.216972878382927,1.872716645660658e-12
y,14.223222097230568,1.413206857458143e-11
y,14.22947131607821,1.3319861392112275e-12
y,14.23572053492585,6.3304552551944674e-12
y,14.24196975377349,1.1548999586191747e-11
y,14.248218972621132,8.26089080216506e-12
y,14.254468191468773,5.166226077673579e-12
y,14.260717410316413,7.916421488175071e-12
y,14.266966629164054,9.079127859090624e-12
y,14.273215848011695,2.5624355289979038e-11
y,14.279465066859336,2.5659568950352266e-11
y,14.285714285706977,2.918921632792212e-12
y,14.291963504554618,3.379430675683981e-12
y,14.298212723402258,3.821030495266084e-12
y,14.3044619422499,5.300928436380319e-14
y,14.31071116109754,8.896867195659878e-13
y,14.316960379945181,8.092930060031172e-13
y,14.323209598792822,2.7149433608978056e-13
y,14.329458817640463,7.011405665976504e-13
y,14.335708036488104,1.991889770509209e-12
y,14.341957255335744,1.3231220088325868e-12
y,14.348206474183385,1.2304368415445127e-12
y,14.354455693031026,2.876954352195379e-12
y,14.360704911878667,2.0861842866914685e-12
y,14.366954130726308,1.094641332477821e-12
y,14.373203349573949,8.575813450927387e-13
y,14.37945256842159,8.051313300125856e-13
y,14.38570178726923,5.434392956664293e-13
y,14.391951006116871,4.95874841022011e-13
y,14.398200224964512,2.0631193470503093e-12
y,14.404449443812153,2.2705781594128553e-12
y,14.410698662659794,5.0417394739748e-12
y,14.416947881507435,9.125585342957398e-12
y,14.423197100355075,3.9077753010682895e-12
y,14.429446319202716,1.632803200285018e-12
y,14.435695538050357,2.279674586529105e-13
y,14.441944756897998,1.192766443413928e-11
y,14.448193975745639,1.2578117757886588e-11
y,14.45444319459328,4.9102909339684915e-12
y,14.46069241344092,6.880723123035539e-13
y,14.466941632288561,2.0535057334059323e-13
y,14.473190851136202,4.571487661647089e-12
y,14.479440069983843,1.2371501247511192e-11
y,14.485689288831484,1.4627717130903032e-12
y,14.491938507679125,2.399981905001874e-11
y,14.498187726526766,1.0646172004537928e-11
y,14.504436945374406,1.2554275328907839e-12
y,14.510686164222047,5.254309621884463e-12
y,14.516935383069688,2.068093918823173e-12
y,14.523184601917329,1.0284047648046884e-11
y,14.52943382076497,2.917047725719743e-11
y,14.53568303961261,3.457055691824817e-11
y,14.541932258460252,2.1594870102512387e-11
y,14.548181477307892,2.780776466418489e-11
y,14.554430696155533,1.4993345793573592e-11
y,14.560679915003174,5.074094176381589e-12
y,14.566929133850815,6.962461086231625e-12
y,14.573178352698456,4.3526628006804086e-11
y,14.579427571546097,3.332102092827796e-11
y,14.585676790393737,7.060940431538677e-11
y,14.591926009241378,9.845086403564239e-11
y,14.59817522808902,4.20489945542765e-11
y,14.60442444693666,3.5071065211334865e-11
y,14.6106736657843,1.360397516132794e-11
y,14.616922884631942,7.927352775229404e-11
y,14.623172103479583,8.578951521860908e-11
y,14.629421322327223,2.411622966333213e-11
y,14.635670541174864,1.037792643371318e-11
y,14.641919760022505,4.714444109092446e-12
y,14.648168978870146,5.817964263289681e-11
y,14.654418197717787,3.0907570091982774e-11
y,14.660667416565428,4.711586935843777e-11
y,14.666916635413068,7.316737118229842e-11
y,14.67316585426071,6.3566869577896e-11
y,14.67941507310835,8.374384201117287e-11
y,14.685664291955991,1.6307909592096878e-10
y,14.691913510803632,2.3151760376352944e-10
y,14.698162729651273,5.5499539230119954e-11
y,14.704411948498914,2.8603160934277472e-11
y,14.710661167346554,3.947994119787157e-11
y,14.716910386194195,1.4153236625923718e-11
y,14.723159605041836,6.476056949361997e-11
y,14.729408823889477,4.346953888620828e-11
y,14.735658042737118,1.776166244246953e-11
y,14.741907261584759,1.7226083291375649e-10
y,14.7481564804324,1.4131887148192787e-10
y,14.75440569928004,1.97959646346632e-11
y,14.760654918127681,5.037136247509374e-11
y,14.766904136975322,1.2181103667822035e-10
y,14.773153355822963,1.3896670233323233e-10
y,14.779402574670604,4.430992107616616e-11
y,14.785651793518245,2.144113777527355e-11
y,14.791901012365885,2.3335084233216355e-11
y,14.798150231213526,4.713673367183883e-13
y,14.804399450061167,5.893335796596185e-12
y,14.810648668908808,3.740509878911938e-12
y,14.816897887756449,9.984895155377234e-12
y,14.82314710660409,2.807775564058135e-11
y,14.82939632545173,2.356191085980333e-11
y,14.835645544299371,2.234615846779998e-11
y,14.841894763147012,3.1398067343167144e-12
y,14.848143981994653,1.512786196537778e-11
y,14.854393200842294,1.6664863617982458e-11
y,14.860642419689935,5.019959222398125e-12
y,14.866891638537576,1.6323312593915703e-12
y,14.873140857385216,2.6659322948156078e-12
y,14.879390076232857,2.6158700025976184e-12
y,14.885639295080498,1.3778017328799549e-11
y,14.891888513928139,5.950765561787183e-12
y,14.89813773277578,4.392621367807335e-12
y,14.90438695162342,1.4217415743533167e-12
y,14.910636170471061,3.3555391532369823e-12
y,14.916885389318702,6.046579856410148e-12
y,14.923134608166343,6.516466313593478e-12
y,14.929383827013984,4.305386584028366e-12
y,14.935633045861625,4.157029914953395e-12
y,14.941882264709266,5.178885611170801e-12
y,14.948131483556907,1.615977047166183e-11
y,14.954380702404547,7.381752172296081e-12
y,14.960629921252188,1.5199202704733403e-12
y,14.96687914009983,1.6410728651094305e-12
y,14.97312835894747,1.295035526224462e-12
y,14.97937757779511,2.830422356059077e-12
y,14.985626796642752,6.6184412329017096e-12
y,14.991876015490393,3.965412092286555e-12
y,14.998125234338033,1.0050397308983406e-12
y,15.004374453185674,1.9011734935616297e-12
y,15.010623672033315,3.265747467027446e-12
y,15.016872890880956,3.001409757034354e-12
y,15.023122109728597,1.874768172861773e-12
y,15.029371328576238,3.4861857524280163e-12
y,15.035620547423878,5.367242526705245e-13
y,15.04186976627152,5.605091082611459e-13
y,15.04811898511916,2.270303269687597e-12
y,15.054368203966801,2.595622613041454e-12
y,15.060617422814442,5.016523682676019e-13
y,15.066866641662083,8.905211108545588e-12
y,15.073115860509724,1.0125515973566983e-11
y,15.079365079357364,1.5847349515469037e-11
y,15.085614298205005,1.7525681111238174e-11
y,15.091863517052646,1.7842324422264588e-11
y,15.098112735900287,1.3567323939586112e-11
y,15.104361954747928,2.5895236225288926e-12
y,15.110611173595569,3.9855602003947183e-13
y,15.11686039244321,1.1130097437462198e-11
y,15.12310961129085,3.4208882265195204e-12
y,15.129358830138491,7.801167073256222e-12
y,15.135608048986132,1.7155306392728755e-12
y,15.141857267833773,3.3046559222294892e-12
y,15.148106486681414,4.507561542003671e-13
y,15.154355705529055,6.620497494046148e-12
y,15.160604924376695,1.6947670924525996e-11
y,15.166854143224336,7.758141581202397e-12
y,15.173103362071977,2.6567782848175124e-12
y,15.179352580919618,3.7382217490071096e-14
y,15.185601799767259,1.1696202179184526e-11
y,15.1918510186149,2.788316886665978e-11
y,15.19810023746254,1.0546977130311095e-11
y,15.204349456310181,5.310477268239423e-12
y,15.210598675157822,4.8469704278162484e-12
y,15.216847894005463,4.7895362794187504e-12
y,15.223097112853104,5.0755421733582675e-12
y,15.229346331700745,5.366515752392155e-12
y,15.235595550548386,2.9382026955530408e-12
y,15.241844769396026,1.2989174444928232e-12
y,15.248093988243667,1.472484825189753e-12
y,15.254343207091308,8.027013365337032e-12
y,15.260592425938949,1.0192369387472473e-11
y,15.26684164478659,3.677408726627572e-12
y,15.27309086363423,3.2652036944618816e-12
y,15.279340082481871,2.933387371387868e-13
y,15.285589301329512,1.3043826849189987e-12
y,15.291838520177153,1.4240789219748792e-12
y,15.298087739024794,1.9819115532352577e-12
y,15.304336957872435,4.817541659564262e-12
y,15.310586176720076,3.243957957913494e-11
y,15.316835395567717,2.3424998433882486e-11
y,15.323084614415357,6.392716071997515e-12
y,15.329333833262998,6.5173108075506685e-12
y,15.335583052110639,1.7403271280900417e-11
y,15.34183227095828,2.919026661204618e-11
y,15.34808148980592,2.4734691062385934e-11
y,15.354330708653562,5.612786129565458e-12
y,15.360579927501202,4.12798555918405e-11
y,15.366829146348843,3.417709760046223e-11
y,15.373078365196484,1.0616528250651572e-11
y,15.379327584044125,4.336931211884198e-11
y,15.385576802891766,7.653823018444603e-12
y,15.391826021739407,2.3267234961484706e-12
y,15.398075240587048,1.0613958588032639e-11
y,15.404324459434688,6.217381874685288e-12
y,15.41057367828233,1.332081531588392e-12
y,15.41682289712997,3.562035848093522e-11
y,15.423072115977611,1.883425709662949e-11
y,15.429321334825252,2.3724001821931766e-11
y,15.435570553672893,1.5181040544676984e-11
y,15.441819772520534,6.287855389344402e-12
y,15.448068991368174,5.3262334679517915e-12
y,15.454318210215815,1.4227300380917067e-12
y,15.460567429063456,1.688381370248473e-12
y,15.466816647911097,1.7276653740058012e-11
y,15.473065866758738,2.6876322280279605e-11
y,15.479315085606379,6.824207625731141e-12
y,15.48556430445402,2.293334230963537e-12
y,15.49181352330166,7.672569195469007e-13
y,15.498062742149301,2.901385385822589e-12
y,15.504311960996942,9.195209878041509e-12
y,15.510561179844583,1.6519614312780456e-11
y,15.516810398692224,1.8141866011081273e-11
y,15.523059617539865,1.640258097261149e-12
y,15.529308836387505,8.933385759114318e-13
y,15.535558055235146,5.626780302063014e-12
y,15.541807274082787,2.0467337675617636e-12
y,15.548056492930428,4.53382582318252e-12
y,15.554305711778069,8.411162375620807e-12
y,15.56055493062571,4.815794348068938e-12
y,15.56680414947335,2.461018389586829e-12
y,15.573053368320991,1.7371799008492764e-12
y,15.579302587168632,3.40532634371488e-12
y,15.585551806016273,9.49764896314294e-13
y,15.591801024863914,8.72335225948702e-14
y,15.598050243711555,1.915343121832193e-12
y,15.604299462559196,7.535242351365808e-13
y,15.610548681406836,9.653488504525046e-13
y,15.616797900254477,7.718979927436876e-12
y,15.623047119102118,1.4470380476502932e-11
y,15.629296337949759,4.753875746843746e-13
y,15.6355455567974,2.4719818518873644e-12
y,15.64179477564504,8.767924846675902e-12
y,15.648043994492681,2.7891315496453803e-11
y,15.654293213340322,7.277178825476236e-11
y,15.660542432187963,2.368310253892904e-10
y,15.666791651035604,6.629371369675633e-11
y,15.673040869883245,9.420955799722548e-12
y,15.679290088730886,4.550625865778437e-12
y,15.685539307578527,6.593644350932173e-13
y,15.691788526426167,7.583142768445559e-13
y,15.698037745273808,6.523478270264116e-13
y,15.704286964121449,5.346632925148373e-13
y,15.71053618296909,1.1450159583293596e-12
y,15.71678540181673,1.198474299267071e-12
y,15.723034620664372,1.1809232430816874e-13
y,15.729283839512012,4.041435355062218e-13
y,15.735533058359653,5.334147633728933e-13
y,15.741782277207294,1.193041917390152e-13
y,15.748031496054935,5.055907786013751e-13
y,15.754280714902576,7.763278545101401e-13
y,15.760529933750217,5.49990223626837e-13
y,15.766779152597858,1.0858115058665215e-12
y,15.773028371445498,6.813561018367429e-14
y,15.77927759029314,1.418945697957145e-13
y,15.78552680914078,1.6593670577834616e-13
y,15.791776027988421,4.240197838932664e-13
y,15.798025246836062,6.730309253867526e-13
y,15.804274465683703,9.715831584860455e-13
y,15.810523684531343,7.782960914136136e-13
y,15.816772903378984,1.6255441303878614e-13
y,15.823022122226625,1.82664506108813e-13
y,15.829271341074266,8.342657436852036e-13
y,15.835520559921907,1.2599940468630063e-12
y,15.841769778769548,1.2801528229558083e-12
y,15.848018997617189,9.091494915597332e-13
y,15.85426821646483,5.767484942473432e-13
y,15.86051743531247,2.396455637634998e-13
y,15.866766654160111,8.521039884039927e-13
y,15.873015873007752,2.1741318438949495e-13
y,15.879265091855393,4.876567677869336e-13
y,15.885514310703034,1.1234244136833655e-12
y,15.891763529550675,2.6699049790352086e-12
y,15.898012748398315,2.4414870840320795e-12
y,15.904261967245956,1.7207451117941135e-12
y,15.910511186093597,4.884628071039359e-13
y,15.916760404941238,1.7353455590140922e-12
y,15.923009623788879,1.7903977794062264e-13
y,15.92925884263652,8.912407965930575e-13
y,15.93550806148416,2.329063333366688e-12
y,15.941757280331801,8.955412616818964e-13
y,15.948006499179442,1.0653210296847896e-12
y,15.954255718027083,5.281775143401651e-12
y,15.960504936874724,5.971857748311414e-12
y,15.966754155722365,2.3927592770617023e-13
y,15.973003374570006,1.294322716956574e-12
y,15.979252593417646,1.6598156322040474e-12
y,15.985501812265287,3.903627909847376e-12
y,15.991751031112928,2.0809454625387605e-12
y,15.998000249960569,8.043290496461979e-13
y,16.00424946880821,1.4297369407770668e-12
y,16.01049868765585,2.1152736071306626e-12
y,16.01674790650349,1.0424899729474021e-12
y,16.022997125351132,6.637189209756605e-14
y,16.029246344198775,3.34739490643966e-13
y,16.035495563046414,1.710319282059708e-13
y,16.041744781894053,3.760750922527445e-13
y,16.047994000741696,5.137029197555413e-13
y,16.05424321958934,5.239560242232367e-13
y,16.060492438436977,6.831411279545806e-13
y,16.066741657284616,3.7377117784131053e-13
y,16.07299087613226,1.5021765953156088e-12
y,16.0792400949799,2.1298381495926946e-12
y,16.08548931382754,3.6751799625850547e-13
y,16.09173853267518,1.2536676143546384e-13
y,16.097987751522822,3.493538900917286e-13
y,16.104236970370465,4.184484522915598e-13
y,16.110486189218104,2.1488895491642217e-13
y,16.116735408065743,1.230715149659931e-13
y,16.122984626913386,3.791304807608042e-13
y,16.12923384576103,1.6362711110173425e-12
y,16.135483064608668,3.256256323565725e-13
y,16.141732283456307,7.058772163148671e-13
y,16.14798150230395,1.7108507457101462e-12
y,16.154230721151592,4.025156121197979e-12
y,16.16047993999923,2.0846486355731894e-12
y,16.16672915884687,7.140030483888953e-13
y,16.172978377694513,1.934131982736286e-13
y,16.179227596542155,3.1067072198700163e-12
y,16.185476815389794,1.2376730319537573e-12
y,16.191726034237433,1.292525586862969e-12
y,16.197975253085076,2.7103902097237947e-12
y,16.20422447193272,2.7452320861161503e-12
y,16.210473690780358,7.142589533141376e-13
y,16.216722909627997,2.962081748535424e-12
y,16.22297212847564,1.5266488389404649e-12
y,16.229221347323282,5.095891787185253e-12
y,16.23547056617092,7.2319528892889386e-12
y,16.24171978501856,1.576037149181225e-12
y,16.247969003866203,4.683763378491723e-13
y,16.254218222713845,1.1287791627009527e-12
y,16.260467441561484,1.1268174106688214e-13
y,16.266716660409124,1.271665265897161e-13
y,16.272965879256766,2.448460069947909e-13
y,16.27921509810441,1.3556442354321527e-13
y,16.285464316952048,3.6922566900538884e-14
y,16.291713535799687,4.3269938353704717e-13
y,16.29796275464733,3.993332523708901e-13
y,16.304211973494972,2.6006347851105837e-13
y,16.31046119234261,6.063712400295984e-13
y,16.31671041119025,5.745959157958001e-13
y,16.322959630037893,2.383621132500625e-13
y,16.329208848885536,1.5913452467266552e-13
y,16.335458067733175,1.5612523484104298e-13
y,16.341707286580814,1.0731544755880719e-13
y,16.347956505428456,9.104579294905021e-14
y,16.3542057242761,2.992041310963249e-13
y,16.360454943123738,6.141929878375115e-13
y,16.366704161971377,6.046479829075598e-13
y,16.37295338081902,1.6975308534156277e-12
y,16.379202599666662,1.0680857977145712e-12
y,16.3854518185143,3.9919687443241765e-13
y,16.39170103736194,4.3310387972843956e-14
y,16.397950256209583,1.6732629215417755e-12
y,16.404199475057226,2.9129617487631173e-12
y,16.410448693904865,1.423087132564181e-12
y,16.416697912752504,2.533579225733576e-13
y,16.422947131600147,4.350239003021298e-14
y,16.42919635044779,3.693414174824318e-13
y,16.435445569295428,2.178132858886222e-12
y,16.441694788143067,1.2675340448431118e-13
y,16.44794400699071,3.634893125747253e-12
y,16.454193225838353,3.0669058235284056e-12
y,16.46044244468599,3.3521443642071916e-13
y,16.46669166353363,5.251125438730954e-13
y,16.472940882381273,5.51605473162917e-13
y,16.479190101228916,1.5609971260958134e-12
y,16.485439320076555,3.378710568999522e-12
y,16.491688538924194,6.786391128875708e-12
y,16.497937757771837,2.9594686576807025e-12
y,16.50418697661948,5.747204034774733e-12
y,16.51043619546712,2.0653193556561915e-12
y,16.516685414314757,1.7083912530583663e-12
y,16.5229346331624,4.2494142999865574e-13
y,16.529183852010043,5.373900932152252e-12
y,16.53543307085768,7.587676778158478e-12
y,16.54168228970532,6.428017714157628e-12
y,16.547931508552963,1.6230047587683888e-11
y,16.554180727400606,7.634284911392904e-12
y,16.560429946248245,5.319093939855184e-12
y,16.566679165095884,3.0505039520946453e-12
y,16.572928383943527,8.26339421932636e-12
y,16.57917760279117,1.4982084264441203e-11
y,16.58542682163881,5.997515655045475e-12
y,16.591676040486448,1.3253836097146406e-12
y,16.59792525933409,1.9561610810474426e-12
y,16.604174478181733,4.397121319137314e-12
y,16.610423697029372,7.374158564817533e-12
y,16.61667291587701,4.769465658703886e-12
y,16.622922134724654,1.1676974512714894e-11
y,16.629171353572296,8.469372495933778e-12
y,16.635420572419935,9.625673143710645e-12
y,16.641669791267574,1.957854662423175e-11
y,16.647919010115217,3.578968647073154e-11
y,16.65416822896286,1.5436481345227662e-11
y,16.6604174478105,4.8693407868811465e-12
y,16.666666666658138,4.9106018795145385e-12
y,16.67291588550578,2.381951912793113e-12
y,16.679165104353423,7.588123207464137e-12
y,16.685414323201062,9.309059283169546e-12
y,16.6916635420487,1.4030782540552577e-12
y,16.697912760896344,2.0591191785194488e-11
y,16.704161979743986,2.8262489825049133e-11
y,16.710411198591625,5.9160499671780145e-12
y,16.716660417439265,5.178694860367673e-12
y,16.722909636286907,1.5335793625944175e-11
y,16.72915885513455,2.1426856472479286e-11
y,16.73540807398219,9.499899910981826e-12
y,16.741657292829828,2.0746410919733022e-12
y,16.74790651167747,4.5652020086658425e-12
y,16.754155730525113,3.8812243512734354e-13
y,16.760404949372752,3.9617607370210585e-13
y,16.76665416822039,7.73299333098068e-13
y,16.772903387068034,5.296745071587298e-13
y,16.779152605915677,4.123808445366043e-12
y,16.785401824763316,2.736459256818863e-12
y,16.791651043610955,3.85664248201648e-12
y,16.797900262458597,3.8973326644623824e-13
y,16.80414948130624,2.0486940356284567e-12
y,16.81039870015388,2.411373587197633e-12
y,16.816647919001518,1.1651964043968091e-12
y,16.82289713784916,1.3923864270663668e-13
y,16.829146356696803,4.855119759371404e-13
y,16.835395575544442,4.3310734005628145e-14
y,16.84164479439208,1.6029145717214267e-12
y,16.847894013239724,9.247043059788475e-13
y,16.854143232087367,7.687559641752153e-13
y,16.860392450935006,3.0941627835386516e-13
y,16.866641669782645,4.966640682574925e-13
y,16.872890888630288,7.44144034913987e-13
y,16.87914010747793,9.384837418809751e-13
y,16.88538932632557,8.061400418634477e-13
y,16.89163854517321,8.021970863518768e-13
y,16.89788776402085,6.224647327257729e-13
y,16.904136982868494,1.6479486311656264e-12
y,16.910386201716133,1.3595472565720273e-12
y,16.91663542056377,3.4029017075806465e-13
y,16.922884639411414,2.8757538326989067e-13
y,16.929133858259057,2.7541863010283975e-13
y,16.935383077106696,3.0223055985090717e-13
y,16.941632295954335,8.956555239410636e-13
y,16.947881514801978,8.339481981905618e-13
y,16.95413073364962,1.4383542558392507e-13
y,16.96037995249726,2.313576011606927e-13
y,16.9666291713449,4.471790428449695e-13
y,16.97287839019254,5.783995358475515e-13
y,16.979127609040184,3.120762054368763e-13
y,16.985376827887823,4.66523735628728e-13
y,16.991626046735462,1.7997229588240644e-13
y,16.997875265583104,4.9133346589889925e-14
y,17.004124484430747,2.190793924215654e-13
y,17.010373703278386,4.0995664423140193e-13
y,17.016622922126025,5.840286152707437e-15
y,17.022872140973668,8.688812541397343e-13
y,17.02912135982131,1.3746731132133013e-12
y,17.03537057866895,1.7691858516503397e-12
y,17.04161979751659,2.3263578578548733e-12
y,17.04786901636423,2.1102990334439496e-12
y,17.054118235211874,2.2168612354584114e-12
y,17.060367454059513,5.465040390390704e-13
y,17.066616672907152,1.7189487616165577e-13
y,17.072865891754795,1.0184996628650703e-12
y,17.079115110602437,9.663477635237575e-13
y,17.085364329450076,7.64907258586967e-13
y,17.091613548297715,4.204504487133328e-13
y,17.097862767145358,4.185049889978089e-13
y,17.104111985993,1.0980218531342335e-13
y,17.11036120484064,5.424605688910566e-13
y,17.11661042368828,2.1879727243296097e-12
y,17.12285964253592,1.4456031328020582e-12
y,17.129108861383564,4.13069048930361e-13
y,17.135358080231203,3.722772854492127e-14
y,17.141607299078842,1.0721465218589279e-12
y,17.147856517926485,4.3302592299073755e-12
y,17.154105736774127,2.393158197875029e-12
y,17.160354955621766,9.66982679492392e-13
y,17.166604174469406,9.730813262359069e-13
y,17.172853393317048,8.005422160357844e-13
y,17.17910261216469,7.544657828844662e-13
y,17.18535183101233,7.536494430822456e-13
y,17.19160104985997,7.044301644089512e-13
y,17.19785026870761,7.801808204787546e-14
y,17.204099487555254,5.559128273345312e-13
y,17.210348706402893,6.058106179896197e-13
y,17.216597925250532,1.871092956587567e-12
y,17.222847144098175,6.325148341841445e-13
y,17.229096362945818,6.611564842603603e-13
y,17.235345581793457,8.511533987599075e-14
y,17.241594800641096,1.2199734297093283e-13
y,17.24784401948874,2.491710720719248e-13
y,17.25409323833638,3.9076860297417284e-13
y,17.26034245718402,1.5467630007396391e-13
y,17.26659167603166,4.7011602054455536e-12
y,17.2728408948793,5.261192336678354e-12
y,17.279090113726944,1.6313206538565025e-12
y,17.285339332574583,9.241042089521055e-13
y,17.291588551422223,2.43123373017859e-12
y,17.297837770269865,5.014936720865933e-12
y,17.304086989117508,4.714326126999705e-12
y,17.310336207965147,1.9092897184114697e-12
y,17.316585426812786,4.2542858939893604e-12
y,17.32283464566043,8.697941282438235e-12
y,17.32908386450807,3.1041814844425744e-13
y,17.33533308335571,8.515641657439295e-12
y,17.34158230220335,2.23980470154648e-12
y,17.347831521050992,8.751252712024164e-14
y,17.354080739898635,1.9742605927051274e-12
y,17.360329958746274,1.5010573998835961e-12
y,17.366579177593913,2.994616665695255e-14
y,17.372828396441555,5.124113527822088e-12
y,17.379077615289198,4.9501818872890416e-12
y,17.385326834136837,3.75766790857999e-12
y,17.391576052984476,3.5888714680074653e-12
y,17.39782527183212,1.3207955442519042e-12
y,17.40407449067976,1.0165670911116322e-12
y,17.4103237095274,3.896872742442167e-13
y,17.41657292837504,1.919715024134022e-13
y,17.422822147222682,2.0805808399947506e-12
y,17.429071366070325,5.437671961168968e-12
y,17.435320584917964,1.849966807600996e-12
y,17.441569803765603,3.4175009568002016e-13
y,17.447819022613245,1.5408329053944496e-13
y,17.454068241460888,3.5881451918530425e-13
y,17.460317460308527,1.5242478828762135e-12
y,17.466566679156166,2.6700357664051683e-12
y,17.47281589800381,3.8805525804902e-12
y,17.47906511685145,7.84993757718931e-13
y,17.48531433569909,8.985456338844744e-14
y,17.49156355454673,8.626979844337663e-13
y,17.497812773394372,3.805017532102888e-13
y,17.504061992242015,6.362583467579208e-13
y,17.510311211089654,1.3751566751380742e-12
y,17.516560429937293,1.020520664228269e-12
y,17.522809648784936,4.0281213150642346e-13
y,17.52905886763258,2.6267906667127726e-13
y,17.535308086480217,5.684291281118005e-13
y,17.541557305327856,1.9646509833657108e-13
y,17.5478065241755,1.596936769827297e-14
y,17.55405574302314,2.7588100418706134e-13
y,17.56030496187078,1.725046826682732e-13
y,17.56655418071842,7.655760433156514e-14
y,17.572803399566062,6.772196006823821e-13
y,17.579052618413705,2.296517087933808e-12
y,17.585301837261344,3.6762351948148425e-13
y,17.591551056108983,4.578970836744107e-13
y,17.597800274956626,6.369554570196167e-13
y,17.60404949380427,2.6392620953260578e-12
y,17.610298712651907,4.3921583503552304e-12
y,17.616547931499547,1.827987019026182e-11
y,17.62279715034719,1.0405819034258769e-11
y,17.629046369194832,1.0827210025746603e-12
y,17.63529558804247,6.530677871109309e-13
y,17.64154480689011,1.3257458919561232e-13
y,17.647794025737753,1.1557493949325466e-13
y,17.654043244585395,1.1259978594545683e-13
y,17.660292463433034,1.2613447113059192e-13
y,17.666541682280673,1.7903201011341904e-13
y,17.672790901128316,3.929200559736688e-13
y,17.67904011997596,6.267431663447101e-14
y,17.685289338823598,8.796590524679189e-14
y,17.691538557671237,1.7294345658860128e-13
y,17.69778777651888,4.201032093038342e-14
y,17.704036995366522,9.034330272006341e-14
y,17.71028621421416,2.2501636532710975e-13
y,17.7165354330618,1.4602623145256752e-13
y,17.722784651909443,2.639192936197661e-13
y,17.729033870757085,5.417305662218569e-14
y,17.735283089604724,4.525125736191435e-14
y,17.741532308452364,3.2715441927455826e-14
y,17.747781527300006,7.485126745989025e-14
y,17.75403074614765,1.644719069942398e-13
y,17.760279964995288,2.112174913900843e-13
y,17.766529183842927,2.0796085202743936e-13
y,17.77277840269057,6.748123027427753e-14
y,17.779027621538212,1.8823718061123463e-14
y,17.78527684038585,1.7880063540126522e-13
y,17.79152605923349,2.718534416214363e-13
y,17.797775278081133,3.113404495278325e-13
y,17.804024496928776,2.0542288521608183e-13
y,17.810273715776415,1.5852851345533427e-13
y,17.816522934624054,1.604301119385314e-14
y,17.822772153471696,2.3096045632444335e-13
y,17.82902137231934,5.5561731450277876e-14
y,17.835270591166978,9.019206383062779e-14
y,17.841519810014617,2.1456788579366262e-13
y,17.84776902886226,5.652632537832945e-13
y,17.854018247709902,6.1080673377009e-13
y,17.86026746655754,4.145076871298258e-13
y,17.86651668540518,1.1958780606666125e-13
y,17.872765904252823,3.9090679342243654e-13
y,17.879015123100466,1.5256087765807657e-13
y,17.885264341948105,1.0774549511660958e-13
y,17.891513560795744,4.486331259724856e-13
y,17.897762779643386,2.990837268189928e-13
y,17.90401199849103,1.3402035041794585e-13
y,17.910261217338668,9.240576093291106e-13
y,17.916510436186307,1.4546622760453482e-12
y,17.92275965503395,1.5220578291307646e-13
y,17.929008873881592,3.1038308593870316e-13
y,17.93525809272923,2.6510903545616885e-13
y,17.94150731157687,8.410413398502331e-13
y,17.947756530424513,6.877457456163018e-13
y,17.954005749272156,1.67975292371452e-13
y,17.960254968119795,2.561450105478947e-13
y,17.966504186967434,4.220631231972572e-13
y,17.972753405815077,3.00187927630333e-13
y,17.97900262466272,5.841898505841938e-14
y,17.98525184351036,4.594703189120389e-14
y,17.991501062357997,5.326235295529683e-14
y,17.99775028120564,6.434288426164447e-14
y,18.003999500053283,1.1863738970587284e-13
y,18.01024871890092,1.2089452748225826e-13
y,18.01649793774856,1.0641250370640164e-13
y,18.022747156596203,9.954443649221034e-14
y,18.028996375443846,2.2674708257696527e-13
y,18.035245594291485,6.105330999842787e-13
y,18.041494813139124,1.752853543399214e-13
y,18.047744031986767,1.582280318610397e-14
y,18.05399325083441,5.2007486552215226e-14
y,18.06024246968205,8.784939894775476e-14
y,18.066491688529688,6.295409544822832e-14
y,18.07274090737733,2.989067961797245e-14
y,18.078990126224973,3.5087085319450107e-14
y,18.085239345072612,3.319710607904698e-13
y,18.09148856392025,1.4811837748024932e-13
y,18.097737782767894,1.3747416335330478e-13
y,18.103987001615536,3.093413048859005e-13
y,18.110236220463175,8.521326766188804e-13
y,18.116485439310814,6.139273429403267e-13
y,18.122734658158457,2.042587445679185e-13
y,18.1289838770061,3.308309907729642e-14
y,18.13523309585374,5.221008794970094e-13
y,18.141482314701378,5.543315831670104e-13
y,18.14773153354902,1.9865121467379146e-13
y,18.153980752396663,6.877482190424626e-13
y,18.160229971244302,7.160822667114688e-13
y,18.16647919009194,9.667323108920212e-14
y,18.172728408939584,8.385502049617836e-13
y,18.178977627787226,3.798268239226318e-13
y,18.185226846634865,8.781856750433161e-13
y,18.191476065482505,1.7593696042358186e-12
y,18.197725284330147,6.934754462523275e-13
y,18.20397450317779,3.5343100770461035e-14
y,18.21022372202543,2.835676726038415e-13
y,18.216472940873068,7.286005110608493e-14
y,18.22272215972071,1.4045517499626583e-14
y,18.228971378568353,6.173565580869521e-14
y,18.235220597415992,4.720809288756882e-14
y,18.24146981626363,1.1690030143299555e-15
y,18.247719035111274,7.652900189923803e-14
y,18.253968253958917,1.097802786181349e-13
y,18.260217472806556,6.346559365283553e-14
y,18.266466691654195,1.2129504890461945e-13
y,18.272715910501837,1.534871622272527e-13
y,18.27896512934948,6.05176311939474e-14
y,18.28521434819712,3.094478319119184e-14
y,18.291463567044758,3.1114454468095526e-14
y,18.2977127858924,2.3977435848606198e-14
y,18.303962004740043,1.6694151853581714e-14
y,18.310211223587682,4.049865139353928e-14
y,18.31646044243532,1.4913554701401497e-13
y,18.322709661282964,8.699680225041712e-14
y,18.328958880130607,2.896893247675106e-13
y,18.335208098978246,2.760890832953208e-13
y,18.341457317825885,9.766099939050807e-14
y,18.347706536673527,4.7681508984471265e-14
y,18.35395575552117,1.8962109270641316e-13
y,18.36020497436881,6.431580012002232e-13
y,18.36645419321645,4.0240665388242934e-13
y,18.37270341206409,9.550000806475248e-14
y,18.378952630911733,1.0989039032210177e-14
y,18.385201849759373,3.4311031239344726e-14
y,18.39145106860701,3.1764830186487086e-13
y,18.397700287454654,1.0849967031653972e-13
y,18.403949506302297,4.444273348802117e-13
y,18.410198725149936,7.954044293565128e-13
y,18.416447943997575,1.3409304576525295e-13
y,18.422697162845218,3.706764950303e-14
y,18.42894638169286,1.297066063656774e-13
y,18.4351956005405,2.2944185117658666e-13
y,18.44144481938814,4.4328630296407743e-13
y,18.44769403823578,1.1456341739410362e-12
y,18.453943257083424,5.670649319128414e-13
y,18.460192475931063,9.931912510559048e-13
y,18.466441694778702,4.2220208553135907e-13
y,18.472690913626344,3.8275922677265324e-13
y,18.478940132473987,9.62631745726539e-15
y,18.485189351321626,6.016371321214846e-13
y,18.491438570169265,1.4885340195588003e-12
y,18.497687789016908,6.285400442874859e-13
y,18.50393700786455,2.3543548366504596e-12
y,18.51018622671219,1.4871428582395401e-12
y,18.51643544555983,8.037532246671303e-13
y,18.52268466440747,6.607359710102648e-13
y,18.528933883255114,7.810332306380448e-13
y,18.535183102102753,2.354164166703169e-12
y,18.541432320950392,1.275208720534753e-12
y,18.547681539798035,3.017688670426766e-13
y,18.553930758645677,4.3894869112922794e-13
y,18.560179977493316,1.530864003068877e-13
y,18.566429196340955,1.373682131786168e-12
y,18.572678415188598,3.6440931771199316e-13
y,18.57892763403624,1.835881031801628e-12
y,18.58517685288388,1.2284207893233165e-12
y,18.59142607173152,1.0798119809786631e-12
y,18.59767529057916,2.21340136947309e-12
y,18.603924509426804,4.917021649463473e-12
y,18.610173728274443,3.5377917139559366e-12
y,18.616422947122082,8.04773038035331e-13
y,18.622672165969725,7.88315187253144e-13
y,18.628921384817367,4.1075810267343923e-13
y,18.635170603665006,7.116711691219574e-13
y,18.641419822512646,1.6716560830321654e-12
y,18.647669041360288,3.1784909675332654e-13
y,18.65391826020793,2.0833261152658023e-12
y,18.66016747905557,4.8024129623583845e-12
y,18.66641669790321,1.8035658516617644e-12
y,18.67266591675085,4.814333735617096e-13
y,18.678915135598494,1.7185786146836085e-12
y,18.685164354446133,3.2048990818107197e-12
y,18.691413573293772,1.7435171412945226e-12
y,18.697662792141415,2.569007605193809e-13
y,18.703912010989058,7.271898486944702e-13
y,18.710161229836697,1.5029456196686634e-13
y,18.716410448684336,1.8909187082617544e-14
y,18.72265966753198,1.1121477613756015e-13
y,18.72890888637962,1.4620778301385717e-14
y,18.73515810522726,4.812052610131227e-13
y,18.7414073240749,4.134385188048236e-13
y,18.74765654292254,5.008813556348479e-13
y,18.753905761770184,1.23642878334119e-13
y,18.760154980617823,2.33426331382462e-13
y,18.766404199465462,3.2682691197389326e-13
y,18.772653418313105,2.261437779525179e-13
y,18.778902637160748,2.0196621597224293e-14
y,18.785151856008387,6.981327249964248e-14
y,18.791401074856026,2.8440849040692508e-15
y,18.79765029370367,1.455558399804805e-13
y,18.80389951255131,1.366159931081918e-13
y,18.81014873139895,1.0799747122501364e-13
y,18.81639795024659,6.97330059450077e-14
y,18.822647169094232,7.612217925239235e-14
y,18.828896387941874,9.771572882420224e-14
y,18.835145606789514,1.145821543777709e-13
y,18.841394825637153,1.3196764719302325e-13
y,18.847644044484795,1.4468186452377288e-13
y,18.853893263332438,1.2085249185169076e-13
y,18.860142482180077,1.2190305679585576e-13
y,18.866391701027716,1.9205756224363697e-13
y,18.87264091987536,6.549609814149185e-14
y,18.878890138723,4.586206798030922e-14
y,18.88513935757064,5.685059976478597e-14
y,18.89138857641828,3.966507019020477e-14
y,18.897637795265922,1.054428604958917e-13
y,18.903887014113565,1.5461471737144717e-13
y,18.910136232961204,2.911819404411492e-14
y,18.916385451808843,2.4948011352460432e-14
y,18.922634670656485,5.853163989177262e-14
y,18.928883889504128,9.867009883337976e-14
y,18.935133108351767,6.12713506303748e-14
y,18.941382327199406,5.786805900029358e-14
y,18.94763154604705,3.7280959822440736e-14
y,18.95388076489469,3.876539770173801e-15
y,18.96012998374233,2.278963058037717e-14
y,18.96637920258997,4.850453921765823e-14
y,18.972628421437612,8.621512748089243e-15
y,18.978877640285255,5.975077781402984e-14
y,18.985126859132894,1.6349047161818457e-13
y,18.991376077980533,1.7422010732933547e-13
y,18.997625296828176,2.8183082012716266e-13
y,19.003874515675818,2.394195095704046e-13
y,19.010123734523457,2.863844605251493e-13
y,19.016372953371096,1.0966701208052312e-13
y,19.02262217221874,4.832532971947901e-14
y,19.02887139106638,6.161699073156684e-14
y,19.03512060991402,1.8695779920305054e-13
y,19.04136982876166,4.955251906484031e-14
y,19.047619047609302,9.018499185029981e-14
y,19.053868266456945,3.2489577015321183e-14
y,19.060117485304584,3.326230938764213e-14
y,19.066366704152223,3.495099619304821e-14
y,19.072615922999866,2.395989227102315e-13
y,19.07886514184751,2.4859787738276384e-13
y,19.085114360695147,6.117638099446562e-14
y,19.091363579542787,1.3181241389933868e-14
y,19.09761279839043,8.399219399986524e-14
y,19.10386201723807,5.813785058359392e-13
y,19.11011123608571,4.849549102311639e-13
y,19.11636045493335,1.7019845077504555e-13
y,19.122609673780993,1.8821316686380066e-13
y,19.128858892628635,1.4244888902119742e-13
y,19.135108111476274,1.1612963683950219e-13
y,19.141357330323913,9.750027633893769e-14
y,19.147606549171556,1.2370327194466307e-13
y,19.1538557680192,1.6459909115046084e-14
y,19.160104986866838,1.1666445878949346e-13
y,19.166354205714477,3.412979634822155e-14
y,19.17260342456212,2.8845363543415633e-13
y,19.178852643409762,1.170157399915183e-13
y,19.1851018622574,1.149919225751691e-13
y,19.19135108110504,3.1135367708737636e-14
y,19.197600299952683,9.485355684770053e-15
y,19.203849518800325,4.694017131843279e-14
y,19.210098737647964,4.849353222697189e-14
y,19.216347956495603,6.372095695847805e-16
y,19.222597175343246,5.63185740260923e-13
y,19.22884639419089,1.05688250590641e-12
y,19.235095613038528,4.361104538765854e-13
y,19.241344831886167,1.4821724555138341e-13
y,19.24759405073381,3.351595839875985e-13
y,19.253843269581452,8.061212522389813e-13
y,19.26009248842909,8.516109426703317e-13
y,19.26634170727673,5.495544620596354e-13
y,19.272590926124373,3.33229201873222e-13
y,19.278840144972015,1.6897221426265248e-12
y,19.285089363819655,1.2501528146088293e-13
y,19.291338582667294,1.338930133914797e-12
y,19.297587801514936,6.802483530164064e-13
y,19.30383702036258,2.9959288839957153e-15
y,19.310086239210218,2.952976498987592e-13
y,19.316335458057857,3.348428957087264e-13
y,19.3225846769055,7.570150714976404e-14
y,19.328833895753142,5.566884346040504e-13
y,19.33508311460078,1.2157891674211739e-12
y,19.34133233344842,5.946079444979824e-13
y,19.347581552296063,7.517743398706308e-13
y,19.353830771143706,3.1951176316376047e-13
y,19.360079989991345,1.8305192378230601e-13
y,19.366329208838984,9.550991304425713e-14
y,19.372578427686626,3.103789127500799e-14
y,19.37882764653427,2.1836675189871663e-13
y,19.385076865381908,9.672882583074383e-13
y,19.391326084229547,5.036024002582327e-13
y,19.39757530307719,6.47655488975813e-14
y,19.403824521924832,2.1717503046619486e-14
y,19.41007374077247,4.7778894450347466e-14
y,19.41632295962011,2.454570015542261e-13
y,19.422572178467753,4.2714498354346223e-13
y,19.428821397315396,7.414569919354342e-13
y,19.435070616163035,2.87605243959648e-13
y,19.441319835010674,2.3122729861273554e-14
y,19.447569053858317,9.935560881697566e-14
y,19.45381827270596,8.096432613698819e-14
y,19.4600674915536,1.0130385306387375e-13
y,19.466316710401237,2.002201646794471e-13
y,19.47256592924888,1.9840745776148552e-13
y,19.478815148096523,8.365482558154522e-14
y,19.48506436694416,4.3037457686396143e-14
y,19.4913135857918,7.872345407882244e-14
y,19.497562804639443,4.7911324424060664e-14
y,19.503812023487086,5.6078451554857094e-15
y,19.510061242334725,2.9891079068083026e-14
y,19.516310461182364,4.255125030882025e-14
y,19.522559680030007,6.988608697313024e-15
y,19.52880889887765,4.3875091278444605e-14
y,19.53505811772529,3.169918166840316e-13
y,19.541307336572928,1.3501906720634283e-13
y,19.54755655542057,5.952205371470322e-14
y,19.553805774268213,5.89993502222854e-14
y,19.560054993115852,2.0843558613850562e-13
y,19.56630421196349,3.6817221682068276e-13
y,19.572553430811134,1.053719129077831e-12
y,19.578802649658776,1.2257497837519695e-12
y,19.585051868506415,1.8088714152770645e-13
y,19.591301087354054,8.021996893713562e-14
y,19.597550306201697,3.165622048049357e-14
y,19.60379952504934,3.31638517563213e-14
y,19.61004874389698,3.2031185305579716e-14
y,19.616297962744618,3.370058422812e-14
y,19.62254718159226,2.6834056976389705e-14
y,19.628796400439903,1.0837858459089667e-13
y,19.635045619287542,3.565000357275694e-14
y,19.64129483813518,2.104313519844482e-14
y,19.647544056982824,4.981885933258956e-14
y,19.653793275830466,1.744277516128309e-14
y,19.660042494678105,1.4897099453701255e-14
y,19.666291713525744,5.4596892888189146e-14
y,19.672540932373387,4.1894400618468024e-14
y,19.67879015122103,5.0756980579205466e-14
y,19.68503937006867,2.810434786386738e-14
y,19.691288588916308,9.35702428172644e-15
y,19.69753780776395,7.428746178046898e-15
y,19.703787026611593,1.1496255819533168e-14
y,19.710036245459232,3.6307325674178125e-14
y,19.71628546430687,4.0874491302555306e-14
y,19.722534683154514,4.88949900680834e-14
y,19.728783902002156,2.204404612186561e-14
y,19.735033120849796,9.293792052653019e-16
y,19.741282339697435,3.4900174537687885e-14
y,19.747531558545077,5.746892587409332e-14
y,19.75378077739272,6.722479509309279e-14
y,19.76002999624036,4.764611695225736e-14
y,19.766279215087998,3.48614488041708e-14
y,19.77252843393564,2.7682099500203188e-15
y,19.778777652783283,4.653469206563602e-14
y,19.785026871630922,2.26035518987067e-14
y,19.79127609047856,1.3606578139663556e-14
y,19.797525309326204,4.1806381584614905e-14
y,19.803774528173847,1.0809590346972141e-13
y,19.810023747021486,1.4208908484480926e-13
y,19.816272965869125,9.384602317648244e-14
y,19.822522184716767,3.1840334816780665e-14
y,19.82877140356441,6.860502880612315e-14
y,19.83502062241205,6.493221621172182e-14
y,19.841269841259688,8.69901706571649e-15
y,19.84751906010733,7.638165040336291e-14
y,19.853768278954973,8.205012860299307e-14
y,19.860017497802612,1.1763532334148007e-14
y,19.86626671665025,1.5794494602622056e-13
y,19.872515935497894,2.85098391500019e-13
y,19.878765154345537,7.828179281261266e-14
y,19.885014373193176,5.620812414628124e-14
y,19.891263592040815,5.3352934824409606e-14
y,19.897512810888458,1.491614002258998e-13
y,19.9037620297361,1.9575696073385643e-13
y,19.91001124858374,4.292864193161555e-14
y,19.91626046743138,4.104749246900476e-14
y,19.92250968627902,7.630024203882298e-14
y,19.928758905126664,7.031228487778178e-14
y,19.935008123974303,2.465917619403652e-14
y,19.94125734282194,4.4984637194161706e-15
y,19.947506561669584,1.5007378951581014e-14
y,19.953755780517227,9.684965507360413e-15
y,19.960004999364866,2.4521980383766722e-14
y,19.966254218212505,2.576246953751937e-14
y,19.972503437060148,1.773389634189582e-14
y,19.97875265590779,2.1083070865623385e-14
y,19.98500187475543,2.531520652007517e-14
y,19.99125109360307,1.4075025191801356e-13
y,19.99750031245071,6.77530413609062e-14
y,20.003749531298354,4.797227595577804e-15
y,20.009998750145993,5.5023171199673825e-15
y,20.016247968993632,1.5599626286360215e-14
y,20.022497187841275,1.5384358664854613e-14
y,20.028746406688917,5.6312750239131835e-15
y,20.034995625536556,5.0796389393921796e-15
y,20.041244844384195,5.26584011124937e-14
y,20.047494063231838,5.299734019347723e-14
y,20.05374328207948,2.5915015227943334e-14
y,20.05999250092712,5.892869975749726e-14
y,20.06624171977476,1.6059150493792702e-13
y,20.0724909386224,1.6350743129005387e-13
y,20.078740157470044,5.504847209885744e-14
y,20.084989376317683,9.224781994241823e-15
y,20.091238595165322,6.778617441974128e-14
y,20.097487814012965,1.62046987780372e-13
y,20.103737032860607,3.11165670230061e-14
y,20.109986251708246,1.68689137518018e-13
y,20.116235470555885,1.607223897886654e-13
y,20.122484689403528,2.71654371953628e-14
y,20.12873390825117,1.782299635352849e-13
y,20.13498312709881,1.329455812972488e-13
y,20.14123234594645,1.3292062522925516e-13
y,20.14748156479409,3.705734180988066e-13
y,20.153730783641734,2.4546724250075264e-13
y,20.159980002489373,3.137128740637703e-15
y,20.166229221337012,5.965171552651059e-14
y,20.172478440184655,3.134100427901549e-14
y,20.178727659032297,1.4868725055312331e-15
y,20.184976877879937,1.2746666276715609e-14
y,20.191226096727576,1.3403682482086371e-14
y,20.19747531557522,3.9656420821645845e-15
y,20.20372453442286,9.927951801004024e-15
y,20.2099737532705,2.584524566303532e-14
y,20.21622297211814,1.6151831015389018e-14
y,20.22247219096578,2.1869937290560703e-14
y,20.228721409813424,3.729862652839652e-14
y,20.234970628661063,1.684084132535813e-14
y,20.241219847508702,6.270128767256626e-15
y,20.247469066356345,6.0515983352464065e-15
y,20.253718285203988,5.571218322562649e-15
y,20.259967504051627,2.9951481754037715e-15
y,20.266216722899266,5.782570685939998e-15
y,20.27246594174691,3.0033783500967437e-14
y,20.27871516059455,2.018291407267173e-14
y,20.28496437944219,4.3870433408761844e-14
y,20.29121359828983,6.548589078600604e-14
y,20.297462817137472,2.567305736618461e-14
y,20.303712035985114,1.957963113686206e-14
y,20.309961254832753,1.482301603230349e-14
y,20.316210473680393,1.3203952504877767e-13
y,20.322459692528035,1.090252396972932e-13
y,20.328708911375678,3.499101825228e-14
y,20.334958130223317,3.1740268510893595e-15
y,20.341207349070956,4.807613986811214e-15
y,20.3474565679186,3.7940334127132884e-14
y,20.35370578676624,4.327895110338303e-14
y,20.35995500561388,3.8229662722428015e-14
y,20.36620422446152,1.808093806411308e-13
y,20.372453443309162,5.2665221455891786e-14
y,20.378702662156805,3.915182545263452e-15
y,20.384951881004444,2.087194027469663e-14
y,20.391201099852083,3.425533190634719e-14
y,20.397450318699725,7.374283982011816e-14
y,20.403699537547368,1.6413333596096712e-13
y,20.409948756395007,1.3340332229238945e-13
y,20.416197975242646,1.4782359298014443e-13
y,20.42244719409029,1.1318646362297918e-13
y,20.42869641293793,6.522214168322947e-14
y,20.43494563178557,7.224793414490968e-15
y,20.44119485063321,6.160022644539879e-14
y,20.447444069480852,2.452655456841405e-13
y,20.453693288328495,1.1019489590925916e-13
y,20.459942507176134,2.9041091429402383e-13
y,20.466191726023773,2.9167165056755263e-13
y,20.472440944871416,1.3105349304507244e-13
y,20.478690163719058,1.227930683483685e-13
y,20.484939382566697,8.080787624260612e-14
y,20.491188601414336,3.2935790835290766e-13
y,20.49743782026198,2.421831026278598e-13
y,20.50368703910962,8.016996920946909e-14
y,20.50993625795726,7.000536073574783e-14
y,20.5161854768049,4.0014362432685125e-16
y,20.522434695652542,1.9377371362083512e-13
y,20.528683914500185,2.994652354939536e-14
y,20.534933133347824,2.587722290385096e-13
y,20.541182352195463,1.9742290352771275e-13
y,20.547431571043106,1.2274437606208288e-13
y,20.55368078989075,2.3670292997312184e-13
y,20.559930008738387,6.095237363141543e-13
y,20.566179227586026,6.797804931402057e-13
y,20.57242844643367,1.5103030947707783e-13
y,20.57867766528131,1.5926015117254508e-13
y,20.58492688412895,6.304027567157222e-14
y,20.59117610297659,5.182123387948244e-14
y,20.597425321824232,2.5623312815676365e-13
y,20.603674540671875,9.506968016990833e-14
y,20.609923759519514,1.7306190880312167e-13
y,20.616172978367153,7.047883941821568e-13
y,20.622422197214796,4.4323433349980575e-13
y,20.62867141606244,6.05710029521578e-14
y,20.634920634910078,1.6751708389874108e-13
y,20.641169853757717,4.450952921566604e-13
y,20.64741907260536,2.901934043893683e-13
y,20.653668291453002,4.882558829080668e-14
y,20.65991751030064,9.739406623830583e-14
y,20.66616672914828,4.136387339894375e-14
y,20.672415947995923,6.36211651120414e-16
y,20.678665166843565,1.3424900686516102e-14
y,20.684914385691204,1.7437466522838336e-15
y,20.691163604538843,4.2385323426284586e-14
y,20.697412823386486,6.829403439224903e-14
y,20.70366204223413,5.061645153392211e-14
y,20.709911261081768,3.536453207199682e-14
y,20.716160479929407,1.8915364106953148e-14
y,20.72240969877705,4.1429728770453327e-14
y,20.728658917624692,3.7221791345740447e-14
y,20.73490813647233,6.007782244112105e-15
y,20.74115735531997,8.257781486544932e-15
y,20.747406574167613,2.650466384330381e-15
y,20.753655793015255,9.397022998699627e-15
y,20.759905011862894,1.8263893292655063e-14
y,20.766154230710534,1.2360830016827e-14
y,20.772403449558176,1.4104945555885133e-14
y,20.77865266840582,1.1743016566172005e-14
y,20.784901887253458,1.5387372717215805e-14
y,20.791151106101097,1.3159116622656236e-14
y,20.79740032494874,1.9290803067780282e-14
y,20.803649543796382,2.3941672988946413e-14
y,20.80989876264402,2.6016363147652264e-14
y,20.81614798149166,7.238752068648713e-15
y,20.822397200339303,1.7887088756191077e-14
y,20.828646419186946,8.433517764473401e-15
y,20.834895638034585,7.270424945698412e-15
y,20.841144856882224,9.599371351285865e-15
y,20.847394075729866,7.752639307352975e-15
y,20.85364329457751,1.0941326987158015e-14
y,20.859892513425148,2.2925389404501212e-14
y,20.866141732272787,6.729486117879687e-15
y,20.87239095112043,1.7571428800604515e-15
y,20.878640169968072,6.8127603441991885e-15
y,20.88488938881571,1.415413732761476e-14
y,20.89113860766335,1.3256923479289284e-14
y,20.897387826510993,7.856831565942235e-15
y,20.903637045358636,5.885917402156737e-15
y,20.909886264206275,3.612747925461538e-16
y,20.916135483053914,3.4138943122368667e-15
y,20.922384701901557,4.593376243203702e-15
y,20.9286339207492,2.730252314402578e-15
y,20.934883139596838,2.103172832656941e-15
y,20.941132358444477,1.44432961709322e-14
y,20.94738157729212,1.2807704762033692e-14
y,20.953630796139763,2.79337620335803e-14
y,20.9598800149874,2.6103628967853764e-14
y,20.96612923383504,2.86771954017358e-14
y,20.972378452682683,1.648733178995318e-14
y,20.978627671530326,9.784538666873305e-15
y,20.984876890377965,2.8901399110173258e-15
y,20.991126109225604,2.3898621157146075e-14
y,20.997375328073247,3.499008850918505e-15
y,21.00362454692089,1.2642955219566633e-14
y,21.00987376576853,1.2600334253985202e-15
y,21.016122984616167,6.030101440829432e-15
y,21.02237220346381,2.015977371689574e-15
y,21.028621422311453,2.187311429677019e-14
y,21.03487064115909,3.831583578095821e-14
y,21.04111986000673,9.287032607427908e-15
y,21.047369078854373,3.0079372748580025e-15
y,21.053618297702016,6.182736369358041e-15
y,21.059867516549655,6.727065306135319e-14
y,21.066116735397294,8.525343284507162e-14
y,21.072365954244937,2.996069987981167e-14
y,21.07861517309258,3.3608749258662164e-14
y,21.08486439194022,2.6245494741052497e-14
y,21.091113610787858,1.87905869167356e-14
y,21.0973628296355,1.1775350641777069e-14
y,21.103612048483143,1.6197272099555195e-14
y,21.109861267330782,6.363491839342115e-15
y,21.11611048617842,1.665726786058404e-14
y,21.122359705026064,7.226011248647081e-15
y,21.128608923873706,3.530176615530696e-14
y,21.134858142721345,2.3126794709622694e-14
y,21.141107361568984,1.7884507446821162e-14
y,21.147356580416627,9.768088007369028e-15
y,21.15360579926427,7.396163460339285e-16
y,21.15985501811191,7.802654336624466e-15
y,21.166104236959548,4.447676223308972e-15
y,21.17235345580719,3.823501110460328e-15
y,21.178602674654833,5.28779233351024e-14
y,21.184851893502472,1.871368678916153e-13
y,21.19110111235011,1.1105399488295629e-13
y,21.197350331197754,3.081307405321274e-14
y,21.203599550045396,4.540258952751903e-14
y,21.209848768893035,1.226189472976768e-13
y,21.216097987740675,1.504596514384282e-13
y,21.222347206588317,1.2487658890809725e-13
y,21.22859642543596,2.8302878912126864e-14
y,21.2348456442836,2.5776743133202427e-13
y,21.241094863131238,9.668390478941322e-14
y,21.24734408197888,1.5425764199822818e-13
y,21.253593300826523,1.9029561948953317e-13
y,21.259842519674162,3.7315909850700976e-15
y,21.2660917385218,3.6017976316468515e-14
y,21.272340957369444,7.015290383097315e-14
y,21.278590176217087,3.245411787537566e-14
y,21.284839395064726,3.885885803676734e-14
y,21.291088613912365,2.515915481834015e-13
y,21.297337832760007,1.1456380976771957e-13
y,21.30358705160765,1.3796617338398547e-13
y,21.30983627045529,7.798035755624466e-14
y,21.316085489302928,3.372180890297283e-14
y,21.32233470815057,2.0846477345976424e-14
y,21.328583926998213,6.944951452972964e-15
y,21.334833145845852,2.0545454330626073e-14
y,21.34108236469349,1.4907656701982038e-13
y,21.347331583541134,1.2713652090438124e-13
y,21.353580802388777,1.708556287679102e-14
y,21.359830021236416,2.0647231216430967e-15
y,21.366079240084055,7.054685762762391e-15
y,21.372328458931698,3.858489190299896e-14
y,21.37857767777934,6.85212220124026e-14
y,21.38482689662698,1.2984992356896666e-13
y,21.39107611547462,8.427697614026064e-14
y,21.39732533432226,7.389105145939234e-15
y,21.403574553169904,8.6233386610409e-15
y,21.409823772017543,1.684954828048428e-14
y,21.41607299086518,1.554060941264881e-14
y,21.422322209712824,2.7057730403935152e-14
y,21.428571428560467,3.521884803634653e-14
y,21.434820647408106,1.95285221987926e-14
y,21.441069866255745,7.367824570823807e-15
y,21.447319085103388,9.176859576767007e-15
y,21.45356830395103,1.1135027056241584e-14
y,21.45981752279867,1.2346866045935974e-15
y,21.46606674164631,2.0656501500213232e-15
y,21.47231596049395,8.971661082818017e-15
y,21.478565179341594,6.493039837754849e-16
y,21.484814398189233,1.399117266700315e-15
y,21.491063617036872,3.830305643882461e-14
y,21.497312835884514,3.485679194865793e-14
y,21.503562054732157,4.792565491997264e-15
y,21.509811273579796,1.3217308579109114e-14
y,21.516060492427435,1.376965487240257e-14
y,21.522309711275078,3.4785197660284576e-14
y,21.52855893012272,4.3373716591913136e-14
y,21.53480814897036,1.0206150762077212e-13
y,21.541057367818,3.2541960782364844e-14
y,21.54730658666564,1.2547361955759312e-14
y,21.553555805513284,7.510152497220979e-15
y,21.559805024360923,1.0237288034988676e-14
y,21.566054243208562,1.2176387113212114e-14
y,21.572303462056205,9.238109468332728e-15
y,21.578552680903847,5.29187248732579e-15
y,21.584801899751486,2.4206761881831556e-14
y,21.591051118599125,1.788064040596663e-14
y,21.597300337446768,5.913360068134833e-15
y,21.60354955629441,1.482705961616113e-14
y,21.60979877514205,7.775139675417424e-15
y,21.61604799398969,3.1652521411896467e-15
y,21.62229721283733,1.114332792841548e-14
y,21.628546431684974,1.1486067177690542e-14
y,21.634795650532613,8.04851606391561e-15
y,21.641044869380252,9.357907837700131e-15
y,21.647294088227895,6.941770452482165e-16
y,21.653543307075537,2.509042283502433e-15
y,21.659792525923176,2.0312836681199215e-15
y,21.666041744770816,6.821699890373261e-15
y,21.672290963618458,6.320593892108389e-15
y,21.6785401824661,8.922002364912944e-15
y,21.68478940131374,5.4103320980133525e-15
y,21.69103862016138,3.1565795715575505e-17
y,21.69728783900902,6.525139263374597e-15
y,21.703537057856664,1.3813676502609934e-14
y,21.709786276704303,1.495164876517508e-14
y,21.716035495551942,1.0307220860454672e-14
y,21.722284714399585,6.6234495927339995e-15
y,21.728533933247228,2.0226538037472095e-15
y,21.734783152094867,6.8193537300834165e-15
y,21.741032370942506,9.177818966073648e-15
y,21.74728158979015,2.005804525059386e-15
y,21.75353080863779,9.499729566411418e-15
y,21.75978002748543,1.9556879954962168e-14
y,21.76602924633307,2.8906944823659946e-14
y,21.77227846518071,1.9284325357152233e-14
y,21.778527684028354,7.394300566127218e-15
y,21.784776902875993,9.708479023476991e-15
y,21.791026121723633,1.810743173036129e-14
y,21.797275340571275,6.598015999463681e-16
y,21.803524559418918,1.377313573853735e-14
y,21.809773778266557,1.9225561986219248e-14
y,21.816022997114196,1.267948812019041e-15
y,21.82227221596184,2.5428918277960644e-14
y,21.82852143480948,4.766440619116833e-14
y,21.83477065365712,2.6009940659205285e-14
y,21.84101987250476,6.768209467332354e-15
y,21.847269091352402,1.440121323129184e-14
y,21.853518310200045,2.4927523654803516e-14
y,21.859767529047684,4.8139545782452865e-14
y,21.866016747895323,1.2837491257672735e-14
y,21.872265966742965,5.529414570046111e-15
y,21.878515185590608,1.3804323431861912e-14
y,21.884764404438247,1.4836079234329547e-14
y,21.891013623285886,6.9841088232031595e-15
y,21.89726284213353,8.69526254133739e-16
y,21.90351206098117,3.627587357992536e-15
y,21.90976127982881,1.4887213443114229e-15
y,21.91601049867645,4.403215024570515e-15
y,21.922259717524092,5.0658822991900944e-15
y,21.928508936371735,3.789831261873705e-15
y,21.934758155219374,3.650830896959004e-15
y,21.941007374067013,1.9834165272936167e-15
y,21.947256592914655,2.520313782714588e-14
y,21.953505811762298,2.0347696920488883e-14
y,21.959755030609937,2.083252307936517e-15
y,21.966004249457576,3.6234721255004166e-16
y,21.97225346830522,2.2100599222102832e-15
y,21.97850268715286,2.876839356166595e-15
y,21.9847519060005,8.483793565136719e-16
y,21.99100112484814,1.2390887624761289e-15
y,21.997250343695782,6.769858208258134e-15
y,22.003499562543425,1.610301410958058e-14
y,22.009748781391064,4.9613655613232625e-15
y,22.015998000238703,1.4404177024269668e-14
y,22.022247219086346,3.2707904922264415e-14
y,22.02849643793399,4.1399962306973426e-14
y,22.034745656781627,1.3830923148691791e-14
y,22.040994875629266,1.8285026942626304e-15
y,22.04724409447691,6.650992842966034e-15
y,22.05349331332455,3.232665436907547e-14
y,22.05974253217219,7.368031320959541e-15
y,22.06599175101983,3.680079864312423e-14
y,22.072240969867472,3.231529106177105e-14
y,22.078490188715115,8.72157234914004e-15
y,22.084739407562754,2.8158362117013018e-14
y,22.090988626410393,4.194884206163034e-14
y,22.097237845258036,2.1525651672249585e-14
y,22.10348706410568,7.185701677513579e-14
y,22.109736282953317,7.411721872401043e-14
y,22.115985501800957,5.50957541860881e-15
y,22.1222347206486,1.041088626817219e-14
y,22.128483939496242,1.1441868502993357e-14
y,22.13473315834388,4.701354002744989e-16
y,22.14098237719152,2.1634281481100014e-15
y,22.147231596039163,3.1191423675911588e-15
y,22.153480814886805,2.274458541701741e-15
y,22.159730033734444,8.978645125719835e-16
y,22.165979252582083,4.8761399219389645e-15
y,22.172228471429726,3.330481468374989e-15
y,22.17847769027737,2.709196520059323e-15
y,22.184726909125008,7.384236558429982e-15
y,22.190976127972647,4.8876751898539e-15
y,22.19722534682029,1.438890131572867e-15
y,22.203474565667932,1.2898645980052246e-15
y,22.20972378451557,1.2159063964218921e-15
y,22.21597300336321,5.937165519058769e-16
y,22.222222222210853,1.0210909158961638e-15
y,22.228471441058495,5.216944309809607e-15
y,22.234720659906134,5.568028157020287e-15
y,22.240969878753774,6.342409890309483e-15
y,22.247219097601416,1.4686747176767337e-14
y,22.25346831644906,7.420293483786486e-15
y,22.259717535296698,5.029271625581878e-15
y,22.265966754144337,1.0184255958827737e-15
y,22.27221597299198,2.664491407364016e-14
y,22.278465191839622,2.887020984289185e-14
y,22.28471441068726,1.1853270108153202e-14
y,22.2909636295349,9.966115816158468e-16
y,22.297212848382543,6.025368710476071e-16
y,22.303462067230186,3.631738482948731e-15
y,22.309711286077825,1.0588967954376031e-14
y,22.315960504925464,1.701266079890366e-15
y,22.322209723773106,3.632675796857056e-14
y,22.32845894262075,1.884039442687008e-14
y,22.334708161468388,1.4461840041699464e-15
y,22.340957380316027,1.5624980615762843e-15
y,22.34720659916367,5.0805436976731566e-15
y,22.353455818011312,1.2666861519197182e-14
y,22.35970503685895,1.8525078021933432e-14
y,22.36595425570659,2.7896053275098776e-14
y,22.372203474554233,2.1735751384917644e-14
y,22.378452693401876,2.9628782677846353e-14
y,22.384701912249515,9.916509170506647e-15
y,22.390951131097154,5.723547225602391e-15
y,22.397200349944796,5.5993759063442196e-15
y,22.40344956879244,3.4433867461833167e-14
y,22.409698787640078,2.660794416111073e-14
y,22.415948006487717,3.043595443535793e-14
y,22.42219722533536,5.57136843130446e-14
y,22.428446444183002,2.501444230755517e-14
y,22.43469566303064,2.0459120905986037e-14
y,22.44094488187828,1.1809948436229401e-14
y,22.447194100725923,3.8784181547001647e-14
y,22.453443319573566,4.039997368043967e-14
y,22.459692538421205,1.810558185403776e-14
y,22.465941757268844,1.0024622051660975e-14
y,22.472190976116487,4.713243291172693e-15
y,22.47844019496413,1.865430701509694e-14
y,22.48468941381177,7.336812285210085e-15
y,22.490938632659407,2.8672462950535585e-14
y,22.49718785150705,3.393907775086355e-14
y,22.503437070354693,1.5053594958985644e-14
y,22.50968628920233,2.4761538605949612e-14
y,22.51593550804997,7.068257026691784e-14
y,22.522184726897613,1.1473012323423725e-13
y,22.528433945745256,3.618869152942715e-14
y,22.534683164592895,3.266727128151453e-14
y,22.540932383440534,1.215072378354699e-14
y,22.547181602288177,3.634238544339785e-15
y,22.55343082113582,3.4359176284351383e-14
y,22.55968003998346,2.495780888683145e-14
y,22.565929258831098,1.2157662961395122e-14
y,22.57217847767874,9.01590879255825e-14
y,22.578427696526383,9.136421871967855e-14
y,22.584676915374022,1.7401588070264025e-14
y,22.59092613422166,1.4249111996781954e-14
y,22.597175353069304,5.34812144159827e-14
y,22.603424571916946,4.469377114152489e-14
y,22.609673790764585,1.0182270244038348e-14
y,22.615923009612224,1.214938946898429e-14
y,22.622172228459867,9.472610265920305e-15
y,22.62842144730751,3.5293918805286176e-17
y,22.63467066615515,2.3639471379018905e-15
y,22.640919885002788,8.1941125105768e-16
y,22.64716910385043,2.8302799575621227e-15
y,22.653418322698073,9.035241130033516e-15
y,22.659667541545712,4.371461212003791e-15
y,22.66591676039335,6.822071886793224e-15
y,22.672165979240994,1.0476376160320648e-15
y,22.678415198088636,4.3394252241066005e-15
y,22.684664416936275,5.573721138499107e-15
y,22.690913635783915,2.151451288051528e-15
y,22.697162854631557,6.704767695371659e-16
y,22.7034120734792,4.1583442174152083e-16
y,22.70966129232684,2.9741258523648035e-16
y,22.715910511174478,2.104016121239359e-15
y,22.72215973002212,1.0527159572336595e-15
y,22.728408948869763,2.537241450773968e-15
y,22.734658167717402,1.966641686753163e-15
y,22.74090738656504,4.1375218389482085e-15
y,22.747156605412684,2.800759924903232e-15
y,22.753405824260327,3.524562968681451e-15
y,22.759655043107966,4.109287863685976e-15
y,22.765904261955605,4.91503520099373e-15
y,22.772153480803247,1.4766027438834958e-15
y,22.77840269965089,4.956180809686739e-16
y,22.78465191849853,4.428167235617697e-17
y,22.790901137346168,8.341699025992843e-16
y,22.79715035619381,1.4579527506144584e-15
y,22.803399575041453,1.9668600661798884e-15
y,22.809648793889092,1.1042868842083734e-15
y,22.81589801273673,2.0786339667956242e-15
y,22.822147231584374,6.477821890297979e-16
y,22.828396450432017,3.5393128122425763e-16
y,22.834645669279656,1.3578359164719838e-15
y,22.840894888127295,8.261084947761276e-16
y,22.847144106974937,3.2532844798306705e-15
y,22.85339332582258,2.1432794031265683e-15
y,22.85964254467022,1.3988890088794189e-15
y,22.86589176351786,1.10480540903834e-16
y,22.8721409823655,1.4053907053342508e-15
y,22.878390201213143,1.5924214353826716e-15
y,22.884639420060783,5.957549134576144e-16
y,22.89088863890842,8.992500294960705e-16
y,22.897137857756064,4.3611044687356114e-16
y,22.903387076603707,1.3622546545136296e-16
y,22.909636295451346,1.621394587785024e-15
y,22.915885514298985,3.099546237965163e-15
y,22.922134733146628,1.586112914154841e-15
y,22.92838395199427,1.2164058348347399e-15
y,22.93463317084191,2.361213933539277e-15
y,22.94088238968955,2.1011275547734687e-15
y,22.94713160853719,1.9224322711552213e-15
y,22.953380827384834,6.113945408072947e-16
y,22.959630046232473,1.041780955659266e-15
y,22.965879265080112,8.386871034932238e-17
y,22.972128483927754,6.48560627200103e-16
y,22.978377702775397,1.3865998379370807e-16
y,22.984626921623036,1.944834082912612e-15
y,22.990876140470675,5.6985626494993324e-15
y,22.997125359318318,2.0628846884180125e-15
y,23.00337457816596,3.996178281744009e-16
y,23.0096237970136,8.480482064634063e-16
y,23.01587301586124,6.9748405122727645e-15
y,23.02212223470888,1.1997985583274343e-14
y,23.028371453556524,4.978952457653297e-15
y,23.034620672404163,5.377568491025805e-15
y,23.040869891251802,4.963863603635077e-15
y,23.047119110099445,3.2752882455639144e-15
y,23.053368328947087,1.2424525290316778e-15
y,23.059617547794726,1.0210700473293126e-15
y,23.065866766642365,9.781682584423784e-16
y,23.072115985490008,2.136995697669669e-15
y,23.07836520433765,2.8695057815563034e-15
y,23.08461442318529,3.0360291623267814e-15
y,23.09086364203293,5.046090047064889e-15
y,23.09711286088057,3.063190772531658e-15
y,23.103362079728214,2.563700883394529e-15
y,23.109611298575853,1.2327738383650102e-16
y,23.115860517423492,1.0608938600056903e-15
y,23.122109736271135,5.87780107260837e-16
y,23.128358955118777,1.2770574364537949e-15
y,23.134608173966416,3.41734803285989e-15
y,23.140857392814056,2.8872686962206794e-14
y,23.147106611661698,2.6351859321345458e-14
y,23.15335583050934,7.904522111043074e-15
y,23.15960504935698,5.984358511738179e-15
y,23.16585426820462,1.7626200942998077e-14
y,23.17210348705226,2.6129646117395237e-14
y,23.178352705899904,2.39369719080749e-14
y,23.184601924747543,7.020998425904006e-15
y,23.190851143595182,2.961009311426683e-14
y,23.197100362442825,3.449585193944012e-14
y,23.203349581290468,1.0275964221190603e-14
y,23.209598800138107,4.5194466143771085e-14
y,23.215848018985746,2.7027607693134118e-15
y,23.22209723783339,3.958700457247747e-15
y,23.22834645668103,1.3582134631212682e-14
y,23.23459567552867,9.414139192111022e-15
y,23.24084489437631,6.101514174846002e-16
y,23.24709411322395,4.100199473828969e-14
y,23.253343332071594,2.7590610940199285e-14
y,23.259592550919233,2.2127557734724534e-14
y,23.265841769766872,1.6563400777662155e-14
y,23.272090988614515,6.4794093942042305e-15
y,23.278340207462158,4.14278844437359e-15
y,23.284589426309797,1.973684669255326e-15
y,23.290838645157436,1.959763651855328e-15
y,23.29708786400508,1.8898244276013798e-14
y,23.30333708285272,2.8250933971829154e-14
y,23.30958630170036,5.294460185002193e-15
y,23.315835520548,3.586890087700054e-16
y,23.322084739395642,9.888269349616333e-16
y,23.328333958243284,6.4547762501965055e-15
y,23.334583177090924,1.1453141378074405e-14
y,23.340832395938563,2.173184798252594e-14
y,23.347081614786205,2.0958677853438935e-14
y,23.353330833633848,2.523469604370092e-15
y,23.359580052481487,9.193926454293197e-16
y,23.365829271329126,2.729634187082408e-15
y,23.37207849017677,1.8050130336585874e-15
y,23.37832770902441,3.7641531745228445e-15
y,23.38457692787205,5.388955148726478e-15
y,23.39082614671969,4.281650406420728e-15
y,23.397075365567332,1.7212854571743638e-15
y,23.403324584414975,1.24804997494066e-15
y,23.409573803262614,1.9901712212945996e-15
y,23.415823022110253,4.1136781666314274e-16
y,23.422072240957895,7.207547904637356e-17
y,23.428321459805538,1.0314243208139194e-15
y,23.434570678653177,9.6821912588683e-18
y,23.440819897500816,8.310407674227079e-18
y,23.44706911634846,4.251669102263606e-15
y,23.4533183351961,7.649365382945087e-15
y,23.45956755404374,2.3608779795165226e-16
y,23.46581677289138,3.911855935658017e-15
y,23.472065991739022,1.531245992651737e-15
y,23.478315210586665,3.7911996117596835e-15
y,23.484564429434304,3.1323375201895258e-15
y,23.490813648281943,7.38464954511488e-15
y,23.497062867129586,5.273497024092937e-15
y,23.503312085977228,5.54766808385528e-15
y,23.509561304824867,5.285360981828751e-15
y,23.515810523672506,2.9468736379012176e-15
y,23.52205974252015,5.122400251277092e-15
y,23.52830896136779,4.35262896604742e-15
y,23.53455818021543,2.2979146104368355e-15
y,23.54080739906307,4.575195196548698e-15
y,23.547056617910712,8.93262572980253e-15
y,23.553305836758355,3.2497461499258048e-15
y,23.559555055605994,7.806434458820776e-15
y,23.565804274453633,6.320554101092005e-15
y,23.572053493301276,2.207154887244736e-15
y,23.57830271214892,2.4048280959314578e-15
y,23.584551930996557,3.079941005923919e-15
y,23.590801149844197,1.786285318021135e-15
y,23.59705036869184,1.3649081841279486e-15
y,23.60329958753948,2.3746744345044403e-16
y,23.60954880638712,5.704304584410801e-16
y,23.61579802523476,1.0927377891675864e-15
y,23.622047244082403,1.5283509729054724e-15
y,23.628296462930045,3.575403849947571e-16
y,23.634545681777684,4.312972257724193e-16
y,23.640794900625323,3.572259762860645e-16
y,23.647044119472966,1.8090573074126167e-16
y,23.65329333832061,1.919624336268683e-15
y,23.659542557168248,5.463714265904303e-15
y,23.665791776015887,6.310676081338854e-15
y,23.67204099486353,2.3887732523968392e-15
y,23.678290213711172,1.3985942327342924e-15
y,23.68453943255881,1.4356437535607843e-15
y,23.69078865140645,6.744749331048961e-16
y,23.697037870254093,4.128612318148543e-15
y,23.703287089101735,8.525295729552292e-16
y,23.709536307949374,4.503349982226875e-15
y,23.715785526797013,4.353346513997666e-15
y,23.722034745644656,4.176162514076171e-15
y,23.7282839644923,2.3773171796764817e-15
y,23.734533183339938,7.095363236062534e-16
y,23.740782402187577,8.064633355039393e-16
y,23.74703162103522,3.4880956135265183e-15
y,23.753280839882862,3.3151211769721086e-17
y,23.7595300587305,4.935438327958301e-15
y,23.76577927757814,5.735506609387733e-15
y,23.772028496425783,4.318629727696072e-16
y,23.778277715273425,3.5576440275042185e-15
y,23.784526934121065,6.9792477566956624e-15
y,23.790776152968704,5.8867829314604356e-15
y,23.797025371816346,2.9724073916957593e-16
y,23.80327459066399,4.665047036805862e-15
y,23.809523809511628,7.439420854957984e-15
y,23.815773028359267,1.2548985660973363e-14
y,23.82202224720691,3.4791848531071142e-15
y,23.828271466054552,4.592011576015026e-16
y,23.83452068490219,3.519119644890713e-15
y,23.84076990374983,4.2091749731988195e-15
y,23.847019122597473,1.707285687610397e-15
y,23.853268341445116,4.3766019380850386e-16
y,23.859517560292755,1.091539121794765e-15
y,23.865766779140394,3.240836763238494e-16
y,23.872015997988036,6.470748618322787e-16
y,23.87826521683568,9.53293017237e-16
y,23.884514435683318,1.0564310120451175e-15
y,23.890763654530957,7.441242156577983e-16
y,23.8970128733786,5.627307100709811e-16
y,23.903262092226242,2.5354603373846476e-15
y,23.90951131107388,4.015328649442388e-15
y,23.91576052992152,3.6451580820496453e-16
y,23.922009748769163,8.029449064332695e-17
y,23.928258967616806,3.025020956213345e-16
y,23.934508186464445,3.0745484328283234e-16
y,23.940757405312084,9.954750370571969e-17
y,23.947006624159727,1.7452803173344878e-16
y,23.95325584300737,9.173905548798255e-16
y,23.95950506185501,5.900946245436422e-15
y,23.965754280702647,9.784598518941236e-16
y,23.97200349955029,6.338801195015756e-15
y,23.978252718397933,1.4091815806908135e-14
y,23.98450193724557,1.452944647047958e-14
y,23.99075115609321,4.655770029576545e-15
y,23.997000374940853,7.004660151846082e-16
y,24.003249593788496,4.506558566173823e-16
y,24.009498812636135,3.286732268857548e-15
y,24.015748031483774,8.745991018251078e-16
y,24.021997250331417,9.086290024280575e-15
y,24.02824646917906,4.176277404609684e-15
y,24.0344956880267,1.2172852635799671e-15
y,24.040744906874338,2.988205391804138e-15
y,24.04699412572198,8.981855786585962e-15
y,24.053243344569623,5.991501282574828e-15
y,24.059492563417262,1.7980069072160552e-14
y,24.0657417822649,2.3138338811460728e-14
y,24.071991001112544,5.4895333540732305e-15
y,24.078240219960186,1.531910440437203e-15
y,24.084489438807825,5.253827454915655e-15
y,24.090738657655464,3.354668633272725e-16
y,24.096987876503107,2.556785720899611e-16
y,24.10323709535075,4.968789386887505e-16
y,24.10948631419839,5.74961552118325e-16
y,24.115735533046028,1.9720488756969447e-16
y,24.12198475189367,6.471384885530495e-16
y,24.128233970741313,1.8893662948500644e-16
y,24.134483189588952,8.738972650244565e-17
y,24.14073240843659,5.772816319640965e-16
y,24.146981627284234,1.5157209603475521e-15
y,24.153230846131876,5.238745716652433e-16
y,24.159480064979515,5.850779247639079e-16
y,24.165729283827154,3.5426482558804993e-16
y,24.171978502674797,1.81364925390877e-16
y,24.17822772152244,2.692957940892799e-16
y,24.18447694037008,1.2057230492854283e-15
y,24.190726159217718,1.1991896325851685e-15
y,24.19697537806536,1.4029869858611116e-15
y,24.203224596913003,4.285838134914525e-15
y,24.209473815760642,2.9214631797457775e-15
y,24.21572303460828,7.065017300514146e-16
y,24.221972253455924,9.326173785466277e-16
y,24.228221472303566,8.585691054266476e-15
y,24.234470691151206,9.227288205687346e-15
y,24.240719909998845,4.295444565087378e-15
y,24.246969128846487,1.7137474010222683e-16
y,24.25321834769413,7.795642482307689e-16
y,24.25946756654177,9.867084620165753e-16
y,24.265716785389408,1.972127345274252e-15
y,24.27196600423705,2.1277641997399526e-16
y,24.278215223084693,7.980194472609993e-15
y,24.284464441932332,6.9133889695271366e-15
y,24.29071366077997,2.73927830314104e-16
y,24.296962879627614,1.7986844285686323e-16
y,24.303212098475257,3.4970922822187237e-16
y,24.309461317322896,1.0000570872072435e-15
y,24.315710536170535,6.919272427841937e-16
y,24.321959755018177,3.725585835637068e-15
y,24.32820897386582,4.712759160015088e-15
y,24.33445819271346,8.137012938904048e-15
y,24.340707411561098,1.9430975738337973e-15
y,24.34695663040874,3.536475472577507e-15
y,24.353205849256383,4.113598680976101e-16
y,24.359455068104023,4.571522399275108e-15
y,24.36570428695166,5.0055449309208046e-15
y,24.371953505799304,3.619300848465672e-15
y,24.378202724646947,1.1986615073717256e-14
y,24.384451943494586,6.9613247662847255e-15
y,24.390701162342225,3.655446109680604e-15
y,24.396950381189868,1.946218331884235e-15
y,24.40319960003751,2.5503814137485968e-15
y,24.40944881888515,4.3955225300933684e-15
y,24.41569803773279,2.675447719903555e-15
y,24.42194725658043,2.036655790804126e-15
y,24.428196475428074,2.323764672693035e-15
y,24.434445694275713,5.443162558736998e-16
y,24.44069491312335,2.231354278196735e-15
y,24.446944131970994,1.208379887116585e-15
y,24.453193350818637,5.838731809009451e-15
y,24.459442569666276,2.616639244666604e-15
y,24.465691788513915,3.1962055852432495e-15
y,24.471941007361558,8.85357599530356e-15
y,24.4781902262092,1.985091080990393e-14
y,24.48443944505684,1.186249676789944e-14
y,24.49068866390448,7.223179817902851e-15
y,24.49693788275212,6.487657126022982e-15
y,24.503187101599764,1.2636228083598005e-15
y,24.509436320447403,4.988527322199211e-15
y,24.515685539295042,7.177485671445156e-15
y,24.521934758142685,2.801873872319088e-15
y,24.528183976990327,1.0093724623719878e-14
y,24.534433195837966,1.8200535426237128e-14
y,24.540682414685605,7.640404883839914e-15
y,24.546931633533248,2.162479691861843e-15
y,24.55318085238089,6.296084264298001e-15
y,24.55943007122853,6.2920798487323805e-15
y,24.56567929007617,2.5332256952307327e-15
y,24.57192850892381,2.1189891150240673e-15
y,24.578177727771454,2.8066179644368805e-15
y,24.584426946619093,7.21511239219039e-18
y,24.590676165466732,2.0750998262230146e-15
y,24.596925384314375,7.819867904971804e-16
y,24.603174603162017,2.1969056318475577e-16
y,24.609423822009656,6.296515469488301e-16
y,24.615673040857295,1.1072608325801726e-16
y,24.621922259704938,8.110206355109837e-16
y,24.62817147855258,3.7383625970374394e-16
y,24.63442069740022,3.649786112264483e-16
y,24.64066991624786,1.12344885186169e-15
y,24.6469191350955,1.1200273692772068e-15
y,24.653168353943144,7.081729531553828e-16
y,24.659417572790783,4.783479944820254e-16
y,24.665666791638422,5.1924777490885e-16
y,24.671916010486065,2.307718103561513e-16
y,24.678165229333707,2.481252423092471e-16
y,24.684414448181347,6.0042508748578e-16
y,24.690663667028986,1.0459184626751286e-15
y,24.69691288587663,5.431685088335239e-15
y,24.70316210472427,4.265623398557962e-15
y,24.70941132357191,2.830130653462893e-15
y,24.71566054241955,1.965607450856917e-15
y,24.72190976126719,7.794951116053251e-16
y,24.728158980114834,6.894578720233e-16
y,24.734408198962473,1.304033284648712e-15
y,24.740657417810112,4.4419164739429225e-15
y,24.746906636657755,1.4157797538953588e-15
y,24.753155855505398,4.839797505932347e-16
y,24.759405074353037,1.0146283244730312e-15
y,24.765654293200676,8.061268179365064e-16
y,24.77190351204832,9.265897884541201e-16
y,24.77815273089596,2.0668037740375223e-15
y,24.7844019497436,3.100437699949421e-15
y,24.79065116859124,6.354142003771184e-15
y,24.796900387438882,3.804237111492898e-15
y,24.803149606286524,6.930582766315746e-16
y,24.809398825134164,2.9523567025464607e-15
y,24.815648043981803,2.7145111332739556e-15
y,24.821897262829445,4.828323831918289e-16
y,24.828146481677088,1.7327857510258762e-15
y,24.834395700524727,8.749453801899353e-15
y,24.840644919372366,1.2306088451262158e-16
y,24.84689413822001,7.898176788367506e-15
y,24.85314335706765,1.7221156033535038e-15
y,24.85939257591529,1.979060384369004e-15
y,24.86564179476293,3.458682680689288e-15
y,24.871891013610572,4.515643721402548e-15
y,24.878140232458215,1.900347578353531e-15
y,24.884389451305854,4.519921448505683e-16
y,24.890638670153493,2.4840330376620357e-15
y,24.896887889001135,6.347223685486668e-15
y,24.903137107848778,3.6566461657026414e-15
y,24.909386326696417,1.4487260649727543e-16
y,24.915635545544056,2.0313539784433468e-16
y,24.9218847643917,1.9684702277240491e-16
y,24.92813398323934,1.2932798807059016e-16
y,24.93438320208698,2.86836459186845e-17
y,24.94063242093462,8.084413763260773e-16
y,24.946881639782262,1.5518328022686004e-15
y,24.953130858629905,1.7018460781848624e-15
y,24.959380077477544,6.03964658606673e-17
y,24.965629296325183,9.5293678911345e-16
y,24.971878515172826,1.1721480392242487e-15
y,24.978127734020468,7.481671174438116e-16
y,24.984376952868107,3.442915191006108e-16
y,24.990626171715746,7.509889122055395e-16
y,24.99687539056339,1.436312396124058e-15
z,0.0,0.0
z,0.006249218847640847,5.01404907473216e-07
z,0.012498437695281694,1.8994743754276847e-07
z,0.01874765654292254,1.535526839168877e-07
z,0.02499687539056339,4.091436522498136e-09
z,0.031246094238204236,1.000643222494229e-07
z,0.03749531308584508,3.829224328744243e-07
z,0.04374453193348593,2.9903650851895416e-07
z,0.04999375078112678,1.1874190122635078e-07
z,0.056242969628767625,8.493415731485112e-08
z,0.06249218847640847,4.1856335325069347e-08
z,0.06874140732404932,6.075486917659146e-08
z,0.07499062617169017,1.5151367019314165e-07
z,0.08123984501933101,1.1439247045885301e-07
z,0.08748906386697186,2.150625386988753e-07
z,0.09373828271461271,3.125960689507757e-07
z,0.09998750156225356,2.2708075869306813e-07
z,0.1062367204098944,6.777045326209403e-07
z,0.11248593925753525,2.0656290217308677e-07
z,0.1187351581051761,6.690856369764476e-08
z,0.12498437695281694,3.670639173707607e-07
z,0.1312335958004578,1.206551068823797e-07
z,0.13748281464809864,2.485848635180716e-07
z,0.1437320334957395,7.9991606049146e-07
z,0.14998125234338033,6.780810275366231e-07
z,0.15623047119102118,3.6665738674964525e-07
z,0.16247969003866203,1.4885032470732708e-08
z,0.16872890888630288,3.68587104758128e-07
z,0.17497812773394372,7.62733943931569e-07
z,0.18122734658158457,8.550652281678926e-07
z,0.18747656542922542,1.4000326618330382e-06
z,0.19372578427686626,9.450257531491428e-07
z,0.1999750031245071,1.2554243824508284e-07
z,0.20622422197214796,1.7388717777001418e-07
z,0.2124734408197888,5.070960213895452e-07
z,0.21872265966742965,5.444074677123671e-07
z,0.2249718785150705,8.141792069932835e-07
z,0.23122109736271135,1.927887422757877e-06
z,0.2374703162103522,1.4892636348034075e-06
z,0.24371953505799304,3.024222151911201e-06
z,0.2499687539056339,3.550263061590865e-07
z,0.25621797275327474,2.964025736773111e-07
z,0.2624671916009156,1.7305894511936648e-07
z,0.26871641044855643,8.133870707458328e-07
z,0.2749656292961973,2.3639314718468575e-06
z,0.2812148481438381,2.856340742588626e-06
z,0.287464066991479,3.6648049556542793e-07
z,0.2937132858391198,5.0261222441501695e-06
z,0.29996250468676067,7.725189200312963e-06
z,0.3062117235344015,1.567792877167639e-07
z,0.31246094238204236,1.6536186771044686e-06
z,0.3187101612296832,3.0527711969951654e-06
z,0.32495938007732406,2.6025039762532977e-06
z,0.3312085989249649,1.3609589871101524e-06
z,0.33745781777260575,1.067538967547333e-06
z,0.3437070366202466,2.3528283315418158e-06
z,0.34995625546788744,4.266033788884463e-06
z,0.3562054743155283,1.2125245368436693e-06
z,0.36245469316316914,8.750685550870337e-08
z,0.36870391201081,5.10411003498017e-07
z,0.37495313085845083,3.151798975029583e-07
z,0.3812023497060917,3.153328845244914e-07
z,0.38745156855373253,6.521376921168305e-07
z,0.3937007874013734,8.34376357964111e-07
z,0.3999500062490142,2.6177672597632035e-06
z,0.40619922509665507,1.8596721727522527e-06
z,0.4124484439442959,5.195486855423005e-07
z,0.41869766279193676,8.554913099924155e-07
z,0.4249468816395776,3.345927218622494e-07
z,0.43119610048721846,1.222269643863176e-06
z,0.4374453193348593,1.5443039996702643e-06
z,0.44369453818250015,1.0713454268457862e-06
z,0.449943757030141,4.381336608859423e-07
z,0.45619297587778185,1.9276557444598078e-07
z,0.4624421947254227,1.892166480283536e-06
z,0.46869141357306354,5.770517400606121e-06
z,0.4749406324207044,1.4233420013413536e-06
z,0.48118985126834524,6.654960544870446e-07
z,0.4874390701159861,2.6522605190135356e-06
z,0.49368828896362693,7.266898954684784e-06
z,0.4999375078112678,7.086535919626672e-06
z,0.5061867266589086,3.05391365132318e-06
z,0.5124359455065495,2.9423907091929723e-07
z,0.5186851643541903,4.5026264194280025e-06
z,0.5249343832018312,1.7866886735015838e-06
z,0.531183602049472,2.616084486847014e-06
z,0.5374328208971129,2.5973711546888204e-06
z,0.5436820397447537,8.967647810595816e-06
z,0.5499312585923946,4.4436549146854136e-07
z,0.5561804774400354,3.9130449400605185e-07
z,0.5624296962876763,6.8081640370374424e-06
z,0.5686789151353171,1.710772652155429e-05
z,0.574928133982958,1.998191895939154e-05
z,0.5811773528305988,9.201098171856887e-06
z,0.5874265716782396,4.098269309294487e-06
z,0.5936757905258805,4.938881213418701e-06
z,0.5999250093735213,4.119099384863347e-07
z,0.6061742282211622,1.7191567157380103e-06
z,0.612423447068803,1.4046005750415308e-06
z,0.6186726659164439,5.880350402528237e-07
z,0.6249218847640847,2.676720439882685e-07
z,0.6311711036117256,1.9031100741386889e-06
z,0.6374203224593664,8.937878859759524e-07
z,0.6436695413070073,9.296453015167084e-07
z,0.6499187601546481,2.075810381908659e-06
z,0.656167979002289,1.8574823245193187e-06
z,0.6624171978499298,1.510104054902582e-06
z,0.6686664166975707,2.5507191654061967e-06
z,0.6749156355452115,2.8742935588654782e-06
z,0.6811648543928523,2.3722431496878933e-06
z,0.6874140732404932,5.559685364861987e-07
z,0.693663292088134,2.9584493041824695e-07
z,0.6999125109357749,3.683407679025786e-07
z,0.7061617297834157,7.048266104041036e-06
z,0.7124109486310566,1.6460066816916845e-05
z,0.7186601674786974,6.471592082479881e-06
z,0.7249093863263383,3.7132999911661137e-07
z,0.7311586051739791,3.1471271248593664e-07
z,0.73740782402162,6.261960730463854e-06
z,0.7436570428692608,8.096869295324023e-06
z,0.7499062617169017,2.644524750623693e-06
z,0.7561554805645425,2.5403092497947525e-07
z,0.7624046994121834,7.635993521003674e-07
z,0.7686539182598242,5.2276599685728115e-06
z,0.7749031371074651,2.158850003746693e-05
z,0.7811523559551059,4.409438908204722e-06
z,0.7874015748027468,1.1082122612750978e-05
z,0.7936507936503876,7.506579490444363e-06
z,0.7999000124980284,4.579600837047792e-06
z,0.8061492313456693,1.438127673406639e-05
z,0.8123984501933101,5.282904442117597e-06
z,0.818647669040951,1.0885195908257463e-06
z,0.8248968878885918,3.053692352658153e-05
z,0.8311461067362327,4.4015284870752026e-05
z,0.8373953255838735,2.081153574038366e-05
z,0.8436445444315144,1.8635833143190455e-05
z,0.8498937632791552,1.2982699820334876e-05
z,0.8561429821267961,1.673273502004861e-05
z,0.8623922009744369,1.3832449952815571e-06
z,0.8686414198220778,2.4592853927880153e-05
z,0.8748906386697186,2.7442949137883044e-05
z,0.8811398575173595,7.780948505160796e-05
z,0.8873890763650003,0.00016834786992966474
z,0.8936382952126412,8.837676828093661e-05
z,0.899887514060282,6.185662381382289e-05
z,0.9061367329079228,1.719790350610948e-05
z,0.9123859517555637,8.002757463077172e-05
z,0.9186351706032045,0.00014045820038827524
z,0.9248843894508454,1.9694010480009464e-05
z,0.9311336082984862,1.6144202442756084e-05
z,0.9373828271461271,3.843469830555467e-05
z,0.9436320459937679,4.6620759097335694e-05
z,0.9498812648414088,9.425677012261558e-05
z,0.9561304836890496,6.495061139437252e-06
z,0.9623797025366905,6.479180764082613e-05
z,0.9686289213843313,0.00018503037263565132
z,0.9748781402319722,0.0001815320040705526
z,0.981127359079613,0.00018598823371167975
z,0.9873765779272539,0.0002141084450670433
z,0.9936257967748947,0.00010475565830405666
z,0.9998750156225356,6.6578317609798266e-06
z,1.0061242344701764,6.770761992287033e-05
z,1.0123734533178173,8.066116723669642e-05
z,1.018622672165458,3.5735509482632734e-05
z,1.024871891013099,3.640707000534845e-05
z,1.0311211098607398,7.248755501128561e-06
z,1.0373703287083806,0.00013043886719716938
z,1.0436195475560215,0.0001459641510227916
z,1.0498687664036623,1.4869354815317082e-05
z,1.0561179852513032,6.823981484868012e-05
z,1.062367204098944,0.00010102502496772723
z,1.0686164229465849,0.0001942630133560072
z,1.0748656417942257,0.0001502899865037242
z,1.0811148606418666,2.3130417072839685e-05
z,1.0873640794895074,4.3023965089893036e-05
z,1.0936132983371483,4.218680843737904e-06
z,1.0998625171847891,1.2600580365460713e-05
z,1.10611173603243,2.5216898511242487e-05
z,1.1123609548800708,1.45736170951703e-05
z,1.1186101737277117,3.374131091512127e-05
z,1.1248593925753525,4.8489330270807986e-05
z,1.1311086114229933,6.216717131747021e-05
z,1.1373578302706342,4.184553264872852e-06
z,1.143607049118275,4.385789066119413e-06
z,1.149856267965916,2.449445753569498e-05
z,1.1561054868135567,1.1403778353745796e-05
z,1.1623547056611976,6.952016277710638e-06
z,1.1686039245088384,1.789235200567785e-05
z,1.1748531433564793,3.1295660363731253e-06
z,1.1811023622041201,3.531095912097939e-05
z,1.187351581051761,1.5902555962634448e-05
z,1.1936007998994018,2.8746068616226562e-06
z,1.1998500187470427,6.7945182941332555e-09
z,1.2060992375946835,2.949805673042477e-06
z,1.2123484564423244,1.110703600067662e-05
z,1.2185976752899652,1.4624834788949037e-05
z,1.224846894137606,1.946664036967886e-06
z,1.231096112985247,1.0494857266089434e-07
z,1.2373453318328878,8.15995168004414e-06
z,1.2435945506805286,3.142029494359538e-05
z,1.2498437695281694,2.3087061472866207e-05
z,1.2560929883758103,9.972857976384253e-07
z,1.2623422072234511,5.902471843926748e-07
z,1.268591426071092,4.3011286083389544e-07
z,1.2748406449187328,4.710813573484338e-06
z,1.2810898637663737,6.97434820830015e-06
z,1.2873390826140145,6.649611510345415e-06
z,1.2935883014616554,4.155715109321829e-06
z,1.2998375203092962,3.4256861714070535e-06
z,1.306086739156937,5.436672049154004e-06
z,1.312335958004578,3.158881874763393e-06
z,1.3185851768522188,1.9443884352599773e-06
z,1.3248343956998596,4.518364111723981e-06
z,1.3310836145475005,2.0548134707263597e-06
z,1.3373328333951413,1.170163044310093e-06
z,1.3435820522427822,2.8536744258087366e-06
z,1.349831271090423,6.7271805308502255e-06
z,1.3560804899380638,2.6853069497814314e-08
z,1.3623297087857047,1.2476446315269285e-05
z,1.3685789276333455,1.5079023107415825e-05
z,1.3748281464809864,2.224698445739405e-05
z,1.3810773653286272,5.710397095756619e-05
z,1.387326584176268,5.6750423734049554e-05
z,1.393575803023909,3.553522517480377e-05
z,1.3998250218715498,1.4827345691163936e-07
z,1.4060742407191906,1.7911094274568003e-06
z,1.4123234595668315,2.3199607408238418e-05
z,1.4185726784144723,1.6908400744807094e-05
z,1.4248218972621132,9.52762696922886e-06
z,1.431071116109754,4.345503821635872e-06
z,1.4373203349573949,1.8603583111054896e-05
z,1.4435695538050357,7.37256862674128e-07
z,1.4498187726526766,1.0109295078180739e-05
z,1.4560679915003174,2.6267916482247194e-05
z,1.4623172103479583,3.41018572784685e-05
z,1.468566429195599,1.3575238171830643e-05
z,1.47481564804324,5.072437287132314e-06
z,1.4810648668908808,2.607133913688554e-06
z,1.4873140857385216,2.8811703612533704e-05
z,1.4935633045861625,1.6183074158905837e-05
z,1.4998125234338033,1.8690575089269203e-06
z,1.5060617422814442,1.874379560876462e-06
z,1.512310961129085,5.04909725813408e-06
z,1.5185601799767259,8.65465538876386e-06
z,1.5248093988243667,8.337554310394174e-06
z,1.5310586176720076,3.7702649747057016e-06
z,1.5373078365196484,2.21349553377859e-06
z,1.5435570553672893,4.717022175924589e-06
z,1.5498062742149301,6.6310277269605156e-06
z,1.556055493062571,2.09280218670806e-05
z,1.5623047119102118,7.353192160168787e-06
z,1.5685539307578527,4.6937138535152745e-06
z,1.5748031496054935,2.677168863380582e-06
z,1.5810523684531343,1.6710949568514734e-06
z,1.5873015873007752,4.459492961882572e-06
z,1.593550806148416,1.7247572873622624e-06
z,1.599800024996057,3.5201236592417173e-06
z,1.6060492438436977,3.445911801775066e-05
z,1.6122984626913386,2.6983382209803313e-05
z,1.6185476815389794,1.0712265361221388e-05
z,1.6247969003866203,1.0925540058508462e-05
z,1.6310461192342611,2.005354449873612e-05
z,1.637295338081902,3.432112561703976e-05
z,1.6435445569295428,2.21471305293108e-05
z,1.6497937757771837,2.92847935997521e-06
z,1.6560429946248245,6.001368633265392e-05
z,1.6622922134724654,8.133430424294058e-05
z,1.6685414323201062,2.0968866256006466e-06
z,1.674790651167747,3.664818653972223e-05
z,1.681039870015388,3.323735360845138e-05
z,1.6872890888630288,1.2436337716778114e-05
z,1.6935383077106696,5.998323095618734e-06
z,1.6997875265583104,3.3657943090094063e-06
z,1.7060367454059513,7.591768166157694e-07
z,1.7122859642535921,4.205108192104661e-05
z,1.718535183101233,3.0775623958648444e-05
z,1.7247844019488738,3.153783374482924e-05
z,1.7310336207965147,2.181818439960612e-05
z,1.7372828396441555,9.829058158150188e-06
z,1.7435320584917964,1.2157688309893644e-05
z,1.7497812773394372,4.098242561708181e-06
z,1.756030496187078,2.191423222792792e-06
z,1.762279715034719,1.5953448738501823e-05
z,1.7685289338823598,3.916226349467681e-05
z,1.7747781527300006,2.3847304920951756e-05
z,1.7810273715776415,2.0091312830848602e-05
z,1.7872765904252823,1.3127273523078078e-05
z,1.7935258092729232,5.904259285966129e-07
z,1.799775028120564,9.996114327313669e-06
z,1.8060242469682048,2.2438918707233194e-05
z,1.8122734658158457,3.468737802449649e-05
z,1.8185226846634865,1.3263011746610781e-05
z,1.8247719035111274,4.758373550414922e-06
z,1.8310211223587682,1.697382644921022e-05
z,1.837270341206409,6.483842650987951e-06
z,1.84351956005405,7.337626057315235e-06
z,1.8497687789016908,4.1919179154692956e-05
z,1.8560179977493316,2.0933605355148622e-05
z,1.8622672165969725,1.9106695921318046e-05
z,1.8685164354446133,2.303302506215356e-05
z,1.8747656542922542,1.1738431090001195e-05
z,1.881014873139895,1.5450535441107657e-05
z,1.8872640919875359,9.941900147695675e-06
z,1.8935133108351767,6.312207224202806e-06
z,1.8997625296828176,1.0773459243156754e-05
z,1.9060117485304584,2.4569631588230444e-05
z,1.9122609673780993,7.976307079558786e-05
z,1.91851018622574,0.00015891613606503524
z,1.924759405073381,8.309003992712982e-05
z,1.9310086239210218,7.791169889303682e-06
z,1.9372578427686626,0.0003857634983864008
z,1.9435070616163035,0.0006102229085344307
z,1.9497562804639443,0.06972587408351075
z,1.9560054993115852,0.6088099025771394
z,1.962254718159226,0.30854959530742854
z,1.9685039370068669,0.0026381982933213694
z,1.9747531558545077,0.000829558690819563
z,1.9810023747021486,5.429195076223126e-06
z,1.9872515935497894,3.8470685805258776e-05
z,1.9935008123974303,9.864948301231028e-05
z,1.9997500312450711,0.000106625012565981
z,2.005999250092712,3.38843559268137e-05
z,2.012248468940353,1.8198809136130142e-05
z,2.0184976877879937,6.871003188446348e-06
z,2.0247469066356345,2.2727369330150944e-06
z,2.0309961254832753,1.5885158464922355e-05
z,2.037245344330916,6.73807083059801e-06
z,2.043494563178557,8.111707418556389e-06
z,2.049743782026198,1.926860998704066e-05
z,2.0559930008738387,8.323951842192138e-06
z,2.0622422197214796,2.0053587722955646e-05
z,2.0684914385691204,1.2710901063696642e-05
z,2.0747406574167613,9.105229555266927e-07
z,2.080989876264402,7.394714924717239e-06
z,2.087239095112043,3.6024498859536774e-06
z,2.093488313959684,4.34557597001278e-06
z,2.0997375328073247,1.1059414468437199e-05
z,2.1059867516549655,1.1839831581311852e-05
z,2.1122359705026064,6.206112850084465e-06
z,2.118485189350247,6.843835108572389e-07
z,2.124734408197888,3.0366939136394937e-06
z,2.130983627045529,8.130263721443716e-06
z,2.1372328458931698,8.951842719480639e-06
z,2.1434820647408106,1.041410127447386e-05
z,2.1497312835884514,1.023199521433143e-05
z,2.1559805024360923,1.6406015391766663e-06
z,2.162229721283733,1.4432297271750537e-06
z,2.168478940131374,2.5889315490717084e-06
z,2.174728158979015,3.700675060610671e-06
z,2.1809773778266557,3.241334303179241e-06
z,2.1872265966742965,9.96794925625378e-06
z,2.1934758155219374,7.734988328236563e-06
z,2.1997250343695782,1.4622374560966581e-05
z,2.205974253217219,5.005343897288495e-06
z,2.21222347206486,1.2422393050826453e-06
z,2.2184726909125008,2.424486703401549e-07
z,2.2247219097601416,2.7234763920658684e-06
z,2.2309711286077825,7.945344723518022e-06
z,2.2372203474554233,9.906045629390877e-06
z,2.243469566303064,3.0346739151826142e-06
z,2.249718785150705,9.263413821299403e-06
z,2.255968003998346,2.89249860126049e-05
z,2.2622172228459867,3.6182192602007107e-06
z,2.2684664416936275,3.2553889120946295e-06
z,2.2747156605412684,6.729122681253112e-06
z,2.2809648793889092,8.24574710357525e-06
z,2.28721409823655,4.331127752256377e-06
z,2.293463317084191,2.6606892268906114e-06
z,2.299712535931832,4.234891550750197e-06
z,2.3059617547794726,9.014788511100603e-06
z,2.3122109736271135,5.094038916003458e-06
z,2.3184601924747543,7.072391270130055e-08
z,2.324709411322395,7.568698674585794e-07
z,2.330958630170036,9.27877918224165e-07
z,2.337207849017677,4.969093895591786e-07
z,2.3434570678653177,1.1698294619545327e-06
z,2.3497062867129586,1.2982790132746506e-06
z,2.3559555055605994,3.3888628266292683e-06
z,2.3622047244082403,4.358948117749143e-06
z,2.368453943255881,5.927548589837103e-07
z,2.374703162103522,2.244804725766402e-06
z,2.380952380951163,3.7524348228409426e-07
z,2.3872015997988036,1.4322888449928567e-06
z,2.3934508186464445,2.133322156089431e-06
z,2.3997000374940853,1.747109554242009e-06
z,2.405949256341726,8.279816841124629e-07
z,2.412198475189367,2.0258878688025615e-07
z,2.418447694037008,1.2367091366744195e-06
z,2.4246969128846487,6.4102187064987905e-06
z,2.4309461317322896,3.3543648128464636e-06
z,2.4371953505799304,2.916265524298926e-07
z,2.4434445694275713,2.8062317892692514e-06
z,2.449693788275212,7.588749833461113e-06
z,2.455943007122853,9.425508380367385e-06
z,2.462192225970494,4.066365045930022e-06
z,2.4684414448181347,1.004416515598154e-06
z,2.4746906636657755,3.4294862641356105e-06
z,2.4809398825134164,4.153922715208313e-06
z,2.487189101361057,1.6980349781085042e-06
z,2.493438320208698,1.7870836584683525e-06
z,2.499687539056339,9.57859374993679e-06
z,2.5059367579039797,1.4779121851047112e-06
z,2.5121859767516206,1.2984755534744393e-06
z,2.5184351955992614,2.836127837749906e-06
z,2.5246844144469023,1.426323531034871e-05
z,2.530933633294543,1.8878709754971576e-05
z,2.537182852142184,1.0846454082896351e-05
z,2.543432070989825,2.9619357317491122e-06
z,2.5496812898374657,4.231152268480307e-06
z,2.5559305086851065,1.1741341173158617e-06
z,2.5621797275327474,6.842608256350813e-07
z,2.568428946380388,1.3919132917789978e-06
z,2.574678165228029,4.5452591829861696e-07
z,2.58092738407567,8.384744044838973e-08
z,2.5871766029233108,1.3246507623785963e-06
z,2.5934258217709516,8.187956102009434e-07
z,2.5996750406185924,5.229464867565559e-07
z,2.6059242594662333,1.2318835439583256e-06
z,2.612173478313874,1.5581290555843805e-06
z,2.618422697161515,9.228674814038015e-07
z,2.624671916009156,1.4871670737054482e-06
z,2.6309211348567967,1.6732663274109745e-06
z,2.6371703537044375,1.5087146870879668e-06
z,2.6434195725520784,6.101118681147716e-07
z,2.6496687913997192,1.6304309559439257e-07
z,2.65591801024736,4.392868490062788e-07
z,2.662167229095001,2.056962983447871e-06
z,2.6684164479426418,8.651735895000772e-06
z,2.6746656667902826,5.088104755690711e-06
z,2.6809148856379235,6.248544847519923e-07
z,2.6871641044855643,5.63431928234236e-08
z,2.693413323333205,2.053698045534121e-06
z,2.699662542180846,5.058488086982715e-06
z,2.705911761028487,2.071267685759714e-06
z,2.7121609798761277,4.182894853876549e-07
z,2.7184101987237685,1.06468786761474e-07
z,2.7246594175714094,1.1494426395084173e-06
z,2.7309086364190502,8.342916491130712e-06
z,2.737157855266691,4.362555864128261e-06
z,2.743407074114332,3.7289350392666978e-06
z,2.749656292961973,5.3188116944975184e-06
z,2.7559055118096136,1.5445763865785179e-06
z,2.7621547306572545,4.440923712605338e-06
z,2.7684039495048953,3.5225559661232358e-06
z,2.774653168352536,1.7478566888428577e-07
z,2.780902387200177,7.068593757953333e-06
z,2.787151606047818,1.9383076798551257e-05
z,2.7934008248954587,7.637552664622037e-06
z,2.7996500437430996,9.188810038749247e-06
z,2.8058992625907404,3.433341222194869e-06
z,2.8121484814383813,7.988076076436107e-06
z,2.818397700286022,3.3656567757687596e-07
z,2.824646919133663,5.298871217894903e-06
z,2.830896137981304,1.270180428660904e-05
z,2.8371453568289446,1.350376601665085e-05
z,2.8433945756765855,5.3020970132830735e-05
z,2.8496437945242263,3.1059144434628424e-05
z,2.855893013371867,1.8769638610698386e-05
z,2.862142232219508,9.156723602280466e-06
z,2.868391451067149,1.1439130956056702e-05
z,2.8746406699147897,4.250239659832412e-05
z,2.8808898887624306,1.2458917137351952e-05
z,2.8871391076100714,1.5379248413509767e-06
z,2.8933883264577123,9.893412951442244e-06
z,2.899637545305353,5.901844128818643e-06
z,2.905886764152994,2.9132228748799933e-05
z,2.912135983000635,3.254324531836135e-06
z,2.9183852018482757,1.0696972375274335e-05
z,2.9246344206959165,3.621018799026433e-05
z,2.9308836395435574,4.019877138760288e-05
z,2.937132858391198,4.151875497772472e-05
z,2.943382077238839,5.033125699872799e-05
z,2.94963129608648,3.4604622433965876e-05
z,2.9558805149341207,2.5734031240759015e-06
z,2.9621297337817616,7.458288670434627e-06
z,2.9683789526294024,2.0990540418292074e-05
z,2.9746281714770433,5.4898140760952965e-06
z,2.980877390324684,1.096231243990728e-05
z,2.987126609172325,1.1896378560033806e-06
z,2.993375828019966,1.6090385598722416e-05
z,2.9996250468676067,3.4732213756357706e-05
z,3.0058742657152475,5.5222172979678535e-06
z,3.0121234845628884,9.314637767073713e-06
z,3.018372703410529,1.6562152146641926e-05
z,3.02462192225817,2.898357511629004e-05
z,3.030871141105811,3.196662639790388e-05
z,3.0371203599534518,4.184782105409305e-06
z,3.0433695788010926,7.5512948978575815e-06
z,3.0496187976487334,1.4460034205717181e-06
z,3.0558680164963743,6.958621090558745e-07
z,3.062117235344015,4.310717279489288e-06
z,3.068366454191656,1.0118381204058584e-06
z,3.074615673039297,4.9237883157358415e-06
z,3.0808648918869377,5.051924670250859e-06
z,3.0871141107345785,9.748829633426464e-06
z,3.0933633295822194,1.5955998905874837e-06
z,3.0996125484298602,3.1841123404585427e-07
z,3.105861767277501,2.923443686954051e-06
z,3.112110986125142,2.2205451824684155e-06
z,3.1183602049727828,5.985654445391767e-07
z,3.1246094238204236,1.690652887169724e-06
z,3.1308586426680645,4.1326094547229077e-07
z,3.1371078615157053,3.1752514488424204e-06
z,3.143357080363346,2.7608058072129973e-06
z,3.149606299210987,5.478066483574535e-07
z,3.155855518058628,5.056755379500797e-08
z,3.1621047369062687,1.7318682842590462e-07
z,3.1683539557539095,7.980607058624026e-07
z,3.1746031746015504,1.5693891714499424e-06
z,3.1808523934491912,4.5331155555031286e-07
z,3.187101612296832,2.1091456529060375e-08
z,3.193350831144473,4.380500659118397e-07
z,3.199600049992114,2.4143534079476924e-06
z,3.2058492688397546,2.8837394829845063e-06
z,3.2120984876873955,3.067487564454893e-07
z,3.2183477065350363,3.088699722887978e-08
z,3.224596925382677,2.673340203010727e-09
z,3.230846144230318,3.030773815253795e-07
z,3.237095363077959,5.865051418005572e-07
z,3.2433445819255997,6.090416769131048e-07
z,3.2495938007732406,3.8352659105690687e-07
z,3.2558430196208814,2.128396941618945e-07
z,3.2620922384685223,3.979528543729301e-07
z,3.268341457316163,3.0795668375861086e-07
z,3.274590676163804,1.3977238875947282e-07
z,3.280839895011445,2.5864422308821076e-07
z,3.2870891138590856,2.7927415956671325e-07
z,3.2933383327067265,2.7272731352996126e-08
z,3.2995875515543673,1.4207190338134376e-07
z,3.305836770402008,4.7302969652234023e-07
z,3.312085989249649,6.044734792324521e-08
z,3.31833520809729,5.415095454651049e-07
z,3.3245844269449307,1.0681461118437338e-06
z,3.3308336457925716,1.1270678512154445e-06
z,3.3370828646402124,2.903513144358352e-06
z,3.3433320834878533,3.234837090452788e-06
z,3.349581302335494,2.5629532375264686e-06
z,3.355830521183135,2.555312220493824e-07
z,3.362079740030776,1.4659622351998525e-07
z,3.3683289588784167,6.233317553547915e-07
z,3.3745781777260575,1.354100723476857e-06
z,3.3808273965736984,3.134789607383087e-07
z,3.387076615421339,3.769338735735218e-07
z,3.39332583426898,7.305800396067715e-07
z,3.399575053116621,1.4935779618937998e-07
z,3.4058242719642617,3.2117268163421475e-07
z,3.4120734908119026,1.0246562149512806e-06
z,3.4183227096595434,1.6054689774505685e-06
z,3.4245719285071843,7.068778838037232e-07
z,3.430821147354825,2.908769323195275e-07
z,3.437070366202466,1.3460716330627392e-08
z,3.443319585050107,1.071506939320668e-06
z,3.4495688038977477,1.0116888045396214e-06
z,3.4558180227453885,1.5632397854647534e-07
z,3.4620672415930294,7.27859246468808e-08
z,3.46831646044067,1.643093118786938e-07
z,3.474565679288311,3.070438244390731e-07
z,3.480814898135952,3.4001414614696995e-07
z,3.4870641169835928,2.1595531088822542e-07
z,3.4933133358312336,1.9191115400491355e-08
z,3.4995625546788744,1.846392515923829e-07
z,3.5058117735265153,6.665138564923269e-08
z,3.512060992374156,7.269838639616723e-07
z,3.518310211221797,3.3115548030269424e-07
z,3.524559430069438,1.4795516133054593e-07
z,3.5308086489170787,1.000064985335907e-07
z,3.5370578677647195,3.8414780213168976e-08
z,3.5433070866123604,1.25542816670908e-07
z,3.5495563054600012,7.266485547366114e-08
z,3.555805524307642,9.822754387658363e-09
z,3.562054743155283,7.504214559574469e-07
z,3.5683039620029238,9.134183646002317e-07
z,3.5745531808505646,3.5057601447312253e-07
z,3.5808023996982055,2.446275784303879e-07
z,3.5870516185458463,3.834715706516434e-07
z,3.593300837393487,8.053749671158657e-07
z,3.599550056241128,6.555375769605513e-07
z,3.605799275088769,2.515912226712866e-07
z,3.6120484939364097,6.84088452313614e-07
z,3.6182977127840505,2.097097973595255e-06
z,3.6245469316316914,1.8938282317214557e-07
z,3.6307961504793322,6.815462644052772e-07
z,3.637045369326973,7.509838835086615e-07
z,3.643294588174614,2.915310471830123e-07
z,3.649543807022255,1.6580610287306698e-07
z,3.6557930258698956,5.522894775208517e-08
z,3.6620422447175365,1.1801972391348281e-08
z,3.6682914635651773,4.956119021045039e-07
z,3.674540682412818,7.136242395548213e-07
z,3.680789901260459,4.3320634044545284e-07
z,3.6870391201081,4.863743841067439e-07
z,3.6932883389557407,1.626341412285463e-07
z,3.6995375578033816,1.950962143392789e-07
z,3.7057867766510224,8.850019543777257e-08
z,3.7120359954986633,2.573438779442796e-08
z,3.718285214346304,1.31155454003037e-07
z,3.724534433193945,5.343723600094121e-07
z,3.730783652041586,3.7846480493905855e-07
z,3.7370328708892266,2.3366583855026364e-07
z,3.7432820897368675,1.744564451998663e-07
z,3.7495313085845083,2.221582498216326e-08
z,3.755780527432149,8.206603447657191e-08
z,3.76202974627979,2.2570971155180222e-07
z,3.768278965127431,3.782124416686606e-07
z,3.7745281839750717,2.1308460607597717e-07
z,3.7807774028227126,4.3047900105787464e-08
z,3.7870266216703534,1.166917589985729e-07
z,3.7932758405179943,1.1267096492057221e-07
z,3.799525059365635,3.870812183027721e-08
z,3.805774278213276,2.984436030161475e-07
z,3.812023497060917,2.3323391049640144e-07
z,3.8182727159085577,1.1458146422863904e-07
z,3.8245219347561985,1.8998455440678245e-07
z,3.8307711536038394,8.565603586033952e-08
z,3.83702037245148,9.671151858785251e-08
z,3.843269591299121,8.5620435125198e-08
z,3.849518810146762,2.796073067850458e-08
z,3.8557680289944027,5.7753152777834104e-08
z,3.8620172478420436,1.0081088167427198e-07
z,3.8682664666896844,2.958164807061846e-07
z,3.8745156855373253,8.44023874276176e-07
z,3.880764904384966,6.40829606442537e-07
z,3.887014123232607,4.063778816116127e-08
z,3.893263342080248,7.628886206078462e-07
z,3.8995125609278887,1.7301376208847819e-06
z,3.9057617797755295,2.6028605324753317e-05
z,3.9120109986231704,0.000496595862838407
z,3.918260217470811,0.0004886016325065843
z,3.924509436318452,1.952415697181879e-05
z,3.930758655166093,3.4819554840205822e-06
z,3.9370078740137338,1.7443052193203217e-07
z,3.9432570928613746,1.1485219440311728e-07
z,3.9495063117090154,2.6775321231070577e-07
z,3.9557555305566563,3.6954827810000375e-07
z,3.962004749404297,1.3351744952357195e-07
z,3.968253968251938,7.110370900361755e-08
z,3.974503187099579,3.145416625838579e-08
z,3.9807524059472197,3.87320504746369e-09
z,3.9870016247948605,4.086927130355586e-08
z,3.9932508436425014,2.0625896712082707e-08
z,3.9995000624901422,1.3445038615351617e-08
z,4.005749281337783,4.422101692727128e-08
z,4.011998500185424,2.2429333304135745e-08
z,4.018247719033065,3.01987795738917e-08
z,4.024496937880706,3.6033271463487e-08
z,4.0307461567283465,2.106902033334892e-09
z,4.036995375575987,8.61212528621233e-09
z,4.043244594423628,8.52683004365692e-09
z,4.049493813271269,7.306148461183337e-09
z,4.05574303211891,1.2993321712584642e-08
z,4.061992250966551,1.885965371843072e-08
z,4.0682414698141915,1.059673065862595e-08
z,4.074490688661832,2.2896506480130332e-09
z,4.080739907509473,2.4167521251687877e-09
z,4.086989126357114,9.810335927182829e-09
z,4.093238345204755,1.1978870993510323e-08
z,4.099487564052396,1.0906431690290698e-08
z,4.105736782900037,1.29432001383823e-08
z,4.1119860017476775,3.216988510098746e-09
z,4.118235220595318,1.8406021293979602e-09
z,4.124484439442959,2.3983286240417496e-09
z,4.1307336582906,3.7145912526054097e-09
z,4.136982877138241,2.7911865373838726e-09
z,4.143232095985882,8.262594267626626e-09
z,4.149481314833523,9.682375459026804e-09
z,4.155730533681163,1.3190821350713805e-08
z,4.161979752528804,9.300550037945245e-09
z,4.168228971376445,8.874805997815913e-10
z,4.174478190224086,9.444514339817471e-10
z,4.180727409071727,1.6992824225336052e-09
z,4.186976627919368,6.618093023432991e-09
z,4.1932258467670085,1.0309022578622954e-08
z,4.199475065614649,4.523030744068596e-09
z,4.20572428446229,4.663492638353982e-09
z,4.211973503309931,2.9837536976375695e-08
z,4.218222722157572,1.0389507240008017e-08
z,4.224471941005213,1.5887196192337435e-09
z,4.230721159852854,5.16010719866791e-09
z,4.236970378700494,9.178935091366967e-09
z,4.243219597548135,6.2828894820590814e-09
z,4.249468816395776,3.327423990816525e-09
z,4.255718035243417,3.943070630366052e-09
z,4.261967254091058,9.012596978710087e-09
z,4.268216472938699,8.543931752890617e-09
z,4.2744656917863395,5.399703272201421e-10
z,4.28071491063398,5.081762511660609e-10
z,4.286964129481621,1.4674985090397694e-09
z,4.293213348329262,5.208951568071014e-10
z,4.299462567176903,1.4738617990123512e-09
z,4.305711786024544,1.7109717098918882e-09
z,4.311961004872185,3.5909232826668563e-09
z,4.318210223719825,7.010393652503486e-09
z,4.324459442567466,1.1606964336461358e-09
z,4.330708661415107,4.202178755041623e-09
z,4.336957880262748,1.2831206187059304e-09
z,4.343207099110389,1.6452435869868088e-09
z,4.34945631795803,3.212989685653473e-09
z,4.3557055368056705,3.2606629356497348e-09
z,4.361954755653311,1.8792406766388814e-09
z,4.368203974500952,4.684143406939319e-10
z,4.374453193348593,1.0797072999157032e-09
z,4.380702412196234,9.834724342010425e-09
z,4.386951631043875,9.955548400626301e-09
z,4.393200849891516,1.0314773277159988e-10
z,4.3994500687391564,5.321094236275913e-09
z,4.405699287586797,1.5081173164355014e-08
z,4.411948506434438,2.4916608261525394e-08
z,4.418197725282079,1.1613978955422911e-08
z,4.42444694412972,4.478961604197249e-09
z,4.430696162977361,4.839020303114398e-09
z,4.4369453818250015,1.7906526916593355e-08
z,4.443194600672642,1.6884390576904794e-09
z,4.449443819520283,6.1551458717655014e-09
z,4.455693038367924,2.4902546322030067e-08
z,4.461942257215565,1.1563161893825718e-08
z,4.468191476063206,5.401632679956771e-09
z,4.474440694910847,3.4140726645938516e-09
z,4.4806899137584875,3.928385231455766e-08
z,4.486939132606128,6.504306366701126e-08
z,4.493188351453769,5.0066047121331254e-08
z,4.49943757030141,1.0926861941189445e-08
z,4.505686789149051,1.4447131069176751e-08
z,4.511936007996692,8.358906112406206e-09
z,4.5181852268443325,7.007589294653764e-10
z,4.524434445691973,5.923996435549604e-09
z,4.530683664539614,1.9035574711234474e-09
z,4.536932883387255,7.694601369566031e-10
z,4.543182102234896,4.4324580639530604e-09
z,4.549431321082537,4.4751014427141845e-09
z,4.555680539930178,2.426074184631265e-09
z,4.5619297587778185,4.597559405840108e-09
z,4.568178977625459,8.294800586966923e-09
z,4.5744281964731,5.058896510632897e-09
z,4.580677415320741,6.722729923640382e-09
z,4.586926634168382,7.807937626955691e-09
z,4.593175853016023,7.542662741981573e-09
z,4.599425071863664,4.415328044338906e-09
z,4.605674290711304,1.043422310756732e-09
z,4.611923509558945,3.764118483847375e-09
z,4.618172728406586,5.875363297153661e-09
z,4.624421947254227,4.1566679350975564e-08
z,4.630671166101868,3.83865309269559e-08
z,4.636920384949509,8.026989961973814e-09
z,4.6431696037971495,6.574854315969934e-10
z,4.64941882264479,6.308079475272333e-09
z,4.655668041492431,3.5648707446022887e-08
z,4.661917260340072,2.0804681809118016e-08
z,4.668166479187713,5.6857351163530335e-09
z,4.674415698035354,3.377418692105191e-10
z,4.680664916882995,3.353321459759445e-09
z,4.686914135730635,4.232952845200084e-08
z,4.693163354578276,4.9998027503517664e-08
z,4.699412573425917,1.5722998041400926e-08
z,4.705661792273558,5.582927555148804e-08
z,4.711911011121199,1.559853361075854e-08
z,4.71816022996884,2.197369146908913e-08
z,4.7244094488164805,3.576089963481199e-08
z,4.730658667664121,7.145486003445072e-10
z,4.736907886511762,3.421664639142636e-08
z,4.743157105359403,1.571912080824676e-07
z,4.749406324207044,8.345781928903408e-08
z,4.755655543054685,8.348541978198212e-08
z,4.761904761902326,3.916252475301985e-08
z,4.768153980749966,7.451412384560798e-08
z,4.774403199597607,9.426582701681428e-09
z,4.780652418445248,3.006686329553337e-08
z,4.786901637292889,1.3261623771479296e-07
z,4.79315085614053,7.75999808179777e-08
z,4.799400074988171,4.473637781034295e-07
z,4.8056492938358115,3.551032022721306e-07
z,4.811898512683452,1.8294646582782102e-07
z,4.818147731531093,1.2740818396493686e-07
z,4.824396950378734,4.9948744417810447e-08
z,4.830646169226375,3.9571577407108557e-07
z,4.836895388074016,2.1934459003877273e-07
z,4.843144606921657,1.397085513025802e-08
z,4.8493938257692975,8.01608318665539e-08
z,4.855643044616938,3.608557711996206e-08
z,4.861892263464579,3.0701884055744115e-07
z,4.86814148231222,8.215498353021171e-08
z,4.874390701159861,9.483809717406919e-08
z,4.880639920007502,3.2121321258830616e-07
z,4.8868891388551425,4.2153277804649105e-07
z,4.893138357702783,4.509974707314855e-07
z,4.899387576550424,5.823995802174272e-07
z,4.905636795398065,5.503550505853483e-07
z,4.911886014245706,7.109726718726594e-08
z,4.918135233093347,4.4028083603606755e-08
z,4.924384451940988,2.5675288209058953e-07
z,4.9306336707886285,6.615031050591853e-08
z,4.936882889636269,1.6497598759947776e-07
z,4.94313210848391,4.332064854833292e-08
z,4.949381327331551,1.0949669624501602e-07
z,4.955630546179192,4.845181395258557e-07
z,4.961879765026833,1.6677055314154638e-07
z,4.9681289838744735,7.79144946680199e-08
z,4.974378202722114,2.0656778359006624e-07
z,4.980627421569755,3.498311399540191e-07
z,4.986876640417396,4.786683870777199e-07
z,4.993125859265037,1.0959742897595212e-07
z,4.999375078112678,9.146698703697069e-08
z,5.005624296960319,3.997798601878877e-08
z,5.0118735158079595,2.0385176008309552e-09
z,5.0181227346556,5.4170249911287243e-08
z,5.024371953503241,1.4452772492014439e-08
z,5.030621172350882,5.8832764303307026e-08
z,5.036870391198523,6.778670888123882e-08
z,5.043119610046164,1.3551375158235662e-07
z,5.049368828893805,5.143214137606416e-08
z,5.055618047741445,2.6961300859941426e-09
z,5.061867266589086,3.7000580010615196e-08
z,5.068116485436727,4.562449875094244e-08
z,5.074365704284368,1.0783270843970132e-08
z,5.080614923132009,1.7079777334528115e-08
z,5.08686414197965,1.1403510077392712e-08
z,5.0931133608272905,3.054719922757433e-08
z,5.099362579674931,5.662795192510846e-08
z,5.105611798522572,1.3668097960578175e-08
z,5.111861017370213,3.420438946055756e-09
z,5.118110236217854,1.256381173019765e-09
z,5.124359455065495,9.176546729015954e-09
z,5.130608673913136,2.4190687408162153e-08
z,5.136857892760776,1.3185434583728843e-08
z,5.143107111608417,1.6435607010145547e-09
z,5.149356330456058,4.146738223408463e-09
z,5.155605549303699,3.0623773209197677e-08
z,5.16185476815134,5.835407961123573e-08
z,5.168103986998981,1.3392357556987147e-08
z,5.1743532058466215,1.0690678714742416e-10
z,5.180602424694262,1.5517346858394847e-10
z,5.186851643541903,3.5061183173759687e-09
z,5.193100862389544,1.0180524471200131e-08
z,5.199350081237185,1.2468058689512263e-08
z,5.205599300084826,8.18107483986309e-09
z,5.211848518932467,3.786770530254047e-09
z,5.218097737780107,6.556341321357898e-09
z,5.224346956627748,6.88228382455765e-09
z,5.230596175475389,3.3338135773810067e-09
z,5.23684539432303,3.933837829935372e-09
z,5.243094613170671,7.454592743652214e-09
z,5.249343832018312,3.133498568236908e-11
z,5.2555930508659525,2.326886328741168e-09
z,5.261842269713593,8.356353395002592e-09
z,5.268091488561234,4.335749577121688e-09
z,5.274340707408875,5.642242431714397e-09
z,5.280589926256516,2.3167741157649715e-08
z,5.286839145104157,2.2071679427976904e-08
z,5.293088363951798,5.072398634151545e-08
z,5.2993375827994385,6.545252407759582e-08
z,5.305586801647079,5.891352162470285e-08
z,5.31183602049472,1.7543439765809288e-08
z,5.318085239342361,2.542664873437434e-09
z,5.324334458190002,4.172848415115065e-09
z,5.330583677037643,3.466408654253767e-08
z,5.3368328958852835,4.718545485757768e-09
z,5.343082114732924,1.4034908026419702e-08
z,5.349331333580565,1.005435722215511e-08
z,5.355580552428206,7.758545460429437e-09
z,5.361829771275847,3.545989974090688e-09
z,5.368078990123488,1.9640862260943888e-08
z,5.374328208971129,3.7379482380083286e-08
z,5.3805774278187695,1.9852990782720038e-08
z,5.38682664666641,7.883888888126779e-09
z,5.393075865514051,1.4820512478006696e-10
z,5.399325084361692,2.0073822749951303e-08
z,5.405574303209333,3.2913255607140065e-08
z,5.411823522056974,7.628631333186491e-09
z,5.4180727409046145,2.282185026285378e-09
z,5.424321959752255,3.6758719633821596e-09
z,5.430571178599896,7.051306540951779e-09
z,5.436820397447537,9.118392705198389e-09
z,5.443069616295178,7.280120279723409e-09
z,5.449318835142819,9.084479515133028e-10
z,5.45556805399046,3.880631315285283e-09
z,5.4618172728381005,2.0003537286701815e-10
z,5.468066491685741,1.7116730626916236e-08
z,5.474315710533382,1.2335077642898952e-08
z,5.480564929381023,4.207928642455767e-09
z,5.486814148228664,3.3065571943077683e-09
z,5.493063367076305,9.7381356554635e-10
z,5.499312585923946,2.8235069559972966e-09
z,5.505561804771586,2.418649811016741e-09
z,5.511811023619227,4.130753738528452e-10
z,5.518060242466868,1.3708091020748789e-08
z,5.524309461314509,3.0342207098190214e-08
z,5.53055868016215,1.3750492394387315e-08
z,5.536807899009791,6.521185888320789e-09
z,5.5430571178574315,9.012171180857876e-09
z,5.549306336705072,2.0547389933626135e-08
z,5.555555555552713,2.3469049462837793e-08
z,5.561804774400354,1.3562362781822409e-08
z,5.568053993247995,7.379751688058084e-09
z,5.574303212095636,6.144733589245411e-08
z,5.580552430943277,1.7311294174028213e-08
z,5.586801649790917,1.4552046948808818e-08
z,5.593050868638558,2.704906981904215e-08
z,5.599300087486199,1.0977316098348128e-08
z,5.60554930633384,4.98180163286002e-09
z,5.611798525181481,2.909966281427017e-09
z,5.618047744029122,1.5466429442521184e-09
z,5.6242969628767625,7.625864047862993e-09
z,5.630546181724403,2.708830580244834e-08
z,5.636795400572044,1.1697119304494117e-08
z,5.643044619419685,1.8402038004380934e-08
z,5.649293838267326,6.787023423244632e-09
z,5.655543057114967,5.89874236256291e-09
z,5.661792275962608,4.05405851311874e-09
z,5.668041494810248,8.072311836065892e-10
z,5.674290713657889,2.3086529134730587e-09
z,5.68053993250553,1.5373505627214315e-08
z,5.686789151353171,1.5552576211898676e-08
z,5.693038370200812,7.1720555646418016e-09
z,5.699287589048453,5.5330326291265666e-09
z,5.7055368078960935,1.4509848112401005e-09
z,5.711786026743734,1.6480419003034134e-09
z,5.718035245591375,6.744186172375536e-09
z,5.724284464439016,1.1735357312265737e-08
z,5.730533683286657,9.969798656190425e-09
z,5.736782902134298,1.3854942971959047e-09
z,5.743032120981939,2.1494611217093983e-09
z,5.7492813398295795,5.2203120183953015e-09
z,5.75553055867722,1.0855787151024052e-09
z,5.761779777524861,6.7574488205303115e-09
z,5.768028996372502,9.16273971235329e-09
z,5.774278215220143,3.5250647452538532e-09
z,5.780527434067784,5.458509440431246e-09
z,5.7867766529154245,2.677935741054464e-09
z,5.793025871763065,3.242733040810514e-09
z,5.799275090610706,2.625801654771614e-09
z,5.805524309458347,5.57052515870906e-10
z,5.811773528305988,1.8745476099955583e-09
z,5.818022747153629,2.024809970917543e-09
z,5.82427196600127,5.436605246159706e-09
z,5.8305211848489105,2.0818545680078803e-08
z,5.836770403696551,2.4308128292958262e-08
z,5.843019622544192,9.208918973578627e-10
z,5.849268841391833,5.911070682854025e-09
z,5.855518060239474,4.287667520082579e-08
z,5.861767279087115,1.5857666621942773e-07
z,5.8680164979347555,3.833798304115095e-06
z,5.874265716782396,7.274945716850335e-06
z,5.880514935630037,8.02734328164551e-07
z,5.886764154477678,7.937974375478085e-08
z,5.893013373325319,1.4224273245284907e-08
z,5.89926259217296,2.4947086041370925e-09
z,5.905511811020601,5.872288953225992e-09
z,5.9117610298682415,8.688056891133965e-09
z,5.918010248715882,3.951607072277463e-09
z,5.924259467563523,2.102471624779361e-09
z,5.930508686411164,1.2199334827926463e-09
z,5.936757905258805,1.1231270257012964e-10
z,5.943007124106446,7.427723875081394e-10
z,5.949256342954087,6.56096701782139e-10
z,5.955505561801727,2.347082439987623e-10
z,5.961754780649368,7.66994448856333e-10
z,5.968003999497009,6.331244505012953e-10
z,5.97425321834465,4.1310278911990787e-10
z,5.980502437192291,7.86058431751723e-10
z,5.986751656039932,8.161534301135042e-11
z,5.9930008748875725,8.731699442845437e-11
z,5.999250093735213,1.8415419094460038e-10
z,6.005499312582854,1.1126196109162434e-10
z,6.011748531430495,1.5023125943095173e-10
z,6.017997750278136,2.9880281882350307e-10
z,6.024246969125777,1.9707906469470834e-10
z,6.030496187973418,6.167533108723085e-11
z,6.036745406821058,1.3679392339419436e-11
z,6.042994625668699,1.1121641685794335e-10
z,6.04924384451634,1.572931933712383e-10
z,6.055493063363981,1.3358871486151354e-10
z,6.061742282211622,1.6627896125767724e-10
z,6.067991501059263,7.01918869771093e-11
z,6.0742407199069035,2.620423424183121e-11
z,6.080489938754544,3.6608697997111545e-11
z,6.086739157602185,3.9146252834648855e-11
z,6.092988376449826,3.040233035946061e-11
z,6.099237595297467,7.807623279991602e-11
z,6.105486814145108,1.488046867778316e-10
z,6.111736032992749,1.5431156548914659e-10
z,6.117985251840389,1.780160709102542e-10
z,6.12423447068803,1.8170211900934895e-11
z,6.130483689535671,3.1412268808387136e-11
z,6.136732908383312,8.914159187241933e-12
z,6.142982127230953,8.298263771312583e-11
z,6.149231346078594,1.5896559340375932e-10
z,6.1554805649262345,7.99669220052603e-11
z,6.161729783773875,3.608229100400686e-11
z,6.167979002621516,4.147650521241319e-10
z,6.174228221469157,3.053179850046065e-10
z,6.180477440316798,4.875292771549694e-12
z,6.186726659164439,7.085986415021852e-11
z,6.19297587801208,1.4144744858950126e-10
z,6.1992250968597205,1.4051894089635362e-10
z,6.205474315707361,7.118300756205888e-11
z,6.211723534555002,6.298386379457742e-11
z,6.217972753402643,1.3605701854158642e-10
z,6.224221972250284,1.885467148569134e-10
z,6.230471191097925,3.6070571516718575e-11
z,6.2367204099455655,2.8510109491993123e-12
z,6.242969628793206,3.353326747176132e-11
z,6.249218847640847,1.03266577840385e-11
z,6.255468066488488,2.6261144747656502e-11
z,6.261717285336129,3.477006677093271e-11
z,6.26796650418377,5.7807233397533274e-11
z,6.274215723031411,1.426060072845297e-10
z,6.2804649418790515,4.8829254145938845e-11
z,6.286714160726692,9.834777087048846e-11
z,6.292963379574333,6.694519286632495e-11
z,6.299212598421974,2.6263686702767556e-11
z,6.305461817269615,6.413220685380551e-11
z,6.311711036117256,8.137044193093944e-11
z,6.3179602549648965,5.490474681709549e-11
z,6.324209473812537,1.7242218095891437e-11
z,6.330458692660178,1.2875758694218343e-11
z,6.336707911507819,1.7517970016679982e-10
z,6.34295713035546,3.315293647096061e-10
z,6.349206349203101,1.5195497999810468e-11
z,6.355455568050742,1.195182703808942e-10
z,6.3617047868983825,3.5743026534746194e-10
z,6.367954005746023,7.807029542400073e-10
z,6.374203224593664,4.1924979256505277e-10
z,6.380452443441305,1.8530843161050694e-10
z,6.386701662288946,5.830815979500976e-11
z,6.392950881136587,6.800938562638833e-10
z,6.399200099984228,5.6677789049833976e-11
z,6.405449318831868,2.3084271499205216e-10
z,6.411698537679509,6.080459253597534e-10
z,6.41794775652715,6.987613408560138e-10
z,6.424196975374791,1.4571811592298704e-10
z,6.430446194222432,1.3347081122004795e-10
z,6.436695413070073,9.756331690001687e-10
z,6.4429446319177135,2.1666432252734933e-09
z,6.449193850765354,2.1926492956147426e-09
z,6.455443069612995,5.189777560122878e-10
z,6.461692288460636,4.198279577843752e-10
z,6.467941507308277,4.3865379705819414e-10
z,6.474190726155918,5.2185158696100325e-12
z,6.480439945003559,1.9253446872905432e-10
z,6.486689163851199,9.124546137394241e-11
z,6.49293838269884,4.872055488845089e-11
z,6.499187601546481,1.070470401783794e-10
z,6.505436820394122,2.1149811219703578e-10
z,6.511686039241763,1.1499282685306931e-10
z,6.517935258089404,1.4033536479946294e-10
z,6.5241844769370445,3.340970708689483e-10
z,6.530433695784685,2.593182793702347e-10
z,6.536682914632326,2.447085046155104e-10
z,6.542932133479967,2.9163897351977407e-10
z,6.549181352327608,2.8504338310029676e-10
z,6.555430571175249,2.1099243302731008e-10
z,6.56167979002289,6.473694551890007e-11
z,6.56792900887053,1.8483348339286783e-10
z,6.574178227718171,1.9566593859981387e-10
z,6.580427446565812,1.2990990087429637e-09
z,6.586676665413453,1.9184499127816847e-09
z,6.592925884261094,6.254200435409095e-10
z,6.599175103108735,7.051160055244135e-11
z,6.6054243219563755,8.185217072544984e-11
z,6.611673540804016,1.539988690026079e-09
z,6.617922759651657,1.3868184772802707e-09
z,6.624171978499298,4.574308828938587e-10
z,6.630421197346939,5.461520811615677e-11
z,6.63667041619458,5.546421397942905e-11
z,6.642919635042221,1.1637651265992955e-09
z,6.6491688538898615,2.9595065995936124e-09
z,6.655418072737502,3.565064753895428e-10
z,6.661667291585143,3.1431173096231498e-09
z,6.667916510432784,1.2942372910875657e-09
z,6.674165729280425,6.149348580392453e-10
z,6.680414948128066,1.7618056881703457e-09
z,6.6866641669757065,1.6516685298850666e-10
z,6.692913385823347,1.152969358344877e-09
z,6.699162604670988,6.372685628266148e-09
z,6.705411823518629,5.889709784177108e-09
z,6.71166104236627,3.6840909065092204e-09
z,6.717910261213911,3.3273087513423547e-09
z,6.724159480061552,3.191640013060543e-09
z,6.7304086989091925,1.3360496470531036e-09
z,6.736657917756833,9.103760924073973e-10
z,6.742907136604474,6.2953294890868724e-09
z,6.749156355452115,4.365060976619299e-09
z,6.755405574299756,1.742709619457406e-08
z,6.761654793147397,2.1727210106155315e-08
z,6.7679040119950375,9.861477073283239e-09
z,6.774153230842678,7.750951525189783e-09
z,6.780402449690319,1.886177142661764e-09
z,6.78665166853796,1.6169833432399184e-08
z,6.792900887385601,1.646530839766143e-08
z,6.799150106233242,2.1749600477161346e-09
z,6.805399325080883,2.4517848100669778e-09
z,6.8116485439285235,2.227834310935136e-09
z,6.817897762776164,1.2587868992634436e-08
z,6.824146981623805,8.568931543558727e-09
z,6.830396200471446,4.1562096144740915e-09
z,6.836645419319087,1.3817581351379232e-08
z,6.842894638166728,2.039168768353565e-08
z,6.849143857014369,2.228046206206928e-08
z,6.855393075862009,3.002841369471089e-08
z,6.86164229470965,3.6376918705882314e-08
z,6.867891513557291,8.84684131955106e-09
z,6.874140732404932,1.450267058201667e-09
z,6.880389951252573,1.1600995336934403e-08
z,6.886639170100214,5.052580106999256e-09
z,6.8928883889478545,9.106879716496959e-09
z,6.899137607795495,5.207958937349073e-09
z,6.905386826643136,2.4324337529222376e-09
z,6.911636045490777,2.5196745985928393e-08
z,6.917885264338418,1.7141787076494365e-08
z,6.924134483186059,2.6249218141726572e-09
z,6.9303837020337,1.0442205219137928e-08
z,6.93663292088134,1.799687853648862e-08
z,6.942882139728981,2.7254571540366247e-08
z,6.949131358576622,1.1220384783268663e-08
z,6.955380577424263,3.5710044468981475e-09
z,6.961629796271904,3.8675666845659425e-09
z,6.967879015119545,8.161993470753523e-11
z,6.9741282339671855,2.1011226664537187e-09
z,6.980377452814826,1.442503709152626e-09
z,6.986626671662467,2.0834415047967104e-09
z,6.992875890510108,4.301170145074745e-09
z,6.999125109357749,6.256721127291124e-09
z,7.00537432820539,4.954719566055256e-09
z,7.011623547053031,7.624418830484255e-11
z,7.017872765900671,1.756637129746147e-09
z,7.024121984748312,3.082999189532492e-09
z,7.030371203595953,9.954628360413417e-10
z,7.036620422443594,5.505513585229093e-10
z,7.042869641291235,8.970906595960018e-10
z,7.049118860138876,7.484962056633924e-10
z,7.0553680789865165,3.6059988759088575e-09
z,7.061617297834157,1.196534924088827e-09
z,7.067866516681798,4.3160571630709505e-10
z,7.074115735529439,3.250194803003113e-11
z,7.08036495437708,3.8819393252843234e-10
z,7.086614173224721,1.1973545456687198e-09
z,7.092863392072362,1.1051178768150255e-09
z,7.0991126109200025,2.404283589974763e-10
z,7.105361829767643,1.7355360103765457e-10
z,7.111611048615284,1.2039249401705353e-09
z,7.117860267462925,3.52797608618644e-09
z,7.124109486310566,1.5155796247413796e-09
z,7.130358705158207,1.8990607086804995e-11
z,7.1366079240058475,4.176643244831841e-11
z,7.142857142853488,1.1488053631244908e-10
z,7.149106361701129,5.423755605864419e-10
z,7.15535558054877,8.129182123554798e-10
z,7.161604799396411,5.94470825077398e-10
z,7.167854018244052,2.560485213916756e-10
z,7.174103237091693,3.2387244820551825e-10
z,7.1803524559393335,4.552582762568779e-10
z,7.186601674786974,2.9046119133795386e-10
z,7.192850893634615,2.0158738910155295e-10
z,7.199100112482256,5.060092512926036e-10
z,7.205349331329897,6.033196722584996e-11
z,7.211598550177538,1.1352925875518304e-10
z,7.2178477690251786,3.959499919735744e-10
z,7.224096987872819,4.913814991763283e-10
z,7.23034620672046,9.571134834196794e-11
z,7.236595425568101,1.3885813259833988e-09
z,7.242844644415742,1.4584369522720776e-09
z,7.249093863263383,2.677701452253432e-09
z,7.255343082111024,3.970172534981092e-09
z,7.2615923009586645,3.7063665691615392e-09
z,7.267841519806305,2.1047349982072407e-09
z,7.274090738653946,1.0226963086107498e-10
z,7.280339957501587,4.9025293092856886e-11
z,7.286589176349228,2.0433697646106633e-09
z,7.292838395196869,5.22938945994328e-10
z,7.29908761404451,1.077945288458036e-09
z,7.30533683289215,4.0144820387567834e-10
z,7.311586051739791,7.464263832983229e-10
z,7.317835270587432,4.575087159739751e-11
z,7.324084489435073,1.020850278601334e-09
z,7.330333708282714,2.3917367731766897e-09
z,7.336582927130355,1.6116738726535647e-09
z,7.3428321459779955,5.707855454375866e-10
z,7.349081364825636,8.500720148432149e-11
z,7.355330583673277,8.892165644554262e-10
z,7.361579802520918,2.670544081680508e-09
z,7.367829021368559,9.57130807797789e-10
z,7.3740782402162,2.2339805859800242e-10
z,7.380327459063841,2.566617615463727e-10
z,7.386576677911481,4.411438614703226e-10
z,7.392825896759122,6.419420778990604e-10
z,7.399075115606763,5.944313195227081e-10
z,7.405324334454404,2.0243016271234623e-10
z,7.411573553302045,1.38665683386962e-10
z,7.417822772149686,6.975567809514423e-11
z,7.4240719909973265,8.714966042983595e-10
z,7.430321209844967,1.173191801421397e-09
z,7.436570428692608,3.493532392207787e-10
z,7.442819647540249,2.892229690273841e-10
z,7.44906886638789,7.45291740270759e-11
z,7.455318085235531,1.4256795555133425e-10
z,7.461567304083172,2.004362699237184e-10
z,7.467816522930812,1.2025978320734323e-10
z,7.474065741778453,4.756637455910432e-10
z,7.480314960626094,2.378284331962611e-09
z,7.486564179473735,1.4470686773458522e-09
z,7.492813398321376,5.094212993658009e-10
z,7.499062617169017,5.797528412371511e-10
z,7.5053118360166575,1.2571534753260597e-09
z,7.511561054864298,2.0313896562031745e-09
z,7.517810273711939,1.4205956540010535e-09
z,7.52405949255958,2.4378282131570713e-10
z,7.530308711407221,3.814574335786464e-09
z,7.536557930254862,2.6173613514349236e-09
z,7.542807149102503,4.969712392145359e-10
z,7.5490563679501435,2.506727251089747e-09
z,7.555305586797784,1.038977828478856e-09
z,7.561554805645425,2.9660321149260644e-10
z,7.567804024493066,4.056941640227053e-10
z,7.574053243340707,2.1464082959966332e-10
z,7.580302462188348,1.5846998499249037e-10
z,7.5865516810359885,2.1828198325688768e-09
z,7.592800899883629,1.0185903084182388e-09
z,7.59905011873127,1.5033007483233103e-09
z,7.605299337578911,7.89660684272635e-10
z,7.611548556426552,4.2324730530589713e-10
z,7.617797775274193,4.094719180946759e-10
z,7.624046994121834,8.651164116320227e-11
z,7.6302962129694745,9.762855717105894e-11
z,7.636545431817115,9.517987141465658e-10
z,7.642794650664756,1.5136060308202807e-09
z,7.649043869512397,6.079731305731417e-10
z,7.655293088360038,3.987266464203626e-10
z,7.661542307207679,1.7256984109076333e-10
z,7.6677915260553196,6.388061425792887e-11
z,7.67404074490296,4.859336151364774e-10
z,7.680289963750601,8.494475957148043e-10
z,7.686539182598242,1.0134096423544182e-09
z,7.692788401445883,1.5579023333379104e-10
z,7.699037620293524,7.603930076010109e-11
z,7.705286839141165,4.6335864715660224e-10
z,7.7115360579888055,1.0506442608031454e-10
z,7.717785276836446,3.2966662441608594e-10
z,7.724034495684087,7.696042386949735e-10
z,7.730283714531728,3.2484737815477717e-10
z,7.736532933379369,3.2638990505489857e-10
z,7.74278215222701,2.157297497512541e-10
z,7.749031371074651,2.6559297242554115e-10
z,7.755280589922291,1.7019672379167173e-10
z,7.761529808769932,4.0445294663233484e-11
z,7.767779027617573,1.391804644147114e-10
z,7.774028246465214,1.0305955218108578e-10
z,7.780277465312855,2.2897282905058133e-10
z,7.786526684160496,1.0596393214562946e-09
z,7.7927759030081365,1.8794908561194726e-09
z,7.799025121855777,1.7036016175444492e-10
z,7.805274340703418,8.26318135637704e-11
z,7.811523559551059,2.2666356965906157e-09
z,7.8177727783987,5.939513189261287e-09
z,7.824021997246341,7.09159245804978e-08
z,7.830271216093982,2.597981115880724e-07
z,7.836520434941622,6.414233067958732e-08
z,7.842769653789263,3.5335869162518287e-09
z,7.849018872636904,1.6437881588540418e-09
z,7.855268091484545,1.3022099841975033e-10
z,7.861517310332186,3.177585230305916e-10
z,7.867766529179827,3.971566700563699e-10
z,7.8740157480274675,2.372600518618936e-10
z,7.880264966875108,1.2801368143998086e-10
z,7.886514185722749,9.461311361710512e-11
z,7.89276340457039,1.0161307490852937e-11
z,7.899012623418031,2.3816678410255537e-11
z,7.905261842265672,4.260532111393375e-11
z,7.911511061113313,1.013683197768544e-11
z,7.917760279960953,2.318902344609476e-11
z,7.924009498808594,3.517599427366109e-11
z,7.930258717656235,1.328665796006894e-11
z,7.936507936503876,3.0014016509688124e-11
z,7.942757155351517,6.3140716838142614e-12
z,7.949006374199158,2.238191399168763e-12
z,7.9552555930467985,6.724777538472113e-12
z,7.961504811894439,3.955230390450618e-12
z,7.96775403074208,4.591895553827076e-12
z,7.974003249589721,1.17805237200739e-11
z,7.980252468437362,1.0369266078943542e-11
z,7.986501687285003,3.893093016581287e-12
z,7.992750906132644,1.1162283570564961e-13
z,7.9990001249802845,3.855053475458534e-12
z,8.005249343827925,6.749048181160611e-12
z,8.011498562675566,7.563934818296464e-12
z,8.017747781523207,8.97091363454411e-12
z,8.023997000370848,6.3244847797988145e-12
z,8.030246219218489,1.6088070963355564e-12
z,8.03649543806613,3.765496245347232e-12
z,8.04274465691377,2.619216922422119e-12
z,8.048993875761411,3.3007095896797095e-12
z,8.055243094609052,5.903219681738931e-12
z,8.061492313456693,1.573434019876507e-11
z,8.067741532304334,1.4380808128690592e-11
z,8.073990751151975,1.8375503564622113e-11
z,8.080239969999615,3.3837700979106903e-12
z,8.086489188847256,5.547504900012457e-12
z,8.092738407694897,8.117886778327648e-15
z,8.098987626542538,7.40525297184428e-12
z,8.105236845390179,1.8868770550067707e-11
z,8.11148606423782,1.1701430965086239e-11
z,8.11773528308546,3.1604228079879697e-12
z,8.123984501933101,3.890008371124733e-11
z,8.130233720780742,5.281105374315735e-11
z,8.136482939628383,7.082573918302422e-13
z,8.142732158476024,8.434056749048604e-12
z,8.148981377323665,1.5051456740463953e-11
z,8.155230596171306,2.0848857340239038e-11
z,8.161479815018946,1.1305792710372563e-11
z,8.167729033866587,7.031988384437352e-12
z,8.173978252714228,1.2403557943807262e-11
z,8.180227471561869,2.0849504729605585e-11
z,8.18647669040951,7.773699648666001e-12
z,8.19272590925715,9.232383472004944e-14
z,8.198975128104792,3.0261564538916005e-12
z,8.205224346952432,1.7305984405948912e-12
z,8.211473565800073,2.335199926903846e-12
z,8.217722784647714,3.4302560726514433e-12
z,8.223972003495355,4.206100622248658e-12
z,8.230221222342996,1.0311995233548637e-11
z,8.236470441190637,6.627192558488301e-12
z,8.242719660038277,7.52272327244721e-12
z,8.248968878885918,1.070756423463293e-11
z,8.25521809773356,2.0906800634368606e-12
z,8.2614673165812,3.830859710970455e-12
z,8.26771653542884,6.0311480621611644e-12
z,8.273965754276482,4.842389765023454e-12
z,8.280214973124123,1.979139465567392e-12
z,8.286464191971763,6.653883214993988e-13
z,8.292713410819404,7.23553443627582e-12
z,8.298962629667045,2.5084597963764488e-11
z,8.305211848514686,4.342564242126919e-12
z,8.311461067362327,6.1021927151210735e-12
z,8.317710286209968,1.927224054542193e-11
z,8.323959505057609,5.281084579311265e-11
z,8.33020872390525,3.580128600492036e-11
z,8.33645794275289,1.4866459636961872e-11
z,8.342707161600531,2.4446932892390895e-12
z,8.348956380448172,4.255429947860266e-11
z,8.355205599295813,1.5785735437454258e-11
z,8.361454818143454,1.197610084778248e-11
z,8.367704036991094,2.934249517217746e-11
z,8.373953255838735,6.289008993075233e-11
z,8.380202474686376,6.355697955774256e-12
z,8.386451693534017,2.035219537389686e-11
z,8.392700912381658,3.913044721284224e-11
z,8.398950131229299,1.263758317515431e-10
z,8.40519935007694,1.6464128951221924e-10
z,8.41144856892458,5.353259354728939e-11
z,8.417697787772221,1.867947884504826e-11
z,8.423947006619862,3.392975910764612e-11
z,8.430196225467503,3.49787414150309e-12
z,8.436445444315144,8.33420402260347e-12
z,8.442694663162785,8.257415087799242e-12
z,8.448943882010425,3.393375970843587e-12
z,8.455193100858066,3.328830253918879e-12
z,8.461442319705707,1.5905022140385716e-11
z,8.467691538553348,9.880464698748766e-12
z,8.473940757400989,7.547784700407915e-12
z,8.48018997624863,2.0374952877469703e-11
z,8.48643919509627,2.227964205163392e-11
z,8.492688413943911,1.5157954342600636e-11
z,8.498937632791552,1.766504925844094e-11
z,8.505186851639193,1.681653683183234e-11
z,8.511436070486834,1.4218255481626394e-11
z,8.517685289334475,6.2644205194617184e-12
z,8.523934508182116,1.1810935075785377e-11
z,8.530183727029756,1.9194891251411857e-11
z,8.536432945877397,5.673235944697059e-11
z,8.542682164725038,1.3767533269398699e-10
z,8.548931383572679,6.810294087124825e-11
z,8.55518060242032,1.0378950801143163e-11
z,8.56142982126796,1.3719406510617702e-12
z,8.567679040115602,8.896335613333343e-11
z,8.573928258963242,1.3669267714775491e-10
z,8.580177477810883,5.5063379702484474e-11
z,8.586426696658524,1.0738836880468948e-11
z,8.592675915506165,1.4553983369650487e-12
z,8.598925134353806,4.039932860268807e-11
z,8.605174353201447,2.2251695234332728e-10
z,8.611423572049087,3.317666897980408e-11
z,8.617672790896728,2.2569693849804946e-10
z,8.62392200974437,1.6663286433138034e-10
z,8.63017122859201,3.4009815235037513e-11
z,8.63642044743965,1.0480125554403033e-10
z,8.642669666287292,4.0698720308444616e-11
z,8.648918885134933,7.002484829375862e-11
z,8.655168103982573,3.442266573967632e-10
z,8.661417322830214,5.847774481141717e-10
z,8.667666541677855,2.4486402925892515e-10
z,8.673915760525496,3.777951990815128e-10
z,8.680164979373137,1.9023872028206858e-10
z,8.686414198220778,1.9534180553584473e-10
z,8.692663417068418,3.149658629295067e-11
z,8.69891263591606,3.9284791417239133e-10
z,8.7051618547637,5.135914736802153e-10
z,8.711411073611341,8.661921412611179e-10
z,8.717660292458982,1.898140285331805e-09
z,8.723909511306623,8.751506994348879e-10
z,8.730158730154264,6.334779162073235e-10
z,8.736407949001904,2.466739554459927e-10
z,8.742657167849545,8.338742018426482e-10
z,8.748906386697186,1.604977497017597e-09
z,8.755155605544827,3.9993951289947655e-10
z,8.761404824392468,8.933225230753337e-11
z,8.767654043240109,2.5150588699547894e-10
z,8.77390326208775,5.75369929194906e-10
z,8.78015248093539,1.0606786959554804e-09
z,8.786401699783031,2.500163440908109e-10
z,8.792650918630672,9.711577375825498e-10
z,8.798900137478313,1.4407344480282506e-09
z,8.805149356325954,1.5933360152614306e-09
z,8.811398575173595,2.22075261385715e-09
z,8.817647794021235,3.2353506105772977e-09
z,8.823897012868876,1.3891256282197182e-09
z,8.830146231716517,1.1479672147201964e-10
z,8.836395450564158,6.616967574278292e-10
z,8.842644669411799,5.954414654168542e-10
z,8.84889388825944,6.169763972003465e-10
z,8.85514310710708,6.990805379824548e-10
z,8.861392325954721,8.706948462948007e-11
z,8.867641544802362,1.6613820020045822e-09
z,8.873890763650003,2.103004285088089e-09
z,8.880139982497644,2.798969423498841e-10
z,8.886389201345285,7.067997075199576e-10
z,8.892638420192926,1.354877568348226e-09
z,8.898887639040566,2.1881345579330895e-09
z,8.905136857888207,1.3878720987558791e-09
z,8.911386076735848,1.8599424534017393e-10
z,8.917635295583489,4.4689377359609196e-10
z,8.92388451443113,3.348139919517509e-11
z,8.93013373327877,8.775986389740779e-11
z,8.936382952126412,1.7228922342443682e-10
z,8.942632170974052,7.214810703684519e-11
z,8.948881389821693,3.9273226404399806e-10
z,8.955130608669334,3.947369939766175e-10
z,8.961379827516975,5.428990766149772e-10
z,8.967629046364616,2.2872150177602254e-11
z,8.973878265212257,1.2832151768169533e-10
z,8.980127484059897,2.6635396979515665e-10
z,8.986376702907538,1.328705206523996e-10
z,8.99262592175518,2.613912417970697e-11
z,8.99887514060282,7.662399049151297e-11
z,9.00512435945046,1.3697838183870131e-11
z,9.011373578298102,2.752979142561985e-10
z,9.017622797145743,1.4369032473187548e-10
z,9.023872015993383,5.68145357057498e-11
z,9.030121234841024,6.78060484129847e-12
z,9.036370453688665,2.480944975236798e-11
z,9.042619672536306,8.026422479559149e-11
z,9.048868891383947,1.117084001958678e-10
z,9.055118110231588,3.86306714814884e-11
z,9.061367329079228,1.7717850077507283e-11
z,9.06761654792687,6.488005315502714e-11
z,9.07386576677451,2.6275985274758275e-10
z,9.080114985622151,1.9751962057943988e-10
z,9.086364204469792,1.1217885916749279e-11
z,9.092613423317433,6.8002814432982604e-12
z,9.098862642165074,6.6288787678702335e-12
z,9.105111861012714,3.6754944625509216e-11
z,9.111361079860355,7.034346594306871e-11
z,9.117610298707996,6.361550529366072e-11
z,9.123859517555637,2.547549935775137e-11
z,9.130108736403278,2.1872403844530004e-11
z,9.136357955250919,3.917410319184691e-11
z,9.14260717409856,3.459579300806542e-11
z,9.1488563929462,1.7040118177434187e-11
z,9.155105611793841,4.084568446994707e-11
z,9.161354830641482,1.8558187703970757e-11
z,9.167604049489123,5.490892423940594e-12
z,9.173853268336764,2.381041985608226e-11
z,9.180102487184405,5.5079837599578877e-11
z,9.186351706032045,1.2492631971093414e-13
z,9.192600924879686,9.972592275184873e-11
z,9.198850143727327,1.4072403254869352e-10
z,9.205099362574968,1.977860753541235e-10
z,9.211348581422609,3.293845276571353e-10
z,9.21759780027025,3.0664921829225214e-10
z,9.22384701911789,2.596045129456479e-10
z,9.230096237965531,2.156310609817065e-11
z,9.236345456813172,1.0036500010454058e-11
z,9.242594675660813,1.25706111638124e-10
z,9.248843894508454,9.798541265069516e-11
z,9.255093113356095,7.94515281367048e-11
z,9.261342332203736,4.5173106921936647e-11
z,9.267591551051376,6.939645621768678e-11
z,9.273840769899017,8.80039975812292e-13
z,9.280089988746658,6.525938997163017e-11
z,9.286339207594299,1.9890256563929936e-10
z,9.29258842644194,1.773111612984934e-10
z,9.29883764528958,5.666351104662419e-11
z,9.305086864137222,1.7198842574178384e-11
z,9.311336082984862,4.2953778103651974e-11
z,9.317585301832503,2.633156747501598e-10
z,9.323834520680144,1.480803356080143e-10
z,9.330083739527785,3.135333880831998e-11
z,9.336332958375426,2.8701344907491364e-11
z,9.342582177223067,3.883187525734959e-11
z,9.348831396070707,5.939938990989555e-11
z,9.355080614918348,6.096126485374311e-11
z,9.36132983376599,3.6939890006838934e-11
z,9.36757905261363,2.1683213416637333e-12
z,9.37382827146127,1.9363215204247798e-11
z,9.380077490308912,4.3290678769544e-11
z,9.386326709156553,1.37429354188547e-10
z,9.392575928004193,4.362513689488448e-11
z,9.398825146851834,3.280157853860478e-11
z,9.405074365699475,9.29498522099455e-12
z,9.411323584547116,8.555093696624818e-12
z,9.417572803394757,2.1638175145575525e-11
z,9.423822022242398,1.886282520765312e-11
z,9.430071241090038,1.1677236322767264e-11
z,9.43632045993768,2.2137801036441557e-10
z,9.44256967878532,2.0071516853727778e-10
z,9.448818897632961,6.53703432508169e-11
z,9.455068116480602,5.17693734775547e-11
z,9.461317335328243,1.0215516259664859e-10
z,9.467566554175884,2.179168297644627e-10
z,9.473815773023524,1.7901364003349341e-10
z,9.480064991871165,5.26470301460522e-11
z,9.486314210718806,2.583041474594199e-10
z,9.492563429566447,4.0184889065982624e-10
z,9.498812648414088,9.27733209512755e-12
z,9.505061867261729,2.911549210205096e-10
z,9.51131108610937,1.3789107901743186e-10
z,9.51756030495701,2.453983334427126e-11
z,9.523809523804651,5.822435249063785e-11
z,9.530058742652292,3.2047548302586605e-11
z,9.536307961499933,3.0281187165531894e-13
z,9.542557180347574,1.9493670262034456e-10
z,9.548806399195215,1.5375087175869107e-10
z,9.555055618042855,1.4555231673684207e-10
z,9.561304836890496,1.216928750364767e-10
z,9.567554055738137,4.5083011286013756e-11
z,9.573803274585778,4.932770885428444e-11
z,9.580052493433419,1.533502506100968e-11
z,9.58630171228106,6.3633673162229415e-12
z,9.5925509311287,7.025749763015098e-11
z,9.598800149976341,1.8387471350768945e-10
z,9.605049368823982,8.25654150262498e-11
z,9.611298587671623,3.798899330014669e-11
z,9.617547806519264,2.2666107991603073e-11
z,9.623797025366905,2.6992453606784376e-12
z,9.630046244214546,4.635648490804819e-11
z,9.636295463062186,8.330945958050132e-11
z,9.642544681909827,1.2617198717851633e-10
z,9.648793900757468,3.2286782797073373e-11
z,9.655043119605109,3.3550943207133712e-12
z,9.66129233845275,4.464690785677395e-11
z,9.66754155730039,1.7529214874295546e-11
z,9.673790776148032,2.2868300319396308e-11
z,9.680039994995672,7.783755892330147e-11
z,9.686289213843313,4.3785273370073604e-11
z,9.692538432690954,2.6380977970658494e-11
z,9.698787651538595,2.4674281703743442e-11
z,9.705036870386236,2.700685985023514e-11
z,9.711286089233877,1.6522633743305658e-11
z,9.717535308081517,5.838881705767267e-12
z,9.723784526929158,1.1671289308630261e-11
z,9.7300337457768,9.912550440127092e-12
z,9.73628296462444,1.379068570969005e-11
z,9.74253218347208,6.663379483033403e-11
z,9.748781402319722,1.773712375117091e-10
z,9.755030621167363,4.5373635726851784e-11
z,9.761279840015003,7.139405916470522e-12
z,9.767529058862644,1.2906412607365408e-10
z,9.773778277710285,3.8930328451675663e-10
z,9.780027496557926,1.8967583934985563e-09
z,9.786276715405567,1.233538483416719e-08
z,9.792525934253208,6.178261371303911e-09
z,9.798775153100848,2.6622131175527776e-10
z,9.80502437194849,1.97045370359293e-10
z,9.81127359079613,1.5598737419956027e-11
z,9.817522809643771,2.4439388207960696e-11
z,9.823772028491412,2.377158168478193e-11
z,9.830021247339053,1.8384754098201893e-11
z,9.836270466186694,1.036460947269675e-11
z,9.842519685034334,9.545213909759966e-12
z,9.848768903881975,1.6349053156670355e-12
z,9.855018122729616,1.0339944323694115e-12
z,9.861267341577257,3.6186821934956435e-12
z,9.867516560424898,8.836354513259858e-13
z,9.873765779272539,1.0761624622172352e-12
z,9.88001499812018,2.8355349092730074e-12
z,9.88626421696782,1.0924731398531809e-12
z,9.892513435815461,2.2193850835410707e-12
z,9.898762654663102,8.541800760984284e-13
z,9.905011873510743,1.8779897192328566e-13
z,9.911261092358384,4.59069653763119e-13
z,9.917510311206025,4.643619878717783e-13
z,9.923759530053665,7.076047997371846e-13
z,9.930008748901306,1.538813192601497e-12
z,9.936257967748947,1.7203315073939981e-12
z,9.942507186596588,7.755716110895515e-13
z,9.948756405444229,7.0070468560689735e-15
z,9.95500562429187,7.608262407424305e-13
z,9.96125484313951,1.5481765730584248e-12
z,9.967504061987151,2.004933138852932e-12
z,9.973753280834792,1.858658123930256e-12
z,9.980002499682433,1.7885534215650009e-12
z,9.986251718530074,2.827374748181597e-13
z,9.992500937377715,1.0901935221208838e-12
z,9.998750156225356,5.7444586369627e-13
z,10.004999375072996,9.170697774303967e-13
z,10.011248593920637,1.2114392025144421e-12
z,10.017497812768278,3.776759467967144e-12
z,10.023747031615919,3.955752129462002e-12
z,10.02999625046356,4.5828407170604486e-12
z,10.0362454693112,1.4192602861079907e-12
z,10.042494688158841,1.6644876525059198e-12
z,10.048743907006482,3.523109538790521e-13
z,10.054993125854123,1.1717264996411039e-12
z,10.061242344701764,4.276894542787135e-12
z,10.067491563549405,3.613252678269377e-12
z,10.073740782397046,7.644008149762678e-13
z,10.079990001244687,6.6545156820592895e-12
z,10.086239220092327,1.5304219791899273e-11
z,10.092488438939968,1.670133340128794e-12
z,10.09873765778761,1.8506595677828373e-12
z,10.10498687663525,2.8435714659176766e-12
z,10.11123609548289,5.6546458916048935e-12
z,10.117485314330532,3.8733061758754875e-12
z,10.123734533178173,1.721319442213472e-12
z,10.129983752025813,2.4722808587236274e-12
z,10.136232970873454,4.582330061526993e-12
z,10.142482189721095,2.886071244392288e-12
z,10.148731408568736,1.943967570763523e-13
z,10.154980627416377,4.0394739023438614e-13
z,10.161229846264018,5.743040170353144e-13
z,10.167479065111658,4.415338355301872e-13
z,10.1737282839593,8.543971698557664e-13
z,10.17997750280694,8.494054119038186e-13
z,10.186226721654581,1.617381250922381e-12
z,10.192475940502222,1.8216186843821783e-12
z,10.198725159349863,1.0573099150270459e-12
z,10.204974378197504,3.097342390279697e-12
z,10.211223597045144,7.383600642807901e-13
z,10.217472815892785,4.853792710644693e-13
z,10.223722034740426,9.501214394599108e-13
z,10.229971253588067,9.640781729104974e-13
z,10.236220472435708,5.42663427749184e-13
z,10.242469691283349,1.3798621045846679e-13
z,10.24871891013099,5.5491194884474e-13
z,10.25496812897863,3.576898936183384e-12
z,10.261217347826271,1.5087093454375526e-12
z,10.267466566673912,6.026454652594756e-13
z,10.273715785521553,2.3287002182366043e-12
z,10.279965004369194,6.921549034719133e-12
z,10.286214223216835,6.383951232295887e-12
z,10.292463442064475,2.327086320568951e-12
z,10.298712660912116,6.107009416017183e-13
z,10.304961879759757,4.055074255950674e-12
z,10.311211098607398,4.6386338870145215e-12
z,10.317460317455039,5.795276547288301e-13
z,10.32370953630268,3.2510923037427537e-12
z,10.32995875515032,8.31526561219329e-12
z,10.336207973997961,1.169215766476006e-12
z,10.342457192845602,3.78178530927842e-12
z,10.348706411693243,2.7209126068734147e-12
z,10.354955630540884,1.1674683381915052e-11
z,10.361204849388525,1.9166843878033854e-11
z,10.367454068236166,9.138515619896228e-12
z,10.373703287083806,1.1975950791556993e-12
z,10.379952505931447,3.5779264105332414e-12
z,10.386201724779088,1.0694610649265723e-12
z,10.392450943626729,3.537947916391305e-13
z,10.39870016247437,9.81208868418947e-13
z,10.40494938132201,3.363442277347261e-13
z,10.411198600169651,8.515444749988603e-14
z,10.417447819017292,1.5245009498267937e-12
z,10.423697037864933,1.250279004189688e-12
z,10.429946256712574,7.053158655154507e-13
z,10.436195475560215,1.6337493453212986e-12
z,10.442444694407856,2.497320215738762e-12
z,10.448693913255497,1.436398258782441e-12
z,10.454943132103137,1.4326848856503093e-12
z,10.461192350950778,1.296822536047325e-12
z,10.467441569798419,1.1598376161101543e-12
z,10.47369078864606,6.776995260670979e-13
z,10.4799400074937,8.626284261125817e-13
z,10.486189226341342,2.477847230216018e-12
z,10.492438445188982,3.013225120369194e-12
z,10.498687664036623,1.1410066642110415e-11
z,10.504936882884264,8.542972970747594e-12
z,10.511186101731905,1.7987008909132288e-12
z,10.517435320579546,5.075869539980731e-13
z,10.523684539427187,5.118284098409099e-12
z,10.529933758274828,1.55443998198695e-11
z,10.536182977122468,8.045223356927107e-12
z,10.54243219597011,2.0582718411022893e-12
z,10.54868141481775,1.6647505160182002e-13
z,10.554930633665391,1.3806804503436675e-12
z,10.561179852513032,1.7114261317379915e-11
z,10.567429071360673,7.296825411037773e-12
z,10.573678290208314,1.559033407479712e-11
z,10.579927509055954,2.3703156384879038e-11
z,10.586176727903595,4.2493367156173e-12
z,10.592425946751236,5.899739558814854e-12
z,10.598675165598877,7.043334825655899e-12
z,10.604924384446518,4.7652803262622456e-12
z,10.611173603294159,2.1622862433566043e-11
z,10.6174228221418,6.011285244500031e-11
z,10.62367204098944,2.533330815486669e-11
z,10.629921259837081,4.16194452371758e-11
z,10.636170478684722,1.783686247881852e-11
z,10.642419697532363,2.513484741769326e-11
z,10.648668916380004,5.026477998704307e-13
z,10.654918135227645,2.6779879003145782e-11
z,10.661167354075285,6.483647118969797e-11
z,10.667416572922926,4.708895363090505e-11
z,10.673665791770567,1.780474571902496e-10
z,10.679915010618208,1.0076306828995058e-10
z,10.686164229465849,5.8997035612901e-11
z,10.69241344831349,3.763482684237962e-11
z,10.69866266716113,4.2791891340457596e-11
z,10.704911886008771,1.6279053293897305e-10
z,10.711161104856412,6.757212760921008e-11
z,10.717410323704053,7.578744630784708e-12
z,10.723659542551694,2.681585917007736e-11
z,10.729908761399335,1.9726592691389457e-11
z,10.736157980246976,1.2410276910199595e-10
z,10.742407199094616,1.91228950197159e-11
z,10.748656417942257,8.89136216825993e-11
z,10.754905636789898,1.2089753507636115e-10
z,10.761154855637539,1.319578932465096e-10
z,10.76740407448518,1.8735518864133844e-10
z,10.77365329333282,3.111694972867935e-10
z,10.779902512180461,2.157893835068132e-10
z,10.786151731028102,1.7271964678513013e-11
z,10.792400949875743,4.3749475453377595e-11
z,10.798650168723384,7.050787239977973e-11
z,10.804899387571025,4.133276675493688e-11
z,10.811148606418666,9.054328679949281e-11
z,10.817397825266307,1.5323836927616178e-11
z,10.823647044113947,1.0892000382225283e-10
z,10.829896262961588,2.557434002260767e-10
z,10.836145481809229,6.358673900598563e-11
z,10.84239470065687,4.833267903751255e-11
z,10.84864391950451,1.1598224073231773e-10
z,10.854893138352152,2.0524298464259836e-10
z,10.861142357199792,1.7110697498556074e-10
z,10.867391576047433,1.9680094631393656e-11
z,10.873640794895074,4.8779179741391737e-11
z,10.879890013742715,9.754055511244335e-12
z,10.886139232590356,2.7243945235741535e-12
z,10.892388451437997,1.7861691609760076e-11
z,10.898637670285638,1.9799539563647244e-12
z,10.904886889133278,3.5860627723105465e-11
z,10.91113610798092,3.3374160045074856e-11
z,10.91738532682856,5.5405029670519486e-11
z,10.923634545676201,8.898992989941279e-12
z,10.929883764523842,1.0895170102589868e-11
z,10.936132983371483,2.480742428701233e-11
z,10.942382202219123,1.8407714745203404e-11
z,10.948631421066764,2.406673618128605e-12
z,10.954880639914405,6.066486646861138e-12
z,10.961129858762046,5.32773100879436e-13
z,10.967379077609687,1.971826746934165e-11
z,10.973628296457328,1.834156351931055e-11
z,10.979877515304969,7.124558726815261e-12
z,10.98612673415261,2.0468662851747125e-12
z,10.99237595300025,1.958121480036728e-12
z,10.998625171847891,6.253602307414219e-12
z,11.004874390695532,1.1321415465512986e-11
z,11.011123609543173,6.042135283809942e-12
z,11.017372828390814,2.7819825989589073e-12
z,11.023622047238455,4.6700836752935045e-12
z,11.029871266086095,1.937033719199773e-11
z,11.036120484933736,2.4848950148090938e-11
z,11.042369703781377,3.319373394776903e-12
z,11.048618922629018,9.82295275947995e-13
z,11.054868141476659,9.478389993834998e-13
z,11.0611173603243,2.570258844406343e-12
z,11.06736657917194,6.44820070280131e-12
z,11.073615798019581,7.810344667202368e-12
z,11.079865016867222,3.0017279935752486e-12
z,11.086114235714863,1.789865371960207e-12
z,11.092363454562504,3.6194750961187876e-12
z,11.098612673410145,4.260112030209365e-12
z,11.104861892257786,2.0837778835817515e-12
z,11.111111111105426,3.4246110945966035e-12
z,11.117360329953067,3.4737718954627406e-12
z,11.123609548800708,1.2808356215155404e-13
z,11.129858767648349,1.6238086343466065e-12
z,11.13610798649599,5.528740602277757e-12
z,11.14235720534363,7.437868890828467e-13
z,11.148606424191271,6.5788009688003095e-12
z,11.154855643038912,1.519557068006681e-11
z,11.161104861886553,1.7032751481130194e-11
z,11.167354080734194,3.0407414233219207e-11
z,11.173603299581835,2.8459902653432352e-11
z,11.179852518429476,2.966954223271157e-11
z,11.186101737277117,6.558108653189244e-12
z,11.192350956124757,2.195705425999389e-12
z,11.198600174972398,6.096119667677451e-12
z,11.204849393820039,1.5556407094499966e-11
z,11.21109861266768,4.6396345642013206e-12
z,11.21734783151532,8.042440609028444e-12
z,11.223597050362962,5.226507467013888e-12
z,11.229846269210602,1.366373305816816e-12
z,11.236095488058243,3.885737426518779e-12
z,11.242344706905884,1.73828767317983e-11
z,11.248593925753525,2.1225265643152027e-11
z,11.254843144601166,6.680058259903598e-12
z,11.261092363448807,2.6183954646056775e-12
z,11.267341582296448,1.6614613467973625e-12
z,11.273590801144088,2.5927306061698753e-11
z,11.27984001999173,2.3160507743167868e-11
z,11.28608923883937,5.1964195490760675e-12
z,11.292338457687011,4.008600437650005e-12
z,11.298587676534652,4.196898032803044e-12
z,11.304836895382293,6.081828611581931e-12
z,11.311086114229933,6.667156586299369e-12
z,11.317335333077574,5.614342561507618e-12
z,11.323584551925215,1.2905852038814895e-13
z,11.329833770772856,3.0118786300037948e-12
z,11.336082989620497,1.2768311761880628e-12
z,11.342332208468138,1.58048138932671e-11
z,11.348581427315779,6.586562422603877e-12
z,11.35483064616342,3.946378358441425e-12
z,11.36107986501106,1.5867392207212893e-12
z,11.367329083858701,5.545534368864228e-13
z,11.373578302706342,2.404523390111509e-12
z,11.379827521553983,2.188780690622928e-12
z,11.386076740401624,4.1984056208278524e-14
z,11.392325959249264,1.959650523428346e-11
z,11.398575178096905,2.9301055918352324e-11
z,11.404824396944546,1.1003245585637936e-11
z,11.411073615792187,5.328051417715145e-12
z,11.417322834639828,9.612632658209655e-12
z,11.423572053487469,2.4045016481886825e-11
z,11.42982127233511,2.4315753789825046e-11
z,11.43607049118275,1.2986208794354538e-11
z,11.442319710030391,1.5124638229412605e-11
z,11.448568928878032,5.559314977258778e-11
z,11.454818147725673,3.665343438920665e-12
z,11.461067366573314,3.22506536091473e-11
z,11.467316585420955,2.2420993294412343e-11
z,11.473565804268596,3.2898224755518284e-12
z,11.479815023116236,6.912310391519779e-12
z,11.486064241963877,5.479969840133385e-12
z,11.492313460811518,1.0530494488630672e-12
z,11.498562679659159,1.5218029101924394e-11
z,11.5048118985068,2.6359247355868546e-11
z,11.51106111735444,1.476683759881743e-11
z,11.517310336202081,1.9191052615274327e-11
z,11.523559555049722,6.705174723453664e-12
z,11.529808773897363,6.028921788788062e-12
z,11.536057992745004,2.9408976290646346e-12
z,11.542307211592645,6.495342517472373e-13
z,11.548556430440286,5.17790385236086e-12
z,11.554805649287927,2.262383243023384e-11
z,11.561054868135567,1.3961613280878817e-11
z,11.567304086983208,4.286224172914119e-12
z,11.573553305830849,2.8478943354853826e-12
z,11.57980252467849,2.320670825141155e-13
z,11.58605174352613,4.734472242374568e-12
z,11.592300962373772,9.377070201573273e-12
z,11.598550181221412,1.624008441821695e-11
z,11.604799400069053,7.372078467820854e-12
z,11.611048618916694,2.40732525500372e-13
z,11.617297837764335,3.800059887842036e-12
z,11.623547056611976,3.359617268266439e-12
z,11.629796275459617,2.1669872348862804e-12
z,11.636045494307258,7.807470534841638e-12
z,11.642294713154898,6.481451288848622e-12
z,11.64854393200254,2.9341285213921965e-12
z,11.65479315085018,2.997376091995117e-12
z,11.661042369697821,2.7205028919587164e-12
z,11.667291588545462,2.25824414171289e-12
z,11.673540807393103,8.663597274216955e-13
z,11.679790026240743,8.289998634143674e-13
z,11.686039245088384,1.4315413769918961e-12
z,11.692288463936025,1.0165147337334506e-12
z,11.698537682783666,4.254856775680091e-12
z,11.704786901631307,1.685652176170398e-11
z,11.711036120478948,9.470191303159607e-12
z,11.717285339326589,6.540485849035529e-13
z,11.72353455817423,6.289255489973903e-12
z,11.72978377702187,2.822400476404797e-11
z,11.736032995869511,7.763789746807381e-11
z,11.742282214717152,6.013436847220691e-10
z,11.748531433564793,5.850884254419149e-10
z,11.754780652412434,3.817188952082784e-11
z,11.761029871260074,2.0946822606959976e-11
z,11.767279090107715,2.900697963762168e-12
z,11.773528308955356,1.8718397240622022e-12
z,11.779777527802997,1.6687803381722794e-12
z,11.786026746650638,1.4631786844311307e-12
z,11.792275965498279,8.699422239994444e-13
z,11.79852518434592,1.0837956500072184e-12
z,11.80477440319356,3.181803569194086e-13
z,11.811023622041201,6.517661090648366e-14
z,11.817272840888842,3.523690771327496e-13
z,11.823522059736483,1.369775710552471e-13
z,11.829771278584124,8.28058541205311e-14
z,11.836020497431765,3.2312177559408027e-13
z,11.842269716279406,1.916458312459213e-13
z,11.848518935127046,2.965595783490395e-13
z,11.854768153974687,2.272680488670458e-13
z,11.861017372822328,2.533048170641949e-14
z,11.867266591669969,5.203488866143614e-14
z,11.87351581051761,8.056049735262844e-14
z,11.87976502936525,1.7708705596492003e-13
z,11.886014248212891,2.841793313870531e-13
z,11.892263467060532,3.7738543055592166e-13
z,11.898512685908173,2.059335909713551e-13
z,11.904761904755814,6.857920681659162e-15
z,11.911011123603455,1.4949732468924779e-13
z,11.917260342451096,3.548871161390553e-13
z,11.923509561298737,5.012143748780971e-13
z,11.929758780146377,4.139508492085915e-13
z,11.936007998994018,4.2041570304118807e-13
z,11.942257217841659,8.702013109571338e-14
z,11.9485064366893,2.440936473013234e-13
z,11.95475565553694,1.5384760552286187e-13
z,11.961004874384582,1.7636125372175725e-13
z,11.967254093232222,2.3475545909184105e-13
z,11.973503312079863,7.091118087764796e-13
z,11.979752530927504,9.948526442057786e-13
z,11.986001749775145,9.59869985667706e-13
z,11.992250968622786,4.814867187980747e-13
z,11.998500187470427,3.198472560146593e-13
z,12.004749406318068,2.9641124887662265e-13
z,12.010998625165708,1.1022023997218516e-13
z,12.01724784401335,7.55477946772918e-13
z,12.02349706286099,9.280039105894708e-13
z,12.029746281708631,1.826761679876143e-13
z,12.035995500556272,9.63305109366794e-13
z,12.042244719403913,3.2464974412807624e-12
z,12.048493938251553,1.0315058775208878e-12
z,12.054743157099194,2.8613240489620204e-13
z,12.060992375946835,4.791908194478991e-13
z,12.067241594794476,1.1699496800681355e-12
z,12.073490813642117,1.1513450261990414e-12
z,12.079740032489758,4.2440189449675883e-13
z,12.085989251337399,4.554073389212745e-13
z,12.09223847018504,8.584038531669011e-13
z,12.09848768903268,8.087139860604286e-13
z,12.104736907880321,1.334048140994409e-13
z,12.110986126727962,2.801089006222243e-14
z,12.117235345575603,1.561762655792287e-13
z,12.123484564423244,7.31190804385425e-14
z,12.129733783270884,1.9085151163902704e-13
z,12.135983002118525,1.8650173337393776e-13
z,12.142232220966166,2.5755566532877184e-13
z,12.148481439813807,4.1714348093043905e-13
z,12.154730658661448,1.4669689864902314e-13
z,12.160979877509089,7.616850227766007e-13
z,12.16722909635673,3.204306481271533e-13
z,12.17347831520437,6.85093066989501e-14
z,12.179727534052011,1.4694222224160098e-13
z,12.185976752899652,1.9770723814499998e-13
z,12.192225971747293,1.453436987072971e-13
z,12.198475190594934,4.09344565191967e-14
z,12.204724409442575,5.181476829028089e-14
z,12.210973628290215,5.244378222527996e-13
z,12.217222847137856,4.76180894332418e-13
z,12.223472065985497,6.947897095695739e-14
z,12.229721284833138,3.8204876780562643e-13
z,12.235970503680779,1.1099560031823368e-12
z,12.24221972252842,1.437002308671119e-12
z,12.24846894137606,5.109919518061861e-13
z,12.254718160223701,1.7868714898835813e-13
z,12.260967379071342,4.1403259783968383e-13
z,12.267216597918983,1.2403432244030214e-12
z,12.273465816766624,7.91967469141942e-15
z,12.279715035614265,6.132521777310413e-13
z,12.285964254461906,1.3190287511450789e-12
z,12.292213473309547,4.654421073501575e-13
z,12.298462692157187,6.795985525719755e-13
z,12.304711911004828,4.757442085008007e-13
z,12.310961129852469,1.3955908145425928e-12
z,12.31721034870011,2.9482226279216553e-12
z,12.32345956754775,2.0533150583824387e-12
z,12.329708786395392,1.5830085515530987e-13
z,12.335958005243032,4.727984679960936e-13
z,12.342207224090673,2.8485378465773856e-13
z,12.348456442938314,6.678411295729463e-15
z,12.354705661785955,1.2985597782076176e-13
z,12.360954880633596,6.215114916366794e-14
z,12.367204099481237,7.005171964133262e-15
z,12.373453318328878,1.5599359265219625e-13
z,12.379702537176518,2.0662848119050982e-13
z,12.38595175602416,1.1311316544764536e-13
z,12.3922009748718,1.716888713684837e-13
z,12.398450193719441,3.424755082998494e-13
z,12.404699412567082,2.047053293521711e-13
z,12.410948631414723,1.5083212629909035e-13
z,12.417197850262363,1.2843626907571754e-13
z,12.423447069110004,1.171243581283031e-13
z,12.429696287957645,7.804258803061566e-14
z,12.435945506805286,7.739013527217582e-14
z,12.442194725652927,3.168044184841544e-13
z,12.448443944500568,2.5469957355458223e-13
z,12.454693163348209,1.0177444878239923e-12
z,12.46094238219585,1.169415841812497e-12
z,12.46719160104349,3.479334916195963e-13
z,12.473440819891131,1.4436721610712538e-13
z,12.479690038738772,2.302372626748526e-13
z,12.485939257586413,1.8578673931531318e-12
z,12.492188476434054,1.3185979849287455e-12
z,12.498437695281694,4.1693255012351263e-13
z,12.504686914129335,4.5694510617393216e-14
z,12.510936132976976,5.0012927590837876e-14
z,12.517185351824617,1.2502560112125593e-12
z,12.523434570672258,1.4116273854574696e-12
z,12.529683789519899,8.554303989570828e-13
z,12.53593300836754,3.3310652687490316e-12
z,12.54218222721518,8.553814448043218e-13
z,12.548431446062821,3.068066938023726e-13
z,12.554680664910462,9.301816844984604e-13
z,12.560929883758103,3.259652391386483e-13
z,12.567179102605744,1.7530822159833273e-12
z,12.573428321453385,5.843340033095815e-12
z,12.579677540301025,3.818623682047685e-12
z,12.585926759148666,4.164544354095173e-12
z,12.592175977996307,2.8205012282869216e-12
z,12.598425196843948,2.771046871202599e-12
z,12.604674415691589,1.6805666397967888e-13
z,12.61092363453923,1.893913386086996e-12
z,12.61717285338687,7.508331668886815e-12
z,12.623422072234511,3.894317184194801e-12
z,12.629671291082152,1.5924271240533587e-11
z,12.635920509929793,1.319736837799239e-11
z,12.642169728777434,6.2088370327201045e-12
z,12.648418947625075,5.1181981972216695e-12
z,12.654668166472716,2.387473225978769e-12
z,12.660917385320356,1.585590404793085e-11
z,12.667166604167997,1.0562271001946732e-11
z,12.673415823015638,1.855916111038864e-12
z,12.679665041863279,2.3824998524648224e-12
z,12.68591426071092,3.8759084907103826e-13
z,12.69216347955856,1.2620209691166838e-11
z,12.698412698406202,2.7077225195812092e-12
z,12.704661917253842,8.916523213384822e-12
z,12.710911136101483,1.1674607785680868e-11
z,12.717160354949124,1.183456251557072e-11
z,12.723409573796765,1.6610723547324705e-11
z,12.729658792644406,3.0250896392347435e-11
z,12.735908011492047,3.1160104145591595e-11
z,12.742157230339688,4.000801048836391e-12
z,12.748406449187328,4.038233494321925e-12
z,12.75465566803497,7.436390269745342e-12
z,12.76090488688261,2.799517284060615e-12
z,12.767154105730251,1.0792796344970045e-11
z,12.773403324577892,3.835653509814605e-12
z,12.779652543425533,6.347825433981397e-12
z,12.785901762273173,2.9170212889320515e-11
z,12.792150981120814,1.3717478187965808e-11
z,12.798400199968455,3.224207640165453e-12
z,12.804649418816096,1.0255819586086606e-11
z,12.810898637663737,2.0836812712960525e-11
z,12.817147856511378,2.052619957504732e-11
z,12.823397075359019,3.955395667952624e-12
z,12.82964629420666,4.640261054112516e-12
z,12.8358955130543,2.2151337451817277e-12
z,12.842144731901941,2.992081421393172e-14
z,12.848393950749582,1.5189359897479123e-12
z,12.854643169597223,2.5735897201111815e-13
z,12.860892388444864,2.829307857806943e-12
z,12.867141607292504,3.852460102878332e-12
z,12.873390826140145,4.989985346520303e-12
z,12.879640044987786,2.1978973826156454e-12
z,12.885889263835427,8.498089790620146e-13
z,12.892138482683068,2.4705357322210247e-12
z,12.898387701530709,2.403340856621142e-12
z,12.90463692037835,4.310966130863125e-13
z,12.91088613922599,4.3375863170416495e-13
z,12.917135358073631,2.2126359785723165e-13
z,12.923384576921272,1.1536570179757132e-12
z,12.929633795768913,2.219576066145683e-12
z,12.935883014616554,8.580766716788743e-13
z,12.942132233464195,4.484457945712641e-13
z,12.948381452311835,1.8888236898521048e-13
z,12.954630671159476,5.602592756095301e-13
z,12.960879890007117,1.1020544027403945e-12
z,12.967129108854758,8.715587021009897e-13
z,12.973378327702399,4.654634075377137e-13
z,12.97962754655004,5.034508268173014e-13
z,12.98587676539768,1.319523785150113e-12
z,12.992125984245321,2.826911601750269e-12
z,12.998375203092962,7.212743060555383e-13
z,13.004624421940603,1.5110913325073508e-13
z,13.010873640788244,1.755842584282256e-13
z,13.017122859635885,1.9592912758270085e-13
z,13.023372078483526,5.752632074655727e-13
z,13.029621297331166,9.685247808349257e-13
z,13.035870516178807,4.197496083599488e-13
z,13.042119735026448,1.7016166673453898e-13
z,13.048368953874089,3.403804971976851e-13
z,13.05461817272173,5.00508504989193e-13
z,13.06086739156937,3.189028943044623e-13
z,13.067116610417012,3.059088571929439e-13
z,13.073365829264652,4.975764908685935e-13
z,13.079615048112293,1.3961977939741886e-14
z,13.085864266959934,1.235573972441893e-13
z,13.092113485807575,4.873776762709196e-13
z,13.098362704655216,2.504821705054551e-13
z,13.104611923502857,3.285806411638861e-13
z,13.110861142350497,1.6033092323757406e-12
z,13.117110361198138,1.6352208334198418e-12
z,13.12335958004578,2.8818800171957224e-12
z,13.12960879889342,2.838505200872752e-12
z,13.13585801774106,3.09916621846948e-12
z,13.142107236588702,1.413294733791185e-12
z,13.148356455436343,3.1242276959454366e-13
z,13.154605674283983,1.798133956822414e-13
z,13.160854893131624,1.9377939015700904e-12
z,13.167104111979265,3.0473369172352273e-13
z,13.173353330826906,1.1941042851745768e-12
z,13.179602549674547,3.197258753729084e-13
z,13.185851768522188,3.6525925604430216e-13
z,13.192100987369829,1.7807488309464554e-13
z,13.19835020621747,1.4589042104103592e-12
z,13.20459942506511,2.5242393688886057e-12
z,13.210848643912751,8.943667628767595e-13
z,13.217097862760392,3.5078257621957317e-13
z,13.223347081608033,3.428792651874427e-14
z,13.229596300455674,2.3719821527666822e-12
z,13.235845519303314,3.422019159922325e-12
z,13.242094738150955,9.43721908486606e-13
z,13.248343956998596,5.982111747540237e-13
z,13.254593175846237,5.423973108061028e-13
z,13.260842394693878,6.669145995620912e-13
z,13.267091613541519,7.43292759279215e-13
z,13.27334083238916,7.438040703774575e-13
z,13.2795900512368,1.6259803186693637e-13
z,13.285839270084441,3.1407412748584975e-13
z,13.292088488932082,3.198772150885023e-14
z,13.298337707779723,1.6069323988060204e-12
z,13.304586926627364,1.0635037102792822e-12
z,13.310836145475005,4.811889659953158e-13
z,13.317085364322645,3.0022039417851003e-13
z,13.323334583170286,4.2179298034807834e-14
z,13.329583802017927,2.4448730582822756e-13
z,13.335833020865568,2.179053334449113e-13
z,13.342082239713209,1.0319971680293746e-13
z,13.34833145856085,1.4616121817355925e-12
z,13.35458067740849,4.1171018508848306e-12
z,13.360829896256131,2.0536299347394777e-12
z,13.367079115103772,6.516196090721155e-13
z,13.373328333951413,9.911783452058947e-13
z,13.379577552799054,2.6173354901226477e-12
z,13.385826771646695,3.4099331751759193e-12
z,13.392075990494336,2.477878035405538e-12
z,13.398325209341976,7.825614394446524e-13
z,13.404574428189617,6.661980311519201e-12
z,13.410823647037258,1.973490706885229e-12
z,13.417072865884899,2.907286253275272e-12
z,13.42332208473254,4.024668892176042e-12
z,13.42957130358018,6.042481988593743e-13
z,13.435820522427822,6.21985146608538e-13
z,13.442069741275462,1.0037738451155056e-12
z,13.448318960123103,4.394275067830261e-13
z,13.454568178970744,8.594234323588886e-13
z,13.460817397818385,4.191498722345195e-12
z,13.467066616666026,1.7842752028217704e-12
z,13.473315835513667,2.8367089587387594e-12
z,13.479565054361307,1.2467140510465587e-12
z,13.485814273208948,7.441687045910635e-13
z,13.49206349205659,5.261763027154848e-13
z,13.49831271090423,1.0719675817857048e-13
z,13.50456192975187,3.6893133976311753e-13
z,13.510811148599512,2.6199405965966552e-12
z,13.517060367447153,2.4953168285701924e-12
z,13.523309586294793,6.023702598354259e-13
z,13.529558805142434,3.314582889201198e-13
z,13.535808023990075,5.637909064847881e-14
z,13.542057242837716,4.767286669658654e-13
z,13.548306461685357,1.14462920396779e-12
z,13.554555680532998,2.07514301130055e-12
z,13.560804899380638,1.5446855638504887e-12
z,13.56705411822828,5.899228602082079e-14
z,13.57330333707592,2.5895984547138063e-13
z,13.579552555923561,5.961184046221066e-13
z,13.585801774771202,2.532521112469041e-13
z,13.592050993618843,7.450010145134529e-13
z,13.598300212466484,9.536970024882832e-13
z,13.604549431314124,4.4621925207016944e-13
z,13.610798650161765,3.458100512357951e-13
z,13.617047869009406,2.6570047987629604e-13
z,13.623297087857047,3.5730518510436713e-13
z,13.629546306704688,1.1382324357076e-13
z,13.635795525552329,4.130588677161141e-14
z,13.64204474439997,2.2020113370016676e-13
z,13.64829396324761,9.254221685717767e-14
z,13.654543182095251,2.5864127496370803e-13
z,13.660792400942892,1.5034061119856174e-12
z,13.667041619790533,1.5928221623308247e-12
z,13.673290838638174,1.9353225023473434e-14
z,13.679540057485815,3.334527036189874e-13
z,13.685789276333455,2.058997488854919e-12
z,13.692038495181096,5.357447634151911e-12
z,13.698287714028737,2.7091494084995238e-11
z,13.704536932876378,5.005688014816993e-11
z,13.710786151724019,6.719109736271305e-12
z,13.71703537057166,1.869052161638195e-12
z,13.7232845894193,5.040507497661723e-13
z,13.729533808266941,1.2627102102809313e-13
z,13.735783027114582,1.3486427417754918e-13
z,13.742032245962223,1.1403497754038207e-13
z,13.748281464809864,7.32611140157693e-14
z,13.754530683657505,1.3606975775488294e-13
z,13.760779902505146,7.122666463352616e-14
z,13.767029121352786,7.57366532433901e-15
z,13.773278340200427,4.210300656959496e-14
z,13.779527559048068,3.104346080766336e-14
z,13.785776777895709,9.99887408026693e-15
z,13.79202599674335,4.933931292256239e-14
z,13.79827521559099,4.714710828922164e-14
z,13.804524434438632,4.782485363716002e-14
z,13.810773653286272,6.84104961633182e-14
z,13.817022872133913,3.114002679398758e-15
z,13.823272090981554,8.51360841790671e-15
z,13.829521309829195,1.4771230437764815e-14
z,13.835770528676836,3.8075932143710774e-14
z,13.842019747524477,5.3581249273517065e-14
z,13.848268966372117,7.879358402978324e-14
z,13.854518185219758,5.1795476059672144e-14
z,13.8607674040674,5.541424283775702e-15
z,13.86701662291504,2.329569123575776e-14
z,13.87326584176268,7.034484935710856e-14
z,13.879515060610322,1.0481118731298018e-13
z,13.885764279457963,9.209545540968583e-14
z,13.892013498305603,7.997547537337529e-14
z,13.898262717153244,3.1074275204039145e-14
z,13.904511936000885,3.750504826493127e-14
z,13.910761154848526,4.755676925554141e-14
z,13.917010373696167,2.5380732239393813e-14
z,13.923259592543808,4.361384189750008e-14
z,13.929508811391448,1.1341767189996406e-13
z,13.93575803023909,2.1554076900468413e-13
z,13.94200724908673,1.8729475592543096e-13
z,13.948256467934371,1.2348435410862461e-13
z,13.954505686782012,4.791548266012371e-14
z,13.960754905629653,1.09389549076465e-13
z,13.967004124477294,4.757208429196784e-15
z,13.973253343324934,1.0993503943834878e-13
z,13.979502562172575,1.9744716292576432e-13
z,13.985751781020216,4.734495185725606e-14
z,13.992000999867857,1.2968813081063798e-13
z,13.998250218715498,5.452408781865135e-13
z,14.004499437563139,3.619080379285182e-13
z,14.01074865641078,2.8019485428558274e-14
z,14.01699787525842,9.15288260928661e-14
z,14.023247094106061,1.8806643381493098e-13
z,14.029496312953702,2.8479836923675583e-13
z,14.035745531801343,1.1253166562618221e-13
z,14.041994750648984,7.638317787397073e-14
z,14.048243969496625,1.409158890714239e-13
z,14.054493188344265,1.7554538294380046e-13
z,14.060742407191906,5.36966812817985e-14
z,14.066991626039547,2.0764849428694693e-16
z,14.073240844887188,3.239123308893254e-14
z,14.079490063734829,1.210670045756338e-14
z,14.08573928258247,3.552586419952099e-14
z,14.09198850143011,3.8939631970894976e-14
z,14.098237720277751,4.2938248866163863e-14
z,14.104486939125392,7.279610417123475e-14
z,14.110736157973033,2.5054531497162587e-14
z,14.116985376820674,1.4652625799121344e-13
z,14.123234595668315,1.1298441703826437e-13
z,14.129483814515956,1.47384149629749e-14
z,14.135733033363596,1.8535606033392016e-14
z,14.141982252211237,3.4998739829752263e-14
z,14.148231471058878,3.247377522737323e-14
z,14.154480689906519,1.196094417986369e-14
z,14.16072990875416,8.178824208425429e-15
z,14.1669791276018,6.223048196168097e-14
z,14.173228346449442,1.1999614396782009e-13
z,14.179477565297082,1.3097577971475954e-14
z,14.185726784144723,6.420486325558474e-14
z,14.191976002992364,1.721437807085812e-13
z,14.198225221840005,3.0918438294346223e-13
z,14.204474440687646,1.2461558781930422e-13
z,14.210723659535287,4.502377734446681e-14
z,14.216972878382927,3.550182227933033e-14
z,14.223222097230568,2.6811137339381987e-13
z,14.22947131607821,2.532125785709153e-14
z,14.23572053492585,1.197780832433927e-13
z,14.24196975377349,2.1846979766606475e-13
z,14.248218972621132,1.562847271927462e-13
z,14.254468191468773,9.749644135123068e-14
z,14.260717410316413,1.4941339986231124e-13
z,14.266966629164054,1.7106366230511218e-13
z,14.273215848011695,4.824114943076963e-13
z,14.279465066859336,4.828624512540566e-13
z,14.285714285706977,5.490523996541782e-14
z,14.291963504554618,6.342361786579165e-14
z,14.298212723402258,7.171589629281281e-14
z,14.3044619422499,9.96885578421172e-16
z,14.31071116109754,1.666128418357834e-14
z,14.316960379945181,1.5160252087348413e-14
z,14.323209598792822,5.081528167964235e-15
z,14.329458817640463,1.3084908281483422e-14
z,14.335708036488104,3.720014624315824e-14
z,14.341957255335744,2.472056079225738e-14
z,14.348206474183385,2.2941385035946648e-14
z,14.354455693031026,5.360355060020543e-14
z,14.360704911878667,3.880750443602072e-14
z,14.366954130726308,2.0352499035427918e-14
z,14.373203349573949,1.592747367855515e-14
z,14.37945256842159,1.493456342061286e-14
z,14.38570178726923,1.007134397773636e-14
z,14.391951006116871,9.18179698163931e-15
z,14.398200224964512,3.8159904880091044e-14
z,14.404449443812153,4.201538526917035e-14
z,14.410698662659794,9.308442742278862e-14
z,14.416947881507435,1.6846360988873435e-13
z,14.423197100355075,7.205983067741141e-14
z,14.429446319202716,3.007556093686861e-14
z,14.435695538050357,4.1795982626514915e-15
z,14.441944756897998,2.1932831360916645e-13
z,14.448193975745639,2.3117450432356334e-13
z,14.45444319459328,9.019184830058557e-14
z,14.46069241344092,1.2632685017865798e-14
z,14.466941632288561,3.764847219890508e-15
z,14.473190851136202,8.371278518768042e-14
z,14.479440069983843,2.2642802612974186e-13
z,14.485689288831484,2.6679813641475373e-14
z,14.491938507679125,4.3847225801504544e-13
z,14.498187726526766,1.9437421328516294e-13
z,14.504436945374406,2.2909947650610315e-14
z,14.510686164222047,9.571048983103012e-14
z,14.516935383069688,3.769002400029585e-14
z,14.523184601917329,1.8702822307208466e-13
z,14.52943382076497,5.301081603655774e-13
z,14.53568303961261,6.280353711100615e-13
z,14.541932258460252,3.9165130672235956e-13
z,14.548181477307892,5.042148568770312e-13
z,14.554430696155533,2.7147568497439495e-13
z,14.560679915003174,9.194626548647655e-14
z,14.566929133850815,1.25818151902117e-13
z,14.573178352698456,7.860946852341118e-13
z,14.579427571546097,6.017268398983161e-13
z,14.585676790393737,1.272947526033394e-12
z,14.591926009241378,1.7744180038484306e-12
z,14.59817522808902,7.570813660074048e-13
z,14.60442444693666,6.308306800160087e-13
z,14.6106736657843,2.445850793782191e-13
z,14.616922884631942,1.4231780538005067e-12
z,14.623172103479583,1.5398719691370168e-12
z,14.629421322327223,4.3238332993392937e-13
z,14.635670541174864,1.8573080874897662e-13
z,14.641919760022505,8.453252574560169e-14
z,14.648168978870146,1.0398684998875972e-12
z,14.654418197717787,5.526303390792505e-13
z,14.660667416565428,8.408237953683375e-13
z,14.666916635413068,1.305038710419681e-12
z,14.67316585426071,1.1327763162548002e-12
z,14.67941507310835,1.4907638527719382e-12
z,14.685664291955991,2.9004248876935302e-12
z,14.691913510803632,4.114985853339622e-12
z,14.698162729651273,9.861747290345219e-13
z,14.704411948498914,5.074121646936658e-13
z,14.710661167346554,6.997726003417865e-13
z,14.716910386194195,2.5068665043782543e-13
z,14.723159605041836,1.1461610296094194e-12
z,14.729408823889477,7.687821028645004e-13
z,14.735658042737118,3.1341704392524213e-13
z,14.741907261584759,3.0404288954187123e-12
z,14.7481564804324,2.493254663877193e-12
z,14.75440569928004,3.489779462660188e-13
z,14.760654918127681,8.869368962645054e-13
z,14.766904136975322,2.1430709108032177e-12
z,14.773153355822963,2.4434770880248804e-12
z,14.779402574670604,7.788399189873809e-13
z,14.785651793518245,3.760641705824914e-13
z,14.791901012365885,4.092719303618012e-13
z,14.798150231213526,8.287854510196464e-15
z,14.804399450061167,1.0309422716806619e-13
z,14.810648668908808,6.5466141109095e-14
z,14.816897887756449,1.742912524155097e-13
z,14.82314710660409,4.903679367614104e-13
z,14.82939632545173,4.1096690487840544e-13
z,14.835645544299371,3.897701981559082e-13
z,14.841894763147012,5.4637043455534454e-14
z,14.848143981994653,2.6329665137316625e-13
z,14.854393200842294,2.8973652109627594e-13
z,14.860642419689935,8.727160305886505e-14
z,14.866891638537576,2.8323297036340467e-14
z,14.873140857385216,4.6258020366041936e-14
z,14.879390076232857,4.527941654057952e-14
z,14.885639295080498,2.3860828068862537e-13
z,14.891888513928139,1.0299111233982065e-13
z,14.89813773277578,7.594549096769518e-14
z,14.90438695162342,2.4553463721321062e-14
z,14.910636170471061,5.78728500738442e-14
z,14.916885389318702,1.0413009015600973e-13
z,14.923134608166343,1.1222224464860433e-13
z,14.929383827013984,7.408050805834993e-14
z,14.935633045861625,7.147684052616092e-14
z,14.941882264709266,8.898907499396094e-14
z,14.948131483556907,2.775372413857775e-13
z,14.954380702404547,1.2676879052599708e-13
z,14.960629921252188,2.607302916555841e-14
z,14.96687914009983,2.809061206679495e-14
z,14.97312835894747,2.2156320985806572e-14
z,14.97937757779511,4.8410604782662854e-14
z,14.985626796642752,1.1312168688094358e-13
z,14.991876015490393,6.778891153282429e-14
z,14.998125234338033,1.7179429354774444e-14
z,15.004374453185674,3.237507081661521e-14
z,15.010623672033315,5.5619767697761334e-14
z,15.016872890880956,5.107547852717618e-14
z,15.023122109728597,3.189094976304766e-14
z,15.029371328576238,5.918664151345658e-14
z,15.035620547423878,9.118203659502333e-15
z,15.04186976627152,9.486585943792039e-15
z,15.04811898511916,3.841544842548215e-14
z,15.054368203966801,4.397229068796226e-14
z,15.060617422814442,8.446779022778345e-15
z,15.066866641662083,1.5047967203096693e-13
z,15.073115860509724,1.7107689710356553e-13
z,15.079365079357364,2.6737304935452886e-13
z,15.085614298205005,2.9550150372155556e-13
z,15.091863517052646,3.005652488612983e-13
z,15.098112735900287,2.2851916616202504e-13
z,15.104361954747928,4.353952651350711e-14
z,15.110611173595569,6.6694690429907406e-15
z,15.11686039244321,1.8683679091372057e-13
z,15.12310961129085,5.744399671850386e-14
z,15.129358830138491,1.307404312772812e-13
z,15.135608048986132,2.874891724692858e-14
z,15.141857267833773,5.531960364569345e-14
z,15.148106486681414,7.538876721332667e-15
z,15.154355705529055,1.105627495305388e-13
z,15.160604924376695,2.8283524837807226e-13
z,15.166854143224336,1.294344765877773e-13
z,15.173103362071977,4.429184695757324e-14
z,15.179352580919618,6.240924756548846e-16
z,15.185601799767259,1.945191066321358e-13
z,15.1918510186149,4.635927991303955e-13
z,15.19810023746254,1.7527340439800356e-13
z,15.204349456310181,8.81570513354356e-14
z,15.210598675157822,8.040742218950325e-14
z,15.216847894005463,7.941932393303153e-14
z,15.223097112853104,8.407415518824759e-14
z,15.229346331700745,8.880982004369392e-14
z,15.235595550548386,4.862177963322634e-14
z,15.241844769396026,2.1401737254104974e-14
z,15.248093988243667,2.432320118091253e-14
z,15.254343207091308,1.3228342748467302e-13
z,15.260592425938949,1.6795435448550753e-13
z,15.26684164478659,6.050437260271956e-14
z,15.27309086363423,5.3697961560331683e-14
z,15.279340082481871,4.81556359017351e-15
z,15.285589301329512,2.1392481654274775e-14
z,15.291838520177153,2.3374403073575622e-14
z,15.298087739024794,3.249955923185012e-14
z,15.304336957872435,7.882617768666845e-14
z,15.310586176720076,5.308592444580648e-13
z,15.316835395567717,3.8318803428498845e-13
z,15.323084614415357,1.0442952292059844e-13
z,15.329333833262998,1.0635191151778485e-13
z,15.335583052110639,2.8374306899940906e-13
z,15.34183227095828,4.758278824972307e-13
z,15.34808148980592,4.027273760383165e-13
z,15.354330708653562,9.127955733686077e-14
z,15.360579927501202,6.710953534345528e-13
z,15.366829146348843,5.555370323087285e-13
z,15.373078365196484,1.7212957892981718e-13
z,15.379327584044125,7.036820042880857e-13
z,15.385576802891766,1.2408014006884583e-13
z,15.391826021739407,3.761496910060123e-14
z,15.398075240587048,1.7180731427162904e-13
z,15.404324459434688,1.0049814879467213e-13
z,15.41057367828233,2.1471699868892897e-14
z,15.41682289712997,5.74984131638545e-13
z,15.423072115977611,3.038537626047709e-13
z,15.429321334825252,3.8236612253711143e-13
z,15.435570553672893,2.445438247334898e-13
z,15.441819772520534,1.0118671335613911e-13
z,15.448068991368174,8.564955626265131e-14
z,15.454318210215815,2.2867199109408902e-14
z,15.460567429063456,2.7075766975529467e-14
z,15.466816647911097,2.7699133867023315e-13
z,15.473065866758738,4.3071906321726664e-13
z,15.479315085606379,1.0932691965132205e-13
z,15.48556430445402,3.668796307647553e-14
z,15.49181352330166,1.2277861125602736e-14
z,15.498062742149301,4.6348795603731326e-14
z,15.504311960996942,1.4677961943929143e-13
z,15.510561179844583,2.634529966276477e-13
z,15.516810398692224,2.8912722128028765e-13
z,15.523059617539865,2.616466228435299e-14
z,15.529308836387505,1.4201028744320086e-14
z,15.535558055235146,8.950415052273065e-14
z,15.541807274082787,3.250943185144254e-14
z,15.548056492930428,7.193674384237917e-14
z,15.554305711778069,1.33373773191552e-13
z,15.56055493062571,7.633204180868953e-14
z,15.56680414947335,3.8935719234427755e-14
z,15.573053368320991,2.7498361186258196e-14
z,15.579302587168632,5.386539941939592e-14
z,15.585551806016273,1.5010053830713618e-14
z,15.591801024863914,1.3722413105317027e-15
z,15.598050243711555,3.020952647326216e-14
z,15.604299462559196,1.1891462955470115e-14
z,15.610548681406836,1.5180154637098546e-14
z,15.616797900254477,1.2137406185633788e-13
z,15.623047119102118,2.27417280932447e-13
z,15.629296337949759,7.492847717944022e-15
z,15.6355455567974,3.880563055654653e-14
z,15.64179477564504,1.374282696589423e-13
z,15.648043994492681,4.3696404794324025e-13
z,15.654293213340322,1.1386228037860194e-12
z,15.660542432187963,3.7047508841172744e-12
z,15.666791651035604,1.0369262594774614e-12
z,15.673040869883245,1.4721737765992374e-13
z,15.679290088730886,7.104797703805979e-14
z,15.685539307578527,1.029556564104892e-14
z,15.691788526426167,1.1814520450138926e-14
z,15.698037745273808,1.0148178873329007e-14
z,15.704286964121449,8.303111187007488e-15
z,15.71053618296909,1.7780771338910168e-14
z,15.71678540181673,1.859825582366006e-14
z,15.723034620664372,1.822205167440551e-15
z,15.729283839512012,6.2545551473830215e-15
z,15.735533058359653,8.259313317591838e-15
z,15.741782277207294,1.848418691433477e-15
z,15.748031496054935,7.811244581704322e-15
z,15.754280714902576,1.2015232716570126e-14
z,15.760529933750217,8.506381541795193e-15
z,15.766779152597858,1.6776688229235133e-14
z,15.773028371445498,1.0483242933372209e-15
z,15.77927759029314,2.1866342745711596e-15
z,15.78552680914078,2.556436899402426e-15
z,15.791776027988421,6.523662999837933e-15
z,15.798025246836062,1.0366651424846267e-14
z,15.804274465683703,1.4946542235735907e-14
z,15.810523684531343,1.1964852071494864e-14
z,15.816772903378984,2.5102475773781716e-15
z,15.823022122226625,2.787347744136822e-15
z,15.829271341074266,1.2733903616207713e-14
z,15.835520559921907,1.923986403054077e-14
z,15.841769778769548,1.9563228153788528e-14
z,15.848018997617189,1.3888910153505603e-14
z,15.85426821646483,8.796661167959993e-15
z,15.86051743531247,3.653698131104801e-15
z,15.866766654160111,1.2980914737143033e-14
z,15.873015873007752,3.2993282934881802e-15
z,15.879265091855393,7.387927902234084e-15
z,15.885514310703034,1.7062249614523523e-14
z,15.891763529550675,4.055451074182377e-14
z,15.898012748398315,3.7103359571025564e-14
z,15.904261967245956,2.611701444859874e-14
z,15.910511186093597,7.419249638443521e-15
z,15.916760404941238,2.6295773500714244e-14
z,15.923009623788879,2.7320199310834198e-15
z,15.92925884263652,1.3419855058027474e-14
z,15.93550806148416,3.5157305077758825e-14
z,15.941757280331801,1.3540706906062513e-14
z,15.948006499179442,1.6057130169445955e-14
z,15.954255718027083,7.962280583301711e-14
z,15.960504936874724,9.001085336178405e-14
z,15.966754155722365,3.615769084680717e-15
z,15.973003374570006,1.9438120438201354e-14
z,15.979252593417646,2.484781182624537e-14
z,15.985501812265287,5.855836846033353e-14
z,15.991751031112928,3.125647122487059e-14
z,15.998000249960569,1.2077128294593607e-14
z,16.00424946880821,2.1383398313235035e-14
z,16.01049868765585,3.1631373057114046e-14
z,16.01674790650349,1.5597952429427876e-14
z,16.022997125351132,9.99796043416228e-16
z,16.029246344198775,4.9963985917482885e-15
z,16.035495563046414,2.5545147726045033e-15
z,16.041744781894053,5.610517186884524e-15
z,16.047994000741696,7.662184685391224e-15
z,16.05424321958934,7.796438941017977e-15
z,16.060492438436977,1.015641867349176e-14
z,16.066741657284616,5.5399793368422796e-15
z,16.07299087613226,2.2333095089470495e-14
z,16.0792400949799,3.164702611258965e-14
z,16.08548931382754,5.46950167155261e-15
z,16.09173853267518,1.8574345274923716e-15
z,16.097987751522822,5.1847474940282655e-15
z,16.104236970370465,6.208968945851232e-15
z,16.110486189218104,3.1826351526653907e-15
z,16.116735408065743,1.826636928605965e-15
z,16.122984626913386,5.585249787447851e-15
z,16.12923384576103,2.410220028697904e-14
z,16.135483064608668,4.812831568612635e-15
z,16.141732283456307,1.0349083134646876e-14
z,16.14798150230395,2.5084295709103125e-14
z,16.154230721151592,5.908246143149349e-14
z,16.16047993999923,3.061399161021636e-14
z,16.16672915884687,1.051131154329626e-14
z,16.172978377694513,2.8524566697607495e-15
z,16.179227596542155,4.556918683929163e-14
z,16.185476815389794,1.8219725859025677e-14
z,16.191726034237433,1.8873216783423285e-14
z,16.197975253085076,3.968465955819323e-14
z,16.20422447193272,4.0201151383092366e-14
z,16.210473690780358,1.0422542475031605e-14
z,16.216722909627997,4.325544624275053e-14
z,16.22297212847564,2.2235443785968495e-14
z,16.229221347323282,7.414778937009733e-14
z,16.23547056617092,1.0518603184383187e-13
z,16.24171978501856,2.2907150468570572e-14
z,16.247969003866203,6.794912276194883e-15
z,16.254218222713845,1.636018248269144e-14
z,16.260467441561484,1.6366120678534689e-15
z,16.266716660409124,1.8437762992196837e-15
z,16.272965879256766,3.5489045943866686e-15
z,16.27921509810441,1.966972011450767e-15
z,16.285464316952048,5.317704353905395e-16
z,16.291713535799687,6.266574705042383e-15
z,16.29796275464733,5.789414792852851e-15
z,16.304211973494972,3.778724082685097e-15
z,16.31046119234261,8.770900225524539e-15
z,16.31671041119025,8.28408483899132e-15
z,16.322959630037893,3.4322749802960882e-15
z,16.329208848885536,2.2882499685566414e-15
z,16.335458067733175,2.242695887353385e-15
z,16.341707286580814,1.5421968658016234e-15
z,16.347956505428456,1.3012367430731088e-15
z,16.3542057242761,4.281048522940604e-15
z,16.360454943123738,8.817852849870593e-15
z,16.366704161971377,8.651651042724092e-15
z,16.37295338081902,2.4278623720900242e-14
z,16.379202599666662,1.525867223906933e-14
z,16.3854518185143,5.702941452087224e-15
z,16.39170103736194,6.187008753375638e-16
z,16.397950256209583,2.382025657148949e-14
z,16.404199475057226,4.150861538994542e-14
z,16.410448693904865,2.026228557998073e-14
z,16.416697912752504,3.612992789745747e-15
z,16.422947131600147,6.198619202087897e-16
z,16.42919635044779,5.263881865639304e-15
z,16.435445569295428,3.095350484362042e-14
z,16.441694788143067,1.798646263539988e-15
z,16.44794400699071,5.15373577147704e-14
z,16.454193225838353,4.3451850313465577e-14
z,16.46044244468599,4.7532208129798505e-15
z,16.46669166353363,7.444842570888739e-15
z,16.472940882381273,7.825480292324539e-15
z,16.479190101228916,2.2052657498219518e-14
z,16.485439320076555,4.7758483620310914e-14
z,16.491688538924194,9.587145628953678e-14
z,16.497937757771837,4.171819601152227e-14
z,16.50418697661948,8.091003142498736e-14
z,16.51043619546712,2.907252760748215e-14
z,16.516685414314757,2.4014774025311052e-14
z,16.5229346331624,5.960781898271612e-15
z,16.529183852010043,7.54466958790105e-14
z,16.53543307085768,1.0654461645458387e-13
z,16.54168228970532,9.011873063289843e-14
z,16.547931508552963,2.274024271556521e-13
z,16.554180727400606,1.0689066846035405e-13
z,16.560429946248245,7.438513937210638e-14
z,16.566679165095884,4.2674109213956976e-14
z,16.572928383943527,1.1546634307414247e-13
z,16.57917760279117,2.0927498743397972e-13
z,16.58542682163881,8.36747352823485e-14
z,16.591676040486448,1.8460370573311243e-14
z,16.59792525933409,2.7241366011396588e-14
z,16.604174478181733,6.116167911082457e-14
z,16.610423697029372,1.0259198417582252e-13
z,16.61667291587701,6.62971686751644e-14
z,16.622922134724654,1.6212178814301942e-13
z,16.629171353572296,1.1752953230060635e-13
z,16.635420572419935,1.333777635365147e-13
z,16.641669791267574,2.7108839044754733e-13
z,16.647919010115217,4.951831618322191e-13
z,16.65416822896286,2.1341855806365248e-13
z,16.6604174478105,6.723809645772483e-14
z,16.666666666658138,6.773385272220353e-14
z,16.67291588550578,3.2875457680342086e-14
z,16.679165104353423,1.0460597088117885e-13
z,16.685414323201062,1.281982704960523e-13
z,16.6916635420487,1.9248410209057744e-14
z,16.697912760896344,2.831808963673174e-13
z,16.704161979743986,3.884546522169709e-13
z,16.710411198591625,8.127334834271582e-14
z,16.716660417439265,7.111694526860854e-14
z,16.722909636286907,2.1049756506016286e-13
z,16.72915885513455,2.9401110169552483e-13
z,16.73540807398219,1.3027364162640575e-13
z,16.741657292829828,2.8324115456282906e-14
z,16.74790651167747,6.239532010808119e-14
z,16.754155730525113,5.312829655281707e-15
z,16.760404949372752,5.380040924370943e-15
z,16.76665416822039,1.0548524384113752e-14
z,16.772903387068034,7.190374977037252e-15
z,16.779152605915677,5.6192454583029536e-14
z,16.785401824763316,3.7286896667533734e-14
z,16.791651043610955,5.2506974583974616e-14
z,16.797900262458597,5.302624228214225e-15
z,16.80414948130624,2.7856812617430163e-14
z,16.81039870015388,3.272295680353879e-14
z,16.816647919001518,1.580293800205859e-14
z,16.82289713784916,1.887766681331184e-15
z,16.829146356696803,6.586576723070517e-15
z,16.835395575544442,5.852634963284208e-16
z,16.84164479439208,2.170207476764259e-14
z,16.847894013239724,1.2500063107288758e-14
z,16.854143232087367,1.0392882486019134e-14
z,16.860392450935006,4.1831979611860825e-15
z,16.866641669782645,6.6728695875522995e-15
z,16.872890888630288,9.965480638019213e-15
z,16.87914010747793,1.258507074272923e-14
z,16.88538932632557,1.0810689010791004e-14
z,16.89163854517321,1.0772620892211142e-14
z,16.89788776402085,8.365528903386875e-15
z,16.904136982868494,2.2168050341286218e-14
z,16.910386201716133,1.831407074323636e-14
z,16.91663542056377,4.59069129595423e-15
z,16.922884639411414,3.8363111540940485e-15
z,16.929133858259057,3.678606920139629e-15
z,16.935383077106696,4.053032492861263e-15
z,16.941632295954335,1.2014337648376217e-14
z,16.947881514801978,1.1201150145337427e-14
z,16.95413073364962,1.9487312288138705e-15
z,16.96037995249726,3.087130485724778e-15
z,16.9666291713449,5.9739087781063925e-15
z,16.97287839019254,7.706901703141647e-15
z,16.979127609040184,4.1586932228439e-15
z,16.985376827887823,6.197909327495953e-15
z,16.991626046735462,2.3810157059380185e-15
z,16.997875265583104,6.462232775446417e-16
z,17.004124484430747,2.8806469204564145e-15
z,17.010373703278386,5.446040243876431e-15
z,17.016622922126025,7.048122630362534e-17
z,17.022872140973668,1.1493438194502444e-14
z,17.02912135982131,1.824894593591473e-14
z,17.03537057866895,2.343477704677757e-14
z,17.04161979751659,3.072914548207452e-14
z,17.04786901636423,2.789986704573044e-14
z,17.054118235211874,2.931374033146444e-14
z,17.060367454059513,7.206232234538615e-15
z,17.066616672907152,2.2351728540696453e-15
z,17.072865891754795,1.3418844321579353e-14
z,17.079115110602437,1.2723546645343681e-14
z,17.085364329450076,1.0047885704837995e-14
z,17.091613548297715,5.519548196641616e-15
z,17.097862767145358,5.500547030016316e-15
z,17.104111985993,1.4454057990474859e-15
z,17.11036120484064,7.10367747212932e-15
z,17.11661042368828,2.862562696016988e-14
z,17.12285964253592,1.8902801407242208e-14
z,17.129108861383564,5.4000548094258084e-15
z,17.135358080231203,4.923923538187495e-16
z,17.141607299078842,1.399243101091463e-14
z,17.147856517926485,5.6528513700537655e-14
z,17.154105736774127,3.123370704413073e-14
z,17.160354955621766,1.2602470310234599e-14
z,17.166604174469406,1.2686465450034929e-14
z,17.172853393317048,1.0444278403976066e-14
z,17.17910261216469,9.844958250198677e-15
z,17.18535183101233,9.816145521798154e-15
z,17.19160104985997,9.182395720632608e-15
z,17.19785026870761,1.0067594487714025e-15
z,17.204099487555254,7.198556383116903e-15
z,17.210348706402893,7.844343499078104e-15
z,17.216597925250532,2.420305871754677e-14
z,17.222847144098175,8.16637127066413e-15
z,17.229096362945818,8.526207707946184e-15
z,17.235345581793457,1.0947070694750215e-15
z,17.241594800641096,1.5644848207464415e-15
z,17.24784401948874,3.226953440754514e-15
z,17.25409323833638,5.023813068330387e-15
z,17.26034245718402,1.9876162021119097e-15
z,17.26659167603166,6.045896048528329e-14
z,17.2728408948793,6.767199468280113e-14
z,17.279090113726944,2.0938493608672873e-14
z,17.285339332574583,1.183596182846806e-14
z,17.291588551422223,3.114551792440063e-14
z,17.297837770269865,6.42730891008321e-14
z,17.304086989117508,6.033638694775413e-14
z,17.310336207965147,2.4381435031349717e-14
z,17.316585426812786,5.442425622708134e-14
z,17.32283464566043,1.1124220328758832e-13
z,17.32908386450807,3.955882705258099e-15
z,17.33533308335571,1.0872988398397332e-13
z,17.34158230220335,2.8562094252082366e-14
z,17.347831521050992,1.1094257564124327e-15
z,17.354080739898635,2.5150491243325152e-14
z,17.360329958746274,1.909886766296797e-14
z,17.366579177593913,3.784743147958498e-16
z,17.372828396441555,6.516066078311494e-14
z,17.379077615289198,6.290190291619832e-14
z,17.385326834136837,4.770899482986285e-14
z,17.391576052984476,4.556032142146051e-14
z,17.39782527183212,1.675347979359123e-14
z,17.40407449067976,1.2888972497597315e-14
z,17.4103237095274,4.929306674921818e-15
z,17.41657292837504,2.4258708444797363e-15
z,17.422822147222682,2.629328991228034e-14
z,17.429071366070325,6.865522323524744e-14
z,17.435320584917964,2.3346599519446702e-14
z,17.441569803765603,4.3125283680726615e-15
z,17.447819022613245,1.9492692631646535e-15
z,17.454068241460888,4.5250273236102896e-15
z,17.460317460308527,1.9201711521728168e-14
z,17.466566679156166,3.359570630246781e-14
z,17.47281589800381,4.8774216213917597e-14
z,17.47906511685145,9.870352733321016e-15
z,17.48531433569909,1.1286112815908121e-15
z,17.49156355454673,1.0842910937374607e-14
z,17.497812773394372,4.777541780607101e-15
z,17.504061992242015,7.96569304527978e-15
z,17.510311211089654,1.7200616780046525e-14
z,17.516560429937293,1.2764898972034792e-14
z,17.522809648784936,5.020561579000774e-15
z,17.52905886763258,3.28144565671499e-15
z,17.535308086480217,7.10791483885064e-15
z,17.541557305327856,2.452708997119456e-15
z,17.5478065241755,1.9707521565113838e-16
z,17.55405574302314,3.4429523783032214e-15
z,17.56030496187078,2.155680107439257e-15
z,17.56655418071842,9.519442390729386e-16
z,17.572803399566062,8.400396890691224e-15
z,17.579052618413705,2.84782884681867e-14
z,17.585301837261344,4.570863189729254e-15
z,17.591551056108983,5.666626680781577e-15
z,17.597800274956626,7.893078006054059e-15
z,17.60404949380427,3.264668540472233e-14
z,17.610298712651907,5.4291091223933163e-14
z,17.616547931499547,2.2574848825446675e-13
z,17.62279715034719,1.2856683999265197e-13
z,17.629046369194832,1.3388329893427728e-14
z,17.63529558804247,8.086719411917912e-15
z,17.64154480689011,1.6468096417429962e-15
z,17.647794025737753,1.4238986077511421e-15
z,17.654043244585395,1.375553595261355e-15
z,17.660292463433034,1.5382508049615568e-15
z,17.666541682280673,2.195401753398812e-15
z,17.672790901128316,4.800075648172793e-15
z,17.67904011997596,7.544456891773973e-16
z,17.685289338823598,1.0634332565496792e-15
z,17.691538557671237,2.108114885637472e-15
z,17.69778777651888,5.124384134288504e-16
z,17.704036995366522,1.1009353147766993e-15
z,17.71028621421416,2.7585999442930007e-15
z,17.7165354330618,1.796714228751276e-15
z,17.722784651909443,3.2449375230383146e-15
z,17.729033870757085,6.557725630662215e-16
z,17.735283089604724,5.564946285577263e-16
z,17.741532308452364,3.9778890656670414e-16
z,17.747781527300006,9.118378094421048e-16
z,17.75403074614765,2.020005093661673e-15
z,17.760279964995288,2.5948702005713233e-15
z,17.766529183842927,2.549791474925394e-15
z,17.77277840269057,8.368521895036083e-16
z,17.779027621538212,2.2301090219469745e-16
z,17.78527684038585,2.137317082921923e-15
z,17.79152605923349,3.2503606712533435e-15
z,17.797775278081133,3.755084305542394e-15
z,17.804024496928776,2.4934375212642224e-15
z,17.810273715776415,1.9092724824804026e-15
z,17.816522934624054,1.9768509992333113e-16
z,17.822772153471696,2.776222524699692e-15
z,17.82902137231934,6.622125103872842e-16
z,17.835270591166978,1.0603015627837044e-15
z,17.841519810014617,2.5653832472056524e-15
z,17.84776902886226,6.8119151096568366e-15
z,17.854018247709902,7.384354729319873e-15
z,17.86026746655754,5.015199084920734e-15
z,17.86651668540518,1.4476887624500614e-15
z,17.872765904252823,4.709757248725461e-15
z,17.879015123100466,1.8571054692439162e-15
z,17.885264341948105,1.2610401575076102e-15
z,17.891513560795744,5.328892551549082e-15
z,17.897762779643386,3.593303710490968e-15
z,17.90401199849103,1.6054910066555157e-15
z,17.910261217338668,1.106581020564471e-14
z,17.916510436186307,1.742125847234681e-14
z,17.92275965503395,1.8338987070087403e-15
z,17.929008873881592,3.696958810890842e-15
z,17.93525809272923,3.1016866889225733e-15
z,17.94150731157687,9.952191148541861e-15
z,17.947756530424513,8.206916344257435e-15
z,17.954005749272156,2.0238300095890658e-15
z,17.960254968119795,3.029311052788218e-15
z,17.966504186967434,4.981769720031459e-15
z,17.972753405815077,3.563602772294167e-15
z,17.97900262466272,7.035785957575809e-16
z,17.98525184351036,5.386922915603809e-16
z,17.991501062357997,6.329181524448251e-16
z,17.99775028120564,7.661462234434737e-16
z,18.003999500053283,1.4098899233702415e-15
z,18.01024871890092,1.429482627487908e-15
z,18.01649793774856,1.2539682453609929e-15
z,18.022747156596203,1.1633479246572956e-15
z,18.028996375443846,2.6961294391844208e-15
z,18.035245594291485,7.236243369679873e-15
z,18.041494813139124,2.089976814935801e-15
z,18.047744031986767,1.8883442513896697e-16
z,18.05399325083441,6.165838953131033e-16
z,18.06024246968205,1.048069294008059e-15
z,18.066491688529688,7.494142731429009e-16
z,18.07274090737733,3.5737418191928104e-16
z,18.078990126224973,4.1387872011741994e-16
z,18.085239345072612,3.8599571654376784e-15
z,18.09148856392025,1.74282886344258e-15
z,18.097737782767894,1.5814948787628548e-15
z,18.103987001615536,3.5397287340818837e-15
z,18.110236220463175,9.869399387714508e-15
z,18.116485439310814,7.140257594850273e-15
z,18.122734658158457,2.4197286624777855e-15
z,18.1289838770061,4.076707368989307e-16
z,18.13523309585374,6.109492187044831e-15
z,18.141482314701378,6.566220072102016e-15
z,18.14773153354902,2.2895202740409744e-15
z,18.153980752396663,8.046161426294643e-15
z,18.160229971244302,8.409708676739885e-15
z,18.16647919009194,1.1331635326625647e-15
z,18.172728408939584,9.777071342375285e-15
z,18.178977627787226,4.415827412303783e-15
z,18.185226846634865,1.0114896279689922e-14
z,18.191476065482505,2.0306999019929468e-14
z,18.197725284330147,7.99197506560175e-15
z,18.20397450317779,4.0605404143809133e-16
z,18.21022372202543,3.24650773075308e-15
z,18.216472940873068,8.379436009470858e-16
z,18.22272215972071,1.6223836916382916e-16
z,18.228971378568353,7.137279710443656e-16
z,18.235220597415992,5.506342530441845e-16
z,18.24146981626363,1.308361434574586e-17
z,18.247719035111274,8.870334614981605e-16
z,18.253968253958917,1.280655522370439e-15
z,18.260217472806556,7.560501054827412e-16
z,18.266466691654195,1.4225060787931935e-15
z,18.272715910501837,1.7709865063892857e-15
z,18.27896512934948,6.942562254901352e-16
z,18.28521434819712,3.519820489685296e-16
z,18.291463567044758,3.5572044877751957e-16
z,18.2977127858924,2.756229976214332e-16
z,18.303962004740043,1.8773436977519591e-16
z,18.310211223587682,4.564035399571424e-16
z,18.31646044243532,1.7104789620936423e-15
z,18.322709661282964,9.95066040800246e-16
z,18.328958880130607,3.2916056771472003e-15
z,18.335208098978246,3.1352116009679304e-15
z,18.341457317825885,1.111558904197039e-15
z,18.347706536673527,5.485473470115665e-16
z,18.35395575552117,2.124259149456495e-15
z,18.36020497436881,7.281995464086887e-15
z,18.36645419321645,4.5625789386934936e-15
z,18.37270341206409,1.090576290157889e-15
z,18.378952630911733,1.26442545996365e-16
z,18.385201849759373,3.986693659803938e-16
z,18.39145106860701,3.623811265304528e-15
z,18.397700287454654,1.2318740385680572e-15
z,18.403949506302297,5.020279406597878e-15
z,18.410198725149936,8.984263849530846e-15
z,18.416447943997575,1.520234560361378e-15
z,18.422697162845218,4.311156406602731e-16
z,18.42894638169286,1.4849627497484388e-15
z,18.4351956005405,2.6068497080756328e-15
z,18.44144481938814,5.047275499607399e-15
z,18.44769403823578,1.3028610113794394e-14
z,18.453943257083424,6.419712436731311e-15
z,18.460192475931063,1.1129584433357202e-14
z,18.466441694778702,4.7514387358973656e-15
z,18.472690913626344,4.277678909087223e-15
z,18.478940132473987,1.0647953592243376e-16
z,18.485189351321626,6.750224885533039e-15
z,18.491438570169265,1.6742074767826373e-14
z,18.497687789016908,7.065761594402156e-15
z,18.50393700786455,2.636555650046676e-14
z,18.51018622671219,1.6631347653936677e-14
z,18.51643544555983,8.979744492147081e-15
z,18.52268466440747,7.39569740277824e-15
z,18.528933883255114,8.77646222023878e-15
z,18.535183102102753,2.638559944189698e-14
z,18.541432320950392,1.4269074670544516e-14
z,18.547681539798035,3.3555080683374495e-15
z,18.553930758645677,4.8768369184671134e-15
z,18.560179977493316,1.7137407221322977e-15
z,18.566429196340955,1.5302979184314714e-14
z,18.572678415188598,4.0813149928274076e-15
z,18.57892763403624,2.0409548691169378e-14
z,18.58517685288388,1.3644879202428697e-14
z,18.59142607173152,1.1966817829433674e-14
z,18.59767529057916,2.448757520867227e-14
z,18.603924509426804,5.435658362575149e-14
z,18.610173728274443,3.9019999958468266e-14
z,18.616422947122082,8.857700601399171e-15
z,18.622672165969725,8.633412949270716e-15
z,18.628921384817367,4.527661859873855e-15
z,18.635170603665006,7.840340174938359e-15
z,18.641419822512646,1.8393344980441196e-14
z,18.647669041360288,3.436656856908526e-15
z,18.65391826020793,2.2934507469433485e-14
z,18.66016747905557,5.277794802623062e-14
z,18.66641669790321,1.9758438906975433e-14
z,18.67266591675085,5.3117421232147536e-15
z,18.678915135598494,1.8970927671600443e-14
z,18.685164354446133,3.5392235448435254e-14
z,18.691413573293772,1.924234050281909e-14
z,18.697662792141415,2.7837063794950118e-15
z,18.703912010989058,7.927423889470965e-15
z,18.710161229836697,1.6437860751368014e-15
z,18.716410448684336,1.954891330184142e-16
z,18.72265966753198,1.2016489707986695e-15
z,18.72890888637962,1.5366413293522914e-16
z,18.73515810522726,5.245770763090107e-15
z,18.7414073240749,4.541785682369926e-15
z,18.74765654292254,5.480757312014288e-15
z,18.753905761770184,1.3527896513575218e-15
z,18.760154980617823,2.5576957635645166e-15
z,18.766404199465462,3.553163256621443e-15
z,18.772653418313105,2.451476729571985e-15
z,18.778902637160748,2.1582215654205978e-16
z,18.785151856008387,7.711857324868278e-16
z,18.791401074856026,3.244241700476016e-17
z,18.79765029370367,1.5928891572829854e-15
z,18.80389951255131,1.4780208066924803e-15
z,18.81014873139895,1.181989027675492e-15
z,18.81639795024659,7.596170635579913e-16
z,18.822647169094232,8.119023656646677e-16
z,18.828896387941874,1.0174258918018478e-15
z,18.835145606789514,1.1974990280869628e-15
z,18.841394825637153,1.3943480460250463e-15
z,18.847644044484795,1.5503316451843913e-15
z,18.853893263332438,1.2991730309587772e-15
z,18.860142482180077,1.3388954149383996e-15
z,18.866391701027716,2.1192070795491022e-15
z,18.87264091987536,7.415640555986676e-16
z,18.878890138723,4.853881142131643e-16
z,18.88513935757064,6.021749987182613e-16
z,18.89138857641828,4.299669827914014e-16
z,18.897637795265922,1.1579585273167161e-15
z,18.903887014113565,1.7082441592973842e-15
z,18.910136232961204,3.404395180905092e-16
z,18.916385451808843,2.741124285691055e-16
z,18.922634670656485,6.449259567640706e-16
z,18.928883889504128,1.0672750068676992e-15
z,18.935133108351767,6.498352972700618e-16
z,18.941382327199406,6.157912272369082e-16
z,18.94763154604705,3.857522035281381e-16
z,18.95388076489469,4.0267345547124e-17
z,18.96012998374233,2.2577781939949984e-16
z,18.96637920258997,5.225353964696047e-16
z,18.972628421437612,8.89152795741244e-17
z,18.978877640285255,6.371732912117371e-16
z,18.985126859132894,1.7729290549666223e-15
z,18.991376077980533,1.9027348212084e-15
z,18.997625296828176,3.002393863295166e-15
z,19.003874515675818,2.5688694656330033e-15
z,19.010123734523457,3.0880651609447593e-15
z,19.016372953371096,1.1731126204648487e-15
z,19.02262217221874,4.879643152616894e-16
z,19.02887139106638,6.57635769758664e-16
z,19.03512060991402,1.9875819642819704e-15
z,19.04136982876166,5.272515428675685e-16
z,19.047619047609302,9.458835240706014e-16
z,19.053868266456945,3.505731614455852e-16
z,19.060117485304584,3.542577524091501e-16
z,19.066366704152223,3.682937807047549e-16
z,19.072615922999866,2.5167375642944842e-15
z,19.07886514184751,2.6007969280059014e-15
z,19.085114360695147,6.403223650150327e-16
z,19.091363579542787,1.436158092672915e-16
z,19.09761279839043,8.748191616805179e-16
z,19.10386201723807,6.135826802213383e-15
z,19.11011123608571,5.115080603802361e-15
z,19.11636045493335,1.7903543479434136e-15
z,19.122609673780993,1.982181994976095e-15
z,19.128858892628635,1.5069639841645368e-15
z,19.135108111476274,1.2399034915588847e-15
z,19.141357330323913,1.0397100953830266e-15
z,19.147606549171556,1.3263589316607882e-15
z,19.1538557680192,1.7780846119898045e-16
z,19.160104986866838,1.207192598403944e-15
z,19.166354205714477,3.5843699224808734e-16
z,19.17260342456212,2.9996131234853745e-15
z,19.178852643409762,1.2053387256125142e-15
z,19.1851018622574,1.183871138643779e-15
z,19.19135108110504,3.202433512635636e-16
z,19.197600299952683,9.466300485691436e-17
z,19.203849518800325,4.945711793345914e-16
z,19.210098737647964,4.960631785554006e-16
z,19.216347956495603,7.065590805022501e-18
z,19.222597175343246,5.8327160330978455e-15
z,19.22884639419089,1.096328884785846e-14
z,19.235095613038528,4.506721569950205e-15
z,19.241344831886167,1.5204253457162253e-15
z,19.24759405073381,3.449280608486536e-15
z,19.253843269581452,8.31897062579889e-15
z,19.26009248842909,8.777797789610677e-15
z,19.26634170727673,5.627443805239098e-15
z,19.272590926124373,3.432283867801117e-15
z,19.278840144972015,1.7476793322641676e-14
z,19.285089363819655,1.2848818921976901e-15
z,19.291338582667294,1.3808186422639554e-14
z,19.297587801514936,6.991617611585496e-15
z,19.30383702036258,2.925622359233446e-17
z,19.310086239210218,3.0349573632869187e-15
z,19.316335458057857,3.4379860930221088e-15
z,19.3225846769055,7.647917161911555e-16
z,19.328833895753142,5.746011725969604e-15
z,19.33508311460078,1.2497829223485505e-14
z,19.34133233344842,6.102990666546361e-15
z,19.347581552296063,7.73446243080304e-15
z,19.353830771143706,3.286055926634887e-15
z,19.360079989991345,1.882926496500343e-15
z,19.366329208838984,9.733651438327168e-16
z,19.372578427686626,3.159011203997912e-16
z,19.37882764653427,2.2366202768551563e-15
z,19.385076865381908,9.872572634693002e-15
z,19.391326084229547,5.122959469166961e-15
z,19.39757530307719,6.594491423301602e-16
z,19.403824521924832,2.2849071887170897e-16
z,19.41007374077247,4.892167579800817e-16
z,19.41632295962011,2.507541171803618e-15
z,19.422572178467753,4.355877320906372e-15
z,19.428821397315396,7.540143299892382e-15
z,19.435070616163035,2.9231888476818434e-15
z,19.441319835010674,2.334517430938771e-16
z,19.447569053858317,1.024331773492139e-15
z,19.45381827270596,8.298029837096107e-16
z,19.4600674915536,1.0283488532694623e-15
z,19.466316710401237,2.0246235839232446e-15
z,19.47256592924888,2.01125173597626e-15
z,19.478815148096523,8.378323502032557e-16
z,19.48506436694416,4.2918433330032686e-16
z,19.4913135857918,8.043798328151355e-16
z,19.497562804639443,4.842512441899663e-16
z,19.503812023487086,5.597009517988363e-17
z,19.510061242334725,3.0685612432900135e-16
z,19.516310461182364,4.380559872861716e-16
z,19.522559680030007,7.221293573525636e-17
z,19.52880889887765,4.36753505827331e-16
z,19.53505811772529,3.169503053202348e-15
z,19.541307336572928,1.3557603029323057e-15
z,19.54755655542057,5.909784351545247e-16
z,19.553805774268213,5.938611145608905e-16
z,19.560054993115852,2.0745138397802454e-15
z,19.56630421196349,3.6700640030489636e-15
z,19.572553430811134,1.042170952657967e-14
z,19.578802649658776,1.22052891904167e-14
z,19.585051868506415,1.8035456674470953e-15
z,19.591301087354054,8.211124311886058e-16
z,19.597550306201697,3.2556825039717944e-16
z,19.60379952504934,3.3614702646080305e-16
z,19.61004874389698,3.0666877298350565e-16
z,19.616297962744618,3.214537833274454e-16
z,19.62254718159226,2.609922140641862e-16
z,19.628796400439903,1.0582104649019485e-15
z,19.635045619287542,3.2995285233294346e-16
z,19.64129483813518,1.9222943573411206e-16
z,19.647544056982824,4.725463297376271e-16
z,19.653793275830466,1.6596035351842576e-16
z,19.660042494678105,1.4317307609470827e-16
z,19.666291713525744,5.426893555849957e-16
z,19.672540932373387,4.2345959071607676e-16
z,19.67879015122103,5.26889363533719e-16
z,19.68503937006867,2.7476133976044923e-16
z,19.691288588916308,1.0076665550808945e-16
z,19.69753780776395,7.008677009709369e-17
z,19.703787026611593,1.1065825591187203e-16
z,19.710036245459232,3.7189562182701797e-16
z,19.71628546430687,4.3181035453037e-16
z,19.722534683154514,5.096390727214784e-16
z,19.728783902002156,2.352649283439278e-16
z,19.735033120849796,9.0142360212852e-18
z,19.741282339697435,3.205494384599166e-16
z,19.747531558545077,5.2052597596625505e-16
z,19.75378077739272,6.343606649467637e-16
z,19.76002999624036,4.803947069858028e-16
z,19.766279215087998,3.3774622076536005e-16
z,19.77252843393564,2.842149166658026e-17
z,19.778777652783283,4.454812805709881e-16
z,19.785026871630922,2.098092992189076e-16
z,19.79127609047856,1.139006449224999e-16
z,19.797525309326204,3.8328042405338773e-16
z,19.803774528173847,1.0638114853285761e-15
z,19.810023747021486,1.4195587033551903e-15
z,19.816272965869125,9.563149652690685e-16
z,19.822522184716767,3.2220496288879407e-16
z,19.82877140356441,6.833310196508495e-16
z,19.83502062241205,6.542900798633136e-16
z,19.841269841259688,7.401754307714498e-17
z,19.84751906010733,6.94629562422456e-16
z,19.853768278954973,7.97080599235982e-16
z,19.860017497802612,1.2033875508573604e-16
z,19.86626671665025,1.5443242008049975e-15
z,19.872515935497894,2.7935736172590814e-15
z,19.878765154345537,7.742034251144934e-16
z,19.885014373193176,5.502128200034777e-16
z,19.891263592040815,4.791711789055212e-16
z,19.897512810888458,1.3716057959897605e-15
z,19.9037620297361,1.8892202975267017e-15
z,19.91001124858374,4.42622537207231e-16
z,19.91626046743138,3.893990677136717e-16
z,19.92250968627902,7.05969384668648e-16
z,19.928758905126664,6.676996003643415e-16
z,19.935008123974303,2.4867542568374407e-16
z,19.94125734282194,3.81017202772112e-17
z,19.947506561669584,1.4495577684128474e-16
z,19.953755780517227,9.516792717303396e-17
z,19.960004999364866,2.4122162540592475e-16
z,19.966254218212505,2.4776746044682373e-16
z,19.972503437060148,1.6755654461693687e-16
z,19.97875265590779,1.927489917051653e-16
z,19.98500187475543,2.5314627517976233e-16
z,19.99125109360307,1.3866825078973698e-15
z,19.99750031245071,6.762286754095643e-16
z,20.003749531298354,5.20723128551084e-17
z,20.009998750145993,5.2872732304811596e-17
z,20.016247968993632,1.5943297389070657e-16
z,20.022497187841275,1.5755716632163844e-16
z,20.028746406688917,5.87827370242891e-17
z,20.034995625536556,5.318045852994638e-17
z,20.041244844384195,4.778456420746185e-16
z,20.047494063231838,4.9749918747114095e-16
z,20.05374328207948,2.3473139782148805e-16
z,20.05999250092712,4.914291477679923e-16
z,20.06624171977476,1.4241792259872327e-15
z,20.0724909386224,1.5057352078324928e-15
z,20.078740157470044,5.538847044912285e-16
z,20.084989376317683,1.1310365988897854e-16
z,20.091238595165322,6.558378718174623e-16
z,20.097487814012965,1.6355855499381476e-15
z,20.103737032860607,2.9719472709812664e-16
z,20.109986251708246,1.6167784446149149e-15
z,20.116235470555885,1.6058823548933296e-15
z,20.122484689403528,2.7745794100142323e-16
z,20.12873390825117,1.7117081428948441e-15
z,20.13498312709881,1.2861285868489639e-15
z,20.14123234594645,1.1968803747567683e-15
z,20.14748156479409,3.405698128560543e-15
z,20.153730783641734,2.2606474249828437e-15
z,20.159980002489373,2.419626006394083e-17
z,20.166229221337012,5.370211539571264e-16
z,20.172478440184655,2.816591202349228e-16
z,20.178727659032297,1.4855621893704473e-17
z,20.184976877879937,1.216452141046902e-16
z,20.191226096727576,1.3134392647553727e-16
z,20.19747531557522,3.824426804928769e-17
z,20.20372453442286,9.444828716169884e-17
z,20.2099737532705,2.5579581796751412e-16
z,20.21622297211814,1.7610402703323572e-16
z,20.22247219096578,2.343107439009402e-16
z,20.228721409813424,3.6107807358175766e-16
z,20.234970628661063,1.5595091066671773e-16
z,20.241219847508702,5.589772900880286e-17
z,20.247469066356345,5.441825352943082e-17
z,20.253718285203988,5.3756013422415507e-17
z,20.259967504051627,2.6585480822690304e-17
z,20.266216722899266,4.918316141282357e-17
z,20.27246594174691,2.79095871889451e-16
z,20.27871516059455,1.938704659507998e-16
z,20.28496437944219,3.954949147582639e-16
z,20.29121359828983,5.920441291923431e-16
z,20.297462817137472,2.3532295779145537e-16
z,20.303712035985114,1.9179218534345582e-16
z,20.309961254832753,1.1599650225762508e-16
z,20.316210473680393,1.1795569828320222e-15
z,20.322459692528035,9.963089866339802e-16
z,20.328708911375678,3.2938541294409216e-16
z,20.334958130223317,3.179614680262645e-17
z,20.341207349070956,5.27293920176908e-17
z,20.3474565679186,3.660676119788463e-16
z,20.35370578676624,4.0720480735374535e-16
z,20.35995500561388,3.437104939509695e-16
z,20.36620422446152,1.645930700298284e-15
z,20.372453443309162,4.878494888848499e-16
z,20.378702662156805,4.3358095332188885e-17
z,20.384951881004444,2.102299501963809e-16
z,20.391201099852083,3.3602711322139854e-16
z,20.397450318699725,7.177780389835787e-16
z,20.403699537547368,1.5983132155740515e-15
z,20.409948756395007,1.2740001428709803e-15
z,20.416197975242646,1.3190919004852328e-15
z,20.42244719409029,1.0309422529128365e-15
z,20.42869641293793,5.810298334098927e-16
z,20.43494563178557,5.898539817433126e-17
z,20.44119485063321,5.594987483996425e-16
z,20.447444069480852,2.275237537936329e-15
z,20.453693288328495,1.0351010237800106e-15
z,20.459942507176134,2.6426750892181744e-15
z,20.466191726023773,2.6416441593099677e-15
z,20.472440944871416,1.1843621527017342e-15
z,20.478690163719058,1.1255396420552219e-15
z,20.484939382566697,7.657820277730793e-16
z,20.491188601414336,3.0843280816252634e-15
z,20.49743782026198,2.2562464356336137e-15
z,20.50368703910962,7.293195937460876e-16
z,20.50993625795726,6.25754823003114e-16
z,20.5161854768049,2.613687110270583e-18
z,20.522434695652542,1.7839784105219117e-15
z,20.528683914500185,2.8249853815761947e-16
z,20.534933133347824,2.376865842103212e-15
z,20.541182352195463,1.7878750657079876e-15
z,20.547431571043106,1.1118668496468832e-15
z,20.55368078989075,2.1132077897993732e-15
z,20.559930008738387,5.452680162465577e-15
z,20.566179227586026,6.026005469805843e-15
z,20.57242844643367,1.3168014871416806e-15
z,20.57867766528131,1.3700072830566158e-15
z,20.58492688412895,5.486206522574592e-16
z,20.59117610297659,4.53962273673571e-16
z,20.597425321824232,2.2800876173307053e-15
z,20.603674540671875,7.950388970206522e-16
z,20.609923759519514,1.555134993735137e-15
z,20.616172978367153,6.286772114005555e-15
z,20.622422197214796,3.884239462654071e-15
z,20.62867141606244,5.379328571616213e-16
z,20.634920634910078,1.5418618813464645e-15
z,20.641169853757717,4.113296723993662e-15
z,20.64741907260536,2.681482215385885e-15
z,20.653668291453002,4.2526763259484192e-16
z,20.65991751030064,8.416223239113106e-16
z,20.66616672914828,3.6366562200349164e-16
z,20.672415947995923,4.45723131369237e-18
z,20.678665166843565,1.0315879155922343e-16
z,20.684914385691204,1.439618160445924e-17
z,20.691163604538843,3.6906856997343793e-16
z,20.697412823386486,6.316496622506753e-16
z,20.70366204223413,4.6222373740739075e-16
z,20.709911261081768,3.2058291425171725e-16
z,20.716160479929407,1.7479434793480697e-16
z,20.72240969877705,3.689171629736842e-16
z,20.728658917624692,3.230592695175845e-16
z,20.73490813647233,4.7103152962825855e-17
z,20.74115735531997,8.364650195332315e-17
z,20.747406574167613,2.7703160224922755e-17
z,20.753655793015255,9.054420477994832e-17
z,20.759905011862894,1.5987602860324478e-16
z,20.766154230710534,1.1797318078915445e-16
z,20.772403449558176,1.269772605263456e-16
z,20.77865266840582,1.0102997850854811e-16
z,20.784901887253458,1.0930218237954261e-16
z,20.791151106101097,8.779946274249986e-17
z,20.79740032494874,1.4526025135535595e-16
z,20.803649543796382,2.0162019361475046e-16
z,20.80989876264402,2.259797261968025e-16
z,20.81614798149166,7.308308664919218e-17
z,20.822397200339303,1.8647558958794919e-16
z,20.828646419186946,1.1085247075147977e-16
z,20.834895638034585,6.450480622787199e-17
z,20.841144856882224,7.706755537556374e-17
z,20.847394075729866,6.70820689419691e-17
z,20.85364329457751,1.1008980664205273e-16
z,20.859892513425148,2.372247259855125e-16
z,20.866141732272787,8.877906420520786e-17
z,20.87239095112043,2.1064559685119158e-17
z,20.878640169968072,7.778994394572186e-17
z,20.88488938881571,1.444470034016493e-16
z,20.89113860766335,1.0581242370653189e-16
z,20.897387826510993,6.304637726490288e-17
z,20.903637045358636,4.193468220551542e-17
z,20.909886264206275,2.7878609543493738e-18
z,20.916135483053914,1.764233427252341e-17
z,20.922384701901557,4.3198440769752385e-17
z,20.9286339207492,2.1089508283643302e-17
z,20.934883139596838,2.6041028014544722e-17
z,20.941132358444477,1.4254060469812508e-16
z,20.94738157729212,1.4733204504699685e-16
z,20.953630796139763,2.5959585966713627e-16
z,20.9598800149874,2.398041158569403e-16
z,20.96612923383504,2.8428599329403555e-16
z,20.972378452682683,1.5539531804215166e-16
z,20.978627671530326,6.869364578583891e-17
z,20.984876890377965,1.786106189692134e-17
z,20.991126109225604,2.1741512112401396e-16
z,20.997375328073247,3.302731388870411e-17
z,21.00362454692089,1.0566930332891502e-16
z,21.00987376576853,1.4305825560555023e-17
z,21.016122984616167,5.429306420385862e-17
z,21.02237220346381,1.8884440560240288e-17
z,21.028621422311453,1.8393695989458673e-16
z,21.03487064115909,3.1738769510538525e-16
z,21.04111986000673,7.460890882145233e-17
z,21.047369078854373,2.924767924927654e-17
z,21.053618297702016,4.5708383276771904e-17
z,21.059867516549655,5.932754860441015e-16
z,21.066116735397294,7.577892700066237e-16
z,21.072365954244937,2.642067671807119e-16
z,21.07861517309258,2.928608974449186e-16
z,21.08486439194022,2.3152314985185704e-16
z,21.091113610787858,1.737167344670143e-16
z,21.0973628296355,1.1485288150021779e-16
z,21.103612048483143,1.6350498960562552e-16
z,21.109861267330782,6.625433775863828e-17
z,21.11611048617842,1.3299532085849784e-16
z,21.122359705026064,6.196523337777137e-17
z,21.128608923873706,2.997602520862582e-16
z,21.134858142721345,1.8446208851166334e-16
z,21.141107361568984,1.4167405542778162e-16
z,21.147356580416627,8.050247710228681e-17
z,21.15360579926427,5.041070041425454e-18
z,21.15985501811191,6.846814007706103e-17
z,21.166104236959548,3.591754723608035e-17
z,21.17235345580719,3.177501369614049e-17
z,21.178602674654833,4.48025023613352e-16
z,21.184851893502472,1.5934006317978346e-15
z,21.19110111235011,9.373373691630784e-16
z,21.197350331197754,2.557584371010752e-16
z,21.203599550045396,3.809518643580714e-16
z,21.209848768893035,1.0333683142150254e-15
z,21.216097987740675,1.270381419338235e-15
z,21.222347206588317,1.034980310263012e-15
z,21.22859642543596,2.2590094328283116e-16
z,21.2348456442836,2.227193250389619e-15
z,21.241094863131238,8.165800022138088e-16
z,21.24734408197888,1.3187055324847842e-15
z,21.253593300826523,1.6033649874066754e-15
z,21.259842519674162,2.9505754861845894e-17
z,21.2660917385218,3.0415641520287624e-16
z,21.272340957369444,5.889633798616905e-16
z,21.278590176217087,2.5840894139945856e-16
z,21.284839395064726,3.494610668230118e-16
z,21.291088613912365,2.1581522539045698e-15
z,21.297337832760007,9.704335358607514e-16
z,21.30358705160765,1.1897545456106371e-15
z,21.30983627045529,6.772064410147498e-16
z,21.316085489302928,2.927652869343027e-16
z,21.32233470815057,1.7430445199329803e-16
z,21.328583926998213,5.571681727978054e-17
z,21.334833145845852,1.7746565717893684e-16
z,21.34108236469349,1.2661279029054044e-15
z,21.347331583541134,1.059857968444704e-15
z,21.353580802388777,1.4037340113062496e-16
z,21.359830021236416,2.199459479968406e-17
z,21.366079240084055,6.136761860902142e-17
z,21.372328458931698,3.245925090667465e-16
z,21.37857767777934,5.796199748522558e-16
z,21.38482689662698,1.0885833582324582e-15
z,21.39107611547462,7.05069068555568e-16
z,21.39732533432226,6.097264692627392e-17
z,21.403574553169904,8.131192618337076e-17
z,21.409823772017543,1.4770268508184728e-16
z,21.41607299086518,1.3431451588660702e-16
z,21.422322209712824,2.2483961207488147e-16
z,21.428571428560467,3.000951220422526e-16
z,21.434820647408106,1.5844362242058567e-16
z,21.441069866255745,5.450989586034684e-17
z,21.447319085103388,7.942819389913242e-17
z,21.45356830395103,9.448880355555905e-17
z,21.45981752279867,9.388076330250596e-18
z,21.46606674164631,1.9727695995672475e-17
z,21.47231596049395,8.640558070845983e-17
z,21.478565179341594,7.219646947944241e-18
z,21.484814398189233,1.0596072991081818e-17
z,21.491063617036872,3.082749331779935e-16
z,21.497312835884514,2.8483102251368743e-16
z,21.503562054732157,3.842505337612669e-17
z,21.509811273579796,1.0523838259757878e-16
z,21.516060492427435,1.0797059905272263e-16
z,21.522309711275078,2.706473906739851e-16
z,21.52855893012272,2.9699816171104584e-16
z,21.53480814897036,7.816459115751686e-16
z,21.541057367818,2.497693219513768e-16
z,21.54730658666564,9.796473881137614e-17
z,21.553555805513284,6.058118550933581e-17
z,21.559805024360923,9.301482227356014e-17
z,21.566054243208562,8.544262686377974e-17
z,21.572303462056205,5.804351611457617e-17
z,21.578552680903847,3.392853106706061e-17
z,21.584801899751486,1.8667287241644265e-16
z,21.591051118599125,1.1134283598389694e-16
z,21.597300337446768,3.166465887007511e-17
z,21.60354955629441,8.483836591033709e-17
z,21.60979877514205,4.725060078476417e-17
z,21.61604799398969,1.8544448442391164e-17
z,21.62229721283733,8.96954877559577e-17
z,21.628546431684974,9.859213064303774e-17
z,21.634795650532613,8.621939778521404e-17
z,21.641044869380252,8.126248291222922e-17
z,21.647294088227895,1.3381238682069332e-17
z,21.653543307075537,1.7860325932123564e-17
z,21.659792525923176,1.1650564818115408e-17
z,21.666041744770816,6.154054099484948e-17
z,21.672290963618458,7.994780182325952e-17
z,21.6785401824661,1.0544341178546934e-16
z,21.68478940131374,6.448040248214976e-17
z,21.69103862016138,4.4580047601733506e-18
z,21.69728783900902,3.712238506849908e-17
z,21.703537057856664,7.286784560667285e-17
z,21.709786276704303,8.623112404999006e-17
z,21.716035495551942,9.414057896287899e-17
z,21.722284714399585,5.792236679477236e-17
z,21.728533933247228,1.400160791258448e-17
z,21.734783152094867,4.995580326478351e-17
z,21.741032370942506,5.695188264266883e-17
z,21.74728158979015,5.3821356073704146e-18
z,21.75353080863779,4.7312186555623924e-17
z,21.75978002748543,1.6169951807327275e-16
z,21.76602924633307,2.6778246884133785e-16
z,21.77227846518071,1.978005535567141e-16
z,21.778527684028354,7.777938173779179e-17
z,21.784776902875993,9.125815665003049e-17
z,21.791026121723633,1.6011864681565562e-16
z,21.797275340571275,9.729015533450806e-18
z,21.803524559418918,6.875221490138146e-17
z,21.809773778266557,1.41094323053177e-16
z,21.816022997114196,1.7887095160367132e-17
z,21.82227221596184,2.097500948183595e-16
z,21.82852143480948,4.019065397385721e-16
z,21.83477065365712,2.2074660381211824e-16
z,21.84101987250476,6.307255927161675e-17
z,21.847269091352402,9.511229734287726e-17
z,21.853518310200045,1.3661653187292756e-16
z,21.859767529047684,3.5910891885608984e-16
z,21.866016747895323,1.2762791749532565e-16
z,21.872265966742965,4.4579791492662e-17
z,21.878515185590608,8.521329750164001e-17
z,21.884764404438247,1.006182818599723e-16
z,21.891013623285886,6.335901248698303e-17
z,21.89726284213353,5.803501590263945e-18
z,21.90351206098117,2.6536259432499958e-17
z,21.90976127982881,1.2460794538306715e-17
z,21.91601049867645,3.91990574830108e-17
z,21.922259717524092,4.0501894943454404e-17
z,21.928508936371735,2.72723358957124e-17
z,21.934758155219374,2.2298308271500785e-17
z,21.941007374067013,1.825020277419648e-17
z,21.947256592914655,2.3340860791405725e-16
z,21.953505811762298,1.8925841035492445e-16
z,21.959755030609937,2.717758547745489e-17
z,21.966004249457576,2.1565051487293698e-18
z,21.97225346830522,2.2348203069046465e-17
z,21.97850268715286,3.250575785250553e-17
z,21.9847519060005,1.1075297605328892e-17
z,21.99100112484814,1.406958130056685e-17
z,21.997250343695782,4.003689496034236e-17
z,22.003499562543425,1.0513033559636664e-16
z,22.009748781391064,3.9069162313091256e-17
z,22.015998000238703,5.700939849351069e-17
z,22.022247219086346,1.5376037562012653e-16
z,22.02849643793399,2.6195226383333865e-16
z,22.034745656781627,1.2672007943850298e-16
z,22.040994875629266,4.6101864289695574e-17
z,22.04724409447691,6.06512342180217e-17
z,22.05349331332455,3.299741813508712e-16
z,22.05974253217219,9.208238629728963e-17
z,22.06599175101983,2.817945623106177e-16
z,22.072240969867472,3.377380134582952e-16
z,22.078490188715115,9.717252349595614e-17
z,22.084739407562754,2.3490266799350536e-16
z,22.090988626410393,3.718428891759365e-16
z,22.097237845258036,1.2854609739542737e-16
z,22.10348706410568,4.653428935921604e-16
z,22.109736282953317,5.130917711991029e-16
z,22.115985501800957,2.860183529057053e-17
z,22.1222347206486,6.817041023520931e-17
z,22.128483939496242,6.635080055063107e-17
z,22.13473315834388,5.302371722473419e-18
z,22.14098237719152,1.8888777064447047e-17
z,22.147231596039163,2.885054711699977e-17
z,22.153480814886805,2.1060310766280036e-17
z,22.159730033734444,6.2159782794014415e-18
z,22.165979252582083,4.6374926446658706e-17
z,22.172228471429726,4.808997468827974e-17
z,22.17847769027737,4.934024916236266e-17
z,22.184726909125008,7.413281568999614e-17
z,22.190976127972647,3.486205334150187e-17
z,22.19722534682029,8.883099887523445e-18
z,22.203474565667932,6.795096198674137e-18
z,22.20972378451557,1.1294023300809158e-17
z,22.21597300336321,4.477665569115032e-18
z,22.222222222210853,5.415701150710461e-18
z,22.228471441058495,3.5296029946305925e-17
z,22.234720659906134,5.128987174649476e-17
z,22.240969878753774,3.940235449525978e-17
z,22.247219097601416,9.346471138779922e-17
z,22.25346831644906,5.055827077580518e-17
z,22.259717535296698,4.967549615567672e-17
z,22.265966754144337,3.201807206087526e-20
z,22.27221597299198,1.5395949157854184e-16
z,22.278465191839622,1.9985162900095104e-16
z,22.28471441068726,9.466761576031325e-17
z,22.2909636295349,1.1535973435733202e-17
z,22.297212848382543,1.2416350007834407e-17
z,22.303462067230186,3.801115535105631e-17
z,22.309711286077825,8.960769066052486e-17
z,22.315960504925464,8.376885153996312e-18
z,22.322209723773106,2.5029841558676636e-16
z,22.32845894262075,1.3923142497752196e-16
z,22.334708161468388,1.8946632838683884e-17
z,22.340957380316027,2.5330904172748095e-17
z,22.34720659916367,5.561186004096062e-17
z,22.353455818011312,1.3275232942512342e-16
z,22.35970503685895,2.0282587312723757e-16
z,22.36595425570659,2.634299071784933e-16
z,22.372203474554233,1.3943134004958302e-16
z,22.378452693401876,2.0654097277425676e-16
z,22.384701912249515,6.644978829344441e-17
z,22.390951131097154,2.767207615968801e-17
z,22.397200349944796,4.044806264125238e-17
z,22.40344956879244,2.723012265098207e-16
z,22.409698787640078,2.312442764214047e-16
z,22.415948006487717,2.1526386440298683e-16
z,22.42219722533536,3.9102822898226016e-16
z,22.428446444183002,1.7137805006083495e-16
z,22.43469566303064,1.5506757573591517e-16
z,22.44094488187828,1.0526404671950456e-16
z,22.447194100725923,3.489363302357413e-16
z,22.453443319573566,3.532913518151039e-16
z,22.459692538421205,1.463736075591769e-16
z,22.465941757268844,6.537272004550256e-17
z,22.472190976116487,2.857116315531921e-17
z,22.47844019496413,1.6030082614536972e-16
z,22.48468941381177,5.507253339911873e-17
z,22.490938632659407,2.4702785637913247e-16
z,22.49718785150705,2.519655333688196e-16
z,22.503437070354693,1.1427237067939615e-16
z,22.50968628920233,1.6861355166254245e-16
z,22.51593550804997,4.932086046568605e-16
z,22.522184726897613,7.7239431833399965e-16
z,22.528433945745256,2.1795679281413845e-16
z,22.534683164592895,1.9790863277002785e-16
z,22.540932383440534,5.862457335975323e-17
z,22.547181602288177,1.7015028561851274e-17
z,22.55343082113582,2.364014080412384e-16
z,22.55968003998346,1.3905246214323064e-16
z,22.565929258831098,8.366510471252156e-17
z,22.57217847767874,6.51516090677182e-16
z,22.578427696526383,5.978984196780943e-16
z,22.584676915374022,1.0157131350841897e-16
z,22.59092613422166,1.1231654656294933e-16
z,22.597175353069304,4.497978179181404e-16
z,22.603424571916946,3.7789251980148104e-16
z,22.609673790764585,7.196120319518403e-17
z,22.615923009612224,7.008306540705065e-17
z,22.622172228459867,6.173811314254721e-17
z,22.62842144730751,2.523757951255978e-18
z,22.63467066615515,4.087657478336812e-18
z,22.640919885002788,3.595622356997753e-18
z,22.64716910385043,1.5846081512744072e-17
z,22.653418322698073,8.003157763578648e-17
z,22.659667541545712,4.169604878949286e-17
z,22.66591676039335,5.5117427600619625e-17
z,22.672165979240994,7.839544598151067e-18
z,22.678415198088636,3.542392698024991e-17
z,22.684664416936275,3.3553135383751994e-17
z,22.690913635783915,8.807664949398625e-18
z,22.697162854631557,1.116868831998326e-17
z,22.7034120734792,9.095464131976421e-18
z,22.70966129232684,5.118952462823146e-18
z,22.715910511174478,1.5942680370690622e-17
z,22.72215973002212,1.3029048609009919e-17
z,22.728408948869763,1.9527123663106004e-17
z,22.734658167717402,1.5040779923589393e-17
z,22.74090738656504,1.1721273576098884e-17
z,22.747156605412684,1.5367835407559567e-18
z,22.753405824260327,7.15720443314728e-18
z,22.759655043107966,2.0872659706687238e-17
z,22.765904261955605,3.51148578092143e-17
z,22.772153480803247,1.1715128262715126e-17
z,22.77840269965089,1.5762404258541652e-17
z,22.78465191849853,2.6798920823876443e-17
z,22.790901137346168,1.382175134474512e-17
z,22.79715035619381,5.860063258815509e-18
z,22.803399575041453,1.0442673041080335e-17
z,22.809648793889092,1.4687619454482215e-17
z,22.81589801273673,3.776996175122647e-17
z,22.822147231584374,3.345639430045524e-17
z,22.828396450432017,7.206142963497416e-18
z,22.834645669279656,2.2443423892571254e-17
z,22.840894888127295,3.2478661194205865e-17
z,22.847144106974937,1.4543739819864003e-17
z,22.85339332582258,5.911777853063601e-18
z,22.85964254467022,2.4682217669681788e-18
z,22.86589176351786,1.5443286260923858e-19
z,22.8721409823655,1.5963016149696144e-18
z,22.878390201213143,1.0088941284465645e-17
z,22.884639420060783,3.1107745001521336e-18
z,22.89088863890842,1.3019187516847101e-17
z,22.897137857756064,1.5595381171834568e-17
z,22.903387076603707,1.6380891969452048e-17
z,22.909636295451346,2.7023267091785975e-17
z,22.915885514298985,2.6081204336915773e-17
z,22.922134733146628,3.2088117168231044e-17
z,22.92838395199427,1.9793591017783956e-17
z,22.93463317084191,7.130505342643078e-18
z,22.94088238968955,1.0152580884139778e-18
z,22.94713160853719,2.0689397561005835e-17
z,22.953380827384834,5.32553880127857e-18
z,22.959630046232473,7.178800272145371e-18
z,22.965879265080112,9.498862404817305e-19
z,22.972128483927754,6.08362115942013e-18
z,22.978377702775397,2.4950023082015142e-18
z,22.984626921623036,9.979533879844007e-18
z,22.990876140470675,3.077415705313183e-17
z,22.997125359318318,6.836660228532704e-18
z,23.00337457816596,5.545527660398577e-18
z,23.0096237970136,7.788692015220804e-19
z,23.01587301586124,5.095954355354074e-17
z,23.02212223470888,1.0781668888634523e-16
z,23.028371453556524,4.379254480286477e-17
z,23.034620672404163,4.1160637733205707e-17
z,23.040869891251802,3.7100778412498425e-17
z,23.047119110099445,2.789854854576166e-17
z,23.053368328947087,1.7181572314197098e-17
z,23.059617547794726,2.389837925052371e-17
z,23.065866766642365,2.254698167724144e-17
z,23.072115985490008,7.093803657155841e-18
z,23.07836520433765,1.8396138382186965e-17
z,23.08461442318529,2.2838975478823925e-17
z,23.09086364203293,2.4050048416871134e-17
z,23.09711286088057,1.2182737763517585e-17
z,23.103362079728214,1.558604985924011e-17
z,23.109611298575853,9.414500221004782e-19
z,23.115860517423492,8.043437775403803e-18
z,23.122109736271135,4.113084572536011e-18
z,23.128358955118777,8.267039079032739e-18
z,23.134608173966416,2.458153011597655e-17
z,23.140857392814056,2.035480965408873e-16
z,23.147106611661698,1.772089837615384e-16
z,23.15335583050934,5.210936443423925e-17
z,23.15960504935698,4.608880728084558e-17
z,23.16585426820462,1.2471489676826824e-16
z,23.17210348705226,1.8308341291713575e-16
z,23.178352705899904,1.6457405677091396e-16
z,23.184601924747543,3.850025417570103e-17
z,23.190851143595182,2.3748893758369857e-16
z,23.197100362442825,2.454605432077846e-16
z,23.203349581290468,7.929039686227742e-17
z,23.209598800138107,3.1430656054855583e-16
z,23.215848018985746,1.573558081692112e-17
z,23.22209723783339,2.783651990735666e-17
z,23.22834645668103,9.027750818153807e-17
z,23.23459567552867,5.178567513318044e-17
z,23.24084489437631,1.2227487595410383e-17
z,23.24709411322395,3.2337922876861794e-16
z,23.253343332071594,1.9980360304729893e-16
z,23.259592550919233,1.7292568081186162e-16
z,23.265841769766872,1.4073591400055866e-16
z,23.272090988614515,5.560427532990889e-17
z,23.278340207462158,2.9797447420283876e-17
z,23.284589426309797,9.759324445466985e-18
z,23.290838645157436,1.4957210042105587e-17
z,23.29708786400508,1.4875495653617928e-16
z,23.30333708285272,2.0120358447695923e-16
z,23.30958630170036,3.514186175187563e-17
z,23.315835520548,3.513178181709405e-18
z,23.322084739395642,9.043855256170263e-18
z,23.328333958243284,4.041238428448897e-17
z,23.334583177090924,7.750591957811272e-17
z,23.340832395938563,1.4766583973971779e-16
z,23.347081614786205,1.423960236595899e-16
z,23.353330833633848,1.813031433033826e-17
z,23.359580052481487,1.031392781285274e-17
z,23.365829271329126,2.398395024527033e-17
z,23.37207849017677,1.715400395882845e-17
z,23.37832770902441,2.6064433158374928e-17
z,23.38457692787205,4.4658192582172584e-17
z,23.39082614671969,2.901164371894814e-17
z,23.397075365567332,5.263236546575143e-18
z,23.403324584414975,6.108029999585652e-18
z,23.409573803262614,1.7595761357820104e-17
z,23.415823022110253,8.373846803118252e-19
z,23.422072240957895,2.063602334255624e-18
z,23.428321459805538,1.949962112991358e-17
z,23.434570678653177,2.758005431880033e-18
z,23.440819897500816,5.2608050764568366e-20
z,23.44706911634846,2.2878204895233708e-17
z,23.4533183351961,4.731000333497256e-17
z,23.45956755404374,3.1358727946002144e-18
z,23.46581677289138,1.917707432864883e-17
z,23.472065991739022,5.88871476061753e-18
z,23.478315210586665,1.3091789914625764e-17
z,23.484564429434304,7.726379557261436e-18
z,23.490813648281943,1.1473118479717964e-17
z,23.497062867129586,1.7900659925338047e-17
z,23.503312085977228,1.0056567999830438e-17
z,23.509561304824867,1.1805173424048767e-17
z,23.515810523672506,2.7574086944884403e-17
z,23.52205974252015,2.0531668416799263e-17
z,23.52830896136779,5.8143658540721934e-18
z,23.53455818021543,2.9501404563590627e-18
z,23.54080739906307,2.4335897342052286e-17
z,23.547056617910712,2.045376399520523e-17
z,23.553305836758355,2.6605297727488113e-18
z,23.559555055605994,4.724167964619176e-18
z,23.565804274453633,1.003508528789919e-17
z,23.572053493301276,1.98834593360033e-18
z,23.57830271214892,1.2040586186459477e-17
z,23.584551930996557,2.3065771493666926e-17
z,23.590801149844197,2.29340837083016e-17
z,23.59705036869184,2.517229004663998e-17
z,23.60329958753948,4.466933857281835e-18
z,23.60954880638712,6.82746019445244e-18
z,23.61579802523476,9.11380435967422e-19
z,23.622047244082403,8.528398347062954e-18
z,23.628296462930045,2.622552365550906e-17
z,23.634545681777684,3.935921641708658e-17
z,23.640794900625323,2.7512755962396394e-17
z,23.647044119472966,8.1468371541948e-18
z,23.65329333832061,2.850985653728195e-18
z,23.659542557168248,5.4110211309343786e-18
z,23.665791776015887,4.166080185453067e-18
z,23.67204099486353,1.7946507255737172e-17
z,23.678290213711172,2.3811912845008486e-17
z,23.68453943255881,5.23438023373224e-18
z,23.69078865140645,3.726419996537609e-18
z,23.697037870254093,6.790519268974373e-18
z,23.703287089101735,7.479172954046598e-19
z,23.709536307949374,3.0524605884683654e-19
z,23.715785526797013,2.564477461945636e-17
z,23.722034745644656,6.720088471174592e-17
z,23.7282839644923,5.657727640039136e-17
z,23.734533183339938,3.043574480861623e-17
z,23.740782402187577,1.75555976654819e-17
z,23.74703162103522,3.286504845027051e-17
z,23.753280839882862,1.1156204882094971e-17
z,23.7595300587305,2.9108007539051045e-18
z,23.76577927757814,1.6036837013048754e-17
z,23.772028496425783,8.87011899235474e-18
z,23.778277715273425,2.803395902536599e-17
z,23.784526934121065,6.092804765265143e-17
z,23.790776152968704,4.889954896189193e-17
z,23.797025371816346,9.906717065511264e-18
z,23.80327459066399,2.328058424673974e-17
z,23.809523809511628,2.008885224174916e-18
z,23.815773028359267,4.3285982613945675e-17
z,23.82202224720691,4.058959510138575e-17
z,23.828271466054552,8.720538713243545e-18
z,23.83452068490219,5.5758960481196626e-18
z,23.84076990374983,7.530029875377375e-18
z,23.847019122597473,1.3128053687726295e-17
z,23.853268341445116,6.520067665265449e-18
z,23.859517560292755,2.2979156051348097e-18
z,23.865766779140394,2.1338913740721363e-18
z,23.872015997988036,6.84212767802671e-18
z,23.87826521683568,7.10805010320898e-18
z,23.884514435683318,3.9243587293666545e-18
z,23.890763654530957,9.066419927612392e-19
z,23.8970128733786,1.7315705067868978e-18
z,23.903262092226242,4.3916851010244914e-17
z,23.90951131107388,5.38750336594411e-17
z,23.91576052992152,1.7112669420669958e-17
z,23.922009748769163,1.2007774468031937e-18
z,23.928258967616806,2.986936180974516e-18
z,23.934508186464445,9.740824301559353e-18
z,23.940757405312084,4.5999117363325886e-18
z,23.947006624159727,4.218781361029698e-18
z,23.95325584300737,1.6161071336270842e-18
z,23.95950506185501,1.0299152999988077e-17
z,23.965754280702647,9.701117025309643e-18
z,23.97200349955029,7.74448996255478e-19
z,23.978252718397933,6.338710782624344e-19
z,23.98450193724557,1.8486769828604248e-17
z,23.99075115609321,3.090731404298818e-17
z,23.997000374940853,4.219717468595563e-17
z,24.003249593788496,9.451401012961512e-18
z,24.009498812636135,7.37412485155191e-17
z,24.015748031483774,6.461105959621216e-17
z,24.021997250331417,3.739437506635344e-17
z,24.02824646917906,1.0313485759519281e-16
z,24.0344956880267,4.495693344782027e-17
z,24.040744906874338,2.7553315747741783e-17
z,24.04699412572198,1.038464717518798e-16
z,24.053243344569623,2.053954171726834e-17
z,24.059492563417262,2.890891166024511e-17
z,24.0657417822649,7.548410081153543e-17
z,24.071991001112544,9.553053409484449e-18
z,24.078240219960186,7.873022130530023e-18
z,24.084489438807825,6.007789863126719e-18
z,24.090738657655464,2.5413621052173977e-18
z,24.096987876503107,3.9846339950283905e-18
z,24.10323709535075,7.292495364722279e-18
z,24.10948631419839,9.368718808295134e-18
z,24.115735533046028,4.668034020363954e-19
z,24.12198475189367,8.105530192558314e-18
z,24.128233970741313,1.960702791235763e-17
z,24.134483189588952,2.6797581317632494e-17
z,24.14073240843659,2.5067021221693575e-17
z,24.146981627284234,6.570804997323654e-18
z,24.153230846131876,8.733376773489881e-19
z,24.159480064979515,3.8679186504819276e-19
z,24.165729283827154,3.652947238724315e-18
z,24.171978502674797,2.2233873897746586e-18
z,24.17822772152244,9.05267742045062e-19
z,24.18447694037008,1.6814328462368868e-18
z,24.190726159217718,1.5079621605536372e-17
z,24.19697537806536,4.678549344654109e-18
z,24.203224596913003,7.134068099102532e-18
z,24.209473815760642,7.518830732000193e-18
z,24.21572303460828,1.3705930190621606e-17
z,24.221972253455924,1.1598978803926874e-17
z,24.228221472303566,6.65550393745984e-18
z,24.234470691151206,2.719394397700203e-17
z,24.240719909998845,2.7517744616002304e-17
z,24.246969128846487,7.027392857187542e-18
z,24.25321834769413,1.2268317651442718e-17
z,24.25946756654177,1.609513945695873e-17
z,24.265716785389408,1.8674855239195856e-17
z,24.27196600423705,2.628918633219504e-18
z,24.278215223084693,2.480276142242062e-17
z,24.284464441932332,2.868513725412191e-17
z,24.29071366077997,1.2450349495125695e-17
z,24.296962879627614,1.0109055029112862e-17
z,24.303212098475257,1.5271109532156466e-17
z,24.309461317322896,3.8181933234365533e-17
z,24.315710536170535,4.8802539564232605e-17
z,24.321959755018177,6.904411713142109e-17
z,24.32820897386582,1.6899998876207833e-17
z,24.33445819271346,2.6607159987026907e-17
z,24.340707411561098,8.581137979789588e-18
z,24.34695663040874,2.1012749034905454e-18
z,24.353205849256383,2.9905995177832027e-18
z,24.359455068104023,2.8576662107721077e-17
z,24.36570428695166,5.644905068580252e-17
z,24.371953505799304,1.4730101888861495e-17
z,24.378202724646947,4.133900059717279e-17
z,24.384451943494586,2.1038839915370495e-17
z,24.390701162342225,1.881549193930959e-17
z,24.396950381189868,2.2640555565515862e-17
z,24.40319960003751,5.1871895019757536e-17
z,24.40944881888515,6.990733724567066e-17
z,24.41569803773279,3.4718258831519375e-17
z,24.42194725658043,5.831460184795589e-18
z,24.428196475428074,7.531083560973262e-18
z,24.434445694275713,1.4638032715192472e-17
z,24.44069491312335,1.316091815223255e-17
z,24.446944131970994,3.285121389381037e-17
z,24.453193350818637,3.9488694815248366e-17
z,24.459442569666276,1.7778526061562148e-17
z,24.465691788513915,1.1581394788102112e-17
z,24.471941007361558,3.505891342841403e-17
z,24.4781902262092,7.156878569471946e-17
z,24.48443944505684,2.2992285164529974e-17
z,24.49068866390448,1.7847054760250256e-17
z,24.49693788275212,2.1855208302275607e-18
z,24.503187101599764,1.079947063594852e-18
z,24.509436320447403,1.6237691827019242e-17
z,24.515685539295042,1.2799492042738647e-17
z,24.521934758142685,5.629838367699954e-18
z,24.528183976990327,6.31463602495948e-17
z,24.534433195837966,6.367609418978393e-17
z,24.540682414685605,1.3130211442687987e-17
z,24.546931633533248,3.810878445748398e-18
z,24.55318085238089,3.900241530757367e-17
z,24.55943007122853,5.723303319024044e-17
z,24.56567929007617,9.990116805897868e-18
z,24.57192850892381,3.044141861628087e-18
z,24.578177727771454,8.989030316601118e-18
z,24.584426946619093,2.563886777127255e-18
z,24.590676165466732,4.2982789131912584e-18
z,24.596925384314375,1.6401239252794007e-19
z,24.603174603162017,6.269799691598511e-20
z,24.609423822009656,1.0036848147486014e-17
z,24.615673040857295,1.1379856505482225e-17
z,24.621922259704938,7.86606923729887e-18
z,24.62817147855258,1.7446854660790422e-19
z,24.63442069740022,6.681645764443582e-18
z,24.64066991624786,1.2284160497518875e-18
z,24.6469191350955,4.0058983449021483e-19
z,24.653168353943144,6.819523819000078e-18
z,24.659417572790783,9.528686866823317e-18
z,24.665666791638422,3.982521885036825e-18
z,24.671916010486065,4.305271176574804e-18
z,24.678165229333707,5.548347140011645e-18
z,24.684414448181347,5.13622285988091e-18
z,24.690663667028986,7.83278325119767e-18
z,24.69691288587663,2.312752029357869e-17
z,24.70316210472427,1.5602141976336643e-17
z,24.70941132357191,6.96875039656448e-18
z,24.71566054241955,4.554630471481724e-18
z,24.72190976126719,6.107200390932531e-18
z,24.728158980114834,3.4604664846631173e-18
z,24.734408198962473,1.0691400002451998e-17
z,24.740657417810112,4.138593837795332e-17
z,24.746906636657755,2.1542563492903472e-17
z,24.753155855505398,1.1495276305397924e-18
z,24.759405074353037,1.7779051153866483e-18
z,24.765654293200676,7.761827714720035e-18
z,24.77190351204832,1.955467893218309e-17
z,24.77815273089596,3.8790884829670995e-17
z,24.7844019497436,2.7721730106309743e-17
z,24.79065116859124,4.784476129974869e-17
z,24.796900387438882,5.318809941433201e-17
z,24.803149606286524,1.8921938131271666e-18
z,24.809398825134164,6.331538116761689e-18
z,24.815648043981803,1.040699979259314e-17
z,24.821897262829445,2.612435554395737e-18
z,24.828146481677088,5.676751542821153e-18
z,24.834395700524727,5.040422172687497e-17
z,24.840644919372366,2.9924817319496712e-18
z,24.84689413822001,5.32293008293068e-17
z,24.85314335706765,2.7504534093225396e-17
z,24.85939257591529,1.1470857420854012e-17
z,24.86564179476293,2.949973603015545e-17
z,24.871891013610572,2.81267722550197e-17
z,24.878140232458215,2.0584533257946402e-17
z,24.884389451305854,1.1187522425315884e-17
z,24.890638670153493,1.0152487099440851e-17
z,24.896887889001135,2.6449308645342814e-17
z,24.903137107848778,2.4483026116798534e-17
z,24.909386326696417,1.5452087944126581e-18
z,24.915635545544056,1.5449879368636524e-18
z,24.9218847643917,9.504805672807194e-19
z,24.92813398323934,1.58828322748576e-18
z,24.93438320208698,1.0390070301105431e-18
z,24.94063242093462,2.023038296292843e-18
z,24.946881639782262,9.742459756472162e-19
z,24.953130858629905,7.99369364023378e-19
z,24.959380077477544,2.8310194684966074e-18
z,24.965629296325183,2.4824382075700433e-18
z,24.971878515172826,2.0317396698899914e-18
z,24.978127734020468,2.2963879314693795e-17
z,24.984376952868107,1.311756272347666e-17
z,24.990626171715746,9.036465286985673e-18
z,24.99687539056339,1.0095753587827461e-17
