t,u,v
0.000000000000000000e+00,-1.049348120332588979e-02,-7.974826998815102153e-01
5.427088981909624786e-05,-1.049815514348141979e-02,-7.901603121735381041e-01
1.085417796381924957e-04,-1.050268477663135469e-02,-7.828649327187617857e-01
1.628126694572887300e-04,-1.050707075561901037e-02,-7.755965139321313595e-01
2.170835592763849914e-04,-1.051131373904614676e-02,-7.683550066424503777e-01
2.713544490954812529e-04,-1.051541439107436110e-02,-7.611403601299550070e-01
3.256253389145774601e-04,-1.051937338122906421e-02,-7.539525221634791885e-01
3.798962287336737215e-04,-1.052319138420604837e-02,-7.467914390372030198e-01
4.341671185527699829e-04,-1.052686907968066431e-02,-7.396570556069789193e-01
4.884380083718662443e-04,-1.053040715211962623e-02,-7.325493153262309098e-01
5.427088981909625057e-04,-1.053380629059542592e-02,-7.254681602814250230e-01
5.969797880100587671e-04,-1.053706718860340438e-02,-7.184135312271072715e-01
6.512506778291549201e-04,-1.054019054388144992e-02,-7.113853676205049714e-01
7.055215676482511815e-04,-1.054317705823236070e-02,-7.043836076556904136e-01
7.597924574673474429e-04,-1.054602743734883372e-02,-6.974081882973053315e-01
8.140633472864437043e-04,-1.054874239064112172e-02,-6.904590453138415018e-01
8.683342371055399658e-04,-1.055132263106733914e-02,-6.835361133104791431e-01
9.226051269246362272e-04,-1.055376887496640298e-02,-6.766393257614798928e-01
9.768760167437324886e-04,-1.055608184189363308e-02,-6.697686150421345852e-01
1.031146906562828642e-03,-1.055826225445898915e-02,-6.629239124602640532e-01
1.085417796381925011e-03,-1.056031083816793420e-02,-6.561051482872738427e-01
1.139688686201021164e-03,-1.056222832126492948e-02,-6.493122517887616185e-01
1.193959576020117534e-03,-1.056401543457955762e-02,-6.425451512546785926e-01
1.248230465839213687e-03,-1.056567291137523214e-02,-6.358037740290436446e-01
1.302501355658309840e-03,-1.056720148720053341e-02,-6.290880465392131304e-01
1.356772245477406210e-03,-1.056860189974310679e-02,-6.223978943247047146e-01
1.411043135296502363e-03,-1.056987488868614371e-02,-6.157332420655784455e-01
1.465314025115598733e-03,-1.057102119556743193e-02,-6.090940136103749625e-01
1.519584914934694886e-03,-1.057204156364092811e-02,-6.024801320036129448e-01
1.573855804753791256e-03,-1.057293673774088900e-02,-5.958915195128468012e-01
1.628126694572887409e-03,-1.057370746414849211e-02,-5.893280976552883743e-01
1.682397584391983779e-03,-1.057435449046095766e-02,-5.827897872239913291e-01
1.736668474211079932e-03,-1.057487856546316697e-02,-5.762765083136041078e-01
1.790939364030176085e-03,-1.057528043900170765e-02,-5.697881803456908978e-01
1.845210253849272454e-03,-1.057556086186139249e-02,-5.633247220936252742e-01
1.899481143668368607e-03,-1.057572058564417404e-02,-5.568860517070571836e-01
1.953752033487464977e-03,-1.057576036265047391e-02,-5.504720867359580438e-01
2.008022923306561347e-03,-1.057568094576287650e-02,-5.440827441542450682e-01
2.062293813125657283e-03,-1.057548308833219930e-02,-5.377179403829895898e-01
2.116564702944753653e-03,-1.057516754406587212e-02,-5.313775913132107176e-01
2.170835592763850023e-03,-1.057473506691865642e-02,-5.250616123282592085e-01
2.225106482582945959e-03,-1.057418641098562852e-02,-5.187699183257942215e-01
2.279377372402042329e-03,-1.057352233039744564e-02,-5.125024237393556170e-01
2.333648262221138699e-03,-1.057274357921784459e-02,-5.062590425595375754e-01
2.387919152040235068e-03,-1.057185091134335737e-02,-5.000396883547649773e-01
2.442190041859331005e-03,-1.057084508040522994e-02,-4.938442742916768213e-01
2.496460931678427374e-03,-1.056972683967349370e-02,-4.876727131551213401e-01
2.550731821497523744e-03,-1.056849694196318641e-02,-4.815249173677662586e-01
2.605002711316619680e-03,-1.056715613954270321e-02,-4.754007990093272462e-01
2.659273601135716050e-03,-1.056570518404421552e-02,-4.693002698354198365e-01
2.713544490954812420e-03,-1.056414482637617509e-02,-4.632232412960384238e-01
2.767815380773908790e-03,-1.056247581663785455e-02,-4.571696245536659431e-01
2.822086270593004726e-03,-1.056069890403589159e-02,-4.511393305010187871e-01
2.876357160412101096e-03,-1.055881483680284200e-02,-4.451322697784315663e-01
2.930628050231197466e-03,-1.055682436211767203e-02,-4.391483527908850437e-01
2.984898940050293836e-03,-1.055472822602820764e-02,-4.331874897246822953e-01
3.039169829869389772e-03,-1.055252717337547275e-02,-4.272495905637768154e-01
3.093440719688486142e-03,-1.055022194771992883e-02,-4.213345651057568975e-01
3.147711609507582511e-03,-1.054781329126956019e-02,-4.154423229774913962e-01
3.201982499326678448e-03,-1.054530194480978941e-02,-4.095727736504403138e-01
3.256253389145774817e-03,-1.054268864763520039e-02,-4.037258264556345400e-01
3.310524278964871187e-03,-1.053997413748304288e-02,-3.979013905983301846e-01
3.364795168783967557e-03,-1.053715915046846835e-02,-3.920993751723406140e-01
3.419066058603063493e-03,-1.053424442102151790e-02,-3.863196891740515171e-01
3.473336948422159863e-03,-1.053123068182578760e-02,-3.805622415161225014e-01
3.527607838241256233e-03,-1.052811866375877141e-02,-3.748269410408807123e-01
3.581878728060352169e-03,-1.052490909583385717e-02,-3.691136965334098630e-01
3.636149617879448539e-03,-1.052160270514393078e-02,-3.634224167343394485e-01
3.690420507698544909e-03,-1.051820021680657975e-02,-3.577530103523386962e-01
3.744691397517641279e-03,-1.051470235391087013e-02,-3.521053860763193599e-01
3.798962287336737215e-03,-1.051110983746565870e-02,-3.464794525873515774e-01
3.853233177155833585e-03,-1.050742338634942478e-02,-3.408751185702975084e-01
3.907504066974929954e-03,-1.050364371726159735e-02,-3.352922927251668073e-01
3.961774956794026324e-03,-1.049977154467533758e-02,-3.297308837781982027e-01
4.016045846613122694e-03,-1.049580758079178208e-02,-3.241908004926717934e-01
4.070316736432218196e-03,-1.049175253549568775e-02,-3.186719516794557783e-01
4.124587626251314566e-03,-1.048760711631247476e-02,-3.131742462072918398e-01
4.178858516070410936e-03,-1.048337202836663318e-02,-3.076975930128246772e-01
4.233129405889507306e-03,-1.047904797434148078e-02,-3.022419011103777975e-01
4.287400295708603676e-03,-1.047463565444023761e-02,-2.968070796014812829e-01
4.341671185527700046e-03,-1.047013576634839641e-02,-2.913930376841549208e-01
4.395942075346796415e-03,-1.046554900519736098e-02,-2.859996846619514144e-01
4.450212965165891918e-03,-1.046087606352933894e-02,-2.806269299527626715e-01
4.504483854984988288e-03,-1.045611763126346599e-02,-2.752746830973941128e-01
4.558754744804084658e-03,-1.045127439566312030e-02,-2.699428537679111617e-01
4.613025634623181027e-03,-1.044634704130442161e-02,-2.646313517757605815e-01
4.667296524442277397e-03,-1.044133625004590310e-02,-2.593400870796719881e-01
4.721567414261373767e-03,-1.043624270099929516e-02,-2.540689697933427027e-01
4.775838304080470137e-03,-1.043106707050144195e-02,-2.488179101929095804e-01
4.830109193899565639e-03,-1.042581003208730046e-02,-2.435868187242127558e-01
4.884380083718662009e-03,-1.042047225646402196e-02,-2.383756060098530249e-01
4.938650973537758379e-03,-1.041505441148606222e-02,-2.331841828560491658e-01
4.992921863356854749e-03,-1.040955716213134812e-02,-2.280124602592965843e-01
5.047192753175951119e-03,-1.040398117047842790e-02,-2.228603494128323648e-01
5.101463642995047489e-03,-1.039832709568462923e-02,-2.177277617129096121e-01
5.155734532814143858e-03,-1.039259559396516971e-02,-2.126146087648848881e-01
5.210005422633239361e-03,-1.038678731857322485e-02,-2.075208023891227105e-01
5.264276312452335731e-03,-1.038090291978092071e-02,-2.024462546267191687e-01
5.318547202271432101e-03,-1.037494304486123904e-02,-1.973908777450502083e-01
5.372818092090528470e-03,-1.036890833807080879e-02,-1.923545842431459707e-01
5.427088981909624840e-03,-1.036279944063356849e-02,-1.873372868568958793e-01
5.481359871728721210e-03,-1.035661699072528558e-02,-1.823388985640870819e-01
5.535630761547817580e-03,-1.035036162345890666e-02,-1.773593325892796335e-01
5.589901651366913950e-03,-1.034403397087072310e-02,-1.723985024085221418e-01
5.644172541186009452e-03,-1.033763466190734323e-02,-1.674563217539102311e-01
5.698443431005105822e-03,-1.033116432241343481e-02,-1.625327046179912971e-01
5.752714320824202192e-03,-1.032462357512023768e-02,-1.576275652580194087e-01
5.806985210643298562e-03,-1.031801303963482234e-02,-1.527408182000620507e-01
5.861256100462394932e-03,-1.031133333243008064e-02,-1.478723782429625655e-01
5.915526990281491301e-03,-1.030458506683542066e-02,-1.430221604621611520e-01
5.969797880100587671e-03,-1.029776885302817815e-02,-1.381900802133770867e-01
6.024068769919683174e-03,-1.029088529802568881e-02,-1.333760531361556090e-01
6.078339659738779543e-03,-1.028393500567803889e-02,-1.285799951572813293e-01
6.132610549557875913e-03,-1.027691857666146111e-02,-1.238018224940621442e-01
6.186881439376972283e-03,-1.026983660847237412e-02,-1.190414516574853365e-01
6.241152329196068653e-03,-1.026268969542202744e-02,-1.142987994552492614e-01
6.295423219015165023e-03,-1.025547842863176219e-02,-1.095737829946730330e-01
6.349694108834261393e-03,-1.024820339602886335e-02,-1.048663196854867641e-01
6.403964998653356895e-03,-1.024086518234298970e-02,-1.001763272425051782e-01
6.458235888472453265e-03,-1.023346436910315370e-02,-9.550372368818678404e-02
6.512506778291549635e-03,-1.022600153463526680e-02,-9.084842735508166789e-02
6.566777668110646005e-03,-1.021847725406021742e-02,-8.621035688816960918e-02
6.621048557929742374e-03,-1.021089209929246060e-02,-8.158943124709169825e-02
6.675319447748838744e-03,-1.020324663903912459e-02,-7.698556970827725998e-02
6.729590337567935114e-03,-1.019554143879961884e-02,-7.239869186696870629e-02
6.783861227387030617e-03,-1.018777706086571727e-02,-6.782871763914677388e-02
6.838132117206126986e-03,-1.017995406432211335e-02,-6.327556726335771542e-02
6.892403007025223356e-03,-1.017207300504744186e-02,-5.873916130244584421e-02
6.946673896844319726e-03,-1.016413443571574475e-02,-5.421942064519237603e-02
7.000944786663416096e-03,-1.015613890579836719e-02,-4.971626650786346857e-02
7.055215676482512466e-03,-1.014808696156628380e-02,-4.522962043566943618e-02
7.109486566301608836e-03,-1.013997914609283957e-02,-4.075940430413708959e-02
7.163757456120704338e-03,-1.013181599925688618e-02,-3.630554032039731011e-02
7.218028345939800708e-03,-1.012359805774631395e-02,-3.186795102438980815e-02
7.272299235758897078e-03,-1.011532585506196708e-02,-2.744655928998745997e-02
7.326570125577993448e-03,-1.010699992152191452e-02,-2.304128832604103796e-02
7.380841015397089817e-03,-1.009862078426610431e-02,-1.865206167734774489e-02
7.435111905216186187e-03,-1.009018896726134214e-02,-1.427880322554427386e-02
7.489382795035282557e-03,-1.008170499130662916e-02,-9.921437189926454736e-03
7.543653684854378060e-03,-1.007316937403881889e-02,-5.579888128197856706e-03
7.597924574673474429e-03,-1.006458262993860202e-02,-1.254080937148009667e-03
7.652195464492570799e-03,-1.005594527033679131e-02,3.056059146736372044e-03
7.706466354311667169e-03,-1.004725780342092048e-02,7.350606546727421128e-03
7.760737244130763539e-03,-1.003852073424213627e-02,1.162963534537632404e-02
7.815008133949859909e-03,-1.002973456472235764e-02,1.589321928409648602e-02
7.869279023768955411e-03,-1.002089979366173854e-02,2.014143176280812353e-02
7.923549913588052648e-03,-1.001201691674637184e-02,2.437434583964315227e-02
7.977820803407148151e-03,-1.000308642655626905e-02,2.859203423070711542e-02
8.032091693226245388e-03,-9.994108812573584619e-03,3.279456930989958774e-02
8.086362583045340890e-03,-9.985084561191084895e-03,3.698202310878796056e-02
8.140633472864436393e-03,-9.976014155720854676e-03,4.115446731653703977e-02
8.194904362683533630e-03,-9.966898076403222367e-03,4.531197327988949197e-02
8.249175252502629133e-03,-9.957736800415924530e-03,4.945461200319738876e-02
8.303446142321726370e-03,-9.948530801883457772e-03,5.358245414850494603e-02
8.357717032140821872e-03,-9.939280551886663095e-03,5.769557003567721970e-02
8.411987921959919109e-03,-9.929986518472488921e-03,6.179402964257806052e-02
8.466258811779014612e-03,-9.920649166663958810e-03,6.587790260529162445e-02
8.520529701598110114e-03,-9.911268958470317858e-03,6.994725821839027635e-02
8.574800591417207352e-03,-9.901846352897362979e-03,7.400216543524430757e-02
8.629071481236302854e-03,-9.892381805957943183e-03,7.804269286837364761e-02
8.683342371055400091e-03,-9.882875770682622921e-03,8.206890878984174353e-02
8.737613260874495594e-03,-9.873328697130517168e-03,8.608088113168703426e-02
8.791884150693592831e-03,-9.863741032400267020e-03,9.007867748639486472e-02
8.846155040512688333e-03,-9.854113220641176618e-03,9.406236510740485779e-02
8.900425930331783836e-03,-9.844445703064476708e-03,9.803201090965649178e-02
8.954696820150881073e-03,-9.834738917954744322e-03,1.019876814701684981e-01
9.008967709969976576e-03,-9.824993300681440431e-03,1.059294430286523980e-01
9.063238599789073813e-03,-9.815209283710579422e-03,1.098573614881604571e-01
9.117509489608169315e-03,-9.805387296616521753e-03,1.137715024157639893e-01
9.171780379427266552e-03,-9.795527766093870686e-03,1.176719310432646770e-01
9.226051269246362055e-03,-9.785631115969502594e-03,1.215587122679340493e-01
9.280322159065457557e-03,-9.775697767214678799e-03,1.254319106532840733e-01
9.334593048884554795e-03,-9.765728137957273639e-03,1.292915904298650720e-01
9.388863938703650297e-03,-9.755722643494101412e-03,1.331378154960905502e-01
9.443134828522747534e-03,-9.745681696303316183e-03,1.369706494190903179e-01
9.497405718341843037e-03,-9.735605706056931277e-03,1.407901554355870943e-01
9.551676608160940274e-03,-9.725495079633387357e-03,1.445963964528001744e-01
9.605947497980035776e-03,-9.715350221130224576e-03,1.483894350493706882e-01
9.660218387799131279e-03,-9.705171531876824118e-03,1.521693334763124794e-01
9.714489277618228516e-03,-9.694959410447208728e-03,1.559361536579837448e-01
9.768760167437324018e-03,-9.684714252672935175e-03,1.596899571930805450e-01
9.823031057256421256e-03,-9.674436451656014471e-03,1.634308053556522422e-01
9.877301947075516758e-03,-9.664126397781932706e-03,1.671587590961353120e-01
9.931572836894613995e-03,-9.653784478732692700e-03,1.708738790424087772e-01
9.985843726713709498e-03,-9.643411079499926777e-03,1.745762255008660169e-01
1.004011461653280500e-02,-9.633006582398058112e-03,1.782658584575066707e-01
1.009438550635190224e-02,-9.622571367077495039e-03,1.819428375790447250e-01
1.014865639617099774e-02,-9.612105810537882600e-03,1.856072222140332795e-01
1.020292728599009498e-02,-9.601610287141381858e-03,1.892590713940064118e-01
1.025719817580919048e-02,-9.591085168625996041e-03,1.928984438346348640e-01
1.031146906562828772e-02,-9.580530824118910563e-03,1.965253979368985493e-01
1.036573995544738322e-02,-9.569947620149890297e-03,2.001399917882711599e-01
1.042001084526647872e-02,-9.559335920664673372e-03,2.037422831639203180e-01
1.047428173508557596e-02,-9.548696087038413549e-03,2.073323295279196343e-01
1.052855262490467146e-02,-9.538028478089129528e-03,2.109101880344733115e-01
1.058282351472376870e-02,-9.527333450091182016e-03,2.144759155291537933e-01
1.063709440454286420e-02,-9.516611356788754264e-03,2.180295685501491276e-01
1.069136529436196144e-02,-9.505862549409358625e-03,2.215712033295233196e-01
1.074563618418105694e-02,-9.495087376677353516e-03,2.251008757944848726e-01
1.079990707400015418e-02,-9.484286184827451713e-03,2.286186415686675411e-01
1.085417796381924968e-02,-9.473459317618258130e-03,2.321245559734183561e-01
1.090844885363834518e-02,-9.462607116345797195e-03,2.356186740290965309e-01
1.096271974345744242e-02,-9.451729919857043694e-03,2.391010504563797490e-01
1.101699063327653792e-02,-9.440828064563458813e-03,2.425717396775782242e-01
1.107126152309563516e-02,-9.429901884454512315e-03,2.460307958179580035e-01
1.112553241291473066e-02,-9.418951711111213376e-03,2.494782727070694872e-01
1.117980330273382790e-02,-9.407977873719624087e-03,2.529142238800847209e-01
1.123407419255292340e-02,-9.396980699084369476e-03,2.563387025791389329e-01
1.128834508237201890e-02,-9.385960511642138862e-03,2.597517617546803992e-01
1.134261597219111614e-02,-9.374917633475162923e-03,2.631534540668238886e-01
1.139688686201021164e-02,-9.363852384324697700e-03,2.665438318867106027e-01
1.145115775182930888e-02,-9.352765081604472175e-03,2.699229472978725841e-01
1.150542864164840438e-02,-9.341656040414130641e-03,2.732908520976012889e-01
1.155969953146750162e-02,-9.330525573552643850e-03,2.766475977983217094e-01
1.161397042128659712e-02,-9.319373991531723633e-03,2.799932356289678292e-01
1.166824131110569263e-02,-9.308201602589182000e-03,2.833278165363646850e-01
1.172251220092478986e-02,-9.297008712702293717e-03,2.866513911866110376e-01
1.177678309074388537e-02,-9.285795625601118986e-03,2.899640099664660409e-01
1.183105398056298260e-02,-9.274562642781810501e-03,2.932657229847389080e-01
1.188532487038207811e-02,-9.263310063519877152e-03,2.965565800736795210e-01
1.193959576020117534e-02,-9.252038184883435573e-03,2.998366307903727046e-01
1.199386665002027084e-02,-9.240747301746416592e-03,3.031059244181325552e-01
1.204813753983936635e-02,-9.229437706801754335e-03,3.063645099678997119e-01
1.210240842965846358e-02,-9.218109690574525020e-03,3.096124361796386282e-01
1.215667931947755909e-02,-9.206763541435071876e-03,3.128497515237363413e-01
1.221095020929665632e-02,-9.195399545612078021e-03,3.160765042024020199e-01
1.226522109911575183e-02,-9.184017987205606373e-03,3.192927421510663999e-01
1.231949198893484906e-02,-9.172619148200115285e-03,3.224985130397821642e-01
1.237376287875394457e-02,-9.161203308477415194e-03,3.256938642746233792e-01
1.242803376857304007e-02,-9.149770745829606186e-03,3.288788429990856521e-01
1.248230465839213731e-02,-9.138321735971960055e-03,3.320534960954852344e-01
1.253657554821123281e-02,-9.126856552555767665e-03,3.352178701863569588e-01
1.259084643803033005e-02,-9.115375467181144678e-03,3.383720116358526209e-01
1.264511732784942555e-02,-9.103878749409799118e-03,3.415159665511369180e-01
1.269938821766852279e-02,-9.092366666777739956e-03,3.446497807837833327e-01
1.275365910748761829e-02,-9.080839484807959675e-03,3.477734999311669073e-01
1.280792999730671379e-02,-9.069297467023056114e-03,3.508871693378575185e-01
1.286220088712581103e-02,-9.057740874957824831e-03,3.539908340970092659e-01
1.291647177694490653e-02,-9.046169968171787271e-03,3.570845390517489171e-01
1.297074266676400377e-02,-9.034585004261684246e-03,3.601683287965625757e-01
1.302501355658309927e-02,-9.022986238873919110e-03,3.632422476786785204e-01
1.307928444640219651e-02,-9.011373925716947147e-03,3.663063397994495984e-01
1.313355533622129201e-02,-8.999748316573623341e-03,3.693606490157309019e-01
1.318782622604038751e-02,-8.988109661313494619e-03,3.724052189412562774e-01
1.324209711585948475e-02,-8.976458207905045270e-03,3.754400929480112836e-01
1.329636800567858025e-02,-8.964794202427886841e-03,3.784653141676024291e-01
1.335063889549767749e-02,-8.953117889084911615e-03,3.814809254926250226e-01
1.340490978531677299e-02,-8.941429510214369755e-03,3.844869695780253616e-01
1.345918067513587023e-02,-8.929729306301920425e-03,3.874834888424617541e-01
1.351345156495496573e-02,-8.918017515992608321e-03,3.904705254696601013e-01
1.356772245477406123e-02,-8.906294376102803778e-03,3.934481214097671486e-01
1.362199334459315847e-02,-8.894560121632080416e-03,3.964163183806992952e-01
1.367626423441225397e-02,-8.882814985775045954e-03,3.993751578694872406e-01
1.373053512423135121e-02,-8.871059199933107112e-03,4.023246811336176898e-01
1.378480601405044671e-02,-8.859292993726191126e-03,4.052649292023695615e-01
1.383907690386954395e-02,-8.847516595004415244e-03,4.081959428781474220e-01
1.389334779368863945e-02,-8.835730229859686813e-03,4.111177627378092558e-01
1.394761868350773495e-02,-8.823934122637263483e-03,4.140304291339910181e-01
1.400188957332683219e-02,-8.812128495947244011e-03,4.169339821964260229e-01
1.405616046314592769e-02,-8.800313570676019173e-03,4.198284618332596141e-01
1.411043135296502493e-02,-8.788489565997651548e-03,4.227139077323603944e-01
1.416470224278412043e-02,-8.776656699385210203e-03,4.255903593626249037e-01
1.421897313260321767e-02,-8.764815186622041190e-03,4.284578559752793558e-01
1.427324402242231317e-02,-8.752965241812987740e-03,4.313164366051749909e-01
1.432751491224140868e-02,-8.741107077395548000e-03,4.341661400720798203e-01
1.438178580206050591e-02,-8.729240904150980737e-03,4.370070049819642088e-01
1.443605669187960142e-02,-8.717366931215353790e-03,4.398390697282820727e-01
1.449032758169869865e-02,-8.705485366090530072e-03,4.426623724932469695e-01
1.454459847151779416e-02,-8.693596414655105006e-03,4.454769512491026928e-01
1.459886936133689139e-02,-8.681700281175276299e-03,4.482828437593890381e-01
1.465314025115598690e-02,-8.669797168315666880e-03,4.510800875802015719e-01
1.470741114097508240e-02,-8.657887277150080191e-03,4.538687200614471839e-01
1.476168203079417963e-02,-8.645970807172210365e-03,4.566487783480932539e-01
1.481595292061327514e-02,-8.634047956306281288e-03,4.594202993814117120e-01
1.487022381043237237e-02,-8.622118920917633614e-03,4.621833199002181036e-01
1.492449470025146788e-02,-8.610183895823259742e-03,4.649378764421039922e-01
1.497876559007056511e-02,-8.598243074302276343e-03,4.676840053446655876e-01
1.503303647988966062e-02,-8.586296648106330962e-03,4.704217427467246582e-01
1.508730736970875612e-02,-8.574344807469966995e-03,4.731511245895457241e-01
1.514157825952785336e-02,-8.562387741120922741e-03,4.758721866180464777e-01
1.519584914934694886e-02,-8.550425636290366269e-03,4.785849643820028199e-01
1.525012003916604610e-02,-8.538458678723086920e-03,4.812894932372482337e-01
1.530439092898514160e-02,-8.526487052687619153e-03,4.839858083468673855e-01
1.535866181880423884e-02,-8.514510940986309145e-03,4.866739446823840076e-01
1.541293270862333434e-02,-8.502530524965325881e-03,4.893539370249426756e-01
1.546720359844242984e-02,-8.490545984524623668e-03,4.920258199664854226e-01
1.552147448826152708e-02,-8.478557498127823125e-03,4.946896279109220806e-01
1.557574537808062258e-02,-8.466565242812067876e-03,4.973453950752942387e-01
1.563001626789971982e-02,-8.454569394197792784e-03,4.999931554909347597e-01
1.568428715771881532e-02,-8.442570126498455743e-03,5.026329430046199143e-01
1.573855804753791082e-02,-8.430567612530203564e-03,5.052647912797164631e-01
1.579282893735700979e-02,-8.418562023721484072e-03,5.078887337973232441e-01
1.584709982717610530e-02,-8.406553530122597498e-03,5.105048038574044877e-01
1.590137071699520080e-02,-8.394542300415199290e-03,5.131130345799209680e-01
1.595564160681429630e-02,-8.382528501921733544e-03,5.157134589059521046e-01
1.600991249663339180e-02,-8.370512300614826526e-03,5.183061095988132916e-01
1.606418338645249078e-02,-8.358493861126603877e-03,5.208910192451670085e-01
1.611845427627158628e-02,-8.346473346757973116e-03,5.234682202561282693e-01
1.617272516609068178e-02,-8.334450919487835022e-03,5.260377448683641877e-01
1.622699605590977728e-02,-8.322426739982241237e-03,5.285996251451869909e-01
1.628126694572887279e-02,-8.310400967603503303e-03,5.311538929776413731e-01
1.633553783554797176e-02,-8.298373760419235773e-03,5.337005800855862958e-01
1.638980872536706726e-02,-8.286345275211359426e-03,5.362397180187694623e-01
1.644407961518616276e-02,-8.274315667485026421e-03,5.387713381578982386e-01
1.649835050500525827e-02,-8.262285091477514221e-03,5.412954717157018036e-01
1.655262139482435724e-02,-8.250253700167048398e-03,5.438121497379895253e-01
1.660689228464345274e-02,-8.238221645281578603e-03,5.463214031047017860e-01
1.666116317446254824e-02,-8.226189077307495545e-03,5.488232625309561463e-01
1.671543406428164374e-02,-8.214156145498294204e-03,5.513177585680868464e-01
1.676970495410073925e-02,-8.202122997883193670e-03,5.538049216046786460e-01
1.682397584391983822e-02,-8.190089781275677189e-03,5.562847818675940026e-01
1.687824673373893372e-02,-8.178056641282016592e-03,5.587573694229953647e-01
1.693251762355802922e-02,-8.166023722309699584e-03,5.612227141773611372e-01
1.698678851337712473e-02,-8.153991167575841414e-03,5.636808458784956510e-01
1.704105940319622023e-02,-8.141959119115520227e-03,5.661317941165329160e-01
1.709533029301531920e-02,-8.129927717790067301e-03,5.685755883249352660e-01
1.714960118283441470e-02,-8.117897103295313929e-03,5.710122577814851219e-01
1.720387207265351021e-02,-8.105867414169760227e-03,5.734418316092723122e-01
1.725814296247260571e-02,-8.093838787802719661e-03,5.758643387776738454e-01
1.731241385229170468e-02,-8.081811360442392456e-03,5.782798081033293514e-01
1.736668474211080018e-02,-8.069785267203900825e-03,5.806882682511094185e-01
1.742095563192989569e-02,-8.057760642077265237e-03,5.830897477350790448e-01
1.747522652174899119e-02,-8.045737617935318220e-03,5.854842749194554274e-01
1.752949741156808669e-02,-8.033716326541595620e-03,5.878718780195587579e-01
1.758376830138718566e-02,-8.021696898558151531e-03,5.902525851027586867e-01
1.763803919120628116e-02,-8.009679463553329853e-03,5.926264240894135726e-01
1.769231008102537667e-02,-7.997664150009489020e-03,5.949934227538058451e-01
1.774658097084447217e-02,-7.985651085330678148e-03,5.973536087250701510e-01
1.780085186066356767e-02,-7.973640395850250737e-03,5.997070094881163937e-01
1.785512275048266664e-02,-7.961632206838443679e-03,6.020536523845468890e-01
1.790939364030176215e-02,-7.949626642509900754e-03,6.043935646135677464e-01
1.796366453012085765e-02,-7.937623826031137142e-03,6.067267732328959218e-01
1.801793541993995315e-02,-7.925623879527979657e-03,6.090533051596584979e-01
1.807220630975905212e-02,-7.913626924092925438e-03,6.113731871712880794e-01
1.812647719957814763e-02,-7.901633079792485040e-03,6.136864459064116373e-01
1.818074808939724313e-02,-7.889642465674449184e-03,6.159931078657348014e-01
1.823501897921633863e-02,-7.877655199775126030e-03,6.182931994129193809e-01
1.828928986903543413e-02,-7.865671399126526395e-03,6.205867467754565547e-01
1.834356075885453310e-02,-7.853691179763488267e-03,6.228737760455337336e-01
1.839783164867362861e-02,-7.841714656730783967e-03,6.251543131808963150e-01
1.845210253849272411e-02,-7.829741944090142305e-03,6.274283840057041095e-01
1.850637342831181961e-02,-7.817773154927256871e-03,6.296960142113822156e-01
1.856064431813091511e-02,-7.805808401358722316e-03,6.319572293574662325e-01
1.861491520795001409e-02,-7.793847794538947236e-03,6.342120548724428097e-01
1.866918609776910959e-02,-7.781891444667005456e-03,6.364605160545838691e-01
1.872345698758820509e-02,-7.769939460993443084e-03,6.387026380727767183e-01
1.877772787740730059e-02,-7.757991951827043070e-03,6.409384459673478363e-01
1.883199876722639957e-02,-7.746049024541548991e-03,6.431679646508817738e-01
1.888626965704549507e-02,-7.734110785582335064e-03,6.453912189090343920e-01
1.894054054686459057e-02,-7.722177340473036257e-03,6.476082334013424369e-01
1.899481143668368607e-02,-7.710248793822130700e-03,6.498190326620254531e-01
1.904908232650278158e-02,-7.698325249329483928e-03,6.520236411007847011e-01
1.910335321632188055e-02,-7.686406809792841952e-03,6.542220830035960777e-01
1.915762410614097605e-02,-7.674493577114285293e-03,6.564143825334969318e-01
1.921189499596007155e-02,-7.662585652306636193e-03,6.586005637313698813e-01
1.926616588577916706e-02,-7.650683135499825038e-03,6.607806505167200806e-01
1.932043677559826256e-02,-7.638786125947215171e-03,6.629546666884473805e-01
1.937470766541736153e-02,-7.626894722031875642e-03,6.651226359256147136e-01
1.942897855523645703e-02,-7.615009021272829692e-03,6.672845817882093744e-01
1.948324944505555253e-02,-7.603129120331238167e-03,6.694405277179021896e-01
1.953752033487464804e-02,-7.591255115016557788e-03,6.715904970387989170e-01
1.959179122469374701e-02,-7.579387100292653452e-03,6.737345129581888692e-01
1.964606211451284251e-02,-7.567525170283865427e-03,6.758725985672868752e-01
1.970033300433193801e-02,-7.555669418281036644e-03,6.780047768419721343e-01
1.975460389415103352e-02,-7.543819936747504437e-03,6.801310706435208520e-01
1.980887478397012902e-02,-7.531976817325041103e-03,6.822515027193346571e-01
1.986314567378922799e-02,-7.520140150839763234e-03,6.843660957036646897e-01
1.991741656360832349e-02,-7.508310027307996820e-03,6.864748721183293600e-01
1.997168745342741900e-02,-7.496486535942103319e-03,6.885778543734293322e-01
2.002595834324651450e-02,-7.484669765156262353e-03,6.906750647680566235e-01
2.008022923306561000e-02,-7.472859802572222321e-03,6.927665254909993742e-01
2.013450012288470897e-02,-7.461056735025001566e-03,6.948522586214418428e-01
2.018877101270380447e-02,-7.449260648568563521e-03,6.969322861296594063e-01
2.024304190252289998e-02,-7.437471628481438085e-03,6.990066298777102283e-01
2.029731279234199548e-02,-7.425689759272316968e-03,7.010753116201208224e-01
2.035158368216109445e-02,-7.413915124685602209e-03,7.031383530045682839e-01
2.040585457198018995e-02,-7.402147807706924328e-03,7.051957755725569710e-01
2.046012546179928546e-02,-7.390387890568612776e-03,7.072476007600916326e-01
2.051439635161838096e-02,-7.378635454755138635e-03,7.092938498983455409e-01
2.056866724143747646e-02,-7.366890581008513940e-03,7.113345442143240716e-01
2.062293813125657543e-02,-7.355153349333655444e-03,7.133697048315247313e-01
2.067720902107567094e-02,-7.343423839003711956e-03,7.153993527705909683e-01
2.073147991089476644e-02,-7.331702128565354380e-03,7.174235089499644280e-01
2.078575080071386194e-02,-7.319988295844029325e-03,7.194421941865298820e-01
2.084002169053295744e-02,-7.308282417949175415e-03,7.214554291962582688e-01
2.089429258035205642e-02,-7.296584571279408384e-03,7.234632345948436294e-01
2.094856347017115192e-02,-7.284894831527663657e-03,7.254656308983369328e-01
2.100283435999024742e-02,-7.273213273686307719e-03,7.274626385237757953e-01
2.105710524980934292e-02,-7.261539972052213909e-03,7.294542777898085362e-01
2.111137613962844189e-02,-7.249875000231799198e-03,7.314405689173163472e-01
2.116564702944753740e-02,-7.238218431146036663e-03,7.334215320300286889e-01
2.121991791926663290e-02,-7.226570337035417672e-03,7.353971871551369111e-01
2.127418880908572840e-02,-7.214930789464892372e-03,7.373675542239023217e-01
2.132845969890482390e-02,-7.203299859328772883e-03,7.393326530722609258e-01
2.138273058872392288e-02,-7.191677616855596603e-03,7.412925034414236114e-01
2.143700147854301838e-02,-7.180064131612966943e-03,7.432471249784725620e-01
2.149127236836211388e-02,-7.168459472512351584e-03,7.451965372369537821e-01
2.154554325818120938e-02,-7.156863707813846884e-03,7.471407596774655158e-01
2.159981414800030836e-02,-7.145276905130917150e-03,7.490798116682427787e-01
2.165408503781940386e-02,-7.133699131435097471e-03,7.510137124857375612e-01
2.170835592763849936e-02,-7.122130453060658388e-03,7.529424813151962548e-01
2.176262681745759486e-02,-7.110570935709244547e-03,7.548661372512318612e-01
2.181689770727669037e-02,-7.099020644454483858e-03,7.567846992983933152e-01
2.187116859709578934e-02,-7.087479643746551553e-03,7.586981863717304764e-01
2.192543948691488484e-02,-7.075947997416722965e-03,7.606066172973553474e-01
2.197971037673398034e-02,-7.064425768681871672e-03,7.625100108130002940e-01
2.203398126655307585e-02,-7.052913020148956352e-03,7.644083855685716022e-01
2.208825215637217135e-02,-7.041409813819463417e-03,7.663017601266992607e-01
2.214252304619127032e-02,-7.029916211093823614e-03,7.681901529632841896e-01
2.219679393601036582e-02,-7.018432272775803477e-03,7.700735824680403629e-01
2.225106482582946132e-02,-7.006958059076852548e-03,7.719520669450344874e-01
2.230533571564855683e-02,-6.995493629620432377e-03,7.738256246132212413e-01
2.235960660546765580e-02,-6.984039043446313433e-03,7.756942736069756261e-01
2.241387749528675130e-02,-6.972594359014836450e-03,7.775580319766205450e-01
2.246814838510584680e-02,-6.961159634211150360e-03,7.794169176889526041e-01
2.252241927492494231e-02,-6.949734926349418994e-03,7.812709486277631399e-01
2.257669016474403781e-02,-6.938320292176993961e-03,7.831201425943558059e-01
2.263096105456313678e-02,-6.926915787878566710e-03,7.849645173080610494e-01
2.268523194438223228e-02,-6.915521469080289363e-03,7.868040904067471475e-01
2.273950283420132779e-02,-6.904137390853857387e-03,7.886388794473274677e-01
2.279377372402042329e-02,-6.892763607720578389e-03,7.904689019062650646e-01
2.284804461383951879e-02,-6.881400173655402748e-03,7.922941751800727239e-01
2.290231550365861776e-02,-6.870047142090930821e-03,7.941147165858108981e-01
2.295658639347771326e-02,-6.858704565921390668e-03,7.959305433615810887e-01
2.301085728329680877e-02,-6.847372497506588017e-03,7.977416726670171210e-01
2.306512817311590427e-02,-6.836050988675826737e-03,7.995481215837724198e-01
2.311939906293500324e-02,-6.824740090731806763e-03,8.013499071160044007e-01
2.317366995275409874e-02,-6.813439854454494266e-03,8.031470461908543079e-01
2.322794084257319425e-02,-6.802150330104957988e-03,8.049395556589266087e-01
2.328221173239228975e-02,-6.790871567429188245e-03,8.067274522947619486e-01
2.333648262221138525e-02,-6.779603615661882951e-03,8.085107527973096619e-01
2.339075351203048422e-02,-6.768346523530211108e-03,8.102894737903951761e-01
2.344502440184957973e-02,-6.757100339257547661e-03,8.120636318231853057e-01
2.349929529166867523e-02,-6.745865110567182341e-03,8.138332433706501057e-01
2.355356618148777073e-02,-6.734640884686005947e-03,8.155983248340222813e-01
2.360783707130686623e-02,-6.723427708348164548e-03,8.173588925412519357e-01
2.366210796112596521e-02,-6.712225627798698059e-03,8.191149627474604289e-01
2.371637885094506071e-02,-6.701034688797144999e-03,8.208665516353891300e-01
2.377064974076415621e-02,-6.689854936621122093e-03,8.226136753158469483e-01
2.382492063058325171e-02,-6.678686416069888263e-03,8.243563498281534230e-01
2.387919152040235068e-02,-6.667529171467872183e-03,8.260945911405800368e-01
2.393346241022144619e-02,-6.656383246668185101e-03,8.278284151507877553e-01
2.398773330004054169e-02,-6.645248685056098087e-03,8.295578376862620118e-01
2.404200418985963719e-02,-6.634125529552511481e-03,8.312828745047448065e-01
2.409627507967873269e-02,-6.623013822617381842e-03,8.330035412946638074e-01
2.415054596949783167e-02,-6.611913606253138481e-03,8.347198536755590093e-01
2.420481685931692717e-02,-6.600824922008071381e-03,8.364318271985052844e-01
2.425908774913602267e-02,-6.589747810979694823e-03,8.381394773465340453e-01
2.431335863895511817e-02,-6.578682313818087594e-03,8.398428195350507997e-01
2.436762952877421368e-02,-6.567628470729215857e-03,8.415418691122500405e-01
2.442190041859331265e-02,-6.556586321478220444e-03,8.432366413595276944e-01
2.447617130841240815e-02,-6.545555905392698090e-03,8.449271514918907933e-01
2.453044219823150365e-02,-6.534537261365942762e-03,8.466134146583641495e-01
2.458471308805059916e-02,-6.523530427860177450e-03,8.482954459423950322e-01
2.463898397786969813e-02,-6.512535442909757333e-03,8.499732603622544014e-01
2.469325486768879363e-02,-6.501552344124353865e-03,8.516468728714351455e-01
2.474752575750788913e-02,-6.490581168692110235e-03,8.533162983590497630e-01
2.480179664732698464e-02,-6.479621953382783822e-03,8.549815516502226043e-01
2.485606753714608014e-02,-6.468674734550864357e-03,8.566426475064816692e-01
2.491033842696517911e-02,-6.457739548138660864e-03,8.582996006261465194e-01
2.496460931678427461e-02,-6.446816429679386867e-03,8.599524256447146353e-01
2.501888020660337011e-02,-6.435905414300201362e-03,8.616011371352444437e-01
2.507315109642246562e-02,-6.425006536725246312e-03,8.632457496087361237e-01
2.512742198624156112e-02,-6.414119831278654663e-03,8.648862775145103043e-01
2.518169287606066009e-02,-6.403245331887541004e-03,8.665227352405830974e-01
2.523596376587975559e-02,-6.392383072084969683e-03,8.681551371140402429e-01
2.529023465569885110e-02,-6.381533085012900362e-03,8.697834974014073683e-01
2.534450554551794660e-02,-6.370695403425116234e-03,8.714078303090190269e-01
2.539877643533704557e-02,-6.359870059690134886e-03,8.730281499833842940e-01
2.545304732515614107e-02,-6.349057085794094016e-03,8.746444705115502538e-01
2.550731821497523658e-02,-6.338256513343613723e-03,8.762568059214640437e-01
2.556158910479433208e-02,-6.327468373568649260e-03,8.778651701823310116e-01
2.561585999461342758e-02,-6.316692697325318635e-03,8.794695772049715421e-01
2.567013088443252655e-02,-6.305929515098707659e-03,8.810700408421752172e-01
2.572440177425162205e-02,-6.295178857005661113e-03,8.826665748890527574e-01
2.577867266407071756e-02,-6.284440752797551370e-03,8.842591930833854086e-01
2.583294355388981306e-02,-6.273715231863027063e-03,8.858479091059731081e-01
2.588721444370890856e-02,-6.263002323230749610e-03,8.874327365809782098e-01
2.594148533352800753e-02,-6.252302055572097651e-03,8.890136890762698751e-01
2.599575622334710304e-02,-6.241614457203870613e-03,8.905907801037629135e-01
2.605002711316619854e-02,-6.230939556090953242e-03,8.921640231197577320e-01
2.610429800298529404e-02,-6.220277379848981880e-03,8.937334315252759565e-01
2.615856889280439301e-02,-6.209627955746975167e-03,8.952990186663941641e-01
2.621283978262348852e-02,-6.198991310709962149e-03,8.968607978345759513e-01
2.626711067244258402e-02,-6.188367471321575691e-03,8.984187822670016699e-01
2.632138156226167952e-02,-6.177756463826643285e-03,8.999729851468961650e-01
2.637565245208077502e-02,-6.167158314133750971e-03,9.015234196038540704e-01
2.642992334189987400e-02,-6.156573047817790779e-03,9.030700987141631053e-01
2.648419423171896950e-02,-6.146000690122497764e-03,9.046130355011250401e-01
2.653846512153806500e-02,-6.135441265962954943e-03,9.061522429353757735e-01
2.659273601135716050e-02,-6.124894799928095636e-03,9.076877339352018570e-01
2.664700690117625601e-02,-6.114361316283182385e-03,9.092195213668555764e-01
2.670127779099535498e-02,-6.103840838972267660e-03,9.107476180448683678e-01
2.675554868081445048e-02,-6.093333391620640686e-03,9.122720367323615687e-01
2.680981957063354598e-02,-6.082838997537254322e-03,9.137927901413556153e-01
2.686409046045264148e-02,-6.072357679717138058e-03,9.153098909330775745e-01
2.691836135027174046e-02,-6.061889460843791939e-03,9.168233517182655667e-01
2.697263224009083596e-02,-6.051434363291570070e-03,9.183331850574723010e-01
2.702690312990993146e-02,-6.040992409128035506e-03,9.198394034613666115e-01
2.708117401972902696e-02,-6.030563620116313403e-03,9.213420193910325517e-01
2.713544490954812247e-02,-6.020148017717416415e-03,9.228410452582664902e-01
2.718971579936722144e-02,-6.009745623092562286e-03,9.243364934258733179e-01
2.724398668918631694e-02,-5.999356457105472357e-03,9.258283762079596579e-01
2.729825757900541244e-02,-5.988980540324650124e-03,9.273167058702257437e-01
2.735252846882450795e-02,-5.978617893025652864e-03,9.288014946302556307e-01
2.740679935864360345e-02,-5.968268535193341565e-03,9.302827546578050777e-01
2.746107024846270242e-02,-5.957932486524115251e-03,9.317604980750877619e-01
2.751534113828179792e-02,-5.947609766428134902e-03,9.332347369570599405e-01
2.756961202810089342e-02,-5.937300394031527415e-03,9.347054833317031131e-01
2.762388291791998893e-02,-5.927004388178574827e-03,9.361727491803050194e-01
2.767815380773908790e-02,-5.916721767433893130e-03,9.376365464377387493e-01
2.773242469755818340e-02,-5.906452550084590261e-03,9.390968869927397433e-01
2.778669558737727890e-02,-5.896196754142411962e-03,9.405537826881821273e-01
2.784096647719637441e-02,-5.885954397345877220e-03,9.420072453213520491e-01
2.789523736701546991e-02,-5.875725497162389427e-03,9.434572866442202388e-01
2.794950825683456888e-02,-5.865510070790340598e-03,9.449039183637124584e-01
2.800377914665366438e-02,-5.855308135161203451e-03,9.463471521419780652e-01
2.805805003647275989e-02,-5.845119706941599193e-03,9.477869995966573535e-01
2.811232092629185539e-02,-5.834944802535360978e-03,9.492234723011472308e-01
2.816659181611095436e-02,-5.824783438085575672e-03,9.506565817848646738e-01
2.822086270593004986e-02,-5.814635629476623893e-03,9.520863395335086299e-01
2.827513359574914537e-02,-5.804501392336186213e-03,9.535127569893216970e-01
2.832940448556824087e-02,-5.794380742037257177e-03,9.549358455513478061e-01
2.838367537538733637e-02,-5.784273693700130690e-03,9.563556165756903482e-01
2.843794626520643534e-02,-5.774180262194378473e-03,9.577720813757676366e-01
2.849221715502553084e-02,-5.764100462140814632e-03,9.591852512225669258e-01
2.854648804484462635e-02,-5.754034307913445494e-03,9.605951373448973207e-01
2.860075893466372185e-02,-5.743981813641402950e-03,9.620017509296405755e-01
2.865502982448281735e-02,-5.733942993210874341e-03,9.634051031220008943e-01
2.870930071430191632e-02,-5.723917860267009779e-03,9.648052050257523993e-01
2.876357160412101183e-02,-5.713906428215820808e-03,9.662020677034860450e-01
2.881784249394010733e-02,-5.703908710226064313e-03,9.675957021768544219e-01
2.887211338375920283e-02,-5.693924719231117752e-03,9.689861194268150069e-01
2.892638427357830180e-02,-5.683954467930835315e-03,9.703733303938724131e-01
2.898065516339739731e-02,-5.673997968793398870e-03,9.717573459783185319e-01
2.903492605321649281e-02,-5.664055234057147233e-03,9.731381770404718967e-01
2.908919694303558831e-02,-5.654126275732402826e-03,9.745158344009151596e-01
2.914346783285468381e-02,-5.644211105603281001e-03,9.758903288407309029e-01
2.919773872267378279e-02,-5.634309735229482870e-03,9.772616711017368951e-01
2.925200961249287829e-02,-5.624422175948090748e-03,9.786298718867185720e-01
2.930628050231197379e-02,-5.614548438875330630e-03,9.799949418596617390e-01
2.936055139213106929e-02,-5.604688534908339875e-03,9.813568916459827207e-01
2.941482228195016480e-02,-5.594842474726914941e-03,9.827157318327571778e-01
2.946909317176926377e-02,-5.585010268795250442e-03,9.840714729689480356e-01
2.952336406158835927e-02,-5.575191927363666068e-03,9.854241255656317477e-01
2.957763495140745477e-02,-5.565387460470316155e-03,9.867737000962235605e-01
2.963190584122655027e-02,-5.555596877942899255e-03,9.881202069967005563e-01
2.968617673104564925e-02,-5.545820189400343415e-03,9.894636566658245869e-01
2.974044762086474475e-02,-5.536057404254494073e-03,9.908040594653628741e-01
2.979471851068384025e-02,-5.526308531711774177e-03,9.921414257203076126e-01
2.984898940050293575e-02,-5.516573580774847795e-03,9.934757657190945723e-01
2.990326029032203126e-02,-5.506852560244265490e-03,9.948070897138200364e-01
2.995753118014113023e-02,-5.497145478720096706e-03,9.961354079204566281e-01
3.001180206996022573e-02,-5.487452344603561266e-03,9.974607305190675843e-01
3.006607295977932123e-02,-5.477773166098635731e-03,9.987830676540200292e-01
3.012034384959841674e-02,-5.468107951213659751e-03,1.000102429434197360e+00
3.017461473941751224e-02,-5.458456707762927677e-03,1.001418825933209522e+00
3.022888562923661121e-02,-5.448819443368269760e-03,1.002732267189602400e+00
3.028315651905570671e-02,-5.439196165460625544e-03,1.004042763207066757e+00
3.033742740887480221e-02,-5.429586881281601649e-03,1.005350323954644631e+00
3.039169829869389772e-02,-5.419991597885020010e-03,1.006654959366934943e+00
3.044596918851299669e-02,-5.410410322138462652e-03,1.007956679344299555e+00
3.050024007833209219e-02,-5.400843060724797376e-03,1.009255493753064448e+00
3.055451096815118769e-02,-5.391289820143697377e-03,1.010551412425723994e+00
3.060878185797028320e-02,-5.381750606713153057e-03,1.011844445161141248e+00
3.066305274778937870e-02,-5.372225426570967355e-03,1.013134601724747563e+00
3.071732363760847767e-02,-5.362714285676246743e-03,1.014421891848742208e+00
3.077159452742757317e-02,-5.353217189810880079e-03,1.015706325232288654e+00
3.082586541724666868e-02,-5.343734144581007914e-03,1.016987911541712863e+00
3.088013630706576418e-02,-5.334265155418483131e-03,1.018266660410696911e+00
3.093440719688485968e-02,-5.324810227582318575e-03,1.019542581440474383e+00
3.098867808670395865e-02,-5.315369366160128603e-03,1.020815684200022888e+00
3.104294897652305416e-02,-5.305942576069562835e-03,1.022085978226256131e+00
3.109721986634214966e-02,-5.296529862059719956e-03,1.023353473024215310e+00
3.115149075616124516e-02,-5.287131228712566716e-03,1.024618178067258745e+00
3.120576164598034413e-02,-5.277746680444336119e-03,1.025880102797249949e+00
3.126003253579943963e-02,-5.268376221506925611e-03,1.027139256624746588e+00
3.131430342561853514e-02,-5.259019855989272713e-03,1.028395648929185890e+00
3.136857431543763064e-02,-5.249677587818738465e-03,1.029649289059071160e+00
3.142284520525672614e-02,-5.240349420762468319e-03,1.030900186332155855e+00
3.147711609507582164e-02,-5.231035358428748686e-03,1.032148350035627216e+00
3.153138698489491715e-02,-5.221735404268359158e-03,1.033393789426288567e+00
3.158565787471401959e-02,-5.212449561575905645e-03,1.034636513730741170e+00
3.163992876453311509e-02,-5.203177833491156971e-03,1.035876532145563855e+00
3.169419965435221059e-02,-5.193920223000358938e-03,1.037113853837493993e+00
3.174847054417130610e-02,-5.184676732937551838e-03,1.038348487943603793e+00
3.180274143399040160e-02,-5.175447365985874106e-03,1.039580443571479940e+00
3.185701232380949710e-02,-5.166232124678855550e-03,1.040809729799398564e+00
3.191128321362859260e-02,-5.157031011401707991e-03,1.042036355676501325e+00
3.196555410344768811e-02,-5.147844028392598546e-03,1.043260330222969490e+00
3.201982499326678361e-02,-5.138671177743925518e-03,1.044481662430198465e+00
3.207409588308587911e-02,-5.129512461403576071e-03,1.045700361260969657e+00
3.212836677290498155e-02,-5.120367881176181302e-03,1.046916435649622112e+00
3.218263766272407705e-02,-5.111237438724363508e-03,1.048129894502223491e+00
3.223690855254317256e-02,-5.102121135569969573e-03,1.049340746696739712e+00
3.229117944236226806e-02,-5.093018973095301757e-03,1.050549001083204592e+00
3.234545033218136356e-02,-5.083930952544340673e-03,1.051754666483886824e+00
3.239972122200045906e-02,-5.074857075023954389e-03,1.052957751693456956e+00
3.245399211181955457e-02,-5.065797341505108402e-03,1.054158265479155032e+00
3.250826300163865007e-02,-5.056751752824059989e-03,1.055356216580954021e+00
3.256253389145774557e-02,-5.047720309683549102e-03,1.056551613711725679e+00
3.261680478127684801e-02,-5.038703012653977104e-03,1.057744465557403091e+00
3.267107567109594352e-02,-5.029699862174589857e-03,1.058934780777143425e+00
3.272534656091503902e-02,-5.020710858554632179e-03,1.060122568003490695e+00
3.277961745073413452e-02,-5.011736001974513577e-03,1.061307835842535408e+00
3.283388834055323002e-02,-5.002775292486960103e-03,1.062490592874075102e+00
3.288815923037232553e-02,-4.993828730018157538e-03,1.063670847651773776e+00
3.294243012019142103e-02,-4.984896314368885903e-03,1.064848608703320210e+00
3.299670101001051653e-02,-4.975978045215652228e-03,1.066023884530584942e+00
3.305097189982961203e-02,-4.967073922111807718e-03,1.067196683609778152e+00
3.310524278964871447e-02,-4.958183944488668386e-03,1.068367014391603975e+00
3.315951367946780998e-02,-4.949308111656619200e-03,1.069534885301417271e+00
3.321378456928690548e-02,-4.940446422806213898e-03,1.070700304739376607e+00
3.326805545910600098e-02,-4.931598877009268737e-03,1.071863281080598584e+00
3.332232634892509648e-02,-4.922765473219951025e-03,1.073023822675309713e+00
3.337659723874419199e-02,-4.913946210275853786e-03,1.074181937848999402e+00
3.343086812856328749e-02,-4.905141086899074757e-03,1.075337634902570061e+00
3.348513901838238299e-02,-4.896350101697273700e-03,1.076490922112487647e+00
3.353940990820147849e-02,-4.887573253164738396e-03,1.077641807730932211e+00
3.359368079802057400e-02,-4.878810539683431542e-03,1.078790299985945111e+00
3.364795168783967644e-02,-4.870061959524037663e-03,1.079936407081578453e+00
3.370222257765877194e-02,-4.861327510847003076e-03,1.081080137198041857e+00
3.375649346747786744e-02,-4.852607191703564582e-03,1.082221498491848566e+00
3.381076435729696295e-02,-4.843901000036775553e-03,1.083360499095962437e+00
3.386503524711605845e-02,-4.835208933682525086e-03,1.084497147119941829e+00
3.391930613693515395e-02,-4.826530990370551943e-03,1.085631450650084595e+00
3.397357702675424945e-02,-4.817867167725445494e-03,1.086763417749571747e+00
3.402784791657334496e-02,-4.809217463267650115e-03,1.087893056458610230e+00
3.408211880639244046e-02,-4.800581874414453984e-03,1.089020374794575252e+00
3.413638969621154290e-02,-4.791960398480977872e-03,1.090145380752151949e+00
3.419066058603063840e-02,-4.783353032681156129e-03,1.091268082303475273e+00
3.424493147584973390e-02,-4.774759774128709000e-03,1.092388487398271879e+00
3.429920236566882941e-02,-4.766180619838111462e-03,1.093506603963997570e+00
3.435347325548792491e-02,-4.757615566725554267e-03,1.094622439905978073e+00
3.440774414530702041e-02,-4.749064611609900635e-03,1.095736003107545153e+00
3.446201503512611591e-02,-4.740527751213636024e-03,1.096847301430175836e+00
3.451628592494521142e-02,-4.732004982163810942e-03,1.097956342713627631e+00
3.457055681476430692e-02,-4.723496300992979444e-03,1.099063134776076200e+00
3.462482770458340936e-02,-4.715001704140129798e-03,1.100167685414249030e+00
3.467909859440250486e-02,-4.706521187951615177e-03,1.101270002403561765e+00
3.473336948422160037e-02,-4.698054748682066115e-03,1.102370093498251657e+00
3.478764037404069587e-02,-4.689602382495308176e-03,1.103467966431510794e+00
3.484191126385979137e-02,-4.681164085465276160e-03,1.104563628915619766e+00
3.489618215367888687e-02,-4.672739853576906612e-03,1.105657088642079788e+00
3.495045304349798237e-02,-4.664329682727045082e-03,1.106748353281743480e+00
3.500472393331707788e-02,-4.655933568725331706e-03,1.107837430484946983e+00
3.505899482313617338e-02,-4.647551507295088515e-03,1.108924327881639416e+00
3.511326571295527582e-02,-4.639183494074201539e-03,1.110009053081513875e+00
3.516753660277437132e-02,-4.630829524615995979e-03,1.111091613674135337e+00
3.522180749259346683e-02,-4.622489594390102700e-03,1.112172017229069887e+00
3.527607838241256233e-02,-4.614163698783328195e-03,1.113250271296013061e+00
3.533034927223165783e-02,-4.605851833100505464e-03,1.114326383404916410e+00
3.538462016205075333e-02,-4.597553992565356178e-03,1.115400361066115620e+00
3.543889105186984884e-02,-4.589270172321332879e-03,1.116472211770455525e+00
3.549316194168894434e-02,-4.581000367432464665e-03,1.117541942989416004e+00
3.554743283150803984e-02,-4.572744572884195058e-03,1.118609562175238326e+00
3.560170372132713534e-02,-4.564502783584212936e-03,1.119675076761047938e+00
3.565597461114623778e-02,-4.556274994363280866e-03,1.120738494160980148e+00
3.571024550096533329e-02,-4.548061199976061696e-03,1.121799821770302019e+00
3.576451639078442879e-02,-4.539861395101927807e-03,1.122859066965536501e+00
3.581878728060352429e-02,-4.531675574345779035e-03,1.123916237104584770e+00
3.587305817042261979e-02,-4.523503732238849315e-03,1.124971339526847025e+00
3.592732906024171530e-02,-4.515345863239508123e-03,1.126024381553344833e+00
3.598159995006081080e-02,-4.507201961734057585e-03,1.127075370486841033e+00
3.603587083987990630e-02,-4.499072022037528713e-03,1.128124313611961416e+00
3.609014172969900180e-02,-4.490956038394462897e-03,1.129171218195312409e+00
3.614441261951810425e-02,-4.482854004979700338e-03,1.130216091485602314e+00
3.619868350933719975e-02,-4.474765915899157204e-03,1.131258940713758099e+00
3.625295439915629525e-02,-4.466691765190596713e-03,1.132299773093045747e+00
3.630722528897539075e-02,-4.458631546824400223e-03,1.133338595819185501e+00
3.636149617879448626e-02,-4.450585254704330501e-03,1.134375416070471321e+00
3.641576706861358176e-02,-4.442552882668290674e-03,1.135410241007886123e+00
3.647003795843267726e-02,-4.434534424489082298e-03,1.136443077775218358e+00
3.652430884825177276e-02,-4.426529873875150421e-03,1.137473933499178358e+00
3.657857973807086827e-02,-4.418539224471334723e-03,1.138502815289512471e+00
3.663285062788997071e-02,-4.410562469859605900e-03,1.139529730239118965e+00
3.668712151770906621e-02,-4.402599603559809865e-03,1.140554685424161274e+00
3.674139240752816171e-02,-4.394650619030390261e-03,1.141577687904182348e+00
3.679566329734725721e-02,-4.386715509669125712e-03,1.142598744722218340e+00
3.684993418716635272e-02,-4.378794268813847139e-03,1.143617862904911187e+00
3.690420507698544822e-02,-4.370886889743161134e-03,1.144635049462620735e+00
3.695847596680454372e-02,-4.362993365677163803e-03,1.145650311389537324e+00
3.701274685662363922e-02,-4.355113689778151130e-03,1.146663655663792802e+00
3.706701774644273473e-02,-4.347247855151325883e-03,1.147675089247572222e+00
3.712128863626183023e-02,-4.339395854845501041e-03,1.148684619087223746e+00
3.717555952608093267e-02,-4.331557681853795416e-03,1.149692252113369895e+00
3.722983041590002817e-02,-4.323733329114333619e-03,1.150697995241016347e+00
3.728410130571912368e-02,-4.315922789510928670e-03,1.151701855369661631e+00
3.733837219553821918e-02,-4.308126055873771551e-03,1.152703839383406814e+00
3.739264308535731468e-02,-4.300343120980115556e-03,1.153703954151062971e+00
3.744691397517641018e-02,-4.292573977554949363e-03,1.154702206526259545e+00
3.750118486499550569e-02,-4.284818618271674442e-03,1.155698603347552700e+00
3.755545575481460119e-02,-4.277077035752775529e-03,1.156693151438532130e+00
3.760972664463369669e-02,-4.269349222570482418e-03,1.157685857607927860e+00
3.766399753445279913e-02,-4.261635171247436966e-03,1.158676728649716825e+00
3.771826842427189463e-02,-4.253934874257351423e-03,1.159665771343229235e+00
3.777253931409099014e-02,-4.246248324025656343e-03,1.160652992453253596e+00
3.782681020391008564e-02,-4.238575512930160653e-03,1.161638398730143074e+00
3.788108109372918114e-02,-4.230916433301692633e-03,1.162621996909919853e+00
3.793535198354827664e-02,-4.223271077424742628e-03,1.163603793714379275e+00
3.798962287336737215e-02,-4.215639437538107499e-03,1.164583795851194647e+00
3.804389376318646765e-02,-4.208021505835522064e-03,1.165562010014020933e+00
3.809816465300556315e-02,-4.200417274466293135e-03,1.166538442882597781e+00
3.815243554282466559e-02,-4.192826735535926629e-03,1.167513101122853447e+00
3.820670643264376110e-02,-4.185249881106758128e-03,1.168485991387006262e+00
3.826097732246285660e-02,-4.177686703198563514e-03,1.169457120313667886e+00
3.831524821228195210e-02,-4.170137193789187798e-03,1.170426494527945227e+00
3.836951910210104760e-02,-4.162601344815152274e-03,1.171394120641541914e+00
3.842378999192014311e-02,-4.155079148172268616e-03,1.172360005252859327e+00
3.847806088173923861e-02,-4.147570595716246894e-03,1.173324154947098075e+00
3.853233177155833411e-02,-4.140075679263296657e-03,1.174286576296357687e+00
3.858660266137742961e-02,-4.132594390590728882e-03,1.175247275859738316e+00
3.864087355119652512e-02,-4.125126721437555322e-03,1.176206260183439101e+00
3.869514444101562756e-02,-4.117672663505077442e-03,1.177163535800858973e+00
3.874941533083472306e-02,-4.110232208457484035e-03,1.178119109232694806e+00
3.880368622065381856e-02,-4.102805347922429749e-03,1.179072986987041771e+00
3.885795711047291406e-02,-4.095392073491626629e-03,1.180025175559490824e+00
3.891222800029200957e-02,-4.087992376721420913e-03,1.180975681433227065e+00
3.896649889011110507e-02,-4.080606249133370694e-03,1.181924511079128326e+00
3.902076977993020057e-02,-4.073233682214820982e-03,1.182871670955862209e+00
3.907504066974929607e-02,-4.065874667419474425e-03,1.183817167509984225e+00
3.912931155956839158e-02,-4.058529196167961171e-03,1.184761007176034164e+00
3.918358244938749402e-02,-4.051197259848399179e-03,1.185703196376632906e+00
3.923785333920658952e-02,-4.043878849816962343e-03,1.186643741522579010e+00
3.929212422902568502e-02,-4.036573957398432132e-03,1.187582649012945524e+00
3.934639511884478053e-02,-4.029282573886757909e-03,1.188519925235174579e+00
3.940066600866387603e-02,-4.022004690545608573e-03,1.189455576565174422e+00
3.945493689848297153e-02,-4.014740298608922460e-03,1.190389609367412893e+00
3.950920778830206703e-02,-4.007489389281452923e-03,1.191322029995014686e+00
3.956347867812116254e-02,-4.000251953739311292e-03,1.192252844789854382e+00
3.961774956794025804e-02,-3.993027983130509849e-03,1.193182060082651263e+00
3.967202045775936048e-02,-3.985817468575497853e-03,1.194109682193063904e+00
3.972629134757845598e-02,-3.978620401167700174e-03,1.195035717429784095e+00
3.978056223739755148e-02,-3.971436771974042913e-03,1.195960172090630103e+00
3.983483312721664699e-02,-3.964266572035488566e-03,1.196883052462640373e+00
3.988910401703574249e-02,-3.957109792367558172e-03,1.197804364822166345e+00
3.994337490685483799e-02,-3.949966423960859542e-03,1.198724115434965931e+00
3.999764579667393349e-02,-3.942836457781604201e-03,1.199642310556295444e+00
4.005191668649302900e-02,-3.935719884772128675e-03,1.200558956431002411e+00
4.010618757631212450e-02,-3.928616695851406236e-03,1.201474059293617502e+00
4.016045846613122000e-02,-3.921526881915563846e-03,1.202387625368446900e+00
4.021472935595032244e-02,-3.914450433838387831e-03,1.203299660869662890e+00
4.026900024576941794e-02,-3.907387342471839095e-03,1.204210172001396462e+00
4.032327113558851345e-02,-3.900337598646546645e-03,1.205119164957827671e+00
4.037754202540760895e-02,-3.893301193172319340e-03,1.206026645923276686e+00
4.043181291522670445e-02,-3.886278116838641581e-03,1.206932621072295264e+00
4.048608380504579995e-02,-3.879268360415171184e-03,1.207837096569755797e+00
4.054035469486489546e-02,-3.872271914652232905e-03,1.208740078570942789e+00
4.059462558468399096e-02,-3.865288770281311535e-03,1.209641573221642785e+00
4.064889647450308646e-02,-3.858318918015542394e-03,1.210541586658233193e+00
4.070316736432218890e-02,-3.851362348550194884e-03,1.211440125007773316e+00
4.075743825414128441e-02,-3.844419052563162985e-03,1.212337194388092065e+00
4.081170914396037991e-02,-3.837489020715441432e-03,1.213232800907878772e+00
4.086598003377947541e-02,-3.830572243651607974e-03,1.214126950666771343e+00
4.092025092359857091e-02,-3.823668712000301718e-03,1.215019649755445297e+00
4.097452181341766642e-02,-3.816778416374696711e-03,1.215910904255701697e+00
4.102879270323676192e-02,-3.809901347372975089e-03,1.216800720240556632e+00
4.108306359305585742e-02,-3.803037495578798482e-03,1.217689103774328041e+00
4.113733448287495292e-02,-3.796186851561773792e-03,1.218576060912724968e+00
4.119160537269405536e-02,-3.789349405877920265e-03,1.219461597702934608e+00
4.124587626251315087e-02,-3.782525149070134832e-03,1.220345720183710236e+00
4.130014715233224637e-02,-3.775714071668649207e-03,1.221228434385458472e+00
4.135441804215134187e-02,-3.768916164191491759e-03,1.222109746330326541e+00
4.140868893197043737e-02,-3.762131417144944177e-03,1.222989662032289315e+00
4.146295982178953288e-02,-3.755359821023995098e-03,1.223868187497236359e+00
4.151723071160862838e-02,-3.748601366312793309e-03,1.224745328723058524e+00
4.157150160142772388e-02,-3.741856043485097903e-03,1.225621091699734544e+00
4.162577249124681938e-02,-3.735123843004726270e-03,1.226495482409416971e+00
4.168004338106591489e-02,-3.728404755326000363e-03,1.227368506826519656e+00
4.173431427088501733e-02,-3.721698770894189476e-03,1.228240170917802132e+00
4.178858516070411283e-02,-3.715005880145956507e-03,1.229110480642456649e+00
4.184285605052320833e-02,-3.708326073509790773e-03,1.229979441952193664e+00
4.189712694034230384e-02,-3.701659341406451659e-03,1.230847060791327108e+00
4.195139783016139934e-02,-3.695005674249401875e-03,1.231713343096860536e+00
4.200566871998049484e-02,-3.688365062445241992e-03,1.232578294798571283e+00
4.205993960979959034e-02,-3.681737496394141967e-03,1.233441921819096843e+00
4.211421049961868585e-02,-3.675122966490271779e-03,1.234304230074019015e+00
4.216848138943778135e-02,-3.668521463122227742e-03,1.235165225471948736e+00
4.222275227925688379e-02,-3.661932976673459243e-03,1.236024913914611778e+00
4.227702316907597929e-02,-3.655357497522695922e-03,1.236883301296931803e+00
4.233129405889507479e-02,-3.648795016044364438e-03,1.237740393507116510e+00
4.238556494871417030e-02,-3.642245522609013041e-03,1.238596196426740237e+00
4.243983583853326580e-02,-3.635709007583727472e-03,1.239450715930829894e+00
4.249410672835236130e-02,-3.629185461332549902e-03,1.240303957887947339e+00
4.254837761817145680e-02,-3.622674874216892660e-03,1.241155928160274646e+00
4.260264850799055231e-02,-3.616177236595951097e-03,1.242006632603697147e+00
4.265691939780964781e-02,-3.609692538827115153e-03,1.242856077067887588e+00
4.271119028762875025e-02,-3.603220771266379182e-03,1.243704267396389618e+00
4.276546117744784575e-02,-3.596761924268751347e-03,1.244551209426700833e+00
4.281973206726694126e-02,-3.590315988188656077e-03,1.245396908990356710e+00
4.287400295708603676e-02,-3.583882953380339992e-03,1.246241371913014095e+00
4.292827384690513226e-02,-3.577462810198277395e-03,1.247084604014533138e+00
4.298254473672422776e-02,-3.571055548997566220e-03,1.247926611109062112e+00
4.303681562654332327e-02,-3.564661160134332662e-03,1.248767399005118683e+00
4.309108651636241877e-02,-3.558279633966124952e-03,1.249606973505674068e+00
4.314535740618151427e-02,-3.551910960852311915e-03,1.250445340408234740e+00
4.319962829600061671e-02,-3.545555131154474581e-03,1.251282505504926146e+00
4.325389918581971221e-02,-3.539212135236804741e-03,1.252118474582574636e+00
4.330817007563880772e-02,-3.532881963466490052e-03,1.252953253422790070e+00
4.336244096545790322e-02,-3.526564606214106518e-03,1.253786847802048188e+00
4.341671185527699872e-02,-3.520260053854008808e-03,1.254619263491773662e+00
4.347098274509609422e-02,-3.513968296764712756e-03,1.255450506258421139e+00
4.352525363491518973e-02,-3.507689325329283944e-03,1.256280581863558066e+00
4.357952452473428523e-02,-3.501423129935721072e-03,1.257109496063947507e+00
4.363379541455338073e-02,-3.495169700977336300e-03,1.257937254611628752e+00
4.368806630437247623e-02,-3.488929028853139051e-03,1.258763863254000137e+00
4.374233719419157868e-02,-3.482701103968212017e-03,1.259589327733901198e+00
4.379660808401067418e-02,-3.476485916734093663e-03,1.260413653789693944e+00
4.385087897382976968e-02,-3.470283457569149892e-03,1.261236847155344565e+00
4.390514986364886518e-02,-3.464093716898953082e-03,1.262058913560506035e+00
4.395942075346796069e-02,-3.457916685156652882e-03,1.262879858730598714e+00
4.401369164328705619e-02,-3.451752352783352216e-03,1.263699688386892506e+00
4.406796253310615169e-02,-3.445600710228475475e-03,1.264518408246588788e+00
4.412223342292524719e-02,-3.439461747950138884e-03,1.265336024022900574e+00
4.417650431274434270e-02,-3.433335456415520862e-03,1.266152541425136002e+00
4.423077520256344514e-02,-3.427221826101225881e-03,1.266967966158777825e+00
4.428504609238254064e-02,-3.421120847493655699e-03,1.267782303925565790e+00
4.433931698220163614e-02,-3.415032511089368446e-03,1.268595560423578128e+00
4.439358787202073164e-02,-3.408956807395444218e-03,1.269407741347312157e+00
4.444785876183982715e-02,-3.402893726929849365e-03,1.270218852387766439e+00
4.450212965165892265e-02,-3.396843260221794284e-03,1.271028899232520715e+00
4.455640054147801815e-02,-3.390805397812094672e-03,1.271837887565818725e+00
4.461067143129711365e-02,-3.384780130253530611e-03,1.272645823068648152e+00
4.466494232111620916e-02,-3.378767448111203494e-03,1.273452711418822325e+00
4.471921321093531160e-02,-3.372767341962891637e-03,1.274258558291061494e+00
4.477348410075440710e-02,-3.366779802399408068e-03,1.275063369357072984e+00
4.482775499057350260e-02,-3.360804820024950075e-03,1.275867150285634022e+00
4.488202588039259811e-02,-3.354842385457456558e-03,1.276669906742671001e+00
4.493629677021169361e-02,-3.348892489328957577e-03,1.277471644391341643e+00
4.499056766003078911e-02,-3.342955122285925194e-03,1.278272368892115818e+00
4.504483854984988461e-02,-3.337030274989623464e-03,1.279072085902856815e+00
4.509910943966898011e-02,-3.331117938116458406e-03,1.279870801078901721e+00
4.515338032948807562e-02,-3.325218102358322783e-03,1.280668520073143135e+00
4.520765121930717112e-02,-3.319330758422945216e-03,1.281465248536110213e+00
4.526192210912627356e-02,-3.313455897034234526e-03,1.282260992116049048e+00
4.531619299894536906e-02,-3.307593508932625808e-03,1.283055756459004382e+00
4.537046388876446457e-02,-3.301743584875421744e-03,1.283849547208900654e+00
4.542473477858356007e-02,-3.295906115637136941e-03,1.284642370007622381e+00
4.547900566840265557e-02,-3.290081092009838806e-03,1.285434230495096530e+00
4.553327655822175107e-02,-3.284268504803489717e-03,1.286225134309372020e+00
4.558754744804084658e-02,-3.278468344846284434e-03,1.287015087086702314e+00
4.564181833785994208e-02,-3.272680602984991832e-03,1.287804094461625359e+00
4.569608922767903758e-02,-3.266905270085291874e-03,1.288592162067045965e+00
4.575036011749814002e-02,-3.261142337032110847e-03,1.289379295534315739e+00
4.580463100731723552e-02,-3.255391794729963102e-03,1.290165500493315021e+00
4.585890189713633103e-02,-3.249653634103280217e-03,1.290950782572534150e+00
4.591317278695542653e-02,-3.243927846096749269e-03,1.291735147399154293e+00
4.596744367677452203e-02,-3.238214421675645466e-03,1.292518600599128931e+00
4.602171456659361753e-02,-3.232513351826167385e-03,1.293301147797266015e+00
4.607598545641271304e-02,-3.226824627555766132e-03,1.294082794617307908e+00
4.613025634623180854e-02,-3.221148239893478413e-03,1.294863546682013755e+00
4.618452723605090404e-02,-3.215484179890257862e-03,1.295643409613240538e+00
4.623879812587000648e-02,-3.209832438619303341e-03,1.296422389032025224e+00
4.629306901568910199e-02,-3.204193007176392004e-03,1.297200490558665154e+00
4.634733990550819749e-02,-3.198565876680201526e-03,1.297977719812801300e+00
4.640161079532729299e-02,-3.192951038272643597e-03,1.298754082413498212e+00
4.645588168514638849e-02,-3.187348483119189189e-03,1.299529583979326830e+00
4.651015257496548400e-02,-3.181758202409194249e-03,1.300304230128446203e+00
4.656442346478457950e-02,-3.176180187356225822e-03,1.301078026478684535e+00
4.661869435460367500e-02,-3.170614429198388620e-03,1.301850978647622004e+00
4.667296524442277050e-02,-3.165060919198648109e-03,1.302623092252672476e+00
4.672723613424186601e-02,-3.159519648645154905e-03,1.303394372911165444e+00
4.678150702406096845e-02,-3.153990608851567432e-03,1.304164826240427733e+00
4.683577791388006395e-02,-3.148473791157377182e-03,1.304934457857866326e+00
4.689004880369915945e-02,-3.142969186928227035e-03,1.305703273381050744e+00
4.694431969351825495e-02,-3.137476787556236525e-03,1.306471278427794536e+00
4.699859058333735046e-02,-3.131996584460319290e-03,1.307238478616238320e+00
4.705286147315644596e-02,-3.126528569086507465e-03,1.308004879564932388e+00
4.710713236297554146e-02,-3.121072732908267405e-03,1.308770486892918861e+00
4.716140325279463696e-02,-3.115629067426823641e-03,1.309535306219814732e+00
4.721567414261373247e-02,-3.110197564171474170e-03,1.310299343165894026e+00
4.726994503243283491e-02,-3.104778214699910506e-03,1.311062603352171729e+00
4.732421592225193041e-02,-3.099371010598536876e-03,1.311825092400485726e+00
4.737848681207102591e-02,-3.093975943482785065e-03,1.312586815933580509e+00
4.743275770189012142e-02,-3.088593004997433177e-03,1.313347779575189556e+00
4.748702859170921692e-02,-3.083222186816922655e-03,1.314107988950119710e+00
4.754129948152831242e-02,-3.077863480645673128e-03,1.314867449684333778e+00
4.759557037134740792e-02,-3.072516878218400308e-03,1.315626167405034019e+00
4.764984126116650343e-02,-3.067182371300429533e-03,1.316384147740746080e+00
4.770411215098559893e-02,-3.061859951688011925e-03,1.317141396321402036e+00
4.775838304080470137e-02,-3.056549611208637940e-03,1.317897918778425659e+00
4.781265393062379687e-02,-3.051251341721355256e-03,1.318653720744813906e+00
4.786692482044289237e-02,-3.045965135117077553e-03,1.319408807855223520e+00
4.792119571026198788e-02,-3.040690983318902404e-03,1.320163185746054069e+00
4.797546660008108338e-02,-3.035428878282422655e-03,1.320916860055531661e+00
4.802973748990017888e-02,-3.030178811996040843e-03,1.321669836423794431e+00
4.808400837971927438e-02,-3.024940776481281016e-03,1.322422120492976694e+00
4.813827926953836989e-02,-3.019714763793101414e-03,1.323173717907293323e+00
4.819255015935746539e-02,-3.014500766020208021e-03,1.323924634313125459e+00
4.824682104917656089e-02,-3.009298775285365081e-03,1.324674875359104220e+00
4.830109193899566333e-02,-3.004108783745706914e-03,1.325424446696197300e+00
4.835536282881475884e-02,-2.998930783593052769e-03,1.326173353977792457e+00
4.840963371863385434e-02,-2.993764767054213870e-03,1.326921602859784555e+00
4.846390460845294984e-02,-2.988610726391306531e-03,1.327669199000660605e+00
4.851817549827204534e-02,-2.983468653902063544e-03,1.328416148061585034e+00
4.857244638809114085e-02,-2.978338541920145990e-03,1.329162455706485613e+00
4.862671727791023635e-02,-2.973220382815451590e-03,1.329908127602140500e+00
4.868098816772933185e-02,-2.968114168994426955e-03,1.330653169418262838e+00
4.873525905754842735e-02,-2.963019892900378097e-03,1.331397586827588242e+00
4.878952994736752979e-02,-2.957937547013779651e-03,1.332141385505961395e+00
4.884380083718662530e-02,-2.952867123852588854e-03,1.332884571132421314e+00
4.889807172700572080e-02,-2.947808615972550422e-03,1.333627149389290167e+00
4.895234261682481630e-02,-2.942762015967509241e-03,1.334369125962258762e+00
4.900661350664391180e-02,-2.937727316469722610e-03,1.335110506540474917e+00
4.906088439646300731e-02,-2.932704510150166421e-03,1.335851296816629397e+00
4.911515528628210281e-02,-2.927693589718848282e-03,1.336591502487045169e+00
4.916942617610119831e-02,-2.922694547925114988e-03,1.337331129251763562e+00
4.922369706592029381e-02,-2.917707377557965647e-03,1.338070182814633302e+00
4.927796795573939626e-02,-2.912732071446358286e-03,1.338808668883398667e+00
4.933223884555849176e-02,-2.907768622459523406e-03,1.339546593169786526e+00
4.938650973537758726e-02,-2.902817023507270593e-03,1.340283961389596712e+00
4.944078062519668276e-02,-2.897877267540301637e-03,1.341020779262788842e+00
4.949505151501577827e-02,-2.892949347550518874e-03,1.341757052513572912e+00
4.954932240483487377e-02,-2.888033256571335711e-03,1.342492786870497445e+00
4.960359329465396927e-02,-2.883128987677988433e-03,1.343227988066538758e+00
4.965786418447306477e-02,-2.878236533987844556e-03,1.343962661839190886e+00
4.971213507429216028e-02,-2.873355888660715507e-03,1.344696813930555512e+00
4.976640596411126272e-02,-2.868487044899165408e-03,1.345430450087431673e+00
4.982067685393035822e-02,-2.863629995948824628e-03,1.346163576061405021e+00
4.987494774374945372e-02,-2.858784735098698123e-03,1.346896197608939971e+00
4.992921863356854922e-02,-2.853951255681477263e-03,1.347628320491469189e+00
4.998348952338764473e-02,-2.849129551073852074e-03,1.348359950475485070e+00
5.003776041320674023e-02,-2.844319614696823491e-03,1.349091093332629665e+00
5.009203130302583573e-02,-2.839521440016012574e-03,1.349821754839787724e+00
5.014630219284493123e-02,-2.834735020541974924e-03,1.350551940779176396e+00
5.020057308266402674e-02,-2.829960349830512503e-03,1.351281656938438935e+00
5.025484397248312224e-02,-2.825197421482985010e-03,1.352010909110734849e+00
5.030911486230222468e-02,-2.820446229146624309e-03,1.352739703094833601e+00
5.036338575212132018e-02,-2.815706766514846672e-03,1.353468044695206540e+00
5.041765664194041568e-02,-2.810979027327566767e-03,1.354195939722119491e+00
5.047192753175951119e-02,-2.806263005371509040e-03,1.354923393991726455e+00
5.052619842157860669e-02,-2.801558694480525170e-03,1.355650413326161763e+00
5.058046931139770219e-02,-2.796866088535905886e-03,1.356377003553635108e+00
5.063474020121679769e-02,-2.792185181466697117e-03,1.357103170508524359e+00
5.068901109103589320e-02,-2.787515967250014416e-03,1.357828920031469266e+00
5.074328198085498870e-02,-2.782858439911357808e-03,1.358554257969466939e+00
5.079755287067409114e-02,-2.778212593524928380e-03,1.359279190175966212e+00
5.085182376049318664e-02,-2.773578422213946165e-03,1.360003722510961133e+00
5.090609465031228215e-02,-2.768955920150962396e-03,1.360727860841088210e+00
5.096036554013137765e-02,-2.764345081558180432e-03,1.361451611039720344e+00
5.101463642995047315e-02,-2.759745900707772336e-03,1.362174978987063412e+00
5.106890731976956865e-02,-2.755158371922195905e-03,1.362897970570251527e+00
5.112317820958866416e-02,-2.750582489574514289e-03,1.363620591683444072e+00
5.117744909940775966e-02,-2.746018248088713878e-03,1.364342848227921845e+00
5.123171998922685516e-02,-2.741465641940024796e-03,1.365064746112184091e+00
5.128599087904595760e-02,-2.736924665655239650e-03,1.365786291252045981e+00
5.134026176886505310e-02,-2.732395313813035763e-03,1.366507489570735423e+00
5.139453265868414861e-02,-2.727877581044295223e-03,1.367228346998991428e+00
5.144880354850324411e-02,-2.723371462032424511e-03,1.367948869475162033e+00
5.150307443832233961e-02,-2.718876951513680626e-03,1.368669062945303327e+00
5.155734532814143511e-02,-2.714394044277490710e-03,1.369388933363276717e+00
5.161161621796053062e-02,-2.709922735166776873e-03,1.370108486690849947e+00
5.166588710777962612e-02,-2.705463019078279720e-03,1.370827728897794362e+00
5.172015799759872162e-02,-2.701014890962882744e-03,1.371546665961986600e+00
5.177442888741781712e-02,-2.696578345825937154e-03,1.372265303869507624e+00
5.182869977723691957e-02,-2.692153378727588867e-03,1.372983648614742869e+00
5.188297066705601507e-02,-2.687739984783105943e-03,1.373701706200483708e+00
5.193724155687511057e-02,-2.683338159163202539e-03,1.374419482638027823e+00
5.199151244669420607e-02,-2.678947897094369375e-03,1.375136983947281122e+00
5.204578333651330158e-02,-2.674569193859201600e-03,1.375854216156859211e+00
5.210005422633239708e-02,-2.670202044796728385e-03,1.376571185304189315e+00
5.215432511615149258e-02,-2.665846445302743825e-03,1.377287897435613528e+00
5.220859600597058808e-02,-2.661502390830135668e-03,1.378004358606490287e+00
5.226286689578968359e-02,-2.657169876889219681e-03,1.378720574881298955e+00
5.231713778560878603e-02,-2.652848899048069250e-03,1.379436552333742183e+00
5.237140867542788153e-02,-2.648539452932851916e-03,1.380152297046850496e+00
5.242567956524697703e-02,-2.644241534228161140e-03,1.380867815113086206e+00
5.247995045506607253e-02,-2.639955138677351106e-03,1.381583112634448662e+00
5.253422134488516804e-02,-2.635680262082873253e-03,1.382298195722578393e+00
5.258849223470426354e-02,-2.631416900306613686e-03,1.383013070498863017e+00
5.264276312452335904e-02,-2.627165049270228404e-03,1.383727743094542939e+00
5.269703401434245454e-02,-2.622924704955484181e-03,1.384442219650817707e+00
5.275130490416155005e-02,-2.618695863404596393e-03,1.385156506318951930e+00
5.280557579398065249e-02,-2.614478520720569035e-03,1.385870609260383191e+00
5.285984668379974799e-02,-2.610272673067538188e-03,1.386584534646828626e+00
5.291411757361884349e-02,-2.606078316671110728e-03,1.387298288660393286e+00
5.296838846343793900e-02,-2.601895447818709534e-03,1.388011877493678048e+00
5.302265935325703450e-02,-2.597724062859916531e-03,1.388725307349887528e+00
5.307693024307613000e-02,-2.593564158206820066e-03,1.389438584442940439e+00
5.313120113289522550e-02,-2.589415730334357520e-03,1.390151714997577947e+00
5.318547202271432101e-02,-2.585278775780664850e-03,1.390864705249474254e+00
5.323974291253341651e-02,-2.581153291147424405e-03,1.391577561445346278e+00
5.329401380235251201e-02,-2.577039273100212736e-03,1.392290289843064244e+00
5.334828469217161445e-02,-2.572936718368852745e-03,1.393002896711763583e+00
5.340255558199070995e-02,-2.568845623747765834e-03,1.393715388331955962e+00
5.345682647180980546e-02,-2.564765986096320151e-03,1.394427770995641414e+00
5.351109736162890096e-02,-2.560697802339188811e-03,1.395140051006420689e+00
5.356536825144799646e-02,-2.556641069466702477e-03,1.395852234679608284e+00
5.361963914126709196e-02,-2.552595784535205848e-03,1.396564328342346117e+00
5.367391003108618747e-02,-2.548561944667414574e-03,1.397276338333716783e+00
5.372818092090528297e-02,-2.544539547052772615e-03,1.397988271004858118e+00
5.378245181072437847e-02,-2.540528588947815226e-03,1.398700132719078004e+00
5.383672270054348091e-02,-2.536529067676524148e-03,1.399411929851969605e+00
5.389099359036257642e-02,-2.532540980630695795e-03,1.400123668791526832e+00
5.394526448018167192e-02,-2.528564325270299482e-03,1.400835355938260918e+00
5.399953537000076742e-02,-2.524599099123844316e-03,1.401546997705316544e+00
5.405380625981986292e-02,-2.520645299788744787e-03,1.402258600518589748e+00
5.410807714963895843e-02,-2.516702924931687665e-03,1.402970170816845163e+00
5.416234803945805393e-02,-2.512771972288999761e-03,1.403681715051833701e+00
5.421661892927714943e-02,-2.508852439667019155e-03,1.404393239688411787e+00
5.427088981909624493e-02,-2.504944324942465130e-03,1.405104751204660607e+00
5.432516070891534737e-02,-2.501047626062811134e-03,1.405816256092005334e+00
5.437943159873444288e-02,-2.497162341046659483e-03,1.406527760855335485e+00
5.443370248855353838e-02,-2.493288467984114323e-03,1.407239272013125486e+00
5.448797337837263388e-02,-2.489426005037161539e-03,1.407950796097556356e+00
5.454224426819172938e-02,-2.485574950440043885e-03,1.408662339654636719e+00
5.459651515801082489e-02,-2.481735302499642627e-03,1.409373909244325818e+00
5.465078604782992039e-02,-2.477907059595858309e-03,1.410085511440655193e+00
5.470505693764901589e-02,-2.474090220181993267e-03,1.410797152831853918e+00
5.475932782746811139e-02,-2.470284782785134997e-03,1.411508840020470279e+00
5.481359871728720690e-02,-2.466490746006543000e-03,1.412220579623498118e+00
5.486786960710630934e-02,-2.462708108522034759e-03,1.412932378272500511e+00
5.492214049692540484e-02,-2.458936869082376919e-03,1.413644242613735891e+00
5.497641138674450034e-02,-2.455177026513672561e-03,1.414356179308284167e+00
5.503068227656359584e-02,-2.451428579717755424e-03,1.415068195032173071e+00
5.508495316638269135e-02,-2.447691527672582381e-03,1.415780296476506050e+00
5.513922405620178685e-02,-2.443965869432628956e-03,1.416492490347589728e+00
5.519349494602088235e-02,-2.440251604129286579e-03,1.417204783367061793e+00
5.524776583583997785e-02,-2.436548730971260270e-03,1.417917182272021126e+00
5.530203672565907336e-02,-2.432857249244971092e-03,1.418629693815156578e+00
5.535630761547817580e-02,-2.429177158314954708e-03,1.419342324764877317e+00
5.541057850529727130e-02,-2.425508457624269039e-03,1.420055081905443828e+00
5.546484939511636680e-02,-2.421851146694896286e-03,1.420767972037098925e+00
5.551912028493546231e-02,-2.418205225128152325e-03,1.421481001976200531e+00
5.557339117475455781e-02,-2.414570692605094802e-03,1.422194178555353350e+00
5.562766206457365331e-02,-2.410947548886935559e-03,1.422907508623542761e+00
5.568193295439274881e-02,-2.407335793815449602e-03,1.423620999046268931e+00
5.573620384421184432e-02,-2.403735427313395331e-03,1.424334656705680047e+00
5.579047473403093982e-02,-2.400146449384924809e-03,1.425048488500709309e+00
5.584474562385004226e-02,-2.396568860116006592e-03,1.425762501347209499e+00
5.589901651366913776e-02,-2.393002659674845108e-03,1.426476702178089306e+00
5.595328740348823326e-02,-2.389447848312301319e-03,1.427191097943451004e+00
5.600755829330732877e-02,-2.385904426362316869e-03,1.427905695610728554e+00
5.606182918312642427e-02,-2.382372394242342553e-03,1.428620502164825279e+00
5.611610007294551977e-02,-2.378851752453763329e-03,1.429335524608252639e+00
5.617037096276461527e-02,-2.375342501582330696e-03,1.430050769961271229e+00
5.622464185258371078e-02,-2.371844642298593774e-03,1.430766245262030445e+00
5.627891274240280628e-02,-2.368358175358333418e-03,1.431481957566709484e+00
5.633318363222190872e-02,-2.364883101602998500e-03,1.432197913949659895e+00
5.638745452204100422e-02,-2.361419421960146096e-03,1.432914121503547022e+00
5.644172541186009973e-02,-2.357967137443877769e-03,1.433630587339494333e+00
5.649599630167919523e-02,-2.354526249155285827e-03,1.434347318587226638e+00
5.655026719149829073e-02,-2.351096758282897412e-03,1.435064322395215308e+00
5.660453808131738623e-02,-2.347678666103119888e-03,1.435781605930822824e+00
5.665880897113648174e-02,-2.344271973980691440e-03,1.436499176380449549e+00
5.671307986095557724e-02,-2.340876683369131229e-03,1.437217040949680724e+00
5.676735075077467274e-02,-2.337492795811195196e-03,1.437935206863433235e+00
5.682162164059376824e-02,-2.334120312939328822e-03,1.438653681366104387e+00
5.687589253041287068e-02,-2.330759236476126831e-03,1.439372471721721114e+00
5.693016342023196619e-02,-2.327409568234795490e-03,1.440091585214089642e+00
5.698443431005106169e-02,-2.324071310119611017e-03,1.440811029146945810e+00
5.703870519987015719e-02,-2.320744464126389250e-03,1.441530810844106947e+00
5.709297608968925269e-02,-2.317429032342950123e-03,1.442250937649623310e+00
5.714724697950834820e-02,-2.314125016949587776e-03,1.442971416927931960e+00
5.720151786932744370e-02,-2.310832420219545869e-03,1.443692256064008861e+00
5.725578875914653920e-02,-2.307551244519488124e-03,1.444413462463525422e+00
5.731005964896563470e-02,-2.304281492309978412e-03,1.445135043553001708e+00
5.736433053878473715e-02,-2.301023166145959968e-03,1.445857006779964093e+00
5.741860142860383265e-02,-2.297776268677236781e-03,1.446579359613101134e+00
5.747287231842292815e-02,-2.294540802648959744e-03,1.447302109542421888e+00
5.752714320824202365e-02,-2.291316770902112818e-03,1.448025264079414232e+00
5.758141409806111916e-02,-2.288104176374003082e-03,1.448748830757204065e+00
5.763568498788021466e-02,-2.284903022098754271e-03,1.449472817130715407e+00
5.768995587769931016e-02,-2.281713311207801166e-03,1.450197230776832491e+00
5.774422676751840566e-02,-2.278535046930387029e-03,1.450922079294559630e+00
5.779849765733750117e-02,-2.275368232594065371e-03,1.451647370305185980e+00
5.785276854715660361e-02,-2.272212871625202153e-03,1.452373111452448295e+00
5.790703943697569911e-02,-2.269068967549483194e-03,1.453099310402694799e+00
5.796131032679479461e-02,-2.265936523992419845e-03,1.453825974845051716e+00
5.801558121661389011e-02,-2.262815544679864631e-03,1.454553112491588696e+00
5.806985210643298562e-02,-2.259706033438522131e-03,1.455280731077486456e+00
5.812412299625208112e-02,-2.256607994196467657e-03,1.456008838361204205e+00
5.817839388607117662e-02,-2.253521430983668108e-03,1.456737442124649062e+00
5.823266477589027212e-02,-2.250446347932502818e-03,1.457466550173345698e+00
5.828693566570936763e-02,-2.247382749278290480e-03,1.458196170336607311e+00
5.834120655552846313e-02,-2.244330639359818670e-03,1.458926310467706822e+00
5.839547744534756557e-02,-2.241290022619873805e-03,1.459656978444050290e+00
5.844974833516666107e-02,-2.238260903605778472e-03,1.460388182167349225e+00
5.850401922498575658e-02,-2.235243286969925726e-03,1.461119929563796882e+00
5.855829011480485208e-02,-2.232237177470322489e-03,1.461852228584241686e+00
5.861256100462394758e-02,-2.229242579971132520e-03,1.462585087204365308e+00
5.866683189444304308e-02,-2.226259499443224155e-03,1.463318513424859191e+00
5.872110278426213859e-02,-2.223287940964718042e-03,1.464052515271603516e+00
5.877537367408123409e-02,-2.220327909721543560e-03,1.464787100795845731e+00
5.882964456390032959e-02,-2.217379411007993489e-03,1.465522278074381735e+00
5.888391545371943203e-02,-2.214442450227282599e-03,1.466258055209736844e+00
5.893818634353852753e-02,-2.211517032892113162e-03,1.466994440330347871e+00
5.899245723335762304e-02,-2.208603164625239611e-03,1.467731441590746977e+00
5.904672812317671854e-02,-2.205700851160037525e-03,1.468469067171746190e+00
5.910099901299581404e-02,-2.202810098341076526e-03,1.469207325280622145e+00
5.915526990281490954e-02,-2.199930912124697935e-03,1.469946224151303493e+00
5.920954079263400505e-02,-2.197063298579591574e-03,1.470685772044557416e+00
5.926381168245310055e-02,-2.194207263887381666e-03,1.471425977248179029e+00
5.931808257227219605e-02,-2.191362814343211004e-03,1.472166848077180568e+00
5.937235346209129849e-02,-2.188529956356330321e-03,1.472908392873982342e+00
5.942662435191039400e-02,-2.185708696450695473e-03,1.473650620008604140e+00
5.948089524172948950e-02,-2.182899041265558542e-03,1.474393537878858629e+00
5.953516613154858500e-02,-2.180100997556073256e-03,1.475137154910545423e+00
5.958943702136768050e-02,-2.177314572193896503e-03,1.475881479557645148e+00
5.964370791118677601e-02,-2.174539772167795489e-03,1.476626520302517065e+00
5.969797880100587151e-02,-2.171776604584260955e-03,1.477372285656095130e+00
5.975224969082496701e-02,-2.169025076668120409e-03,1.478118784158087617e+00
5.980652058064406251e-02,-2.166285195763157853e-03,1.478866024377175847e+00
5.986079147046315801e-02,-2.163556969332735679e-03,1.479614014911214914e+00
5.991506236028226046e-02,-2.160840404960420909e-03,1.480362764387436858e+00
5.996933325010135596e-02,-2.158135510350616629e-03,1.481112281462651614e+00
6.002360413992045146e-02,-2.155442293329192134e-03,1.481862574823453071e+00
6.007787502973954696e-02,-2.152760761844125636e-03,1.482613653186424241e+00
6.013214591955864247e-02,-2.150090923966140911e-03,1.483365525298342869e+00
6.018641680937773797e-02,-2.147432787889356955e-03,1.484118199936390381e+00
6.024068769919683347e-02,-2.144786361931935899e-03,1.484871685908360384e+00
6.029495858901592897e-02,-2.142151654536735700e-03,1.485625992052869382e+00
6.034922947883502448e-02,-2.139528674271969771e-03,1.486381127239567279e+00
6.040350036865412692e-02,-2.136917429831866177e-03,1.487137100369351650e+00
6.045777125847322242e-02,-2.134317930037336365e-03,1.487893920374580237e+00
6.051204214829231792e-02,-2.131730183836643040e-03,1.488651596219287443e+00
6.056631303811141342e-02,-2.129154200306074534e-03,1.489410136899399939e+00
6.062058392793050893e-02,-2.126589988650623517e-03,1.490169551442954932e+00
6.067485481774960443e-02,-2.124037558204670047e-03,1.490929848910319766e+00
6.072912570756869993e-02,-2.121496918432667651e-03,1.491691038394410640e+00
6.078339659738779543e-02,-2.118968078929835044e-03,1.492453129020916425e+00
6.083766748720689094e-02,-2.116451049422851758e-03,1.493216129948520265e+00
6.089193837702599338e-02,-2.113945839770557233e-03,1.493980050369124513e+00
6.094620926684508888e-02,-2.111452459964657281e-03,1.494744899508076097e+00
6.100048015666418438e-02,-2.108970920130429690e-03,1.495510686624394125e+00
6.105475104648327989e-02,-2.106501230527441093e-03,1.496277421010997699e+00
6.110902193630237539e-02,-2.104043401550262111e-03,1.497045111994935951e+00
6.116329282612147089e-02,-2.101597443729192032e-03,1.497813768937619416e+00
6.121756371594056639e-02,-2.099163367730984796e-03,1.498583401235052293e+00
6.127183460575966190e-02,-2.096741184359579742e-03,1.499354018318066473e+00
6.132610549557875740e-02,-2.094330904556840605e-03,1.500125629652556913e+00
6.138037638539785290e-02,-2.091932539403294940e-03,1.500898244739718779e+00
6.143464727521695534e-02,-2.089546100118880052e-03,1.501671873116285028e+00
6.148891816503605084e-02,-2.087171598063695434e-03,1.502446524354766666e+00
6.154318905485514635e-02,-2.084809044738756070e-03,1.503222208063693666e+00
6.159745994467424185e-02,-2.082458451786753980e-03,1.503998933887857437e+00
6.165173083449333735e-02,-2.080119830992825398e-03,1.504776711508555298e+00
6.170600172431243285e-02,-2.077793194285317956e-03,1.505555550643836060e+00
6.176027261413152836e-02,-2.075478553736568709e-03,1.506335461048746049e+00
6.181454350395062386e-02,-2.073175921563683455e-03,1.507116452515579574e+00
6.186881439376971936e-02,-2.070885310129323437e-03,1.507898534874127394e+00
6.192308528358882180e-02,-2.068606731942493771e-03,1.508681717991929627e+00
6.197735617340791731e-02,-2.066340199659342722e-03,1.509466011774527328e+00
6.203162706322701281e-02,-2.064085726083959675e-03,1.510251426165719613e+00
6.208589795304610831e-02,-2.061843324169183086e-03,1.511037971147817682e+00
6.214016884286520381e-02,-2.059613007017412328e-03,1.511825656741904389e+00
6.219443973268429932e-02,-2.057394787881424315e-03,1.512614493008093364e+00
6.224871062250339482e-02,-2.055188680165196628e-03,1.513404490045789252e+00
6.230298151232249032e-02,-2.052994697424733242e-03,1.514195657993951727e+00
6.235725240214158582e-02,-2.050812853368901099e-03,1.514988007031359496e+00
6.241152329196068826e-02,-2.048643161860266241e-03,1.515781547376875871e+00
6.246579418177978377e-02,-2.046485636915940359e-03,1.516576289289716994e+00
6.252006507159887927e-02,-2.044340292708429936e-03,1.517372243069720961e+00
6.257433596141796783e-02,-2.042207143566491471e-03,1.518169419057619374e+00
6.262860685123707027e-02,-2.040086203975992763e-03,1.518967827635309797e+00
6.268287774105617272e-02,-2.037977488580782447e-03,1.519767479226129536e+00
6.273714863087526128e-02,-2.035881012183560820e-03,1.520568384295132969e+00
6.279141952069436372e-02,-2.033796789746758916e-03,1.521370553349369104e+00
6.284569041051345228e-02,-2.031724836393424081e-03,1.522173996938160689e+00
6.289996130033255473e-02,-2.029665167408109452e-03,1.522978725653386878e+00
6.295423219015164329e-02,-2.027617798237772544e-03,1.523784750129765220e+00
6.300850307997074573e-02,-2.025582744492675138e-03,1.524592081045137659e+00
6.306277396978983429e-02,-2.023560021947296179e-03,1.525400729120756083e+00
6.311704485960893674e-02,-2.021549646541241207e-03,1.526210705121573419e+00
6.317131574942803918e-02,-2.019551634380169127e-03,1.527022019856530743e+00
6.322558663924712774e-02,-2.017566001736716391e-03,1.527834684178852154e+00
6.327985752906623018e-02,-2.015592765051430705e-03,1.528648708986338756e+00
6.333412841888531875e-02,-2.013631940933712124e-03,1.529464105221663539e+00
6.338839930870442119e-02,-2.011683546162757602e-03,1.530280883872670028e+00
6.344267019852350975e-02,-2.009747597688517264e-03,1.531099055972672041e+00
6.349694108834261219e-02,-2.007824112632649368e-03,1.531918632600756114e+00
6.355121197816170076e-02,-2.005913108289490016e-03,1.532739624882083929e+00
6.360548286798080320e-02,-2.004014602127021996e-03,1.533562043988199397e+00
6.365975375779990564e-02,-2.002128611787856640e-03,1.534385901137334640e+00
6.371402464761899420e-02,-2.000255155090220009e-03,1.535211207594721072e+00
6.376829553743809664e-02,-1.998394250028940819e-03,1.536037974672900708e+00
6.382256642725718521e-02,-1.996545914776455717e-03,1.536866213732039022e+00
6.387683731707628765e-02,-1.994710167683811514e-03,1.537695936180241585e+00
6.393110820689537621e-02,-1.992887027281679997e-03,1.538527153473870257e+00
6.398537909671447865e-02,-1.991076512281375784e-03,1.539359877117865372e+00
6.403964998653356722e-02,-1.989278641575888476e-03,1.540194118666064593e+00
6.409392087635266966e-02,-1.987493434240910056e-03,1.541029889721529322e+00
6.414819176617175822e-02,-1.985720909535881786e-03,1.541867201936868659e+00
6.420246265599086066e-02,-1.983961086905038952e-03,1.542706067014569138e+00
6.425673354580996310e-02,-1.982213985978469907e-03,1.543546496707323801e+00
6.431100443562905167e-02,-1.980479626573176423e-03,1.544388502818365483e+00
6.436527532544815411e-02,-1.978758028694144883e-03,1.545232097201800547e+00
6.441954621526724267e-02,-1.977049212535425711e-03,1.546077291762946171e+00
6.447381710508634511e-02,-1.975353198481215843e-03,1.546924098458669183e+00
6.452808799490543368e-02,-1.973670007106953766e-03,1.547772529297727129e+00
6.458235888472453612e-02,-1.971999659180419338e-03,1.548622596341111546e+00
6.463662977454362468e-02,-1.970342175662842272e-03,1.549474311702393914e+00
6.469090066436272712e-02,-1.968697577710017566e-03,1.550327687548073374e+00
6.474517155418182957e-02,-1.967065886673429170e-03,1.551182736097926673e+00
6.479944244400091813e-02,-1.965447124101382323e-03,1.552039469625361212e+00
6.485371333382002057e-02,-1.963841311740141104e-03,1.552897900457769653e+00
6.490798422363910913e-02,-1.962248471535077681e-03,1.553758040976886523e+00
6.496225511345821158e-02,-1.960668625631827207e-03,1.554619903619149035e+00
6.501652600327730014e-02,-1.959101796377451382e-03,1.555483500876057024e+00
6.507079689309640258e-02,-1.957548006321608528e-03,1.556348845294539540e+00
6.512506778291549114e-02,-1.956007278217736668e-03,1.557215949477319006e+00
6.517933867273459358e-02,-1.954479635024237907e-03,1.558084826083283136e+00
6.523360956255369603e-02,-1.952965099905679082e-03,1.558955487827853981e+00
6.528788045237278459e-02,-1.951463696233993704e-03,1.559827947483362953e+00
6.534215134219188703e-02,-1.949975447589694967e-03,1.560702217879428311e+00
6.539642223201097559e-02,-1.948500377763101327e-03,1.561578311903332184e+00
6.545069312183007804e-02,-1.947038510755562737e-03,1.562456242500404269e+00
6.550496401164916660e-02,-1.945589870780703792e-03,1.563336022674403303e+00
6.555923490146826904e-02,-1.944154482265668610e-03,1.564217665487906972e+00
6.561350579128735760e-02,-1.942732369852380242e-03,1.565101184062697826e+00
6.566777668110646005e-02,-1.941323558398804416e-03,1.565986591580157850e+00
6.572204757092556249e-02,-1.939928072980225430e-03,1.566873901281661041e+00
6.577631846074465105e-02,-1.938545938890530278e-03,1.567763126468971091e+00
6.583058935056375349e-02,-1.937177181643499500e-03,1.568654280504641507e+00
6.588486024038284206e-02,-1.935821826974111915e-03,1.569547376812417516e+00
6.593913113020194450e-02,-1.934479900839853250e-03,1.570442428877641738e+00
6.599340202002103306e-02,-1.933151429422039517e-03,1.571339450247660974e+00
6.604767290984013550e-02,-1.931836439127143862e-03,1.572238454532238094e+00
6.610194379965922407e-02,-1.930534956588139022e-03,1.573139455403964382e+00
6.615621468947832651e-02,-1.929247008665843687e-03,1.574042466598676304e+00
6.621048557929742895e-02,-1.927972622450282959e-03,1.574947501915873849e+00
6.626475646911651751e-02,-1.926711825262055963e-03,1.575854575219142628e+00
6.631902735893561995e-02,-1.925464644653713218e-03,1.576763700436578874e+00
6.637329824875470852e-02,-1.924231108411145934e-03,1.577674891561215986e+00
6.642756913857381096e-02,-1.923011244554981595e-03,1.578588162651455740e+00
6.648184002839289952e-02,-1.921805081341994509e-03,1.579503527831500609e+00
6.653611091821200196e-02,-1.920612647266520690e-03,1.580421001291791416e+00
6.659038180803109053e-02,-1.919433971061888572e-03,1.581340597289444538e+00
6.664465269785019297e-02,-1.918269081701854490e-03,1.582262330148696439e+00
6.669892358766929541e-02,-1.917118008402053349e-03,1.583186214261346203e+00
6.675319447748838397e-02,-1.915980780621456435e-03,1.584112264087205402e+00
6.680746536730748641e-02,-1.914857428063840078e-03,1.585040494154549506e+00
6.686173625712657498e-02,-1.913747980679267324e-03,1.585970919060570639e+00
6.691600714694567742e-02,-1.912652468665576111e-03,1.586903553471836092e+00
6.697027803676476598e-02,-1.911570922469882621e-03,1.587838412124748633e+00
6.702454892658386842e-02,-1.910503372790091142e-03,1.588775509826010346e+00
6.707881981640295699e-02,-1.909449850576418672e-03,1.589714861453087824e+00
6.713309070622205943e-02,-1.908410387032926899e-03,1.590656481954685120e+00
6.718736159604114799e-02,-1.907385013619068920e-03,1.591600386351213592e+00
6.724163248586025043e-02,-1.906373762051242907e-03,1.592546589735271079e+00
6.729590337567935288e-02,-1.905376664304360944e-03,1.593495107272119515e+00
6.735017426549844144e-02,-1.904393752613426543e-03,1.594445954200169213e+00
6.740444515531754388e-02,-1.903425059475124734e-03,1.595399145831464693e+00
6.745871604513663244e-02,-1.902470617649422999e-03,1.596354697552173629e+00
6.751298693495573489e-02,-1.901530460161183047e-03,1.597312624823081340e+00
6.756725782477482345e-02,-1.900604620301787765e-03,1.598272943180085059e+00
6.762152871459392589e-02,-1.899693131630774030e-03,1.599235668234695762e+00
6.767579960441301445e-02,-1.898796027977483298e-03,1.600200815674539312e+00
6.773007049423211690e-02,-1.897913343442719130e-03,1.601168401263864949e+00
6.778434138405121934e-02,-1.897045112400421200e-03,1.602138440844053990e+00
6.783861227387030790e-02,-1.896191369499347331e-03,1.603110950334133866e+00
6.789288316368941034e-02,-1.895352149664769831e-03,1.604085945731296148e+00
6.794715405350849891e-02,-1.894527488100184202e-03,1.605063443111415467e+00
6.800142494332760135e-02,-1.893717420289029547e-03,1.606043458629575538e+00
6.805569583314668991e-02,-1.892921981996421562e-03,1.607026008520595850e+00
6.810996672296579235e-02,-1.892141209270897665e-03,1.608011109099564351e+00
6.816423761278488092e-02,-1.891375138446176442e-03,1.608998776762371241e+00
6.821850850260398336e-02,-1.890623806142926414e-03,1.609989027986249210e+00
6.827277939242308580e-02,-1.889887249270552367e-03,1.610981879330315669e+00
6.832705028224217436e-02,-1.889165505028990357e-03,1.611977347436118091e+00
6.838132117206127680e-02,-1.888458610910517029e-03,1.612975449028186459e+00
6.843559206188036537e-02,-1.887766604701573894e-03,1.613976200914584602e+00
6.848986295169946781e-02,-1.887089524484602014e-03,1.614979619987470638e+00
6.854413384151855637e-02,-1.886427408639891872e-03,1.615985723223655857e+00
6.859840473133765881e-02,-1.885780295847446029e-03,1.616994527685173155e+00
6.865267562115674738e-02,-1.885148225088854792e-03,1.618006050519843475e+00
6.870694651097584982e-02,-1.884531235649186632e-03,1.619020308961852450e+00
6.876121740079495226e-02,-1.883929367118891392e-03,1.620037320332325281e+00
6.881548829061404082e-02,-1.883342659395717154e-03,1.621057102039908937e+00
6.886975918043314326e-02,-1.882771152686641856e-03,1.622079671581358573e+00
6.892403007025223183e-02,-1.882214887509818784e-03,1.623105046542125285e+00
6.897830096007133427e-02,-1.881673904696534857e-03,1.624133244596951631e+00
6.903257184989042283e-02,-1.881148245393184960e-03,1.625164283510467156e+00
6.908684273970952527e-02,-1.880637951063258853e-03,1.626198181137792798e+00
6.914111362952861384e-02,-1.880143063489344993e-03,1.627234955425144403e+00
6.919538451934771628e-02,-1.879663624775145198e-03,1.628274624410445570e+00
6.924965540916681872e-02,-1.879199677347507093e-03,1.629317206223939829e+00
6.930392629898590728e-02,-1.878751263958470868e-03,1.630362719088810586e+00
6.935819718880500973e-02,-1.878318427687328176e-03,1.631411181321805071e+00
6.941246807862409829e-02,-1.877901211942700115e-03,1.632462611333859615e+00
6.946673896844320073e-02,-1.877499660464626704e-03,1.633517027630733809e+00
6.952100985826228929e-02,-1.877113817326673704e-03,1.634574448813644887e+00
6.957528074808139174e-02,-1.876743726938053317e-03,1.635634893579909654e+00
6.962955163790048030e-02,-1.876389434045761580e-03,1.636698380723588864e+00
6.968382252771958274e-02,-1.876050983736729863e-03,1.637764929136137138e+00
6.973809341753868518e-02,-1.875728421439993698e-03,1.638834557807056891e+00
6.979236430735777375e-02,-1.875421792928874632e-03,1.639907285824556915e+00
6.984663519717687619e-02,-1.875131144323181160e-03,1.640983132376216735e+00
6.990090608699596475e-02,-1.874856522091422877e-03,1.642062116749653189e+00
6.995517697681506719e-02,-1.874597973053042637e-03,1.643144258333193886e+00
7.000944786663415575e-02,-1.874355544380662802e-03,1.644229576616553334e+00
7.006371875645325820e-02,-1.874129283602349923e-03,1.645318091191517063e+00
7.011798964627234676e-02,-1.873919238603895254e-03,1.646409821752625957e+00
7.017226053609144920e-02,-1.873725457631109353e-03,1.647504788097869710e+00
7.022653142591055164e-02,-1.873547989292137289e-03,1.648603010129381818e+00
7.028080231572964021e-02,-1.873386882559787943e-03,1.649704507854141688e+00
7.033507320554874265e-02,-1.873242186773880005e-03,1.650809301384680738e+00
7.038934409536783121e-02,-1.873113951643606834e-03,1.651917410939792719e+00
7.044361498518693365e-02,-1.873002227249916064e-03,1.653028856845250916e+00
7.049788587500602222e-02,-1.872907064047908948e-03,1.654143659534527355e+00
7.055215676482512466e-02,-1.872828512869254220e-03,1.655261839549521552e+00
7.060642765464421322e-02,-1.872766624924622134e-03,1.656383417541288372e+00
7.066069854446331566e-02,-1.872721451806133456e-03,1.657508414270777442e+00
7.071496943428240423e-02,-1.872693045489828411e-03,1.658636850609571445e+00
7.076924032410150667e-02,-1.872681458338151458e-03,1.659768747540635747e+00
7.082351121392060911e-02,-1.872686743102455796e-03,1.660904126159067351e+00
7.087778210373969767e-02,-1.872708952925524568e-03,1.662043007672853179e+00
7.093205299355880011e-02,-1.872748141344110495e-03,1.663185413403633461e+00
7.098632388337788868e-02,-1.872804362291494162e-03,1.664331364787466017e+00
7.104059477319699112e-02,-1.872877670100060081e-03,1.665480883375603183e+00
7.109486566301607968e-02,-1.872968119503891837e-03,1.666633990835266754e+00
7.114913655283518212e-02,-1.873075765641386099e-03,1.667790708950434020e+00
7.120340744265427069e-02,-1.873200664057883980e-03,1.668951059622625355e+00
7.125767833247337313e-02,-1.873342870708322779e-03,1.670115064871700250e+00
7.131194922229247557e-02,-1.873502441959906152e-03,1.671282746836656230e+00
7.136622011211156413e-02,-1.873679434594793152e-03,1.672454127776435318e+00
7.142049100193066657e-02,-1.873873905812807215e-03,1.673629230070736273e+00
7.147476189174975514e-02,-1.874085913234163148e-03,1.674808076220829278e+00
7.152903278156885758e-02,-1.874315514902215579e-03,1.675990688850381716e+00
7.158330367138794614e-02,-1.874562769286225190e-03,1.677177090706283735e+00
7.163757456120704858e-02,-1.874827735284146204e-03,1.678367304659484693e+00
7.169184545102613715e-02,-1.875110472225431429e-03,1.679561353705831372e+00
7.174611634084523959e-02,-1.875411039873861162e-03,1.680759260966915747e+00
7.180038723066434203e-02,-1.875729498430387700e-03,1.681961049690924082e+00
7.185465812048343059e-02,-1.876065908536003485e-03,1.683166743253497133e+00
7.190892901030253304e-02,-1.876420331274628126e-03,1.684376365158592570e+00
7.196319990012162160e-02,-1.876792828176015787e-03,1.685589939039353613e+00
7.201747078994072404e-02,-1.877183461218684488e-03,1.686807488658987220e+00
7.207174167975981260e-02,-1.877592292832863836e-03,1.688029037911641828e+00
7.212601256957891505e-02,-1.878019385903466820e-03,1.689254610823299529e+00
7.218028345939800361e-02,-1.878464803773078522e-03,1.690484231552665806e+00
7.223455434921710605e-02,-1.878928610244970637e-03,1.691717924392072581e+00
7.228882523903620849e-02,-1.879410869586133114e-03,1.692955713768382608e+00
7.234309612885529706e-02,-1.879911646530329009e-03,1.694197624243903189e+00
7.239736701867439950e-02,-1.880431006281171663e-03,1.695443680517304319e+00
7.245163790849348806e-02,-1.880969014515220970e-03,1.696693907424543735e+00
7.250590879831259050e-02,-1.881525737385104360e-03,1.697948329939799272e+00
7.256017968813167907e-02,-1.882101241522657299e-03,1.699206973176405677e+00
7.261445057795078151e-02,-1.882695594042087424e-03,1.700469862387799624e+00
7.266872146776987007e-02,-1.883308862543158846e-03,1.701737022968470514e+00
7.272299235758897251e-02,-1.883941115114400955e-03,1.703008480454917706e+00
7.277726324740807495e-02,-1.884592420336337823e-03,1.704284260526614636e+00
7.283153413722716352e-02,-1.885262847284741245e-03,1.705564389006978487e+00
7.288580502704626596e-02,-1.885952465533906330e-03,1.706848891864350071e+00
7.294007591686535452e-02,-1.886661345159947696e-03,1.708137795212973264e+00
7.299434680668445696e-02,-1.887389556744122109e-03,1.709431125313990441e+00
7.304861769650354553e-02,-1.888137171376171519e-03,1.710728908576436114e+00
7.310288858632264797e-02,-1.888904260657689503e-03,1.712031171558243470e+00
7.315715947614173653e-02,-1.889690896705511786e-03,1.713337940967253337e+00
7.321143036596083897e-02,-1.890497152155129739e-03,1.714649243662234701e+00
7.326570125577994141e-02,-1.891323100164126435e-03,1.715965106653907002e+00
7.331997214559902998e-02,-1.892168814415637638e-03,1.717285557105972416e+00
7.337424303541813242e-02,-1.893034369121836865e-03,1.718610622336156801e+00
7.342851392523722098e-02,-1.893919839027441258e-03,1.719940329817251978e+00
7.348278481505632342e-02,-1.894825299413245220e-03,1.721274707178171992e+00
7.353705570487541199e-02,-1.895750826099675077e-03,1.722613782205010047e+00
7.359132659469451443e-02,-1.896696495450369982e-03,1.723957582842108316e+00
7.364559748451360299e-02,-1.897662384375786021e-03,1.725306137193129752e+00
7.369986837433270543e-02,-1.898648570336824819e-03,1.726659473522142552e+00
7.375413926415179400e-02,-1.899655131348486868e-03,1.728017620254705733e+00
7.380841015397089644e-02,-1.900682145983549360e-03,1.729380605978968033e+00
7.386268104378999888e-02,-1.901729693376268951e-03,1.730748459446769694e+00
7.391695193360908744e-02,-1.902797853226108164e-03,1.732121209574752685e+00
7.397122282342818989e-02,-1.903886705801489769e-03,1.733498885445482474e+00
7.402549371324727845e-02,-1.904996331943572185e-03,1.734881516308568683e+00
7.407976460306638089e-02,-1.906126813070052866e-03,1.736269131581802849e+00
7.413403549288546945e-02,-1.907278231178996183e-03,1.737661760852295290e+00
7.418830638270457190e-02,-1.908450668852686464e-03,1.739059433877627292e+00
7.424257727252366046e-02,-1.909644209261505965e-03,1.740462180587002861e+00
7.429684816234276290e-02,-1.910858936167841252e-03,1.741870031082415782e+00
7.435111905216186534e-02,-1.912094933930009750e-03,1.743283015639818245e+00
7.440538994198095391e-02,-1.913352287506217726e-03,1.744701164710301233e+00
7.445966083180005635e-02,-1.914631082458541486e-03,1.746124508921280905e+00
7.451393172161914491e-02,-1.915931404956933712e-03,1.747553079077692084e+00
7.456820261143824735e-02,-1.917253341783258219e-03,1.748986906163191968e+00
7.462247350125733591e-02,-1.918596980335348116e-03,1.750426021341368044e+00
7.467674439107643836e-02,-1.919962408631092823e-03,1.751870455956959116e+00
7.473101528089552692e-02,-1.921349715312548924e-03,1.753320241537077440e+00
7.478528617071462936e-02,-1.922758989650079874e-03,1.754775409792446172e+00
7.483955706053373180e-02,-1.924190321546519330e-03,1.756235992618638164e+00
7.489382795035282037e-02,-1.925643801541363767e-03,1.757702022097326511e+00
7.494809884017192281e-02,-1.927119520814990451e-03,1.759173530497544657e+00
7.500236972999101137e-02,-1.928617571192901012e-03,1.760650550276948278e+00
7.505664061981011381e-02,-1.930138045149994283e-03,1.762133114083093144e+00
7.511091150962920238e-02,-1.931681035814862774e-03,1.763621254754713874e+00
7.516518239944830482e-02,-1.933246636974120377e-03,1.765115005323017128e+00
7.521945328926739338e-02,-1.934834943076750666e-03,1.766614399012977232e+00
7.527372417908649582e-02,-1.936446049238490542e-03,1.768119469244646247e+00
7.532799506890559826e-02,-1.938080051246231878e-03,1.769630249634465580e+00
7.538226595872468683e-02,-1.939737045562457208e-03,1.771146773996590484e+00
7.543653684854378927e-02,-1.941417129329700564e-03,1.772669076344222994e+00
7.549080773836287783e-02,-1.943120400375031960e-03,1.774197190890948406e+00
7.554507862818198027e-02,-1.944846957214576557e-03,1.775731152052087758e+00
7.559934951800106884e-02,-1.946596899058051838e-03,1.777270994446049857e+00
7.565362040782017128e-02,-1.948370325813341417e-03,1.778816752895700404e+00
7.570789129763925984e-02,-1.950167338091087724e-03,1.780368462429731347e+00
7.576216218745836228e-02,-1.951988037209319814e-03,1.781926158284046657e+00
7.581643307727746472e-02,-1.953832525198101553e-03,1.783489875903149002e+00
7.587070396709655329e-02,-1.955700904804211042e-03,1.785059650941540843e+00
7.592497485691565573e-02,-1.957593279495849735e-03,1.786635519265131089e+00
7.597924574673474429e-02,-1.959509753467371732e-03,1.788217516952650188e+00
7.603351663655384673e-02,-1.961450431644048628e-03,1.789805680297075652e+00
7.608778752637293530e-02,-1.963415419686853451e-03,1.791400045807063135e+00
7.614205841619203774e-02,-1.965404823997282321e-03,1.793000650208390168e+00
7.619632930601112630e-02,-1.967418751722191297e-03,1.794607530445403443e+00
7.625060019583022874e-02,-1.969457310758673113e-03,1.796220723682480314e+00
7.630487108564933119e-02,-1.971520609758950840e-03,1.797840267305493622e+00
7.635914197546841975e-02,-1.973608758135303627e-03,1.799466198923288296e+00
7.641341286528752219e-02,-1.975721866065021509e-03,1.801098556369166603e+00
7.646768375510661075e-02,-1.977860044495383194e-03,1.802737377702379629e+00
7.652195464492571320e-02,-1.980023405148664643e-03,1.804382701209631179e+00
7.657622553474480176e-02,-1.982212060527170638e-03,1.806034565406584802e+00
7.663049642456390420e-02,-1.984426123918298437e-03,1.807693009039387233e+00
7.668476731438299276e-02,-1.986665709399624852e-03,1.809358071086191178e+00
7.673903820420209521e-02,-1.988930931844022816e-03,1.811029790758696301e+00
7.679330909402119765e-02,-1.991221906924800934e-03,1.812708207503690216e+00
7.684757998384028621e-02,-1.993538751120872959e-03,1.814393361004604355e+00
7.690185087365938865e-02,-1.995881581721956326e-03,1.816085291183076711e+00
7.695612176347847722e-02,-1.998250516833789767e-03,1.817784038200519703e+00
7.701039265329757966e-02,-2.000645675383384749e-03,1.819489642459703571e+00
7.706466354311666822e-02,-2.003067177124298170e-03,1.821202144606341111e+00
7.711893443293577066e-02,-2.005515142641936706e-03,1.822921585530687949e+00
7.717320532275485923e-02,-2.007989693358879380e-03,1.824648006369143260e+00
7.722747621257396167e-02,-2.010490951540234821e-03,1.826381448505869365e+00
7.728174710239305023e-02,-2.013019040299015867e-03,1.828121953574408654e+00
7.733601799221215267e-02,-2.015574083601549306e-03,1.829869563459319393e+00
7.739028888203125511e-02,-2.018156206272900786e-03,1.831624320297811748e+00
7.744455977185034368e-02,-2.020765534002330090e-03,1.833386266481397575e+00
7.749883066166944612e-02,-2.023402193348777193e-03,1.835155444657548207e+00
7.755310155148853468e-02,-2.026066311746358740e-03,1.836931897731356012e+00
7.760737244130763712e-02,-2.028758017509904414e-03,1.838715668867211939e+00
7.766164333112672569e-02,-2.031477439840506313e-03,1.840506801490483957e+00
7.771591422094582813e-02,-2.034224708831100861e-03,1.842305339289210364e+00
7.777018511076491669e-02,-2.036999955472067626e-03,1.844111326215794877e+00
7.782445600058401913e-02,-2.039803311656858062e-03,1.845924806488717040e+00
7.787872689040312157e-02,-2.042634910187641172e-03,1.847745824594244857e+00
7.793299778022221014e-02,-2.045494884780978215e-03,1.849574425288158075e+00
7.798726867004131258e-02,-2.048383370073518246e-03,1.851410653597482803e+00
7.804153955986040114e-02,-2.051300501627712283e-03,1.853254554822225675e+00
7.809581044967950358e-02,-2.054246415937556990e-03,1.855106174537126895e+00
7.815008133949859215e-02,-2.057221250434352212e-03,1.856965558593411725e+00
7.820435222931769459e-02,-2.060225143492488455e-03,1.858832753120556847e+00
7.825862311913678315e-02,-2.063258234435245628e-03,1.860707804528058729e+00
7.831289400895588559e-02,-2.066320663540623017e-03,1.862590759507216642e+00
7.836716489877498804e-02,-2.069412572047179665e-03,1.864481665032915902e+00
7.842143578859407660e-02,-2.072534102159902074e-03,1.866380568365423986e+00
7.847570667841317904e-02,-2.075685397056090120e-03,1.868287517052193758e+00
7.852997756823226760e-02,-2.078866600891255551e-03,1.870202558929670467e+00
7.858424845805137005e-02,-2.082077858805050398e-03,1.872125742125112291e+00
7.863851934787045861e-02,-2.085319316927201037e-03,1.874057115058410439e+00
7.869279023768956105e-02,-2.088591122383471298e-03,1.875996726443925233e+00
7.874706112750864961e-02,-2.091893423301632512e-03,1.877944625292320646e+00
7.880133201732775206e-02,-2.095226368817460459e-03,1.879900860912414373e+00
7.885560290714685450e-02,-2.098590109080737502e-03,1.881865482913027021e+00
7.890987379696594306e-02,-2.101984795261277288e-03,1.883838541204842398e+00
7.896414468678504550e-02,-2.105410579554966351e-03,1.885820086002276685e+00
7.901841557660413407e-02,-2.108867615189807462e-03,1.887810167825346719e+00
7.907268646642323651e-02,-2.112356056431996358e-03,1.889808837501553818e+00
7.912695735624232507e-02,-2.115876058591988941e-03,1.891816146167765611e+00
7.918122824606142751e-02,-2.119427778030602300e-03,1.893832145272111633e+00
7.923549913588051608e-02,-2.123011372165108362e-03,1.895856886575877587e+00
7.928977002569961852e-02,-2.126626999475354426e-03,1.897890422155413370e+00
7.934404091551872096e-02,-2.130274819509881540e-03,1.899932804404039333e+00
7.939831180533780952e-02,-2.133954992892057173e-03,1.901984086033962962e+00
7.945258269515691196e-02,-2.137667681326223517e-03,1.904044320078201569e+00
7.950685358497600053e-02,-2.141413047603836235e-03,1.906113559892504528e+00
7.956112447479510297e-02,-2.145191255609629668e-03,1.908191859157289727e+00
7.961539536461419153e-02,-2.149002470327770770e-03,1.910279271879574692e+00
7.966966625443329397e-02,-2.152846857848034721e-03,1.912375852394922582e+00
7.972393714425238254e-02,-2.156724585371968400e-03,1.914481655369383306e+00
7.977820803407148498e-02,-2.160635821219071637e-03,1.916596735801448625e+00
7.983247892389058742e-02,-2.164580734832969363e-03,1.918721149024001704e+00
7.988674981370967598e-02,-2.168559496787591991e-03,1.920854950706278652e+00
7.994102070352877842e-02,-2.172572278793355807e-03,1.922998196855830955e+00
7.999529159334786699e-02,-2.176619253703336414e-03,1.925150943820488347e+00
8.004956248316696943e-02,-2.180700595519450419e-03,1.927313248290331904e+00
8.010383337298605799e-02,-2.184816479398621076e-03,1.929485167299662240e+00
8.015810426280516043e-02,-2.188967081658955635e-03,1.931666758228978376e+00
8.021237515262424900e-02,-2.193152579785899274e-03,1.933858078806952374e+00
8.026664604244335144e-02,-2.197373152438402040e-03,1.936059187112412205e+00
8.032091693226244000e-02,-2.201628979455056735e-03,1.938270141576321270e+00
8.037518782208154244e-02,-2.205920241860249813e-03,1.940491000983765257e+00
8.042945871190064488e-02,-2.210247121870281481e-03,1.942721824475935222e+00
8.048372960171973345e-02,-2.214609802899486675e-03,1.944962671552115774e+00
8.053800049153883589e-02,-2.219008469566342585e-03,1.947213602071673710e+00
8.059227138135792445e-02,-2.223443307699550162e-03,1.949474676256043759e+00
8.064654227117702689e-02,-2.227914504344115625e-03,1.951745954690721208e+00
8.070081316099611546e-02,-2.232422247767398577e-03,1.954027498327246537e+00
8.075508405081521790e-02,-2.236966727465155343e-03,1.956319368485198273e+00
8.080935494063430646e-02,-2.241548134167545454e-03,1.958621626854176512e+00
8.086362583045340890e-02,-2.246166659845133789e-03,1.960934335495793546e+00
8.091789672027251135e-02,-2.250822497714851083e-03,1.963257556845656504e+00
8.097216761009159991e-02,-2.255515842245938395e-03,1.965591353715351541e+00
8.102643849991070235e-02,-2.260246889165866847e-03,1.967935789294428028e+00
8.108070938972979091e-02,-2.265015835466212702e-03,1.970290927152372751e+00
8.113498027954889336e-02,-2.269822879408521163e-03,1.972656831240590769e+00
8.118925116936798192e-02,-2.274668220530116393e-03,1.975033565894373400e+00
8.124352205918708436e-02,-2.279552059649894626e-03,1.977421195834872192e+00
8.129779294900617292e-02,-2.284474598874063934e-03,1.979819786171057805e+00
8.135206383882527537e-02,-2.289436041601857538e-03,1.982229402401685547e+00
8.140633472864437781e-02,-2.294436592531194641e-03,1.984650110417245372e+00
8.146060561846346637e-02,-2.299476457664303974e-03,1.987081976501913205e+00
8.151487650828256881e-02,-2.304555844313302664e-03,1.989525067335494946e+00
8.156914739810165738e-02,-2.309674961105717423e-03,1.991979449995359364e+00
8.162341828792075982e-02,-2.314834017989967144e-03,1.994445191958371888e+00
8.167768917773984838e-02,-2.320033226240779574e-03,1.996922361102810628e+00
8.173196006755895082e-02,-2.325272798464567223e-03,1.999411025710285283e+00
8.178623095737803939e-02,-2.330552948604726077e-03,2.001911254467636070e+00
8.184050184719714183e-02,-2.335873891946896579e-03,2.004423116468834198e+00
8.189477273701624427e-02,-2.341235845124135708e-03,2.006946681216862594e+00
8.194904362683533283e-02,-2.346639026122043954e-03,2.009482018625591060e+00
8.200331451665443527e-02,-2.352083654283816834e-03,2.012029199021644565e+00
8.205758540647352384e-02,-2.357569950315212270e-03,2.014588293146247100e+00
8.211185629629262628e-02,-2.363098136289467667e-03,2.017159372157068198e+00
8.216612718611171484e-02,-2.368668435652110296e-03,2.019742507630041928e+00
8.222039807593081728e-02,-2.374281073225717378e-03,2.022337771561187214e+00
8.227466896574990585e-02,-2.379936275214559940e-03,2.024945236368396628e+00
8.232893985556900829e-02,-2.385634269209192457e-03,2.027564974893227401e+00
8.238321074538811073e-02,-2.391375284190921935e-03,2.030197060402661791e+00
8.243748163520719929e-02,-2.397159550536201531e-03,2.032841566590858129e+00
8.249175252502630173e-02,-2.402987300020928332e-03,2.035498567580887652e+00
8.254602341484539030e-02,-2.408858765824620565e-03,2.038168137926441581e+00
8.260029430466449274e-02,-2.414774182534517623e-03,2.040850352613534202e+00
8.265456519448358130e-02,-2.420733786149545635e-03,2.043545287062168647e+00
8.270883608430268374e-02,-2.426737814084194578e-03,2.046253017128001339e+00
8.276310697412177231e-02,-2.432786505172257040e-03,2.048973619103965582e+00
8.281737786394087475e-02,-2.438880099670472004e-03,2.051707169721890267e+00
8.287164875375997719e-02,-2.445018839262017279e-03,2.054453746154079941e+00
8.292591964357906575e-02,-2.451202967059896553e-03,2.057213426014881552e+00
8.298019053339816820e-02,-2.457432727610188525e-03,2.059986287362221002e+00
8.303446142321725676e-02,-2.463708366895147293e-03,2.062772408699112603e+00
8.308873231303635920e-02,-2.470030132336183040e-03,2.065571868975147218e+00
8.314300320285544776e-02,-2.476398272796674887e-03,2.068384747587940442e+00
8.319727409267455021e-02,-2.482813038584657551e-03,2.071211124384568780e+00
8.325154498249363877e-02,-2.489274681455326283e-03,2.074051079662956099e+00
8.330581587231274121e-02,-2.495783454613412569e-03,2.076904694173245414e+00
8.336008676213182977e-02,-2.502339612715364248e-03,2.079772049119125832e+00
8.341435765195093222e-02,-2.508943411871387280e-03,2.082653226159135063e+00
8.346862854177003466e-02,-2.515595109647284118e-03,2.085548307407919744e+00
8.352289943158912322e-02,-2.522294965066132488e-03,2.088457375437462904e+00
8.357717032140822566e-02,-2.529043238609776385e-03,2.091380513278279007e+00
8.363144121122731423e-02,-2.535840192220111932e-03,2.094317804420557039e+00
8.368571210104641667e-02,-2.542686089300201079e-03,2.097269332815282272e+00
8.373998299086550523e-02,-2.549581194715157609e-03,2.100235182875297646e+00
8.379425388068460767e-02,-2.556525774792850567e-03,2.103215439476341153e+00
8.384852477050369624e-02,-2.563520097324370906e-03,2.106210187958023283e+00
8.390279566032279868e-02,-2.570564431564301231e-03,2.109219514124772932e+00
8.395706655014190112e-02,-2.577659048230739221e-03,2.112243504246724246e+00
8.401133743996098968e-02,-2.584804219505100302e-03,2.115282245060567501e+00
8.406560832978009212e-02,-2.592000219031689173e-03,2.118335823770343129e+00
8.411987921959918069e-02,-2.599247321917001578e-03,2.121404328048184684e+00
8.417415010941828313e-02,-2.606545804728808372e-03,2.124487846035015171e+00
8.422842099923737169e-02,-2.613895945494944684e-03,2.127586466341181204e+00
8.428269188905647413e-02,-2.621298023701869231e-03,2.130700278047040985e+00
8.433696277887556270e-02,-2.628752320292919616e-03,2.133829370703484773e+00
8.439123366869466514e-02,-2.636259117666314798e-03,2.136973834332406508e+00
8.444550455851376758e-02,-2.643818699672849208e-03,2.140133759427105709e+00
8.449977544833285614e-02,-2.651431351613303244e-03,2.143309236952634755e+00
8.455404633815195858e-02,-2.659097360235557553e-03,2.146500358346079107e+00
8.460831722797104715e-02,-2.666817013731374690e-03,2.149707215516767800e+00
8.466258811779014959e-02,-2.674590601732894542e-03,2.152929900846423994e+00
8.471685900760923815e-02,-2.682418415308770662e-03,2.156168507189238248e+00
8.477112989742834059e-02,-2.690300746960003469e-03,2.159423127871878290e+00
8.482540078724742916e-02,-2.698237890615400904e-03,2.162693856693414851e+00
8.487967167706653160e-02,-2.706230141626717305e-03,2.165980787925185780e+00
8.493394256688563404e-02,-2.714277796763405436e-03,2.169284016310569108e+00
8.498821345670472260e-02,-2.722381154207015926e-03,2.172603637064684179e+00
8.504248434652382505e-02,-2.730540513545222890e-03,2.175939745874015063e+00
8.509675523634291361e-02,-2.738756175765437104e-03,2.179292438895936268e+00
8.515102612616201605e-02,-2.747028443248059667e-03,2.182661812758170061e+00
8.520529701598110461e-02,-2.755357619759290274e-03,2.186047964558140766e+00
8.525956790580020705e-02,-2.763744010443558614e-03,2.189450991862250451e+00
8.531383879561929562e-02,-2.772187921815490435e-03,2.192870992705050703e+00
8.536810968543839806e-02,-2.780689661751478952e-03,2.196308065588332248e+00
8.542238057525750050e-02,-2.789249539480771409e-03,2.199762309480105316e+00
8.547665146507658906e-02,-2.797867865576125421e-03,2.203233823813484982e+00
8.553092235489569151e-02,-2.806544951943997380e-03,2.206722708485482354e+00
8.558519324471478007e-02,-2.815281111814229523e-03,2.210229063855671416e+00
8.563946413453388251e-02,-2.824076659729283807e-03,2.213752990744772831e+00
8.569373502435297107e-02,-2.832931911532937577e-03,2.217294590433105395e+00
8.574800591417207352e-02,-2.841847184358508270e-03,2.220853964658942470e+00
8.580227680399116208e-02,-2.850822796616514325e-03,2.224431215616740065e+00
8.585654769381026452e-02,-2.859859067981841696e-03,2.228026445955259671e+00
8.591081858362936696e-02,-2.868956319380328805e-03,2.231639758775556093e+00
8.596508947344845553e-02,-2.878114872974817193e-03,2.235271257628853370e+00
8.601936036326755797e-02,-2.887335052150627988e-03,2.238921046514291469e+00
8.607363125308664653e-02,-2.896617181500438579e-03,2.242589229876537082e+00
8.612790214290574897e-02,-2.905961586808591176e-03,2.246275912603273639e+00
8.618217303272483754e-02,-2.915368595034762995e-03,2.249981200022542538e+00
8.623644392254393998e-02,-2.924838534297045760e-03,2.253705197899960933e+00
8.629071481236302854e-02,-2.934371733854358212e-03,2.257448012435782747e+00
8.634498570218213098e-02,-2.943968524088244956e-03,2.261209750261828244e+00
8.639925659200123342e-02,-2.953629236483979251e-03,2.264990518438255940e+00
8.645352748182032199e-02,-2.963354203611013541e-03,2.268790424450188414e+00
8.650779837163942443e-02,-2.973143759102741743e-03,2.272609576204186688e+00
8.656206926145851299e-02,-2.982998237635532505e-03,2.276448082024554953e+00
8.661634015127761543e-02,-2.992917974907079864e-03,2.280306050649500538e+00
8.667061104109670400e-02,-3.002903307613984541e-03,2.284183591227113119e+00
8.672488193091580644e-02,-3.012954573428624876e-03,2.288080813311189399e+00
8.677915282073489500e-02,-3.023072110975226750e-03,2.291997826856874809e+00
8.683342371055399744e-02,-3.033256259805193651e-03,2.295934742216141355e+00
8.688769460037308601e-02,-3.043507360371607538e-03,2.299891670133071830e+00
8.694196549019218845e-02,-3.053825754002957322e-03,2.303868721738979275e+00
8.699623638001129089e-02,-3.064211782876006488e-03,2.307866008547323045e+00
8.705050726983037945e-02,-3.074665789987844535e-03,2.311883642448445020e+00
8.710477815964948189e-02,-3.085188119127085793e-03,2.315921735704110862e+00
8.715904904946857046e-02,-3.095779114844163585e-03,2.319980400941847432e+00
8.721331993928767290e-02,-3.106439122420779145e-03,2.324059751149087027e+00
8.726759082910676146e-02,-3.117168487838397738e-03,2.328159899667094024e+00
8.732186171892586390e-02,-3.127967557745869615e-03,2.332280960184697882e+00
8.737613260874495247e-02,-3.138836679426060868e-03,2.336423046731792574e+00
8.743040349856405491e-02,-3.149776200761577900e-03,2.340586273672637940e+00
8.748467438838315735e-02,-3.160786470199469702e-03,2.344770755698919906e+00
8.753894527820224591e-02,-3.171867836714968667e-03,2.348976607822597984e+00
8.759321616802134836e-02,-3.183020649774220921e-03,2.353203945368517847e+00
8.764748705784043692e-02,-3.194245259295957172e-03,2.357452883966782764e+00
8.770175794765953936e-02,-3.205542015612166534e-03,2.361723539544896333e+00
8.775602883747862792e-02,-3.216911269427651012e-03,2.366016028319650299e+00
8.781029972729773037e-02,-3.228353371778552167e-03,2.370330466788773904e+00
8.786457061711681893e-02,-3.239868673989723322e-03,2.374666971722319442e+00
8.791884150693592137e-02,-3.251457527631032747e-03,2.379025660153805344e+00
8.797311239675502381e-02,-3.263120284472479857e-03,2.383406649371078601e+00
8.802738328657411238e-02,-3.274857296438186006e-03,2.387810056906925826e+00
8.808165417639321482e-02,-3.286668915559206542e-03,2.392236000529409878e+00
8.813592506621230338e-02,-3.298555493925118143e-03,2.396684598231920926e+00
8.819019595603140582e-02,-3.310517383634436085e-03,2.401155968222961956e+00
8.824446684585049439e-02,-3.322554936743743904e-03,2.405650228915635402e+00
8.829873773566959683e-02,-3.334668505215623510e-03,2.410167498916850004e+00
8.835300862548868539e-02,-3.346858440865259094e-03,2.414707897016222127e+00
8.840727951530778783e-02,-3.359125095305795072e-03,2.419271542174691536e+00
8.846155040512689027e-02,-3.371468819892337477e-03,2.423858553512815650e+00
8.851582129494597884e-02,-3.383889965664652576e-03,2.428469050298766252e+00
8.857009218476508128e-02,-3.396388883288508492e-03,2.433103151936011788e+00
8.862436307458416984e-02,-3.408965922995619950e-03,2.437760977950667485e+00
8.867863396440327228e-02,-3.421621434522240796e-03,2.442442647978542603e+00
8.873290485422236085e-02,-3.434355767046295884e-03,2.447148281751832410e+00
8.878717574404146329e-02,-3.447169269123132995e-03,2.451877999085501525e+00
8.884144663386055185e-02,-3.460062288619765534e-03,2.456631919863306202e+00
8.889571752367965429e-02,-3.473035172647702742e-03,2.461410164023491109e+00
8.894998841349875673e-02,-3.486088267494230359e-03,2.466212851544119733e+00
8.900425930331784530e-02,-3.499221918552217637e-03,2.471040102428061491e+00
8.905853019313694774e-02,-3.512436470248390865e-03,2.475892036687621367e+00
8.911280108295603630e-02,-3.525732265970021786e-03,2.480768774328791615e+00
8.916707197277513874e-02,-3.539109647990096828e-03,2.485670435335152639e+00
8.922134286259422731e-02,-3.552568957390840523e-03,2.490597139651381298e+00
8.927561375241332975e-02,-3.566110533985682434e-03,2.495549007166399047e+00
8.932988464223241831e-02,-3.579734716239546619e-03,2.500526157696114637e+00
8.938415553205152075e-02,-3.593441841187540366e-03,2.505528710965801764e+00
8.943842642187062320e-02,-3.607232244351929028e-03,2.510556786592058387e+00
8.949269731168971176e-02,-3.621106259657461135e-03,2.515610504064386799e+00
8.954696820150881420e-02,-3.635064219344988270e-03,2.520689982726362910e+00
8.960123909132790276e-02,-3.649106453883327675e-03,2.525795341756390311e+00
8.965550998114700521e-02,-3.663233291879440436e-03,2.530926700148057762e+00
8.970978087096609377e-02,-3.677445059986795585e-03,2.536084176690059255e+00
8.976405176078519621e-02,-3.691742082812016820e-03,2.541267889945711289e+00
8.981832265060428477e-02,-3.706124682819680015e-03,2.546477958232022942e+00
8.987259354042338722e-02,-3.720593180235362129e-03,2.551714499598357833e+00
8.992686443024247578e-02,-3.735147892946810103e-03,2.556977631804635553e+00
8.998113532006157822e-02,-3.749789136403325167e-03,2.562267472299116555e+00
9.003540620988068066e-02,-3.764517223513241546e-03,2.567584138195721177e+00
9.008967709969976922e-02,-3.779332464539570269e-03,2.572927746250914804e+00
9.014394798951887167e-02,-3.794235166993762537e-03,2.578298412840140941e+00
9.019821887933796023e-02,-3.809225635527536263e-03,2.583696253933781772e+00
9.025248976915706267e-02,-3.824304171822848208e-03,2.589121385072679526e+00
9.030676065897615123e-02,-3.839471074479887218e-03,2.594573921343173772e+00
9.036103154879525368e-02,-3.854726638903190929e-03,2.600053977351690637e+00
9.041530243861434224e-02,-3.870071157185753230e-03,2.605561667198838638e+00
9.046957332843344468e-02,-3.885504917991243479e-03,2.611097104453054207e+00
9.052384421825254712e-02,-3.901028206434194786e-03,2.616660402123745399e+00
9.057811510807163569e-02,-3.916641303958262425e-03,2.622251672633971520e+00
9.063238599789073813e-02,-3.932344488212494681e-03,2.627871027792636927e+00
9.068665688770982669e-02,-3.948138032925574935e-03,2.633518578766184337e+00
9.074092777752892913e-02,-3.964022207778128241e-03,2.639194436049822290e+00
9.079519866734801770e-02,-3.979997278272960105e-03,2.644898709438236573e+00
9.084946955716712014e-02,-3.996063505603349338e-03,2.650631507995830916e+00
9.090374044698620870e-02,-4.012221146519274854e-03,2.656392940026449434e+00
9.095801133680531114e-02,-4.028470453191681372e-03,2.662183113042626559e+00
9.101228222662441358e-02,-4.044811673074682513e-03,2.668002133734312942e+00
9.106655311644350215e-02,-4.061245048765778527e-03,2.673850107937119525e+00
9.112082400626260459e-02,-4.077770817864069530e-03,2.679727140600057567e+00
9.117509489608169315e-02,-4.094389212826409635e-03,2.685633335752764861e+00
9.122936578590079559e-02,-4.111100460821614719e-03,2.691568796472249225e+00
9.128363667571988416e-02,-4.127904783582604133e-03,2.697533624849104861e+00
9.133790756553898660e-02,-4.144802397256607332e-03,2.703527921953255753e+00
9.139217845535807516e-02,-4.161793512253314856e-03,2.709551787799163503e+00
9.144644934517717760e-02,-4.178878333091111570e-03,2.715605321310566644e+00
9.150072023499628004e-02,-4.196057058241282021e-03,2.721688620284690607e+00
9.155499112481536861e-02,-4.213329879970293713e-03,2.727801781355975841e+00
9.160926201463447105e-02,-4.230696984180134027e-03,2.733944899959305452e+00
9.166353290445355961e-02,-4.248158550246676490e-03,2.740118070292727470e+00
9.171780379427266205e-02,-4.265714750856198709e-03,2.746321385279698823e+00
9.177207468409175062e-02,-4.283365751839929639e-03,2.752554936530820395e+00
9.182634557391085306e-02,-4.301111712006797094e-03,2.758818814305102674e+00
9.188061646372994162e-02,-4.318952782974254043e-03,2.765113107470730025e+00
9.193488735354904406e-02,-4.336889108997339821e-03,2.771437903465360897e+00
9.198915824336814651e-02,-4.354920826795875659e-03,2.777793288255934190e+00
9.204342913318723507e-02,-4.373048065379936747e-03,2.784179346298017332e+00
9.209770002300633751e-02,-4.391270945873567040e-03,2.790596160494688061e+00
9.215197091282542607e-02,-4.409589581336748054e-03,2.797043812154941023e+00
9.220624180264452852e-02,-4.428004076585751771e-03,2.803522380951660953e+00
9.226051269246361708e-02,-4.446514528011781368e-03,2.810031944879124222e+00
9.231478358228271952e-02,-4.465121023398082797e-03,2.816572580210083387e+00
9.236905447210180808e-02,-4.483823641735421375e-03,2.823144361452393891e+00
9.242332536192091053e-02,-4.502622453036111624e-03,2.829747361305240183e+00
9.247759625174001297e-02,-4.521517518146508409e-03,2.836381650614918204e+00
9.253186714155910153e-02,-4.540508888558121570e-03,2.843047298330231953e+00
9.258613803137820397e-02,-4.559596606217352320e-03,2.849744371457484160e+00
9.264040892119729254e-02,-4.578780703333868753e-03,2.856472935015068604e+00
9.269467981101639498e-02,-4.598061202187784385e-03,2.863233051987707167e+00
9.274895070083548354e-02,-4.617438114935555615e-03,2.870024783280293423e+00
9.280322159065458598e-02,-4.636911443414814052e-03,2.876848187671411150e+00
9.285749248047367455e-02,-4.656481178948034851e-03,2.883703321766481587e+00
9.291176337029277699e-02,-4.676147302145277837e-03,2.890590239950611373e+00
9.296603426011187943e-02,-4.695909782705905144e-03,2.897508994341099875e+00
9.302030514993096799e-02,-4.715768579219472255e-03,2.904459634739661400e+00
9.307457603975007043e-02,-4.735723638965834946e-03,2.911442208584363645e+00
9.312884692956915900e-02,-4.755774897714470408e-03,2.918456760901279701e+00
9.318311781938826144e-02,-4.775922279523247584e-03,2.925503334255910026e+00
9.323738870920735000e-02,-4.796165696536558269e-03,2.932581968704342401e+00
9.329165959902645244e-02,-4.816505048783063098e-03,2.939692701744219594e+00
9.334593048884554101e-02,-4.836940223972974358e-03,2.946835568265480099e+00
9.340020137866464345e-02,-4.857471097295138450e-03,2.954010600500941219e+00
9.345447226848373201e-02,-4.878097531213852062e-03,2.961217827976697414e+00
9.350874315830283445e-02,-4.898819375265658395e-03,2.968457277462400512e+00
9.356301404812193689e-02,-4.919636465856091351e-03,2.975728972921396487e+00
9.361728493794102546e-02,-4.940548626056579309e-03,2.983032935460777857e+00
9.367155582776012790e-02,-4.961555665401578760e-03,2.990369183281361476e+00
9.372582671757921646e-02,-4.982657379685990692e-03,2.997737731627595714e+00
9.378009760739831890e-02,-5.003853550763103473e-03,3.005138592737461867e+00
9.383436849721740747e-02,-5.025143946343027523e-03,3.012571775792347140e+00
9.388863938703650991e-02,-5.046528319791894132e-03,3.020037286866960713e+00
9.394291027685559847e-02,-5.068006409931787200e-03,3.027535128879271564e+00
9.399718116667470091e-02,-5.089577940841700197e-03,3.035065301540547988e+00
9.405145205649380336e-02,-5.111242621659472379e-03,3.042627801305466839e+00
9.410572294631289192e-02,-5.133000146384993079e-03,3.050222621322372873e+00
9.415999383613199436e-02,-5.154850193684730464e-03,3.057849751383694414e+00
9.421426472595108292e-02,-5.176792426697687105e-03,3.065509177876525104e+00
9.426853561577018537e-02,-5.198826492843053836e-03,3.073200883733453903e+00
9.432280650558927393e-02,-5.220952023629531549e-03,3.080924848383608250e+00
9.437707739540837637e-02,-5.243168634466653134e-03,3.088681047704010751e+00
9.443134828522746493e-02,-5.265475924478072584e-03,3.096469453971211649e+00
9.448561917504656738e-02,-5.287873476317151746e-03,3.104290035813300541e+00
9.453989006486566982e-02,-5.310360855984823901e-03,3.112142758162263600e+00
9.459416095468475838e-02,-5.332937612650043811e-03,3.120027582206768901e+00
9.464843184450386082e-02,-5.355603278472906639e-03,3.127944465345404268e+00
9.470270273432294938e-02,-5.378357368430565846e-03,3.135893361140368540e+00
9.475697362414205183e-02,-5.401199380146237163e-03,3.143874219271715287e+00
9.481124451396114039e-02,-5.424128793721281691e-03,3.151886985492112103e+00
9.486551540378024283e-02,-5.447145071570735041e-03,3.159931601582225635e+00
9.491978629359933139e-02,-5.470247658262247792e-03,3.168008005306699015e+00
9.497405718341843384e-02,-5.493435980358808528e-03,3.176116130370826518e+00
9.502832807323753628e-02,-5.516709446265234684e-03,3.184255906377901457e+00
9.508259896305662484e-02,-5.540067446078763419e-03,3.192427258787324362e+00
9.513686985287572728e-02,-5.563509351443851787e-03,3.200630108873492308e+00
9.519114074269481585e-02,-5.587034515411302450e-03,3.208864373685488491e+00
9.524541163251391829e-02,-5.610642272302059259e-03,3.217129966007660435e+00
9.529968252233300685e-02,-5.634331937575647563e-03,3.225426794321065493e+00
9.535395341215210929e-02,-5.658102807703643475e-03,3.233754762765891133e+00
9.540822430197119786e-02,-5.681954160048162568e-03,3.242113771104818909e+00
9.546249519179030030e-02,-5.705885252745740086e-03,3.250503714687446255e+00
9.551676608160940274e-02,-5.729895324596590532e-03,3.258924484415738121e+00
9.557103697142849130e-02,-5.753983594959595320e-03,3.267375966710600821e+00
9.562530786124759374e-02,-5.778149263653130363e-03,3.275858043479604742e+00
9.567957875106668231e-02,-5.802391510861853313e-03,3.284370592085865681e+00
9.573384964088578475e-02,-5.826709497049792179e-03,3.292913485318190059e+00
9.578812053070487331e-02,-5.851102362879722317e-03,3.301486591362450707e+00
9.584239142052397575e-02,-5.875569229139200426e-03,3.310089773774306021e+00
9.589666231034306432e-02,-5.900109196673257277e-03,3.318722891453236290e+00
9.595093320016216676e-02,-5.924721346324098720e-03,3.327385798618002433e+00
9.600520408998126920e-02,-5.949404738877819322e-03,3.336078344783506733e+00
9.605947497980035776e-02,-5.974158415018442601e-03,3.344800374739142157e+00
9.611374586961946020e-02,-5.998981395289412766e-03,3.353551728528657350e+00
9.616801675943854877e-02,-6.023872680062624697e-03,3.362332241431545743e+00
9.622228764925765121e-02,-6.048831249515333047e-03,3.371141743946061364e+00
9.627655853907673977e-02,-6.073856063614902281e-03,3.379980061773824040e+00
9.633082942889584221e-02,-6.098946062111755897e-03,3.388847015806128571e+00
9.638510031871493078e-02,-6.124100164540485780e-03,3.397742422111921456e+00
9.643937120853403322e-02,-6.149317270229474712e-03,3.406666091927550433e+00
9.649364209835312178e-02,-6.174596258318981734e-03,3.415617831648259717e+00
9.654791298817222422e-02,-6.199935987788032961e-03,3.424597442821526894e+00
9.660218387799132667e-02,-6.225335297490065811e-03,3.433604722142218346e+00
9.665645476781041523e-02,-6.250793006197621557e-03,3.442639461449638727e+00
9.671072565762951767e-02,-6.276307912656155577e-03,3.451701447726499783e+00
9.676499654744860623e-02,-6.301878795647016494e-03,3.460790463099804537e+00
9.681926743726770868e-02,-6.327504414059893431e-03,3.469906284843741417e+00
9.687353832708679724e-02,-6.353183506974628171e-03,3.479048685384546591e+00
9.692780921690589968e-02,-6.378914793752717485e-03,3.488217432307430865e+00
9.698208010672498824e-02,-6.404696974138397204e-03,3.497412288365531197e+00
9.703635099654409069e-02,-6.430528728369613346e-03,3.506633011490981833e+00
9.709062188636319313e-02,-6.456408717298769279e-03,3.515879354808057133e+00
9.714489277618228169e-02,-6.482335582523481368e-03,3.525151066648473552e+00
9.719916366600138413e-02,-6.508307946527369138e-03,3.534447890568838346e+00
9.725343455582047270e-02,-6.534324412830874729e-03,3.543769565370251229e+00
9.730770544563957514e-02,-6.560383566152325034e-03,3.553115825120129578e+00
9.736197633545866370e-02,-6.586483972579103806e-03,3.562486399176206131e+00
9.741624722527776614e-02,-6.612624179749164444e-03,3.571881012212784867e+00
9.747051811509685471e-02,-6.638802717042726481e-03,3.581299384249194251e+00
9.752478900491595715e-02,-6.665018095784383013e-03,3.590741230680527529e+00
9.757905989473505959e-02,-6.691268809455430851e-03,3.600206262310603922e+00
9.763333078455414815e-02,-6.717553333916600339e-03,3.609694185387218646e+00
9.768760167437325059e-02,-6.743870127641113724e-03,3.619204701639664012e+00
9.774187256419233916e-02,-6.770217631958004405e-03,3.628737508318500726e+00
9.779614345401144160e-02,-6.796594271305827183e-03,3.638292298237645550e+00
9.785041434383053016e-02,-6.822998453496535720e-03,3.647868759818692297e+00
9.790468523364963260e-02,-6.849428569989704160e-03,3.657466577137553632e+00
9.795895612346872117e-02,-6.875882996176813609e-03,3.667085429973330424e+00
9.801322701328782361e-02,-6.902360091675774356e-03,3.676724993859486812e+00
9.806749790310692605e-02,-6.928858200635401934e-03,3.686384940137247490e+00
9.812176879292601461e-02,-6.955375652049932897e-03,3.696064936011263846e+00
9.817603968274511705e-02,-6.981910760083420708e-03,3.705764644607517422e+00
9.823031057256420562e-02,-7.008461824403856497e-03,3.715483725033413176e+00
9.828458146238330806e-02,-7.035027130527059767e-03,3.725221832440119840e+00
9.833885235220239662e-02,-7.061604950170019025e-03,3.734978618087049007e+00
9.839312324202149906e-02,-7.088193541613758628e-03,3.744753729408537346e+00
9.844739413184058763e-02,-7.114791150075387531e-03,3.754546810082631580e+00
9.850166502165969007e-02,-7.141396008089379369e-03,3.764357500102021525e+00
9.855593591147879251e-02,-7.168006335897727371e-03,3.774185435847027481e+00
9.861020680129788107e-02,-7.194620341848963728e-03,3.784030250160661080e+00
9.866447769111698352e-02,-7.221236222805792714e-03,3.793891572425718284e+00
9.871874858093607208e-02,-7.247852164561089522e-03,3.803769028643827710e+00
9.877301947075517452e-02,-7.274466342262217097e-03,3.813662241516496465e+00
9.882729036057426308e-02,-7.301076920843255040e-03,3.823570830528024711e+00
9.888156125039336553e-02,-7.327682055465126708e-03,3.833494412030338694e+00
9.893583214021245409e-02,-7.354279891963186495e-03,3.843432599329608568e+00
9.899010303003155653e-02,-7.380868567302236068e-03,3.853385002774697199e+00
9.904437391985065897e-02,-7.407446210038518518e-03,3.863351229847309831e+00
9.909864480966974754e-02,-7.434010940788606317e-03,3.873330885253854383e+00
9.915291569948884998e-02,-7.460560872704840446e-03,3.883323571018948428e+00
9.920718658930793854e-02,-7.487094111956984176e-03,3.893328886580484927e+00
9.926145747912704098e-02,-7.513608758219989144e-03,3.903346428886266040e+00
9.931572836894612955e-02,-7.540102905167361987e-03,3.913375792492079785e+00
9.936999925876523199e-02,-7.566574640970055200e-03,3.923416569661231534e+00
9.942427014858432055e-02,-7.593022048800367012e-03,3.933468350465396224e+00
9.947854103840342299e-02,-7.619443207340758327e-03,3.943530722886809503e+00
9.953281192822252543e-02,-7.645836191297052456e-03,3.953603272921659251e+00
9.958708281804161400e-02,-7.672199071915867565e-03,3.963685584684671692e+00
9.964135370786071644e-02,-7.698529917505895874e-03,3.973777240514807740e+00
9.969562459767980500e-02,-7.724826793962611543e-03,3.983877821081972304e+00
9.974989548749890744e-02,-7.751087765296255441e-03,3.993986905494737005e+00
9.980416637731799601e-02,-7.777310894162531296e-03,4.004104071408921328e+00
9.985843726713709845e-02,-7.803494242395890915e-03,4.014228895137057052e+00
9.991270815695618701e-02,-7.829635871544837755e-03,4.024360951758563232e+00
9.996697904677528945e-02,-7.855733843409115277e-03,4.034499815230666364e+00
1.000212499365943780e-01,-7.881786220578198068e-03,4.044645058499884982e+00
1.000755208264134805e-01,-7.907791066970966051e-03,4.054796253614110668e+00
1.001297917162325829e-01,-7.933746448375951152e-03,4.064952971835117168e+00
1.001840626060516715e-01,-7.959650432992012442e-03,4.075114783751491387e+00
1.002383334958707739e-01,-7.985501091968960977e-03,4.085281259391889463e+00
1.002926043856898625e-01,-8.011296499947745745e-03,4.095451968338508664e+00
1.003468752755089649e-01,-8.037034735599971752e-03,4.105626479840774223e+00
1.004011461653280535e-01,-8.062713882166193391e-03,4.115804362929078586e+00
1.004554170551471559e-01,-8.088332027992837375e-03,4.125985186528575710e+00
1.005096879449662445e-01,-8.113887267067165440e-03,4.136168519572888336e+00
1.005639588347853469e-01,-8.139377699550151904e-03,4.146353931117716662e+00
1.006182297246044494e-01,-8.164801432306688020e-03,4.156540990454201889e+00
1.006725006144235379e-01,-8.190156579432930975e-03,4.166729267222040178e+00
1.007267715042426404e-01,-8.215441262780403750e-03,4.176918331522228911e+00
1.007810423940617289e-01,-8.240653612476380938e-03,4.187107754029367079e+00
1.008353132838808314e-01,-8.265791767440426943e-03,4.197297106103480502e+00
1.008895841736999199e-01,-8.290853875896521050e-03,4.207485959901235972e+00
1.009438550635190224e-01,-8.315838095880639241e-03,4.217673888486540790e+00
1.009981259533381109e-01,-8.340742595743265431e-03,4.227860465940382895e+00
1.010523968431572134e-01,-8.365565554646698515e-03,4.238045267469924049e+00
1.011066677329763158e-01,-8.390305163056659132e-03,4.248227869516687960e+00
1.011609386227954044e-01,-8.414959623228013968e-03,4.258407849863849570e+00
1.012152095126145068e-01,-8.439527149684268939e-03,4.268584787742526920e+00
1.012694804024335954e-01,-8.464005969690465217e-03,4.278758263936985884e+00
1.013237512922526978e-01,-8.488394323719323717e-03,4.288927860888758659e+00
1.013780221820717864e-01,-8.512690465910197415e-03,4.299093162799533019e+00
1.014322930718908888e-01,-8.536892664520706608e-03,4.309253755732827429e+00
1.014865639617099774e-01,-8.560999202370630362e-03,4.319409227714317900e+00
1.015408348515290798e-01,-8.585008377277970892e-03,4.329559168830840576e+00
1.015951057413481823e-01,-8.608918502486753721e-03,4.339703171327922604e+00
1.016493766311672708e-01,-8.632727907086469935e-03,4.349840829705860834e+00
1.017036475209863733e-01,-8.656434936422882989e-03,4.359971740814271968e+00
1.017579184108054619e-01,-8.680037952499886078e-03,4.370095503945020887e+00
1.018121893006245643e-01,-8.703535334372384039e-03,4.380211720923563590e+00
1.018664601904436529e-01,-8.726925478529774793e-03,4.390319996198556396e+00
1.019207310802627553e-01,-8.750206799270059815e-03,4.400419936929787390e+00
1.019750019700818439e-01,-8.773377729064170752e-03,4.410511153074283541e+00
1.020292728599009463e-01,-8.796436718910574659e-03,4.420593257470658344e+00
1.020835437497200487e-01,-8.819382238679776206e-03,4.430665865921551649e+00
1.021378146395391373e-01,-8.842212777448718586e-03,4.440728597274220313e+00
1.021920855293582397e-01,-8.864926843824900982e-03,4.450781073499191720e+00
1.022463564191773283e-01,-8.887522966259994023e-03,4.460822919766928685e+00
1.023006273089964308e-01,-8.909999693353006997e-03,4.470853764522558116e+00
1.023548981988155193e-01,-8.932355594142698044e-03,4.480873239558516019e+00
1.024091690886346218e-01,-8.954589258389314063e-03,4.490880980085203866e+00
1.024634399784537103e-01,-8.976699296845398399e-03,4.500876624799525771e+00
1.025177108682728128e-01,-8.998684341515770374e-03,4.510859815951367757e+00
1.025719817580919152e-01,-9.020543045906414745e-03,4.520830199407931183e+00
1.026262526479110038e-01,-9.042274085262390348e-03,4.530787424715949641e+00
1.026805235377301062e-01,-9.063876156794650404e-03,4.540731145161764459e+00
1.027347944275491948e-01,-9.085347979895663437e-03,4.550661017829207289e+00
1.027890653173682972e-01,-9.106688296343971867e-03,4.560576703655343067e+00
1.028433362071873858e-01,-9.127895870497497455e-03,4.570477867483987211e+00
1.028976070970064882e-01,-9.148969489475754918e-03,4.580364178117075191e+00
1.029518779868255768e-01,-9.169907963330805462e-03,4.590235308363787681e+00
1.030061488766446792e-01,-9.190710125207156647e-03,4.600090935087512101e+00
1.030604197664637678e-01,-9.211374831490433401e-03,4.609930739250565068e+00
1.031146906562828702e-01,-9.231900961945047404e-03,4.619754405956746801e+00
1.031689615461019727e-01,-9.252287419840733024e-03,4.629561624491652871e+00
1.032232324359210612e-01,-9.272533132068131942e-03,4.639352088360825022e+00
1.032775033257401637e-01,-9.292637049243442082e-03,4.649125495325693080e+00
1.033317742155592522e-01,-9.312598145802155128e-03,4.658881547437324855e+00
1.033860451053783547e-01,-9.332415420082056101e-03,4.668619951068024854e+00
1.034403159951974432e-01,-9.352087894395464188e-03,4.678340416940740099e+00
1.034945868850165457e-01,-9.371614615090924708e-03,4.688042660156348518e+00
1.035488577748356342e-01,-9.390994652604322743e-03,4.697726400218779297e+00
1.036031286646547367e-01,-9.410227101499671690e-03,4.707391361058042456e+00
1.036573995544738391e-01,-9.429311080499543779e-03,4.717037271051133906e+00
1.037116704442929277e-01,-9.448245732505397565e-03,4.726663863040869273e+00
1.037659413341120301e-01,-9.467030224607868305e-03,4.736270874352666027e+00
1.038202122239311187e-01,-9.485663748087114905e-03,4.745858046809256159e+00
1.038744831137502211e-01,-9.504145518403497514e-03,4.755425126743421771e+00
1.039287540035693097e-01,-9.522474775178564957e-03,4.764971865008697627e+00
1.039830248933884121e-01,-9.540650782166672922e-03,4.774498016988150795e+00
1.040372957832075007e-01,-9.558672827217236379e-03,4.784003342601182318e+00
1.040915666730266032e-01,-9.576540222227926738e-03,4.793487606308453053e+00
1.041458375628457056e-01,-9.594252303088844983e-03,4.802950577114896369e+00
1.042001084526647942e-01,-9.611808429617946584e-03,4.812392028570907421e+00
1.042543793424838966e-01,-9.629207985487862193e-03,4.821811738771703659e+00
1.043086502323029852e-01,-9.646450378144244206e-03,4.831209490354883229e+00
1.043629211221220876e-01,-9.663535038715935846e-03,4.840585070496259412e+00
1.044171920119411762e-01,-9.680461421917002651e-03,4.849938270903940030e+00
1.044714629017602786e-01,-9.697229005940976795e-03,4.859268887810753945e+00
1.045257337915793672e-01,-9.713837292347348926e-03,4.868576721964990917e+00
1.045800046813984696e-01,-9.730285805940657937e-03,4.877861578619568483e+00
1.046342755712175721e-01,-9.746574094642218578e-03,4.887123267519573488e+00
1.046885464610366606e-01,-9.762701729354830368e-03,4.896361602888297249e+00
1.047428173508557631e-01,-9.778668303820577112e-03,4.905576403411753716e+00
1.047970882406748516e-01,-9.794473434471930376e-03,4.914767492221717937e+00
1.048513591304939541e-01,-9.810116760276415410e-03,4.923934696877361183e+00
1.049056300203130426e-01,-9.825597942574954002e-03,4.933077849345459676e+00
1.049599009101321451e-01,-9.840916664914198253e-03,4.942196785979295015e+00
1.050141717999512336e-01,-9.856072632872933323e-03,4.951291347496189488e+00
1.050684426897703361e-01,-9.871065573882894378e-03,4.960361378953817457e+00
1.051227135795894385e-01,-9.885895237044061909e-03,4.969406729725239558e+00
1.051769844694085271e-01,-9.900561392934758079e-03,4.978427253472758274e+00
1.052312553592276295e-01,-9.915063833416693298e-03,4.987422808120629547e+00
1.052855262490467181e-01,-9.929402371435134753e-03,4.996393255826614421e+00
1.053397971388658205e-01,-9.943576840814502202e-03,5.005338462952503953e+00
1.053940680286849091e-01,-9.957587096049463904e-03,5.014258300033548998e+00
1.054483389185040115e-01,-9.971433012091862266e-03,5.023152641746942315e+00
1.055026098083231001e-01,-9.985114484133535140e-03,5.032021366879284585e+00
1.055568806981422025e-01,-9.998631427385379702e-03,5.040864358293174696e+00
1.056111515879613050e-01,-1.001198377685270056e-02,5.049681502892870100e+00
1.056654224777803935e-01,-1.002517148710715782e-02,5.058472691589127379e+00
1.057196933675994960e-01,-1.003819453205545727e-02,5.067237819263226584e+00
1.057739642574185845e-01,-1.005105290470494767e-02,5.075976784730205971e+00
1.058282351472376870e-01,-1.006374661692637992e-02,5.084689490701386205e+00
1.058825060370567755e-01,-1.007627569921393414e-02,5.093375843746163589e+00
1.059367769268758780e-01,-1.008864020044277637e-02,5.102035754253170907e+00
1.059910478166949666e-01,-1.010084018762424755e-02,5.110669136390779244e+00
1.060453187065140690e-01,-1.011287574565894985e-02,5.119275908067035807e+00
1.060995895963331714e-01,-1.012474697708779306e-02,5.127855990889014670e+00
1.061538604861522600e-01,-1.013645400184128714e-02,5.136409310121666572e+00
1.062081313759713624e-01,-1.014799695698718335e-02,5.144935794646170457e+00
1.062624022657904510e-01,-1.015937599647661824e-02,5.153435376917816946e+00
1.063166731556095534e-01,-1.017059129088898790e-02,5.161907992923487676e+00
1.063709440454286420e-01,-1.018164302717563391e-02,5.170353582138718984e+00
1.064252149352477445e-01,-1.019253140840257511e-02,5.178772087484433406e+00
1.064794858250668330e-01,-1.020325665349233919e-02,5.187163455283302582e+00
1.065337567148859355e-01,-1.021381899696516965e-02,5.195527635215855256e+00
1.065880276047050240e-01,-1.022421868867961874e-02,5.203864580276270857e+00
1.066422984945241265e-01,-1.023445599357278996e-02,5.212174246727971472e+00
1.066965693843432289e-01,-1.024453119140027006e-02,5.220456594058968669e+00
1.067508402741623175e-01,-1.025444457647595696e-02,5.228711584937043355e+00
1.068051111639814199e-01,-1.026419645741187721e-02,5.236939185164776411e+00
1.068593820538005085e-01,-1.027378715685812322e-02,5.245139363634413243e+00
1.069136529436196109e-01,-1.028321701124306799e-02,5.253312092282670598e+00
1.069679238334386995e-01,-1.029248637051391468e-02,5.261457346045417260e+00
1.070221947232578019e-01,-1.030159559787777873e-02,5.269575102812336098e+00
1.070764656130768905e-01,-1.031054506954333892e-02,5.277665343381525709e+00
1.071307365028959929e-01,-1.031933517446323445e-02,5.285728051414118944e+00
1.071850073927150954e-01,-1.032796631407725645e-02,5.293763213388890776e+00
1.072392782825341839e-01,-1.033643890205648147e-02,5.301770818556920339e+00
1.072935491723532864e-01,-1.034475336404843890e-02,5.309750858896306269e+00
1.073478200621723749e-01,-1.035291013742336598e-02,5.317703329066948648e+00
1.074020909519914774e-01,-1.036090967102172404e-02,5.325628226365447304e+00
1.074563618418105659e-01,-1.036875242490297236e-02,5.333525550680093374e+00
1.075106327316296684e-01,-1.037643887009577839e-02,5.341395304446025172e+00
1.075649036214487569e-01,-1.038396948834965743e-02,5.349237492600505739e+00
1.076191745112678594e-01,-1.039134477188820467e-02,5.357052122538400241e+00
1.076734454010869618e-01,-1.039856522316392508e-02,5.364839204067818557e+00
1.077277162909060504e-01,-1.040563135461478744e-02,5.372598749365972814e+00
1.077819871807251528e-01,-1.041254368842253926e-02,5.380330772935256967e+00
1.078362580705442414e-01,-1.041930275627286386e-02,5.388035291559543971e+00
1.078905289603633438e-01,-1.042590909911744572e-02,5.395712324260754755e+00
1.079447998501824324e-01,-1.043236326693798219e-02,5.403361892255663435e+00
1.079990707400015348e-01,-1.043866581851224384e-02,5.410984018913001847e+00
1.080533416298206234e-01,-1.044481732118217147e-02,5.418578729710826991e+00
1.081076125196397258e-01,-1.045081835062414838e-02,5.426146052194217084e+00
1.081618834094588283e-01,-1.045666949062140118e-02,5.433686015933247404e+00
1.082161542992779169e-01,-1.046237133283865403e-02,5.441198652481305409e+00
1.082704251890970193e-01,-1.046792447659904840e-02,5.448683995333746033e+00
1.083246960789161079e-01,-1.047332952866333877e-02,5.456142079886861396e+00
1.083789669687352103e-01,-1.047858710301147363e-02,5.463572943397232429e+00
1.084332378585542989e-01,-1.048369782062652349e-02,5.470976624941410904e+00
1.084875087483734013e-01,-1.048866230928104624e-02,5.478353165376000256e+00
1.085417796381924899e-01,-1.049348120332587765e-02,5.485702607298083677e+00
