t,u,v
0.000000000000000000e+00,-1.112053574995897423e-02,-7.974826998815102153e-01
2.000000000000000042e-03,-1.118003814891982590e-02,-5.359626550063933959e-01
4.000000000000000083e-03,-1.107415666473547493e-02,-3.091807134710381488e-01
6.000000000000000125e-03,-1.084157946299345657e-02,-1.124048705076080151e-01
8.000000000000000167e-03,-1.051694736492604990e-02,5.908618826145133063e-02
1.000000000000000021e-02,-1.012888853527098461e-02,2.094797007587916593e-01
1.200000000000000025e-02,-9.700046380422783915e-03,3.422983828245694249e-01
1.400000000000000029e-02,-9.247877389534774062e-03,4.604397625436463803e-01
1.600000000000000033e-02,-8.785622415117138456e-03,5.662717695409086316e-01
1.800000000000000211e-02,-8.323208178105934857e-03,6.617350695148227491e-01
2.000000000000000042e-02,-7.868003791252155960e-03,7.484340211978840474e-01
2.199999999999999872e-02,-7.425427311854264703e-03,8.277118579022183509e-01
2.400000000000000050e-02,-6.999422058416649058e-03,9.007110187497495701e-01
2.600000000000000228e-02,-6.592827921194578840e-03,9.684212124659833387e-01
2.800000000000000058e-02,-6.207671187704778479e-03,1.031717994985781983e+00
2.999999999999999889e-02,-5.845392622285747707e-03,1.091394345371052177e+00
3.200000000000000067e-02,-5.507029700821271766e-03,1.148187329065973206e+00
3.400000000000000244e-02,-5.193365693441744264e-03,1.202801592799468633e+00
3.600000000000000422e-02,-4.905055863889745509e-03,1.255931189733847209e+00
3.799999999999999906e-02,-4.642739383698964856e-03,1.308281097769117718e+00
4.000000000000000083e-02,-4.407144570157675405e-03,1.360589769353205192e+00
4.200000000000000261e-02,-4.199194690193418754e-03,1.413654140036480156e+00
4.399999999999999745e-02,-4.020121796909676033e-03,1.468358732456707783e+00
4.599999999999999922e-02,-3.871596869515791552e-03,1.525710833022823065e+00
4.800000000000000100e-02,-3.755885878815401566e-03,1.586884196351607823e+00
5.000000000000000278e-02,-3.676043147807167479e-03,1.653274327134645505e+00
5.200000000000000455e-02,-3.636155012443852662e-03,1.726568999906340274e+00
5.399999999999999939e-02,-3.641646900151303008e-03,1.808837997054872471e+00
5.600000000000000117e-02,-3.699661997064771380e-03,1.902645276502070271e+00
5.800000000000000294e-02,-3.819501395407173035e-03,2.011183021722799946e+00
5.999999999999999778e-02,-4.013065826838866160e-03,2.138416050733891183e+00
6.199999999999999956e-02,-4.295121128919369806e-03,2.289198228029512006e+00
6.400000000000000133e-02,-4.682960303681498251e-03,2.469264617198664968e+00
6.600000000000000311e-02,-5.194584041610932068e-03,2.684895837188551848e+00
6.800000000000000488e-02,-5.843931124502544684e-03,2.941902960071258288e+00
7.000000000000000666e-02,-6.631594309866943940e-03,3.243525508634284016e+00
7.200000000000000844e-02,-7.531665442072759363e-03,3.587274147213726838e+00
7.399999999999999634e-02,-8.481673507483276225e-03,3.962132259805813295e+00
7.599999999999999811e-02,-9.388643307432931878e-03,4.349017172076825588e+00
7.799999999999999989e-02,-1.015669488314633814e-02,4.726073475755846687e+00
8.000000000000000167e-02,-1.071981102980644300e-02,5.075754984277021542e+00
8.200000000000000344e-02,-1.105621840620753076e-02,5.388667932286278273e+00
8.400000000000000522e-02,-1.118038170699276086e-02,5.662847826287132236e+00
8.600000000000000699e-02,-1.112604458158895221e-02,5.900880127994517999e+00
8.799999999999999489e-02,-1.093218356233894781e-02,6.107262637416553730e+00
8.999999999999999667e-02,-1.063518000537779125e-02,6.286807695704515808e+00
9.199999999999999845e-02,-1.026575971643377619e-02,6.443911518913248315e+00
9.400000000000000022e-02,-9.848522913982211274e-03,6.582322515172736033e+00
9.600000000000000200e-02,-9.402573469592065761e-03,6.705140371401878241e+00
9.800000000000000377e-02,-8.942471502779063622e-03,6.814900500402396588e+00
1.000000000000000056e-01,-8.479172578089361201e-03,6.913677201036239062e+00
1.020000000000000073e-01,-8.020836034362979414e-03,7.003179402168944634e+00
1.040000000000000091e-01,-7.573480730708479457e-03,7.084831236209950589e+00
1.059999999999999970e-01,-7.141502650961152263e-03,7.159837143949837390e+00
1.079999999999999988e-01,-6.728078948885809520e-03,7.229233771171497125e+00
1.100000000000000006e-01,-6.335482931747795157e-03,7.293931458422458824e+00
1.120000000000000023e-01,-5.965331068725598061e-03,7.354747932478690409e+00
1.140000000000000041e-01,-5.618779171454679408e-03,7.412436421080055737e+00
1.160000000000000059e-01,-5.296681438943391315e-03,7.467710042028583572e+00
1.180000000000000077e-01,-4.999723368104620758e-03,7.521264036241556816e+00
1.199999999999999956e-01,-4.728537613348626767e-03,7.573797241153484627e+00
1.219999999999999973e-01,-4.483810666824190015e-03,7.626034138630722659e+00
1.239999999999999991e-01,-4.266387658391629367e-03,7.678748861529911984e+00
1.260000000000000009e-01,-4.077382600746782236e-03,7.732792710595783880e+00
1.280000000000000027e-01,-3.918302014406082473e-03,7.789127028433800781e+00
1.300000000000000044e-01,-3.791191041366444303e-03,7.848863708922968918e+00
1.320000000000000062e-01,-3.698812801441662274e-03,7.913316181117480141e+00
1.340000000000000080e-01,-3.644873514858466921e-03,7.984064332226994409e+00
1.360000000000000098e-01,-3.634306795607307374e-03,8.063037308823338023e+00
1.380000000000000115e-01,-3.673627898139542394e-03,8.152617874588578673e+00
1.400000000000000133e-01,-3.771356326827034200e-03,8.255769578309227086e+00
1.420000000000000151e-01,-3.938469059310838356e-03,8.376180145678347344e+00
1.440000000000000169e-01,-4.188757414640803881e-03,8.518394387613581031e+00
1.459999999999999909e-01,-4.538764356722466489e-03,8.687864641015607958e+00
1.479999999999999927e-01,-5.006601284068152961e-03,8.890757735204745771e+00
1.499999999999999944e-01,-5.608371222866524730e-03,9.133217556538953730e+00
1.519999999999999962e-01,-6.350526431362632680e-03,9.419665905945766582e+00
1.539999999999999980e-01,-7.217643476651876971e-03,9.749933426249711488e+00
1.559999999999999998e-01,-8.160025700232727275e-03,1.011606472418147007e+01
1.580000000000000016e-01,-9.092890942273565771e-03,1.050134182906870706e+01
1.600000000000000033e-01,-9.917372848426739274e-03,1.088403069237380905e+01
1.620000000000000051e-01,-1.055448147636036359e-02,1.124445553425487176e+01
1.640000000000000069e-01,-1.096744806373920259e-02,1.157034704821512427e+01
1.660000000000000087e-01,-1.116025603373348510e-02,1.185750570685708993e+01
1.680000000000000104e-01,-1.116198863943079767e-02,1.210731638722196024e+01
1.700000000000000122e-01,-1.101103158903970688e-02,1.232386215123623074e+01
1.720000000000000140e-01,-1.074517606210707854e-02,1.251196610112807583e+01
1.740000000000000158e-01,-1.039720414426097139e-02,1.267620916589940983e+01
1.759999999999999898e-01,-9.993751099872393712e-03,1.282056651188539398e+01
1.779999999999999916e-01,-9.555679828382646415e-03,1.294835017198916738e+01
1.799999999999999933e-01,-9.098978088719310298e-03,1.306227504839685416e+01
1.819999999999999951e-01,-8.635722940481536589e-03,1.316456008723929472e+01
1.839999999999999969e-01,-8.174938863018781088e-03,1.325702800829148131e+01
1.859999999999999987e-01,-7.723304548992959012e-03,1.334119127443537955e+01
1.880000000000000004e-01,-7.285714687897058318e-03,1.341832224428348397e+01
1.900000000000000022e-01,-6.865719574133369481e-03,1.348950922773275529e+01
1.920000000000000040e-01,-6.465867665079037124e-03,1.355570118781217559e+01
1.940000000000000058e-01,-6.087973476369779556e-03,1.361774380171921273e+01
1.960000000000000075e-01,-5.733329268879107030e-03,1.367640923812385978e+01
1.980000000000000093e-01,-5.402875308542743997e-03,1.373242161920105353e+01
2.000000000000000111e-01,-5.097340521865938168e-03,1.378647982049324128e+01
2.020000000000000129e-01,-4.817363196607180910e-03,1.383927905118672363e+01
2.040000000000000147e-01,-4.563599934781093458e-03,1.389153255758182759e+01
2.060000000000000164e-01,-4.336830282326373069e-03,1.394399480419878934e+01
2.080000000000000182e-01,-4.138064286250094266e-03,1.399748761381228768e+01
2.099999999999999922e-01,-3.968660643116499014e-03,1.405293099836937110e+01
2.119999999999999940e-01,-3.830464090169851191e-03,1.411138079766406861e+01
2.139999999999999958e-01,-3.725972196887425772e-03,1.417407576277194714e+01
2.159999999999999976e-01,-3.658543509764139098e-03,1.424249733852125743e+01
2.179999999999999993e-01,-3.632660369219153744e-03,1.431844596537485437e+01
2.200000000000000011e-01,-3.654258738571211640e-03,1.440413781271848848e+01
2.220000000000000029e-01,-3.731129374664576403e-03,1.450232440786664689e+01
2.240000000000000047e-01,-3.873368878739540631e-03,1.461643215763199777e+01
2.260000000000000064e-01,-4.093792531207174346e-03,1.475070388670536126e+01
2.280000000000000082e-01,-4.408068581814555964e-03,1.491028963716058620e+01
2.300000000000000100e-01,-4.834025252786574266e-03,1.510116185145039935e+01
2.320000000000000118e-01,-5.389063881472869015e-03,1.532960548387837285e+01
2.340000000000000135e-01,-6.084064573745553810e-03,1.560089027173472331e+01
2.360000000000000153e-01,-6.912561311666509667e-03,1.591677797568991792e+01
2.380000000000000171e-01,-7.837425694542968571e-03,1.627223570710112099e+01
2.399999999999999911e-01,-8.784548403710967096e-03,1.665335039410298990e+01
2.419999999999999929e-01,-9.656214905482841254e-03,1.703937067098719638e+01
2.439999999999999947e-01,-1.036313476253102397e-02,1.740913137969252844e+01
2.459999999999999964e-01,-1.085326634047276487e-02,1.774754523493174574e+01
2.479999999999999982e-01,-1.111818736007879824e-02,1.804786689238829567e+01
2.500000000000000000e-01,-1.118046583336816668e-02,1.830993974356564991e+01
2.520000000000000018e-01,-1.107677317788063713e-02,1.853720869017445594e+01
2.540000000000000036e-01,-1.084582584763953486e-02,1.873439862478402418e+01
2.560000000000000053e-01,-1.052234699760112857e-02,1.890623625404159469e+01
2.580000000000000071e-01,-1.013505781425913868e-02,1.905691842547890147e+01
2.600000000000000089e-01,-9.706686491869708985e-03,1.918997776883667328e+01
2.620000000000000107e-01,-9.254760131079625349e-03,1.930832053740242671e+01
2.640000000000000124e-01,-8.792575815660308783e-03,1.941432183017328938e+01
2.660000000000000142e-01,-8.330103982973884741e-03,1.950992800951469164e+01
2.680000000000000160e-01,-7.874747258862752064e-03,1.959674788180230465e+01
2.700000000000000178e-01,-7.431949142653181996e-03,1.967612811586559829e+01
2.720000000000000195e-01,-7.005672091287389221e-03,1.974921377944385625e+01
2.740000000000000213e-01,-6.598770222250056362e-03,1.981699656596568104e+01
2.760000000000000231e-01,-6.213280205008406797e-03,1.988035349506307981e+01
2.780000000000000249e-01,-5.850650139988925608e-03,1.994007857707947906e+01
2.800000000000000266e-01,-5.511922379904914647e-03,1.999690953635421664e+01
2.820000000000000284e-01,-5.197883028614546860e-03,2.005155134208538925e+01
2.840000000000000302e-01,-4.909188416807594608e-03,2.010469804824860418e+01
2.860000000000000320e-01,-4.646477172507614516e-03,2.015705430669607523e+01
2.880000000000000338e-01,-4.410475505482853997e-03,2.020935789132805027e+01
2.899999999999999800e-01,-4.202102948792091862e-03,2.026240465837587124e+01
2.919999999999999818e-01,-4.022586016524365080e-03,2.031707757540108616e+01
2.939999999999999836e-01,-3.873588032220897249e-03,2.037438179015789785e+01
2.959999999999999853e-01,-3.757364726306573494e-03,2.043548818623470709e+01
2.979999999999999871e-01,-3.676956944710507626e-03,2.050178846569955837e+01
2.999999999999999889e-01,-3.636433455140805800e-03,2.057496541103424903e+01
3.019999999999999907e-01,-3.641196991371543207e-03,2.065708230700362691e+01
3.039999999999999925e-01,-3.698361849587356899e-03,2.075069476067109164e+01
3.059999999999999942e-01,-3.817193371725426890e-03,2.085898446711375698e+01
3.079999999999999960e-01,-4.009550549294287752e-03,2.098590365015304116e+01
3.099999999999999978e-01,-4.290156442281014594e-03,2.113629240715884805e+01
3.119999999999999996e-01,-4.676274365444128313e-03,2.131587388939758654e+01
3.140000000000000013e-01,-5.185920051472076714e-03,2.153092579457848288e+01
3.160000000000000031e-01,-5.833149218495345227e-03,2.178727865430715838e+01
3.180000000000000049e-01,-6.618846670360932841e-03,2.208823204378487048e+01
3.200000000000000067e-01,-7.517598497250417393e-03,2.243140726406203456e+01
3.220000000000000084e-01,-8.467493257885466001e-03,2.280592405016389534e+01
3.240000000000000102e-01,-9.375854054123014536e-03,2.319279238619016326e+01
3.260000000000000120e-01,-1.014658152794373214e-02,2.357014369001823795e+01
3.280000000000000138e-01,-1.071304042577143033e-02,2.392032636285671998e+01
3.300000000000000155e-01,-1.105281027685334032e-02,2.423382041979867907e+01
3.320000000000000173e-01,-1.117993439993434507e-02,2.450856959384730516e+01
3.340000000000000191e-01,-1.112798624093754365e-02,2.474711293925291855e+01
3.360000000000000209e-01,-1.093593648094148309e-02,2.495393400408822515e+01
3.380000000000000226e-01,-1.064023697739886753e-02,2.513384749814506947e+01
3.400000000000000244e-01,-1.027170600875811947e-02,2.529125843177531863e+01
3.420000000000000262e-01,-9.855032486954618670e-03,2.542992527784401346e+01
3.440000000000000280e-01,-9.409395897091500996e-03,2.555295692907379035e+01
3.460000000000000298e-01,-8.949417301967865085e-03,2.566289649822219232e+01
3.480000000000000315e-01,-8.486099960827981833e-03,2.576182445722416858e+01
3.500000000000000333e-01,-8.027639923545855719e-03,2.585145457786875767e+01
3.519999999999999796e-01,-7.580084004690881318e-03,2.593321474554153738e+01
3.539999999999999813e-01,-7.147849285390366243e-03,2.600831228227490399e+01
3.559999999999999831e-01,-6.734128673889863866e-03,2.607778602075993035e+01
3.579999999999999849e-01,-6.341207058807138593e-03,2.614254793001204291e+01
3.599999999999999867e-01,-5.970709200628980702e-03,2.620341690635113707e+01
3.619999999999999885e-01,-5.623796565518125734e-03,2.626114695725108206e+01
3.639999999999999902e-01,-5.301326840055277378e-03,2.631645163413649513e+01
3.659999999999999920e-01,-5.003987162668503338e-03,2.637002628715622521e+01
3.679999999999999938e-01,-4.732410178548830497e-03,2.642256954010552050e+01
3.699999999999999956e-01,-4.487280802949401154e-03,2.647480531977208429e+01
3.719999999999999973e-01,-4.269440996048891150e-03,2.652750682223967615e+01
3.739999999999999991e-01,-4.079999870077680862e-03,2.658152396441915855e+01
3.760000000000000009e-01,-3.920457050024818077e-03,2.663781616212402881e+01
3.780000000000000027e-01,-3.792848375236578928e-03,2.669749270557102960e+01
3.800000000000000044e-01,-3.699924668923761269e-03,2.676186356218827811e+01
3.820000000000000062e-01,-3.645376075331900959e-03,2.683250406221321072e+01
3.840000000000000080e-01,-3.634115372097766489e-03,2.691133740236664451e+01
3.860000000000000098e-01,-3.672631129226776401e-03,2.700073866063793560e+01
3.880000000000000115e-01,-3.769409435969552167e-03,2.710366164075713513e+01
3.900000000000000133e-01,-3.935387281366531896e-03,2.722378214474117541e+01
3.920000000000000151e-01,-4.184312576778178965e-03,2.736563141254199039e+01
3.940000000000000169e-01,-4.532691706712880207e-03,2.753464869788304625e+01
3.960000000000000187e-01,-4.998630948469228071e-03,2.773699371196341446e+01
3.980000000000000204e-01,-5.598307793026957753e-03,2.797882031423417004e+01
4.000000000000000222e-01,-6.338399846639741590e-03,2.826459463671204375e+01
4.020000000000000240e-01,-7.203914121447618085e-03,2.859424128739649262e+01
4.040000000000000258e-01,-8.145720805633293107e-03,2.895993844940431572e+01
4.060000000000000275e-01,-9.079465029467739118e-03,2.934508467969184764e+01
4.080000000000000293e-01,-9.906244297854032918e-03,2.972797156268408614e+01
4.100000000000000311e-01,-1.054654870078247826e-02,3.008884248277077589e+01
4.120000000000000329e-01,-1.096293198400214407e-02,3.041530066876362426e+01
4.140000000000000346e-01,-1.115886690239237949e-02,3.070303990609465927e+01
4.160000000000000364e-01,-1.116318871390497777e-02,3.095338417520572705e+01
4.179999999999999827e-01,-1.101423282893669239e-02,3.117039331422303761e+01
4.199999999999999845e-01,-1.074984294882720855e-02,3.135888861288666263e+01
4.219999999999999862e-01,-1.040289024696254561e-02,3.152345840795524623e+01
4.239999999999999880e-01,-1.000010159535565449e-02,3.166808785061697051e+01
4.259999999999999898e-01,-9.562420364716795254e-03,3.179609859304292385e+01
4.279999999999999916e-01,-9.105900148973958275e-03,3.191021376876017968e+01
4.299999999999999933e-01,-8.642669946664391367e-03,3.201265899724045738e+01
4.319999999999999951e-01,-8.181794403295666873e-03,3.210526226444814313e+01
4.339999999999999969e-01,-7.729982897896594575e-03,3.218954012880924154e+01
4.359999999999999987e-01,-7.292153349195990703e-03,3.226676810310305399e+01
4.380000000000000004e-01,-6.871873466696756458e-03,3.233803690184712565e+01
4.400000000000000022e-01,-6.471704589128432668e-03,3.240429729264831593e+01
4.420000000000000040e-01,-6.093470553040341957e-03,3.246639626837920645e+01
4.440000000000000058e-01,-5.738470105020681243e-03,3.252510690325561882e+01
4.460000000000000075e-01,-5.407647688958691114e-03,3.258115386669975777e+01
4.480000000000000093e-01,-5.101734469689496627e-03,3.263523625207695744e+01
4.500000000000000111e-01,-4.821369269516586828e-03,3.268804916523063753e+01
4.520000000000000129e-01,-4.567207641349000161e-03,3.274030541627234925e+01
4.540000000000000147e-01,-4.340026509948130898e-03,3.279275866805885187e+01
4.560000000000000164e-01,-4.140831630337069198e-03,3.284622951985964079e+01
4.580000000000000182e-01,-3.970975516761648949e-03,3.290163625344294474e+01
4.600000000000000200e-01,-3.832294474594535524e-03,3.296003235165909473e+01
4.620000000000000218e-01,-3.727274867302524976e-03,3.302265341782800334e+01
4.640000000000000235e-01,-3.659260544756230259e-03,3.309097674073506568e+01
4.660000000000000253e-01,-3.632714741479187073e-03,3.316679731902869577e+01
4.680000000000000271e-01,-3.653548834397950425e-03,3.325232426312079781e+01
4.700000000000000289e-01,-3.729522502994803233e-03,3.335030008146136282e+01
4.720000000000000306e-01,-3.870694439415263768e-03,3.346413998084746311e+01
4.740000000000000324e-01,-4.089836997414828153e-03,3.359807364090774939e+01
4.760000000000000342e-01,-4.402577687697323966e-03,3.375723745513446516e+01
4.780000000000000360e-01,-4.826724925162535242e-03,3.394759381280610455e+01
4.799999999999999822e-01,-5.379720492361423495e-03,3.417543018836684610e+01
4.819999999999999840e-01,-6.072610314568873541e-03,3.444604688718479224e+01
4.839999999999999858e-01,-6.899288198105086971e-03,3.476128206774617979e+01
4.859999999999999876e-01,-7.823166970615691440e-03,3.511622692614586327e+01
4.879999999999999893e-01,-8.770652756194020905e-03,3.549709953255465678e+01
4.899999999999999911e-01,-9.644175283672529533e-03,3.588321098688835775e+01
4.919999999999999929e-01,-1.035406337836350561e-02,3.625334746686703369e+01
4.939999999999999947e-01,-1.084760674547636042e-02,3.659230115606760592e+01
4.959999999999999964e-01,-1.111579316502535157e-02,3.689320782059396464e+01
4.979999999999999982e-01,-1.118085618322942586e-02,3.715583429650425984e+01
5.000000000000000000e-01,-1.107936116739961438e-02,3.738359133337619511e+01
5.020000000000000018e-01,-1.085005154731849206e-02,3.758119643131072962e+01
5.040000000000000036e-01,-1.052773239908972105e-02,3.775338157654437055e+01
5.060000000000000053e-01,-1.014121795545199108e-02,3.790435320013696696e+01
5.080000000000000071e-01,-9.713321387117425376e-03,3.803765385626230966e+01
5.100000000000000089e-01,-9.261640628708751530e-03,3.815619854567687241e+01
5.120000000000000107e-01,-8.799529199557988568e-03,3.826236956007848988e+01
5.140000000000000124e-01,-8.337001424051066964e-03,3.835811897906368984e+01
5.160000000000000142e-01,-7.881493577553610672e-03,3.844506007358166499e+01
5.180000000000000160e-01,-7.438474708411861765e-03,3.852454296153734248e+01
5.200000000000000178e-01,-7.011926495349238113e-03,3.859771535007624266e+01
5.220000000000000195e-01,-6.604717348105868316e-03,3.866557092598368683e+01
5.240000000000000213e-01,-6.218894369257642676e-03,3.872898817966841989e+01
5.260000000000000231e-01,-5.855913036183312340e-03,3.878876215873062705e+01
5.280000000000000249e-01,-5.516820611844109636e-03,3.884563125166704367e+01
5.300000000000000266e-01,-5.202406062099694875e-03,3.890030075502956919e+01
5.320000000000000284e-01,-4.913326809640789286e-03,3.895346472841874430e+01
5.340000000000000302e-01,-4.650220962515856996e-03,3.900582750267631837e+01
5.360000000000000320e-01,-4.413812646606844921e-03,3.905812617873596793e+01
5.380000000000000338e-01,-4.205017686502088813e-03,3.911115553999947991e+01
5.400000000000000355e-01,-4.025057086284497196e-03,3.916579700679057652e+01
5.420000000000000373e-01,-3.875586548594769747e-03,3.922305359794368229e+01
5.440000000000000391e-01,-3.758851606555826952e-03,3.928409333833305084e+01
5.460000000000000409e-01,-3.677879683355862565e-03,3.935030414312199554e+01
5.480000000000000426e-01,-3.636722047075414532e-03,3.942336382277554208e+01
5.500000000000000444e-01,-3.640758822834926078e-03,3.950532918956590578e+01
5.520000000000000462e-01,-3.697075516612749295e-03,3.959874752994475244e+01
5.540000000000000480e-01,-3.814901822530070413e-03,3.970679008369638296e+01
5.560000000000000497e-01,-4.006055060108298232e-03,3.983339650847911884e+01
5.580000000000000515e-01,-4.285215454710549800e-03,3.998339313708627429e+01
5.600000000000000533e-01,-4.669616259897624820e-03,4.016249114125377417e+01
5.620000000000000551e-01,-5.177287225839851195e-03,4.037696508101494430e+01
5.640000000000000568e-01,-5.822398937753387425e-03,4.063266448147073362e+01
5.660000000000000586e-01,-6.606125172345616095e-03,4.093294823842987995e+01
5.680000000000000604e-01,-7.503543691601717407e-03,4.127554759317811772e+01
5.700000000000000622e-01,-8.453303753222417283e-03,4.164971867693908791e+01
5.720000000000000639e-01,-9.363033250433559079e-03,4.203656537151685768e+01
5.740000000000000657e-01,-1.013642135748199849e-02,4.241420763067773692e+01
5.760000000000000675e-01,-1.070621815521083028e-02,4.276488934822294397e+01
5.779999999999999583e-01,-1.104935398745035199e-02,4.307896411213836529e+01
5.799999999999999600e-01,-1.117944675143837246e-02,4.335428318832138217e+01
5.819999999999999618e-01,-1.112989646302972764e-02,4.359333861486719996e+01
5.839999999999999636e-01,-1.093966620960024755e-02,4.380059933039596842e+01
5.859999999999999654e-01,-1.064527769342868760e-02,4.398088225430054621e+01
5.879999999999999671e-01,-1.027764158206224444e-02,4.413860114302370619e+01
5.899999999999999689e-01,-9.861535634138572648e-03,4.427752453610392536e+01
5.919999999999999707e-01,-9.416215167940134370e-03,4.440077055207421353e+01
5.939999999999999725e-01,-8.956362402962098415e-03,4.451089002727897537e+01
5.959999999999999742e-01,-8.493028475665907392e-03,4.460996962841800695e+01
5.979999999999999760e-01,-8.034446294557729545e-03,4.469972798836754890e+01
5.999999999999999778e-01,-7.586690745977084024e-03,4.478159676012833046e+01
6.019999999999999796e-01,-7.154200099052566812e-03,4.485678615862746454e+01
6.039999999999999813e-01,-6.740183087189295132e-03,4.492633721277292125e+01
6.059999999999999831e-01,-6.346936235766104627e-03,4.499116352760305659e+01
6.079999999999999849e-01,-5.976092640573690135e-03,4.505208517528329537e+01
6.099999999999999867e-01,-5.628819457958413562e-03,4.510985694848516658e+01
6.119999999999999885e-01,-5.305977891856691712e-03,4.516519283723310707e+01
6.139999999999999902e-01,-5.008256748156330283e-03,4.521878830571068164e+01
6.159999999999999920e-01,-4.736288686695604849e-03,4.527134176900072760e+01
6.179999999999999938e-01,-4.490757069251010043e-03,4.532357660417155643e+01
6.199999999999999956e-01,-4.272500710926050924e-03,4.537626507667132358e+01
6.219999999999999973e-01,-4.082623851049658331e-03,4.543025572690374503e+01
6.239999999999999991e-01,-3.922619251638515166e-03,4.548650605291442162e+01
6.260000000000000009e-01,-3.794513489342061889e-03,4.554612275261396803e+01
6.280000000000000027e-01,-3.701045140943155613e-03,4.561041234627128205e+01
6.300000000000000044e-01,-3.645888338173393708e-03,4.568094562562555438e+01
6.320000000000000062e-01,-3.633935101681255025e-03,4.575963986089370650e+01
6.340000000000000080e-01,-3.671647412406396031e-03,4.584886247298068440e+01
6.360000000000000098e-01,-3.767478048493810416e-03,4.595155755320269719e+01
6.380000000000000115e-01,-3.932324096841078621e-03,4.607138901112101337e+01
6.400000000000000133e-01,-4.179890061719311427e-03,4.621287453037388815e+01
6.420000000000000151e-01,-4.526645511386781159e-03,4.638144024487874617e+01
6.440000000000000169e-01,-4.990690843224845734e-03,4.658323859291444080e+01
6.460000000000000187e-01,-5.588276331484995363e-03,4.682443303518719802e+01
6.480000000000000204e-01,-6.326302125223348845e-03,4.710953338064837226e+01
6.500000000000000222e-01,-7.190202641082989350e-03,4.743855743115568657e+01
6.520000000000000240e-01,-8.131414413389180529e-03,4.780381665320055617e+01
6.540000000000000258e-01,-9.066014670968347566e-03,4.818882698038704859e+01
6.560000000000000275e-01,-9.895072966376376039e-03,4.857190733150504514e+01
6.580000000000000293e-01,-1.053856478141718123e-02,4.893322153494283810e+01
6.600000000000000311e-01,-1.095836587322107994e-02,4.926024547901199213e+01
6.620000000000000329e-01,-1.115743453337021338e-02,4.954856565000048363e+01
6.640000000000000346e-01,-1.116435435313274313e-02,4.979944445728236246e+01
6.660000000000000364e-01,-1.101740821899339050e-02,5.001691807277170909e+01
6.680000000000000382e-01,-1.075449139304983717e-02,5.020580575786446786e+01
6.700000000000000400e-01,-1.040856390659971285e-02,5.037070317983602052e+01
6.720000000000000417e-01,-1.000644433833159687e-02,5.051560546450473055e+01
6.740000000000000435e-01,-9.569156739138971052e-03,5.064384389947691290e+01
6.760000000000000453e-01,-9.112820757869947996e-03,5.075814987295707681e+01
6.780000000000000471e-01,-8.649617526079596622e-03,5.086075570041437999e+01
6.800000000000000488e-01,-8.188652014656384870e-03,5.095349465340817119e+01
6.820000000000000506e-01,-7.736664415289778128e-03,5.103788740169342475e+01
6.840000000000000524e-01,-7.298595974661824942e-03,5.111521262480778915e+01
6.860000000000000542e-01,-6.878031894252933584e-03,5.118656345192101753e+01
6.880000000000000560e-01,-6.477546454244480396e-03,5.125289246330559223e+01
6.900000000000000577e-01,-6.098972859576592444e-03,5.131504797418443786e+01
6.920000000000000595e-01,-5.743616380727212777e-03,5.137380397002429788e+01
6.940000000000000613e-01,-5.412425671063642377e-03,5.142988567260009347e+01
6.960000000000000631e-01,-5.106134160786568975e-03,5.148399239792851034e+01
6.980000000000000648e-01,-4.825381231127834000e-03,5.153681915336162689e+01
7.000000000000000666e-01,-4.570821409281246132e-03,5.158907831799890431e+01
7.020000000000000684e-01,-4.343229022846967907e-03,5.164152275886552701e+01
7.039999999999999591e-01,-4.143605561215651933e-03,5.169497185859874833e+01
7.059999999999999609e-01,-3.973297386932245559e-03,5.175034217717363560e+01
7.079999999999999627e-01,-3.834132410652680775e-03,5.180868485098412179e+01
7.099999999999999645e-01,-3.728585836211602104e-03,5.187123234891299717e+01
7.119999999999999662e-01,-3.659986875486012300e-03,5.193945782071735096e+01
7.139999999999999680e-01,-3.632779730888322130e-03,5.201515084484773155e+01
7.159999999999999698e-01,-3.652851283212435636e-03,5.210051349959192635e+01
7.179999999999999716e-01,-3.727930237327672230e-03,5.219827930613431022e+01
7.199999999999999734e-01,-3.868037473562270078e-03,5.231185230401293751e+01
7.219999999999999751e-01,-4.085902460406297919e-03,5.244544905070050334e+01
7.239999999999999769e-01,-4.397111837327948719e-03,5.260419227746461956e+01
7.259999999999999787e-01,-4.819453671031292616e-03,5.279403421546415132e+01
7.279999999999999805e-01,-5.370408864654538199e-03,5.302126457246509972e+01
7.299999999999999822e-01,-6.061186717593668172e-03,5.329121366193842846e+01
7.319999999999999840e-01,-6.886037684191152752e-03,5.360579526449388510e+01
7.339999999999999858e-01,-7.808914061757250488e-03,5.396022411700032251e+01
7.359999999999999876e-01,-8.756740324655626004e-03,5.434084985895206188e+01
7.379999999999999893e-01,-9.632098114111999759e-03,5.472704758587775586e+01
7.399999999999999911e-01,-1.034494248606766462e-02,5.509755637622655655e+01
7.419999999999999929e-01,-1.084189589480560184e-02,5.543704839698687437e+01
7.439999999999999947e-01,-1.111335305229395332e-02,5.573854007697655533e+01
7.459999999999999964e-01,-1.118120906413128460e-02,5.600172098869983017e+01
7.479999999999999982e-01,-1.108192050637991748e-02,5.622996719961800238e+01
7.500000000000000000e-01,-1.085425645428108980e-02,5.642798853388113400e+01
7.520000000000000018e-01,-1.053310348285736373e-02,5.660052214279071592e+01
7.540000000000000036e-01,-1.014736889148993085e-02,5.675178401400128791e+01
7.560000000000000053e-01,-9.719951014712582826e-03,5.688532663633414899e+01
7.580000000000000071e-01,-9.268518843610582328e-03,5.700407378020813098e+01
7.600000000000000089e-01,-8.806482537818289061e-03,5.711041495337317286e+01
7.620000000000000107e-01,-8.343900479871982009e-03,5.720630797327309836e+01
7.640000000000000124e-01,-7.888242731574672539e-03,5.729337059241498764e+01
7.660000000000000142e-01,-7.445003997682536796e-03,5.737295639138354630e+01
7.680000000000000160e-01,-7.018185262356187691e-03,5.744621572755608696e+01
7.700000000000000178e-01,-6.610669292856257914e-03,5.751414428975589033e+01
7.720000000000000195e-01,-6.224513676204653997e-03,5.757762204626781255e+01
7.740000000000000213e-01,-5.861181307728184110e-03,5.763744508793757859e+01
7.760000000000000231e-01,-5.521724394147726166e-03,5.769435247268958733e+01
7.780000000000000249e-01,-5.206934791660241570e-03,5.774904982931754915e+01
7.800000000000000266e-01,-4.917471040046438903e-03,5.780223122785747591e+01
7.820000000000000284e-01,-4.653970750925534756e-03,5.785460068317230764e+01
7.840000000000000302e-01,-4.417155989913454893e-03,5.790689462879962690e+01
7.860000000000000320e-01,-4.207938898487099434e-03,5.795990678178452526e+01
7.880000000000000338e-01,-4.027534999662483149e-03,5.801451702302732372e+01
7.900000000000000355e-01,-3.877592409843543236e-03,5.807172625214456474e+01
7.920000000000000373e-01,-3.760346507782862113e-03,5.813269964756629093e+01
7.940000000000000391e-01,-3.678811348065029203e-03,5.819882135321224581e+01
7.960000000000000409e-01,-3.637020767526428187e-03,5.827176422749541018e+01
7.980000000000000426e-01,-3.640332367384237211e-03,5.835357863524653510e+01
8.000000000000000444e-01,-3.695802962984864361e-03,5.844680357248391545e+01
8.020000000000000462e-01,-3.812626703247807159e-03,5.855459985679965484e+01
8.040000000000000480e-01,-4.002579304875714984e-03,5.868089460790574208e+01
8.060000000000000497e-01,-4.280298104522220828e-03,5.883050039719632451e+01
8.080000000000000515e-01,-4.662985927478877253e-03,5.900911635120883858e+01
8.100000000000000533e-01,-5.168685529472487675e-03,5.922301367884263357e+01
8.120000000000000551e-01,-5.811680311193819469e-03,5.947806043699574019e+01
8.140000000000000568e-01,-6.593429957142273035e-03,5.977767411299024047e+01
8.160000000000000586e-01,-7.489501299789547324e-03,6.011969518723061867e+01
8.180000000000000604e-01,-8.439105342649556862e-03,6.049351621535379309e+01
8.200000000000000622e-01,-9.350181195442390514e-03,6.088033620040971527e+01
8.220000000000000639e-01,-1.012621452452973705e-02,6.125826534501765508e+01
8.240000000000000657e-01,-1.069934421976479789e-02,6.160944395810098939e+01
8.260000000000000675e-01,-1.104584944378180986e-02,6.192409900608708284e+01
8.280000000000000693e-01,-1.117891863010259286e-02,6.219998859620805121e+01
8.300000000000000711e-01,-1.113177511641180208e-02,6.243955713834487398e+01
8.320000000000000728e-01,-1.094337263355097019e-02,6.264725860052126905e+01
8.339999999999999636e-01,-1.065030205990698774e-02,6.282791195039906285e+01
8.359999999999999654e-01,-1.028356636287034408e-02,6.298593964117885236e+01
8.379999999999999671e-01,-9.868032299102616478e-03,6.312512028055100899e+01
8.399999999999999689e-01,-9.423031239412909751e-03,6.324858123273204313e+01
8.419999999999999707e-01,-8.963306773751943471e-03,6.335888108128539642e+01
8.439999999999999725e-01,-8.499958098837950143e-03,6.345811270941440085e+01
8.459999999999999742e-01,-8.041255129912348865e-03,6.354799962930118795e+01
8.479999999999999760e-01,-7.593300941821663069e-03,6.362997727625008082e+01
8.499999999999999778e-01,-7.160555082745432773e-03,6.370525876977578150e+01
8.519999999999999796e-01,-6.746242182189646566e-03,6.377488734434236761e+01
8.539999999999999813e-01,-6.352670457900837404e-03,6.383977824858849459e+01
8.559999999999999831e-01,-5.981481385115688769e-03,6.390075273684222168e+01
8.579999999999999849e-01,-5.633847846125836049e-03,6.395856639244615138e+01
8.599999999999999867e-01,-5.310634592078934332e-03,6.401393364900675920e+01
8.619999999999999885e-01,-5.012532122311020785e-03,6.406755008954577590e+01
8.639999999999999902e-01,-4.740173135193025480e-03,6.412011392535650600e+01
8.659999999999999920e-01,-4.494239462438642634e-03,6.417234798913811744e+01
8.679999999999999938e-01,-4.275566798652341918e-03,6.422502362182603974e+01
8.699999999999999956e-01,-4.085254537767116396e-03,6.427898799462219870e+01
8.719999999999999973e-01,-3.924788611290980743e-03,6.433519669679871811e+01
8.739999999999999991e-01,-3.796186372999562231e-03,6.439475384527581525e+01
8.760000000000000009e-01,-3.702174203247443098e-03,6.445896252757705724e+01
8.780000000000000027e-01,-3.646410284498032006e-03,6.452938901535044636e+01
8.800000000000000044e-01,-3.633765959527764274e-03,6.460794467557811060e+01
8.820000000000000062e-01,-3.670676715376079008e-03,6.469698930061261422e+01
8.840000000000000080e-01,-3.765562123091919112e-03,6.479945730196261877e+01
8.860000000000000098e-01,-3.929279454504992601e-03,6.491900072805216837e+01
8.880000000000000115e-01,-4.175489809523286189e-03,6.506012372129555388e+01
8.900000000000000133e-01,-4.520625708679287466e-03,6.522823926037600017e+01
8.920000000000000151e-01,-4.982780921225087555e-03,6.542949235825300036e+01
8.940000000000000169e-01,-5.578276839867916601e-03,6.567005570907089407e+01
8.960000000000000187e-01,-6.314233365750646608e-03,6.595448214849116653e+01
8.980000000000000204e-01,-7.176509266980045029e-03,6.628288189933113017e+01
9.000000000000000222e-01,-8.117106859477788219e-03,6.664769940543534688e+01
9.020000000000000240e-01,-9.052540197126342572e-03,6.703256880754584301e+01
9.040000000000000258e-01,-9.883859061265343540e-03,6.741583805598514800e+01
9.060000000000000275e-01,-1.053052976661976101e-02,6.777759271788747242e+01
9.080000000000000293e-01,-1.095374966236595943e-02,6.810518148150687523e+01
9.100000000000000311e-01,-1.115595880256850352e-02,6.839408292749486407e+01
9.120000000000000329e-01,-1.116548542297679004e-02,6.864549721736942445e+01
9.140000000000000346e-01,-1.102055763787868417e-02,6.886343641056544129e+01
9.160000000000000364e-01,-1.075912129401221037e-02,6.905271752150464692e+01
9.180000000000000382e-01,-1.041422504323402144e-02,6.921794346927367769e+01
9.200000000000000400e-01,-1.001277926703910033e-02,6.936311934345964403e+01
9.220000000000000417e-01,-9.575888904711523861e-03,6.949158608305634743e+01
9.240000000000000435e-01,-9.119739880144941274e-03,6.960608335425162352e+01
9.260000000000000453e-01,-8.656565652486762283e-03,6.970885019120598258e+01
9.280000000000000471e-01,-8.195511677751522381e-03,6.980172517053398451e+01
9.300000000000000488e-01,-7.743349087040145989e-03,6.988623308915656196e+01
9.320000000000000506e-01,-7.305042554075073455e-03,6.996365580600455303e+01
9.340000000000000524e-01,-6.884194849478691113e-03,7.003508887496516877e+01
9.360000000000000542e-01,-6.483393255202050086e-03,7.010148669708917168e+01
9.380000000000000560e-01,-6.104480392215958298e-03,7.016369891664278668e+01
9.400000000000000577e-01,-5.748768093181487286e-03,7.022250043606042880e+01
9.420000000000000595e-01,-5.417209252551196189e-03,7.027861703458161458e+01
9.440000000000000613e-01,-5.110539592980113677e-03,7.033274825570481426e+01
9.460000000000000631e-01,-4.829399079038993077e-03,7.038558901313972171e+01
9.480000000000000648e-01,-4.574441235599757856e-03,7.043785126014317655e+01
9.500000000000000666e-01,-4.346437817095801480e-03,7.049028707372822566e+01
9.520000000000000684e-01,-4.146386073588314430e-03,7.054371462675396742e+01
9.540000000000000702e-01,-3.975626246459281268e-03,7.059904876576132438e+01
9.560000000000000719e-01,-3.835977888685924292e-03,7.065733829113850106e+01
9.580000000000000737e-01,-3.729905090689085087e-03,7.071981255060126159e+01
9.599999999999999645e-01,-3.660722484776463264e-03,7.078794057183070265e+01
9.619999999999999662e-01,-3.632855314789865987e-03,7.086350653462106663e+01
9.639999999999999680e-01,-3.652166055411697893e-03,7.094870551190628305e+01
9.659999999999999698e-01,-3.726352539540788832e-03,7.104626206914747399e+01
9.679999999999999716e-01,-3.865397933303465778e-03,7.115956911141721264e+01
9.699999999999999734e-01,-4.081988862791068561e-03,7.129283009722877296e+01
9.719999999999999751e-01,-4.391670968071598007e-03,7.145115408286376635e+01
9.739999999999999769e-01,-4.812211435306572305e-03,7.164048303834482567e+01
9.759999999999999787e-01,-5.361128978492842034e-03,7.186710862146220791e+01
9.779999999999999805e-01,-6.049793843022165454e-03,7.213639059817390375e+01
9.799999999999999822e-01,-6.872809955220626245e-03,7.245031759661785031e+01
9.819999999999999840e-01,-7.794667277433837971e-03,7.280422734157784248e+01
9.839999999999999858e-01,-8.742811456282917337e-03,7.318460145057257193e+01
9.859999999999999876e-01,-9.619983654537065526e-03,7.357088053374526737e+01
9.879999999999999893e-01,-1.033577218568104521e-02,7.394175814500449917e+01
9.899999999999999911e-01,-1.083613375187198434e-02,7.428178696731811215e+01
9.919999999999999929e-01,-1.111086691008165636e-02,7.458386365386036232e+01
9.939999999999999947e-01,-1.118152434175701503e-02,7.484759980500884069e+01
9.959999999999999964e-01,-1.108445106774825703e-02,7.507633627230030982e+01
9.979999999999999982e-01,-1.085844046056010266e-02,7.527477491720692626e+01
1.000000000000000000e+00,-1.053846016218592217e-02,7.544765793970822187e+01
1.002000000000000002e+00,-1.015351055489413339e-02,7.559921085625653348e+01
1.004000000000000004e+00,-9.726575323145018881e-03,7.573299610021231842e+01
1.006000000000000005e+00,-9.275394736968979939e-03,7.585194623377492462e+01
1.008000000000000007e+00,-8.813435801485077631e-03,7.595845800412027415e+01
1.010000000000000009e+00,-8.350801129036317799e-03,7.605449498720774670e+01
1.012000000000000011e+00,-7.894994705261516518e-03,7.614167943414069839e+01
1.014000000000000012e+00,-7.451536999116494323e-03,7.622136840183452478e+01
1.016000000000000014e+00,-7.024448384169339546e-03,7.629471490876076700e+01
1.018000000000000016e+00,-6.616626050706619043e-03,7.636271665448958856e+01
1.020000000000000018e+00,-6.230138121713814023e-03,7.642625509230138903e+01
1.022000000000000020e+00,-5.866454951593876727e-03,7.648612736228976416e+01
1.024000000000000021e+00,-5.526633724433060828e-03,7.654307319708526336e+01
1.026000000000000023e+00,-5.211469215163980206e-03,7.659779856261476993e+01
1.028000000000000025e+00,-4.921621105782095912e-03,7.665099754415930988e+01
1.030000000000000027e+00,-4.657726535034324190e-03,7.670337384562908767e+01
1.032000000000000028e+00,-4.420505531877691116e-03,7.675566323872543251e+01
1.034000000000000030e+00,-4.210866579997634730e-03,7.680865838059301609e+01
1.036000000000000032e+00,-4.030019750213937983e-03,7.686323762049941877e+01
1.038000000000000034e+00,-3.879605607253964941e-03,7.692039974851222439e+01
1.040000000000000036e+00,-3.761849418286708924e-03,7.698130710884286998e+01
1.042000000000000037e+00,-3.679751923239583944e-03,7.704734008977126791e+01
1.044000000000000039e+00,-3.637329595854434713e-03,7.712016661755187386e+01
1.046000000000000041e+00,-3.639917597947004736e-03,7.720183063454558692e+01
1.048000000000000043e+00,-3.694544153632392091e-03,7.729486287644645870e+01
1.050000000000000044e+00,-3.810367969378196471e-03,7.740241377174864112e+01
1.052000000000000046e+00,-3.999123229218317331e-03,7.752839793061387752e+01
1.054000000000000048e+00,-4.275404329945505823e-03,7.767761416683836728e+01
1.056000000000000050e+00,-4.656383308293382192e-03,7.785574949761588925e+01
1.058000000000000052e+00,-5.160114926344232592e-03,7.806907157021655053e+01
1.060000000000000053e+00,-5.800993366141645596e-03,7.832346651593111631e+01
1.062000000000000055e+00,-6.580761164744998101e-03,7.862240968761358317e+01
1.064000000000000057e+00,-7.475471594390317373e-03,7.896385009830322588e+01
1.066000000000000059e+00,-8.424898374789494687e-03,7.933731674030406111e+01
1.068000000000000060e+00,-9.337298189587332764e-03,7.972410494531462177e+01
1.070000000000000062e+00,-1.011596118398768764e-02,8.010231688061080035e+01
1.072000000000000064e+00,-1.069241862278306338e-02,8.045399021047947485e+01
1.074000000000000066e+00,-1.104229655248084932e-02,8.076922509853606869e+01
1.076000000000000068e+00,-1.117834990475668165e-02,8.104568580399366340e+01
1.078000000000000069e+00,-1.113362206954400177e-02,8.128576849311556884e+01
1.080000000000000071e+00,-1.094705563780266726e-02,8.149391179854541178e+01
1.082000000000000073e+00,-1.065530998304817061e-02,8.167493657257055872e+01
1.084000000000000075e+00,-1.028948027757405070e-02,8.183327391467068423e+01
1.086000000000000076e+00,-9.874522425361751191e-03,8.197271250170382473e+01
1.088000000000000078e+00,-9.429844068792559916e-03,8.209638896330686464e+01
1.090000000000000080e+00,-8.970250382381011328e-03,8.220686965389438683e+01
1.092000000000000082e+00,-8.506888806664966371e-03,8.230625369495845689e+01
1.094000000000000083e+00,-8.048066412231968600e-03,8.239626949626089925e+01
1.096000000000000085e+00,-7.599914579602271708e-03,8.247835629014763015e+01
1.098000000000000087e+00,-7.166914227398456759e-03,8.255373011245394821e+01
1.100000000000000089e+00,-6.752305952432587771e-03,8.262343641256994431e+01
1.102000000000000091e+00,-6.358409720624721984e-03,8.268839209033446025e+01
1.104000000000000092e+00,-5.986875430946936999e-03,8.274941958857090185e+01
1.106000000000000094e+00,-5.638881727503959954e-03,8.280727528677631710e+01
1.108000000000000096e+00,-5.315296938582629756e-03,8.286267406712630645e+01
1.110000000000000098e+00,-5.016813283000386321e-03,8.291631163628487400e+01
1.112000000000000099e+00,-4.744063521565357495e-03,8.296888600667446667e+01
1.114000000000000101e+00,-4.497727979337489551e-03,8.302111947196669917e+01
1.116000000000000103e+00,-4.278639254968436868e-03,8.307378245469257649e+01
1.118000000000000105e+00,-4.087891924442665394e-03,8.312772076413655498e+01
1.120000000000000107e+00,-3.926965121132061122e-03,8.318388808976190774e+01
1.122000000000000108e+00,-3.797867015631388454e-03,8.324338597877411416e+01
1.124000000000000110e+00,-3.703311841691253950e-03,8.330751410031233206e+01
1.126000000000000112e+00,-3.646941895532756356e-03,8.337783422427393987e+01
1.128000000000000114e+00,-3.633607920926451487e-03,8.345625183759730703e+01
1.130000000000000115e+00,-3.669719005962227346e-03,8.354511913253857358e+01
1.132000000000000117e+00,-3.763661618594104068e-03,8.364736087336868309e+01
1.134000000000000119e+00,-3.926253303268046300e-03,8.376661727878962438e+01
1.136000000000000121e+00,-4.171111760360133279e-03,8.390737896551526376e+01
1.138000000000000123e+00,-4.514632236371376658e-03,8.407504572270472920e+01
1.140000000000000124e+00,-4.974901134842492530e-03,8.427575498805130394e+01
1.142000000000000126e+00,-5.568309318588002786e-03,8.451568832526969288e+01
1.144000000000000128e+00,-6.302193664955396506e-03,8.479944095051317277e+01
1.146000000000000130e+00,-7.162834228472819524e-03,8.512721473318009657e+01
1.148000000000000131e+00,-8.102798478654122880e-03,8.549158677556341956e+01
1.150000000000000133e+00,-9.039041939125261327e-03,8.587631023756105719e+01
1.152000000000000135e+00,-9.872602792106451031e-03,8.625976379360454871e+01
1.153999999999999915e+00,-1.052244370648430793e-02,8.662195605905679940e+01
1.155999999999999917e+00,-1.094908328344776707e-02,8.695010867899949858e+01
1.157999999999999918e+00,-1.115443958614510851e-02,8.723959172754578617e+01
1.159999999999999920e+00,-1.116658178926459299e-02,8.749154243935281272e+01
1.161999999999999922e+00,-1.102368096404728569e-02,8.770994831121802804e+01
1.163999999999999924e+00,-1.076373255070874405e-02,8.789962388917336966e+01
1.165999999999999925e+00,-1.041987357674007721e-02,8.806517926392653806e+01
1.167999999999999927e+00,-1.001910631959410450e-02,8.821062947732711734e+01
1.169999999999999929e+00,-9.582616814431310984e-03,8.833932513548998600e+01
1.171999999999999931e+00,-9.126657480517681026e-03,8.845401420585986330e+01
1.173999999999999932e+00,-8.663514299662175913e-03,8.855694246401944270e+01
1.175999999999999934e+00,-8.202373373274533461e-03,8.864995381115332407e+01
1.177999999999999936e+00,-7.750036899076741086e-03,8.873457718723764742e+01
1.179999999999999938e+00,-7.311493077290284054e-03,8.881209764327475398e+01
1.181999999999999940e+00,-6.890362325133039118e-03,8.888361316796833478e+01
1.183999999999999941e+00,-6.489244986863125855e-03,8.895007999128517895e+01
1.185999999999999943e+00,-6.109993147285487820e-03,8.901234909324561784e+01
1.187999999999999945e+00,-5.753925239656769268e-03,8.907119629898018331e+01
1.189999999999999947e+00,-5.421998431205225961e-03,8.912734795031151691e+01
1.191999999999999948e+00,-5.114950764182525471e-03,8.918150382305222479e+01
1.193999999999999950e+00,-4.833422810936510196e-03,8.923435874211612884e+01
1.195999999999999952e+00,-4.578067117413880602e-03,8.928662424007980292e+01
1.197999999999999954e+00,-4.349652888854526299e-03,8.933905160975113802e+01
1.199999999999999956e+00,-4.149173162245044580e-03,8.939245782104644888e+01
1.201999999999999957e+00,-3.977962088262978341e-03,8.944775601540493426e+01
1.203999999999999959e+00,-3.837830899128816513e-03,8.950599266762347384e+01
1.205999999999999961e+00,-3.731232617908513977e-03,8.956839401747241425e+01
1.207999999999999963e+00,-3.661467355558821815e-03,8.963642498744722786e+01
1.209999999999999964e+00,-3.632941470647996045e-03,8.971186438015247688e+01
1.211999999999999966e+00,-3.651493121529258458e-03,8.979690028985919525e+01
1.213999999999999968e+00,-3.724789371663858595e-03,8.989424835779065859e+01
1.215999999999999970e+00,-3.862775770921308277e-03,9.000729038738290910e+01
1.217999999999999972e+00,-4.078096147318072476e-03,9.014021676167271835e+01
1.219999999999999973e+00,-4.386255017277308418e-03,9.029812285004457806e+01
1.221999999999999975e+00,-4.804998162589340857e-03,9.048694026030516113e+01
1.223999999999999977e+00,-5.351880813162274327e-03,9.071296232045958163e+01
1.225999999999999979e+00,-6.038431749372314555e-03,9.098157769768255321e+01
1.227999999999999980e+00,-6.859605194410968616e-03,9.129484909429213246e+01
1.229999999999999982e+00,-7.780426925431660999e-03,9.164823666132714663e+01
1.231999999999999984e+00,-8.728866498581918862e-03,9.202835438461880813e+01
1.233999999999999986e+00,-9.607832165014864798e-03,9.241470989660659541e+01
1.235999999999999988e+00,-1.032655257955906840e-02,9.278595281085118529e+01
1.237999999999999989e+00,-1.083032028158745219e-02,9.312651687699664649e+01
1.239999999999999991e+00,-1.110833462722940652e-02,9.342917854371874853e+01
1.241999999999999993e+00,-1.118180188185885666e-02,9.369347073031892137e+01
1.243999999999999995e+00,-1.108695272423269700e-02,9.392269853479353969e+01
1.245999999999999996e+00,-1.086260345791402113e-02,9.412155556594903771e+01
1.247999999999999998e+00,-1.054380235009992617e-02,9.429478895417109641e+01
1.250000000000000000e+00,-1.015964287797799931e-02,9.444663371603891733e+01
1.252000000000000002e+00,-9.733194260750756624e-03,9.458066223901559511e+01
1.254000000000000004e+00,-9.282268269861849649e-03,9.469981589912168829e+01
1.256000000000000005e+00,-8.820388961534994174e-03,9.480649870635453169e+01
1.258000000000000007e+00,-8.357703350106562845e-03,9.490268001590929714e+01
1.260000000000000009e+00,-7.901749482935167129e-03,9.498998659457818405e+01
1.262000000000000011e+00,-7.458073701367301869e-03,9.506977898930496451e+01
1.264000000000000012e+00,-7.030715852664440671e-03,9.514321289055477848e+01
1.266000000000000014e+00,-6.622587615886016757e-03,9.521128801738151992e+01
1.268000000000000016e+00,-6.235767701679786022e-03,9.527488731520074339e+01
1.270000000000000018e+00,-5.871733964785924402e-03,9.533480897936983922e+01
1.272000000000000020e+00,-5.531548600356288835e-03,9.539179342251223659e+01
1.274000000000000021e+00,-5.216009330520649662e-03,9.544654695258296329e+01
1.276000000000000023e+00,-4.925777004649982763e-03,9.549976367491655083e+01
1.278000000000000025e+00,-4.661488312187398418e-03,9.555214698749111335e+01
1.280000000000000027e+00,-4.423861269025399466e-03,9.560443200572092337e+01
1.282000000000000028e+00,-4.213800726339218990e-03,9.565741033329020127e+01
1.284000000000000030e+00,-4.032511331554969151e-03,9.571195879560059439e+01
1.286000000000000032e+00,-3.881626132180680464e-03,9.576907408280688117e+01
1.288000000000000034e+00,-3.763360326444368815e-03,9.582991571708350875e+01
1.290000000000000036e+00,-3.680701393372434217e-03,9.589586034661688529e+01
1.292000000000000037e+00,-3.637648511528562834e-03,9.596857098532565544e+01
1.294000000000000039e+00,-3.639514487579900009e-03,9.605008517799272738e+01
1.296000000000000041e+00,-3.693299053635313352e-03,9.614292543002758862e+01
1.298000000000000043e+00,-3.808125576588059294e-03,9.625023181391264870e+01
1.300000000000000044e+00,-3.995686778916584039e-03,9.637590645883071261e+01
1.302000000000000046e+00,-4.270534069291420133e-03,9.652473442539474036e+01
1.304000000000000048e+00,-4.649808342292568487e-03,9.670239055881035029e+01
1.306000000000000050e+00,-5.151575379816480602e-03,9.691513873717144634e+01
1.308000000000000052e+00,-5.790338128612525052e-03,9.716888271303922409e+01
1.310000000000000053e+00,-6.568118932446170150e-03,9.746715498174704351e+01
1.312000000000000055e+00,-7.461454846154705507e-03,9.780801237800719150e+01
1.314000000000000057e+00,-8.410683197890759730e-03,9.818112032650326171e+01
1.316000000000000059e+00,-9.324384534918133891e-03,9.856787167890182388e+01
1.318000000000000060e+00,-1.010566149323730706e-02,9.894636228549232726e+01
1.320000000000000062e+00,-1.068544136957893208e-02,9.929852812374251414e+01
1.322000000000000064e+00,-1.103869522118012397e-02,9.961434238660942242e+01
1.324000000000000066e+00,-1.117774044446168645e-02,9.989137479825376431e+01
1.326000000000000068e+00,-1.113543719072305690e-02,1.001319726626174713e+02
1.328000000000000069e+00,-1.095071510708051435e-02,1.003405589085232776e+02
1.330000000000000071e+00,-1.066030136877635023e-02,1.005219561069076946e+02
1.332000000000000073e+00,-1.029538325229699056e-02,1.006806039518935307e+02
1.334000000000000075e+00,-9.881005956207474308e-03,1.008203011900507420e+02
1.336000000000000076e+00,-9.436653613184754416e-03,1.009441937360338954e+02
1.338000000000000078e+00,-8.977193196756400734e-03,1.010548557387396897e+02
1.340000000000000080e+00,-8.513820575364447127e-03,1.011543925797803496e+02
1.342000000000000082e+00,-8.054880124061594704e-03,1.012445375848263183e+02
1.344000000000000083e+00,-7.606531646639669471e-03,1.013267337980528566e+02
1.346000000000000085e+00,-7.173277523899990703e-03,1.014022001833892261e+02
1.348000000000000087e+00,-6.758374391430953775e-03,1.014719844145522814e+02
1.350000000000000089e+00,-6.364154019332029372e-03,1.015370050502034758e+02
1.352000000000000091e+00,-5.992274774748124720e-03,1.015980857280100054e+02
1.354000000000000092e+00,-5.643921099571508684e-03,1.016559836291167329e+02
1.356000000000000094e+00,-5.319964929229370476e-03,1.017114140892606287e+02
1.358000000000000096e+00,-5.021100228098270002e-03,1.017650729435524397e+02
1.360000000000000098e+00,-4.747959843348071446e-03,1.018176580104586435e+02
1.362000000000000099e+00,-4.501222616789435534e-03,1.018698910499560242e+02
1.364000000000000101e+00,-4.281718075637821856e-03,1.019225415722653025e+02
1.366000000000000103e+00,-4.090536005318920303e-03,1.019764540320165054e+02
1.368000000000000105e+00,-3.929148773350580118e-03,1.020325802277993148e+02
1.370000000000000107e+00,-3.799555406710015092e-03,1.020920191483400430e+02
1.372000000000000108e+00,-3.704458042194250580e-03,1.021560670587018365e+02
1.374000000000000110e+00,-3.647483152586958235e-03,1.022262812453053016e+02
1.376000000000000112e+00,-3.633460961270355231e-03,1.023045613381584218e+02
1.378000000000000114e+00,-3.668774252118346246e-03,1.023932519578001887e+02
1.380000000000000115e+00,-3.761776493975713728e-03,1.024952682537957287e+02
1.382000000000000117e+00,-3.923245592180420703e-03,1.026142386466327849e+02
1.384000000000000119e+00,-4.166755854475500190e-03,1.027546402432730162e+02
1.386000000000000121e+00,-4.508665032195700341e-03,1.029218596102061838e+02
1.388000000000000123e+00,-4.967051436017401109e-03,1.031220264623071898e+02
1.390000000000000124e+00,-5.558373767057834917e-03,1.033613308729615738e+02
1.392000000000000126e+00,-6.290183117648552764e-03,1.036444097965364222e+02
1.394000000000000128e+00,-7.149177752761661647e-03,1.039715559734311938e+02
1.396000000000000130e+00,-8.088489604832794014e-03,1.043354788327419556e+02
1.398000000000000131e+00,-9.025520229212199985e-03,1.047200513469363869e+02
1.400000000000000133e+00,-9.861304370771248329e-03,1.051036846022538640e+02
1.402000000000000135e+00,-1.051430665348813444e-02,1.054663115863512814e+02
1.404000000000000137e+00,-1.094436666990670527e-02,1.057950270745374013e+02
1.406000000000000139e+00,-1.115287676080786022e-02,1.060850920392664563e+02
1.407999999999999918e+00,-1.116764331776174887e-02,1.063375801071528883e+02
1.409999999999999920e+00,-1.102677807568040215e-02,1.065564537583291411e+02
1.411999999999999922e+00,-1.076832506181546294e-02,1.067465248462052188e+02
1.413999999999999924e+00,-1.042550942669350812e-02,1.069124105514195264e+02
1.415999999999999925e+00,-1.002542543385986050e-02,1.070581358559231688e+02
1.417999999999999927e+00,-9.589340421091959929e-03,1.071870610484625104e+02
1.419999999999999929e+00,-9.133573523547506429e-03,1.073019424209788895e+02
1.421999999999999931e+00,-8.670463441258763684e-03,1.074050325132443504e+02
1.423999999999999932e+00,-8.209237081824083404e-03,1.074981805705828322e+02
1.425999999999999934e+00,-7.756727837256217201e-03,1.075829196919673336e+02
1.427999999999999936e+00,-7.317947534107124841e-03,1.076605381331935831e+02
1.429999999999999938e+00,-6.896534313933846971e-03,1.077321363279147732e+02
1.431999999999999940e+00,-6.495101644059467737e-03,1.077986723431767047e+02
1.433999999999999941e+00,-6.115511121090858385e-03,1.078609985014824986e+02
1.435999999999999943e+00,-5.759087817412313591e-03,1.079198915563990653e+02
1.437999999999999945e+00,-5.426793204801940232e-03,1.079760784174573729e+02
1.439999999999999947e+00,-5.119367672304279623e-03,1.080302590976185826e+02
1.441999999999999948e+00,-4.837452424510418902e-03,1.080831283378447552e+02
1.443999999999999950e+00,-4.581699051842292453e-03,1.081353972551874563e+02
1.445999999999999952e+00,-4.352874234298614864e-03,1.081878163640441244e+02
1.447999999999999954e+00,-4.151966821998590712e-03,1.082412014382049676e+02
1.449999999999999956e+00,-3.980304905295217743e-03,1.082964639223134924e+02
1.451999999999999957e+00,-3.839691432458495774e-03,1.083546479759533980e+02
1.453999999999999959e+00,-3.732568405099694585e-03,1.084169767441231613e+02
1.455999999999999961e+00,-3.662221470837853741e-03,1.084849110609610676e+02
1.457999999999999963e+00,-3.633038176021520602e-03,1.085602243732740533e+02
1.459999999999999964e+00,-3.650832452217397765e-03,1.086450978232816169e+02
1.461999999999999966e+00,-3.723240695868820088e-03,1.087422381593969334e+02
1.463999999999999968e+00,-3.860170938852248990e-03,1.088550161162813907e+02
1.465999999999999970e+00,-4.074224256863510918e-03,1.089876090252584220e+02
1.467999999999999972e+00,-4.380863922319747951e-03,1.091450985577477013e+02
1.469999999999999973e+00,-4.797813797234538533e-03,1.093334058601725616e+02
1.471999999999999975e+00,-5.342664347147241949e-03,1.095588256544026962e+02
1.473999999999999977e+00,-6.027100493626328694e-03,1.098267749619180051e+02
1.475999999999999979e+00,-6.846423582877072915e-03,1.101393897871944176e+02
1.477999999999999980e+00,-7.766193312142175183e-03,1.104922521373059539e+02
1.479999999999999982e+00,-8.714905799487164192e-03,1.108721087382517538e+02
1.481999999999999984e+00,-9.595643907531864816e-03,1.112585357409113556e+02
1.483999999999999986e+00,-1.031728377247428767e-02,1.116301404118850513e+02
1.485999999999999988e+00,-1.082445545056805528e-02,1.119712381363112712e+02
1.487999999999999989e+00,-1.110575609327360026e-02,1.122744847392050218e+02
1.489999999999999991e+00,-1.118204155026141823e-02,1.125393337495801092e+02
1.491999999999999993e+00,-1.108942534832660712e-02,1.127690539704682635e+02
1.493999999999999995e+00,-1.086674533777601086e-02,1.129683304647425928e+02
1.495999999999999996e+00,-1.054912995930555944e-02,1.131419151730218573e+02
1.497999999999999998e+00,-1.016576579277976219e-02,1.132940525824552367e+02
1.500000000000000000e+00,-9.739807775641177653e-03,1.134283250438381856e+02
1.502000000000000002e+00,-9.289139403188722069e-03,1.135476827689732886e+02
1.504000000000000004e+00,-8.827341988805031611e-03,1.136545370540955702e+02
1.506000000000000005e+00,-8.364607121536521764e-03,1.137508630544079153e+02
1.508000000000000007e+00,-7.908507048832414191e-03,1.138382920695382410e+02
1.510000000000000009e+00,-7.464614093023435801e-03,1.139181881502032354e+02
1.512000000000000011e+00,-7.036987659667220778e-03,1.139917096697981123e+02
1.514000000000000012e+00,-6.628553982585477962e-03,1.140598583756254385e+02
1.516000000000000014e+00,-6.241402411968830638e-03,1.141235187123956507e+02
1.518000000000000016e+00,-5.877018344289396817e-03,1.141834899367597274e+02
1.520000000000000018e+00,-5.536469019559998178e-03,1.142405131466290413e+02
1.522000000000000020e+00,-5.220555135632371641e-03,1.142952949968852181e+02
1.524000000000000021e+00,-4.929938734450379882e-03,1.143485296177239832e+02
1.526000000000000023e+00,-4.665256079733689706e-03,1.144009201062064705e+02
1.528000000000000025e+00,-4.427223197892305936e-03,1.144532009269987611e+02
1.530000000000000027e+00,-4.216741332834213728e-03,1.145061626367481153e+02
1.532000000000000028e+00,-4.035009737326713565e-03,1.145606805447335148e+02
1.534000000000000030e+00,-3.883653976013424526e-03,1.146177492508004860e+02
1.536000000000000032e+00,-3.764879220680424077e-03,1.146785254672241194e+02
1.538000000000000034e+00,-3.681659743019730698e-03,1.147443821175866248e+02
1.540000000000000036e+00,-3.637977494100627738e-03,1.148169773232227584e+02
1.542000000000000037e+00,-3.639123009445544357e-03,1.148983422561498031e+02
1.544000000000000039e+00,-3.692067628203999936e-03,1.149909912214623944e+02
1.546000000000000041e+00,-3.805899480693052811e-03,1.150980539687078164e+02
1.548000000000000043e+00,-3.992269899893089412e-03,1.152234201748322846e+02
1.550000000000000044e+00,-4.265687260940449581e-03,1.153718611522840973e+02
1.552000000000000046e+00,-4.643260969294096992e-03,1.155490395131223806e+02
1.554000000000000048e+00,-5.143066852655540748e-03,1.157612151616329470e+02
1.556000000000000050e+00,-5.779714623312916071e-03,1.160143090228068417e+02
1.558000000000000052e+00,-6.555503395924669637e-03,1.163119100145093370e+02
1.560000000000000053e+00,-7.447451324026180784e-03,1.166521820774917870e+02
1.562000000000000055e+00,-8.396460159918671742e-03,1.170249270484858215e+02
1.564000000000000057e+00,-9.311440535127193247e-03,1.174116364740846876e+02
1.566000000000000059e+00,-1.009531561211306910e-02,1.177904016081500203e+02
1.568000000000000060e+00,-1.067841246741288788e-02,1.181430577166797065e+02
1.570000000000000062e+00,-1.103504535849323537e-02,1.184594508676681670e+02
1.572000000000000064e+00,-1.117709011851937030e-02,1.187370555656600430e+02
1.574000000000000066e+00,-1.113722034809146860e-02,1.189781696303032987e+02
1.576000000000000068e+00,-1.095435092579910737e-02,1.191871999144884313e+02
1.578000000000000069e+00,-1.066527612268411938e-02,1.193689705394716327e+02
1.580000000000000071e+00,-1.030127521287261920e-02,1.195279297412103858e+02
1.582000000000000073e+00,-9.887482834693530828e-03,1.196678863360530016e+02
1.584000000000000075e+00,-9.443459829506534176e-03,1.197919955431262906e+02
1.586000000000000076e+00,-8.984135184638222110e-03,1.199028393294377253e+02
1.588000000000000078e+00,-8.520753381040382241e-03,1.200025293585968740e+02
1.590000000000000080e+00,-8.061696247859134398e-03,1.200928038905669553e+02
1.592000000000000082e+00,-7.613152130188139549e-03,1.201751097961901564e+02
1.594000000000000083e+00,-7.179644963088088229e-03,1.202506689793034127e+02
1.596000000000000085e+00,-6.764447492660035852e-03,1.203205313473821576e+02
1.598000000000000087e+00,-6.369903349389629751e-03,1.203856171255555978e+02
1.600000000000000089e+00,-5.997679413180892830e-03,1.204467511526989369e+02
1.602000000000000091e+00,-5.648965959795139782e-03,1.205046914171083330e+02
1.604000000000000092e+00,-5.324638561874684393e-03,1.205601537130794441e+02
1.606000000000000094e+00,-5.025392955478258199e-03,1.206138340089749192e+02
1.608000000000000096e+00,-4.751862098081875013e-03,1.206664299342162110e+02
1.610000000000000098e+00,-4.504723371647426783e-03,1.207186627204093696e+02
1.612000000000000099e+00,-4.284803256441427344e-03,1.207713009715446191e+02
1.614000000000000101e+00,-4.093186774663540306e-03,1.208251877948398345e+02
1.616000000000000103e+00,-3.931339560169543404e-03,1.208812731069168649e+02
1.618000000000000105e+00,-3.801251535753872538e-03,1.209406533492186639e+02
1.620000000000000107e+00,-3.705612790735920807e-03,1.210046213969882274e+02
1.622000000000000108e+00,-3.648034037048396988e-03,1.210747300713771182e+02
1.624000000000000110e+00,-3.633325056053105916e-03,1.211528731684985019e+02
1.626000000000000112e+00,-3.667842421923448587e-03,1.212413877654768584e+02
1.628000000000000114e+00,-3.759906708360860779e-03,1.213431794296644597e+02
1.630000000000000115e+00,-3.920256270450420306e-03,1.214618648149326248e+02
1.632000000000000117e+00,-4.162422032238205852e-03,1.216019075348572613e+02
1.634000000000000119e+00,-4.502724033840446553e-03,1.217686809012347027e+02
1.636000000000000121e+00,-4.959231776304429302e-03,1.219683067609580291e+02
1.638000000000000123e+00,-5.548470183623320333e-03,1.222069833411072182e+02
1.640000000000000124e+00,-6.278201816968797914e-03,1.224893886960251024e+02
1.642000000000000126e+00,-7.135540065156358719e-03,1.228159056603593768e+02
1.644000000000000128e+00,-8.074180570917953784e-03,1.231793756458211817e+02
1.646000000000000130e+00,-9.011975400658962798e-03,1.235637922122793526e+02
1.648000000000000131e+00,-9.849964011527889002e-03,1.239476005402470804e+02
1.650000000000000133e+00,-1.050611866226687854e-02,1.243106593281152783e+02
1.652000000000000135e+00,-1.093959975640714129e-02,1.246399366714621948e+02
1.654000000000000137e+00,-1.115127020365447308e-02,1.249305838519010621e+02
1.656000000000000139e+00,-1.116866987417326589e-02,1.251836102047263779e+02
1.658000000000000140e+00,-1.102984885068078631e-02,1.254029527354859397e+02
1.660000000000000142e+00,-1.077289872567765115e-02,1.255934203779051757e+02
1.662000000000000144e+00,-1.043113251236490492e-02,1.257596373193454866e+02
1.664000000000000146e+00,-1.003173654744294110e-02,1.259056384690350541e+02
1.665999999999999925e+00,-9.596059677280473557e-03,1.260347938136349484e+02
1.667999999999999927e+00,-9.140487973631074292e-03,1.261498679927870654e+02
1.669999999999999929e+00,-8.677413050802799607e-03,1.262531203332556942e+02
1.671999999999999931e+00,-8.216102783900881140e-03,1.263464054441280524e+02
1.673999999999999932e+00,-7.763421887359774586e-03,1.264312605993679028e+02
1.675999999999999934e+00,-7.324405914267418695e-03,1.265089772723300854e+02
1.677999999999999936e+00,-6.902710808554997531e-03,1.265806583517843649e+02
1.679999999999999938e+00,-6.500963221589849995e-03,1.266472637500438907e+02
1.681999999999999940e+00,-6.121034309913666802e-03,1.267096471388412482e+02
1.683999999999999941e+00,-5.764255823690703565e-03,1.267685862059319533e+02
1.685999999999999943e+00,-5.431593571107258892e-03,1.268248084336871813e+02
1.687999999999999945e+00,-5.123790315251330711e-03,1.268790140770531707e+02
1.689999999999999947e+00,-4.841487917451801383e-03,1.269318977978820016e+02
1.691999999999999948e+00,-4.585337036010318952e-03,1.269841703028485114e+02
1.693999999999999950e+00,-4.356101849616354944e-03,1.270365813337221255e+02
1.695999999999999952e+00,-4.154767047681572414e-03,1.270899454749652051e+02
1.697999999999999954e+00,-3.982654690536010719e-03,1.271451724827051635e+02
1.699999999999999956e+00,-3.841559479190577008e-03,1.272033042116546966e+02
1.701999999999999957e+00,-3.733912439544014288e-03,1.272655607251659262e+02
1.703999999999999959e+00,-3.662984813686325988e-03,1.273333987857868692e+02
1.705999999999999961e+00,-3.633145408557407040e-03,1.274085865058442693e+02
1.707999999999999963e+00,-3.650184018239946340e-03,1.274932981020379827e+02
1.709999999999999964e+00,-3.721706474462342217e-03,1.275902314613404656e+02
1.711999999999999966e+00,-3.857583389680572031e-03,1.277027462825311943e+02
1.713999999999999968e+00,-4.070373134430958946e-03,1.278350068692582795e+02
1.715999999999999970e+00,-4.375497620588903076e-03,1.279920811847382396e+02
1.717999999999999972e+00,-4.790658283328835809e-03,1.281798798167376106e+02
1.719999999999999973e+00,-5.333479558130193449e-03,1.284046986080788599e+02
1.721999999999999975e+00,-6.015800131203901009e-03,1.286719823919937369e+02
1.723999999999999977e+00,-6.833265299702931568e-03,1.289839397045243743e+02
1.725999999999999979e+00,-7.751966742469531928e-03,1.293362738301634920e+02
1.727999999999999980e+00,-8.700929707236005478e-03,1.297158645885878627e+02
1.729999999999999982e+00,-9.583419146193487143e-03,1.301023581334495702e+02
1.731999999999999984e+00,-1.030796587160080248e-02,1.304743209866845461e+02
1.733999999999999986e+00,-1.081853922704915059e-02,1.308159507559015253e+02
1.735999999999999988e+00,-1.110313119845877938e-02,1.311197822331572809e+02
1.737999999999999989e+00,-1.118224321286300123e-02,1.313851888478028229e+02
1.739999999999999991e+00,-1.109186881229989007e-02,1.316154025626906332e+02
1.741999999999999993e+00,-1.087086599126293324e-02,1.318150995981930862e+02
1.743999999999999995e+00,-1.055444290219945645e-02,1.319890365830677013e+02
1.745999999999999996e+00,-1.017187923107177282e-02,1.321414674445795185e+02
1.747999999999999998e+00,-9.746415815712774697e-03,1.322759845057466634e+02
1.750000000000000000e+00,-9.296008097680791976e-03,1.323955468360323380e+02
1.752000000000000002e+00,-8.834294854002543509e-03,1.325025730413454426e+02
1.754000000000000004e+00,-8.371512421681420041e-03,1.325990440977200819e+02
1.756000000000000005e+00,-7.915267387115738906e-03,1.326865958548210926e+02
1.758000000000000007e+00,-7.471158162617955005e-03,1.327665958809295148e+02
1.760000000000000009e+00,-7.043263796962678271e-03,1.328402052433445988e+02
1.762000000000000011e+00,-6.634525144966790799e-03,1.329084277264105083e+02
1.764000000000000012e+00,-6.247042248427155976e-03,1.329721492813127099e+02
1.766000000000000014e+00,-5.882308087076829409e-03,1.330321702320393911e+02
1.768000000000000016e+00,-5.541394979680440772e-03,1.330892323670933308e+02
1.770000000000000018e+00,-5.225106628400567887e-03,1.331440426931848151e+02
1.772000000000000020e+00,-4.934106292988070172e-03,1.331972953701776419e+02
1.774000000000000021e+00,-4.669029835031795334e-03,1.332496931992257316e+02
1.776000000000000023e+00,-4.430591315029114123e-03,1.333019699997754230e+02
1.778000000000000025e+00,-4.219688394826122402e-03,1.333549152878443067e+02
1.780000000000000027e+00,-4.037514961198959695e-03,1.334094028643085323e+02
1.782000000000000028e+00,-3.885689130179679433e-03,1.334664252482752715e+02
1.784000000000000030e+00,-3.766406089468892285e-03,1.335271363542142922e+02
1.786000000000000032e+00,-3.682626956802013095e-03,1.335929053965360538e+02
1.788000000000000034e+00,-3.638316523205487995e-03,1.336653856236727620e+02
1.790000000000000036e+00,-3.638743136811633042e-03,1.337466018596088873e+02
1.792000000000000037e+00,-3.690849842677068702e-03,1.338390602390235529e+02
1.794000000000000039e+00,-3.803689637653768617e-03,1.339458802215943933e+02
1.796000000000000041e+00,-3.988872538207662542e-03,1.340709390609403329e+02
1.798000000000000043e+00,-4.260863843337797316e-03,1.342189943269582955e+02
1.800000000000000044e+00,-4.636741128964394498e-03,1.343956963388697829e+02
1.802000000000000046e+00,-5.134589307028563331e-03,1.346073008254139438e+02
1.804000000000000048e+00,-5.769122873652285724e-03,1.348597454394428894e+02
1.806000000000000050e+00,-6.542914688730932897e-03,1.351566748045122210e+02
1.808000000000000052e+00,-7.433461295098995301e-03,1.354963592474333893e+02
1.810000000000000053e+00,-8.382229608452865938e-03,1.358687369805907963e+02
1.812000000000000055e+00,-9.298466495473745388e-03,1.362553994039957956e+02
1.814000000000000057e+00,-1.008492370289147157e-02,1.366344348975220555e+02
1.816000000000000059e+00,-1.067133192550946685e-02,1.369875790084792584e+02
1.818000000000000060e+00,-1.103134687403675707e-02,1.373045505393075132e+02
1.820000000000000062e+00,-1.117639879647685727e-02,1.375827280929756569e+02
1.822000000000000064e+00,-1.113897140963688442e-02,1.378243593796351547e+02
1.824000000000000066e+00,-1.095796297807621542e-02,1.380338348004481475e+02
1.826000000000000068e+00,-1.067023415005245897e-02,1.382159798562864808e+02
1.828000000000000069e+00,-1.030715608485666297e-02,1.383752512709482687e+02
1.830000000000000071e+00,-9.893953003645645020e-03,1.385154679301408294e+02
1.832000000000000073e+00,-9.450262674495718898e-03,1.386397943767719596e+02
1.834000000000000075e+00,-8.991076313648942511e-03,1.387508204195847270e+02
1.836000000000000076e+00,-8.527687199692659051e-03,1.388506640261090013e+02
1.838000000000000078e+00,-8.068514766004735925e-03,1.389410684090399002e+02
1.840000000000000080e+00,-7.619776017444681096e-03,1.390234842807741700e+02
1.842000000000000082e+00,-7.186016535759328326e-03,1.390991364969108020e+02
1.844000000000000083e+00,-6.770525249565949831e-03,1.391690772081466321e+02
1.846000000000000085e+00,-6.375657706144975678e-03,1.392342283137465699e+02
1.848000000000000087e+00,-6.003089342895165034e-03,1.392954158601741312e+02
1.850000000000000089e+00,-5.654016305636307485e-03,1.393533986483901970e+02
1.852000000000000091e+00,-5.329317834374463700e-03,1.394088929362517604e+02
1.854000000000000092e+00,-5.029691463019208240e-03,1.394625948301791141e+02
1.856000000000000094e+00,-4.755770283317617073e-03,1.395152017754559211e+02
1.858000000000000096e+00,-4.508230240779555371e-03,1.395674344806329259e+02
1.860000000000000098e+00,-4.287894793181176549e-03,1.396200606495355601e+02
1.862000000000000099e+00,-4.095844226771869906e-03,1.396739220491908782e+02
1.864000000000000101e+00,-3.933537473848118700e-03,1.397299667231295359e+02
1.866000000000000103e+00,-3.802955392327693560e-03,1.397892885766671895e+02
1.868000000000000105e+00,-3.706776073356279552e-03,1.398531771094304190e+02
1.870000000000000107e+00,-3.648594530382191087e-03,1.399231806954432216e+02
1.872000000000000108e+00,-3.633200180866234374e-03,1.400011873198819785e+02
1.874000000000000110e+00,-3.666923483576947033e-03,1.400895265446823430e+02
1.876000000000000112e+00,-3.758052221013109297e-03,1.401910943874366353e+02
1.878000000000000114e+00,-3.917285287426758994e-03,1.403094957670844565e+02
1.880000000000000115e+00,-4.158110234107985186e-03,1.404491808205928294e+02
1.882000000000000117e+00,-4.496809178937168951e-03,1.406155095741522416e+02
1.884000000000000119e+00,-4.951442106833309036e-03,1.408145958638672255e+02
1.886000000000000121e+00,-5.538598565594311449e-03,1.410526457184516858e+02
1.888000000000000123e+00,-6.266249854214135835e-03,1.413343776580238682e+02
1.890000000000000124e+00,-7.121921388875975499e-03,1.416602638337257645e+02
1.892000000000000126e+00,-8.059871708838286380e-03,1.420232772833312254e+02
1.894000000000000128e+00,-8.998407787709701219e-03,1.424075329102825549e+02
1.896000000000000130e+00,-9.838581930947885509e-03,1.427915116662992148e+02
1.898000000000000131e+00,-1.049787978970989459e-02,1.431549993131306735e+02
1.900000000000000133e+00,-1.093478247898392250e-02,1.434848374734074810e+02
1.902000000000000135e+00,-1.114961979227324998e-02,1.437760671548293772e+02
1.904000000000000137e+00,-1.116966132415283218e-02,1.440296327160597230e+02
1.906000000000000139e+00,-1.103289316668407301e-02,1.442494452262566256e+02
1.908000000000000140e+00,-1.077745344032541089e-02,1.444403104695423394e+02
1.910000000000000142e+00,-1.043674275273354275e-02,1.446068595552597458e+02
1.912000000000000144e+00,-1.003803959770727811e-02,1.447531373064168463e+02
1.914000000000000146e+00,-9.602774535391758390e-03,1.448825234226408156e+02
1.916000000000000147e+00,-9.147400795017437275e-03,1.449977909144406283e+02
1.918000000000000149e+00,-8.684363101709245691e-03,1.451012059184110683e+02
1.919999999999999929e+00,-8.222970459922960412e-03,1.451946284270807439e+02
1.921999999999999931e+00,-7.770119035108157511e-03,1.452795999054508513e+02
1.923999999999999932e+00,-7.330868207469700207e-03,1.453574150572449071e+02
1.925999999999999934e+00,-6.908891801640362935e-03,1.454291792365504818e+02
1.927999999999999936e+00,-6.506829714233441052e-03,1.454958542091619620e+02
1.929999999999999938e+00,-6.126562710024156116e-03,1.455582950028061475e+02
1.931999999999999940e+00,-5.769429255729878643e-03,1.456172802451913242e+02
1.933999999999999941e+00,-5.436399527888140064e-03,1.456735379966676192e+02
1.935999999999999943e+00,-5.128218690935746477e-03,1.457277687590051016e+02
1.937999999999999945e+00,-4.845529287462637356e-03,1.457806671197853063e+02
1.939999999999999947e+00,-4.588981067059133209e-03,1.458329433804477446e+02
1.941999999999999948e+00,-4.359335731017188395e-03,1.458853465159040752e+02
1.943999999999999950e+00,-4.157573834154040457e-03,1.459386899280686407e+02
1.945999999999999952e+00,-3.985011437000713502e-03,1.459938816928062408e+02
1.947999999999999954e+00,-3.843435029885864263e-03,1.460519613702648201e+02
1.949999999999999956e+00,-3.735264708580516169e-03,1.461141459552279116e+02
1.951999999999999957e+00,-3.663757367250548239e-03,1.461818881553587630e+02
1.953999999999999959e+00,-3.633263145995806447e-03,1.462569507697469646e+02
1.955999999999999961e+00,-3.649547790476465482e-03,1.463415011160250003e+02
1.957999999999999963e+00,-3.720186669888739858e-03,1.464382282510350137e+02
1.959999999999999964e+00,-3.855013076139350483e-03,1.465504808705958624e+02
1.961999999999999966e+00,-4.066542723148366956e-03,1.466824102749877738e+02
1.963999999999999968e+00,-4.370156049491999081e-03,1.468390707098043606e+02
1.965999999999999970e+00,-4.783531564700484011e-03,1.470263621087549950e+02
1.967999999999999972e+00,-5.324326422991527974e-03,1.472505811661156088e+02
1.969999999999999973e+00,-6.004530715974388394e-03,1.475171999886826768e+02
1.971999999999999975e+00,-6.820130521900262359e-03,1.478284988749915101e+02
1.973999999999999977e+00,-7.737747519809172816e-03,1.481803018001332077e+02
1.975999999999999979e+00,-8.686938570373586854e-03,1.485596220126826097e+02
1.977999999999999980e+00,-9.571158147100621363e-03,1.489461771413357383e+02
1.979999999999999982e+00,-1.029859898651389397e-02,1.493184945742845855e+02
1.981999999999999984e+00,-1.081257158093427290e-02,1.496606547467556823e+02
1.983999999999999986e+00,-1.110045983374513545e-02,1.499650710185937612e+02
1.985999999999999988e+00,-1.118240673564410009e-02,1.502310360100557034e+02
1.987999999999999989e+00,-1.109428298820163555e-02,1.504617442948207895e+02
1.989999999999999991e+00,-1.087496530917804287e-02,1.506618629508745926e+02
1.991999999999999993e+00,-1.055974109087192206e-02,1.508361531710788768e+02
1.993999999999999995e+00,-1.017798312436417676e-02,1.509888782914516128e+02
1.995999999999999996e+00,-9.753018328651143209e-03,1.511236406157787258e+02
1.997999999999999998e+00,-9.302874313905352271e-03,1.512434080929781146e+02
2.000000000000000000e+00,-8.841247527710181103e-03,1.513506066620877846e+02
2.002000000000000224e+00,-8.378419228802761257e-03,1.514472231408478820e+02
2.004000000000000004e+00,-7.922030481878186703e-03,1.515348979462157786e+02
2.006000000000000227e+00,-7.477705898633219342e-03,1.516150021778754535e+02
2.008000000000000007e+00,-7.049544256299749255e-03,1.516886996080414463e+02
2.010000000000000231e+00,-6.640501097167069572e-03,1.517569960669209763e+02
2.012000000000000011e+00,-6.252687206885346356e-03,1.518207790193750384e+02
2.014000000000000234e+00,-5.887603190112404052e-03,1.518808498627865049e+02
2.016000000000000014e+00,-5.546326478351760840e-03,1.519379510815615220e+02
2.018000000000000238e+00,-5.229663806729899743e-03,1.519927900391450066e+02
2.020000000000000018e+00,-4.938279678076209177e-03,1.520460609298747556e+02
2.022000000000000242e+00,-4.672809575453662143e-03,1.520984662640019565e+02
2.024000000000000021e+00,-4.433965617005599172e-03,1.521507392212714080e+02
2.026000000000000245e+00,-4.222641907683773697e-03,1.522036682834621502e+02
2.028000000000000025e+00,-4.040026996874329993e-03,1.522581257507439148e+02
2.030000000000000249e+00,-3.887731586149423442e-03,1.523151020710241426e+02
2.032000000000000028e+00,-3.767940921338198447e-03,1.523757483730178137e+02
2.034000000000000252e+00,-3.683603019409148471e-03,1.524414301773393561e+02
2.036000000000000032e+00,-3.638665578565922730e-03,1.525137958791294182e+02
2.038000000000000256e+00,-3.638374843055877921e-03,1.525948639789930326e+02
2.040000000000000036e+00,-3.689645662526803895e-03,1.526871324710223519e+02
2.042000000000000259e+00,-3.801496003582971722e-03,1.527937105580782884e+02
2.044000000000000039e+00,-3.985494640065981135e-03,1.529184630995243026e+02
2.046000000000000263e+00,-4.256063755004083592e-03,1.530661339289050602e+02
2.048000000000000043e+00,-4.630248760839629149e-03,1.532423610143636665e+02
2.049999999999999822e+00,-5.126142704533789146e-03,1.534533957102229635e+02
2.052000000000000046e+00,-5.758562901761710498e-03,1.537051919568849598e+02
2.053999999999999826e+00,-6.530352942522762646e-03,1.540014493699398201e+02
2.056000000000000050e+00,-7.419485024635146322e-03,1.543405439380408950e+02
2.057999999999999829e+00,-8.367991890697767249e-03,1.547125501969627237e+02
2.060000000000000053e+00,-9.285462722794009943e-03,1.550991605419908410e+02
2.061999999999999833e+00,-1.007448593030827420e-02,1.554784622029986281e+02
2.064000000000000057e+00,-1.066419975508160582e-02,1.558320920187364038e+02
2.065999999999999837e+00,-1.102759967844484622e-02,1.561496413993637873e+02
2.068000000000000060e+00,-1.117566634813914328e-02,1.564283923670614342e+02
2.069999999999999840e+00,-1.114069024319910318e-02,1.566705418940897232e+02
2.072000000000000064e+00,-1.096155114772776919e-02,1.568804635503876170e+02
2.073999999999999844e+00,-1.067517535584077033e-02,1.570629840433434197e+02
2.076000000000000068e+00,-1.031302579351934395e-02,1.572225685294015989e+02
2.077999999999999847e+00,-9.900416405654751534e-03,1.573630459627163418e+02
2.080000000000000071e+00,-9.457062104703964703e-03,1.574875902291359466e+02
2.081999999999999851e+00,-8.998016551266396421e-03,1.575987990027589944e+02
2.084000000000000075e+00,-8.534622007210100961e-03,1.576987965770038045e+02
2.085999999999999854e+00,-8.075335660794083839e-03,1.577893311357916843e+02
2.088000000000000078e+00,-7.626403295542460645e-03,1.578718572480115654e+02
2.089999999999999858e+00,-7.192392232662713457e-03,1.579476027329196768e+02
2.092000000000000082e+00,-6.776607655559888088e-03,1.580176219939284579e+02
2.093999999999999861e+00,-6.381417084920642906e-03,1.580828386121293647e+02
2.096000000000000085e+00,-6.008504560524190012e-03,1.581440798479702892e+02
2.097999999999999865e+00,-5.659072134546664842e-03,1.582021053206008503e+02
2.100000000000000089e+00,-5.334002744580626336e-03,1.582576317564470401e+02
2.101999999999999869e+00,-5.033995748601667077e-03,1.583113554047934315e+02
2.104000000000000092e+00,-4.759684396613299631e-03,1.583639735316892825e+02
2.105999999999999872e+00,-4.511743221066775479e-03,1.584162063279370045e+02
2.108000000000000096e+00,-4.290992681678015667e-03,1.584688206032489006e+02
2.109999999999999876e+00,-4.098508355965880742e-03,1.585226567916618023e+02
2.112000000000000099e+00,-3.935742506681187344e-03,1.585786610724626087e+02
2.113999999999999879e+00,-3.804666966043966560e-03,1.586379248259564463e+02
2.116000000000000103e+00,-3.707947876156445638e-03,1.587017341903049044e+02
2.117999999999999883e+00,-3.649164614132599255e-03,1.587716331104802805e+02
2.120000000000000107e+00,-3.633086311402347699e-03,1.588495037836027279e+02
2.121999999999999886e+00,-3.666017405404049020e-03,1.589376682845674509e+02
2.124000000000000110e+00,-3.756212991344750306e-03,1.590390131136190917e+02
2.125999999999999890e+00,-3.914332592613977389e-03,1.591571314865335580e+02
2.128000000000000114e+00,-4.153820400661587149e-03,1.592964600808498119e+02
2.129999999999999893e+00,-4.490920405081071792e-03,1.594623456073350383e+02
2.132000000000000117e+00,-4.943682378351322952e-03,1.596608937508372037e+02
2.133999999999999897e+00,-5.528758909268038403e-03,1.598983179935336238e+02
2.136000000000000121e+00,-6.254327318943713084e-03,1.601793766911917487e+02
2.137999999999999901e+00,-7.108321945155073041e-03,1.605046305328110066e+02
2.140000000000000124e+00,-8.045563349513848786e-03,1.608671838134868892e+02
2.141999999999999904e+00,-8.984817725580145423e-03,1.612512735177300556e+02
2.144000000000000128e+00,-9.827158347950112199e-03,1.616354180395394735e+02
2.145999999999999908e+00,-1.048959009494886997e-02,1.619993315706279873e+02
2.148000000000000131e+00,-1.092991477499413201e-02,1.623297294843087002e+02
2.149999999999999911e+00,-1.114792540471393721e-02,1.626215419375717204e+02
2.152000000000000135e+00,-1.117061753330654029e-02,1.628756476251783170e+02
2.153999999999999915e+00,-1.103591090105404508e-02,1.630959312141980035e+02
2.156000000000000139e+00,-1.078198910346274582e-02,1.632871951063564211e+02
2.157999999999999918e+00,-1.044234006647500046e-02,1.634540772466855856e+02
2.160000000000000142e+00,-1.004433452176028800e-02,1.636006323577938701e+02
2.161999999999999922e+00,-9.609484947614420694e-03,1.637302498670899240e+02
2.164000000000000146e+00,-9.154311951793324756e-03,1.638457111790771989e+02
2.165999999999999925e+00,-8.691313567267057102e-03,1.639492892630536289e+02
2.168000000000000149e+00,-8.229840090210948506e-03,1.640428495147218939e+02
2.169999999999999929e+00,-7.776819266147379228e-03,1.641279376062196036e+02
2.172000000000000153e+00,-7.337334403355457585e-03,1.642058514844927970e+02
2.173999999999999932e+00,-6.915077285790804593e-03,1.642776989791824747e+02
2.176000000000000156e+00,-6.512701116737482608e-03,1.643444437178035855e+02
2.177999999999999936e+00,-6.132096317669723066e-03,1.644069420908600989e+02
2.180000000000000160e+00,-5.774608110752416437e-03,1.644659736717894987e+02
2.181999999999999940e+00,-5.441211072902647078e-03,1.645222671040663442e+02
2.184000000000000163e+00,-5.132652797266561498e-03,1.645765231411255058e+02
2.185999999999999943e+00,-4.849576532247622251e-03,1.646294363011153052e+02
2.188000000000000167e+00,-4.592631142138358172e-03,1.646817164853743805e+02
2.189999999999999947e+00,-4.362575874725514724e-03,1.647341119077149756e+02
2.192000000000000171e+00,-4.160387176298323796e-03,1.647874347942646693e+02
2.193999999999999950e+00,-3.987375137735566476e-03,1.648425915488533349e+02
2.196000000000000174e+00,-3.845318075146767194e-03,1.649006194473345204e+02
2.197999999999999954e+00,-3.736625199603520707e-03,1.649627324289535011e+02
2.200000000000000178e+00,-3.664539114749348556e-03,1.650303791631330341e+02
2.201999999999999957e+00,-3.633391366170668144e-03,1.651053171568944151e+02
2.204000000000000181e+00,-3.648923739925022825e-03,1.651897068551753875e+02
2.205999999999999961e+00,-3.718681244735953448e-03,1.652862285159385181e+02
2.208000000000000185e+00,-3.852459951120505623e-03,1.653982198649896986e+02
2.209999999999999964e+00,-4.062732966284178862e-03,1.655298192238128081e+02
2.212000000000000188e+00,-4.364839146474527518e-03,1.656860671117655386e+02
2.213999999999999968e+00,-4.776433584944515635e-03,1.658728527149527281e+02
2.216000000000000192e+00,-5.315204917853404848e-03,1.660964733129953004e+02
2.217999999999999972e+00,-5.993292300302295941e-03,1.663624277524332058e+02
2.220000000000000195e+00,-6.807019424463897281e-03,1.666730673268347402e+02
2.221999999999999975e+00,-7.723535946079555965e-03,1.670243361070473895e+02
2.224000000000000199e+00,-8.672932737741683232e-03,1.674033810875445170e+02
2.225999999999999979e+00,-9.558861178412564330e-03,1.677899928320252911e+02
2.228000000000000203e+00,-1.028918322922612455e-02,1.681626612141935766e+02
2.229999999999999982e+00,-1.080655248381326428e-02,1.685053501202288544e+02
2.232000000000000206e+00,-1.109774189083387146e-02,1.688103510887304139e+02
2.233999999999999986e+00,-1.118253198467559183e-02,1.690768752214790140e+02
2.236000000000000210e+00,-1.109666774785742112e-02,1.693080791502237332e+02
2.237999999999999989e+00,-1.087904318200042485e-02,1.695086205073386623e+02
2.240000000000000213e+00,-1.056502443709100847e-02,1.696832649237961732e+02
2.241999999999999993e+00,-1.018407740388614299e-02,1.698362851120835444e+02
2.244000000000000217e+00,-9.759615261910761438e-03,1.699712933649489059e+02
2.245999999999999996e+00,-9.309738012244654637e-03,1.700912665324715647e+02
2.248000000000000220e+00,-8.848199980364153741e-03,1.701986379102920637e+02
2.250000000000000000e+00,-8.385327521047186011e-03,1.702954001787826996e+02
2.252000000000000224e+00,-7.928796317122495038e-03,1.703831983395034513e+02
2.254000000000000004e+00,-7.484257289481050478e-03,1.704634070374269754e+02
2.256000000000000227e+00,-7.055829029371996595e-03,1.705371927607321254e+02
2.258000000000000007e+00,-6.646481833280586116e-03,1.706055633943387306e+02
2.260000000000000231e+00,-6.258337283140934411e-03,1.706694079240044744e+02
2.262000000000000011e+00,-5.892903650335677354e-03,1.707295288265785871e+02
2.264000000000000234e+00,-5.551263513190367663e-03,1.707866692876910406e+02
2.266000000000000014e+00,-5.234226668513653966e-03,1.708415370324308640e+02
2.268000000000000238e+00,-4.942458887522236527e-03,1.708948262944153953e+02
2.270000000000000018e+00,-4.676595298371733975e-03,1.709472392979921835e+02
2.272000000000000242e+00,-4.437346100398058789e-03,1.709995085887126152e+02
2.274000000000000021e+00,-4.225601866789671993e-03,1.710524216204920549e+02
2.276000000000000245e+00,-4.042545838077240238e-03,1.711068492004671668e+02
2.278000000000000025e+00,-3.889781335424368977e-03,1.711637797148520121e+02
2.280000000000000249e+00,-3.769483704861128354e-03,1.712243615186139891e+02
2.282000000000000028e+00,-3.684587915591244333e-03,1.712899564538906247e+02
2.284000000000000252e+00,-3.639024639984872640e-03,1.713622080820721294e+02
2.286000000000000032e+00,-3.638018101659932016e-03,1.714431286049578205e+02
2.288000000000000256e+00,-3.688455053354573569e-03,1.715352079058104096e+02
2.290000000000000036e+00,-3.799318534741180035e-03,1.716415449637126756e+02
2.292000000000000259e+00,-3.982136151817243508e-03,1.717659922730034623e+02
2.294000000000000039e+00,-4.251286934535932968e-03,1.719132799376504295e+02
2.296000000000000263e+00,-4.623783804328463441e-03,1.720890335179111901e+02
2.298000000000000043e+00,-5.117727006203224432e-03,1.722994997976666980e+02
2.300000000000000266e+00,-5.748034728511916547e-03,1.725506485688057410e+02
2.302000000000000046e+00,-6.517818286999197720e-03,1.728462337285286594e+02
2.304000000000000270e+00,-7.405522776052430971e-03,1.731847361990572551e+02
2.306000000000000050e+00,-8.353747353452194505e-03,1.735563667715503016e+02
2.307999999999999829e+00,-9.272429525474933099e-03,1.739429199616468509e+02
2.310000000000000053e+00,-1.006400246155616379e-02,1.743224835744265704e+02
2.311999999999999833e+00,-1.065701596933555859e-02,1.746765967674587614e+02
2.314000000000000057e+00,-1.102380368338517005e-02,1.749947234459206697e+02
2.315999999999999837e+00,-1.117489264357554232e-02,1.752740483748804934e+02
2.318000000000000060e+00,-1.114237671646916769e-02,1.755167171571613665e+02
2.319999999999999840e+00,-1.096511531826598225e-02,1.757270861482718942e+02
2.322000000000000064e+00,-1.068009964468298253e-02,1.759099830866018124e+02
2.323999999999999844e+00,-1.031888426383902047e-02,1.760698815048329209e+02
2.326000000000000068e+00,-9.906872983069267211e-03,1.762106204241542287e+02
2.327999999999999847e+00,-9.463858076489178178e-03,1.763353830923609564e+02
2.330000000000000071e+00,-9.004955864816390626e-03,1.764467750725213477e+02
2.331999999999999851e+00,-8.541557779363714159e-03,1.765469270059547569e+02
2.334000000000000075e+00,-8.082158914431501751e-03,1.766375920663583940e+02
2.335999999999999854e+00,-7.633033951544532410e-03,1.767202286941012517e+02
2.338000000000000078e+00,-7.198772044493257152e-03,1.767960676840328063e+02
2.339999999999999858e+00,-6.782694704012256180e-03,1.768661657018064375e+02
2.342000000000000082e+00,-6.387181481008681258e-03,1.769314480180542546e+02
2.343999999999999861e+00,-6.013925062679395354e-03,1.769927431136208043e+02
2.346000000000000085e+00,-5.664133443962787555e-03,1.770508114313785484e+02
2.347999999999999865e+00,-5.338693290336734079e-03,1.771063701713355840e+02
2.350000000000000089e+00,-5.038305810103197932e-03,1.771601157304480978e+02
2.351999999999999869e+00,-4.763604435529566680e-03,1.772127452004308168e+02
2.354000000000000092e+00,-4.515262309398393979e-03,1.772649782596362513e+02
2.355999999999999872e+00,-4.294096917767955233e-03,1.773175808297013134e+02
2.358000000000000096e+00,-4.101179156589733303e-03,1.773713920188525321e+02
2.359999999999999876e+00,-3.937954650994997079e-03,1.774273561509517094e+02
2.362000000000000099e+00,-3.806386246556917388e-03,1.774865620923706899e+02
2.363999999999999879e+00,-3.709128185294682280e-03,1.775502926339058831e+02
2.366000000000000103e+00,-3.649744269918838921e-03,1.776200873094878716e+02
2.367999999999999883e+00,-3.632983423450352259e-03,1.776978225509837159e+02
2.370000000000000107e+00,-3.665124155850395162e-03,1.777858129743196400e+02
2.371999999999999886e+00,-3.754388978909294333e-03,1.778869355947622353e+02
2.374000000000000110e+00,-3.911398135662951317e-03,1.780047719567731690e+02
2.375999999999999890e+00,-4.149552472579998499e-03,1.781437452960405494e+02
2.378000000000000114e+00,-4.485057649826609816e-03,1.783091889791729443e+02
2.379999999999999893e+00,-4.935952541213580423e-03,1.785072004016067240e+02
2.382000000000000117e+00,-5.518951209931586242e-03,1.787440001546854376e+02
2.383999999999999897e+00,-6.242434298950281894e-03,1.790243858037939049e+02
2.386000000000000121e+00,-7.094741953191877754e-03,1.793490057964023094e+02
2.387999999999999901e+00,-8.031255822833427427e-03,1.797110953041803327e+02
2.390000000000000124e+00,-8.971205550417239022e-03,1.800950141114871315e+02
2.391999999999999904e+00,-9.815693483768659147e-03,1.804793197195029393e+02
2.394000000000000128e+00,-1.048124963937444032e-02,1.808436561302848986e+02
2.395999999999999908e+00,-1.092499658316259045e-02,1.811746127084037710e+02
2.398000000000000131e+00,-1.114618691951421194e-02,1.814670081897910450e+02
2.399999999999999911e+00,-1.117153836719635661e-02,1.817216549161444732e+02
2.402000000000000135e+00,-1.103890193088425016e-02,1.819424106828533638e+02
2.403999999999999915e+00,-1.078650561246875111e-02,1.821340742735553704e+02
2.406000000000000139e+00,-1.044792437196160120e-02,1.823012903811121248e+02
2.407999999999999918e+00,-1.005062125645402385e-02,1.824481236128609396e+02
2.410000000000000142e+00,-9.616190865931540169e-03,1.825779731385669606e+02
2.411999999999999922e+00,-9.161221407884679799e-03,1.826936287798141905e+02
2.414000000000000146e+00,-8.698264420640644534e-03,1.827973703615108150e+02
2.415999999999999925e+00,-8.236711654990513942e-03,1.828910687023200410e+02
2.418000000000000149e+00,-7.783522566050963230e-03,1.829762736976681481e+02
2.419999999999999929e+00,-7.343804491511586423e-03,1.830542865506212706e+02
2.422000000000000153e+00,-6.921267253566123004e-03,1.831262175766440805e+02
2.423999999999999932e+00,-6.518577423819226467e-03,1.831930322732372360e+02
2.426000000000000156e+00,-6.137635129076243409e-03,1.832555884004831910e+02
2.427999999999999936e+00,-5.779792385966754827e-03,1.833146664833369357e+02
2.430000000000000160e+00,-5.446028203900830575e-03,1.833709957535501474e+02
2.431999999999999940e+00,-5.137092632150445058e-03,1.834252772210656985e+02
2.434000000000000163e+00,-4.853629649514011081e-03,1.834782053394338845e+02
2.435999999999999943e+00,-4.596287258405641618e-03,1.835304896150202296e+02
2.438000000000000167e+00,-4.365822276979242599e-03,1.835828775062836655e+02
2.439999999999999947e+00,-4.163207069017026835e-03,1.836361800703085407e+02
2.442000000000000171e+00,-3.989745785815152802e-03,1.836913020470910567e+02
2.443999999999999950e+00,-3.847208605614164684e-03,1.837492784384254776e+02
2.446000000000000174e+00,-3.737993900058217845e-03,1.838113201410015733e+02
2.447999999999999954e+00,-3.665330039467792813e-03,1.838788718025849107e+02
2.450000000000000178e+00,-3.633530047001056959e-03,1.839536856592234244e+02
2.451999999999999957e+00,-3.648311837690901022e-03,1.840379153094530125e+02
2.454000000000000181e+00,-3.717190161720645546e-03,1.841342322435470749e+02
2.455999999999999961e+00,-3.849923967655815606e-03,1.842459632502705631e+02
2.458000000000000185e+00,-4.058943807224345279e-03,1.843772336971412074e+02
2.459999999999999964e+00,-4.359546848993595645e-03,1.845330703694630756e+02
2.462000000000000188e+00,-4.769364287395598534e-03,1.847193516140221448e+02
2.463999999999999968e+00,-5.306115018043976173e-03,1.849423750330419125e+02
2.466000000000000192e+00,-5.982084935007217844e-03,1.852076656833545485e+02
2.467999999999999972e+00,-6.793932180311404619e-03,1.855176450878022649e+02
2.470000000000000195e+00,-7.709332321634561162e-03,1.858683768103105365e+02
2.471999999999999975e+00,-8.658912558397043394e-03,1.862471418901037623e+02
2.474000000000000199e+00,-9.546528510261116651e-03,1.866338052732858444e+02
2.475999999999999979e+00,-1.027971871414828584e-02,1.870068209463709934e+02
2.478000000000000203e+00,-1.080048190895461883e-02,1.873500368880250733e+02
2.479999999999999982e+00,-1.109497726216208610e-02,1.876556224369642507e+02
2.482000000000000206e+00,-1.118261882612146471e-02,1.879227064672702454e+02
2.483999999999999986e+00,-1.109902296287806206e-02,1.881544071122560524e+02
2.486000000000000210e+00,-1.088309949989838855e-02,1.883553722521027680e+02
2.487999999999999989e+00,-1.057029285232100914e-02,1.885303718279207033e+02
2.490000000000000213e+00,-1.019016200060730154e-02,1.886836878954507597e+02
2.491999999999999993e+00,-9.766206562738594804e-03,1.888189427442405872e+02
2.494000000000000217e+00,-9.316599152920938126e-03,1.889391221471483391e+02
2.495999999999999996e+00,-8.855152182280468312e-03,1.890466667799076959e+02
2.498000000000000220e+00,-8.392237276471876950e-03,1.891435752065001736e+02
2.500000000000000000e+00,-7.935564876786862717e-03,1.892314970304527719e+02
2.502000000000000224e+00,-7.490812323526955564e-03,1.893118104559602557e+02
2.504000000000000004e+00,-7.062118107841663592e-03,1.893856846982523052e+02
2.506000000000000227e+00,-6.652467347380941302e-03,1.894541297058397333e+02
2.508000000000000007e+00,-6.263992472980061711e-03,1.895180359926186213e+02
2.510000000000000231e+00,-5.898209464681462323e-03,1.895782071209901574e+02
2.512000000000000011e+00,-5.556206081814127687e-03,1.896353869831373231e+02
2.514000000000000234e+00,-5.238795211651525383e-03,1.896902836707068047e+02
2.516000000000000014e+00,-4.946643919145160724e-03,1.897435914614000581e+02
2.518000000000000238e+00,-4.680387001174213767e-03,1.897960122986552847e+02
2.520000000000000018e+00,-4.440732761803863234e-03,1.898482780993280699e+02
2.522000000000000242e+00,-4.228568267552969620e-03,1.899011752958293755e+02
2.524000000000000021e+00,-4.045071478566098118e-03,1.899555732099127283e+02
2.526000000000000245e+00,-3.891838369548754773e-03,1.900124581755733004e+02
2.528000000000000025e+00,-3.771034428664157487e-03,1.900729757859949416e+02
2.530000000000000249e+00,-3.685581630166562435e-03,1.901384842201012759e+02
2.532000000000000028e+00,-3.639393687350927359e-03,1.902106222250027656e+02
2.534000000000000252e+00,-3.637672886211950826e-03,1.902913957281878083e+02
2.536000000000000032e+00,-3.687277980890498689e-03,1.903832865317754681e+02
2.538000000000000256e+00,-3.797157187534921843e-03,1.904893834240935462e+02
2.540000000000000036e+00,-3.978797019949876015e-03,1.906135265638416740e+02
2.542000000000000259e+00,-4.246533320600534220e-03,1.907604323327535951e+02
2.544000000000000039e+00,-4.617346198705170844e-03,1.909357138278097636e+02
2.546000000000000263e+00,-5.109342172499625051e-03,1.911456130692450017e+02
2.548000000000000043e+00,-5.737538373502488846e-03,1.913961152686058540e+02
2.550000000000000266e+00,-6.505310849905716376e-03,1.916910278975661868e+02
2.552000000000000046e+00,-7.391574810880562930e-03,1.920289360797437439e+02
2.554000000000000270e+00,-8.339496343051122293e-03,1.924001867780861517e+02
2.556000000000000050e+00,-9.259367213405363811e-03,1.927866777367430018e+02
2.558000000000000274e+00,-1.005347346626324703e-02,1.931664990620940046e+02
2.560000000000000053e+00,-1.064978058347005804e-02,1.935210932750568134e+02
2.561999999999999833e+00,-1.101995880156542151e-02,1.938397966773007965e+02
2.564000000000000057e+00,-1.117407755312840173e-02,1.941196961034907815e+02
2.565999999999999837e+00,-1.114403069699904450e-02,1.943628851523548633e+02
2.568000000000000060e+00,-1.096865537290936041e-02,1.945737025780398142e+02
2.569999999999999840e+00,-1.068500692090008919e-02,1.947569769719835620e+02
2.572000000000000064e+00,-1.032473142051669977e-02,1.949171901854683426e+02
2.573999999999999844e+00,-9.913322678011616054e-03,1.950581913047973330e+02
2.576000000000000068e+00,-9.470650546032166259e-03,1.951831729585638016e+02
2.577999999999999847e+00,-9.011894221490093088e-03,1.952947486224118165e+02
2.580000000000000071e+00,-8.548494491823007899e-03,1.953950553076191454e+02
2.581999999999999851e+00,-8.088984509047023735e-03,1.954858511962634964e+02
2.584000000000000075e+00,-7.639667972459644220e-03,1.955685986152321902e+02
2.585999999999999854e+00,-7.205155961908136023e-03,1.956445313469450298e+02
2.588000000000000078e+00,-6.788786388267422332e-03,1.957147083288533622e+02
2.589999999999999858e+00,-6.392950889685176767e-03,1.957800565288670498e+02
2.592000000000000082e+00,-6.019350845963347685e-03,1.958414056546557731e+02
2.593999999999999861e+00,-5.669200231319421190e-03,1.958995169783592871e+02
2.596000000000000085e+00,-5.343389469489038396e-03,1.959551081785864994e+02
2.597999999999999865e+00,-5.042621645409504222e-03,1.960088758047734245e+02
2.600000000000000089e+00,-4.767530397639529668e-03,1.960615167791963245e+02
2.601999999999999869e+00,-4.518787502681420598e-03,1.961137502730479980e+02
2.604000000000000092e+00,-4.297207497309627443e-03,1.961663413259137485e+02
2.605999999999999872e+00,-4.103856623017241440e-03,1.962201277273692597e+02
2.608000000000000096e+00,-3.940173899152923931e-03,1.962760519546410762e+02
2.609999999999999876e+00,-3.808113223569038405e-03,1.963352003712058149e+02
2.612000000000000099e+00,-3.710316986989782833e-03,1.963988524345429596e+02
2.613999999999999879e+00,-3.650333479437324440e-03,1.964685432854859357e+02
2.616000000000000103e+00,-3.632891492896617690e-03,1.965461436133745678e+02
2.617999999999999883e+00,-3.664243703481653326e-03,1.966339606031599487e+02
2.620000000000000107e+00,-3.752580143401174333e-03,1.967348618174575279e+02
2.621999999999999886e+00,-3.908481866370284649e-03,1.968524171613417479e+02
2.624000000000000110e+00,-4.145306390648516651e-03,1.969910364466169597e+02
2.625999999999999890e+00,-4.479220850681872937e-03,1.971560396680649490e+02
2.628000000000000114e+00,-4.928252545382465905e-03,1.973535157958479829e+02
2.629999999999999893e+00,-5.509175461858102814e-03,1.975896921900293535e+02
2.632000000000000117e+00,-6.230570880261745818e-03,1.978694050036992564e+02
2.633999999999999897e+00,-7.081181630137056010e-03,1.981933896627876663e+02
2.636000000000000121e+00,-8.016949457602742801e-03,1.985550118229660654e+02
2.637999999999999901e+00,-8.957571599247527577e-03,1.989387547684834772e+02
2.640000000000000124e+00,-9.804187561930261668e-03,1.993232167661189465e+02
2.641999999999999904e+00,-1.047285848662821671e-02,1.996879730222179603e+02
2.644000000000000128e+00,-1.092002784357390920e-02,2.000194871502275475e+02
2.645999999999999908e+00,-1.114440421570127987e-02,2.003124659012866289e+02
2.648000000000000131e+00,-1.117242369134934313e-02,2.005676545730532325e+02
2.649999999999999911e+00,-1.104186613300692753e-02,2.007888836157480341e+02
2.652000000000000135e+00,-1.079100286440729320e-02,2.009809479563115531e+02
2.653999999999999915e+00,-1.045349558727414786e-02,2.011484989459906387e+02
2.656000000000000139e+00,-1.005689973839726109e-02,2.012956110612791463e+02
2.657999999999999918e+00,-9.622892242134488752e-03,2.014256932286283757e+02
2.660000000000000142e+00,-9.168129127070054687e-03,2.015415437097465201e+02
2.661999999999999922e+00,-8.705215634884159656e-03,2.016454492080920886e+02
2.664000000000000146e+00,-8.243585134405076800e-03,2.017392859851299249e+02
2.665999999999999925e+00,-7.790228920333075978e-03,2.018246081757794741e+02
2.668000000000000149e+00,-7.350278461482414802e-03,2.019027202521693880e+02
2.669999999999999929e+00,-6.927461697497510479e-03,2.019747350258926986e+02
2.672000000000000153e+00,-6.524458630177333400e-03,2.020416198727267840e+02
2.673999999999999932e+00,-6.143179140459853298e-03,2.021042339291522012e+02
2.676000000000000156e+00,-5.784982078577881326e-03,2.021633586774421474e+02
2.677999999999999936e+00,-5.450850918635175880e-03,2.022197239427849809e+02
2.680000000000000160e+00,-5.141538193501112020e-03,2.022740309964773076e+02
2.681999999999999940e+00,-4.857688636981335496e-03,2.023269742323043943e+02
2.684000000000000163e+00,-4.599949413035446869e-03,2.023792627667797603e+02
2.685999999999999943e+00,-4.369074934038663822e-03,2.024316433087433609e+02
2.688000000000000167e+00,-4.166033507240975327e-03,2.024849257529613453e+02
2.689999999999999947e+00,-3.992123374349992176e-03,2.025400131837721744e+02
2.692000000000000171e+00,-3.849106611974298636e-03,2.025979383391102999e+02
2.693999999999999950e+00,-3.739370797447652724e-03,2.026599090860456442e+02
2.696000000000000174e+00,-3.666130124764894679e-03,2.027273660672091751e+02
2.697999999999999954e+00,-3.633679166499902309e-03,2.028020562686962194e+02
2.700000000000000178e+00,-3.647712054996058492e-03,2.028861264688543429e+02
2.701999999999999957e+00,-3.715713383698766598e-03,2.029822394213969403e+02
2.704000000000000181e+00,-3.847405078929964483e-03,2.030937110110425294e+02
2.705999999999999961e+00,-4.055175189487151069e-03,2.032246536764259588e+02
2.708000000000000185e+00,-4.354279094537050893e-03,2.033800804617645781e+02
2.709999999999999964e+00,-4.762323615151000181e-03,2.035658587846235150e+02
2.712000000000000188e+00,-5.297056698130409892e-03,2.037882863104298679e+02
2.713999999999999968e+00,-5.970908669399446062e-03,2.040529137812264935e+02
2.716000000000000192e+00,-6.780868960313894168e-03,2.043622321851613037e+02
2.717999999999999972e+00,-7.695136945276789993e-03,2.047124239689053979e+02
2.720000000000000195e+00,-8.644878381604059053e-03,2.050909044972159165e+02
2.721999999999999975e+00,-9.534160414760238164e-03,2.054776145332022850e+02
2.724000000000000199e+00,-1.027020555811449659e-02,2.058509738112370258e+02
2.725999999999999979e+00,-1.079435983133148098e-02,2.061947150622079050e+02
2.728000000000000203e+00,-1.109216584092537899e-02,2.065008850568839307e+02
2.729999999999999982e+00,-1.118266712625028310e-02,2.067685297326920875e+02
2.732000000000000206e+00,-1.110134850466212852e-02,2.070007281642726582e+02
2.733999999999999986e+00,-1.088713415272751610e-02,2.072021181696553924e+02
2.736000000000000210e+00,-1.057554624771625366e-02,2.073774738701183367e+02
2.737999999999999989e+00,-1.019623684523049759e-02,2.075310866304954516e+02
2.740000000000000213e+00,-9.772792178165725860e-03,2.076665887446092142e+02
2.741999999999999993e+00,-9.323457695987831875e-03,2.077869749296213513e+02
2.744000000000000217e+00,-8.862104103645237346e-03,2.078946932648661061e+02
2.745999999999999996e+00,-8.399148473036327500e-03,2.079917482189617033e+02
2.748000000000000220e+00,-7.942336144735585857e-03,2.080797940148214877e+02
2.750000000000000000e+00,-7.497370989082382566e-03,2.081602124298429715e+02
2.752000000000000224e+00,-7.068411483331081026e-03,2.082341754174313166e+02
2.754000000000000004e+00,-6.658457633514185126e-03,2.083026949985950864e+02
2.756000000000000227e+00,-6.269652772169826034e-03,2.083666632226314164e+02
2.758000000000000007e+00,-5.903520630073644943e-03,2.084268847435933196e+02
2.760000000000000231e+00,-5.561154181835781252e-03,2.084841041655546690e+02
2.762000000000000011e+00,-5.243369434043990314e-03,2.085390299516370192e+02
2.764000000000000234e+00,-4.950834770769307197e-03,2.085923564284302643e+02
2.766000000000000014e+00,-4.684184681260235815e-03,2.086447852634521496e+02
2.768000000000000238e+00,-4.444125597836299721e-03,2.086970477503504071e+02
2.770000000000000018e+00,-4.231541105405223734e-03,2.087499293063746393e+02
2.772000000000000242e+00,-4.047603912128682792e-03,2.088042977755224854e+02
2.774000000000000021e+00,-3.893902680105878599e-03,2.088611374490125456e+02
2.776000000000000245e+00,-3.772593081424162852e-03,2.089215911701662094e+02
2.778000000000000025e+00,-3.686584148018091835e-03,2.089870134699002051e+02
2.780000000000000249e+00,-3.639772700635938042e-03,2.090590383004464456e+02
2.782000000000000028e+00,-3.637339170405314709e-03,2.091396653393973111e+02
2.784000000000000252e+00,-3.686114410993602316e-03,2.092313683373426727e+02
2.786000000000000032e+00,-3.795011918517520334e-03,2.093372259248610305e+02
2.788000000000000256e+00,-3.975477191093983349e-03,2.094610659545491558e+02
2.790000000000000036e+00,-4.241802851938349106e-03,2.096075910938084235e+02
2.792000000000000259e+00,-4.610935883117614660e-03,2.097824019223503740e+02
2.794000000000000039e+00,-5.100988163326960340e-03,2.099917355063547006e+02
2.796000000000000263e+00,-5.727073855080765802e-03,2.102415920494200634e+02
2.798000000000000043e+00,-6.492830757042547356e-03,2.105358318938943398e+02
2.800000000000000266e+00,-7.377641388764501380e-03,2.108731436288842644e+02
2.802000000000000046e+00,-8.325239205344956220e-03,2.112440102900856118e+02
2.804000000000000270e+00,-9.246276097957063789e-03,2.116304339412589002e+02
2.806000000000000050e+00,-1.004289911649575151e-02,2.120105087167335114e+02
2.808000000000000274e+00,-1.064249361469899249e-02,2.123655815623491776e+02
2.810000000000000053e+00,-1.101606494674931165e-02,2.126848610920719125e+02
2.812000000000000277e+00,-1.117322094742162486e-02,2.129653355400494377e+02
2.814000000000000057e+00,-1.114565205220373681e-02,2.132090458631891181e+02
2.815999999999999837e+00,-1.097217119458079003e-02,2.134203128236058262e+02
2.818000000000000060e+00,-1.068989708849536757e-02,2.136039656853751580e+02
2.819999999999999840e+00,-1.033056718797065003e-02,2.137644945594986154e+02
2.822000000000000064e+00,-9.919765432371477690e-03,2.139057585949581437e+02
2.823999999999999844e+00,-9.477439469331040006e-03,2.140309598198362266e+02
2.826000000000000068e+00,-9.018831588337267516e-03,2.141427196459505353e+02
2.827999999999999847e+00,-8.555432120151031453e-03,2.142431814766384264e+02
2.830000000000000071e+00,-8.095812426690100760e-03,2.143341085210180665e+02
2.831999999999999851e+00,-7.646305345237531213e-03,2.144169670075837359e+02
2.834000000000000075e+00,-7.211543975520871494e-03,2.144929937183438824e+02
2.835999999999999854e+00,-6.794882701639350271e-03,2.145632498721365096e+02
2.838000000000000078e+00,-6.398725306204977245e-03,2.146286641419095815e+02
2.839999999999999858e+00,-6.024781906966160915e-03,2.146900674686026207e+02
2.842000000000000082e+00,-5.674272494044609212e-03,2.147482219591777834e+02
2.843999999999999861e+00,-5.348091279883705751e-03,2.148038457758687230e+02
2.846000000000000085e+00,-5.046943252410658262e-03,2.148576356254004907e+02
2.847999999999999865e+00,-4.771462280526372716e-03,2.149102882655035671e+02
2.850000000000000089e+00,-4.522318797837652712e-03,2.149625223654928163e+02
2.851999999999999869e+00,-4.300324416182981641e-03,2.150151020889120161e+02
2.854000000000000092e+00,-4.106540749650196623e-03,2.150688639138251119e+02
2.855999999999999872e+00,-3.942400243555806150e-03,2.151247484795843263e+02
2.858000000000000096e+00,-3.809847886830356432e-03,2.151838396577703918e+02
2.859999999999999876e+00,-3.711514267521967645e-03,2.152474135865424500e+02
2.862000000000000099e+00,-3.650932224462988956e-03,2.153170010315161562e+02
2.863999999999999879e+00,-3.632810495727482273e-03,2.153944669621529897e+02
2.866000000000000103e+00,-3.663376016987018868e-03,2.154821111603449140e+02
2.867999999999999883e+00,-3.750786444658990929e-03,2.155827917683390638e+02
2.870000000000000107e+00,-3.905583734683031223e-03,2.157000670838251040e+02
2.871999999999999886e+00,-4.141082095762796053e-03,2.158383335130729108e+02
2.874000000000000110e+00,-4.473409945121881170e-03,2.160028976524236839e+02
2.875999999999999890e+00,-4.920582340445203012e-03,2.161998399131720419e+02
2.878000000000000114e+00,-5.499431658333002633e-03,2.164353940874854345e+02
2.879999999999999893e+00,-6.218737147163695515e-03,2.167144342983879994e+02
2.882000000000000117e+00,-7.067641191104255191e-03,2.170377821697620391e+02
2.883999999999999897e+00,-8.002644581539443067e-03,2.173989334370638176e+02
2.886000000000000121e+00,-8.943916209967222100e-03,2.177824955657153794e+02
2.887999999999999901e+00,-9.792640808256720258e-03,2.181671092397151313e+02
2.890000000000000124e+00,-1.046441670262562851e-02,2.185322822769913955e+02
2.891999999999999904e+00,-1.091500849769980533e-02,2.188643528146201902e+02
2.894000000000000128e+00,-1.114257717280765607e-02,2.191579150620023597e+02
2.895999999999999908e+00,-1.117327337126105928e-02,2.194136465800374935e+02
2.898000000000000131e+00,-1.104480338398995329e-02,2.196353499963937850e+02
2.899999999999999911e+00,-1.079548075602079250e-02,2.198278161397650479e+02
2.902000000000000135e+00,-1.045905363019242022e-02,2.199957029287376429e+02
2.903999999999999915e+00,-1.006316990394565299e-02,2.201430946926782610e+02
2.906000000000000139e+00,-9.629589027811344404e-03,2.202734101288048976e+02
2.907999999999999918e+00,-9.175035072970075950e-03,2.203894559619483573e+02
2.910000000000000142e+00,-8.712167182929811751e-03,2.204935257970908253e+02
2.911999999999999922e+00,-8.250460508506168855e-03,2.205875013583935242e+02
2.914000000000000146e+00,-7.796938314438072587e-03,2.206729410365269928e+02
2.915999999999999925e+00,-7.356756302760884825e-03,2.207511525856688479e+02
2.918000000000000149e+00,-6.933660610077836683e-03,2.208232513238802142e+02
2.919999999999999929e+00,-6.530344730483660098e-03,2.208902065135319788e+02
2.922000000000000153e+00,-6.148728348017882747e-03,2.209528786743410649e+02
2.923999999999999932e+00,-5.790177185779826069e-03,2.210120502517119405e+02
2.926000000000000156e+00,-5.455679214852942466e-03,2.210684516694363424e+02
2.927999999999999936e+00,-5.145989479233224403e-03,2.211227844650125576e+02
2.930000000000000160e+00,-4.861753492374850869e-03,2.211757429772920318e+02
2.931999999999999940e+00,-4.603617603213713307e-03,2.212280359380506241e+02
2.934000000000000163e+00,-4.372333842181303810e-03,2.212804093122319387e+02
2.935999999999999943e+00,-4.168866485925456361e-03,2.213336718389910232e+02
2.938000000000000167e+00,-3.994507896482905711e-03,2.213887249551585796e+02
2.939999999999999947e+00,-3.851012084955963283e-03,2.214465991449736748e+02
2.942000000000000171e+00,-3.740755879330010837e-03,2.215084992587750321e+02
2.943999999999999950e+00,-3.666939354071061669e-03,2.215758619505209879e+02
2.946000000000000174e+00,-3.633838702771572185e-03,2.216504289773015728e+02
2.947999999999999954e+00,-3.647124363177431990e-03,2.217343403234093273e+02
2.950000000000000178e+00,-3.714250873665023676e-03,2.218302500370656389e+02
2.951999999999999957e+00,-3.844903238279766353e-03,2.219414631319569366e+02
2.954000000000000181e+00,-4.051427056725063688e-03,2.220720791431670307e+02
2.955999999999999961e+00,-4.349035820626848819e-03,2.222270973675658183e+02
2.958000000000000185e+00,-4.755311511080410544e-03,2.224123742053897388e+02
2.959999999999999964e+00,-5.288029931931696390e-03,2.226342071291880984e+02
2.962000000000000188e+00,-5.959763551297853588e-03,2.228981720455053619e+02
2.963999999999999968e+00,-6.767829933304317022e-03,2.232068286457019042e+02
2.966000000000000192e+00,-7.680950114246819227e-03,2.235564776413933146e+02
2.967999999999999972e+00,-8.630830556812444168e-03,2.239346689856584192e+02
2.970000000000000195e+00,-9.521757165995689901e-03,2.243214206801764306e+02
2.971999999999999975e+00,-1.026064388039048432e-02,2.246951198496754216e+02
2.974000000000000199e+00,-1.078818622764063893e-02,2.250393846552062485e+02
2.975999999999999979e+00,-1.108930752109013769e-02,2.253461389422739103e+02
2.978000000000000203e+00,-1.118267675144075067e-02,2.256143450030760391e+02
2.979999999999999982e+00,-1.110364424439649542e-02,2.258470422896288881e+02
2.982000000000000206e+00,-1.089114703002590570e-02,2.260488582444581596e+02
2.983999999999999986e+00,-1.058078453411570238e-02,2.262245710370210361e+02
2.986000000000000210e+00,-1.020230186818519950e-02,2.263784813061282648e+02
2.987999999999999989e+00,-9.779372055001312250e-03,2.265142313569833732e+02
2.990000000000000213e+00,-9.330313601323565395e-03,2.266348248724821985e+02
2.991999999999999993e+00,-8.869055714509306576e-03,2.267427173590818654e+02
2.994000000000000217e+00,-8.406061088595498387e-03,2.268399192111158982e+02
2.995999999999999996e+00,-7.949110104754075756e-03,2.269280892883574552e+02
2.998000000000000220e+00,-7.503933274398473519e-03,2.270086129554354955e+02
3.000000000000000000e+00,-7.074709147418136931e-03,2.270826649150929768e+02
3.002000000000000224e+00,-6.664452685693108593e-03,2.271512592697721686e+02
3.004000000000000004e+00,-6.275318176454348744e-03,2.272152896114544944e+02
3.006000000000000227e+00,-5.908837143420275773e-03,2.272755616919590409e+02
3.008000000000000007e+00,-5.566107810859355180e-03,2.273328208325971218e+02
3.010000000000000231e+00,-5.247949333587919457e-03,2.273877758728866922e+02
3.012000000000000011e+00,-4.955031440221543612e-03,2.274411211931096375e+02
3.014000000000000234e+00,-4.687988336036528168e-03,2.274935581898472776e+02
3.016000000000000014e+00,-4.447524605122613918e-03,2.275458175390171505e+02
3.018000000000000238e+00,-4.234520375798082187e-03,2.275986836490351379e+02
3.020000000000000018e+00,-4.050143132581054614e-03,2.276530228937470781e+02
3.022000000000000242e+00,-3.895974258716339549e-03,2.277098175310058252e+02
3.024000000000000021e+00,-3.774159651867667938e-03,2.277702076661484512e+02
3.026000000000000245e+00,-3.687595454093974771e-03,2.278355441972360040e+02
3.028000000000000025e+00,-3.640161659895988812e-03,2.279074563009532426e+02
3.030000000000000249e+00,-3.637016928040682356e-03,2.279879374293327601e+02
3.032000000000000028e+00,-3.684964309654707032e-03,2.280794533109768452e+02
3.034000000000000252e+00,-3.792882684393850210e-03,2.281850724517022968e+02
3.036000000000000032e+00,-3.972176612028813919e-03,2.283086104276861761e+02
3.038000000000000256e+00,-4.237095467377940787e-03,2.284547562004491965e+02
3.040000000000000036e+00,-4.604552796603995045e-03,2.286290977798230131e+02
3.042000000000000259e+00,-5.092664938057391531e-03,2.288378670902981753e+02
3.044000000000000039e+00,-5.716641190371530776e-03,2.290870789041266278e+02
3.046000000000000263e+00,-6.480378132296383230e-03,2.293806457339206872e+02
3.048000000000000043e+00,-7.363722767481739248e-03,2.297173588947935059e+02
3.050000000000000266e+00,-8.310976285697251748e-03,2.300878373808508854e+02
3.052000000000000046e+00,-9.233156491984174929e-03,2.304741886493792435e+02
3.054000000000000270e+00,-1.003227958677505548e-02,2.308545125895305432e+02
3.056000000000000050e+00,-1.063515508227668230e-02,2.312100616505737207e+02
3.058000000000000274e+00,-1.101212203377813226e-02,2.315299166890570461e+02
3.060000000000000053e+00,-1.117232269737207517e-02,2.318109666718216317e+02
3.062000000000000277e+00,-1.114724064936305041e-02,2.320551992732036695e+02
3.064000000000000057e+00,-1.097566266590293584e-02,2.322669168688662467e+02
3.066000000000000281e+00,-1.069477005114628267e-02,2.324509492126320254e+02
3.068000000000000060e+00,-1.033639149032510723e-02,2.326117946150834257e+02
3.070000000000000284e+00,-9.926201187794305228e-03,2.327533222849219214e+02
3.072000000000000064e+00,-9.484224802187461723e-03,2.328787436682481200e+02
3.073999999999999844e+00,-9.025767932254288167e-03,2.329906881366404150e+02
3.076000000000000068e+00,-8.562370639790648982e-03,2.330913055076410672e+02
3.077999999999999847e+00,-8.102642649317932932e-03,2.331823640361234027e+02
3.080000000000000071e+00,-7.652946056756079751e-03,2.332653338673281382e+02
3.081999999999999851e+00,-7.217936075890599677e-03,2.333414547949118116e+02
3.084000000000000075e+00,-6.800983637400026885e-03,2.334117903287196043e+02
3.085999999999999854e+00,-6.404504725792313502e-03,2.334772708545213504e+02
3.088000000000000078e+00,-6.030218242255082697e-03,2.335387285529876920e+02
3.089999999999999858e+00,-5.679350229551503350e-03,2.335969263714686122e+02
3.092000000000000082e+00,-5.352798719357588011e-03,2.336525829608521292e+02
3.093999999999999861e+00,-5.051270628993898698e-03,2.337063951899624499e+02
3.096000000000000085e+00,-4.775400081775444880e-03,2.337590596568735464e+02
3.097999999999999865e+00,-4.525856191797556979e-03,2.338112945342959108e+02
3.100000000000000089e+00,-4.303447670282848497e-03,2.338638631157282362e+02
3.101999999999999869e+00,-4.109231530912831575e-03,2.339176005748412877e+02
3.104000000000000092e+00,-3.944633676635392154e-03,2.339734457218457635e+02
3.105999999999999872e+00,-3.811590226134021781e-03,2.340324799473867756e+02
3.108000000000000096e+00,-3.712720013229207309e-03,2.340959760842486048e+02
3.109999999999999876e+00,-3.651540486846545711e-03,2.341654605406433802e+02
3.112000000000000099e+00,-3.632740408026469570e-03,2.342427925887261608e+02
3.113999999999999879e+00,-3.662521065177620425e-03,2.343302646351680494e+02
3.116000000000000103e+00,-3.749007842666893676e-03,2.344307254340859856e+02
3.117999999999999883e+00,-3.902703690700877991e-03,2.345477217078587842e+02
3.120000000000000107e+00,-4.136879528935463561e-03,2.346856364759480300e+02
3.121999999999999886e+00,-4.467624870597731827e-03,2.348497629106796012e+02
3.124000000000000110e+00,-4.912941875629988318e-03,2.350461727331347674e+02
3.125999999999999890e+00,-5.489719791675076732e-03,2.352811058347786286e+02
3.128000000000000114e+00,-6.206933182226040228e-03,2.355594736949607579e+02
3.129999999999999893e+00,-7.054120849184513167e-03,2.358821833546336393e+02
3.132000000000000117e+00,-7.988341521268215589e-03,2.362428602133613253e+02
3.133999999999999897e+00,-8.930239721328406266e-03,2.366262365802459158e+02
3.136000000000000121e+00,-9.781053450870673752e-03,2.370109972010222634e+02
3.137999999999999901e+00,-1.045592435557490818e-02,2.373765839256243169e+02
3.140000000000000124e+00,-1.090993848841989057e-02,2.377092097067366581e+02
3.141999999999999904e+00,-1.114070567088466801e-02,2.380033556620336412e+02
3.144000000000000128e+00,-1.117408727240089446e-02,2.382596309212745780e+02
3.145999999999999908e+00,-1.104771356013659403e-02,2.384818098082934057e+02
3.148000000000000131e+00,-1.079993918372506786e-02,2.386746788090275970e+02
3.149999999999999911e+00,-1.046459841818898548e-02,2.388429023167377352e+02
3.152000000000000135e+00,-1.006943168919351671e-02,2.389905744966596046e+02
3.153999999999999915e+00,-9.636281174339438732e-03,2.391211238306035511e+02
3.156000000000000139e+00,-9.181939209038356142e-03,2.392373655294753689e+02
3.157999999999999918e+00,-8.719119037580333811e-03,2.393416001227860477e+02
3.160000000000000142e+00,-8.257337757244253423e-03,2.394357148173421592e+02
3.161999999999999922e+00,-7.803650733733016702e-03,2.395212722758759298e+02
3.164000000000000146e+00,-7.363238004779905019e-03,2.395995835476454374e+02
3.165999999999999925e+00,-6.939863983754930923e-03,2.396717664675543062e+02
3.168000000000000149e+00,-6.536235719375674096e-03,2.397387921929099264e+02
3.169999999999999929e+00,-6.154282747923177019e-03,2.398015226335224384e+02
3.172000000000000153e+00,-5.795377704749044706e-03,2.398607412037529230e+02
3.173999999999999932e+00,-5.460513090290863500e-03,2.399171789311703265e+02
3.176000000000000156e+00,-5.150446487256118630e-03,2.399715376243253502e+02
3.177999999999999936e+00,-4.865824213420630491e-03,2.400245115719646947e+02
3.180000000000000160e+00,-4.607291826132660882e-03,2.400768091262345365e+02
3.181999999999999940e+00,-4.375598997697309825e-03,2.401291755138927613e+02
3.184000000000000163e+00,-4.171706000045262257e-03,2.401824183251726197e+02
3.185999999999999943e+00,-3.996899345385242046e-03,2.402374373575216566e+02
3.188000000000000167e+00,-3.852925015327086488e-03,2.402952608516128237e+02
3.189999999999999947e+00,-3.742149133316364194e-03,2.403570906538953409e+02
3.192000000000000171e+00,-3.667757710885879464e-03,2.404243594460566271e+02
3.193999999999999950e+00,-3.634008634009801026e-03,2.404988037770550591e+02
3.196000000000000174e+00,-3.646548733684750864e-03,2.405825568631820204e+02
3.197999999999999954e+00,-3.712802594750864299e-03,2.406782640781724751e+02
3.200000000000000178e+00,-3.842418399194010101e-03,2.407892195977133838e+02
3.201999999999999957e+00,-4.047699352725074064e-03,2.409195100789122819e+02
3.204000000000000181e+00,-4.343816964823944173e-03,2.410741210657931219e+02
3.205999999999999961e+00,-4.748327917833401399e-03,2.412588978549288754e+02
3.208000000000000185e+00,-5.279034692533298226e-03,2.414801374732047918e+02
3.209999999999999964e+00,-5.948649627045087158e-03,2.417434404753287538e+02
3.212000000000000188e+00,-6.754815266087792376e-03,2.420514344957417450e+02
3.213999999999999968e+00,-7.666772124211344852e-03,2.424005378859139910e+02
3.216000000000000192e+00,-8.616769433633575045e-03,2.427784354321283615e+02
3.217999999999999972e+00,-9.509319040010148424e-03,2.431652237829252385e+02
3.220000000000000195e+00,-1.025103380268262664e-02,2.435392591030370966e+02
3.221999999999999975e+00,-1.078196107631824475e-02,2.438840456798189962e+02
3.224000000000000199e+00,-1.108640219740787865e-02,2.441913840871199852e+02
3.225999999999999979e+00,-1.118264756818821218e-02,2.444601522638260747e+02
3.228000000000000203e+00,-1.110591005305661128e-02,2.446933494716835469e+02
3.229999999999999982e+00,-1.089513802101378312e-02,2.448955924609473414e+02
3.232000000000000206e+00,-1.058600762203978224e-02,2.450716633152283919e+02
3.233999999999999986e+00,-1.020835699962349859e-02,2.452258719112290066e+02
3.236000000000000210e+00,-9.785946139826551607e-03,2.453618705722657580e+02
3.237999999999999989e+00,-9.337166828626038487e-03,2.454826719683015028e+02
3.240000000000000213e+00,-8.876006984781827786e-03,2.455907390564534865e+02
3.241999999999999993e+00,-8.412975100895180719e-03,2.456880881778988908e+02
3.244000000000000217e+00,-7.955886740542771757e-03,2.457763828467992653e+02
3.245999999999999996e+00,-7.510499167661758950e-03,2.458570120290910950e+02
3.248000000000000220e+00,-7.081011091630749765e-03,2.459311531880561574e+02
3.250000000000000000e+00,-6.670452497893405649e-03,2.459998225165347492e+02
3.252000000000000224e+00,-6.280988681549760574e-03,2.460639151564971598e+02
3.254000000000000004e+00,-5.914159001610051931e-03,2.461242379636570661e+02
3.256000000000000227e+00,-5.571066966475837247e-03,2.461815369819187822e+02
3.258000000000000007e+00,-5.252534908173994016e-03,2.462365214321218900e+02
3.260000000000000231e+00,-4.959233925327377612e-03,2.462898857530436771e+02
3.262000000000000011e+00,-4.691797962914172164e-03,2.463423310753079534e+02
3.264000000000000234e+00,-4.450929780299680942e-03,2.463945874625701151e+02
3.266000000000000014e+00,-4.237506074199875669e-03,2.464474383207239896e+02
3.268000000000000238e+00,-4.052689133763520170e-03,2.465017485610451615e+02
3.270000000000000018e+00,-3.898053097034931153e-03,2.465584984173996759e+02
3.272000000000000242e+00,-3.775734128767374142e-03,2.466188252689761669e+02
3.274000000000000021e+00,-3.688615533403392759e-03,2.466840763960752554e+02
3.276000000000000245e+00,-3.640560545266994467e-03,2.467558762190969901e+02
3.278000000000000025e+00,-3.636706133020815683e-03,2.468362119887706854e+02
3.280000000000000249e+00,-3.683827642990452744e-03,2.469275414411804945e+02
3.282000000000000028e+00,-3.790769442013070933e-03,2.470329229903489647e+02
3.284000000000000252e+00,-3.968895229674284861e-03,2.471561599658599846e+02
3.286000000000000032e+00,-4.232411105823024114e-03,2.473019276323460360e+02
3.288000000000000256e+00,-4.598196878085011527e-03,2.474758013785140633e+02
3.290000000000000036e+00,-5.084372455521685673e-03,2.476840078022794671e+02
3.292000000000000259e+00,-5.706240395272163535e-03,2.479325758253448839e+02
3.294000000000000039e+00,-6.467953097625422747e-03,2.482254694336130001e+02
3.296000000000000263e+00,-7.349819202906427394e-03,2.485615819253068821e+02
3.298000000000000043e+00,-8.296707928930608170e-03,2.489316681234563760e+02
3.300000000000000266e+00,-9.220008709776635059e-03,2.493179419354795812e+02
3.302000000000000046e+00,-1.002161505405601075e-02,2.496985107321130215e+02
3.304000000000000270e+00,-1.062776500749884091e-02,2.500545335613820157e+02
3.306000000000000050e+00,-1.100812997858193788e-02,2.503749634673305593e+02
3.308000000000000274e+00,-1.117138267419780923e-02,2.506565894861767561e+02
3.310000000000000053e+00,-1.114879635562682041e-02,2.509013453659543416e+02
3.312000000000000277e+00,-1.097912966920432457e-02,2.511135146976944270e+02
3.314000000000000057e+00,-1.069962571221114156e-02,2.512979275395746868e+02
3.316000000000000281e+00,-1.034220425141888638e-02,2.514590903403473874e+02
3.318000000000000060e+00,-9.932629885690286847e-03,2.516008823649437431e+02
3.320000000000000284e+00,-9.491006500217722894e-03,2.517265244958445294e+02
3.322000000000000064e+00,-9.032703219993542046e-03,2.518386540879648692e+02
3.324000000000000288e+00,-8.569310026075865547e-03,2.519394273952400454e+02
3.326000000000000068e+00,-8.109475158805081602e-03,2.520306177370687521e+02
3.328000000000000291e+00,-7.659590093832233625e-03,2.521136991906281537e+02
3.330000000000000071e+00,-7.224332253531091930e-03,2.521899145733240175e+02
3.331999999999999851e+00,-6.807089188789580865e-03,2.522603296956609711e+02
3.334000000000000075e+00,-6.410289143648862341e-03,2.523258766640381339e+02
3.335999999999999854e+00,-6.035659848383583513e-03,2.523873889053347170e+02
3.338000000000000078e+00,-5.684433435245464690e-03,2.524456302128648701e+02
3.339999999999999858e+00,-5.357511785746177022e-03,2.525013197312061379e+02
3.342000000000000082e+00,-5.055603773049778364e-03,2.525551544960931665e+02
3.343999999999999861e+00,-4.779343798981080214e-03,2.526078309508291397e+02
3.346000000000000085e+00,-4.529399681505489987e-03,2.526600667767857544e+02
3.347999999999999865e+00,-4.306577255523858817e-03,2.527126244033992180e+02
3.350000000000000089e+00,-4.111928961256133656e-03,2.527663377070458637e+02
3.351999999999999869e+00,-3.946874190858906326e-03,2.528221436774988433e+02
3.354000000000000092e+00,-3.813340231318445000e-03,2.528811212353896281e+02
3.355999999999999872e+00,-3.713934210507914384e-03,2.529445399220219031e+02
3.358000000000000096e+00,-3.652158248514311093e-03,2.530139218059537711e+02
3.359999999999999876e+00,-3.632681205973618387e-03,2.530911204845288012e+02
3.362000000000000099e+00,-3.661678816984184539e-03,2.531784210169577136e+02
3.363999999999999879e+00,-3.747244297549011741e-03,2.532786628014190740e+02
3.366000000000000103e+00,-3.899841684670602576e-03,2.533953810171248904e+02
3.367999999999999883e+00,-4.132698631287587930e-03,2.535329453158232980e+02
3.370000000000000107e+00,-4.461865564528911220e-03,2.536966354212768238e+02
3.371999999999999886e+00,-4.905331099797405336e-03,2.538925142352323405e+02
3.374000000000000110e+00,-5.480039853229964897e-03,2.541268274194349033e+02
3.375999999999999890e+00,-6.195159066288815145e-03,2.544045232001324734e+02
3.378000000000000114e+00,-7.040620815417869549e-03,2.547265932542153450e+02
3.379999999999999893e+00,-7.974040602267465014e-03,2.550867922183990686e+02
3.382000000000000117e+00,-8.916542472884451606e-03,2.554699778891886126e+02
3.383999999999999897e+00,-9.769425720160604745e-03,2.558548807111601775e+02
3.386000000000000121e+00,-1.044738151597045597e-02,2.562208779995830241e+02
3.387999999999999901e+00,-1.090481776002433061e-02,2.565540578320397458e+02
3.390000000000000124e+00,-1.113878959050719833e-02,2.568487876916223058e+02
3.391999999999999904e+00,-1.117486526021669625e-02,2.571056075809801200e+02
3.394000000000000128e+00,-1.105059653748965282e-02,2.573282630349355600e+02
3.395999999999999908e+00,-1.080437804361558500e-02,2.575215359491774052e+02
3.398000000000000131e+00,-1.047012986843588733e-02,2.576900970973395602e+02
3.399999999999999911e+00,-1.007568502998283308e-02,2.578380504627918413e+02
3.402000000000000135e+00,-9.642968632894058367e-03,2.579688343255044174e+02
3.403999999999999915e+00,-9.188841498572386177e-03,2.580852724053614224e+02
3.406000000000000139e+00,-8.726071171518553007e-03,2.581896721794395830e+02
3.407999999999999918e+00,-8.264216860480009738e-03,2.582839263571935930e+02
3.410000000000000142e+00,-7.810366163517268312e-03,2.583696018897811655e+02
3.411999999999999922e+00,-7.369723556923196695e-03,2.584480131346168719e+02
3.414000000000000146e+00,-6.946071810940470867e-03,2.585202804538565147e+02
3.415999999999999925e+00,-6.542131591466152606e-03,2.585873769081131286e+02
3.418000000000000149e+00,-6.159842336331825680e-03,2.586501658041655105e+02
3.419999999999999929e+00,-5.800583632652903804e-03,2.587094315311694004e+02
3.422000000000000153e+00,-5.465352542681988467e-03,2.587659057256519759e+02
3.423999999999999932e+00,-5.154909215481430496e-03,2.588202904720696438e+02
3.426000000000000156e+00,-4.869900797851509609e-03,2.588732800138915877e+02
3.427999999999999936e+00,-4.610972078996578884e-03,2.589255823287355724e+02
3.430000000000000160e+00,-4.378870396894080086e-03,2.589779419108731418e+02
3.431999999999999940e+00,-4.174552044598878187e-03,2.590311652082870637e+02
3.434000000000000163e+00,-3.999297714259537548e-03,2.590861503871408331e+02
3.435999999999999943e+00,-3.854845393896370789e-03,2.591439234546356261e+02
3.438000000000000167e+00,-3.743550547070048987e-03,2.592056832661263570e+02
3.439999999999999947e+00,-3.668585178777011239e-03,2.592728585473711291e+02
3.442000000000000171e+00,-3.634188938495796269e-03,2.593471806599969796e+02
3.443999999999999950e+00,-3.645985138078171317e-03,2.594307760782679679e+02
3.446000000000000174e+00,-3.711368510220346920e-03,2.595262815323756627e+02
3.447999999999999954e+00,-3.839950515307298529e-03,2.596369803930562057e+02
3.450000000000000178e+00,-4.043992021401796727e-03,2.597669464652536817e+02
3.451999999999999957e+00,-4.338622464718290203e-03,2.599211515353983941e+02
3.454000000000000181e+00,-4.741372777830395353e-03,2.601054297118196246e+02
3.455999999999999961e+00,-5.270070952277064458e-03,2.603260773262221619e+02
3.458000000000000185e+00,-5.937566941497061761e-03,2.605887190695103186e+02
3.459999999999999964e+00,-6.741825123415765356e-03,2.608960497611165579e+02
3.462000000000000188e+00,-7.652603269217629969e-03,2.612446047601715122e+02
3.463999999999999968e+00,-8.602695361779022151e-03,2.616222039132231316e+02
3.466000000000000192e+00,-9.496846314760215915e-03,2.620090239104648617e+02
3.467999999999999972e+00,-1.024137544912057801e-02,2.623833916131284241e+02
3.470000000000000195e+00,-1.077568435754258473e-02,2.627286981492079576e+02
3.471999999999999975e+00,-1.108344976542108805e-02,2.630366204856020431e+02
3.474000000000000199e+00,-1.118257944311150387e-02,2.633059515004122773e+02
3.475999999999999979e+00,-1.110814580141442250e-02,2.635396496937922279e+02
3.478000000000000203e+00,-1.089910701460195148e-02,2.637423208035283437e+02
3.479999999999999982e+00,-1.059121542170221586e-02,2.639187506913021934e+02
3.482000000000000206e+00,-1.021440216943223303e-02,2.640732584346422982e+02
3.483999999999999986e+00,-9.792514379009525580e-03,2.642095063813291063e+02
3.486000000000000210e+00,-9.344017337426796174e-03,2.643305162096257277e+02
3.487999999999999989e+00,-8.882957884246336228e-03,2.644387583508600414e+02
3.490000000000000213e+00,-8.419890487586501743e-03,2.645362551142316079e+02
3.491999999999999993e+00,-7.962666035733026101e-03,2.646246746858734582e+02
3.494000000000000217e+00,-7.517068657008064286e-03,2.647054096471538855e+02
3.495999999999999996e+00,-7.087317307461680344e-03,2.647796402331323975e+02
3.498000000000000220e+00,-6.676457064066484114e-03,2.648483847360412256e+02
3.500000000000000000e+00,-6.286664283157610174e-03,2.649125398551647095e+02
3.502000000000000224e+00,-5.919486201523791423e-03,2.649729135562544684e+02
3.504000000000000004e+00,-5.576031646274835253e-03,2.650302526111720454e+02
3.506000000000000227e+00,-5.257126155696113974e-03,2.650852666270083660e+02
3.508000000000000007e+00,-4.963442223921245462e-03,2.651386501058386784e+02
3.510000000000000231e+00,-4.695613559318105243e-03,2.651911039173037921e+02
3.512000000000000011e+00,-4.454341120024171707e-03,2.652433575182548680e+02
3.514000000000000234e+00,-4.240498196104298262e-03,2.652961933183598831e+02
3.516000000000000014e+00,-4.055241909549050019e-03,2.653504747738829792e+02
3.518000000000000238e+00,-3.900139186757863464e-03,2.654071801040510650e+02
3.520000000000000018e+00,-3.777316500948664241e-03,2.654674439736975842e+02
3.522000000000000242e+00,-3.689644371023170256e-03,2.655326100604029307e+02
3.524000000000000021e+00,-3.640969336970615883e-03,2.656042980474750266e+02
3.526000000000000245e+00,-3.636406759355891548e-03,2.656844890085179145e+02
3.528000000000000025e+00,-3.682704377248693407e-03,2.657756327164938739e+02
3.530000000000000249e+00,-3.788672148374257198e-03,2.658807775265774467e+02
3.532000000000000028e+00,-3.965632991096326720e-03,2.660037145517250678e+02
3.534000000000000252e+00,-4.227749706260891180e-03,2.661491053692061541e+02
3.536000000000000032e+00,-4.591868066374789163e-03,2.663225126967078040e+02
3.538000000000000256e+00,-5.076110674028113702e-03,2.665301576234083996e+02
3.540000000000000036e+00,-5.695871484470916429e-03,2.667780828054388280e+02
3.542000000000000259e+00,-6.455555773078301002e-03,2.670703030085040837e+02
3.544000000000000039e+00,-7.335930949007789942e-03,2.674058127677806169e+02
3.546000000000000263e+00,-8.282434479309708220e-03,2.677755025907458730e+02
3.548000000000000043e+00,-9.206833067042560076e-03,2.681616938741225908e+02
3.550000000000000266e+00,-1.001090569773283381e-02,2.685425031965532412e+02
3.552000000000000046e+00,-1.062032341372068887e-02,2.688989973168432357e+02
3.554000000000000270e+00,-1.100408869820118304e-02,2.692200014262234617e+02
3.556000000000000050e+00,-1.117040074943170813e-02,2.695022039705925181e+02
3.558000000000000274e+00,-1.115031903802020212e-02,2.697474841250162854e+02
3.560000000000000053e+00,-1.098257208651908651e-02,2.699601062939428289e+02
3.562000000000000277e+00,-1.070446397472653993e-02,2.701449006519901559e+02
3.564000000000000057e+00,-1.034800539480176806e-02,2.703063817233815485e+02
3.566000000000000281e+00,-9.939051467229917045e-03,2.704484388252493545e+02
3.568000000000000060e+00,-9.497784518847838392e-03,2.705743022946464862e+02
3.570000000000000284e+00,-9.039637418159907414e-03,2.706866174933880984e+02
3.572000000000000064e+00,-8.576250254227106920e-03,2.707875471340335025e+02
3.574000000000000288e+00,-8.116309936940020731e-03,2.708788696193320789e+02
3.576000000000000068e+00,-7.666237443217704083e-03,2.709620629736380693e+02
3.578000000000000291e+00,-7.230732498907682659e-03,2.710383730502492199e+02
3.580000000000000071e+00,-6.813199349011875641e-03,2.711088679700142166e+02
3.582000000000000295e+00,-6.416078554950852171e-03,2.711744815677922134e+02
3.584000000000000075e+00,-6.041106721887470020e-03,2.712360485231653797e+02
3.585999999999999854e+00,-5.689522108521857975e-03,2.712943334809987164e+02
3.588000000000000078e+00,-5.362230476880171584e-03,2.713500560846003395e+02
3.589999999999999858e+00,-5.059942682470062666e-03,2.714039135414276984e+02
3.592000000000000082e+00,-4.783293429743555071e-03,2.714566021448956690e+02
3.593999999999999861e+00,-4.532949263917228876e-03,2.715088390902943729e+02
3.596000000000000085e+00,-4.309713167838184061e-03,2.715613859489671427e+02
3.597999999999999865e+00,-4.114633035155774478e-03,2.716150753070740507e+02
3.600000000000000089e+00,-3.949121778726886675e-03,2.716708423426267132e+02
3.601999999999999869e+00,-3.815097892266856687e-03,2.717297635171263437e+02
3.604000000000000092e+00,-3.715156845813223554e-03,2.717931050942395359e+02
3.605999999999999872e+00,-3.652785491468422789e-03,2.718623848205551781e+02
3.608000000000000096e+00,-3.632632865845763365e-03,2.719394506410236545e+02
3.609999999999999876e+00,-3.660849241458210505e-03,2.720265802950775083e+02
3.612000000000000099e+00,-3.745495769572825765e-03,2.721266038571022818e+02
3.613999999999999879e+00,-3.896997666989457289e-03,2.722430449953533298e+02
3.616000000000000103e+00,-4.128539344055015894e-03,2.723802600133233796e+02
3.617999999999999883e+00,-4.456131964311987360e-03,2.725435151626759307e+02
3.620000000000000107e+00,-4.897749961455640649e-03,2.727388643989057755e+02
3.621999999999999886e+00,-5.470391833388986956e-03,2.729725588287864753e+02
3.624000000000000110e+00,-6.183414878484146462e-03,2.732495828202391408e+02
3.625999999999999890e+00,-7.027141298800916071e-03,2.735710119048278557e+02
3.628000000000000114e+00,-7.959742148859208499e-03,2.739307295183704696e+02
3.629999999999999893e+00,-8.902824804969091538e-03,2.743137195697052562e+02
3.632000000000000117e+00,-9.757757848780669596e-03,2.746987598316397907e+02
3.633999999999999897e+00,-1.043878825660832926e-02,2.750651645307853528e+02
3.636000000000000121e+00,-1.089964625823592291e-02,2.753988971963073027e+02
3.637999999999999901e+00,-1.113682881278852191e-02,2.756942111411614746e+02
3.640000000000000124e+00,-1.117560720014214477e-02,2.759515765434123864e+02
3.641999999999999904e+00,-1.105345219183446852e-02,2.761747096597973155e+02
3.644000000000000128e+00,-1.080879723146647119e-02,2.763683875452614416e+02
3.645999999999999908e+00,-1.047564789780327209e-02,2.765372872578569741e+02
3.648000000000000131e+00,-1.008192986190017786e-02,2.766855225806125986e+02
3.649999999999999911e+00,-9.649651354446007676e-03,2.768165416049616283e+02
3.652000000000000135e+00,-9.195741904709273107e-03,2.769331765826196943e+02
3.653999999999999915e+00,-8.733023557304753909e-03,2.770377419612971721e+02
3.656000000000000139e+00,-8.271097797980249411e-03,2.771321359731531970e+02
3.657999999999999918e+00,-7.817084589020105445e-03,2.772179298741879734e+02
3.660000000000000142e+00,-7.376212948521526994e-03,2.772964413430937043e+02
3.661999999999999922e+00,-6.952284084007866183e-03,2.773687932797230360e+02
3.664000000000000146e+00,-6.548032341339967213e-03,2.774359606563902503e+02
3.665999999999999925e+00,-6.165407109381549310e-03,2.774988081837371396e+02
3.668000000000000149e+00,-5.805794966647109118e-03,2.775581212315645416e+02
3.669999999999999929e+00,-5.470197569754544319e-03,2.776146320505463336e+02
3.672000000000000153e+00,-5.159377661820844369e-03,2.776690430059003916e+02
3.673999999999999932e+00,-4.873983243406225865e-03,2.777220483006439622e+02
3.676000000000000156e+00,-4.614658359020768624e-03,2.777743555429614730e+02
3.677999999999999936e+00,-4.382148036096404284e-03,2.778267085003253669e+02
3.680000000000000160e+00,-4.177404614608534218e-03,2.778799124851219062e+02
3.681999999999999940e+00,-4.001702996339946521e-03,2.779348640403044328e+02
3.684000000000000163e+00,-3.856773211514221041e-03,2.779925869496618134e+02
3.685999999999999943e+00,-3.744960108309665359e-03,2.780542770902036409e+02
3.688000000000000167e+00,-3.669421741383355716e-03,2.781213592480400507e+02
3.689999999999999947e+00,-3.634379594602344440e-03,2.781955596181938972e+02
3.692000000000000171e+00,-3.645433548031716368e-03,2.782789979587961398e+02
3.693999999999999950e+00,-3.709948583475366352e-03,2.783743023873742573e+02
3.696000000000000174e+00,-3.837499540406955154e-03,2.784847455027770025e+02
3.697999999999999954e+00,-4.040305006805667253e-03,2.786143882838301806e+02
3.700000000000000178e+00,-4.333452257941839553e-03,2.787681887553633828e+02
3.701999999999999957e+00,-4.734446033279601090e-03,2.789519697546164707e+02
3.704000000000000181e+00,-5.261138682786330352e-03,2.791720266718436960e+02
3.705999999999999961e+00,-5.926515538051035405e-03,2.794340078265479974e+02
3.708000000000000185e+00,-6.728859668011877813e-03,2.797406744671893080e+02
3.709999999999999964e+00,-7.638443841697493790e-03,2.800886783214389197e+02
3.712000000000000188e+00,-8.588608691053597338e-03,2.804659745054435120e+02
3.713999999999999968e+00,-9.484339270115552806e-03,2.808528211321140020e+02
3.716000000000000192e+00,-1.023166894627716705e-02,2.812275174222195915e+02
3.717999999999999972e+00,-1.076935605325787977e-02,2.815733420769070676e+02
3.720000000000000195e+00,-1.108045012148180415e-02,2.818818481321036984e+02
3.721999999999999975e+00,-1.118247224296200180e-02,2.821517426983779728e+02
3.724000000000000199e+00,-1.111035136003984958e-02,2.823859429393138498e+02
3.725999999999999979e+00,-1.090305389938752388e-02,2.825890432565803394e+02
3.728000000000000203e+00,-1.059640784300051874e-02,2.827658331517708348e+02
3.729999999999999982e+00,-1.022043730722360828e-02,2.829206408651810989e+02
3.732000000000000206e+00,-9.799076718693823518e-03,2.830571387750194390e+02
3.733999999999999986e+00,-9.350865087080844143e-03,2.831783575889797930e+02
3.736000000000000210e+00,-8.889908382548356025e-03,2.832867752361638622e+02
3.737999999999999989e+00,-8.426807226215336094e-03,2.833844200150220445e+02
3.740000000000000213e+00,-7.969447973875219346e-03,2.834729648012968255e+02
3.741999999999999993e+00,-7.523641730512610655e-03,2.835538058059605078e+02
3.744000000000000217e+00,-7.093627786357650788e-03,2.836281260471279779e+02
3.745999999999999996e+00,-6.682466378130351436e-03,2.836969459254461299e+02
3.748000000000000220e+00,-6.292344976955120163e-03,2.837611637048602802e+02
3.750000000000000000e+00,-5.924818740026540145e-03,2.838215884673171558e+02
3.752000000000000224e+00,-5.581001847836480206e-03,2.838789677180092781e+02
3.754000000000000004e+00,-5.261723074045234622e-03,2.839340114552125556e+02
3.756000000000000227e+00,-4.967656333839351110e-03,2.839874142491029829e+02
3.758000000000000007e+00,-4.699435122680561960e-03,2.840398767133073648e+02
3.760000000000000231e+00,-4.457758620965008613e-03,2.840921277033212391e+02
3.762000000000000011e+00,-4.243496737024240496e-03,2.841449486388674472e+02
3.764000000000000234e+00,-4.057801453837370231e-03,2.841992015287349886e+02
3.766000000000000014e+00,-3.902232519618094482e-03,2.842558625868277886e+02
3.768000000000000238e+00,-3.778906757285519294e-03,2.843160637753753690e+02
3.770000000000000018e+00,-3.690681952093251804e-03,2.843811451842223050e+02
3.772000000000000242e+00,-3.641388015310456205e-03,2.844527217787087920e+02
3.774000000000000021e+00,-3.636118781160338920e-03,2.845327684794119705e+02
3.776000000000000245e+00,-3.681594478805335063e-03,2.846237271254956340e+02
3.778000000000000025e+00,-3.786590760624449544e-03,2.847286360462097150e+02
3.780000000000000249e+00,-3.962389843507411677e-03,2.848512741679845135e+02
3.782000000000000028e+00,-4.223111207764334261e-03,2.849962893907755301e+02
3.784000000000000252e+00,-4.585566300185476424e-03,2.851692317126888838e+02
3.786000000000000032e+00,-5.067879551368364988e-03,2.853763165347028803e+02
3.788000000000000256e+00,-5.685534471461826944e-03,2.856235998365224305e+02
3.790000000000000036e+00,-6.443186276800108928e-03,2.859151464736949606e+02
3.792000000000000259e+00,-7.322058257843676310e-03,2.862500514690932505e+02
3.794000000000000039e+00,-8.268156280512721154e-03,2.866193408553284598e+02
3.796000000000000263e+00,-9.193629880885380301e-03,2.870054445400550662e+02
3.798000000000000043e+00,-1.000015169963448108e-02,2.873864900353673306e+02
3.800000000000000266e+00,-1.061283032637013249e-02,2.877434529394482183e+02
3.802000000000000046e+00,-1.099999811077358863e-02,2.880650305653247756e+02
3.804000000000000270e+00,-1.116937679491612767e-02,2.883478101126555089e+02
3.806000000000000050e+00,-1.115180856344649175e-02,2.885936155339857692e+02
3.808000000000000274e+00,-1.098598979958741000e-02,2.888066916414448428e+02
3.810000000000000053e+00,-1.070928474140699430e-02,2.889918685356332730e+02
3.812000000000000277e+00,-1.035379484373212360e-02,2.891536687522444140e+02
3.814000000000000057e+00,-9.945465873342515181e-03,2.892959916560359943e+02
3.816000000000000281e+00,-9.504558813311039800e-03,2.894220770566521423e+02
3.818000000000000060e+00,-9.046570493208115279e-03,2.895345783463563976e+02
3.820000000000000284e+00,-8.583191299348874245e-03,2.896356647186058240e+02
3.822000000000000064e+00,-8.123146965422767263e-03,2.897271196783805181e+02
3.824000000000000288e+00,-7.672888091596764132e-03,2.898104252125039579e+02
3.826000000000000068e+00,-7.237136802435205872e-03,2.898868302223502837e+02
3.828000000000000291e+00,-6.819314111233720083e-03,2.899574051488286841e+02
3.830000000000000071e+00,-6.421872954847555534e-03,2.900230855631131703e+02
3.832000000000000295e+00,-6.046558859284209379e-03,2.900847074039996301e+02
3.834000000000000075e+00,-5.694616246763959527e-03,2.901430361735017982e+02
3.836000000000000298e+00,-5.366954790585029035e-03,2.901987920187049212e+02
3.838000000000000078e+00,-5.064287355146278487e-03,2.902526723236027237e+02
3.839999999999999858e+00,-4.787248971668891205e-03,2.903053732366011559e+02
3.842000000000000082e+00,-4.536504936000069349e-03,2.903576114721582258e+02
3.843999999999999861e+00,-4.312855403175432263e-03,2.904101477494798473e+02
3.846000000000000085e+00,-4.117343747112266021e-03,2.904638133715687331e+02
3.847999999999999865e+00,-3.951376432773811946e-03,2.905195417133227238e+02
3.850000000000000089e+00,-3.816863198907046416e-03,2.905784067879576469e+02
3.851999999999999869e+00,-3.716387905658667234e-03,2.906416715952960317e+02
3.854000000000000092e+00,-3.653422197786712275e-03,2.907108495775777897e+02
3.855999999999999872e+00,-3.632595364016659879e-03,2.907877830497020568e+02
3.858000000000000096e+00,-3.660032307771864980e-03,2.908747424589271304e+02
3.859999999999999876e+00,-3.743762219148193387e-03,2.909745485879428770e+02
3.862000000000000099e+00,-3.894171588206145340e-03,2.910907136263226107e+02
3.863999999999999879e+00,-4.124401608590754810e-03,2.912275805491173060e+02
3.866000000000000103e+00,-4.450424007326443838e-03,2.913904021133556626e+02
3.867999999999999883e+00,-4.890198408768512209e-03,2.915852232035426823e+02
3.870000000000000107e+00,-5.460775721603828084e-03,2.918183000499757327e+02
3.871999999999999886e+00,-6.171700696249413608e-03,2.920946525612413893e+02
3.874000000000000110e+00,-7.013682506290612115e-03,2.924154393423024771e+02
3.875999999999999890e+00,-7.945446484188902619e-03,2.927746721791189088e+02
3.878000000000000114e+00,-8.889087058674673136e-03,2.931574616990022832e+02
3.879999999999999893e+00,-9.746050071641598062e-03,2.935426346243609714e+02
3.882000000000000117e+00,-1.043014465259891645e-02,2.939094435516040562e+02
3.883999999999999897e+00,-1.089442393022450190e-02,2.942437278056353307e+02
3.886000000000000121e+00,-1.113482321939192853e-02,2.945396260011996219e+02
3.887999999999999901e+00,-1.117631295760089516e-02,2.947975377928747207e+02
3.890000000000000124e+00,-1.105628039869725396e-02,2.950211496663463322e+02
3.891999999999999904e+00,-1.081319664272756970e-02,2.952152335822970031e+02
3.894000000000000128e+00,-1.048115242285339692e-02,2.953844727855708925e+02
3.895999999999999908e+00,-1.008816612027051314e-02,2.955329908396293490e+02
3.898000000000000131e+00,-9.656329289754652517e-03,2.956642456604045606e+02
3.899999999999999911e+00,-9.202640390420489119e-03,2.957810780542437783e+02
3.902000000000000135e+00,-8.739976167369888777e-03,2.958858094625892932e+02
3.903999999999999915e+00,-8.277980549412771241e-03,2.959803436604145190e+02
3.906000000000000139e+00,-7.823805995394237170e-03,2.960662562250328165e+02
3.907999999999999918e+00,-7.382706168848016462e-03,2.961448681695798655e+02
3.910000000000000142e+00,-6.958500795286440277e-03,2.962173049420853772e+02
3.911999999999999922e+00,-6.553937963549866762e-03,2.962845434349867446e+02
3.914000000000000146e+00,-6.170977063186266348e-03,2.963474497697021093e+02
3.915999999999999925e+00,-5.811011703871659349e-03,2.964068103025404639e+02
3.918000000000000149e+00,-5.475048169226926463e-03,2.964633579035184425e+02
3.919999999999999929e+00,-5.163851824182755582e-03,2.965177952234737404e+02
3.922000000000000153e+00,-4.878071547825260298e-03,2.965708164297954568e+02
3.923999999999999932e+00,-4.618350663428252671e-03,2.966231287663233047e+02
3.926000000000000156e+00,-4.385431911642288967e-03,2.966754752794068963e+02
3.927999999999999936e+00,-4.180263705117649199e-03,2.967286601524718321e+02
3.930000000000000160e+00,-4.004115184890496941e-03,2.967835783133102154e+02
3.931999999999999940e+00,-3.858708459071383528e-03,2.968412513323235089e+02
3.934000000000000163e+00,-3.746377804806616703e-03,2.969028721208785555e+02
3.935999999999999943e+00,-3.670267382413106450e-03,2.969698615416593270e+02
3.938000000000000167e+00,-3.634580580790817885e-03,2.970439406437387788e+02
3.939999999999999947e+00,-3.644893935332967506e-03,2.971272224949290148e+02
3.942000000000000171e+00,-3.708542778055351485e-03,2.972223266309091514e+02
3.943999999999999950e+00,-3.835065428433595373e-03,2.973325149117155206e+02
3.946000000000000174e+00,-4.036638253126958141e-03,2.974618355163296997e+02
3.947999999999999954e+00,-4.328306282175683507e-03,2.976152327047024073e+02
3.950000000000000178e+00,-4.727547626191155698e-03,2.977985179618540883e+02
3.951999999999999957e+00,-5.252237854985145060e-03,2.980179854935403228e+02
3.954000000000000181e+00,-5.915495458669753868e-03,2.982793067446320379e+02
3.955999999999999961e+00,-6.715919060586442862e-03,2.985853086388558495e+02
3.958000000000000185e+00,-7.624294132465642831e-03,2.989327586265611103e+02
3.959999999999999964e+00,-8.574509771336202499e-03,2.993097472851916905e+02
3.962000000000000188e+00,-9.471798187852710840e-03,2.996966155174951041e+02
3.963999999999999968e+00,-1.022191442318027069e-02,3.000716365730486928e+02
3.966000000000000192e+00,-1.076297614719608220e-02,3.004179774768294351e+02
3.967999999999999972e+00,-1.107740316276799308e-02,3.007270670212176356e+02
3.970000000000000195e+00,-1.118232583463071167e-02,3.009975258433444196e+02
3.971999999999999975e+00,-1.111252659929976364e-02,3.012322291916127597e+02
3.974000000000000199e+00,-1.090697856364939745e-02,3.014357598044585416e+02
3.975999999999999979e+00,-1.060158479551122357e-02,3.016129106831304512e+02
3.978000000000000203e+00,-1.022646234232813672e-02,3.017680191916273884e+02
3.979999999999999982e+00,-9.805633104792321753e-03,3.019047677441565156e+02
3.982000000000000206e+00,-9.357710036758885852e-03,3.020261960988675014e+02
3.983999999999999986e+00,-8.896858449190298349e-03,3.021347897062106540e+02
3.986000000000000210e+00,-8.433725294215592416e-03,3.022325828751654058e+02
3.987999999999999989e+00,-7.976232538433875377e-03,3.023212531887762680e+02
3.990000000000000213e+00,-7.530218376183803707e-03,3.024022005018402979e+02
3.991999999999999993e+00,-7.099942519714869810e-03,3.024766106268435806e+02
3.994000000000000217e+00,-6.688480433964195428e-03,3.025455060819000437e+02
3.995999999999999996e+00,-6.298030758591053289e-03,3.026097867029837971e+02
3.998000000000000220e+00,-5.930156613962249759e-03,3.026702626944093026e+02
4.000000000000000000e+00,-5.585977568727100787e-03,3.027276823000823356e+02
4.001999999999999780e+00,-5.266325661103855339e-03,3.027827559144016618e+02
4.004000000000000448e+00,-4.971876252915804692e-03,3.028361781804464954e+02
4.006000000000000227e+00,-4.703262650436657380e-03,3.028886494607942836e+02
4.008000000000000007e+00,-4.461182279800700139e-03,3.029408980150236630e+02
4.009999999999999787e+00,-4.246501692488374551e-03,3.029937042791775070e+02
4.012000000000000455e+00,-4.060367760551753143e-03,3.030479288220835201e+02
4.014000000000000234e+00,-3.904333087380495049e-03,3.031045458616080737e+02
4.016000000000000014e+00,-3.780504886695843555e-03,3.031646846690855455e+02
4.017999999999999794e+00,-3.691728261812369551e-03,3.032296817615546161e+02
4.020000000000000462e+00,-3.641816560666951211e-03,3.033011474054427481e+02
4.022000000000000242e+00,-3.635842172648053646e-03,3.033810503923201054e+02
4.024000000000000021e+00,-3.680497914160067111e-03,3.034718246568012887e+02
4.025999999999999801e+00,-3.784525236052622716e-03,3.035764985351113978e+02
4.028000000000000469e+00,-3.959165734259307602e-03,3.036988387973879071e+02
4.030000000000000249e+00,-4.218495549486161490e-03,3.038434796768369779e+02
4.032000000000000028e+00,-4.579291518120702682e-03,3.040159584047397061e+02
4.033999999999999808e+00,-5.059679044816240215e-03,3.042224845170878211e+02
4.036000000000000476e+00,-5.675229368538982702e-03,3.044691269104566231e+02
4.038000000000000256e+00,-6.430844725027036468e-03,3.047599998438523698e+02
4.040000000000000036e+00,-7.308201379532701554e-03,3.050942980756372549e+02
4.041999999999999815e+00,-8.253873675586718625e-03,3.054631829895662349e+02
4.044000000000000483e+00,-9.180399469760024828e-03,3.058491940081944449e+02
4.046000000000000263e+00,-9.989353244008842073e-03,3.062304713015075208e+02
4.048000000000000043e+00,-1.060528577294945519e-02,3.065879004521048046e+02
4.049999999999999822e+00,-1.099585813556134932e-02,3.069100508844807678e+02
4.052000000000000490e+00,-1.116831068281862530e-02,3.071934079000594124e+02
4.054000000000000270e+00,-1.115326479869087860e-02,3.074397395764765974e+02
4.056000000000000050e+00,-1.098938268985878881e-02,3.076532707240103832e+02
4.057999999999999829e+00,-1.071408791464685366e-02,3.078388311762225271e+02
4.060000000000000497e+00,-1.035957252118126226e-02,3.080009514149579104e+02
4.062000000000000277e+00,-9.951873044720054018e-03,3.081435408474692395e+02
4.064000000000000057e+00,-9.511329338653956231e-03,3.082698487738331323e+02
4.065999999999999837e+00,-9.053502411448781026e-03,3.083825366402946315e+02
4.068000000000000504e+00,-8.590133136436705480e-03,3.084837801435242000e+02
4.070000000000000284e+00,-8.129986225871136535e-03,3.085753679096680457e+02
4.072000000000000064e+00,-7.679542025593375648e-03,3.086587859033615473e+02
4.073999999999999844e+00,-7.243545154484034611e-03,3.087352860862816897e+02
4.076000000000000512e+00,-6.825433468590227926e-03,3.088059412291473222e+02
4.078000000000000291e+00,-6.427672338466508019e-03,3.088716886473255840e+02
4.080000000000000071e+00,-6.052016257077776074e-03,3.089333655453539222e+02
4.081999999999999851e+00,-5.699715847348595099e-03,3.089917382880032619e+02
4.084000000000000519e+00,-5.371684724684701838e-03,3.090475275311884502e+02
4.086000000000000298e+00,-5.068637788973963387e-03,3.091014308402545225e+02
4.088000000000000078e+00,-4.791210422371331226e-03,3.091541442234744181e+02
4.089999999999999858e+00,-4.540066694734542184e-03,3.092063839197153925e+02
4.092000000000000526e+00,-4.316003957504407906e-03,3.092589098019888070e+02
4.094000000000000306e+00,-4.120061091651303249e-03,3.093125518971781958e+02
4.096000000000000085e+00,-3.953638145566917665e-03,3.093682417856877578e+02
4.097999999999999865e+00,-3.818636141209651863e-03,3.094270510432547212e+02
4.099999999999999645e+00,-3.717627376613567847e-03,3.094902394196000728e+02
4.102000000000000313e+00,-3.654068349619543285e-03,3.095593160701710076e+02
4.104000000000000092e+00,-3.632568676952463785e-03,3.096361177020804689e+02
4.105999999999999872e+00,-3.659227985212381001e-03,3.097229074979381380e+02
4.107999999999999652e+00,-3.742043606820973697e-03,3.098224969807873208e+02
4.110000000000000320e+00,-3.891363399010199994e-03,3.099383868938545561e+02
4.112000000000000099e+00,-4.120285366351315176e-03,3.100749069039129040e+02
4.113999999999999879e+00,-4.444741630918314437e-03,3.102372962518062423e+02
4.115999999999999659e+00,-4.882676389540638318e-03,3.104315906284714401e+02
4.118000000000000327e+00,-5.451191506368623443e-03,3.106640510699476749e+02
4.120000000000000107e+00,-6.160016595304474915e-03,3.109397324287158995e+02
4.121999999999999886e+00,-7.000244642762286189e-03,3.112598756019671669e+02
4.123999999999999666e+00,-7.931153930163258731e-03,3.116186202661188531e+02
4.126000000000000334e+00,-8.875329575784471695e-03,3.120012043543068785e+02
4.128000000000000114e+00,-9.734302625866417952e-03,3.123865051515950313e+02
4.129999999999999893e+00,-1.042145078134957409e-02,3.127537150948534759e+02
4.131999999999999673e+00,-1.088915072460829199e-02,3.130885496664290599e+02
4.134000000000000341e+00,-1.113277269253407781e-02,3.133850322624309115e+02
4.136000000000000121e+00,-1.117698239801400220e-02,3.136434913137068747e+02
4.137999999999999901e+00,-1.105908103335617731e-02,3.138675830380324214e+02
4.139999999999999680e+00,-1.081757617253695583e-02,3.140620740452638984e+02
4.142000000000000348e+00,-1.048664335985712362e-02,3.142316536677217869e+02
4.144000000000000128e+00,-1.009439374017577495e-02,3.143804552293136680e+02
4.145999999999999908e+00,-9.663002389388213043e-03,3.145119464832320091e+02
4.147999999999999687e+00,-9.209536918531534624e-03,3.146289768132024278e+02
4.150000000000000355e+00,-8.746928974037008336e-03,3.147338746775264440e+02
4.152000000000000135e+00,-8.284865094366372987e-03,3.148285494141555318e+02
4.153999999999999915e+00,-7.830530367736999314e-03,3.149145809382395669e+02
4.155999999999999694e+00,-7.389203207137259172e-03,3.149932936105693102e+02
4.158000000000000362e+00,-6.964721937080925115e-03,3.150658154378671156e+02
4.160000000000000142e+00,-6.559848452633804637e-03,3.151331252411419541e+02
4.161999999999999922e+00,-6.176552193854031002e-03,3.151960905595204849e+02
4.163999999999999702e+00,-5.816233841466701519e-03,3.152554987416960444e+02
4.166000000000000369e+00,-5.479904338823365050e-03,3.153120832822310149e+02
4.168000000000000149e+00,-5.168331700485329430e-03,3.153665471224445582e+02
4.169999999999999929e+00,-4.882165708863558939e-03,3.154195843989194259e+02
4.171999999999999709e+00,-4.622048989460312424e-03,3.154719019962332140e+02
4.174000000000000377e+00,-4.388722019893201952e-03,3.155242422452773212e+02
4.176000000000000156e+00,-4.183129311197479952e-03,3.155774082071355338e+02
4.177999999999999936e+00,-4.006534273209887836e-03,3.156322932024619945e+02
4.179999999999999716e+00,-3.860651127501623942e-03,3.156899165982615614e+02
4.182000000000000384e+00,-3.747803624386464912e-03,3.157514683529147419e+02
4.184000000000000163e+00,-3.671122085642903980e-03,3.158183654218418610e+02
4.185999999999999943e+00,-3.634791875609564519e-03,3.158923237287468169e+02
4.187999999999999723e+00,-3.644366271876078086e-03,3.159754496768575791e+02
4.190000000000000391e+00,-3.707151057627334437e-03,3.160703542507562815e+02
4.192000000000000171e+00,-3.832648133466745165e-03,3.161802886047521497e+02
4.193999999999999950e+00,-4.032991704674417435e-03,3.163092881444794102e+02
4.195999999999999730e+00,-4.323184475121700544e-03,3.164622833624505915e+02
4.198000000000000398e+00,-4.720677498341306969e-03,3.166450743120335574e+02
4.200000000000000178e+00,-5.243368439061687168e-03,3.168639537746354335e+02
4.201999999999999957e+00,-5.904506743831583471e-03,3.171246158216254685e+02
4.203999999999999737e+00,-6.703003459772441386e-03,3.174299523005220749e+02
4.206000000000000405e+00,-7.610154430627327250e-03,3.177768457319239133e+02
4.208000000000000185e+00,-8.560398952476315146e-03,3.181535223287369263e+02
4.209999999999999964e+00,-9.459223351566830446e-03,3.185404071365003347e+02
4.211999999999999744e+00,-1.021211201126673643e-02,3.189157491087949552e+02
4.214000000000000412e+00,-1.075654462485495060e-02,3.192626043632452593e+02
4.216000000000000192e+00,-1.107430878727816079e-02,3.195722771477275614e+02
4.217999999999999972e+00,-1.118214008515284845e-02,3.198433009209941815e+02
4.219999999999999751e+00,-1.111467138937193878e-02,3.200785084340450339e+02
4.222000000000000419e+00,-1.091088089536807262e-02,3.202824704314812152e+02
4.224000000000000199e+00,-1.060674618851395468e-02,3.204599832718341190e+02
4.225999999999999979e+00,-1.023247720382400479e-02,3.206153934027231003e+02
4.227999999999999758e+00,-9.812183483017305335e-03,3.207523932795257906e+02
4.230000000000000426e+00,-9.364552145480395037e-03,3.208740317317645463e+02
4.232000000000000206e+00,-8.903808053562693378e-03,3.209828017548236403e+02
4.233999999999999986e+00,-8.440644668942232087e-03,3.210807436895389628e+02
4.235999999999999766e+00,-7.983019712818591532e-03,3.211695398440045324e+02
4.238000000000000433e+00,-7.536798581994606956e-03,3.212505937311111097e+02
4.240000000000000213e+00,-7.106261498907849930e-03,3.213250939690709060e+02
4.241999999999999993e+00,-6.694499225437243115e-03,3.213940652025464715e+02
4.243999999999999773e+00,-6.303721623712263238e-03,3.214584088469301832e+02
4.246000000000000441e+00,-5.935499820180232221e-03,3.215189362350910187e+02
4.248000000000000220e+00,-5.590958806523221511e-03,3.215763963550400035e+02
4.250000000000000000e+00,-5.270933914769780973e-03,3.216315000022409549e+02
4.251999999999999780e+00,-4.976101979003647383e-03,3.216849418974784953e+02
4.254000000000000448e+00,-4.707096140045375493e-03,3.217374221572406441e+02
4.256000000000000227e+00,-4.464612093237137376e-03,3.217896684506181941e+02
4.258000000000000007e+00,-4.249513058057780707e-03,3.218424602362241558e+02
4.259999999999999787e+00,-4.062940823654529257e-03,3.218966566504167304e+02
4.262000000000000455e+00,-3.906440881857905015e-03,3.219532299242785598e+02
4.264000000000000234e+00,-3.782110878155344001e-03,3.220133066499161032e+02
4.266000000000000014e+00,-3.692783285450832939e-03,3.220782197864370460e+02
4.267999999999999794e+00,-3.642254953509680652e-03,3.221495749203426726e+02
4.270000000000000462e+00,-3.635576908141493167e-03,3.222293347381369699e+02
4.272000000000000242e+00,-3.679414649942532294e-03,3.223199252990614241e+02
4.274000000000000021e+00,-3.782475532095993988e-03,3.224243649791900452e+02
4.275999999999999801e+00,-3.955960610848493868e-03,3.225464084227289163e+02
4.278000000000000469e+00,-4.213902670663074827e-03,3.226906762072075594e+02
4.280000000000000249e+00,-4.573043658682679306e-03,3.228626927511388658e+02
4.282000000000000028e+00,-5.051509111134614566e-03,3.230686615513932907e+02
4.283999999999999808e+00,-5.664956186809460767e-03,3.233146640188496121e+02
4.286000000000000476e+00,-6.418531232089129054e-03,3.236048631332066634e+02
4.288000000000000256e+00,-7.294360562241536915e-03,3.239385526333143730e+02
4.290000000000000036e+00,-8.239587006912860515e-03,3.243070290655645067e+02
4.291999999999999815e+00,-9.167142153441460578e-03,3.246929423536185482e+02
4.294000000000000483e+00,-9.978510517512874031e-03,3.250744470483559212e+02
4.296000000000000263e+00,-1.059768978304693847e-02,3.254323398781362471e+02
4.298000000000000043e+00,-1.099166869296811129e-02,3.257550623837939270e+02
4.299999999999999822e+00,-1.116720228564559159e-02,3.260389973206047785e+02
4.302000000000000490e+00,-1.115468761043099735e-02,3.262858562361190593e+02
4.304000000000000270e+00,-1.099275063849912068e-02,3.264998435254250921e+02
4.306000000000000050e+00,-1.071887339652861926e-02,3.266857885594394020e+02
4.307999999999999829e+00,-1.036533834984114909e-02,3.268482296995069305e+02
4.310000000000000497e+00,-9.958272921825663329e-03,3.269910863896822661e+02
4.312000000000000277e+00,-9.518096049743270462e-03,3.271176174381347437e+02
4.314000000000000057e+00,-9.060433139055593110e-03,3.272304923686069742e+02
4.315999999999999837e+00,-8.597075740384096942e-03,3.273318934033397340e+02
4.318000000000000504e+00,-8.136827699828231078e-03,3.274236143086359334e+02
4.320000000000000284e+00,-7.686199231777155090e-03,3.275071450423368447e+02
4.322000000000000064e+00,-7.249957545386799540e-03,3.275837406386908128e+02
4.323999999999999844e+00,-6.831557414191693350e-03,3.276544762080076225e+02
4.326000000000000512e+00,-6.433476700920343072e-03,3.277202908177504810e+02
4.328000000000000291e+00,-6.057478911764673998e-03,3.277820229447423799e+02
4.330000000000000071e+00,-5.704820907651606855e-03,3.278404398221312590e+02
4.331999999999999851e+00,-5.376420277008521834e-03,3.278962626197199484e+02
4.334000000000000519e+00,-5.072993981858568008e-03,3.279501890890210234e+02
4.336000000000000298e+00,-4.795177779480397189e-03,3.280029151030471439e+02
4.338000000000000078e+00,-4.543634537121368604e-03,3.280551564303086138e+02
4.339999999999999858e+00,-4.319158826819879081e-03,3.281076721035514083e+02
4.342000000000000526e+00,-4.122785063331952868e-03,3.281612908805589655e+02
4.344000000000000306e+00,-3.955906909715174204e-03,3.282169425558335547e+02
4.346000000000000085e+00,-3.820416709198007701e-03,3.282756962784029611e+02
4.347999999999999865e+00,-3.718875245313294376e-03,3.283388085615787872e+02
4.350000000000000533e+00,-3.654723929200296480e-03,3.284077842915077099e+02
4.352000000000000313e+00,-3.632552781223786446e-03,3.284844545897053649e+02
4.354000000000000092e+00,-3.658436243195898902e-03,3.285710754015800035e+02
4.355999999999999872e+00,-3.740339893289367466e-03,3.286704490225276913e+02
4.357999999999999652e+00,-3.888573050254969226e-03,3.287860647818225175e+02
4.360000000000000320e+00,-4.116190558926937325e-03,3.289222390584665732e+02
4.362000000000000099e+00,-4.439084772439264720e-03,3.290841975565418238e+02
4.363999999999999879e+00,-4.875183851265812995e-03,3.292779666529758060e+02
4.365999999999999659e+00,-5.441639175282955536e-03,3.295098118754696088e+02
4.368000000000000327e+00,-6.148362649723339464e-03,3.297848224278779981e+02
4.370000000000000107e+00,-6.986827911077998776e-03,3.301043207186704649e+02
4.371999999999999886e+00,-7.916864807498875944e-03,3.304625738444966601e+02
4.373999999999999666e+00,-8.861552698809060935e-03,3.308449476128880633e+02
4.376000000000000334e+00,-9.722515750836522447e-03,3.312303714760067237e+02
4.378000000000000114e+00,-1.041270672261930368e-02,3.315979791938148651e+02
4.379999999999999893e+00,-1.088382659149682470e-02,3.319333627854267093e+02
4.381999999999999673e+00,-1.113067711501165152e-02,3.322304299157173091e+02
4.384000000000000341e+00,-1.117761538680581666e-02,3.324894370903030563e+02
4.386000000000000121e+00,-1.106185397083192870e-02,3.327140097583028933e+02
4.387999999999999901e+00,-1.082193571570203364e-02,3.329089089191176072e+02
4.389999999999999680e+00,-1.049212062476923002e-02,3.330788298915213090e+02
4.392000000000000348e+00,-1.010061265642590682e-02,3.332279157391103581e+02
4.394000000000000128e+00,-9.669670603692101518e-03,3.333596440648213957e+02
4.395999999999999908e+00,-9.216431451690001997e-03,3.334768728524476273e+02
4.397999999999999687e+00,-8.753881949488602141e-03,3.335819376003064463e+02
4.400000000000000355e+00,-8.291751412319312356e-03,3.336767532295444880e+02
4.402000000000000135e+00,-7.837257691058044373e-03,3.337629040097252755e+02
4.403999999999999915e+00,-7.395704052555195779e-03,3.338417176625511615e+02
4.405999999999999694e+00,-6.970947501642369044e-03,3.339143247639884748e+02
4.408000000000000362e+00,-6.565763803088033208e-03,3.339817060720931181e+02
4.410000000000000142e+00,-6.182132497460194470e-03,3.340447305506515363e+02
4.411999999999999922e+00,-5.821461376548003712e-03,3.341041865466302170e+02
4.413999999999999702e+00,-5.484766076250920802e-03,3.341608081843481841e+02
4.416000000000000369e+00,-5.172817288636296848e-03,3.342152987004700435e+02
4.418000000000000149e+00,-4.886265724271423964e-03,3.342683522055929757e+02
4.419999999999999929e+00,-4.625753334360291000e-03,3.343206752301084066e+02
4.421999999999999709e+00,-4.392018357219099056e-03,3.343730093951029971e+02
4.424000000000000377e+00,-4.186001427935800469e-03,3.344261566459198889e+02
4.426000000000000156e+00,-4.008960254622052390e-03,3.344810087040741564e+02
4.427999999999999936e+00,-3.862601207775321049e-03,3.345385827431303483e+02
4.429999999999999716e+00,-3.749237554925622697e-03,3.346000657810930647e+02
4.432000000000000384e+00,-3.671985834916824051e-03,3.346668708822220992e+02
4.434000000000000163e+00,-3.635013457695048401e-03,3.347407088653611140e+02
4.435999999999999943e+00,-3.643850529669148079e-03,3.348236794948085162e+02
4.437999999999999723e+00,-3.705773385997253137e-03,3.349183852347351831e+02
4.440000000000000391e+00,-3.830247609743259521e-03,3.350280665668179267e+02
4.442000000000000171e+00,-4.029365305903697368e-03,3.351567461500584386e+02
4.443999999999999950e+00,-4.318086774545061395e-03,3.353093407076802919e+02
4.445999999999999730e+00,-4.713835591329178752e-03,3.354916387836423723e+02
4.448000000000000398e+00,-5.234530404535092316e-03,3.357099314983282738e+02
4.450000000000000178e+00,-5.893549432620800825e-03,3.359699350550953909e+02
4.451999999999999957e+00,-6.690113022218536175e-03,3.362746054761371397e+02
4.453999999999999737e+00,-7.596025023658860634e-03,3.366209396934870597e+02
4.456000000000000405e+00,-8.546276584357671846e-03,3.369972997122458764e+02
4.458000000000000185e+00,-9.446615046738930654e-03,3.373841960593245517e+02
4.459999999999999964e+00,-1.020226184444739809e-02,3.377598550731144087e+02
4.461999999999999744e+00,-1.075006147355757162e-02,3.381072227508157653e+02
4.464000000000000412e+00,-1.107116689386659913e-02,3.384174785066376785e+02
4.466000000000000192e+00,-1.118191486171885712e-02,3.386890679170961675e+02
4.467999999999999972e+00,-1.111678560023507747e-02,3.389247806499789135e+02
4.469999999999999751e+00,-1.091476078220244075e-02,3.391291751219473554e+02
4.472000000000000419e+00,-1.061189193095874242e-02,3.393070509043064362e+02
4.474000000000000199e+00,-1.023848182049701475e-02,3.394627634871827695e+02
4.475999999999999979e+00,-9.818727798839299581e-03,3.396000153718896399e+02
4.477999999999999758e+00,-9.371391372069952722e-03,3.397218644801280902e+02
4.480000000000000426e+00,-8.910757164901039057e-03,3.398308113758117202e+02
4.482000000000000206e+00,-8.447565327626740603e-03,3.399289024530090728e+02
4.483999999999999986e+00,-7.989809480341629813e-03,3.400178247626663506e+02
4.485999999999999766e+00,-7.543382335841053270e-03,3.400989854900850560e+02
4.488000000000000433e+00,-7.112584715250392688e-03,3.401735760705976759e+02
4.490000000000000213e+00,-6.700522746370144063e-03,3.402426232845264167e+02
4.491999999999999993e+00,-6.309417567927727739e-03,3.403070301340928836e+02
4.493999999999999773e+00,-5.940848355500415873e-03,3.403676090869223003e+02
4.496000000000000441e+00,-5.595945558779653363e-03,3.404251098805321476e+02
4.498000000000000220e+00,-5.275547832925329625e-03,3.404802437163977515e+02
4.500000000000000000e+00,-4.980333509946546777e-03,3.405337053978112749e+02
4.501999999999999780e+00,-4.710935588962022677e-03,3.405861948001267479e+02
4.504000000000000448e+00,-4.468048057983493512e-03,3.406384390073667987e+02
4.506000000000000227e+00,-4.252530829304392544e-03,3.406912165069493881e+02
4.508000000000000007e+00,-4.065520637126621845e-03,3.407453850102323258e+02
4.509999999999999787e+00,-3.908555894891573360e-03,3.408019147707379943e+02
4.512000000000000455e+00,-3.783724720680961984e-03,3.408619297129703796e+02
4.514000000000000234e+00,-3.693847008335175534e-03,3.409267592529265585e+02
4.516000000000000014e+00,-3.642703174383324794e-03,3.409980043160996956e+02
4.517999999999999794e+00,-3.635322962062387947e-03,3.410776215077896154e+02
4.520000000000000462e+00,-3.678344652907685440e-03,3.411680290409663030e+02
4.522000000000000242e+00,-3.780441606338039509e-03,3.412722353644002737e+02
4.524000000000000021e+00,-3.952774420919692375e-03,3.413939830268525952e+02
4.525999999999999801e+00,-4.209332510624178882e-03,3.415378789617469693e+02
4.528000000000000469e+00,-4.566822660287057564e-03,3.417094347301709263e+02
4.530000000000000249e+00,-5.043369706601415203e-03,3.419148476183672756e+02
4.532000000000000028e+00,-5.654714936227345570e-03,3.421602111530719412e+02
4.533999999999999808e+00,-6.406245910448003962e-03,3.424497363555686889e+02
4.536000000000000476e+00,-7.280536052209295693e-03,3.427828151875499429e+02
4.538000000000000256e+00,-8.225296616213755366e-03,3.431508791551826789e+02
4.540000000000000036e+00,-9.153858253032439579e-03,3.435366896515777739e+02
4.541999999999999815e+00,-9.967623709234334564e-03,3.439184173297389293e+02
4.544000000000000483e+00,-1.059004238836458271e-02,3.442767712412975243e+02
4.546000000000000263e+00,-1.098742970456061466e-02,3.446000650636393061e+02
4.548000000000000043e+00,-1.116605147625004957e-02,3.448845783622125509e+02
4.549999999999999822e+00,-1.115607686523146028e-02,3.451319654965706718e+02
4.552000000000000490e+00,-1.099609352637895970e-02,3.453464100294592072e+02
4.554000000000000270e+00,-1.072364108880439690e-02,3.455327406709357092e+02
4.556000000000000050e+00,-1.037109225210154466e-02,3.456955035938457286e+02
4.557999999999999829e+00,-9.964665444869716740e-03,3.458386282727811363e+02
4.560000000000000497e+00,-9.524858901242740788e-03,3.459653830414801519e+02
4.562000000000000277e+00,-9.067362642042079909e-03,3.460784455246798643e+02
4.564000000000000057e+00,-8.604019085958272695e-03,3.461800044925897168e+02
4.565999999999999837e+00,-8.143671368739386143e-03,3.462718588707147660e+02
4.568000000000000504e+00,-7.692859696641933184e-03,3.463555026255475582e+02
4.570000000000000284e+00,-7.256373965417371036e-03,3.464321938762184914e+02
4.572000000000000064e+00,-6.837685941102213116e-03,3.465030100824424721e+02
4.573999999999999844e+00,-6.439286037286727320e-03,3.465688920717049655e+02
4.576000000000000512e+00,-6.062946819815242215e-03,3.466306795996765118e+02
4.578000000000000291e+00,-5.709931425029591071e-03,3.466891407735122925e+02
4.580000000000000071e+00,-5.381161445371767868e-03,3.467449972819675850e+02
4.581999999999999851e+00,-5.077355931698057656e-03,3.467989470675399275e+02
4.584000000000000519e+00,-4.799151040623257994e-03,3.468516858728519310e+02
4.586000000000000298e+00,-4.547208460164852903e-03,3.469039290012826768e+02
4.588000000000000078e+00,-4.322320007125696022e-03,3.469564346512286193e+02
4.589999999999999858e+00,-4.125515656729162976e-03,3.470100303183725714e+02
4.592000000000000526e+00,-3.958182717852343734e-03,3.470656440198791870e+02
4.594000000000000306e+00,-3.822204892930324352e-03,3.471243424887977653e+02
4.596000000000000085e+00,-3.720131498441494461e-03,3.471873790156729456e+02
4.597999999999999865e+00,-3.655388918826500428e-03,3.472562542347787371e+02
4.600000000000000533e+00,-3.632547653484973459e-03,3.473327937041469227e+02
4.602000000000000313e+00,-3.657657051244005489e-03,3.474192461593524399e+02
4.604000000000000092e+00,-3.738651039375875344e-03,3.475184047000930718e+02
4.605999999999999872e+00,-3.885800492923018393e-03,3.476337472741406600e+02
4.608000000000000540e+00,-4.112117127999845301e-03,3.477695769935704107e+02
4.610000000000000320e+00,-4.433453369199104842e-03,3.479311060060854288e+02
4.612000000000000099e+00,-4.867720741072977149e-03,3.481243512562775777e+02
4.613999999999999879e+00,-5.432118714988672971e-03,3.483555824531101166e+02
4.615999999999999659e+00,-6.136738931855996101e-03,3.486299225635559651e+02
4.618000000000000327e+00,-6.973432511984828559e-03,3.489487747267487521e+02
4.620000000000000107e+00,-7.902579435594787524e-03,3.493065329789905604e+02
4.621999999999999886e+00,-8.847756770856805494e-03,3.496886915520132106e+02
4.623999999999999666e+00,-9.710689688092277380e-03,3.500742336606138565e+02
4.626000000000000334e+00,-1.040391255845906152e-02,3.504422358822025103e+02
4.628000000000000114e+00,-1.087845148246266783e-02,3.507781671696711783e+02
4.629999999999999893e+00,-1.112853637019004839e-02,3.510758189520630594e+02
4.631999999999999673e+00,-1.117821178940732983e-02,3.513353751070893054e+02
4.634000000000000341e+00,-1.106459908590318349e-02,3.515604298105824910e+02
4.636000000000000121e+00,-1.082627516672490971e-02,3.517557381887714314e+02
4.637999999999999901e+00,-1.049758413325800437e-02,3.519260014441368867e+02
4.639999999999999680e+00,-1.010682280359466272e-02,3.520753723584246018e+02
4.642000000000000348e+00,-9.676333882828347388e-03,3.522073383965162066e+02
4.644000000000000128e+00,-9.223323952406731890e-03,3.523247661649035649e+02
4.645999999999999908e+00,-8.760835065807420080e-03,3.524299982251048391e+02
4.647999999999999687e+00,-8.298639482680400872e-03,3.525249551017316776e+02
4.650000000000000355e+00,-7.843987950320671296e-03,3.526112254353923845e+02
4.652000000000000135e+00,-7.402208694238653942e-03,3.526901403220028897e+02
4.653999999999999915e+00,-6.977177481205015276e-03,3.527628329173606403e+02
4.655999999999999694e+00,-6.571684009402773211e-03,3.528302859250702568e+02
4.658000000000000362e+00,-6.187717970082057782e-03,3.528933697405490193e+02
4.660000000000000142e+00,-5.826694306239394404e-03,3.529528737149378230e+02
4.661999999999999922e+00,-5.489633379229003074e-03,3.530095326075309003e+02
4.663999999999999702e+00,-5.177308586560282373e-03,3.530640499552055758e+02
4.666000000000000369e+00,-4.890371591820102601e-03,3.531171198473924733e+02
4.668000000000000149e+00,-4.629463695396322451e-03,3.531694484653667701e+02
4.669999999999999929e+00,-4.395320920019267670e-03,3.532217767260524965e+02
4.671999999999999709e+00,-4.188880050455485136e-03,3.532749054656360386e+02
4.674000000000000377e+00,-4.011393122492770517e-03,3.533297248144676814e+02
4.676000000000000156e+00,-3.864558690912670968e-03,3.533872497625933988e+02
4.677999999999999936e+00,-3.750679584360652134e-03,3.534486644002072353e+02
4.679999999999999716e+00,-3.672858614154465764e-03,3.535153779164522234e+02
4.682000000000000384e+00,-3.635245305777573023e-03,3.535890960457479082e+02
4.684000000000000163e+00,-3.643346680833959520e-03,3.536719119390377841e+02
4.685999999999999943e+00,-3.704409727106904287e-03,3.537664195707024533e+02
4.687999999999999723e+00,-3.827863811648854822e-03,3.538758487828867487e+02
4.690000000000000391e+00,-4.025759001402723705e-03,3.540042095148886574e+02
4.692000000000000171e+00,-4.313013118250525781e-03,3.541564047194895579e+02
4.693999999999999950e+00,-4.707021846551060623e-03,3.543382113551425618e+02
4.695999999999999730e+00,-5.225723720224412054e-03,3.545559186476799596e+02
4.698000000000000398e+00,-5.882623562685186658e-03,3.548152644422953585e+02
4.700000000000000178e+00,-6.677247902530740985e-03,3.551192681891719189e+02
4.701999999999999957e+00,-7.581906197327036023e-03,3.554650405667564428e+02
4.703999999999999737e+00,-8.532143016801659735e-03,3.558410795117494558e+02
4.706000000000000405e+00,-9.433973560654689353e-03,3.562279823564329035e+02
4.708000000000000185e+00,-1.019236405906360360e-02,3.566039545101128283e+02
4.709999999999999964e+00,-1.074352668243790110e-02,3.569518326545731952e+02
4.711999999999999744e+00,-1.106797738224353338e-02,3.572626710931551202e+02
4.714000000000000412e+00,-1.118165003168171412e-02,3.575348268174899999e+02
4.716000000000000192e+00,-1.111886910168337003e-02,3.577710458227808203e+02
4.717999999999999972e+00,-1.091861811150820344e-02,3.579758738601245227e+02
4.719999999999999751e+00,-1.061702193149071348e-02,3.581541135669330629e+02
4.722000000000000419e+00,-1.024447612086995182e-02,3.583101294336838123e+02
4.724000000000000199e+00,-9.825265997516541283e-03,3.584476340119785505e+02
4.725999999999999979e+00,-9.378227675187318646e-03,3.585696943363897162e+02
4.727999999999999758e+00,-8.917705752317902149e-03,3.586788185629632721e+02
4.730000000000000426e+00,-8.454487247410200079e-03,3.587770591604261767e+02
4.732000000000000206e+00,-7.996601824249771617e-03,3.588661079404337215e+02
4.733999999999999986e+00,-7.549969625572278131e-03,3.589473757750645291e+02
4.735999999999999766e+00,-7.118912160025021689e-03,3.590220569282040515e+02
4.738000000000000433e+00,-6.706550990564000975e-03,3.590911803249750278e+02
4.740000000000000213e+00,-6.315118586835785468e-03,3.591556505618608526e+02
4.741999999999999993e+00,-5.946202216739028892e-03,3.592162812474601310e+02
4.743999999999999773e+00,-5.600937823053722675e-03,3.592738228742064734e+02
4.746000000000000441e+00,-5.280167413460658613e-03,3.593289870545384588e+02
4.748000000000000220e+00,-4.984570843601118448e-03,3.593824686790575811e+02
4.750000000000000000e+00,-4.714780994659238667e-03,3.594349673869346589e+02
4.751999999999999780e+00,-4.471490170771422017e-03,3.594872096825343419e+02
4.754000000000000448e+00,-4.255555001827871463e-03,3.595399730882993481e+02
4.756000000000000227e+00,-4.068107194983516806e-03,3.595941138980344931e+02
4.758000000000000007e+00,-3.910678118365774544e-03,3.596506003968943901e+02
4.759999999999999787e+00,-3.785346403343858076e-03,3.597105538533643880e+02
4.762000000000000455e+00,-3.694919415861021468e-03,3.597753001550970566e+02
4.764000000000000234e+00,-3.643161203919555950e-03,3.598464355854271162e+02
4.766000000000000014e+00,-3.635080308939781044e-03,3.599259106922336855e+02
4.767999999999999794e+00,-3.677287889940725283e-03,3.600161358712424544e+02
4.770000000000000462e+00,-3.778423416512030533e-03,3.601201096767402419e+02
4.772000000000000242e+00,-3.949607112265843267e-03,3.602415625926503253e+02
4.774000000000000021e+00,-4.204785008791965366e-03,3.603850879203529303e+02
4.775999999999999801e+00,-4.560628461262075141e-03,3.605561843201214742e+02
4.778000000000000469e+00,-5.035260787008182318e-03,3.607610426986705079e+02
4.780000000000000249e+00,-5.644505625591620356e-03,3.610057683042506369e+02
4.782000000000000028e+00,-6.393988870689064005e-03,3.612946195243227976e+02
4.783999999999999808e+00,-7.266728093719155776e-03,3.616270857832816432e+02
4.786000000000000476e+00,-8.211002844504749348e-03,3.619947333300182777e+02
4.788000000000000256e+00,-9.140548090914631801e-03,3.623804359774766226e+02
4.790000000000000036e+00,-9.956693010671988434e-03,3.627623821999157485e+02
4.791999999999999815e+00,-1.058234362272123495e-02,3.631211945657678939e+02
4.794000000000000483e+00,-1.098314109307834893e-02,3.634450589246579852e+02
4.796000000000000263e+00,-1.116485812784330685e-02,3.637301510129181565e+02
4.798000000000000043e+00,-1.115743242955553709e-02,3.639780673415112346e+02
4.799999999999999822e+00,-1.099941123408391258e-02,3.641929702198623318e+02
4.802000000000000490e+00,-1.072839089290770868e-02,3.643796874963285291e+02
4.804000000000000270e+00,-1.037683415006456639e-02,3.645427730858931454e+02
4.806000000000000050e+00,-9.971050553823326140e-03,3.646861664868412163e+02
4.807999999999999829e+00,-9.531617847626750947e-03,3.648131455757672370e+02
4.810000000000000497e+00,-9.074290886275053827e-03,3.649263961018799023e+02
4.812000000000000277e+00,-8.610963147815509089e-03,3.650281134057962618e+02
4.814000000000000057e+00,-8.150517213965244312e-03,3.651201015913237597e+02
4.815999999999999837e+00,-7.699523406619003009e-03,3.652038586491030401e+02
4.818000000000000504e+00,-7.262794404803566035e-03,3.652806457954997086e+02
4.820000000000000284e+00,-6.843819042353693587e-03,3.653515428494804951e+02
4.822000000000000064e+00,-6.445100342620692715e-03,3.654174924065040386e+02
4.823999999999999844e+00,-6.068419977686353127e-03,3.654793355076668604e+02
4.826000000000000512e+00,-5.715047396832976211e-03,3.655378411397731497e+02
4.828000000000000291e+00,-5.385908227590651201e-03,3.655937315156009504e+02
4.830000000000000071e+00,-5.081723636395836866e-03,3.656477047734521761e+02
4.831999999999999851e+00,-4.803130203438812744e-03,3.657004565304258108e+02
4.834000000000000519e+00,-4.550788460886225073e-03,3.657527016299881666e+02
4.836000000000000298e+00,-4.325487494449826824e-03,3.658051974420892520e+02
4.838000000000000078e+00,-4.128252866449586347e-03,3.658587702072907177e+02
4.839999999999999858e+00,-3.960465562652968306e-03,3.659143461739562895e+02
4.842000000000000526e+00,-3.824000682517268105e-03,3.659729896698507332e+02
4.844000000000000306e+00,-3.721396122748755250e-03,3.660359507763436113e+02
4.846000000000000085e+00,-3.656063300881995295e-03,3.661047258932015325e+02
4.847999999999999865e+00,-3.632553270499456338e-03,3.661811350370085734e+02
4.850000000000000533e+00,-3.656890379013784647e-03,3.662674197607964857e+02
4.852000000000000313e+00,-3.736977006065608353e-03,3.663663640004625677e+02
4.854000000000000092e+00,-3.883045678173867657e-03,3.664814343547802764e+02
4.855999999999999872e+00,-4.108065015404987336e-03,3.666169206900723339e+02
4.858000000000000540e+00,-4.427847358539974999e-03,3.667780215789935028e+02
4.860000000000000320e+00,-4.860287005820808706e-03,3.669707444175674027e+02
4.862000000000000099e+00,-5.422630111286998178e-03,3.672013627892768568e+02
4.863999999999999879e+00,-6.125145512468957269e-03,3.674750328402371338e+02
4.865999999999999659e+00,-6.960058644258625485e-03,3.677932376600761017e+02
4.868000000000000327e+00,-7.888298132663949455e-03,3.681504977340003961e+02
4.870000000000000107e+00,-8.833942135748852273e-03,3.685324362489973851e+02
4.871999999999999886e+00,-9.698824681448383819e-03,3.689180917688404406e+02
4.873999999999999666e+00,-1.039506837331789259e-02,3.692864851942166524e+02
4.876000000000000334e+00,-1.087302535061908035e-02,3.696229628265592169e+02
4.878000000000000114e+00,-1.112635034204580847e-02,3.699211993626577737e+02
4.879999999999999893e+00,-1.117877147126485754e-02,3.701813053485606702e+02
4.881999999999999673e+00,-1.106731625308886476e-02,3.704068431783044275e+02
4.884000000000000341e+00,-1.083059441976552857e-02,3.706025618391236094e+02
4.886000000000000121e+00,-1.050303380065934454e-02,3.707731683127144606e+02
4.887999999999999901e+00,-1.011302411596341939e-02,3.709228250766415158e+02
4.889999999999999680e+00,-9.682992176715093588e-03,3.710550294696437845e+02
4.892000000000000348e+00,-9.230214382992598179e-03,3.711726567434826052e+02
4.894000000000000128e+00,-8.767788294914338060e-03,3.712780565460886919e+02
4.895999999999999908e+00,-8.305529284725778408e-03,3.713731550258621610e+02
4.897999999999999687e+00,-7.850721130380442295e-03,3.714595452111402665e+02
4.900000000000000355e+00,-7.408717121235973944e-03,3.715385615854006573e+02
4.902000000000000135e+00,-6.983411867931077835e-03,3.716113398948945701e+02
4.903999999999999915e+00,-6.577609066007835369e-03,3.716788647973045840e+02
4.905999999999999694e+00,-6.193308607747787659e-03,3.717420081266682814e+02
4.908000000000000362e+00,-5.831932627624540622e-03,3.718015602442162617e+02
4.910000000000000142e+00,-5.494506245445664357e-03,3.718582565494438654e+02
4.911999999999999922e+00,-5.181805592157451811e-03,3.719128008843113093e+02
4.913999999999999702e+00,-4.894483309264065565e-03,3.719658873218997996e+02
4.916000000000000369e+00,-4.633180069826862806e-03,3.720182216994326723e+02
4.918000000000000149e+00,-4.398629704690856269e-03,3.720705442353021795e+02
4.919999999999999929e+00,-4.191765173885210992e-03,3.721236546631048441e+02
4.921999999999999709e+00,-4.013832870203539599e-03,3.721784415299752027e+02
4.924000000000000377e+00,-3.866523567962131067e-03,3.722359176523291922e+02
4.926000000000000156e+00,-3.752129700671320758e-03,3.722972642050695526e+02
4.927999999999999936e+00,-3.673740407335502559e-03,3.723638865182076643e+02
4.929999999999999716e+00,-3.635487398669326464e-03,3.724374852621025980e+02
4.932000000000000384e+00,-3.642854697601056405e-03,3.725201469998383459e+02
4.934000000000000163e+00,-3.703060045032912934e-03,3.726144572465594820e+02
4.935999999999999943e+00,-3.825496693723126531e-03,3.727236352379845812e+02
4.937999999999999723e+00,-4.022172735904242999e-03,3.728516782208453151e+02
4.940000000000000391e+00,-4.307963444107157890e-03,3.730034753770159455e+02
4.942000000000000171e+00,-4.700236205232027550e-03,3.731847920049860363e+02
4.943999999999999950e+00,-5.216948354300453457e-03,3.734019152056349640e+02
4.945999999999999730e+00,-5.871729170300116901e-03,3.736606039801900465e+02
4.948000000000000398e+00,-6.664408253337990480e-03,3.739639404626450983e+02
4.950000000000000178e+00,-7.567798235738709516e-03,3.743091484068085606e+02
4.951999999999999957e+00,-8.517998599605631355e-03,3.746848618031665978e+02
4.953999999999999737e+00,-9.421299182443892625e-03,3.750717660985857833e+02
4.956000000000000405e+00,-1.018241879393669107e-02,3.754480474643737580e+02
4.958000000000000185e+00,-1.073694024248227769e-02,3.757964340899474109e+02
4.959999999999999964e+00,-1.106474015300019063e-02,3.761078549027155304e+02
4.961999999999999744e+00,-1.118134546256239516e-02,3.763805776081069325e+02
4.964000000000000412e+00,-1.112092176331438281e-02,3.766173039358326378e+02
4.966000000000000192e+00,-1.092245277031766125e-02,3.768225666302627701e+02
4.967999999999999972e+00,-1.062213609842023281e-02,3.770011712460728290e+02
4.969999999999999751e+00,-1.025046003316851598e-02,3.771574912308775538e+02
4.972000000000000419e+00,-9.831798024060051794e-03,3.772952491905011811e+02
4.974000000000000199e+00,-9.385061013292938029e-03,3.774175212929633858e+02
4.975999999999999979e+00,-8.924653784764639830e-03,3.775268233100535440e+02
4.977999999999999758e+00,-8.461410405305676979e-03,3.776252138066305406e+02
4.980000000000000426e+00,-8.003396727687746293e-03,3.777143893729716524e+02
4.982000000000000206e+00,-7.556560438956584982e-03,3.777957645823470330e+02
4.983999999999999986e+00,-7.125243824448583042e-03,3.778705365386669541e+02
4.985999999999999766e+00,-6.712583951768003217e-03,3.779397363210257481e+02
4.988000000000000433e+00,-6.320824675993440972e-03,3.780042701276228740e+02
4.990000000000000213e+00,-5.951561400680202736e-03,3.780649527142618922e+02
4.991999999999999993e+00,-5.605935596878040307e-03,3.781225353337126194e+02
4.993999999999999773e+00,-5.284792654248368117e-03,3.781777300143321554e+02
4.996000000000000441e+00,-4.988813977812521852e-03,3.782312317388336851e+02
4.998000000000000220e+00,-4.718632354605107812e-03,3.782837399151510454e+02
5.000000000000000000e+00,-4.474938428334341439e-03,3.783359804733919418e+02
