time,y1,y2,y3
0.0,0.10410278412123895,-0.021974180416491608,-0.23978493499844467
0.02,0.0971842544393717,-0.013411533700191734,-0.3108207455914383
0.04,0.10847010739555055,-0.00425256976838102,-0.34628603274672626
0.06,0.14358159306588866,0.005169171834922084,-0.344495484913232
0.08,0.20583195407410776,0.014611562321156754,-0.3049061160207768
0.1,0.2893433538504584,0.023832928352438727,-0.22788737948908735
0.12,0.37332212084509586,0.03236188241392011,-0.11514605845003964
0.14,0.4352141284710423,0.03934929778088864,0.02895799935125877
0.16,0.4703923892247024,0.04383739362212196,0.19630030155483486
0.18,0.48664623629484216,0.0451710956026242,0.3754308410680747
0.2,0.4912531248725949,0.043133371406796496,0.5531570199306575
0.22,0.4879909358194849,0.03788504866791733,0.7162042471299165
0.24,0.47854606891845414,0.029876019470029196,0.8525470994629274
0.26,0.4637495629341437,0.019767385177042,0.9524067848213553
0.28,0.4441326536378118,0.00835841076039542,1.0089494968363242
0.3,0.42013248542871595,-0.003486319780234338,1.0186933604629513
0.32,0.39216603277561213,-0.014908289140575664,0.9816258766011352
0.34,0.3606603407539989,-0.025121086539636947,0.9010450585746997
0.36,0.3260708480478577,-0.03346678031411379,0.7831543620617748
0.38,0.288900872102847,-0.03945889257402846,0.6364578339455554
0.4,0.2497308145740304,-0.04280929099978729,0.4710148323880893
0.42,0.2092660079487917,-0.04343753907373866,0.29762198698590275
0.44,0.16841309186116024,-0.04146249801702915,0.1269933901254859
0.46,0.12839174943898116,-0.0371771836103913,-0.030991596351894468
0.48,0.09087487145363098,-0.03100909862551484,-0.16790995757698993
0.5,0.05812240161000555,-0.02346964733840405,-0.2772346742278021
0.52,0.033049331189304795,-0.015097831366087052,-0.35455860012786183
0.54,0.01919658423382102,-0.00640458694179392,-0.39759224694218115
0.56,0.02068824076933589,0.002176682774105953,-0.40594990949649506
0.58,0.042335046268521546,0.01033127036443125,-0.3807544893603695
0.6,0.0896478613291832,0.01789521076531264,-0.3240946605261453
0.62,0.16681760433629855,0.02485980725226194,-0.23839563652823006
0.64,0.2682123996688087,0.03126865454221635,-0.12594600565952363
0.66,0.3679458160130066,0.03690428117025026,0.010750264477401635
0.68,0.4366553784175989,0.04103034847403712,0.16728451259410304
0.7000000000000001,0.4710377318347354,0.04273540092059352,0.3357453242030205
0.72,0.48363675842945486,0.041476010662874034,0.5051923271604377
0.74,0.4841837335763237,0.03719771476207873,0.663511961937743
0.76,0.4771636689233065,0.030215534803206164,0.7991580045136555
0.78,0.4644146488017632,0.02109291205002307,0.9023753365241731
0.8,0.44680183093990244,0.010551753617299625,0.9660062688194103
0.8200000000000001,0.4248817291357851,-0.0006033479859162281,0.9859702411595017
0.84,0.39913325573419134,-0.011555169222669099,0.961452871347113
0.86,0.3700423516202062,-0.021538236917587217,0.8948253982747951
0.88,0.3381451685841659,-0.02989450766604195,0.7913228281091775
0.9,0.3040676082600093,-0.03611690254877496,0.6585225741237286
0.92,0.2685790943374623,-0.03987788910615277,0.5056780845491246
0.9400000000000001,0.2326740201987769,-0.041041322896467676,0.3429712149367064
0.96,0.19769260602310026,-0.039656907995085214,0.1807519794760139
0.98,0.16548623837173385,-0.035937838623198486,0.02883449465982306
1.0,0.1386145425199359,-0.030223506925830444,-0.10408690425060167
1.02,0.12053213120025653,-0.022930729531553663,-0.2108479725272532
1.04,0.11568761898672422,-0.014498785112173571,-0.28601529715384094
1.06,0.1293734792581394,-0.005335866208509547,-0.325866945119145
1.08,0.166787176722581,0.004220000035415392,-0.3281817055384929
1.1,0.22976449111459213,0.01389500632516863,-0.291946900580321
1.12,0.31001668101683044,0.023370076174410257,-0.2172760922020768
1.1400000000000001,0.38668660378446523,0.03206797284047287,-0.10600551413008857
1.16,0.44141724819214895,0.03909030672784804,0.03703443085279236
1.18,0.47243829835326406,0.04352130493123789,0.20324554377749965
1.2,0.48689883107853327,0.04477053311334482,0.3809434167633653
1.22,0.4908028407718963,0.042661549456997475,0.5569163825223742
1.24,0.4872482445726584,0.03737344149797979,0.7179847091939203
1.26,0.47766719143140357,0.029362444342885527,0.852264287264784
1.28,0.46280942552459803,0.019289788098902416,0.950129405815011
1.3,0.4431831581765312,0.00795102938264041,1.0048916755352693
1.32,0.41922174324235784,-0.00379562076411375,1.0131941628317749
1.34,0.3913462047085129,-0.01509980591899693,0.9751199609804871
1.36,0.35999316943188064,-0.02518421370477144,0.8940278703250898
1.3800000000000001,0.32563429205063443,-0.03340007982206638,0.7761453108393368
1.4000000000000001,0.28879897529635923,-0.03926929443062423,0.6299649364302977
1.42,0.25010913108478383,-0.0425104512877353,0.4655042492866524
1.44,0.2103355536389349,-0.04304739369514913,0.2934957496072019
1.46,0.1704862412972839,-0.04100004783106392,0.12457845966636666
1.48,0.13193286595270307,-0.036658541675240894,-0.03143992308857052
1.5,0.09656617477212938,-0.03044285170138444,-0.16618743402859107
1.52,0.06694372205814877,-0.022851647207540862,-0.2731477450604664
1.54,0.04637618969599866,-0.014405558549082795,-0.34786231927834593
1.56,0.03893884723818483,-0.005591006466272786,-0.38790473845363393
1.58,0.04948520002911533,0.0031902920440290555,-0.39264039579589904
1.6,0.08362674841528098,0.01166287498667644,-0.3628009037693305
1.62,0.14661563281434162,0.019699313158602832,-0.2999243016174019
1.6400000000000001,0.23761511901088792,0.027270246954056894,-0.205822396555858
1.6600000000000001,0.33846994493642235,0.03421481685517414,-0.08257445321718082
1.68,0.41819106385690125,0.03991748163931333,0.06625883219233637
1.7,0.4634733010563216,0.043422422715741434,0.23382319060714496
1.72,0.48316799358139906,0.043983376733340865,0.4096893521404459
1.74,0.4882505624497648,0.04134023379922497,0.5813991733158586
1.76,0.4845317083192739,0.03565671154651295,0.7363442014446666
1.78,0.47444637651545896,0.027397480701452932,0.8632095697518454
1.8,0.4590641418815622,0.017231931856056017,0.9529767336251707
1.82,0.43899339318122443,0.0059549520788083656,0.9995808256454305
1.84,0.4147051635822905,-0.0055866325232227735,1.0002643664655955
1.86,0.3866447188371397,-0.016563732479865163,0.9556440585271706
1.8800000000000001,0.3552762773282187,-0.02622806578190036,0.869510868524297
1.9000000000000001,0.3211114670416341,-0.03396483293767806,0.7483973679572953
1.92,0.28474143298696064,-0.039331599689297135,0.6009609667799702
1.94,0.24688482729300423,-0.04208095433345826,0.43724344422968353
1.96,0.20846326627142311,-0.0421656693584524,0.26787461870389545
1.98,0.17071498512653577,-0.039726298386104864,0.10329067716250914
2.0,0.13535003616893063,-0.035062348962936016,-0.046964447156383184
2.02,0.10473112968323535,-0.02858948013542485,-0.17479338240144518
2.04,0.08203849119712679,-0.020786680415707935,-0.27390679276515245
2.06,0.0713717566694797,-0.012138853088829742,-0.3399623823145552
2.08,0.07776738180034323,-0.003080951803787252,-0.3704752858401913
2.1,0.1069934041237296,0.006049658638653012,-0.36451880494581823
2.12,0.16412671814948832,0.01503780021417064,-0.32227220364688464
2.14,0.24802812886311554,0.023742522238867494,-0.24458926647714102
2.16,0.3418221869543515,0.03188952415515908,-0.1330550883522377
2.18,0.41762396837647586,0.03879767430331999,0.008891171074839492
2.2,0.4626632263201611,0.0434903140724485,0.17436167631541682
2.22,0.4837904899446226,0.04518273500262549,0.352791289538969
2.24,0.49062653291490294,0.04354773367791736,0.5313681270323807
2.2600000000000002,0.4885598124576395,0.03867913076706471,0.6968478040256809
2.2800000000000002,0.479938276567683,0.030986314536788594,0.8370255605951318
2.3000000000000003,0.46581729811867467,0.021104879022402524,0.9418135474054387
2.32,0.4467984011394039,0.0098194322363371,1.0039892552057583
2.34,0.42333969635993196,-0.0020104913498176654,1.0196429364252149
2.36,0.39586344919306415,-0.013522521422357561,0.988332083995953
2.38,0.36479652593074474,-0.02391846633398699,0.9129563691970004
2.4,0.3305915434978396,-0.03252210675989336,0.7993815891289482
2.42,0.293746610695201,-0.03882398946009541,0.6558573185069964
2.44,0.25483347729662126,-0.0425104081367773,0.4922862673534851
2.46,0.2145432207196943,-0.04347495892335915,0.3194122375993664
2.48,0.17375948390633275,-0.04181230754056365,0.14799751860980487
2.5,0.13366692630248064,-0.03779501890910929,-0.011940428766524104
2.52,0.09589035190424486,-0.03183551069661448,-0.15176895554575398
2.54,0.06263360652638458,-0.024436551548012705,-0.26470371692166406
2.56,0.03676054516478059,-0.016135305572777817,-0.34605931774253856
2.58,0.02177995884146371,-0.007447192386273617,-0.3932735987505181
2.6,0.02180205643687095,0.0011846725540286067,-0.4057169916586904
2.62,0.04162279062152618,0.009431857453944032,-0.38431579121257053
2.64,0.08675611902550052,0.01711394706436943,-0.33102296932197434
2.66,0.16165035457463064,0.02420658579754177,-0.24819433268822783
2.68,0.2617230517867641,0.030749730580727313,-0.13809310281619935
2.7,0.362400448881532,0.03654788513840025,-0.0031625950514334762
2.72,0.4334786600206317,0.04089044680952319,0.15236036923180415
2.74,0.46980152844865375,0.04285426749576602,0.320770736551576
2.7600000000000002,0.48354756218201134,0.041859474683874805,0.49122656981724444
2.7800000000000002,0.4847924182256645,0.037818715617463694,0.6515685293697764
2.8000000000000003,0.47827128615383785,0.03102422283731734,0.7900934227112437
2.82,0.4659246498609407,0.022025024381744168,0.8968154187694601
2.84,0.44865138979825575,0.011535581884715498,0.9643026938580304
2.86,0.42701650460962903,0.0003593583359075693,0.9881835755002103
2.88,0.4014978663437954,-0.010681805204038566,0.9673597651932726
2.9,0.37257535075984266,-0.02081287602037868,0.9039472583143078
2.92,0.34077438217612993,-0.029362410845125714,0.8029721496817764
2.94,0.30670388247027697,-0.035807441442610034,0.6718620028385142
2.96,0.27110693482342063,-0.039803570508244096,0.51978644629104
2.98,0.23493759372162853,-0.04119839357811481,0.35691029315725453
3.0,0.19947586311131713,-0.04002750832872032,0.19362774846803546
3.02,0.16648724297222822,-0.03649356886058837,0.039846848314658304
3.04,0.1384170369699677,-0.030930140806045225,-0.09561109769062613
3.06,0.11858193133753975,-0.023753635629434514,-0.20544226716175587
3.08,0.11128996896019619,-0.0154083694312801,-0.28408307857474063
3.1,0.12175942023632036,-0.0063118346978064815,-0.3277108101881684
3.12,0.15540826857173476,0.0031884347428156774,-0.3340432738110952
3.14,0.2151369342299189,0.012820201166266441,-0.3020282552889702
3.16,0.29485722340831955,0.02229734174382462,-0.2316776127104472
3.18,0.3748864880889548,0.031108694438477573,-0.12451912394646453
3.2,0.4344660427997158,0.03839740039580162,0.015166429898811444
3.22,0.4691194731438679,0.04321760469721751,0.17935400003582777
3.24,0.4857110285968264,0.04491257256612763,0.35672070020914226
3.2600000000000002,0.49090471069426705,0.04324559704488592,0.5341554639391709
3.2800000000000002,0.4882672235625533,0.038350668925683194,0.6983687240980775
3.3000000000000003,0.4794341897343193,0.030651455392278624,0.8372121982910479
3.3200000000000003,0.4652284158114055,0.020787183977747804,0.9406871981136992
3.34,0.44618153975280517,0.00954146190647363,1.001664517114291
3.36,0.4227325324433762,-0.002229626232589167,1.0163183694710103
3.38,0.39530086932954306,-0.013668628272264588,0.9842732258190108
3.4,0.36431740752603303,-0.02398307563664371,0.9084742494588297
3.42,0.3302437562252971,-0.03250268352249593,0.7948092202750733
3.44,0.2935931903210821,-0.038723569847137554,0.6515264954379222
3.46,0.25496186195216936,-0.0423366797496401,0.4885069406059918
3.48,0.21507951407206846,-0.04323880875999772,0.3164566383746517
3.5,0.17488994494050847,-0.04152586092491402,0.14609111705468558
3.52,0.1356685797969369,-0.03746918978486165,-0.012619136531616906
3.54,0.09917125782705753,-0.031477095265738726,-0.15107793264266206
3.56,0.06778185634367301,-0.02404493678890149,-0.2625144429825587
3.58,0.044603720615294905,-0.01569889358312771,-0.3422200831428042
3.6,0.03346797493299654,-0.006939527455531594,-0.38755795180053937
3.62,0.03893069671462152,0.0018094033381674509,-0.39775559704234376
3.64,0.06632902073551712,0.010243984073238975,-0.37350867813630856
3.66,0.1212915896073056,0.01820950869890254,-0.3164356823949261
3.68,0.2059054219786822,0.02568157449466498,-0.22849031908069223
3.7,0.30808173299091335,0.03259791444785637,-0.11170589478906404
3.72,0.39761798192913034,0.038515652105555964,0.030986301756801858
3.74,0.4530372326150837,0.042538139020969735,0.1938890726062988
3.7600000000000002,0.47883699035775745,0.04381344615393474,0.3676055425321249
3.7800000000000002,0.48716400218767436,0.04194506931151051,0.5401842729816175
3.8000000000000003,0.48543714071194266,0.03699525449421373,0.6990429467393817
3.8200000000000003,0.47686269708401285,0.029358742142108107,0.8325540923731096
3.84,0.46278993216838293,0.019656884319087197,0.9311527379745779
3.86,0.4439183095244216,0.008654723834301884,0.9880723709300568
3.88,0.4207469443477657,-0.0028134812380147234,0.9997692177399055
3.9,0.3937289420081453,-0.01391464378320689,0.9660568814327121
3.92,0.3633297139377633,-0.023881378673909905,0.8899700746743863
3.94,0.3300595023056723,-0.03206707084724081,0.7773878974493951
3.96,0.2945061636737243,-0.03798795976191068,0.6364617499455492
3.98,0.25738213646798036,-0.04134956041642439,0.47690551864209185
4.0,0.21959763680615557,-0.04205585646732222,0.30921420952978645
4.0200000000000005,0.1823715000797986,-0.040200888764697205,0.143881091509656
4.04,0.14738518147997895,-0.03604356660777477,-0.009317478381014963
4.0600000000000005,0.11696841183725219,-0.02996781828613171,-0.14190621379323085
4.08,0.09427913063951524,-0.02243168360891219,-0.24711207537200022
4.1,0.08342570445617939,-0.013910509934981385,-0.32004807358352455
4.12,0.08948196728447967,-0.00484054472475576,-0.35766842341021016
4.14,0.11820123186082393,0.0044293497109924775,-0.3585111216569511
4.16,0.17438999917073755,0.013660931447381204,-0.3222882178515289
4.18,0.25627022464373067,0.02267434639500257,-0.24950876548419254
4.2,0.3467965785480189,0.031143270738984985,-0.14159949700572894
4.22,0.41955485469453396,0.038349040780908776,-0.002032746493115453
4.24,0.4630890880449703,0.043313087073866566,0.1621928693259347
4.26,0.4839069166234402,0.04525942629552036,0.340426918593275
4.28,0.49092442855383445,0.04385802427991317,0.5197861426626077
4.3,0.48917373618468585,0.039191247849336974,0.6869234231286286
4.32,0.48088219017305117,0.03165585187792696,0.8294811683758602
4.34,0.46707053419538735,0.021877593270553563,0.937172941718132
4.36,0.44833049684209386,0.010635602735779685,1.0025467331126128
4.38,0.4251163909611328,-0.0012112619807689295,1.0214509565411503
4.4,0.39784734934952387,-0.012796666976368552,0.9932079692617704
4.42,0.3669460381311816,-0.023314386418954502,0.9205065489782315
4.44,0.3328587146146136,-0.03207697359792465,0.8090404569511135
4.46,0.2960735413037789,-0.038561653494687306,0.6669367245125698
4.48,0.257146455935902,-0.04244053848369488,0.5040309499353282
4.5,0.2167432959880113,-0.043593472533977363,0.33105612078910973
4.5200000000000005,0.17570794051642122,-0.04210306619603768,0.15881573855208414
4.54,0.13516453233883374,-0.038232703691332255,-0.0025886822416769234
4.5600000000000005,0.09665094105161051,-0.032389505365854825,-0.1444111848267705
4.58,0.06225522213875527,-0.02507556078631059,-0.2597419776571232
4.6000000000000005,0.03469744967555666,-0.016832320229765864,-0.34377738911325284
4.62,0.017309995923400136,-0.00818441286645516,-0.3938640338629115
4.64,0.013968956328237673,0.0004110613487159796,-0.4093275228398961
4.66,0.029150909528945976,0.008606813452864272,-0.39111496109918104
4.68,0.06810693508653268,0.016199588521285967,-0.3412844671238233
4.7,0.13595892379532826,0.02314797020635495,-0.26238334082002496
4.72,0.23179726412897805,0.029518896571287718,-0.15686587999860624
4.74,0.33652200974033497,0.03524284134583551,-0.02707017274494975
4.76,0.41764226680188127,0.03976515621242494,0.12349432281469924
4.78,0.4622091436569601,0.04217111201316878,0.2882164640029654
4.8,0.4804661973550663,0.04176794914483701,0.4570938016732251
4.82,0.484105120983214,0.03835684477837274,0.6183311066144004
4.84,0.4791293449207231,0.03215218083446499,0.760211551290614
4.86,0.46801650332495465,0.023649323342552986,0.8724762990974089
4.88,0.45185214879660995,0.0135257014864444,0.9472405597242999
4.9,0.4312617662504339,0.002562037694402556,0.97956045059889
4.92,0.40674277135687426,-0.008428774103731638,0.9677021954752768
4.94,0.37878206135252596,-0.01866739141333549,0.9131373113641933
4.96,0.34790874144093986,-0.027466007742816274,0.8202892915370228
4.98,0.31473497324374866,-0.03427520073426218,0.6960695043962435
5.0,0.2800072026685176,-0.03871663115408325,0.5492531297780794
5.0200000000000005,0.24468223976250197,-0.040599504490483676,0.38975625751431575
5.04,0.21004052182039015,-0.03991981932357451,0.22788143457538143
5.0600000000000005,0.17784357841762313,-0.036842612919180034,0.07360050035128986
5.08,0.15052725911403042,-0.03166871063213826,-0.06405982884778766
5.1000000000000005,0.13139352541690136,-0.024789022519395628,-0.17747316173602712
5.12,0.12472316211174522,-0.01663131452296915,-0.26066877101413855
5.14,0.13564650903298697,-0.007606863828516658,-0.3093707539573067
5.16,0.16928414334501118,0.001930348244280229,-0.32084305581767036
5.18,0.22782170096140278,0.011683968836547102,-0.293638616389347
5.2,0.3043680134206941,0.021322323550678746,-0.22751435262940478
5.22,0.3799027169630588,0.030284159780376373,-0.12394575827340613
5.24,0.43590877727618316,0.03769752966508473,0.012696995891612776
5.26,0.4688798789144875,0.042639226975620864,0.17432441449406363
5.28,0.4850204655803513,0.044474585958524174,0.34965035992676996
5.3,0.49027006951477436,0.04297111198784693,0.525653327974402
5.32,0.48785970124906447,0.03825487885997926,0.689122950522212
5.34,0.4793123680929712,0.0307369055495978,0.8279471585748246
5.36,0.4654190839120385,0.021043033081856243,0.9321105111923687
5.38,0.4467044622180852,0.009944735636413711,0.9944155290730482
5.4,0.4236083036546905,-0.0017116349286664724,1.0109241226620325
5.42,0.3965547342133946,-0.013075238140871111,0.9811155849062956
5.44,0.3659830331676795,-0.02335668849214783,0.9077704240754763
5.46,0.33236857203683046,-0.03188512688365755,0.7966067481392254
5.48,0.29624659569341866,-0.038152557749813125,0.6557126937910759
5.5,0.25824795004972,-0.04184258795755069,0.49483194019080706
5.5200000000000005,0.21915653838480081,-0.04284188809920206,0.32456846744689494
5.54,0.17999924216961014,-0.04123392356299531,0.15558098208397236
5.5600000000000005,0.1421756418248488,-0.03727571148016782,-0.002163180338377625
5.58,0.10762099312181297,-0.03135960143540231,-0.14001034109616026
5.6000000000000005,0.0789702344854103,-0.02396348850893666,-0.2510653563208245
5.62,0.05967235232706467,-0.015594416169895533,-0.3304222359856758
5.64,0.05403336326848511,-0.006731559624642693,-0.3751659104069035
5.66,0.06722072088770387,0.002225892184727386,-0.3841541102654521
5.68,0.10504327864099483,0.011000542957870792,-0.35760895152598077
5.7,0.17206139035570153,0.019450510091011463,-0.296586342248698
5.72,0.264454850576503,0.027490330766635866,-0.20254315613309387
5.74,0.360314465020775,0.034828396368791655,-0.07757520467055705
5.76,0.4311610078826301,0.04071073247446779,0.07415457475479034
5.78,0.4697673680005216,0.0441676193209106,0.24486047982088346
5.8,0.4861327058008952,0.044531142903504566,0.4233483054110813
5.82,0.489687047987257,0.04161492101962574,0.5967189898231604
5.84,0.4851188741038079,0.03563049668077275,0.752164189491685
5.86,0.4743981996744916,0.027075159849951364,0.8783263764861271
5.88,0.4584346006170371,0.016643202627661623,0.9662579879042887
5.9,0.4377829826558456,0.005148878060230489,1.0100534603253932
5.92,0.41289311606308526,-0.0065471388361345775,1.0071811774654742
5.94,0.384196113953849,-0.017607855783749567,0.9585273404060883
5.96,0.3521397424196,-0.02728328165557268,0.8681716645990604
5.98,0.3172114414865107,-0.03496298975153903,0.7429300424976054
6.0,0.2799648699680678,-0.040214527398134844,0.5917142849488486
6.0200000000000005,0.2410603939675291,-0.04280531728348181,0.42477065302323735
6.04,0.2013300154872545,-0.04270690316067693,0.2528659186730515
6.0600000000000005,0.16187696127325435,-0.04008161509357498,0.08649182918408305
6.08,0.12421359497243643,-0.035252934216753025,-0.06484385789522659
6.1000000000000005,0.09042237346533794,-0.02866211673814891,-0.1931792306981708
6.12,0.06329677154104935,-0.02081512281717958,-0.292465569022184
6.140000000000001,0.04641261332354518,-0.01222538950217281,-0.35871205717073845
6.16,0.04413799977386573,-0.0033585089095768414,-0.38990349941736147
6.18,0.06165273522850122,0.0054165475147010984,-0.3857086554151512
6.2,0.10473141997643293,0.01386523275350008,-0.34701303333259764
6.22,0.17750736667417638,0.021893865618280862,-0.275349965031118
6.24,0.27430547754495416,0.029449538803922808,-0.17248174695536406
6.26,0.3703612664167585,0.03622621687190439,-0.04076660002363875
6.28,0.437775974596125,0.041433741138131336,0.11524394682322683
6.3,0.47272545969661306,0.04412444444536834,0.2873286528005622
6.32,0.4865274488648008,0.043707462582954465,0.46407331495944987
6.34,0.4883096766928006,0.04007658601742129,0.6326863781212408
6.36,0.482374024205287,0.03350609597353741,0.7807548079912826
6.38,0.47050758190583214,0.02453718922370145,0.8975293500715648
6.4,0.453554633501862,0.013890075426911676,0.9748101724363656
6.42,0.43205237849588773,0.002387437501894391,1.007507949081777
6.44,0.4064520256196293,-0.009118195289730973,0.9939074287972697
6.46,0.3771966086217989,-0.019812738088272167,0.935648301318283
6.48,0.34475558540958817,-0.028981094174213594,0.837447095106836
6.5,0.3096512958865521,-0.03605614219183813,0.7065988154159776
6.5200000000000005,0.2724926726470678,-0.04065301612861162,0.5523111617122096
6.54,0.23402746099581587,-0.04258659396235319,0.3849347097105469
6.5600000000000005,0.19522431272078253,-0.041871306514212815,0.2151584040345478
6.58,0.15739427509457454,-0.03870358344184064,0.05324084681189516
6.6000000000000005,0.12235100901023731,-0.03342847385015738,-0.09165582171481076
6.62,0.09258654843058295,-0.02649333077752943,-0.2119714409215174
6.640000000000001,0.07141557234681742,-0.018392988280882712,-0.30204933564890213
6.66,0.0630497908057953,-0.009612176360549934,-0.3582109658723693
6.68,0.07260439540029509,-0.0005711372618741027,-0.3786047479075895
6.7,0.10588189702525806,0.008419400781371662,-0.3628535048248533
6.72,0.1677418261325732,0.01717784241842257,-0.311563016838666
6.74,0.25583532368807754,0.02558956621593244,-0.22588641718863484
6.76,0.3508744244941875,0.03337305829307043,-0.10766172352627515
6.78,0.4244536351585694,0.03981094907413902,0.03931801631015304
6.8,0.4663866853846349,0.04392514301328015,0.20771415020612022
6.82,0.4851703427566154,0.044984190435994546,0.38662307992218603
6.84,0.4903928649937318,0.04272868284386184,0.5631499480213091
6.86,0.48710254787673585,0.03731030468943121,0.724222122834841
6.88,0.4774553117336381,0.029182399657340704,0.8580102955558487
6.9,0.4624308147974559,0.019010776740442954,0.9549503615853966
6.92,0.44260555556672343,0.00759649918231064,1.0084369241942401
6.94,0.41843205761833774,-0.004198083909798267,1.0152157570832803
6.96,0.3903352875426801,-0.015520642979213446,0.9754850237107829
6.98,0.3587500461897549,-0.02559427207256709,0.8927217414760462
7.0,0.32414246213949743,-0.033772914688104554,0.7732652575892147
7.0200000000000005,0.2870322566411324,-0.039583206819570615,0.6257051344636522
7.04,0.248025739512239,-0.04275014219776953,0.46013334932924216
7.0600000000000005,0.20786925235965287,-0.043205173170811635,0.2873287072705952
7.08,0.16753328853331864,-0.041076599044267546,0.11794442924093641
7.1000000000000005,0.12833346552483385,-0.03666329952557112,-0.038231951204365136
7.12,0.09207919890055488,-0.03039410614391296,-0.17288391578074053
7.140000000000001,0.06121284186503508,-0.022776524281028748,-0.2795859752582714
7.16,0.03888260929624769,-0.014340093052860745,-0.35400584452631784
7.18,0.028932075455106586,-0.005580636071225457,-0.3938797708281235
7.2,0.03589804793128535,0.0030894456775864506,-0.39877570024420367
7.22,0.06508979093434344,0.011382570322974033,-0.3696737878649955
7.24,0.12207871779808599,0.01916361607587178,-0.3084044642143737
7.26,0.20862940221886478,0.026426946200459298,-0.21705443015738973
7.28,0.3117247549432818,0.03311786421594419,-0.09773294943624634
7.3,0.4005169180370605,0.03878378141023001,0.04654631971086808
7.32,0.4544879480605212,0.04252417818528398,0.20996528766292777
7.34,0.47913658220470956,0.04350829360093566,0.3830413877842938
7.36,0.48669879711281355,0.04137021383433927,0.5538482183732827
7.38,0.48442533038962987,0.036197638813599685,0.7099428926773439
7.4,0.47541872266313157,0.028402983175272716,0.8399235901720281
7.42,0.4609881930579681,0.018617985751901864,0.934506920463537
7.44,0.44182151092164434,0.007611251812530474,0.987235719621909
7.46,0.4184173105527639,-0.003785765487606693,0.9948768919175339
7.48,0.39123381745344765,-0.014748431493627024,0.9575319066374836
7.5,0.36074628841911993,-0.02452240028895979,0.8784799510174206
7.5200000000000005,0.3274808503376538,-0.03247732010734593,0.7637854985171888
7.54,0.29205027026196845,-0.03814733989931704,0.6217164258986614
7.5600000000000005,0.25520580698896833,-0.041255837155408995,0.4620309791101753
7.58,0.21791751409801913,-0.04172289959051653,0.29520002667084216
7.6000000000000005,0.1814941889706199,-0.039655274934556665,0.13163455362853968
7.62,0.1477468760033706,-0.03531971287086239,-0.019012910867576657
7.640000000000001,0.11918105761448874,-0.02910194255809626,-0.14841051564535185
7.66,0.09917620508357128,-0.021455058955829207,-0.24992250575494795
7.68,0.09209511836650261,-0.012842685873299897,-0.31876571002139337
7.7,0.1032398836491905,-0.0036836471184271383,-0.35193920936823436
7.72,0.138297000933573,0.005692127010601359,-0.3479507215575239
7.74,0.20082533390036877,0.015052302406771441,-0.30642440527290826
7.76,0.28534418768630937,0.024173905182912528,-0.22784041564090723
7.78,0.370986710979068,0.032609060925698624,-0.11392798175494952
7.8,0.43432149078535853,0.039520277212588835,0.031006799432914157
7.82,0.4702117404581406,0.043943975237835525,0.19890197553361386
7.84,0.48667052415353257,0.045216847199192695,0.37833672215692127
7.86,0.49127336211968037,0.04311970204775359,0.5561263998577637
7.88,0.48794085376554885,0.03781545290426843,0.7190053827017462
7.9,0.4784082695473578,0.029757404742663297,0.8549689352813223
7.92,0.4635210517458052,0.01960989575809424,0.9542725658909259
7.94,0.4438143082432126,0.008174619966001096,1.0101282299802816
7.96,0.4197260120666149,-0.003682476120794193,1.0191074478450164
7.98,0.3916729750479808,-0.0151026597717801,0.9812542773166639
8.0,0.3600815354916644,-0.025300418460304685,0.8999218960682486
8.02,0.3254058376241544,-0.03361971185458643,0.7813632923469503
8.040000000000001,0.2881470618573164,-0.03957675891192295,0.6341227977789904
8.06,0.24888219902687916,-0.04288669689662305,0.4682880397729191
8.08,0.20831124901080836,-0.04347267783669729,0.29467011550956057
8.1,0.16733266902958127,-0.041457221245328794,0.12398301166737055
8.120000000000001,0.12715383432844266,-0.03713685134118761,-0.03390841484422824
8.14,0.089429472217277,-0.03094226242425693,-0.17060909870848795
8.16,0.056392998710744095,-0.02338764020707775,-0.279631932447537
8.18,0.03092033151243732,-0.01501436400747876,-0.35661997761936737
8.2,0.016493434706730946,-0.006335490426004524,-0.3993428720191177
8.22,0.017147282528488083,0.00221338096338062,-0.40748252638858173
8.24,0.03757284723569888,0.010314815438676158,-0.38223916954898157
8.26,0.0832019209449313,0.017801715568684692,-0.32579085591269685
8.28,0.1585126069723153,0.024665460177945537,-0.24066068475844027
8.3,0.25913123178598696,0.03096582453051213,-0.12920875007276905
8.32,0.3606033901557578,0.03653111819103987,0.006113230322600803
8.34,0.43235761762834435,0.040670009632741776,0.1611501149965978
8.36,0.46894826207559975,0.04246759084457773,0.3283331315394138
8.38,0.48268442644351983,0.041347756983860465,0.49697779226444005
8.4,0.4838233201777606,0.03722707035185641,0.6550973854812526
8.42,0.47719078615429383,0.030400594633386346,0.7911755370751347
8.44,0.4647620206370255,0.021417459953766763,0.8954194615684915
8.46,0.447449438636797,0.010988939837865109,0.9605842441080836
8.48,0.42582562767458954,-8.779024978936402e-05,0.9824660219256137
8.5,0.4003760504039049,-0.010999667249926993,0.9601039245929079
8.52,0.3715910621371163,-0.020982080518974232,0.8957126663664302
8.540000000000001,0.3400118529030507,-0.029374677959847342,0.7943736970228239
8.56,0.30627142434151805,-0.03566522778859124,0.6635259375041943
8.58,0.2711495357777457,-0.03951870481258887,0.5123098279933828
8.6,0.23565536176956153,-0.040789766249045546,0.3508278253049545
8.620000000000001,0.2011495846093213,-0.0395179192907584,0.18938957696066133
8.64,0.16951077924679578,-0.035905885241364274,0.03781041020820969
8.66,0.14333281041442686,-0.030282996579154814,-0.09517284334872653
8.68,0.12610930409893464,-0.023057056242917904,-0.20231509265282185
8.700000000000001,0.12231988493428299,-0.014660015804179374,-0.27806915929287357
8.72,0.13722958324040008,-0.005495446642748373,-0.31857495727412166
8.74,0.17580096306383716,0.004097966294664778,-0.32146386544224265
8.76,0.2391783778780358,0.01383438476099388,-0.2855984579628576
8.78,0.31810541522999736,0.023364249450803343,-0.21105146585113616
8.8,0.3918876904437314,0.03207161337257386,-0.09976546373816221
8.82,0.4438655447150319,0.03904533464737909,0.04320893640365886
8.84,0.47325912673743137,0.043391416672489025,0.20907723216427143
8.86,0.48695316595068566,0.044548259989333254,0.3860693702678284
8.88,0.4904957346617653,0.04235889284422675,0.5609862814634974
8.9,0.4867419626763463,0.03701307084897178,0.7207198641914272
8.92,0.4770316548213069,0.028972309691181156,0.8534886393125545
8.94,0.4620844667134317,0.0188995911607937,0.949783205636996
8.96,0.4424002189455252,0.007589499520814119,1.0030328576149306
8.98,0.4184115277005974,-0.004102967811322307,1.0099898238231892
9.0,0.39054224882144783,-0.015332437619782643,0.9708297983050177
9.02,0.3592347714229706,-0.02532780782795981,0.8889816016351991
9.040000000000001,0.3249702644201666,-0.03344714101242632,0.770716387512855
9.06,0.2882933050942793,-0.03921912001991485,0.624543084139374
9.08,0.2498498258803198,-0.04236843626079647,0.4604694681129342
9.1,0.21044830495023675,-0.04282368822795984,0.2891963965889985
9.120000000000001,0.17115470249285422,-0.04070759629824736,0.12131595000253963
9.14,0.13342682663500557,-0.03631054702713353,-0.03341740339151228
9.16,0.09927747777047831,-0.030049739172695666,-0.1666800393834831
9.18,0.07142872861578835,-0.022417652060419915,-0.2719861342546454
9.200000000000001,0.05340645493031095,-0.013925088788609593,-0.3448756756030922
9.22,0.049566783612455166,-0.005044850631277041,-0.38287393047002005
9.24,0.06510435009652875,0.003838814633620781,-0.38523573109548265
9.26,0.10582069971371597,0.012469951818569304,-0.352506705083974
9.28,0.17601955048429235,0.020730413008343974,-0.2859736487377237
9.3,0.27078328843984856,0.028548565213858672,-0.18724316301988017
9.32,0.36655591072349153,0.03561914033193427,-0.05855688210057587
9.34,0.4352523423241885,0.0411629355902749,0.09568374014432826
9.36,0.47166751336396684,0.044220584237433996,0.26741390263959486
9.38,0.48654712760740226,0.044167441950777736,0.4452780331476559
9.4,0.489104802353534,0.04086231207506344,0.6164003030707618
9.42,0.48378008097625097,0.03455203761369337,0.7681575787905851
9.44,0.47242679499355095,0.025758917061560825,0.889497863231317
9.46,0.4559128828414719,0.01519264516313219,0.9718598086265919
9.48,0.43478117205193034,0.00367356165979905,1.0097669601499288
9.5,0.40948069769887624,-0.00794047850935312,1.0011231415582533
9.52,0.3804474081624875,-0.018823347523021648,0.9472222497752594
9.540000000000001,0.3481385127679057,-0.02824258469721943,0.8524943660897171
9.56,0.3130568076085801,-0.03561013749764461,0.7240252708064201
9.58,0.2757803491171153,-0.04051863284463305,0.5709010048890293
9.6,0.23700822120310852,-0.04276096905116899,0.4034401660447884
9.620000000000001,0.19763331715907898,-0.04233222287378327,0.23238307539385844
9.64,0.15885209683365495,-0.03941408001062032,0.06810853845368996
9.66,0.12231297239111599,-0.03434320719760474,-0.08005431870055456
9.68,0.09028405273471504,-0.027566297186136155,-0.20435989581300132
9.700000000000001,0.0657946575456517,-0.019586034899344858,-0.2989803063053464
9.72,0.05270713856428161,-0.010903642020986586,-0.36011454643264723
9.74,0.05573476182855617,-0.0019639399366331812,-0.3858710502191338
9.76,0.08041112388490641,0.006892239208978664,-0.3759436843045978
9.78,0.13240530925181218,0.015460110817176806,-0.3311235033439508
9.8,0.21358439155847772,0.023652084453029056,-0.2527632601747642
9.82,0.31197856610237934,0.031334360842095045,-0.1425688979483244
9.84,0.398753192698194,0.03800731110569916,-0.003411139041385517
9.86,0.45341799629314916,0.04274872871717528,0.15891085641296157
9.88,0.47972667818824477,0.04468640891337342,0.33481816797706615
9.9,0.4889319953644806,0.043390669696943954,0.5120702289194303
9.92,0.48808411278314306,0.03888735937444116,0.6776518196729998
9.94,0.48028685559999773,0.03154251081234383,0.8193698618098403
9.96,0.466863149287334,0.021961251526909534,0.9270030512162956
9.98,0.44850171521489945,0.01090620121636133,0.9930911614159538
10.0,0.4256904089634739,-0.0007774695014255424,1.0134140582430817
10.02,0.3988651503111595,-0.012234076254292396,0.9871767180774169
10.040000000000001,0.3684642601322196,-0.022664497336278726,0.9169148665459981
10.06,0.33495549942406355,-0.03138444054699727,0.8081485939912494
10.08,0.29886012783482097,-0.03787014291512095,0.6688269002842223
10.1,0.2607861704304506,-0.04178860039948537,0.5086195948968584
10.120000000000001,0.2214812558036778,-0.043010571274751566,0.3381223486304704
10.14,0.1819158738846363,-0.04160581941391634,0.16804527705608666
10.16,0.1434051500552829,-0.037821272299304105,0.008455146320748558
10.18,0.10776474318660091,-0.03204399572392417,-0.13186383629716059
10.200000000000001,0.07747133471582042,-0.024752268561408098,-0.2458759809925506
10.22,0.05577623683336804,-0.016459596137388056,-0.32854838727322133
10.24,0.04674418567345734,-0.007657650935086405,-0.37687707076847243
10.26,0.05526470580580879,0.0012363023756408894,-0.3896922521878591
10.28,0.08699437208164658,0.009923285998694844,-0.3672692323948765
10.3,0.14726316835881947,0.018246789900095338,-0.31079593159439545
10.32,0.2356667685636768,0.026148488824826246,-0.2218532591248145
10.34,0.3352027706414359,0.0334523348351943,-0.10238328108347208
10.36,0.41550607527474703,0.03954690891912476,0.04417209667149307
10.38,0.4621742102705075,0.04347206097108251,0.2110889029482871
10.4,0.4830756744391485,0.04445185365335288,0.3879981798364964
10.42,0.48905938151542144,0.04218833883420175,0.5623601010615299
10.44,0.4860467309310982,0.036813233564853776,0.7213425038263542
10.46,0.47654729925078987,0.028768384933900115,0.8532968713039785
10.48,0.4616601483979424,0.018709848574256234,0.9487986921630592
10.5,0.44200143877803477,0.007428538001576135,1.001342606345726
10.52,0.41804024468990847,-0.004223828826869806,1.0077327252770223
10.540000000000001,0.3902138661699995,-0.015405417192974799,0.9681830439903262
10.56,0.3589724571729505,-0.025348878774009907,0.8861460344285348
10.58,0.3248051528039632,-0.03341598692594022,0.7679014714436544
10.6,0.2882676473638944,-0.03913877366969079,0.6219526753292579
10.620000000000001,0.25002284431215516,-0.04224459275849326,0.45828968484841337
10.64,0.2109054842447989,-0.042663705631591727,0.2875868674381049
10.66,0.1720215767203853,-0.040519201559228904,0.12040565506067712
10.68,0.13488805922866665,-0.03610026803091504,-0.03352855918688788
10.700000000000001,0.10160120805315122,-0.02982109569174475,-0.1659128843843551
10.72,0.07499568576252982,-0.02216916237483172,-0.2702662605879166
10.74,0.05874492793251998,-0.013648157774025097,-0.3421092407240211
10.76,0.05739431161804467,-0.004721576961194294,-0.3789148376174082
10.78,0.07634400721293473,0.004237670454339763,-0.37984415136954003
10.8,0.1213960468034866,0.01298473899743304,-0.34530257118753144
10.82,0.19583667133793198,0.02140091151266673,-0.27640889361040244
10.84,0.2916355614804883,0.029371401317813982,-0.17467607280041852
10.86,0.382687169760062,0.03648610210635121,-0.042554391140362746
10.88,0.4443538017649229,0.04188158096106867,0.11492372076845009
10.9,0.4758566382226905,0.04462501538434279,0.2889420621405004
10.92,0.48817240992525357,0.044173624894617854,0.46764237099135375
10.94,0.4893441979840073,0.0404554451434306,0.6379591973113893
10.96,0.483089763301739,0.03376483768410237,0.7873112141945766
10.98,0.4709772004300082,0.024657224062427822,0.9048473867616509
11.0,0.45377779067961543,0.013865123119419695,0.9823185254055256
11.02,0.4320031349345161,0.0022224716948388173,1.0146330575989921
11.040000000000001,0.4060916741576595,-0.009408294186676623,1.0001159816808503
11.06,0.3764746390930543,-0.020205107204440208,0.940483213103749
11.08,0.34360537666360436,-0.02944735971739931,0.840554655825921
11.1,0.3079815713490184,-0.03656530368005985,0.7077450771880187
11.120000000000001,0.27017357459815955,-0.041174588219861294,0.5513862233217887
11.14,0.23086886013073804,-0.04309387441630718,0.3819441451359537
11.16,0.19094314645913552,-0.04234469116137212,0.21020150946800098
11.18,0.1515676097107335,-0.03913391430405886,0.04647556739631189
11.200000000000001,0.11435261840510397,-0.03382045983573663,-0.1000614841553844
11.22,0.08150626562386509,-0.026869099409725806,-0.2219019456017933
11.24,0.055958847621702876,-0.01879583676804048,-0.31351869594953335
11.26,0.041409737950588464,-0.010110675917914636,-0.3714554790600295
11.28,0.04232818600370898,-0.001263701488545118,-0.39419313744733375
11.3,0.0639829778387167,0.007401507227019002,-0.38181385743232144
11.32,0.11212197895303659,0.01568235333451968,-0.335500271626101
11.34,0.1901002005533914,0.02351368571700346,-0.256956176144235
11.36,0.2895732844115845,0.030839517417544548,-0.14805067436472583
11.38,0.383080432607084,0.03729354662275388,-0.011376565617929504
11.4,0.4451446393889411,0.04202963695543999,0.14801021799737782
11.42,0.4758694498037513,0.044133040048628835,0.32132916333871625
11.44,0.4871561806283701,0.043096695605898155,0.4968663031406103
11.46,0.4873634633195013,0.03888971944211962,0.6618594126527105
11.48,0.4802640886564361,0.03184086446963344,0.8041839364404989
11.5,0.4674287333963302,0.022528347162458662,0.9135608647198552
11.52,0.4496286966798297,0.011694371229638977,0.9823781911313642
11.540000000000001,0.4273804981964575,0.00016947354751493948,1.006193896350649
11.56,0.40113357501833513,-0.011199299504218692,0.9839444294783993
11.58,0.3713378810642658,-0.021615275578120215,0.9178747957173926
11.6,0.33847661982355587,-0.030390552346815744,0.8132167925741934
11.620000000000001,0.30309450516949366,-0.036992197252710496,0.6776569111183688
11.64,0.26583598941550357,-0.04107329275109244,0.5206489324168042
11.66,0.2275049466680907,-0.042486963720126614,0.3526359550608854
11.68,0.18915733715686162,-0.04128271897197177,0.18425166268555693
11.700000000000001,0.15223515888234643,-0.03768564039739457,0.025570909119599507
11.72,0.11873711587586747,-0.03206019384646158,-0.11452488505649312
11.74,0.09139701628655694,-0.02486183866911306,-0.2288118604552466
11.76,0.07382090681212639,-0.016581166783400648,-0.31197752019686975
11.78,0.07054917819612702,-0.007686483135905694,-0.3606459093426199
11.8,0.08701457337054745,0.0014290292635677046,-0.37318022101181664
11.82,0.12900640434548022,0.010487159274639519,-0.34929587357141095
11.84,0.1997931303379846,0.019325046098256145,-0.28957785998797303
11.86,0.29189437822814057,0.027781439071232417,-0.19519159729868665
11.88,0.3807450270412778,0.03541851237787754,-0.06839585131218465
11.9,0.4423664925545682,0.041369186852615744,0.08591183527809795
11.92,0.47487782009302076,0.04468816105612199,0.25902979422208594
11.94,0.48832372451796,0.044797021140072016,0.43911554409853676
11.96,0.4905022705903293,0.04158060854625893,0.6129558503617424
11.98,0.4851267578560557,0.03529521152299208,0.7676565005080989
12.0,0.4737868809857134,0.026468053055666185,0.8919201727661527
12.02,0.45726487798761456,0.015814973636757327,0.9769613291285754
12.040000000000001,0.4360740990958135,0.004165196136541771,1.0171092677362932
12.06,0.4106487162659459,-0.007612035001520724,1.0101143357633091
12.08,0.38141051632454304,-0.01867759045877454,0.9571660903601175
12.1,0.3487971182872365,-0.028285540967101647,0.8626436145143486
12.120000000000001,0.3132812055656107,-0.035835118044660254,0.7336344673347847
12.14,0.2753934500889677,-0.04090819073834391,0.5792738099164139
12.16,0.23575821742932263,-0.04329000524483499,0.4099665511905802
12.18,0.19515172962548608,-0.04297217336629583,0.2365619082247843
12.200000000000001,0.15459236359509415,-0.04013813144244914,0.06955134658137581
12.22,0.11546652484913673,-0.03513249145844908,-0.08164242430342505
12.24,0.07967441695500799,-0.0284169672617544,-0.20922588586790272
12.26,0.04974990848452975,-0.02051703884924047,-0.3073986669952713
12.280000000000001,0.028897240811627097,-0.011965070968303172,-0.37249495125784765
12.3,0.020948567434064456,-0.003246217763237211,-0.4029009444561786
12.32,0.030369948664374005,0.005248403200582483,-0.3987696080252553
12.34,0.06239035206253264,0.01326019068250304,-0.3615647024278304
12.36,0.12247463814443489,0.020687966803923253,-0.29347333362600564
12.38,0.21191398767293282,0.027559004996150806,-0.1968018703861799
12.4,0.31636902186997734,0.03383538423266721,-0.07377358435367329
12.42,0.4041389289371321,0.03905682940898591,0.07249870040118878
12.44,0.4561028840669722,0.04232376804644004,0.2360684926902986
12.46,0.47913117290292906,0.04284016149567027,0.40739774726262706
12.48,0.48558328868745104,0.040285880443391965,0.5746755417689186
12.5,0.4824981303309385,0.034785691772397064,0.7257432614038032
12.52,0.47284947883155615,0.02677674530704329,0.8496069547222637
12.540000000000001,0.4578983791297706,0.016903774149222096,0.9374662992492442
12.56,0.4383204032203797,0.005937372675922835,0.9833769176275802
12.58,0.41461704284113615,-0.005299108723879013,0.984605898135051
12.6,0.38725816860132006,-0.015997829984302336,0.9417045396283334
12.620000000000001,0.35673939877537864,-0.025427990127539254,0.8583204499807247
12.64,0.3236191025239242,-0.03298714519753809,0.7407827630310262
12.66,0.28856018690912244,-0.03823903412136983,0.5975080953624834
12.68,0.25239131844690754,-0.0409354965273526,0.4382863870380732
12.700000000000001,0.21620033102408373,-0.04102116985948253,0.27351326844968693
12.72,0.18147008587975874,-0.03862082736298704,0.11343851054200504
12.74,0.15025698706460983,-0.03401044963547424,-0.03250176223028103
12.76,0.1253901879066411,-0.027574511232512984,-0.156208490331744
12.780000000000001,0.11063996132850026,-0.01975360118357541,-0.2512512437340367
12.8,0.11077163081010857,-0.010988301473137948,-0.3129804939272655
12.82,0.13128213008505354,-0.0016676632752865355,-0.3384211569677728
12.84,0.1770575848438835,0.00790196096336884,-0.32599293247578187
12.86,0.24802058687688236,0.017468439841974555,-0.2752060725224902
12.88,0.33172940277542323,0.026682354287533752,-0.18669984698147846
12.9,0.4049774792080625,0.034876131979249644,-0.06309224034676618
12.92,0.45312581047872547,0.0410996029344529,0.0896768020756191
12.94,0.47863032203593564,0.04450031091737444,0.26192201978121166
12.96,0.4893553995308372,0.04461230364521552,0.4412756650801347
12.98,0.49060261158622287,0.041380870238120676,0.6143477350821658
13.0,0.4849107807290295,0.03508580151700601,0.7682264868892466
13.02,0.4734557866870828,0.02626188257181553,0.8916542352586958
13.040000000000001,0.4568906335643427,0.015626371350490862,0.9759011632502544
13.06,0.43569063711744216,0.004007284225938256,1.0153520656748778
13.08,0.4102799631942651,-0.007728697701287724,1.007804986206854
13.1,0.381079669810831,-0.01874577034969497,0.954485246615459
13.120000000000001,0.3485308994040761,-0.028301673572895893,0.8597935770480571
13.14,0.31311344098206473,-0.03579927777637245,0.7308244462201041
13.16,0.27536977824897996,-0.040823703288260745,0.5767060278259323
13.18,0.23594320574434666,-0.04316271797975992,0.4078245861923724
13.200000000000001,0.19563975590469604,-0.04280939949114377,0.2350026124206075
13.22,0.15552363254946464,-0.0399472812490941,0.06870161793908286
13.24,0.11704909354140429,-0.034919404666063344,-0.08168279127246733
13.26,0.0822120287452912,-0.028183975956889915,-0.20837412547527906
13.280000000000001,0.053675258669000525,-0.02026081916607883,-0.3055707740877042
13.3,0.03481448539249154,-0.011674330886249624,-0.36957848981753205
13.32,0.029697127317743783,-0.0028991233001263517,-0.39871815703566155
13.34,0.043110400433318874,0.005687332854068767,-0.3930292404164223
13.36,0.08059289499466404,0.013843081837682408,-0.3538009314525057
13.38,0.14724682004885872,0.021479982477947517,-0.2829817054174666
13.4,0.24150535515469518,0.028604827156946417,-0.18263809661121216
13.42,0.3435513522646355,0.035070474525061825,-0.054997499789197615
13.44,0.4218883444017306,0.04025094781257311,0.09622957976145599
13.46,0.46502670128822826,0.04319949649473957,0.2640203739452786
13.48,0.4830417943175336,0.043214560725546275,0.4378905234607935
13.5,0.48692965147862977,0.04008779656004603,0.6055293984403929
13.52,0.4822967591683049,0.03402412214031391,0.7546644367892701
13.540000000000001,0.4714654568602231,0.02551600689333051,0.8744546841188644
13.56,0.45546435122633977,0.01524756461659942,0.9564403924212466
13.58,0.4348923320337246,0.004015872675441474,0.9951490963720006
13.6,0.41022473208563076,-0.007341654127134246,0.9884008658275668
13.620000000000001,0.38191993993138484,-0.018015364188821565,0.9373316153432483
13.64,0.3504646772532577,-0.027284213149350863,0.846157333073202
13.66,0.31640626316755754,-0.03456568933099144,0.7217155758648466
13.68,0.28039174350104984,-0.03945160510380213,0.5728346029192699
13.700000000000001,0.24322689770391098,-0.04172750971702629,0.4095915395437373
13.72,0.20596734303560313,-0.041374627956199145,0.24252767012604487
13.74,0.1700516392240102,-0.038554418348439964,0.08189096879275337
13.76,0.13747585998963527,-0.03357707455637253,-0.06302683149806235
13.780000000000001,0.11098682531562369,-0.026856670813963902,-0.18439930951412561
13.8,0.09424596748072782,-0.018857232227600676,-0.27617515924553654
13.82,0.09190546700339831,-0.010035526978911528,-0.33416357414793196
13.84,0.10948432402711855,-0.000787734785450554,-0.35589583611569514
13.86,0.15248430514326428,0.008588147575266006,-0.34029918055820935
13.88,0.22281783064323596,0.01788143296591414,-0.28729984926582663
13.9,0.3107464719549028,0.0268375145399713,-0.19768310020939683
13.92,0.39210490421569005,0.03490158917931683,-0.07376951923422644
13.94,0.4473027132323885,0.04115417893169291,0.07911364453260504
13.96,0.47662943815277703,0.0446826429495572,0.2518128125775107
13.98,0.4890211430102266,0.04495160954294095,0.4322087058602044
14.0,0.4910049208008225,0.04186395160759794,0.6069344752144954
14.02,0.4857047248532554,0.03567769469544986,0.762977100961788
14.040000000000001,0.47450643560763067,0.0269169075592622,0.8889149370575113
14.06,0.45812939675672687,0.016294668100701917,0.9758252866609826
14.08,0.4370676435628184,0.004639628257169163,1.0178933334718396
14.1,0.41174822778454473,-0.0071769467344209,1.0127281994127946
14.120000000000001,0.3825884900385508,-0.01831148963188992,0.9613912496417335
14.14,0.3500210918253749,-0.02801167694285985,0.868155226137016
14.16,0.31451155720209295,-0.03566901901449235,0.7400298077382207
14.18,0.2765794215427687,-0.0408570657446346,0.5861046096140123
14.200000000000001,0.23683138400155562,-0.04335292199768712,0.41677217731654026
14.22,0.1960157217488717,-0.043141015604054145,0.24290027170430714
14.24,0.15510756211672166,-0.040399303860954715,0.07502446845668458
14.26,0.11542912061290415,-0.035469304003539974,-0.07737105491004304
14.280000000000001,0.07879086672065376,-0.028812578849499906,-0.20642466103868556
14.3,0.047609024920310425,-0.020957768974540596,-0.3062737955312361
14.32,0.024938641054788317,-0.012443849082737123,-0.3732099865315786
14.34,0.014415266742227376,-0.0037660652884651392,-0.40561016316176657
14.36,0.02023021122960935,0.004670653040144412,-0.4036656812591337
14.38,0.047286137050252273,0.012589957215391186,-0.36894193197689135
14.4,0.10107923185427607,0.019872463677504327,-0.30380233083699426
14.42,0.18477055337170567,0.0265474208112325,-0.21077411449143724
14.44,0.28907516670454386,0.032651005853738486,-0.09216920888852116
14.46,0.384602843996305,0.037879159004954754,0.049294234993551095
14.48,0.4457457622493242,0.04142006789406446,0.20861633023454354
14.5,0.4745011316664209,0.04241069578533966,0.37723212168741305
14.52,0.4838961204097287,0.04041818818107022,0.5439027986941491
14.540000000000001,0.4825037431754338,0.035481205248005555,0.696636799546734
14.56,0.4740856089279321,0.027977969514142425,0.8243209208565834
14.58,0.46019615558082194,0.018511762259595978,0.9178371229212322
14.6,0.4416086085764603,0.00782510227717562,0.9707848721563861
14.620000000000001,0.4188564647009391,-0.003274239717724949,0.9798878748921723
14.64,0.3924213479454263,-0.013981742940872083,0.9451163641727699
14.66,0.3628053458474173,-0.023558307462503106,0.8695471656409655
14.68,0.3305731500859133,-0.03138290067779564,0.7589929654728654
14.700000000000001,0.29639581484049804,-0.036992369988285055,0.6214456510379562
14.72,0.26111273817230657,-0.040105853911220735,0.46639051335876847
14.74,0.22582511068471145,-0.04063227579441328,0.3040563237945484
14.76,0.19203133881858597,-0.038660560626243276,0.14467006865034882
14.780000000000001,0.16180526255486027,-0.034433444751047475,-0.0022158611519876442
14.8,0.13799581030086544,-0.02830714602145522,-0.12826242263501975
14.82,0.12439279402155021,-0.020700856618315996,-0.22669936007839864
14.84,0.1257532439620431,-0.01204209223339206,-0.29246791145298634
14.86,0.1474216609651287,-0.0027171673203421317,-0.3221511908320411
14.88,0.19369636012081384,0.006955008589507934,-0.31374424374783866
14.9,0.26323246533001926,0.016684761596815978,-0.26642931132129405
14.92,0.34268118922258145,0.026058088261271938,-0.18072598277609203
14.94,0.410539564337201,0.03435248297278523,-0.059391119596815804
14.96,0.4549162221062448,0.040620234752405004,0.09138460962678135
14.98,0.47870677620165886,0.04404810163560558,0.26176605748461734
15.0,0.4888619651760036,0.0442002184463194,0.43938401576825986
15.02,0.48999436094881127,0.04103267306807178,0.6109272683630381
15.040000000000001,0.4843526298730944,0.034824495924464564,0.7635801425319975
15.06,0.47301617305034976,0.026104551567263823,0.8861661856324172
15.08,0.4566100319244064,0.015582111170445861,0.9700083209645393
15.1,0.4356035910597894,0.004076657714124909,1.0095106661054756
15.120000000000001,0.41042306464832035,-0.007553258090362161,1.002456991163682
15.14,0.38149626858315494,-0.018478840730414513,0.9500278531850332
15.16,0.34927620878291876,-0.027963146384718234,0.8565544004811219
15.18,0.3142618836522218,-0.03541223481875121,0.729044385840488
15.200000000000001,0.2770263312337373,-0.04041198253478803,0.5765312935797212
15.22,0.23826102268920543,-0.042748280711574396,0.4093088870967739
15.24,0.19884698408651386,-0.04240956340884873,0.23812015789034077
15.26,0.15996256516236215,-0.039571832218483434,0.07337142472752031
15.280000000000001,0.12322998315643369,-0.03456755375306116,-0.07556074575477616
15.3,0.09088234694910274,-0.027841112643067142,-0.20087018566726614
15.32,0.0659062322022077,-0.01989501344884332,-0.296663419078872
15.34,0.05211505169063571,-0.011232454258464171,-0.3590774691252791
15.36,0.05416714263551879,-0.0023022346504197808,-0.38617078342609884
15.38,0.07754682469818891,0.006549200568408289,-0.3776066147071574
15.4,0.12797190623716181,0.015111119058424289,-0.3341693193056073
15.42,0.20776602743934486,0.02329462852743209,-0.25722218759193605
15.44,0.3060554454466561,0.030980315882613144,-0.14845955034383138
15.46,0.3944644647653199,0.03769970175684221,-0.01064429377771784
15.48,0.4511290723199809,0.04254661882462974,0.15063987503167758
15.5,0.47874128569298635,0.044631909560221644,0.3260246229959786
15.52,0.48865509974374066,0.04349862474673775,0.5033827088755491
15.540000000000001,0.48823610198371453,0.03915099009079508,0.6697125875788307
15.56,0.48075661337524933,0.031939864641346426,0.8127619184249231
15.58,0.4676032653181107,0.02245984450643717,0.9221991700871637
15.6,0.4494858809617941,0.011466856940843094,0.990419565103497
15.620000000000001,0.42689881308205113,-0.00019698316636579958,1.0130389568398042
15.64,0.4002796726792608,-0.011675545292581465,0.989093153736534
15.66,0.37006679261108394,-0.02216604477567516,0.9209570596712013
15.68,0.3367271806514807,-0.03097779242769017,0.8140102558252771
15.700000000000001,0.3007807006258327,-0.037578552657784495,0.676091216055339
15.72,0.26283305626948894,-0.041625557262346013,0.5167959734416099
15.74,0.22362801164181892,-0.042979357980994275,0.3466866510225176
15.76,0.18412975122794065,-0.0416999209272829,0.17648010262080685
15.780000000000001,0.14564377399984751,-0.038025575003781904,0.01628687197333112
15.8,0.10997275431213448,-0.03233665119719178,-0.12503419613164382
15.82,0.0795791500343581,-0.025107022992554146,-0.2403503802805995
15.84,0.057703742137347046,-0.016848310707859682,-0.32451915610974996
15.860000000000001,0.04840989330657575,-0.008052700496609465,-0.3744242624335434
15.88,0.05659521683201962,0.0008599961711069156,-0.3887899088943996
15.9,0.0879256922617969,0.009586645031394232,-0.36779892154610805
15.92,0.14773765999312777,0.017965332818033322,-0.31256599221842046
15.94,0.23567066778715925,0.02593179384724398,-0.22462189553975279
15.96,0.3348851494879742,0.03330556927570511,-0.10588020133064777
15.98,0.41516416905112413,0.03947418360051505,0.04023480841398959
16.0,0.4619921577927108,0.04347654575251129,0.20701460199268293
16.02,0.48307219626347175,0.04453235903181629,0.3840952554857193
16.04,0.48920488394054046,0.0423376062952792,0.5589201291954866
16.06,0.4863150927535806,0.03701853138425779,0.7186166778232635
16.080000000000002,0.47691962191466375,0.029012930351537534,0.8514768322460403
16.1,0.46212090913970993,0.018974430381251937,0.9480035404134153
16.12,0.4425359719939068,0.0076931730685102385,1.0016125063923598
16.14,0.4186334088980299,-0.003978306764373192,1.0090290355556448
16.16,0.39084909515952837,-0.015195940880635863,0.9703944921433884
16.18,0.35963071994845924,-0.025189000432367485,0.8891000497984549
16.2,0.3254634834842658,-0.033315079666678515,0.7713794311004144
16.22,0.28889686886930793,-0.03910163553570806,0.6257075529238758
16.240000000000002,0.2505839803507011,-0.042271481915148235,0.46206442638456663
16.26,0.2113442080375375,-0.042750811591926174,0.291131752234309
16.28,0.1722600187481123,-0.040659536564641906,0.12349292291372653
16.3,0.1348136121441228,-0.036284941873939935,-0.031094429441665874
16.32,0.10105273499112868,-0.03004090975489391,-0.1642906611781058
16.34,0.07374818979708948,-0.02241642216085655,-0.26958029879141415
16.36,0.05649292426246645,-0.013918576327442478,-0.34245929592613894
16.38,0.05373349701213987,-0.00501615001673071,-0.3803934750793761
16.4,0.0707678622194302,0.003911027778214455,-0.3825613130349429
16.42,0.11341427055960782,0.012610989275226676,-0.3494146120476662
16.44,0.18553665234639294,0.020964175489557237,-0.2821382304591973
16.46,0.2807937462541562,0.028878057885280684,-0.1822753270344002
16.48,0.3743584178372182,0.035996982748936764,-0.05214887220310047
16.5,0.43968455414033325,0.04149886817531571,0.10355101974053058
16.52,0.4737287569242141,0.044433841515625426,0.276400502181035
16.54,0.4873888358383704,0.04421462433806672,0.4547939440722438
16.56,0.48930811164710875,0.040731901579911814,0.625749482506655
16.580000000000002,0.483567611708664,0.03425414802709118,0.7766439686428546
16.6,0.47187856286642166,0.025318715069784545,0.8964976719451344
16.62,0.45506056789195454,0.014645885162771752,0.9768724266931872
16.64,0.43364069231797114,0.003062679029217105,1.0124494402040418
16.66,0.4080623487970519,-0.00857020176023985,1.0013092415615077
16.68,0.37875857001699753,-0.019427514074166423,0.9449262940147488
16.7,0.3461837483169298,-0.028781115192463836,0.8479007035817078
16.72,0.3108367334316321,-0.036050191085559284,0.7174649586468602
16.740000000000002,0.27328953587833,-0.04083683800990823,0.5628181393298874
16.76,0.23423196621312178,-0.04294485046373489,0.3943508720258789
16.78,0.19454290299609597,-0.04238078379823777,0.22283047689961394
16.8,0.1553979145473944,-0.03933757690853204,0.05861703985182916
16.82,0.11841446865014527,-0.034162229126433484,-0.08902240933064551
16.84,0.08581458527017792,-0.027310337720895295,-0.2124429706332679
16.86,0.060557910386733416,-0.019291823518210457,-0.30594976543592783
16.88,0.046401255386804334,-0.010613579844887316,-0.3659005152839242
16.9,0.0479083866758924,-0.0017249797266032034,-0.390582642429745
16.92,0.07045898134082741,0.007029388629094845,-0.3798856648012404
16.94,0.11980162029009751,0.015443730319299947,-0.33480734684267116
16.96,0.19880978175258004,0.02344258143689262,-0.2568907312756914
16.98,0.2978698543593061,0.03094029529076244,-0.14791950540213375
17.0,0.38893215839641276,0.03752003773554168,-0.010567356694741764
17.02,0.4482676313961568,0.0423037724407923,0.14984682211020936
17.04,0.4773740374838579,0.04438853383538339,0.3242426060144816
17.06,0.4879301584637577,0.04329315462477338,0.5006934397614855
17.080000000000002,0.48779546054477807,0.039005530028051245,0.6663160083761929
17.1,0.4804843879469721,0.0318664603131631,0.8089249280669443
17.12,0.46747159645624725,0.022463078699922673,0.9182214244795853
17.14,0.4494961752499657,0.011544936118132065,0.9866060214565118
17.16,0.42706309092822003,-5.138947095315819e-05,1.0096760256354662
17.18,0.400615759341472,-0.011474285360316598,0.9864285050349593
17.2,0.37059836102952914,-0.021924211391268173,0.9191840180203368
17.22,0.33748613184744136,-0.03071224428701997,0.8132577244200561
17.240000000000002,0.3018116056004177,-0.03730631569858385,0.6764197853195124
17.26,0.26420029963229275,-0.04136219105442294,0.5182005201775416
17.28,0.22542681867152442,-0.0427373523254706,0.3491054284425446
17.3,0.18650261404842094,-0.04148715538721499,0.17981012287195644
17.32,0.14880375239983099,-0.03784383773800622,0.020405325133353677
17.34,0.1142345791095124,-0.03218018526655046,-0.12024266692975025
17.36,0.08539864131666315,-0.024961055503098233,-0.23496057071747467
17.38,0.06572743031989296,-0.016687504485742705,-0.3185261803793757
17.400000000000002,0.05953743856472303,-0.007839423312300735,-0.36769791518655714
17.42,0.07202958857597025,0.0011775461995877953,-0.38102169742551306
17.44,0.10902854275860967,0.01007474154201472,-0.35844348721970126
17.46,0.17503791249122885,0.018694421671567433,-0.300797238988768
17.48,0.2661821012297131,0.02693106196855128,-0.20939024328125305
17.5,0.36084662518893007,0.03447376022355826,-0.08625035438919564
17.52,0.43109297570779614,0.040558918669453554,0.06446763004490028
17.54,0.46969275666054094,0.04421381187919152,0.23496466622202367
17.56,0.4862985322340967,0.04476357435242344,0.4140154183704713
17.580000000000002,0.49013786988986785,0.04201057200279332,0.5886519184835043
17.6,0.4858378196213855,0.03615514255309326,0.7459507518377688
17.62,0.4753549433946734,0.02768601716745488,0.8743992618353386
17.64,0.4595960737251932,0.017292580860058103,0.9648676451031725
17.66,0.43911459416889204,0.005788100579295265,1.0112562998492045
17.68,0.41435782412169403,-0.005963956905222547,1.010843285810269
17.7,0.38575273873921856,-0.017120480542474528,0.9643424960333773
17.72,0.35374046778233253,-0.026922730328610096,0.8756913402343695
17.740000000000002,0.31879797255008196,-0.03474978232727629,0.7516022152885306
17.76,0.2814623418663287,-0.04015794034954115,0.6009272652811035
17.78,0.2423676924092269,-0.042903697239987354,0.43389778811000285
17.8,0.20230475301157175,-0.042949043460488716,0.2613069085077245
17.82,0.16231329972173164,-0.040449151334324515,0.09370647622729429
17.84,0.12381201171369884,-0.035723666755703834,-0.059313375367871124
17.86,0.08875254328080623,-0.029214100066504805,-0.18970097685866197
17.88,0.05975602965865107,-0.0214312715062253,-0.29132795692773034
17.900000000000002,0.04017819684881051,-0.012898305921008038,-0.36015291301062785
17.92,0.03410302028488979,-0.0040953593572395424,-0.39415855487139
17.94,0.046362984156870846,0.004589219203167894,-0.3930795356629237
17.96,0.08254150748880613,0.01289867781541398,-0.3579519984226834
17.98,0.14779202952107215,0.020727433827019016,-0.2905363538366691
18.0,0.24076924415965906,0.028065082242136538,-0.19278194020484155
18.02,0.34221250214990884,0.03475432130825727,-0.06685627164835073
18.04,0.4208650609627214,0.04016813472796172,0.08356977977021526
18.06,0.4646744957109422,0.04335414059732864,0.25150519521048387
18.080000000000002,0.4832725931916097,0.04359396718928455,0.4264510162515225
18.1,0.4876045704426268,0.040660047437003737,0.5960067169290725
18.12,0.48332276549531356,0.034741931769120944,0.7477396506529728
18.14,0.4727786269642059,0.02632199136047502,0.870597728821632
18.16,0.4570112489599444,0.016079596817790736,0.9558804149450915
18.18,0.43662098761862306,0.004812247493474521,0.9978659136693807
18.2,0.41208006016896326,-0.00663749668771344,0.9941362948484322
18.22,0.383840136809041,-0.01745085024362687,0.9456183234796156
18.240000000000002,0.35237687432976456,-0.026894647443008807,0.8563617207123452
18.26,0.318220184961462,-0.034372470955466694,0.7330902569407329
18.28,0.2819899471176572,-0.03946176944129038,0.5845753977786831
18.3,0.24444976773946325,-0.04193464166154957,0.4208935602882629
18.32,0.20659075356783668,-0.04176112148339217,0.252635041241949
18.34,0.16975566231725156,-0.03909499242302266,0.09013495549357531
18.36,0.13580478659923698,-0.034243378842813664,-0.05720600946585409
18.38,0.10730399876760856,-0.02762270432814557,-0.18145082791727232
18.400000000000002,0.08769031210704324,-0.019705150007583525,-0.2764585592225565
18.42,0.08136542506684842,-0.010961209110389449,-0.33799274411130553
18.44,0.09366188997987099,-0.0018048363986501543,-0.36360291457714894
18.46,0.13035198420845587,0.0074499945091830895,-0.3523054659217084
18.48,0.195181329516093,0.01659786954715971,-0.3041474114519331
18.5,0.2826406770186634,0.025450840166824622,-0.21990551039730905
18.52,0.3709151791511983,0.033589665728641464,-0.10147117929194421
18.54,0.4354243591820311,0.04018273965940216,0.046757880067525695
18.56,0.4712417506509413,0.04426399973387978,0.21662526133418944
18.580000000000002,0.4871572048059157,0.04518169039050962,0.39663045370886
18.6,0.49114208282869254,0.04274022046448365,0.5735828401855295
18.62,0.4872202231945818,0.03712832555568792,0.7343123309426363
18.64,0.4771411043018871,0.028821789523869396,0.8670074952368573
18.66,0.4617485714566057,0.018501684119200897,0.9621960880851668
18.68,0.4415758840028202,0.006979606470319826,1.0134158124804433
18.7,0.4170607257128169,-0.00487579022994303,1.017589176684994
18.72,0.38862089286131185,-0.01621004546388212,0.9751079320155868
18.740000000000002,0.3566847632713981,-0.026248159168182843,0.889643054848807
18.76,0.3217097301405781,-0.03434966472564496,0.7677127040362327
18.78,0.28420205908073537,-0.04004990402971513,0.6180564418377992
18.8,0.24474691966528309,-0.04308496614282541,0.45087638243758643
18.82,0.2040576539345329,-0.04339898546896705,0.27701364263817607
18.84,0.16305408094588122,-0.041133745398073344,0.10713117438455144
18.86,0.12297584167623084,-0.036601738502563506,-0.04902814844244226
18.88,0.08552159822937899,-0.030245057076887107,-0.18324633543569752
18.900000000000002,0.05297579729364388,-0.022583895652925328,-0.2892483466968063
18.92,0.02826160102442671,-0.014160049125126962,-0.36290211375672854
18.94,0.014894192678464403,-0.005481858814834076,-0.40219329276471516
18.96,0.016931905284668383,0.0030240109113696236,-0.4069921790282268
18.98,0.03909761482712641,0.011052343918199651,-0.37864479209373353
19.0,0.08683667081854457,0.018450497213573183,-0.3194211298566748
19.02,0.16436766510467488,0.025223036199660362,-0.23187882022451597
19.04,0.26622178673765995,0.03143002559127432,-0.11837988343183654
19.06,0.3665798895453028,0.036873201047215046,0.01857078733739096
19.080000000000002,0.43578291014266923,0.04083125468583212,0.17463503470946068
19.1,0.47033804208463575,0.04239936282973808,0.3420146231750822
19.12,0.482907239685263,0.04103766451051692,0.5099007048909836
19.14,0.48335922292907413,0.03669521951091128,0.6663254269849442
19.16,0.47624543919263673,0.02968937508232125,0.7999005127550887
19.18,0.46342941744026833,0.02058346948589307,0.9010334932314357
19.2,0.44578654868322337,0.010096509284383354,0.9627233279427319
19.22,0.42387949547860043,-0.0009724008362004791,0.9810291929343811
19.240000000000002,0.3981936607065689,-0.01181357492529908,0.9552501745761502
19.26,0.3692240900391732,-0.02167040112832339,0.8878379191241533
19.28,0.3375206605805649,-0.02989419362842214,0.7840711169141035
19.3,0.3037302082787102,-0.035986863957115194,0.6515338814093264
19.32,0.26865394977768076,-0.03962865601075322,0.4994525525020261
19.34,0.23333384341700522,-0.040689198567785544,0.3379545286506349
19.36,0.19917926143641837,-0.03922127022997578,0.1773174591495697
19.38,0.1681375624980791,-0.03543788227214618,0.02727715538825242
19.400000000000002,0.14289260124138567,-0.029674639312340573,-0.10354247994234318
19.42,0.12704298440389855,-0.02234097152313114,-0.20802520278115622
19.44,0.1251661979129105,-0.0138658319756634,-0.2807497883672838
19.46,0.1425497221266561,-0.00464633537412458,-0.31796250757618044
19.48,0.18389862904121662,0.004984932388236685,-0.3173739690267179
19.5,0.24941629766058712,0.014738258485814323,-0.27791706379756764
19.52,0.3282817842600107,0.024236458569089767,-0.19979427325820157
19.54,0.3994692244542162,0.032819005525112833,-0.0852319784731695
19.56,0.4482392128841242,0.039557327515520914,0.060295338662702896
19.580000000000002,0.4753346115098575,0.0435874360643744,0.22759853272966787
19.6,0.4876439812693176,0.04439584388979938,0.4046810290041042
19.62,0.49029370824779217,0.0418677703777809,0.5783016867407906
19.64,0.48586928159945747,0.03622514955516242,0.7354587936696491
19.66,0.4755961122204746,0.027953102165343174,0.8645883654096167
19.68,0.4601528714756153,0.017730458185692913,0.9564772957755849
19.7,0.44002644586512063,0.006360013619202939,1.0048992857158636
19.72,0.41564693569724875,-0.005302529138636018,1.0069687108730871
19.740000000000002,0.38744024368851415,-0.0164181039468688,0.9632119681872856
19.76,0.3558538926504647,-0.02622798256513919,0.8773708313335709
19.78,0.3213776558459561,-0.034107315039301374,0.7559699749434353
19.8,0.28456982862274477,-0.03960492316786142,0.6076968022306417
19.82,0.2460981749275958,-0.04246683848333378,0.44265397177571275
19.84,0.20680573467227562,-0.04264228681730789,0.271552652016815
19.86,0.16781189718383505,-0.040272045474958273,0.10491726873519096
19.88,0.13065321678880093,-0.035660306588351835,-0.0476296066229714
19.900000000000002,0.0974505257878249,-0.029232457916330643,-0.17794062116814713
19.92,0.0710619455237259,-0.02148266771161856,-0.27972617516499937
19.94,0.055173087104663024,-0.012916659755263132,-0.3487156825426487
19.96,0.054323271296144865,-0.003995708037096089,-0.3825904347254773
19.98,0.07389610006549942,0.004913039804656777,-0.38070359653009495
20.0,0.11968808626868635,0.013573401862417591,-0.34362359808498416
20.02,0.19498162265233873,0.021877640275106875,-0.27259270939678415
20.04,0.2916113134930482,0.02972225532893029,-0.16920164283022063
20.06,0.3831219519081097,0.03670394077178781,-0.035940581460614004
20.080000000000002,0.4447559976978298,0.04196078297837118,0.12213320600717345
20.1,0.47600517955094396,0.04456387264291391,0.2961869450518906
20.12,0.48805207984303944,0.04397941974426277,0.47437238485765876
20.14,0.48898843941176195,0.040145671145941426,0.643673844304319
20.16,0.4825309470476013,0.03336560538455699,0.7915979676184108
20.18,0.4702426793501255,0.024200680049066347,0.9074111670544367
20.2,0.45289275206174257,0.013386562661837022,0.9830001179434373
20.22,0.4309928271762247,0.0017574193356472813,1.0134158431091203
20.240000000000002,0.4049829619227764,-0.009826824569489565,0.9971212798739005
20.26,0.37529750871325684,-0.020548977937461407,0.9359553542267187
20.28,0.3423949055494059,-0.029695134337491116,0.834837622050335
20.3,0.30678090165538013,-0.03670340633794795,0.7012531411022479
20.32,0.26903861521797384,-0.04119771874186291,0.544571419018883
20.34,0.2298757157096132,-0.04300464555208921,0.37526363059171575
20.36,0.19019949440253503,-0.04215249475485287,0.2040879304348201
20.38,0.151229104300399,-0.03885305918879783,0.04131343350768597
20.400000000000002,0.11464448629136625,-0.033467664764209794,-0.10395064891602795
20.42,0.08274872010337993,-0.026460481223981293,-0.22426335649801973
20.44,0.058594759527680715,-0.018343598474135345,-0.3141553375087235
20.46,0.0460370413510849,-0.009619709057371348,-0.3702056553922177
20.48,0.04974110347620758,-0.0007282259936420774,-0.39089447975736596
20.5,0.07518117579389517,0.0080009378840583,-0.3762543486018057
20.52,0.1280307526042233,0.016378724509701334,-0.32736167354555096
20.54,0.2102905338700294,0.02433861188871832,-0.24578127405386058
20.56,0.31005312154180725,0.03177254302511099,-0.1333363953787065
20.580000000000002,0.3980145753990468,0.03820286125897664,0.007084648854737596
20.6,0.4531726910786653,0.04271641104044058,0.16972765249075383
20.62,0.4794429677284111,0.04444508379250627,0.34508029362067727
20.64,0.488414428608958,0.04296750413118214,0.5209925440304712
20.66,0.4873016063010843,0.03832015411585809,0.6845791054017718
20.68,0.47926056890293467,0.03087811040777054,0.8238171586498081
20.7,0.4656288235284998,0.021251992212686192,0.9286851044229743
20.72,0.4471001018954332,0.010205729554416404,0.9919360985258848
20.740000000000002,0.4241659688218358,-0.001418335674118885,1.009560260677768
20.76,0.3972673617732988,-0.012771034768618803,0.980953927153838
20.78,0.3668503542212641,-0.02306270150750436,0.9088119517829866
20.8,0.33339484938966124,-0.03162047774654516,0.798771425915579
20.82,0.2974411959059555,-0.03793291249732895,0.6588504758288928
20.84,0.2596274987126648,-0.04167902123361763,0.4987389793386868
20.86,0.22074857071639284,-0.04274010890130868,0.3290071534588424
20.88,0.18184768709415702,-0.04119387071949455,0.16030233386812917
20.900000000000002,0.14434866597609974,-0.037291489300993776,0.00260379920298201
20.92,0.11022189272675746,-0.03141968973923582,-0.13539983383376145
20.94,0.08215247032878473,-0.02405112706789259,-0.24675671652664904
20.96,0.06366049763975859,-0.015688027714437298,-0.3264840534394654
20.98,0.059149978215680896,-0.006805053441493085,-0.3715713709231262
21.0,0.07390147653554358,0.0022029514452198335,-0.3807632739385294
21.02,0.11374696749159849,0.011061974153443763,-0.3541526362681042
21.04,0.18279575870943793,0.0196274811230215,-0.2926616197338048
21.06,0.2757310850540439,0.027790675334102684,-0.19765886827254928
21.080000000000002,0.36919809095684575,0.03520440149034245,-0.07131136737552453
21.1,0.4362608268869301,0.0410646118201887,0.08191331976312638
21.12,0.4721496604377214,0.04440836763167989,0.253832551464356
21.14,0.4871236475883306,0.04460776718297361,0.4329655001924764
21.16,0.48997222531297896,0.04151135405377617,0.6062831757928103
21.18,0.48496210858387667,0.03535409158784603,0.7609629615341924
21.2,0.4738930485562835,0.02664937236863996,0.8857107961349496
21.22,0.45761667921215804,0.016102868140999746,0.9716970819035738
21.240000000000002,0.4366690477519715,0.004536221276340507,1.0131716769371404
21.26,0.4114932583505058,-0.007186397133819154,1.0077801488693976
21.28,0.38251704649262364,-0.018228313177640867,0.9565921861712026
21.3,0.35018499263370034,-0.02784340394207423,0.8638624930567245
21.32,0.3149801017889465,-0.035428176797967115,0.7365601506194841
21.34,0.2774492037294279,-0.040559508740459264,0.5837173824082451
21.36,0.23824208391095497,-0.04301575319014754,0.41566006355115676
21.38,0.198174563710895,-0.04278014212674383,0.2431890611757974
21.400000000000002,0.15832550616200483,-0.04002663842445797,0.07678331818738178
21.42,0.12017106251393231,-0.035089596707985206,-0.07410743331378228
21.44,0.08574014820555188,-0.028419867876171002,-0.20162037771081553
21.46,0.057746530716476126,-0.02053147137827381,-0.2998412315598249
21.48,0.03964599480423939,-0.011944464713852927,-0.3649428745078197
21.5,0.03562940501355378,-0.0031301384419546874,-0.3950982054266192
21.52,0.050651535774452416,0.005537038395639492,-0.3901862822376327
21.54,0.0903761720291804,0.01381784693306315,-0.3513240870423854
21.56,0.1595933120057372,0.02162251144853751,-0.2802828764284621
21.580000000000002,0.2551593594786194,0.028935889630848435,-0.1789911942408897
21.6,0.35504458154951796,0.03554757064445135,-0.04970593357039747
21.62,0.4288721715202279,0.04075909049172405,0.1035362286858894
21.64,0.4684642625843606,0.043616294157785666,0.2732114475822376
21.66,0.4846310486541297,0.0434617738663693,0.44842759775412344
21.68,0.4876063622746574,0.040130406739119176,0.6166521561105185
21.7,0.48242130415575474,0.03385666389955003,0.7655354764911934
21.72,0.47115689837830793,0.025153768991998917,0.884258378732821
21.740000000000002,0.45475791306194496,0.014721371906618902,0.9644548118111352
21.76,0.43379507754960356,0.003367865934172496,1.0007996245454847
21.78,0.4087327101363426,-0.008062243332737626,0.9912970682017777
21.8,0.38002221523650964,-0.018756571112279144,0.9372869089158347
21.82,0.3481425079619203,-0.027995643190243336,0.8431912513503546
21.84,0.31362966832611255,-0.03520250433295564,0.716039366542604
21.86,0.27711366529019815,-0.03997794882530988,0.5648219292533024
21.88,0.2393743828574422,-0.04211919020464148,0.3997369181907068
21.900000000000002,0.20142882111926155,-0.041620957008087614,0.2313958469284189
21.92,0.16465928627426457,-0.038659197961616314,0.07006065416856062
21.94,0.1309821484843545,-0.033558805369074324,-0.07502157899043449
21.96,0.10303458017903615,-0.026748128981429416,-0.1961272115195802
21.98,0.08433271974864716,-0.018704605786001062,-0.287363207435074
22.0,0.07935475367029284,-0.009897228890400636,-0.3447484264838583
22.02,0.09349502307415691,-0.0007323427909594624,-0.36606916370386383
22.04,0.1325175281265832,0.008488202543133452,-0.3505383071488653
22.06,0.1998423140562867,0.017571145487954784,-0.2983483869884498
22.080000000000002,0.288883072542693,0.026329243374771702,-0.2103908512751444
22.1,0.37661720614909105,0.034321326748153545,-0.08871382726115502
22.12,0.43913726715744583,0.04069197128505717,0.06202301530851263
22.14,0.4731265780522607,0.04448511957952695,0.23336770844714705
22.16,0.48783849221200537,0.04508449064738693,0.41362435302770906
22.18,0.4910221661212962,0.042330963039233276,0.5895563921043986
22.2,0.48648880723401583,0.03644252735377681,0.7480798487807985
22.22,0.4758894588891255,0.027916920698365738,0.8775715908736079
22.240000000000002,0.46003169526043064,0.017450300985422332,0.9688217026136949
22.26,0.43943693648926807,0.00586248741850809,1.0156768528137674
22.28,0.4145398861170168,-0.005976468360934316,1.0153876966174078
22.3,0.385758850357633,-0.017217151723484595,0.9686666416737868
22.32,0.3535246227769826,-0.027095257512831133,0.8794735065525282
22.34,0.3182988151454394,-0.034985489712910024,0.7545631157844804
22.36,0.28059447023240086,-0.040441375754147454,0.6028444617933173
22.38,0.2410076941117335,-0.043218569835507904,0.4346130258980003
22.400000000000002,0.20026952784414637,-0.04328045933766239,0.2607250947269972
22.42,0.1593278096893193,-0.04078613447187088,0.09178514706269333
22.44,0.11946417882028511,-0.03606198325949076,-0.06258526904611245
22.46,0.0824347492739334,-0.029559407321162103,-0.19433622696442743
22.48,0.05059309899200614,-0.021802587574658337,-0.29738749773837797
22.5,0.026934322674127147,-0.013331826291847546,-0.367806758241288
22.52,0.015043376330468504,-0.0046489246553732605,-0.4037631229618192
22.54,0.019058821903545676,0.003830303644587394,-0.405275316292858
22.56,0.04381186146110553,0.011815137577935385,-0.37378688287527595
22.580000000000002,0.09479412728345604,0.019169774669172805,-0.31160183606229547
22.6,0.17569344293751316,0.025911331306522747,-0.22124892414004663
22.62,0.2790026611092143,0.03208681607054714,-0.10505242202261883
22.64,0.37681520373761657,0.03743933399707753,0.0343762200046836
22.66,0.44153798072432277,0.04119364685199584,0.19233660846911793
22.68,0.4728159224602459,0.04246386673311503,0.360592015130443
22.7,0.4835990096576297,0.04076810409527234,0.5280707230722205
22.72,0.4830297169801697,0.036104925270427426,0.682764839176173
22.740000000000002,0.47520293972428873,0.028825453356581536,0.8134114725546802
22.76,0.46180161767136263,0.01951544965357246,0.91065461701251
22.78,0.44364089151237956,0.008907603463940674,0.9678014266883592
22.8,0.4212656486542376,-0.0021931607636833006,0.9812581087488556
22.82,0.3951580235394079,-0.012978715304753675,0.9506791240752211
22.84,0.3658155694391605,-0.022700677265516993,0.8788516214547549
22.86,0.33379435750371117,-0.030724170089624546,0.7713452895855095
22.88,0.29975159222916636,-0.03656904585546298,0.6359712068257304
22.900000000000002,0.264505017987233,-0.03993590773131061,0.482105475919637
22.92,0.22912251776626358,-0.040715307166691264,0.31994206558824617
22.94,0.19505289417116167,-0.03897964065514395,0.15974350360289322
22.96,0.16430017445695205,-0.03495849003311173,0.011157558815685857
22.98,0.139623011892962,-0.02899952339614306,-0.11733759759683873
23.0,0.12470798201957727,-0.021518731741439447,-0.21880893590260939
23.02,0.12421919688546658,-0.012945790688145269,-0.28803299149095135
23.04,0.14348905820116095,-0.003673313575930405,-0.3214458152887269
23.06,0.18709511689777047,0.005973353752502531,-0.31692296567226863
23.080000000000002,0.2546444754455834,0.015707758748009573,-0.273538055086773
23.1,0.33420268179712526,0.025141163239517633,-0.19164761850770212
23.12,0.40431207010988834,0.033588035765496,-0.07371055420917436
23.14,0.4513160371305348,0.040108998642507346,0.07448373795166699
23.16,0.4769745715037398,0.04385946168140066,0.24344968917525675
23.18,0.488304453309529,0.04435964652406643,0.4210076557305487
23.2,0.49024588985801487,0.04152724805463929,0.5938687177435754
23.22,0.48524475443625237,0.0356112243087733,0.7491027267100749
23.240000000000002,0.4744628534089818,0.027117931356786168,0.875313803242117
23.26,0.45855474757824943,0.016741438244902138,0.9635300071202022
23.28,0.43799911908478967,0.005293443353090233,1.0078145858388987
23.3,0.41322386392899346,-0.006367926353674374,1.0055941038547307
23.32,0.38465508545936616,-0.017407411524445214,0.957704228495568
23.34,0.3527417507652382,-0.02707564993345269,0.8681693663050167
23.36,0.31797616501818055,-0.034761663989489,0.7437499420330311
23.38,0.28092069175363443,-0.04003130845912937,0.5933068121002679
23.400000000000002,0.24224972896591418,-0.04264927888907336,0.4270441660986739
23.42,0.202817168895507,-0.04258349939053117,0.2556994477736301
23.44,0.16375952836894744,-0.039991932215114066,0.08975109627756021
23.46,0.12663825540436113,-0.03519305951733207,-0.06128767350192452
23.48,0.09360569010490961,-0.02862257562957652,-0.18942835762332255
23.5,0.06755204961208816,-0.020780318892867168,-0.2885722888508362
23.52,0.05218580359265551,-0.01217294810868356,-0.3546529592669365
23.54,0.05205389053111685,-0.00325837897510716,-0.3855506730184987
23.56,0.07253779983765407,0.005603137305450645,-0.3807968270599995
23.580000000000002,0.1194215936364551,0.014184982318970323,-0.34110483067019837
23.6,0.19587923937019536,0.022389957533332658,-0.2678208137907287
23.62,0.2933324683195359,0.03012134898724759,-0.16260245110987614
23.64,0.38481925877813833,0.03697329685575727,-0.027997792985640535
23.66,0.4458223578968868,0.042079364055608755,0.1308585129429038
23.68,0.47643577015914107,0.044517966541207106,0.30505971041432367
23.7,0.48802390930117684,0.043771141936966934,0.48273332536736474
23.72,0.48862441977802584,0.039792562197789316,0.6509039385603693
23.740000000000002,0.48189705479848177,0.032897186515543,0.7971735639678927
23.76,0.4693789011251643,0.02365472550090886,0.91094444002957
23.78,0.4518300567340118,0.012805410514446853,0.9842646904101926
23.8,0.42976013553688003,0.0011843520388066463,1.0123577611959982
23.82,0.4036101999664573,-0.010350982422203813,0.9938558801978509
23.84,0.37381758579457836,-0.020988837768950306,0.9307512997712832
23.86,0.3408458428028786,-0.030023098547166626,0.8280902110181684
23.88,0.3052088781871349,-0.036901242088460254,0.6934497142877274
23.900000000000002,0.267502738081136,-0.04125724698023659,0.5362522165583284
23.92,0.2284555447968117,-0.04292749812529823,0.36698174981969284
23.94,0.18900653116074068,-0.041948945117969226,0.19637211817431266
23.96,0.15042321915172557,-0.038539981356051016,0.034637325594566545
23.98,0.11445517812068254,-0.03306572961549047,-0.10918955156758786
24.0,0.08349937928210582,-0.02599077095375687,-0.22775225924384151
24.02,0.060727848746672516,-0.017823897829823326,-0.3156604388317495
24.04,0.05014190833700361,-0.00906075181263992,-0.3695514253443362
24.060000000000002,0.05658511610998309,-0.00013011020330751634,-0.387928193452334
24.080000000000002,0.0856889035671804,0.008651610030556974,-0.3707973317742953
24.1,0.14291960343161472,0.01710755664700331,-0.31915521246529466
24.12,0.228694577318246,0.02516544636933653,-0.23446473482823893
24.14,0.32776170942022875,0.03266024468380543,-0.11856200578140937
24.16,0.41017633999854775,0.03901443358392153,0.025316913951436305
24.18,0.4594458741794881,0.04327514254770533,0.19075394375917606
24.2,0.4821349710277189,0.044629936974142734,0.36762051594653256
24.22,0.4892290333630905,0.04273417961808031,0.5434396503057817
24.240000000000002,0.4869942136324491,0.03768207102695165,0.705271410522294
24.26,0.4781190593381052,0.0298885622363593,0.8412311725065895
24.28,0.46376962226009694,0.01999206537531763,0.9415695666871635
24.3,0.4445833006485897,0.008774501853734847,0.9994032141342737
24.32,0.42103376233917716,-0.002913089850678216,1.0111390033977519
24.34,0.3935561295184691,-0.01422185689146593,0.97660666149435
24.36,0.36259419327953324,-0.024370802688030935,0.8989161578641216
24.38,0.32862625475880614,-0.03270292429750029,0.7840701779792105
24.400000000000002,0.2921907096935639,-0.03872818713183364,0.6403772938761126
24.42,0.2539229926752611,-0.04215063284437846,0.4777242554038885
24.44,0.21461446523267802,-0.04287808394491927,0.3067743480192936
24.46,0.17530409120146673,-0.04101412899291558,0.13816246729442755
24.48,0.1374095631083559,-0.03683327745430883,-0.018243589037326244
24.5,0.10288947981534334,-0.030741420659543352,-0.15395212527593716
24.52,0.07440169849501736,-0.023225162235974966,-0.262274685312676
24.54,0.05540658532594337,-0.014795126266597763,-0.3385365344265072
24.560000000000002,0.050199681629087535,-0.00592928243167729,-0.38005840000372343
24.580000000000002,0.06392021759806547,0.002978396716089073,-0.38592068051420486
24.6,0.10235989702191131,0.011659016077990098,-0.35654055012751307
24.62,0.17010885918867583,0.01998223756168503,-0.29312888007464566
24.64,0.2633690912979065,0.027876777871271626,-0.19724563949182378
24.66,0.36001755068941305,0.035064346468304294,-0.07103276424346242
24.68,0.4312248832505616,0.040797701865535,0.08134192462703718
24.7,0.46979659164041176,0.04410988397362856,0.2521041816477072
24.72,0.4859744507838186,0.04433869413066805,0.43008696695333776
24.740000000000002,0.48932014032703874,0.04130615156587481,0.6024476532179898
24.76,0.48455968468037625,0.035231808328326515,0.7564679971340755
24.78,0.4736707579642269,0.026618848231705156,0.8809087184171566
24.8,0.4575644922717274,0.01616470719743112,0.9669586850510841
24.82,0.43679695235154103,0.004683892873593448,1.0088555538775874
24.84,0.41181993619675866,-0.0069654065920940434,1.0042063758652138
24.86,0.3830679812405298,-0.01795106117618147,0.9540211674052697
24.88,0.3509943338895879,-0.027529777303226526,0.8624801353138163
24.900000000000002,0.31609507878976156,-0.03509899250224692,0.7364703005679204
24.92,0.27893752236206093,-0.04023453528287447,0.5849420532055448
24.94,0.24020358486567717,-0.0427117407525315,0.41814758271255786
24.96,0.20075900284631198,-0.04250891354858145,0.24682998599952896
24.98,0.16175855679876244,-0.03979324631253343,0.08143384886592732
25.0,0.12479022753213828,-0.034890508889844726,-0.06859474381585658
25.02,0.09204143452781005,-0.02824111911963408,-0.1953586105388319
25.04,0.06644353159847788,-0.020346706535186214,-0.2928635081295527
25.060000000000002,0.05174815362933798,-0.011712735731100783,-0.35714851074413195
25.080000000000002,0.05254587782947369,-0.0027931826037663433,-0.38618911790545957
25.1,0.07425814705009348,0.006057922919817107,-0.37959139937758957
25.12,0.12264719643126439,0.014621392411876195,-0.33811553332924954
25.14,0.20056171752433055,0.022804873307519964,-0.2631277347570035
25.16,0.2984957417379717,0.03050436750303975,-0.1563067180078579
25.18,0.38882860670633856,0.037289717400828454,-0.02028714689941448
25.2,0.44806198720264095,0.04227763730972705,0.1396152300620839
25.22,0.47740960363294915,0.044559254052936134,0.31430424945025476
25.240000000000002,0.4882779582462047,0.04364225015006603,0.4918030152571944
25.26,0.4884356157260305,0.03950204495956171,0.6591290314199777
25.28,0.4813806370101645,0.03246917170473807,0.803951493367257
25.3,0.46858642423869296,0.023124125573002523,0.9157921414872044
25.32,0.4507917050821952,0.012213876681071476,0.9868535256522927
25.34,0.4284996852621667,0.0005764420798252943,1.012532766370633
25.36,0.4021501550830044,-0.010931472445101585,0.9916399802442969
25.38,0.3721812146663395,-0.02150221665486145,0.9263354322925854
25.400000000000002,0.33905843196393337,-0.030436591179599914,0.8218110740212915
25.42,0.3032991120969495,-0.03719108623876066,0.6857576447245043
25.44,0.2655047689068721,-0.04140994521223152,0.5276723380083492
25.46,0.22641230901338164,-0.04294015623607218,0.3580719272481667
25.48,0.18697487905875315,-0.0418286918741075,0.18768140499242164
25.5,0.14848114593146708,-0.03830252656539675,0.026668484584263814
25.52,0.11271054076827972,-0.032733183020863435,-0.11601022854623927
25.54,0.08209801694665031,-0.025588920631963174,-0.23309524595464773
25.560000000000002,0.05985838390166633,-0.01737922727618747,-0.31930175604469135
25.580000000000002,0.05003700853682605,-0.008597513753639395,-0.3713695013449627
25.6,0.05752215416859454,0.00033228090256188776,-0.3878895860790264
25.62,0.08797700668860356,0.009100605792543084,-0.3689330454654684
25.64,0.1467788924588629,0.017537825104129594,-0.3155315532901215
25.66,0.23381108136865064,0.025573485187564523,-0.22916220278283522
25.68,0.33277213816970835,0.03302833020035899,-0.11169686512164352
25.7,0.41360707790655926,0.03929846231318021,0.033504254613780614
25.72,0.46119192962527,0.043424083902796,0.19982184801280709
25.740000000000002,0.4828207010193518,0.044613166485764605,0.37695845106879555
25.76,0.48931188027022665,0.04254663802740273,0.5523669606299826
25.78,0.48668236294701506,0.037338385441290534,0.7131287710961927
25.8,0.47749877328482465,0.029417265475457748,0.8474472355132027
25.82,0.46288247667154053,0.019431120889842578,0.9457073461955108
25.84,0.44345640935359576,0.00816732974185879,1.0011897848254179
25.86,0.4196901760025401,-0.0035214294233303824,1.0104796477249776
25.88,0.39201848634713127,-0.014788272540164377,0.973584114584293
25.900000000000002,0.360886331339511,-0.024857382103642495,0.8937761435016064
25.92,0.32677442546405366,-0.03307954091418471,0.7771952466491875
25.94,0.29022511633284676,-0.038974335255226,0.632251730108747
25.96,0.2518801950440278,-0.04225638064935213,0.46889338249444784
25.98,0.21254121762475953,-0.04284409740871652,0.29780187393562296
26.0,0.17326312654969447,-0.04085078340412228,0.1295895756897593
26.02,0.1354873704544337,-0.036558936376579615,-0.025933891243855055
26.04,0.10120496183393995,-0.030380031380193233,-0.160362346673891
26.060000000000002,0.0731131622277767,-0.02280339738586877,-0.26710957226262205
26.080000000000002,0.05471475315585512,-0.014339375380409766,-0.3416079507437997
26.1,0.05034802369069489,-0.005462805768654629,-0.38127840349752035
26.12,0.06519421301340687,0.003437917477171993,-0.3852839405791429
26.14,0.10505539415742844,0.012101152769697258,-0.35409828065201154
26.16,0.1743303260112995,0.02040291700318972,-0.28896013035753626
26.18,0.26847867033905404,0.028269658589145992,-0.19144546425686212
26.2,0.36444698950276117,0.03540323771074985,-0.06375559394654196
26.22,0.433931258716932,0.04103386034405156,0.08978671465167024
26.240000000000002,0.471062613162235,0.04419878265668435,0.26121032690814916
26.26,0.48639624322896513,0.04425986366335368,0.4392158023844619
26.28,0.489244345373261,0.04106247668358217,0.6109273025126969
26.3,0.4841347017908348,0.034843292260783004,0.763674327373343
26.32,0.4729601182692688,0.026117479946837517,0.8863230719707058
26.34,0.45660220170720417,0.015590307842570955,0.9702073343311588
26.36,0.43560781747472893,0.004080267857335611,1.0097332851787801
26.38,0.4104265096841053,-0.007554170493050208,1.002684961226707
26.400000000000002,0.3814931440357484,-0.018484031750304598,0.9502434966781247
26.42,0.34926265557533315,-0.02797214360774496,0.8567414739053264
26.44,0.31423410755882214,-0.035424369953844674,0.7291889458496713
26.46,0.2769796149217147,-0.040426462817125704,0.5766223471776453
26.48,0.2381888238091439,-0.04276428346010997,0.4093387067056808
26.5,0.19873978397165365,-0.0424263471185886,0.2380841837298494
26.52,0.15980627568120115,-0.03958886152815939,0.07326769461410738
26.54,0.12300380651110948,-0.03458463756980527,-0.07573269289374787
26.560000000000002,0.0905560690209393,-0.027858554885292333,-0.20111098433206814
26.580000000000002,0.06543691108877324,-0.019913775166435044,-0.29697617785119834
26.6,0.0514428366024115,-0.011254327843635364,-0.35947074288634523
26.62,0.053210402289580204,-0.0023300337389602233,-0.3866622738679868
26.64,0.07620250850453786,0.006511476961590133,-0.3782276160165004
26.66,0.12615075848661203,0.015058487852900319,-0.3349693103281851
26.68,0.20553622989984557,0.023222990449393716,-0.25826995950260623
26.7,0.3038630912494636,0.03089204875647172,-0.1498298288684255
26.72,0.39290574525042626,0.037609429467489935,-0.012378422225225675
26.740000000000002,0.45030312805900014,0.042475615061080885,0.14857642935805615
26.76,0.4783729615556352,0.044596223281252616,0.32374397903236835
26.78,0.48851964393968017,0.043505480421878275,0.5010432828511621
26.8,0.4882312318873879,0.03920085000594644,0.6674873093036757
26.82,0.48084406333286794,0.032028582320613085,0.8108157851810079
26.84,0.4677687211507797,0.022580036449699446,0.920673744097747
26.86,0.449722975892382,0.011608932603986533,0.9894221377826878
26.88,0.42720376993830167,-4.386663744510033e-05,1.0126356371426624
26.900000000000002,0.40064966006074004,-0.011522545298100468,0.9893057421598054
26.92,0.370499504583993,-0.022023740874753683,0.9217635982403919
26.94,0.337220856203606,-0.030855391233790663,0.8153489709816036
26.96,0.3013343596666223,-0.03748324019768453,0.6778673621595536
26.98,0.2634469096577053,-0.041562037047225726,0.5188909056060996
27.0,0.22430407044418318,-0.04294959665003169,0.34896833482563633
27.02,0.1848727047259445,-0.04170310516252758,0.17881421685052803
27.04,0.1464622741891452,-0.03805826496024198,0.01854768271206647
27.060000000000002,0.11088139227446099,-0.032393097410083865,-0.12295391617377317
27.080000000000002,0.08060168814242769,-0.025179594914683412,-0.23853094388380913
27.1,0.058878479536093264,-0.016927965122318846,-0.32300737473616076
27.12,0.04979774013140479,-0.008129402882720339,-0.3732286685186782
27.14,0.05828788415275947,0.0007969640583008151,-0.38787744563870874
27.16,0.09003835401483076,0.009548394364543964,-0.3670927367950882
27.18,0.15033264040338506,0.017962379973003293,-0.31194536265787026
27.2,0.23853014707635284,0.025970297392979527,-0.22393072793529187
27.22,0.33734913115989995,0.03337944819174623,-0.10495940494273702
27.240000000000002,0.41670196573611623,0.03956200357754634,0.041487764333911194
27.26,0.4627492891416075,0.04355339371483369,0.20860415929723258
27.28,0.4834147184103506,0.04458150558876493,0.3859407265775374
27.3,0.48935123686926446,0.042351188940368496,0.5608925223915284
27.32,0.48635231000169965,0.036994673242807204,0.7205683910773611
27.34,0.4768771108968654,0.028953780190760794,0.8532612701158966
27.36,0.46200786978985997,0.01888507997443705,0.9494888753816115
27.38,0.442354942247139,0.007580866171416157,1.0026918328519265
27.400000000000002,0.41838451738488563,-0.004104932255508825,1.0096274672615464
27.42,0.39053117475286503,-0.01532763036671612,0.9704731887422683
27.44,0.3592413190975451,-0.02531665548742265,0.888657129237898
27.46,0.32499834646276204,-0.03343048136053132,0.7704478740011871
27.48,0.28834896221948353,-0.03919807413017758,0.624350387555439
27.5,0.24994194847449314,-0.042344259171101385,0.46036764068858455
27.52,0.2105900335883439,-0.04279759701689436,0.28919548533844885
27.54,0.17136559558004424,-0.04068057630294525,0.1214215289074347
27.560000000000002,0.13373591050694564,-0.03628313637195281,-0.03320288271592685
27.580000000000002,0.09972720843135252,-0.03002179195691987,-0.1663549921008502
27.6,0.07207986275962872,-0.022388082246101816,-0.27154659995234887
27.62,0.054344124680531396,-0.013891595972637245,-0.34431101582329465
27.64,0.05090812858631436,-0.005003621790370534,-0.3821613839596192
27.66,0.0670031782686432,0.0038934063811584207,-0.384333744368399
27.68,0.10843930909965079,0.012545350077245117,-0.35134744331990786
27.7,0.1793715735101388,0.020834156508053966,-0.28445813850461704
27.72,0.2743767291379975,0.02868152578498273,-0.18525219549778146
27.740000000000002,0.3694072695693054,0.03576466042454362,-0.055999904924253475
27.76,0.4368931278633707,0.04128859547155671,0.09879458236596911
27.78,0.47243304947587,0.04429695720747106,0.27093645786744436
27.8,0.48685458033555656,0.04417880681705816,0.448979046593309
27.82,0.48916930736117936,0.04080493900754488,0.6200089810508744
27.84,0.4836852274972193,0.03443042285170121,0.7714057087221687
27.86,0.4722032452990911,0.02558328256090519,0.8921473265491098
27.88,0.4555732857741675,0.01497720420534694,0.9737218807420233
27.900000000000002,0.43433233019085915,0.0034349919297228205,1.010715199265518
27.92,0.4089273989248758,-0.008184528110381641,1.0011002522855288
27.94,0.3797934985180933,-0.019055700069235383,0.9462410536254916
27.96,0.3473870233108927,-0.02844785198840599,0.8506332236376909
27.98,0.31220967155999074,-0.03577582762924758,0.7214186293543914
28.0,0.27483783711815296,-0.04063598094968914,0.5677260506445955
28.02,0.23596808080794748,-0.04282544781916749,0.39990078387212946
28.04,0.19648952971281178,-0.042343717602830566,0.22869243720533172
28.060000000000002,0.15759307690251576,-0.03937674216082135,0.06447164389980255
28.080000000000002,0.1209188515033303,-0.034265029406837975,-0.0834569395421285
28.1,0.08872231730206677,-0.027458482035765123,-0.2073863381583543
28.12,0.06401289466370083,-0.019462260787681485,-0.3015386759182733
28.14,0.05062166559963908,-0.010779357649008298,-0.36217141886142074
28.16,0.053217047070688014,-0.0018558114623580973,-0.38745738315893297
28.18,0.07728827728234236,0.00696676973951225,-0.377158819824125
28.2,0.12853716187126019,0.015483895775481425,-0.3321366185940594
28.22,0.20914944171306094,0.023612568749183133,-0.25380536693341665
28.240000000000002,0.3078476007935515,0.031234519930834367,-0.1438947646130452
28.26,0.39594695018925985,0.037874918802025,-0.005214267030331396
28.28,0.45196987029979246,0.0426234830449448,0.15657993545788915
28.3,0.47906617269646123,0.044598397917192764,0.3320533206290917
28.32,0.4886436630972154,0.04335533598514339,0.5090555730976801
28.34,0.4879892195449003,0.038909679956272064,0.6746107812268208
28.36,0.4803229653270505,0.031620585148408105,0.8165311558367361
28.38,0.4670102703129551,0.0220882580092226,0.9245774570381246
28.400000000000002,0.4487538949210582,0.011071691730010377,0.991254524957534
28.42,0.42604651731341053,-0.0005863974388918471,1.0122951316011293
28.44,0.39932627307142987,-0.012031584800778337,0.9868497214941535
28.46,0.3690333346414786,-0.022464807407207785,0.9173968591697471
28.48,0.335637898861059,-0.031200689750164438,0.8094015546949915
28.5,0.2996649300573282,-0.037713372459376344,0.670764140726711
28.52,0.2617282254125466,-0.041666928146290826,0.5111158684758378
28.54,0.22258435553132902,-0.042928586353206045,0.341026831707291
28.560000000000002,0.18321745157901864,-0.0415642075887403,0.1711965086873887
28.580000000000002,0.14496299936824994,-0.03781665398150163,0.01169703079101024
28.6,0.10966628010817549,-0.03206893334482209,-0.128665735955466
28.62,0.07984613829425058,-0.024795377769770127,-0.24281841215982583
28.64,0.05881333708164545,-0.01650567040464174,-0.32567488375216497
28.66,0.05071576380221596,-0.0076876789518524336,-0.37416275639005786
28.68,0.06054934052475235,0.0012453095932056998,-0.38702832893419165
28.7,0.09404580596458544,0.009998234961226402,-0.3644468954186499
28.72,0.15632289995431256,0.018415549026430143,-0.3074947151482281
28.740000000000002,0.245904568330044,0.026426161128067206,-0.21765922990484382
28.76,0.34411931939520535,0.03381174312073568,-0.09689601382492717
28.78,0.4210954591370618,0.03990712732602879,0.05113102016745435
28.8,0.46491923475138885,0.04374243203833428,0.21933493284127872
28.82,0.4842682377119079,0.04457449471090952,0.39704303295864307
28.84,0.48947645258278194,0.04214052481364007,0.5715575013828165
28.86,0.4860036048409043,0.03659669879954579,0.7300074885891691
28.88,0.47615616858509946,0.02840159517484993,0.8607868166587515
28.900000000000002,0.4609618171025097,0.018223200054485907,0.9545700539772954
28.92,0.44101332258822745,0.006860520469606814,1.0049908472290505
28.94,0.4167716995098761,-0.0048303273268127155,1.0090172945375855
28.96,0.3886705092454635,-0.016006771006949336,0.9670376199778443
28.98,0.35715673537640624,-0.025904198539437425,0.882674430086733
29.0,0.32271529908477026,-0.033890195938881984,0.762360369575468
29.02,0.2858954914414481,-0.03950509623747984,0.6147231785482942
29.04,0.24735034703714825,-0.04248631770432736,0.44984032712034344
29.060000000000002,0.2078995763819677,-0.04277515725297493,0.2784311465177067
29.080000000000002,0.1686266598136517,-0.040505925586478184,0.11105726628631488
29.1,0.13101523365620854,-0.035978515359354174,-0.04259978863466556
29.12,0.09711270198233905,-0.02961675939552835,-0.17432183887681316
29.14,0.06968178606491433,-0.02191639705419035,-0.2777484029885121
29.16,0.052289671964380696,-0.013387986733585747,-0.34855081899747736
29.18,0.0493311131315332,-0.00450082112906103,-0.38437806603790214
29.2,0.06603642987019383,0.004367122874340766,-0.38458892760837754
29.22,0.10820924797673753,0.012968042647233667,-0.3498036949030733
29.240000000000002,0.17994680040122635,0.021191093426232134,-0.2813513523940819
29.26,0.27557512355615804,0.028963172888406535,-0.180865341520605
29.28,0.3706647634729722,0.03596039473207767,-0.05065390223642446
29.3,0.43772455936351534,0.04138381521654033,0.10472740178289888
29.32,0.47279517196445753,0.044280653739339954,0.277029200812913
29.34,0.4868770658361738,0.04405059070781251,0.4547809373233288
29.36,0.48894938720599707,0.04057539362530731,0.6250902204355074
29.38,0.4832745901799964,0.034118768920457954,0.7753969801486756
29.400000000000002,0.47163175603903973,0.02521477177523715,0.8947691166511458
29.42,0.4548630240601353,0.014580567881797393,0.9748034858011551
29.44,0.43350338589395926,0.003039943499746734,1.0102036224063586
29.46,0.40800030649930147,-0.008549654568373949,0.9990593422717409
29.48,0.37879068038192953,-0.019366038865339195,0.9428416945619253
29.5,0.3463342330512346,-0.028683684386567525,0.8461359466613074
29.52,0.31113799937397263,-0.03592373729639822,0.7161505244582853
29.54,0.2737868242066543,-0.04068940998208924,0.562054236605713
29.560000000000002,0.2349906312427259,-0.042784615753796176,0.3942049218692726
29.580000000000002,0.1956594434958507,-0.042214902332626335,0.2233388499466395
29.6,0.1570159206081449,-0.0391709555227516,0.059791538313104776
29.62,0.12074622812981499,-0.033996156642368144,-0.0871828496124846
29.64,0.08916843151836361,-0.0271410017696182,-0.20993487993713214
29.66,0.0653718453969204,-0.019108716796362904,-0.3027415844255298
29.68,0.05328592066181123,-0.010397777976043715,-0.3619024234134417
29.7,0.05769719438130609,-0.0014472414523969616,-0.3856091438305273
29.72,0.08420053766492197,0.00741024797699759,-0.3736107164947765
29.740000000000002,0.1383776409010448,0.015978524507493166,-0.32671849117494706
29.76,0.22142069180844845,0.02417174623333299,-0.2462808346200648
29.78,0.31984761784518295,0.03183575097147009,-0.13403128951074234
29.8,0.4043487068566047,0.03842928399054172,0.006999651939861757
29.82,0.4563642919683223,0.04301191785616067,0.17071608443423286
29.84,0.48097054194877786,0.04473682011783629,0.34726212377196086
29.86,0.4892400943764791,0.043211546361028856,0.524256864579748
29.88,0.4878122873921557,0.038491156469844,0.6886797806196459
29.900000000000002,0.47957780946739825,0.03096225622489195,0.8284311839582877
29.92,0.4657797685441185,0.021244203895224308,0.9334522223167534
29.94,0.44708058398683104,0.010108477964880958,0.9964911535844799
29.96,0.423960142015775,-0.001596015256146695,1.0135614672665494
29.98,0.396852505331414,-0.013014770086412844,0.9841067773313211
30.0,0.3661963883331006,-0.02335432137523766,0.9108875839219762
30.02,0.3324611308752126,-0.031939795692792115,0.7996183186215029
30.04,0.2961707402786028,-0.03825965344086879,0.6583986858013826
30.060000000000002,0.257937740516143,-0.041994791578017,0.4969965556868646
30.080000000000002,0.21851713419815486,-0.04303033635522782,0.326048713714013
30.1,0.17889125965521865,-0.04144968032470478,0.15625000460971616
30.12,0.14039318366248565,-0.03751152567290308,-0.002399230040761438
30.14,0.10486298162861513,-0.031611927250633776,-0.14122300456091674
30.16,0.07480546157041157,-0.02423472278965252,-0.25332310171348354
30.18,0.05349714538030051,-0.015895294969127793,-0.3338189757717337
30.2,0.045018256773319575,-0.007083699201437686,-0.3798593879429924
30.22,0.054264224124373886,0.001787391402931748,-0.3904146815301009
30.240000000000002,0.0868914992452093,0.010425907972007212,-0.3658770431903567
30.26,0.14818641492737464,0.018683557003176896,-0.3075205225251903
30.28,0.23749467103676375,0.02650862887170001,-0.2169809423439659
30.3,0.33727194375398295,0.03372415549179437,-0.09624188448259755
30.32,0.4170106790664462,0.039710539791802044,0.051192061695897385
30.34,0.4629268975708035,0.04350704271928513,0.21851139097923972
30.36,0.48328519695973565,0.04434994528183107,0.3952869305084753
30.38,0.4889118087012259,0.041956481779722325,0.568976730908525
30.400000000000002,0.48563816881734817,0.03647069076746702,0.7268022396519368
30.42,0.475926024685338,0.028343225499178712,0.8572107276509727
30.44,0.46085647917448885,0.01823569474122086,0.950902120484835
30.46,0.44104022831782125,0.00694145435349229,1.0015114510609997
30.48,0.41694565205779127,-0.004688308635469644,1.0059869837839714
30.5,0.389011566034029,-0.01581499578080463,0.9646792151089033
30.52,0.3576913225139561,-0.02567676491656908,0.8811594612929098
30.54,0.32347930937677993,-0.03364257932213103,0.7618007326729586
30.560000000000002,0.2869395527657469,-0.03925264742700968,0.6151686063008738
30.580000000000002,0.24874812953457456,-0.042242724307144354,0.45128196266804715
30.6,0.20976045496001866,-0.04255091830913493,0.28081125640920074
30.62,0.17111425201521482,-0.04030685760571319,0.11428499264319775
30.64,0.1343730742933007,-0.03580427680614123,-0.03862674549371676
30.66,0.10169765089722017,-0.029459361915879296,-0.1696896211321962
30.68,0.07600582249625872,-0.021758665157469773,-0.2724933522199353
30.7,0.06107278811575379,-0.01320190324235027,-0.3426194728288541
30.72,0.06156384728693923,-0.004245666393696689,-0.37758014253399697
30.740000000000002,0.0829920808795665,0.004746475966458874,-0.37654281965227987
30.76,0.13109136760591877,0.013539193693215101,-0.3398801141313913
30.78,0.20831354826632165,0.02201432834200566,-0.26865281670174324
30.8,0.3044733537739088,0.03002728940471911,-0.16436611991070668
30.82,0.3922407131544286,0.0371016952319595,-0.02966269412789021
30.84,0.4495848036284573,0.04233215726971479,0.12998826758653081
30.86,0.4781924748115068,0.044813828341098975,0.3053083607479994
30.88,0.48896515878173014,0.04405902671079607,0.4841625551391846
30.900000000000002,0.4892477607299922,0.04004059118316045,0.6534135335918965
30.92,0.48236108392490923,0.03308413116028057,0.8005588388784749
30.94,0.4697197580695756,0.0237669101989064,0.9149313839845529
30.96,0.45204362897121814,0.01283592766683662,0.9885382438337105
30.98,0.42982801242965807,0.0011327462583288598,1.0165882574377012
31.0,0.40350639697257756,-0.010479230677586012,0.9977239343570099
31.02,0.3735086561166221,-0.02118320323372893,0.933969900104135
31.04,0.3402879003010803,-0.030269272707895933,0.8304224895559073
31.060000000000002,0.30434194145045146,-0.037182700080114185,0.6947210345475231
31.080000000000002,0.26624153446610843,-0.04155704053077233,0.5363555157935448
31.1,0.22667513657945576,-0.04323020678635861,0.36587537430652667
31.12,0.18652059314940536,-0.04224274686375836,0.194069607884654
31.14,0.14695276712516434,-0.03881883993532182,0.031188687779949025
31.16,0.10958636459345,-0.033331723070017125,-0.11372559030963426
31.18,0.07662998198953125,-0.026256588986688593,-0.23334564493813137
31.2,0.051000248441315996,-0.018115538244296157,-0.32235755339611544
31.220000000000002,0.036353760048192976,-0.009420532560133746,-0.37753419962913987
31.240000000000002,0.03707781874195456,-0.0006202344801291383,-0.3975863138679028
31.26,0.05833726804981217,0.007945620614168475,-0.3828151653821718
31.28,0.10585025539054974,0.016080587509192765,-0.33460277917354236
31.3,0.18328547149186877,0.023731101061393874,-0.25481882070108614
31.32,0.28319564284329074,0.030866711234561157,-0.1454273240301244
31.34,0.37858504854293396,0.037162181161442306,-0.008978838204280644
31.36,0.4427121332679916,0.041799470335706905,0.14966413947179819
31.38,0.4746220996670934,0.043859066917342045,0.3219592701840383
31.400000000000002,0.4863969124380465,0.04281787209445348,0.49638006480094593
31.42,0.4867940085252836,0.038633881449778244,0.6602958533277574
31.44,0.47979247214650605,0.0316290740668243,0.8016790304885202
31.46,0.4670396955334805,0.022376197531420314,0.9103237786810824
31.48,0.44933305177007116,0.011611987660704787,0.9786695977736591
31.5,0.42719905828898747,0.00016134978203726814,1.0023037290561756
31.52,0.4010932951543849,-0.011134191675808201,0.9801694525376528
31.54,0.37147246512519133,-0.02148298096237068,0.9144973909968465
31.560000000000002,0.33882947445207584,-0.030201231684043272,0.8104865691219323
31.580000000000002,0.30372394846705464,-0.03675888020135985,0.6757766305690702
31.6,0.2668234889988174,-0.040810349952955995,0.5197660066730652
31.62,0.22896767390050285,-0.04220836113379413,0.3528405103664402
31.64,0.19126656316336899,-0.04100010322305519,0.18558193747231005
31.66,0.15524173716977066,-0.037406286433364654,0.02802659405735977
31.68,0.12300430284671235,-0.03178483969806171,-0.110960862453772
31.7,0.09743966342541514,-0.024582446950755045,-0.2241427260288122
31.720000000000002,0.0823489499855101,-0.016278683897640256,-0.3061530540123677
31.740000000000002,0.0825033143788114,-0.007328766594877962,-0.35351411811699734
31.76,0.10351526639696318,0.001888249289891679,-0.3644322086562765
31.78,0.15089072474200582,0.011104028801972667,-0.3384145667947996
31.8,0.22602880453096727,0.020142100682803008,-0.27583532827489043
31.82,0.31740662369842926,0.02876591747384134,-0.17781394155294197
31.84,0.39897596546919384,0.03640342712644007,-0.047003208616836475
31.86,0.4520961902871738,0.04211515579959358,0.11084255425824796
31.88,0.4791552792190729,0.04501414080241751,0.2861472686429634
31.900000000000002,0.4897903754605307,0.04462396682122671,0.466550062319619
31.92,0.4904105412829833,0.04090924447237792,0.6386910125340658
31.94,0.48396347784784494,0.034180402526884646,0.7897939754386443
31.96,0.4717452648628856,0.02500192978164047,0.9088602497243236
31.98,0.45444015899155893,0.014114301168579767,0.9875260133412631
32.0,0.4325306427918875,0.002359869330587099,1.0206176539651741
32.02,0.40644166555467365,-0.009390099267053541,1.0064127602801574
32.04,0.37659278980523375,-0.02030485301808133,0.9466150886977256
32.06,0.34342181060402427,-0.029655934849570895,0.8460656840161593
32.08,0.30740266153538165,-0.03686725892570303,0.7122290455393597
32.1,0.269068295922941,-0.04155026238579311,0.5545079434037906
32.12,0.22904714146143731,-0.043522064211028146,0.38345113195946295
32.14,0.18812266969900215,-0.04280581673693894,0.2099239797504853
32.160000000000004,0.1473252974984751,-0.03961366893863629,0.04431280956497647
32.18,0.10805843045383062,-0.034313957581384766,-0.10417032973899146
32.2,0.07223941192353849,-0.02738551658035175,-0.22802469415676027
32.22,0.04240509234506927,-0.0193635036157029,-0.3217964060528223
32.24,0.021724312351095114,-0.010782681598923052,-0.3821900588733438
32.26,0.013931518110202282,-0.002124530791136529,-0.4079591621259054
32.28,0.023329847454846963,0.00622767194840267,-0.39960027366514617
32.3,0.054968216197146647,0.014025587363203676,-0.3588841280500076
32.32,0.11428902343082037,0.021180853217254426,-0.28825931909049146
32.34,0.20314753105889047,0.027741795254428582,-0.19022929827540455
32.36,0.3085069017049246,0.03371233142757759,-0.06709264292916504
32.38,0.3988316385574855,0.03868989808792121,0.07817096093286467
32.4,0.45312089603038036,0.041804961812305044,0.2399387479067803
32.42,0.47733879377821514,0.04225172620733261,0.40902938009467965
32.44,0.4842565183785155,0.03969213471325665,0.5739237474168227
32.46,0.48136273900776344,0.03423860731935537,0.7226941050221123
32.480000000000004,0.4718401758481528,0.026318861344775697,0.8445352256869142
32.5,0.45702678536353497,0.01656799744578965,0.9307980009121656
32.52,0.4376263109209316,0.005745894313370308,0.9756485983923217
32.54,0.4141540332327528,-0.005335561279357556,0.9764200747125169
32.56,0.387091834929885,-0.015879949370241266,0.9336836340653175
32.58,0.3569510190442516,-0.02516694163106654,0.8510627032346031
32.6,0.3243131932433266,-0.03260275379066103,0.7348236972139962
32.62,0.2898764785102927,-0.03775721584422136,0.5932907829038646
32.64,0.25452258404758443,-0.04038507601968624,0.436143271763337
32.660000000000004,0.21941767744908533,-0.04043023478663361,0.273661693152348
32.68,0.18615645301694606,-0.03801277307059477,0.11599149905104791
32.7,0.15694701822536322,-0.033399890238493705,-0.027508567136578045
32.72,0.13480946281815145,-0.02696331445984319,-0.14877367176250766
32.74,0.12372498498621964,-0.019127510492353353,-0.24134955610206393
32.76,0.12861295660708688,-0.010315197514469946,-0.30049403448950096
32.78,0.15480061487255292,-0.0009005070385896736,-0.3230712917731183
32.8,0.2059537411857371,0.008808789674691224,-0.3073064182260312
32.82,0.27879803702590805,0.018513553021052016,-0.2525998729859778
32.84,0.3575183539199296,0.027749225402559145,-0.1598070448090583
32.86,0.421091168178754,0.03572994928699978,-0.032270487067943436
32.88,0.46090038050989673,0.041504593734896095,0.12308070183053993
32.9,0.4815279739405029,0.04432326157875081,0.29580628102836604
32.92,0.4896664457044241,0.04382976130026016,0.473233462789912
32.94,0.48936899639032055,0.040048476790301026,0.6420470042004508
32.96,0.4825698805688625,0.033311950652166585,0.7896704695934934
32.980000000000004,0.470220193536012,0.024188940026287256,0.9053531979808612
33.0,0.452899521595226,0.01341517230995811,0.9809766863564398
33.02,0.43106325421954667,0.0018228778015812724,1.0115820892797105
33.04,0.40513560020229183,-0.009730193882210723,0.9956139278374929
33.06,0.375547917767666,-0.020428627486292893,0.9348846787429282
33.08,0.342760798516785,-0.029559620466384728,0.834281629303717
33.1,0.30728566320323475,-0.03656159094194724,0.7012547227704958
33.12,0.26971536555304143,-0.041057920592998835,0.5451388196931526
33.14,0.2307731133848577,-0.04287378684650034,0.376374330715278
33.160000000000004,0.19139029611506445,-0.04203526548810771,0.2056959112169678
33.18,0.15282241066780497,-0.038751100349395905,0.04335974373746233
33.2,0.11680230058650155,-0.03337875443479619,-0.101524071820079
33.22,0.08570712329092028,-0.02637769992122448,-0.2214965767305253
33.24,0.0626906607650992,-0.018254443322544726,-0.3110498832453354
33.26,0.05174326509280807,-0.009505095313150214,-0.36670024140827856
33.28,0.05770606593148381,-0.000561304107347934,-0.386836370198159
33.3,0.08621221555852612,0.008255719237607415,-0.37136609900045864
33.32,0.1427466277027532,0.016763018984565066,-0.32120911209672337
33.34,0.22785022497866889,0.024882465533011655,-0.23777637361398696
33.36,0.32659677160149253,0.0324471151538877,-0.12286901286143057
33.38,0.40922788045305064,0.038882939839832056,0.020316089259359314
33.4,0.4589324006210592,0.043237924389768596,0.18541227736759153
33.42,0.48197797146218,0.04469249506486393,0.3623293890030939
33.44,0.48932127529970254,0.042891927962309034,0.5385922541761563
33.46,0.4872735418487797,0.03792169245398501,0.7012244109568739
33.480000000000004,0.47855222996144164,0.030190270399109032,0.8382742658604303
33.5,0.46433501540612343,0.02033186464555165,0.9399041392929164
33.52,0.44526296924483777,0.009126409649977857,0.9991299619341583
33.54,0.42181024936967393,-0.0025748904613019192,1.0122543271741549
33.56,0.39441094878036265,-0.013921038746305986,0.9790073654148219
33.58,0.3635066605893026,-0.024127215946706134,0.9024115032063974
33.6,0.3295720650671997,-0.03253133044770749,0.7883998593958268
33.62,0.2931398077334902,-0.038637489836009335,0.6452335085193736
33.64,0.2548362117193565,-0.04214365606874857,0.482775765187568
33.660000000000004,0.21543826852580578,-0.04295191425501293,0.31169030134026304
33.68,0.17596270544861045,-0.041161008003708685,0.14263374167698734
33.7,0.13779409573515897,-0.03704200026684336,-0.01448764619578255
33.72,0.10284445943787628,-0.030999159926698307,-0.15113343500031753
33.74,0.07371041128723384,-0.02351959061370548,-0.2605641191119867
33.76,0.05377594486322064,-0.015116669601718377,-0.3380604061960537
33.78,0.04724285419670365,-0.006273345863270273,-0.3809139607543306
33.8,0.059142635702615846,0.0026093760301227325,-0.3882002420109705
33.82,0.09521708684105859,0.011254383904940154,-0.3603625721178098
33.84,0.16040129053925667,0.019526390400436463,-0.2986670165594502
33.86,0.2523098221146951,0.027366767621508435,-0.20472017739775433
33.88,0.3506407179157668,0.03454450064855847,-0.08059250382315203
33.9,0.4255367758281358,0.040365315443048326,0.06984143393114622
33.92,0.4670841244662189,0.043860821083646556,0.2392151217364995
33.94,0.48490243430348756,0.04432588667604326,0.4166642410773158
33.96,0.4891321010429849,0.04154083384288484,0.5894705175799004
33.980000000000004,0.48494787048851395,0.03569573935989619,0.7448980223318081
34.0,0.4745176760117133,0.027273300693080364,0.8715911198633992
34.02,0.4588186564865426,0.0169568722901817,0.9605536709485927
34.04,0.43842813899575045,0.0055525013078290865,1.005793341065031
34.06,0.41380465792447035,-0.006084640286785277,1.0046642821044496
34.08,0.3853849911885807,-0.01712022796525378,0.9579220864321328
34.1,0.3536233840409686,-0.026804070619050328,0.8695109414306974
34.12,0.31901678622153745,-0.034522809967758146,0.7461175487151007
34.14,0.2821336300325954,-0.03983862842711643,0.596541244148105
34.160000000000004,0.24365732312179791,-0.04251157040635907,0.4309414546333262
34.18,0.20445541646627854,-0.04250427077116035,0.26003085663277564
34.2,0.16568492459753767,-0.03996909811854585,0.09428499401530313
34.22,0.12893743238627042,-0.03521892718602704,-0.056763325376653975
34.24,0.0964086428725814,-0.028684045482623207,-0.18508392074051466
34.26,0.0710503253423793,-0.020859190848640078,-0.28451541998609686
34.28,0.056657772665464026,-0.012246187773930618,-0.3509087821437518
34.300000000000004,0.057895114409037336,-0.003298190591516169,-0.38204266617530885
34.32,0.08026372914072993,0.005629299323996811,-0.37732770623260703
34.34,0.1294923663840568,0.014312763726156214,-0.33733964071788647
34.36,0.207975836856804,0.02264826889003734,-0.26328959422314946
34.38,0.30520045330254714,0.030503649284091286,-0.15677762156835431
34.4,0.3933179499683462,0.03740658472369424,-0.020506822638731242
34.42,0.45035514905984697,0.04245117249082564,0.1399962120846921
34.44,0.4784852582214534,0.04473982902778831,0.3154064725380392
34.46,0.48883961883646915,0.04379965549847575,0.493588700414445
34.480000000000004,0.488778419157575,0.039618835991252634,0.6614674646012669
34.5,0.4816001833768496,0.03253546856302003,0.8066584155247127
34.52,0.4687060532059859,0.02313551407386906,0.9186550945251767
34.54,0.4508109051395602,0.012170605478338422,0.9896519106158678
34.56,0.42840944657478397,0.0004828635672948908,1.0150553828881062
34.58,0.40193698297141905,-0.011067580931957808,0.9937001458555045
34.6,0.37182722542220215,-0.021670525265224803,0.9277830005384021
34.62,0.33853961702396607,-0.030625256157445768,0.8225406137126612
34.64,0.30258202813318735,-0.03738789646713962,0.6857122279678377
34.660000000000004,0.2645411708619929,-0.041603516408903786,0.526842628157786
34.68,0.22513080133020566,-0.04312112605472333,0.35649047614438817
34.7,0.18526836723717793,-0.04199089269119962,0.18541221125452503
34.72,0.14618885812376808,-0.03844414000659378,0.023791902893187195
34.74,0.10959380468771222,-0.03285790180530305,-0.11941720014478761
34.76,0.07780937275549533,-0.02570715219715467,-0.23698339761049234
34.78,0.053902363851717414,-0.017509384577779546,-0.3236790661504502
34.800000000000004,0.041717878145472,-0.008767492378125696,-0.3763360250697917
34.82,0.04588387703749601,8.331593425148697e-05,-0.3936788616161147
34.84,0.07182818235916048,0.00872076339425713,-0.37596056276598355
34.86,0.12521913625284609,0.016966353752994757,-0.3244415693680876
34.88,0.20814104329809563,0.024767415816555532,-0.24082212692841004
34.9,0.308744114405648,0.032032828412085226,-0.12699872287368985
34.92,0.3974519747894249,0.03829987793441802,0.014133536166511423
34.94,0.45293233275537115,0.04266219095170469,0.17685766198396166
34.96,0.4791870295716729,0.044254756646548446,0.3517154435714205
34.980000000000004,0.4880150595612146,0.04266150498818237,0.52662712767189
35.0,0.4867376712937579,0.03792545807470134,0.6888022895006509
35.02,0.4785462811567219,0.030427052815757822,0.8263373987781985
35.04,0.4647888440386721,0.02077986621025575,0.9293470104646047
35.06,0.44616292962440124,0.009748018119129852,0.990726762246034
35.08,0.4231629807204643,-0.0018286510443835044,1.0066045558331191
35.1,0.3962337495118123,-0.013105820384120049,0.9764996607694432
35.12,0.36582714562070995,-0.023300484423172868,0.9032066440341368
35.14,0.33243217993028495,-0.03174759321939845,0.7924331338427434
35.160000000000004,0.2966034798224405,-0.03794390439492592,0.6522355021192687
35.18,0.2590015620587548,-0.04157625947971146,0.49230954030809615
35.2,0.22045619686796217,-0.042532626087980176,0.3232021450315552
35.22,0.18206418534467142,-0.04089544998157535,0.15551426374297656
35.24,0.14532857749156575,-0.03691806390102924,-0.0008352301884813618
35.26,0.11233149839440214,-0.030986155876478953,-0.13722052402610307
35.28,0.08590722720607621,-0.02356773413424767,-0.24674131143497996
35.300000000000004,0.06976605167988556,-0.015156569030637387,-0.324440160094522
35.32,0.06854341870746826,-0.006215109964158599,-0.36729055352476697
35.34,0.08774504004671785,0.0028771186674494036,-0.3739655411918346
35.36,0.13311553083285138,0.011860806705930893,-0.3444239857466203
35.38,0.2073359741271994,0.020589820835634542,-0.27941903200617224
35.4,0.3011870039786411,0.028899146618623014,-0.18025057486399396
35.42,0.38859064919759345,0.03631390364221013,-0.049395873782483446
35.44,0.44710395892057164,0.04193680915185899,0.10787239386142909
35.46,0.47708484213435637,0.044845889270905985,0.2824599548679548
35.480000000000004,0.48894022675741966,0.04451616041251571,0.46230000291071177
35.5,0.49006496464814675,0.04088230999974548,0.634167872245524
35.52,0.4838791703259994,0.034238874770211626,0.7853342342471891
35.54,0.47184783238983363,0.025140736992560708,0.9047980092290298
35.56,0.45470939080319805,0.014321636783504722,0.984160906675507
35.58,0.43296373697288054,0.0026190964443266193,1.018191838083284
35.6,0.4070425443774107,-0.009098684882641567,1.0050951182662484
35.62,0.3773697394709296,-0.020002231252782755,0.9464925351109846
35.64,0.3443881401048481,-0.02936258247492811,0.8471416389754854
35.660000000000004,0.3085790931573901,-0.036601478027072545,0.7144288423194145
35.68,0.2704871576902994,-0.04132670636611669,0.557690553598787
35.7,0.23075904185249702,-0.04335052359319987,0.3874262815379005
35.72,0.19020671999068053,-0.04269028632970914,0.21447355880944535
35.74,0.14990413009255946,-0.03955167221367973,0.049215483427878286
35.76,0.11131911075905075,-0.03429606235926372,-0.09911221728718284
35.78,0.0764610641441584,-0.02739494695458514,-0.2229565080217719
35.800000000000004,0.04799508806067745,-0.019375729121548,-0.31678105501713416
35.82,0.029269768801903323,-0.010764797201587946,-0.37717585317693586
35.84,0.02427989348659859,-0.002034063961040623,-0.4027442061321405
35.86,0.03769858222171052,0.006445032020166996,-0.39379006982055553
35.88,0.0749617653969674,0.0144388505673754,-0.3518382604835737
35.9,0.14124496828297586,0.021870653036811807,-0.2790342798743049
35.92,0.2355265418702215,0.028766924452749587,-0.1775821373643126
35.94,0.3387588992409311,0.035015238677296515,-0.04973858721958262
35.96,0.4189771492086493,0.040026469805401664,0.10090924177630595
35.980000000000004,0.46344002938578127,0.04286473528823349,0.2675630244317871
36.0,0.48202452532589485,0.04281923069584637,0.4399582441047733
36.02,0.48609766521882686,0.03967247167433046,0.6059633149332431
36.04,0.4815238083797616,0.033624075594516405,0.7534565590970627
36.06,0.4707313343381195,0.025162141817171982,0.8717294788970971
36.08,0.4547862461380125,0.014965540760854499,0.9524358654548373
36.1,0.4343015499774597,0.003824866690003286,0.9901933114516388
36.12,0.40976061117601537,-0.007429872920487987,0.9828839992074511
36.14,0.3816300704637882,-0.01799678150241722,0.931675418753304
36.160000000000004,0.35040819508741194,-0.027162262810294033,0.8407845067993055
36.18,0.31665982232732726,-0.03435029886201414,0.717021675988291
36.2,0.28105893681648975,-0.03915764544936061,0.5691649799220095
36.22,0.24445251044974095,-0.041372722514737,0.40722554917450543
36.24,0.2079580610153968,-0.040977110234686705,0.24167208705004808
36.26,0.1731043802340862,-0.038129745905189326,0.0826842120786952
36.28,0.14201332153175017,-0.033135159446582615,-0.06049839742554512
36.300000000000004,0.117597051432774,-0.0263984968233946,-0.18007219883878464
36.32,0.10371770314287507,-0.018371717253602798,-0.2699666740824369
36.34,0.10523127715591006,-0.009497040823741544,-0.3259182026744377
36.36,0.12771486890421752,-0.00015593676208893684,-0.3453253980669384
36.38,0.1760569022433573,0.009360294078623153,-0.3269354456738605
36.4,0.24980722343799835,0.018816560216110972,-0.27051893602117877
36.42,0.3354252227641058,0.0278696796203886,-0.17692377776216853
36.44,0.4087841046211682,0.035839505972731785,-0.048990799554327495
36.46,0.4558772924264992,0.04176583298038075,0.10706088080134235
36.480000000000004,0.4802089601023094,0.04481173913221042,0.281275661092605
36.5,0.4899829131071602,0.044543964732912264,0.46111785041034636
36.52,0.4904577040014693,0.04094260296238337,0.6331679855543372
36.54,0.4840947265983297,0.03431812228068437,0.7846168241049635
36.56,0.47202822596315136,0.025230005253438145,0.9044203136391475
36.58,0.4548939744635377,0.014413262610956714,0.9841474444718626
36.6,0.43316087387779717,0.0027060593038457864,1.0185377787702246
36.62,0.4072508497578225,-0.009022606632140445,1.005769048328961
36.64,0.3775841540783622,-0.019942140886398816,0.9474402846761254
36.660000000000004,0.34460141833638486,-0.029322185250980633,0.8482913440600768
36.68,0.3087817087255617,-0.036582913960632776,0.7156969150935584
36.7,0.2706663716115793,-0.0413305235693434,0.558988045888456
36.72,0.23089716154459394,-0.043375801708805395,0.3886650560112348
36.74,0.19027831662555744,-0.042734909858497074,0.2155716654285998
36.76,0.14987192472175348,-0.03961274732462552,0.05010115256478456
36.78,0.1111284032757823,-0.03437046443454458,-0.09849851607729304
36.800000000000004,0.07603293923624568,-0.027479975789382903,-0.22266242270418604
36.82,0.04721872498989465,-0.019469835073475966,-0.31684548451169514
36.84,0.02799297802427905,-0.010868340706412535,-0.3776350611317481
36.86,0.02229458685059073,-0.0021501110396879696,-0.40364103219290537
36.88,0.0347206405156538,0.006309822114334562,-0.3951864911669673
36.9,0.07063594144160161,0.014273413983525872,-0.3538315294762366
36.92,0.1353185713540744,0.02166045295289282,-0.2817738968929999
36.94,0.22847518862293537,0.02850248991487191,-0.18127070915156784
36.96,0.33237715600552964,0.034714031023627426,-0.05457127289403835
36.980000000000004,0.4148854939223495,0.03974497454655215,0.09488803722523889
37.0,0.46141103058778715,0.04266815678654441,0.2605669587908882
37.02,0.481152396405863,0.04274887515616974,0.4324194267857266
37.04,0.4858230206827834,0.039742980740204714,0.5984235325243183
37.06,0.4816171929540041,0.03383114028738092,0.7464758163832925
37.08,0.4711099102483366,0.025488367097103753,0.8658228577829461
37.1,0.4554190399179317,0.015384286000631093,0.9480292656376471
37.12,0.4351746143497422,0.004303418288071708,0.9875928980472682
37.14,0.4108657408263783,-0.006927239988211631,0.9822580447367093
37.160000000000004,0.3829614884071508,-0.017505805462976188,0.9330482924584476
37.18,0.3519619030215218,-0.026715895564088737,0.8440423160468788
37.2,0.31843395427011545,-0.03397627820889214,0.7219284187803969
37.22,0.2830546109611255,-0.03887659249544332,0.5753874029577012
37.24,0.24667501931107141,-0.04119687433718937,0.4143643739255108
37.26,0.21041834601950404,-0.04090974460787015,0.24929693064576708
37.28,0.17582083304472426,-0.03816529850415721,0.09036941503585075
37.300000000000004,0.14501417512157563,-0.03325997770427691,-0.053139713441140476
37.32,0.12092382759245332,-0.026592120945292452,-0.17335818763421243
37.34,0.10742905009956956,-0.01860854186015666,-0.2641227569837121
37.36,0.1093996805557636,-0.0097482539670122,-0.3210602699056541
37.38,0.1323871519674556,-0.00039194061457473086,-0.3414515586521339
37.4,0.18111168331075,0.009165898973368114,-0.32393001004950633
37.42,0.2546881298442696,0.01867933744431082,-0.26817898447294936
37.44,0.3391613296426702,0.027784425189038398,-0.1750230196992751
37.46,0.4108568694808631,0.03578120797110096,-0.047367253322565125
37.480000000000004,0.45670617407366504,0.04170838479084861,0.10845976564605006
37.5,0.4804290953445944,0.04474197298480276,0.282422221693549
37.52,0.4899614092808271,0.044460237706055644,0.4619566918995331
37.54,0.4903433808950952,0.04084917446223206,0.6336505624608978
37.56,0.48394171336299374,0.034221566995391375,0.7847170766860344
37.58,0.47185825049476543,0.025137446351218305,0.9041399857133664
37.6,0.45471891811422926,0.014331424283031705,0.9835162176061234
37.62,0.43299010226270157,0.002640663739503551,1.0176103917737924
37.64,0.4070937381769628,-0.009067245949436413,1.0046204190260712
37.660000000000004,0.37745132796640946,-0.019963361261157494,0.9461593369367801
37.68,0.3445058785952572,-0.029319054186983943,0.8469741913504343
37.7,0.30874035755107176,-0.0365561455493961,0.7144400529082486
37.72,0.2707023576355114,-0.04128223558192683,0.5578821991691476
37.74,0.23104355374840074,-0.04330912040439314,0.3877903053432707
37.76,0.19058374522954044,-0.04265342976277882,0.21499444620012093
37.78,0.1504088468024813,-0.039519851194536604,0.04987369604892139
37.800000000000004,0.11200438195004281,-0.03426850848704262,-0.09833574967198914
37.82,0.07740480404124955,-0.027369352912021958,-0.2220748015567536
37.84,0.04930956976550887,-0.019347941439270912,-0.31579431263651003
37.86,0.03111440356132347,-0.010728459154560456,-0.3760633900148777
37.88,0.02688065108466336,-0.0019801419251458774,-0.4014547450145061
37.9,0.04137188123949733,0.00652892588750263,-0.3922297489868265
37.92,0.08010187995623122,0.014569078251855628,-0.34985579892339247
37.94,0.14810237040034424,0.022065994447029117,-0.2764066894710787
37.96,0.24347605451371077,0.02903797817247577,-0.17402156725345153
37.980000000000004,0.3457461446157441,0.0353396038522017,-0.044971630489252734
38.0,0.42335260385417645,0.040338479037511685,0.10697510816060124
38.02,0.46559667668473714,0.043091789704426675,0.2747275871225352
38.04,0.4829698367329483,0.042915804392715674,0.44777998483376985
38.06,0.48642262154888216,0.03962145648302928,0.6138780815024114
38.08,0.48146502660172796,0.03342829412242042,0.7608742012751714
38.1,0.47037210722121126,0.024838278627494072,0.8781004047365004
38.12,0.4541560796266764,0.014540241089084053,0.9572982702759241
38.14,0.43341217257635883,0.0033315008337780117,0.9932064741122661
38.160000000000004,0.40861744684497425,-0.007954369877769723,0.9838488641211897
38.18,0.38023540540250766,-0.018515043975523386,0.9305425593331849
38.2,0.34876147640134125,-0.027639459871555614,0.8376498301621179
38.22,0.3147567279563461,-0.03475674678578202,0.7121109121817436
38.24,0.2788896331491878,-0.03947090401697886,0.5628087054855263
38.26,0.24199912370786597,-0.04157905685402077,0.3998270640281634
38.28,0.20519125787143958,-0.041072256503579985,0.23367082572961034
38.300000000000004,0.16997887712037815,-0.038118979062272566,0.07451749743074393
38.32,0.13846200990459923,-0.03303272000664922,-0.06843256122809051
38.34,0.11352337867258908,-0.026226486999449503,-0.1874489345271768
38.36,0.09898746033148699,-0.018158609206711047,-0.2765628011963891
38.38,0.09967381839921893,-0.009275873514594196,-0.3316342277370324
38.4,0.12117486380053406,3.814611680370578e-05,-0.3501992362870066
38.42,0.16860426490733585,0.009494843330053057,-0.3311425366949104
38.44,0.24219013601078798,0.01887266658241185,-0.2743424453398852
38.46,0.329207089619081,0.027858693358582563,-0.18066719083514293
38.480000000000004,0.4050578080332953,0.03580589478910433,-0.05284139924433727
38.5,0.45420688910366297,0.041759345099767066,0.10311620549805932
38.52,0.47963328249826864,0.04486148925488863,0.27741187157285135
38.54,0.4898982747453141,0.044657540671790764,0.4575808744625976
38.56,0.4906083336138962,0.041114296073408524,0.6302049327772596
38.58,0.484384684238748,0.034534911120611196,0.7824358909922355
38.6,0.47241825724920516,0.02547490534869423,0.90316883206942
38.62,0.45536268200757707,0.014667508702408209,0.9839006149789514
38.64,0.4336918340347998,0.002950850161801278,1.0192951307720757
38.660000000000004,0.4078282474654299,-0.00880460728510329,1.007457374791749
38.68,0.3781908723014186,-0.019765554988115438,0.9499220934650143
38.7,0.3452175717109686,-0.02919798065103332,0.8513777081818205
38.72,0.30938280314586314,-0.03651782999034532,0.7191633671792778
38.74,0.27122050877318915,-0.04132689897737016,0.5625919743921123
38.76,0.23136062819179257,-0.04343182060123492,0.3921629554881129
38.78,0.1905887516908671,-0.04284526235836413,0.21873456975612665
38.800000000000004,0.14993827131069964,-0.03976968574472119,0.05272662549962554
38.82,0.1108173210419006,-0.03456521795657613,-0.0965793482236863
38.84,0.07515232659259975,-0.027704458208268213,-0.22158411132859826
38.86,0.045499386841856226,-0.01971854208042972,-0.3167147489594073
38.88,0.02506660198223294,-0.011140324833223095,-0.37854505295407925
38.9,0.017659589343509263,-0.0024510207300443513,-0.40569360118407843
38.92,0.02769085006723781,0.005965485967144756,-0.3985229834560365
38.94,0.06033226029691309,0.013860059415833632,-0.3586728994362141
38.96,0.12101818108301776,0.02114260052813528,-0.28846518071171756
38.980000000000004,0.21103414804950876,0.027852727265221176,-0.19029391438796295
39.0,0.3159706434496183,0.03396485645413416,-0.06641995958565769
39.02,0.40396006443646826,0.039028121707305,0.08005070128912208
39.04,0.45587324341794044,0.04214926956156126,0.24320891784721826
39.06,0.47873656190024716,0.04253909479576463,0.4135793429423975
39.08,0.4850114545192142,0.03988511744713252,0.5794433273701368
39.1,0.48176970117852813,0.03431846764563899,0.7287631853011336
39.12,0.4719940421178518,0.026280090268616906,0.8506864548418684
39.14,0.45694896087970377,0.016415548225651274,0.9365635938025949
39.160000000000004,0.4373128141531852,0.005493351459302283,0.9805984271997185
39.18,0.41359080730445613,-0.0056678210026643045,0.980192587383993
39.2,0.3862584483498085,-0.01626685541259606,0.9360089164143337
39.22,0.3558200501216935,-0.02558105098586566,0.8517766662302192
39.24,0.3228473793121016,-0.03301666201308553,0.7338727490911271
39.26,0.2880239267891499,-0.03814590525101395,0.5907269330431069
39.28,0.2522097334682746,-0.040728063124769454,0.432110201832838
39.300000000000004,0.2165395931549479,-0.04071340987603202,0.2683728245084433
39.32,0.1825643657016792,-0.038229860189051126,0.10970144256365219
39.34,0.15243396113720914,-0.03355348288064433,-0.03453756503607317
39.36,0.12909691695744943,-0.02706544370015401,-0.15630850953040729
39.38,0.11645922594644352,-0.019199639099127797,-0.24922424190112688
39.4,0.11940038003612341,-0.010387256195981574,-0.3086459359133687
39.42,0.14337458840738362,-0.0010075981172936194,-0.3315696338383659
39.44,0.19266846946809044,0.008635962471252649,-0.3163569630150094
39.46,0.2654259911011882,0.01827061722977693,-0.2624881374079452
39.480000000000004,0.34698665100849296,0.02748543556625721,-0.17073525522627073
39.5,0.414932595724287,0.03554097182942718,-0.044138602745992454
39.52,0.458157539614409,0.0414787667913361,0.11076023256836388
39.54,0.4806617270022907,0.04450392263114611,0.28378900310393634
39.56,0.4897474220543022,0.04421761056746419,0.46235851702437303
39.58,0.4899898440656463,0.04061582079476137,0.6330951234183825
39.6,0.4835608629922519,0.034013570256641465,0.78327366806097
39.62,0.47149709436414616,0.02496945242755111,0.9019401751654972
39.64,0.45440521306966686,0.014214858731393576,0.9807441304494435
39.660000000000004,0.432747261352245,0.0025828272493726174,1.0144878066173197
39.68,0.4069462156574553,-0.009063537148825717,1.001389391054127
39.7,0.37742768223924017,-0.019899693419853703,0.9430642858217544
39.72,0.34464197164048094,-0.029200940455757596,0.8442451182847471
39.74,0.3090839102153654,-0.036392200118836565,0.7122783756040092
39.76,0.2713199957452713,-0.04108304379754405,0.5564505137574965
39.78,0.23203179493964812,-0.04308584739232973,0.38720720324737534
39.800000000000004,0.19208575605499636,-0.042416196089402294,0.21533536866171213
39.82,0.15263886925900336,-0.039275883616468665,0.05117873520977122
39.84,0.1152810584109366,-0.034020059247359104,-0.09604619248360427
39.86,0.08219346848674257,-0.02711138717839858,-0.21877556774220078
39.88,0.056274364361490366,-0.019065607921997917,-0.31142135040337376
39.9,0.04118768441179802,-0.01039430431172726,-0.37046902686694594
39.92,0.041362763538490825,-0.0015508286363280915,-0.39435094267281734
39.94,0.06202564798966868,0.0071165371025378975,-0.38311683945314945
39.96,0.10892728799338625,0.015399772540330998,-0.3379375976673625
39.980000000000004,0.18568239796896563,0.023230619554032526,-0.2605240937845136
40.0,0.2847576034749702,0.03056061568361426,-0.15274723231282047
40.02,0.3793397188577794,0.03704687375494508,-0.01713808005503542
40.04,0.44305808295824023,0.04186120104812048,0.14140315663130945
40.06,0.47494992076189696,0.044079503273080675,0.3142695485921565
40.08,0.48687394340740814,0.04317278825105056,0.4898503425992726
40.1,0.4874536504030889,0.039091743334923566,0.6554033535247638
40.12,0.48062055758603284,0.03215223726460237,0.7987618851111261
40.14,0.46800748416249316,0.022923616860262445,0.9095617131841554
40.160000000000004,0.4504065372792878,0.012142405750050132,0.9800766569077933
40.18,0.4283406336230404,0.0006364166993747416,1.0057337527373842
40.2,0.4022608341363737,-0.010747193033856663,0.985333329722425
40.22,0.3726170224151817,-0.021209027333943906,0.9209900416745349
40.24,0.3398915141977894,-0.03005622463641797,0.8178208522644107
40.26,0.30462740498223073,-0.03674917875351451,0.6834208785547016
40.28,0.267466481511959,-0.04093321126029691,0.5271816184822553
40.300000000000004,0.22920825748685936,-0.042453284658795554,0.3595159670924455
40.32,0.19090170815920185,-0.04135103809087821,0.19105969606171758
40.34,0.15397826436967837,-0.03784462853532222,0.03191954129227406
40.36,0.12042216998793862,-0.032293098283659484,-0.10896633410012638
40.38,0.09295019553919448,-0.025148385873673323,-0.22429933818048728
40.4,0.07515197323767057,-0.016899652499607242,-0.30868231618096004
40.42,0.07155520740531732,-0.008015811963390511,-0.3586530650747451
40.44,0.08758408180817125,0.001107544097473889,-0.37249466748602184
40.46,0.1290289064989159,0.010188387604073621,-0.34985505308607723
40.480000000000004,0.19921560497216634,0.019059537339526044,-0.2912684898695462
40.5,0.2908812042754018,0.027557375583394085,-0.19786419236126812
40.52,0.3797325518137854,0.03524651059269479,-0.07186492461547563
40.54,0.44168552801985755,0.0412634087732454,0.08188246734087062
40.56,0.4745406724816893,0.04466000982454749,0.25472993690210266
40.58,0.4882343611984917,0.044850080326453434,0.4348657349703626
40.6,0.49059203228667075,0.041710329804204374,0.6090743293164257
40.62,0.48536019464839725,0.03549040235708582,0.764429462395616
40.64,0.47414455620266005,0.026712578304424302,0.8895785885939926
40.660000000000004,0.45773331581215615,0.01608947409938785,0.9756646029374791
40.68,0.43664165770157864,0.0044488312940062485,1.0169358233761945
40.7,0.4113039664857695,-0.007339877707096024,1.0110591368278452
40.72,0.3821414617703236,-0.01843572016573867,0.9591447656352552
40.74,0.349590592884708,-0.028089627200296844,0.865502440120717
40.76,0.3141221303183695,-0.0356966836715123,0.7371650614797824
40.78,0.27626369295368597,-0.04083399882275828,0.5832310849099531
40.800000000000004,0.23663475104903045,-0.043281875856722885,0.41408826530312093
40.82,0.19600371163446606,-0.043027237812884506,0.24058807336340596
40.84,0.15537679070562738,-0.04024950446249921,0.07324177226636275
40.86,0.11612242461658748,-0.03529031502657918,-0.0784940392384349
40.88,0.08011626416415735,-0.028609747736547127,-0.20678265580688202
40.9,0.049861642732867695,-0.020733159932874272,-0.3057769680835795
40.92,0.02852741721752598,-0.012194335512775635,-0.3717670291327096
40.94,0.01990362952089489,-0.003481298124927649,-0.4031035325120537
40.96,0.02840078325363504,0.005010624918578965,-0.3999181155666557
40.980000000000004,0.05918561993940484,0.013017428367405664,-0.36367254046146996
41.0,0.11775718883830157,0.02043241959924012,-0.296574519147913
41.02,0.20589395907658078,0.027282546686396764,-0.20096571811026315
41.04,0.31043301382959865,0.03354688227219879,-0.0790756847711738
41.06,0.4000226159297452,0.038799117682537264,0.06608495784096122
41.08,0.45399032923532107,0.04215477336057472,0.22878373561306517
41.1,0.4782426009229032,0.04279938480085021,0.3996849052852311
41.12,0.4853369402923629,0.040386711626142435,0.5670820564126734
41.14,0.4826370834595958,0.035022012004990125,0.7188286369484016
41.160000000000004,0.47327622233443956,0.027129133704749127,0.8438779579756087
41.18,0.4585736552570622,0.017343704169993895,0.9333325989292676
41.2,0.4392239837396172,0.006430597857765343,0.9811215579766204
41.22,0.4157345605355515,-0.004789376582234108,0.9843688121438461
41.24,0.3885768668203028,-0.01550787402974865,0.9434785346549012
41.26,0.35824670796723057,-0.02499079879033852,0.8619589212211758
41.28,0.3253020282307425,-0.03263004940720173,0.7460177676233577
41.300000000000004,0.29040477064016007,-0.03798192279111662,0.6039767652857435
41.32,0.25438177999692263,-0.0407897187596442,0.4455631343501706
41.34,0.2183175921594753,-0.040989179814359025,0.2811449058339502
41.36,0.18368951478706852,-0.03869657196893173,0.12097929729253029
41.38,0.1525456036871662,-0.03418044165625538,-0.02545802485640962
41.4,0.12770420484992578,-0.02781946967071419,-0.15000184028509994
41.42,0.1129235651546624,-0.020050484246685797,-0.24613635157936434
41.44,0.11295538609838582,-0.011312537986660142,-0.3091160442997973
41.46,0.1332734906944863,-0.0019954693620624474,-0.33586833631545726
41.480000000000004,0.17871562001237293,0.0075911176610786585,-0.32472343587078156
41.5,0.24914681284217494,0.017189310927757114,-0.27512026130015854
41.52,0.332192483854942,0.026442887773018217,-0.1876529425963304
41.54,0.40492536349879804,0.03468076707944297,-0.06491651507381897
41.56,0.452877331750345,0.04095414183633142,0.08716855269449655
41.58,0.47839834719838487,0.044411775017973734,0.2589435951380513
41.6,0.4892153940682494,0.044585587385768906,0.43806574838486223
41.62,0.49057015514336477,0.041416587870697984,0.6111564152614215
41.64,0.484985459165745,0.035179817504463334,0.7652967758342523
41.660000000000004,0.4736344240134575,0.026405743359701857,0.8892037321964363
41.68,0.4571700755746246,0.015808178888382984,0.9741064242531952
41.7,0.43606814166107855,0.0042128114301450675,1.0143369979656267
41.72,0.410753269777622,-0.007514770302747926,1.0076339826141378
41.74,0.3816471719016801,-0.018538600012369767,0.9551613356379456
41.76,0.349192009902603,-0.02811507765252541,0.8612614674099428
41.78,0.3138692131174316,-0.035644715371351256,0.7329779882554227
41.800000000000004,0.27622388097745576,-0.04070948022433219,0.5793993193208449
41.82,0.23690340877094299,-0.04309345591569808,0.4108857393833614
41.84,0.19672014613560948,-0.042785783630418114,0.2382490876322074
41.86,0.15674785888027415,-0.03996607382017704,0.07195602604860352
41.88,0.11845503907161013,-0.034973684871818574,-0.07857741055249327
41.9,0.08385853268903232,-0.02826354222814094,-0.2055403351838661
41.92,0.05565206587597178,-0.02035266386608551,-0.30308456027651
41.94,0.03725756169961257,-0.011763065206825291,-0.367458928159082
41.96,0.03281147016651275,-0.0029671950456626,-0.39691842047671505
41.980000000000004,0.04719449423568858,0.005659749051978488,-0.39142783276325527
42.0,0.0860182108955645,0.013878189541954609,-0.3521921998410662
42.02,0.15421814304735543,0.021600182597338778,-0.28106912469265033
42.04,0.24933761321425202,0.028821487103478472,-0.18005138322986444
42.06,0.3502430082644752,0.03535997530702345,-0.05138251907472537
42.08,0.42599712253725525,0.04054774840925549,0.10104281458677508
42.1,0.4670491298104668,0.043432953172898824,0.26991408255095595
42.12,0.48395846126446124,0.0433398431385186,0.44451182287043334
42.14,0.4872929294767835,0.0400859785885454,0.6124005280022833
42.160000000000004,0.4823224518461079,0.03389415677194507,0.7612700241888821
42.18,0.47122666501771443,0.025269355435783996,0.8803015105034627
42.2,0.4549844414080799,0.014904907837260605,0.9611004594073076
42.22,0.4341780719187178,0.003604422988715569,0.9982910700451277
42.24,0.4092766208933529,-0.007790816480561279,0.9898108965534794
42.26,0.38073479544751615,-0.01846999529768279,0.9369233996506149
42.28,0.3490354271066517,-0.02771353091955652,0.8439714645484261
42.300000000000004,0.31472033552159395,-0.034942759201060374,0.7179088201800882
42.32,0.2784282699288666,-0.039755338914288216,0.5676603601196434
42.34,0.24095251192238015,-0.0419441693908066,0.4033732730758816
42.36,0.20333017931365754,-0.041498776072301756,0.23562741707493537
42.38,0.16697306762960773,-0.03858931205956775,0.07467516895148803
42.4,0.13383947797838908,-0.033534551624413746,-0.07022204204942134
42.42,0.10662423801729644,-0.026756622421483738,-0.1913014843481401
42.44,0.08891976714762002,-0.01872678773570923,-0.2826061997049526
42.46,0.08529678420516368,-0.009908034223082255,-0.3400667167777701
42.480000000000004,0.10122411433274427,-0.000701244960204069,-0.36135781086376656
42.5,0.14236325275588654,0.008594683802845608,-0.34556279832093295
42.52,0.21141979870910818,0.017779671418127238,-0.2927485053100477
42.54,0.3001824075323195,0.026634809470331384,-0.20375226477801184
42.56,0.38483277947206257,0.03466112061006417,-0.08075415686372277
42.58,0.4435669224195127,0.04096678155170998,0.07124459400616662
42.6,0.4750692708302931,0.04461558516352178,0.24341918278389635
42.62,0.48852300536880316,0.04503350790083274,0.4238407529812094
42.64,0.49104937592237397,0.04209492429152998,0.5991957180158145
42.660000000000004,0.48609272950555593,0.036039868884693446,0.7564328298835931
42.68,0.47516057776412657,0.027380811687731873,0.8840340919479365
42.7,0.4590123719712604,0.01682357377303742,0.9729431148345676
42.72,0.4381544506346053,0.005193244038622482,1.0171898583605363
42.74,0.41301713358421105,-0.006639031806245346,1.0142209313503647
42.76,0.3840178796386109,-0.017826650166993384,0.9649411399773193
42.78,0.35158799343327424,-0.027611545643855498,0.8734844033898298
42.800000000000004,0.3161904095778143,-0.03537739930404181,0.7467489506175047
42.82,0.27834041501229934,-0.040688591902877255,0.5937472091140312
42.84,0.23863782632136554,-0.04331254244363103,0.4248325276882006
42.86,0.19781982726711636,-0.04322431823999427,0.25087184120026756
42.88,0.15684411989451352,-0.040593647792937594,0.08243533520833671
42.9,0.11700701848561025,-0.03575566813466831,-0.0709287668939434
42.92,0.08008372760155594,-0.02916797660061043,-0.20127393450959896
42.94,0.04844769454333858,-0.021358003283043048,-0.30264230058240965
42.96,0.025107526396504272,-0.012866315997850446,-0.371230880557197
42.980000000000004,0.01364880645035437,-0.004192335833629513,-0.4053337316673339
43.0,0.018199229654231465,0.004252566184026899,-0.4050806658402921
43.02,0.04357781053394738,0.012183587820969937,-0.37200541683493893
43.04,0.0952607734339296,0.019471792022344937,-0.3084764143653655
43.06,0.17684695596500058,0.026140944125788834,-0.21705913576935676
43.08,0.2805221781143656,0.032241116289687316,-0.10009359665980966
43.1,0.37806515423769066,0.03751156586841631,0.03979143833347225
43.12,0.44217759841789284,0.04117333483748633,0.19785875105141507
43.14,0.4729636537717397,0.042346665047114374,0.365838730001665
43.160000000000004,0.4834405719144835,0.04056085063840109,0.5326644857418414
43.18,0.48267020014139816,0.03582385157530188,0.6863753136626979
43.2,0.4746938733759148,0.028493033859375128,0.8157867331671269
43.22,0.4611736193212178,0.01915763535265122,0.9116404446420491
43.24,0.44291834503867905,0.008551385964485438,0.9673502598351478
43.26,0.4204722973361396,-0.002521949498237883,0.9794287247517195
43.28,0.3943195208547561,-0.01325731936151995,0.9476280571583209
43.300000000000004,0.36496142040728197,-0.022910948371662763,0.8748176497599385
43.32,0.33296026124555356,-0.03085361817241081,0.7666287296915889
43.34,0.2989828259244489,-0.0366113399008407,0.6309100881203169
43.36,0.26386148354148176,-0.039890792602296575,0.47705087402970486
43.38,0.22868607118692227,-0.040587936890594305,0.3152349414995625
43.4,0.19493731409801612,-0.03877936365762167,0.15569532370743372
43.42,0.16466327271500364,-0.034697162395579434,0.008036751445224581
43.44,0.14067865819661163,-0.028689483330588305,-0.11931170443377057
43.46,0.12673269157605582,-0.021170657365422646,-0.2194637471975257
43.480000000000004,0.1275397680534269,-0.01256682759821671,-0.28723207508594756
43.5,0.14840992532765945,-0.003266297355815159,-0.31907261966519884
43.52,0.19365868616933146,0.006407498436163343,-0.31286674552947086
43.54,0.2621378971836361,0.016160414200782642,-0.2677023320446114
43.56,0.34095213556729553,0.025579025023410144,-0.18401414248282336
43.58,0.4088799006451392,0.0339478521801589,-0.06445763174073019
43.6,0.4537250647855492,0.04032317041919333,0.08490414212699524
43.62,0.4779957333928662,0.04388514256046116,0.25435869720949744
43.64,0.4885332280357733,0.04418484959004601,0.4316178690403803
43.660000000000004,0.48997512069986277,0.041164514184706534,0.6033963790531929
43.68,0.48460313683079526,0.03509075593841692,0.7568515731913846
43.7,0.4735141377178215,0.02648218969858699,0.8807345405735468
43.72,0.4573404549477394,0.016040411128079652,0.966259772352663
43.74,0.43655428745147173,0.004580116322339312,1.0076979467689176
43.76,0.4115829817734146,-0.007041888047994063,1.002686314442403
43.78,0.3828549885657586,-0.017995560870796616,0.9522579699568455
43.800000000000004,0.35082398532128123,-0.027539988750166944,0.8606071515691609
43.82,0.31598997867521644,-0.03507499161846897,0.7346252993112482
43.84,0.2789275722629409,-0.04017853495459403,0.5832581049462867
43.86,0.2403305623750447,-0.04262761867999064,0.41674538340157186
43.88,0.20108329819051565,-0.042401529624094075,0.24581249533837893
43.9,0.16236887603230793,-0.03966756404724668,0.08088405576860896
43.92,0.1258167122475477,-0.03475053708661151,-0.0686121755180809
43.94,0.0936720468565487,-0.02808870008558628,-0.1947911446779242
43.96,0.06894347148877876,-0.020180193125931955,-0.29165945329504495
43.980000000000004,0.05548340509580597,-0.01152559899446526,-0.35524029665131807
44.0,0.05800984686183596,-0.002572577161006071,-0.3834709025569789
44.02,0.08206714812189789,0.006332356810616254,-0.375891184702262
44.04,0.13333070275321598,0.014976474951860769,-0.33316568948168496
44.06,0.2137137623146152,0.023262909388471285,-0.2565556129125712
44.08,0.31147353614106704,0.031050124450641606,-0.147710806058965
44.1,0.3980871753882051,0.0378362304658196,-0.00946656610469191
44.12,0.4529788498128713,0.042698920214146154,0.15241144129289838
44.14,0.47959468384653714,0.044760543356877215,0.32836803279977045
44.160000000000004,0.4890620287244201,0.0435817006412723,0.5061544706708633
44.18,0.4884285072040515,0.03917862442226444,0.6727076193127153
44.2,0.48081248626824624,0.031909755476810714,0.8157517715608216
44.22,0.4675448532425458,0.02237514512191572,0.924957582308649
44.24,0.4493170311316318,0.011334980981240127,0.9927417526089644
44.26,0.42661692336699153,-0.00036538666474438507,1.014756608450042
44.28,0.39987893577957995,-0.011867679188942439,0.9900852281805672
44.300000000000004,0.369538456652077,-0.0223681278926482,0.921156068057327
44.32,0.3360584726171719,-0.031176244259282747,0.8134038234428609
44.34,0.2999526781926016,-0.03776112805189285,0.674718982329786
44.36,0.2618171182049756,-0.04178236893999397,0.5147421596292997
44.38,0.22238049954481576,-0.043103745164484536,0.3440688359527502
44.4,0.18258388112351223,-0.04178914957094369,0.17343486080713924
44.42,0.14369809393556554,-0.038081384366361944,0.01295292767756416
44.44,0.10747546859911575,-0.032365686868515674,-0.12853475722943644
44.46,0.07630764101154504,-0.025121214992683556,-0.24393249934764874
44.480000000000004,0.0533375385607798,-0.01686527731810097,-0.32815672050576244
44.5,0.042493742292066886,-0.00809630405881351,-0.3781738930560964
44.52,0.04849791532791208,0.0007588191603697652,-0.39281750895587936
44.54,0.0768649121019874,0.00938926755776649,-0.3724095539978377
44.56,0.1331672901967403,0.017628686123362568,-0.3182307726860122
44.58,0.21860989785460225,0.02542765305744582,-0.2319656495304284
44.6,0.31928512233619977,0.03266842567612296,-0.11553422582800646
44.62,0.4049235940080127,0.038831767739935935,0.02796773547702031
44.64,0.45682860596857383,0.042985883095329545,0.192434757327986
44.660000000000004,0.4808048175903158,0.04429968318061816,0.36804462927187753
44.68,0.48839175563137593,0.04240678765164813,0.5425364346084488
44.7,0.48634982725836556,0.03738873354441221,0.7031177731417183
44.72,0.4775833223198841,0.029652760395397316,0.8380125256708355
44.74,0.4633335629498319,0.019830772232136733,0.9375521543636945
44.76,0.4442632336208517,0.00869810927416677,0.9949080854617441
44.78,0.4208563569227882,-0.0029008972315090744,1.0065153527069517
44.800000000000004,0.393555432422489,-0.014123854352941537,0.9722053410380015
44.82,0.3628131895256274,-0.024195500406771722,0.8950651275260297
44.84,0.3291211938200173,-0.03246338172506845,0.7810537923977716
44.86,0.2930384646743933,-0.038440429898338874,0.6384211515551966
44.88,0.2552327025520872,-0.041831746984724964,0.47698704992476576
44.9,0.21654537174318983,-0.04254405205664409,0.30734787652903706
44.92,0.17809179981060944,-0.04067744847154939,0.14008073881421856
44.94,0.14140255151802558,-0.03650037497994993,-0.01498530910630022
44.96,0.10859642755162782,-0.03040986814701584,-0.1493675283871188
44.980000000000004,0.08254948079611794,-0.02288071355098626,-0.25634512905627854
45.0,0.06701079751871707,-0.014408594236888018,-0.33115757852417066
45.02,0.06664527592990954,-0.005453258221749143,-0.37097351975768705
45.04,0.08697795147464599,0.0036124309336003526,-0.374642169051026
45.06,0.1337375042615361,0.012538708275913673,-0.3422656474074932
45.08,0.2094018986370239,0.02118911465353045,-0.2747004220748808
45.1,0.30411400324382604,0.02940144001933389,-0.1733217144485671
45.12,0.39120070729112727,0.0366911251214415,-0.04069635089763361
45.14,0.44871898341509375,0.042152474582323636,0.1177693508136266
45.160000000000004,0.4778210383460653,0.04487344034954453,0.2928489202401568
45.18,0.4890799243921085,0.044349775918241775,0.47240970786142805
45.2,0.48978117427775925,0.04053594305981847,0.6432445665376559
45.22,0.48325673028521665,0.03374199612494313,0.7927124889472213
45.24,0.47093291837278767,0.024534013456413047,0.9099540842691813
45.26,0.4535344815729539,0.013652701130997664,0.9867490718309085
45.28,0.4315573514781649,0.0019383274999003747,1.0180637822534817
45.300000000000004,0.40543302983515966,-0.009742240315991434,1.0023026933079244
45.32,0.3755871714720671,-0.02056455667849024,0.9412748621415309
45.34,0.34246591371611884,-0.029807764421533926,0.8398985956557239
45.36,0.30655598910997445,-0.036903948289515084,0.7056838615042289
45.38,0.26841055425546795,-0.04147251096641185,0.5480463633723651
45.4,0.22869008344933517,-0.04333754464143386,0.3775176505163316
45.42,0.1882284086199389,-0.04252741057993774,0.20492126934239688
45.44,0.14813314747818448,-0.03925696383806349,0.04058565179485957
45.46,0.10992123006298167,-0.03389406321877251,-0.10633971353766708
45.480000000000004,0.07566813735222387,-0.02691330822622431,-0.22840738290859103
45.5,0.04812038396422635,-0.018841472948661696,-0.32019163946487345
45.52,0.030721827989442733,-0.010200558936410815,-0.37838301591716916
45.54,0.027583855803742386,-0.0014545614938484873,-0.4016606542181656
45.56,0.04352984182811213,0.00703627283784542,-0.3903660421490132
45.58,0.08411683519639848,0.015052028721510282,-0.34601115020338913
45.6,0.15419274995814725,0.02252730340950179,-0.2706752938227511
45.62,0.25091911990705573,0.029478591467225024,-0.16648388908809308
45.64,0.3523613809671478,0.035733099976326364,-0.035749791391338895
45.660000000000004,0.42744282419128776,0.040621439657889516,0.11757409075270668
45.68,0.46750070353456913,0.043200535284999377,0.286126637276821
45.7,0.48361983153798144,0.04281875574664853,0.45920700665135306
45.72,0.4863725024176442,0.039319379116167584,0.6245022217794707
45.74,0.48094774650481914,0.032944974268074696,0.7699166397570453
45.76,0.4694823110984518,0.024213118455360248,0.884910763072949
45.78,0.45294048733630116,0.013822692142736445,0.9614055800756426
45.800000000000004,0.4319026654852913,0.0025761401820722386,0.9943494180711869
45.82,0.4068422538057529,-0.008692498058505343,0.9819868735200675
45.84,0.37822317844163983,-0.019184731294272,0.9258489220252321
45.86,0.34654338775232174,-0.02819704699259524,0.8304886827613402
45.88,0.3123684356500872,-0.035169010472083595,0.7030009595492748
45.9,0.27637403882497236,-0.03971693362976777,0.5523773631458742
45.92,0.2394106697674293,-0.04165100869932494,0.38875931470175523
45.94,0.20260243950021004,-0.04097495336500927,0.2226573705706228
45.96,0.16748924299928455,-0.03786840326848671,0.06420675207172648
45.980000000000004,0.1362088209917343,-0.03265353537071832,-0.07747443979662208
46.0,0.11169143200682553,-0.02574882451121702,-0.1947665402119185
46.02,0.09781459757785037,-0.017614455352991137,-0.2818261906220737
46.04,0.09944845156599014,-0.008695479111544994,-0.3346390769993112
46.06,0.12221163214499156,0.0006293090224387147,-0.3508535088526015
46.08,0.17113153303616968,0.010077438405145633,-0.329443743761455
46.1,0.24600940126712836,0.019430105287542954,-0.270357528647421
46.12,0.33330557521067583,0.028365665968387625,-0.17454202120271284
46.14,0.4081906025070075,0.036218541829993345,-0.044859815008121015
46.160000000000004,0.45603442685969425,0.04202734431819619,0.1124743061942285
46.18,0.4805018094644853,0.0449499081299684,0.287490587939516
46.2,0.49015500279121377,0.044554625502992905,0.4676308233481418
46.22,0.49043670577814197,0.04082879511567204,0.6394721945141447
46.24,0.48386848111288233,0.03409164047012821,0.7902351000689487
46.26,0.47160015299785035,0.024910646305644532,0.9089391472731232
46.28,0.45427079506012097,0.014027007765909724,0.9872455951623431
46.300000000000004,0.4323496536212573,0.0022827528937895,1.020006479324559
46.32,0.40625823566789315,-0.009451778659274416,1.0055224409384949
46.34,0.37641593346186036,-0.020347146623569626,0.9455157536458726
46.36,0.343261913403526,-0.029676424792490823,0.8448402424528044
46.38,0.3072728223126515,-0.03686512089221809,0.7109668858661938
46.4,0.2689861201457793,-0.041526172244633744,0.5532986939434715
46.42,0.22903747218151413,-0.0434779509373731,0.3823791038092796
46.44,0.18822176998150644,-0.04274446619578708,0.2090638979720251
46.46,0.14758698512121285,-0.039538184329952646,0.04372741809359279
46.480000000000004,0.1085624247720799,-0.03422708529850451,-0.10443023182459389
46.5,0.07310167361339155,-0.027288855655171362,-0.22791727847129006
46.52,0.04378987851096029,-0.01925663145356094,-0.3212824984508573
46.54,0.02385957156285112,-0.010662224573559774,-0.3812232122905368
46.56,0.01713333869864234,-0.0019831407157278364,-0.4064718562614147
46.58,0.028040015329111056,0.006402582997692229,-0.3974855932442309
46.6,0.06177118661359396,0.01425328805835065,-0.3559718657484003
46.62,0.12372015831480608,0.021486958891269385,-0.2842885199639796
46.64,0.21481694861931208,0.028147952342672127,-0.18483780084228896
46.660000000000004,0.3198136058051919,0.034203204353003,-0.05989106127336692
46.68,0.40660781568331067,0.03918229127707871,0.08737649236341621
46.7,0.45715494693603886,0.042185347382928055,0.25092474642388196
46.72,0.4791475982868921,0.04243908146199716,0.42116965522296035
46.74,0.484931316258172,0.03965155398170698,0.5863627166098873
46.76,0.4813735273290263,0.03396925794461238,0.7345090904525041
46.78,0.47135667319109226,0.02584333685132198,0.8548498083438766
46.800000000000004,0.45610903874807907,0.015925588209944705,0.9388614048037597
46.82,0.4362978954534699,0.004987345236111621,0.9808917877014828
46.84,0.4124262262595414,-0.006153030064387811,0.9784915998289612
46.86,0.3849708420104536,-0.01669757376258406,0.9324656358057714
46.88,0.35443953409773193,-0.025929116093023313,0.8466675616504915
46.9,0.3214098845680902,-0.033261222387512744,0.7275727972240243
46.92,0.28657451863625444,-0.03827448354500382,0.5836779943740773
46.94,0.2508076196409061,-0.0407368340325655,0.42478670052668055
46.96,0.21526547668816728,-0.040606675645162287,0.2612479243707091
46.980000000000004,0.18153044788881556,-0.03801875946818437,0.10321687547197783
47.0,0.1517959098269657,-0.033254028399711796,-0.03999512055451143
47.02,0.12906537851993044,-0.02669605990474864,-0.1604221284652004
47.04,0.11730593535132727,-0.018778469426337673,-0.25175103327096476
47.06,0.1214472494708406,-0.00992965895510584,-0.30941075144126756
47.08,0.14692729079136918,-0.0005246437742355749,-0.3304503631475721
47.1,0.19778838823431227,0.00913595311480557,-0.31326887653567986
47.12,0.2714608933585974,0.018773527172299145,-0.2573869741135681
47.14,0.3524313375722794,0.027956067284439258,-0.16367052973634558
47.160000000000004,0.4185951469621305,0.03591995207717384,-0.03535284018302682
47.18,0.460107330729617,0.04170641090276109,0.1207760555893817
47.2,0.4815085010644215,0.04454384004993457,0.2943473257663244
47.22,0.4899337756598756,0.04406056693288835,0.4726816450917958
47.24,0.4897292080745031,0.0402744631051655,0.6424142059366471
47.26,0.4829482138840215,0.03351688842855533,0.7909047898968996
47.28,0.4705813298685506,0.024358138679742763,0.9073402510107116
47.300000000000004,0.4532195041210932,0.013536968547119282,0.9835490079761142
47.32,0.43132016867453776,0.0018894818287460225,1.0145331088557445
47.34,0.4053058692774388,-0.009722312003635469,0.9987143761261175
47.36,0.3756037836763004,-0.02047875807458794,0.9378997174438795
47.38,0.3426673775727935,-0.02966321188874361,0.8369871348945471
47.4,0.3069966260043386,-0.03671099085951932,0.7034512798478996
47.42,0.2691662440079327,-0.04124342039786609,0.5466621290533987
47.44,0.22987092947219584,-0.043084929796928545,0.37710090030438465
47.46,0.18999790172004039,-0.04226238927642213,0.20554303841450078
47.480000000000004,0.15073595251135555,-0.03898710006217456,0.04227888421870585
47.5,0.11372090821143306,-0.03362106071088842,-0.10356141946876032
47.52,0.08119487474371091,-0.02663045817930285,-0.2245213090670593
47.54,0.056129989824013876,-0.0185308674078421,-0.31512680308556246
47.56,0.04227483985891791,-0.009830011189063324,-0.37196934202280413
47.58,0.04415761392895362,-0.0009739578164731835,-0.3935648177009743
47.6,0.06711020694036769,0.007699232081174688,-0.38001127336542645
47.62,0.11686918659508576,0.015993007893135326,-0.3324834284604658
47.64,0.196397336029923,0.02384435600383856,-0.25265823036540835
47.660000000000004,0.2962122655064766,0.03118394930908917,-0.14239559805377167
47.68,0.38808835551531684,0.037611319032741244,-0.0043775254136320385
47.7,0.4478891299763799,0.04225683828287466,0.15612017107723003
47.72,0.4770836170418654,0.044219694518400944,0.3300786066863106
47.74,0.4875537086536357,0.0430219120482073,0.505641990735615
47.76,0.4872889700822943,0.03865629387290768,0.6700146455682653
47.78,0.47985235424024775,0.03146802084946533,0.8111180665756118
47.800000000000004,0.4667337777718003,0.022046695243043066,0.9187743329373355
47.82,0.44867759364527404,0.011141962221238493,0.9855100029829917
47.84,0.4261918696130242,-0.0004118591645815746,1.0070440282696098
47.86,0.3997235644931045,-0.011767475691859947,0.982481833908892
47.88,0.369722085751376,-0.022131258031617806,0.9142316953937145
47.9,0.33667076950893854,-0.030821196674175697,0.8076706296292863
47.92,0.3011148280685187,-0.037312479409136255,0.670602087279629
47.94,0.26369966963963226,-0.04126777842029239,0.512561119603585
47.96,0.22523094300855104,-0.0425504435437448,0.34403218203410224
47.980000000000004,0.18676774035694085,-0.04121999782892735,0.1756495595478249
48.0,0.14975695694448773,-0.037510533948031784,0.017450408864677434
48.02,0.11620346849487675,-0.03179385299953649,-0.12175443495339347
48.04,0.08884601524847902,-0.024530596139898476,-0.2348368510221614
48.06,0.07128954637863105,-0.016214170803220213,-0.31659609712869274
48.08,0.06806350452736241,-0.007313405450557701,-0.3637745847217994
48.1,0.08458613025296235,0.0017800431755608174,-0.374851788455924
48.120000000000005,0.12665960424839684,0.01079148973924336,-0.34964937797714424
48.14,0.19765134951739582,0.019564298371582807,-0.2888394970959598
48.160000000000004,0.29024981120708276,0.02794733126487105,-0.19364225392746554
48.18,0.3798258148891144,0.035514596328645856,-0.0663253041165448
48.2,0.44200550780833847,0.04140489418799016,0.08824281223680372
48.22,0.47474646955839345,0.044671573039765114,0.2613967421463805
48.24,0.48822617332668306,0.04473458084340173,0.44132228173329124
48.26,0.49036805994470345,0.041479510641595496,0.6148328242795645
48.28,0.48493918743814307,0.035164489630358176,0.7690665113235567
48.300000000000004,0.4735467810646254,0.026318409749312027,0.8927656756384676
48.32,0.45697832686801315,0.01565805708063432,0.9771897648676767
48.34,0.43574896131029117,0.004012708178951378,1.0167150803016844
48.36,0.41029391532024706,-0.007749220537045447,1.0091374009667136
48.38,0.38103617833773173,-0.01879020082457024,0.9556868091812236
48.4,0.3484151313743365,-0.02836650397738744,0.860775243475108
48.42,0.31290619623247345,-0.03587994368591329,0.7315134748901198
48.44,0.27504437569082657,-0.040915107754055643,0.577049190063687
48.46,0.23546091982642395,-0.04325984068186752,0.40778910308182903
48.480000000000004,0.19494291705603767,-0.042907975664427264,0.2345745125135327
48.5,0.15452550512382562,-0.040044547955497084,0.06788124580781554
48.52,0.11561989344817113,-0.03501492217122841,-0.08288839827960132
48.54,0.08016094737432018,-0.028280533202874433,-0.2099623121493548
48.56,0.05072821479599089,-0.020365426864227317,-0.30755813818348743
48.58,0.03058460228091391,-0.01179932527438643,-0.3720199286109893
48.6,0.023640445927689793,-0.0030634982355348126,-0.40173072294787643
48.620000000000005,0.03446915764786589,0.005456171251735293,-0.39682212862954586
48.64,0.06841280639536712,0.013507644575765596,-0.3587128292610419
48.660000000000004,0.1308539216501966,0.02099569499134428,-0.2895184078706847
48.68,0.22218754620833134,0.027943405739852677,-0.19146489179832332
48.7,0.3261261528968953,0.03427865714978621,-0.06676558260141027
48.72,0.4107029263947056,0.03948263184046728,0.08127805378131417
48.74,0.4594483826341161,0.04263395273554759,0.24634925764095078
48.76,0.4805928947540651,0.04296789498815297,0.41856931480507525
48.78,0.48607789463014595,0.04020500762125438,0.5859438944072529
48.800000000000004,0.4824158063687071,0.034499744327770275,0.7362729604021561
48.82,0.47233248768488434,0.026309649247618663,0.858619883264457
48.84,0.4569994712922262,0.016293844604784554,0.9443105253982128
48.86,0.43706282426143916,0.0052325142050001616,0.9875744855211359
48.88,0.4130142531381024,-0.0060459756298072405,0.9858820176441929
48.9,0.38531977630704933,-0.016733254044298578,0.9399986294208611
48.92,0.3544725246375243,-0.026102204626816658,0.8537796978668075
48.94,0.3210280965439961,-0.03355775727972129,0.733739791732997
48.96,0.28564560362404884,-0.03867395353507304,0.588445322766742
48.980000000000004,0.24914845806560276,-0.04121493059067064,0.42779049365827837
49.0,0.2126174793602809,-0.041138589199984074,0.2622237254386249
49.02,0.1775264550511495,-0.03858289035104201,0.10199433733968134
49.04,0.14592004896818825,-0.03383595713364188,-0.04351296092527474
49.06,0.12061172517785504,-0.027292544233800307,-0.16629560892115497
49.08,0.10535136320912487,-0.01940105528148701,-0.2600560287106252
49.1,0.10488732347960084,-0.01060699421451188,-0.32030315221662387
49.120000000000005,0.12474715816248895,-0.0013008188996952792,-0.34423334114403853
49.14,0.17002503909341524,0.008215153271664862,-0.33043352679738747
49.160000000000004,0.24120206948822812,0.017702915099476923,-0.27854684001923385
49.18,0.3264295736599245,0.026840811915211406,-0.1892611986124091
49.2,0.4019881297082543,0.034989598259196675,-0.06512265906083715
49.22,0.4519302169098392,0.04120304267620107,0.08807083619235304
49.24,0.47832542564848685,0.04461183525334671,0.26074309661246786
49.26,0.4893962650975159,0.04473407312591754,0.4405643764475249
49.28,0.49076501587199534,0.041507051208303156,0.6141349632133479
49.300000000000004,0.48511352531484003,0.03520782878273881,0.7685131218479495
49.32,0.4736670443057753,0.026370988074286613,0.892405938769289
49.34,0.45709360074911387,0.0157148321194276,0.97705031486206
49.36,0.4358723761679435,0.004069122548104794,1.0168034676725046
49.38,0.4104276041426635,-0.007697317359333241,1.0094437233173263
49.4,0.3811785880578588,-0.01874638143483556,0.9561856494081804
49.42,0.3485630938410508,-0.028333565829018824,0.8614283843142048
49.44,0.3130553516758107,-0.03585976153319,0.7322733175042948
49.46,0.27518894339155303,-0.04090856444788473,0.5778626118705299
49.480000000000004,0.23559303063708958,-0.04326684718378403,0.40860141583134146
49.5,0.1950514690065575,-0.04292758240954233,0.23533315729205143
49.52,0.15459443452686872,-0.040075144151841276,0.06853886479073672
49.54,0.11562581550108642,-0.03505451471272117,-0.08237185019426731
49.56,0.08007030111238295,-0.028327090439477627,-0.2096187073384526
49.58,0.05049416429004591,-0.02041726411988576,-0.30741178387898543
49.6,0.030143520915586686,-0.01185550503804608,-0.37208975408196443
49.620000000000005,0.022906675144409284,-0.0031242322289478535,-0.40203407045741235
49.64,0.0333271346432611,0.005389102272921076,-0.3973801808964563
49.660000000000004,0.06671638118919122,0.0134304974071625,-0.35955771785484203
49.68,0.1284850203113557,0.020902966123174275,-0.2907010843447309
49.7,0.2192924928265876,0.02783083349513438,-0.19305770381399112
49.72,0.3234024670700153,0.034151839485723035,-0.06884180816322612
49.74,0.40889072836373075,0.03936351750109956,0.0787005687394461
49.76,0.4585328004936429,0.04254995636842477,0.24335743502885046
49.78,0.4801981396090402,0.04293722337689119,0.41534416049677025
49.800000000000004,0.4859519238019245,0.04023438440843157,0.5827154961223896
49.82,0.48245199219476514,0.03458756057301447,0.7332805616867114
49.84,0.47249176434004725,0.026448571859109753,0.8560841651418966
49.86,0.4572670355980771,0.016472522720577712,0.9424143128869394
49.88,0.4374318394827192,0.005436960822022263,0.9864494844374083
49.9,0.4134804992654725,-0.0058310651621246296,0.9856009143431023
49.92,0.3858800291883296,-0.016523215245254543,0.9405724109507321
49.94,0.355124163033134,-0.025911203242425632,0.8551599706703031
49.96,0.32176914217098646,-0.033397748231721765,0.7358256079474956
49.980000000000004,0.28647494101412,-0.03855386557926058,0.5910937387397275
50.0,0.2500661406156418,-0.04114012472346882,0.43082985474547714
50.02,0.21362507557678587,-0.041110616315934975,0.2654685232053991
50.04,0.1786274338530897,-0.03859954963494088,0.10526043111815986
50.06,0.14712031343568716,-0.033891632440429406,-0.040393923639132336
50.08,0.12192055078517178,-0.02737877185184799,-0.16346359967833282
50.1,0.10678273105227296,-0.01950725738414861,-0.2576126712729452
50.120000000000005,0.10645947168706095,-0.010721319432404997,-0.3183049157198259
50.14,0.12647114734917542,-0.0014111263762861645,-0.34268833749014127
50.160000000000004,0.17186034594425076,0.008119844001539936,-0.329302996137185
50.18,0.24296749800312195,0.017629815622901338,-0.2777545148732195
50.2,0.32779294005546866,0.026789853819941787,-0.1887155122219418
50.22,0.4027494040615544,0.0349532577557398,-0.06474836998966715
50.24,0.45222846622493956,0.04117261628801459,0.08831392613627606
50.26,0.47839833549257504,0.04458280101228389,0.26086799227908225
50.28,0.4893859488364615,0.04470580623514166,0.4405744636183935
50.300000000000004,0.4907291876910685,0.04148073995444339,0.6140353654696417
50.32,0.48507260389447526,0.03518513716766113,0.7683149620795747
50.34,0.47362868683840115,0.026353455176778905,0.8921268706548201
50.36,0.45706161030644354,0.01570361600617698,0.9767134405783986
50.38,0.4358495613252085,0.0040648905260520524,1.0164355617552332
50.4,0.41041673405379137,-0.007694421507667269,1.0090731835554898
50.42,0.381182837237419,-0.01873671565671931,0.9558404300304761
50.44,0.3485864292339716,-0.02831792284124717,0.8611341091053025
50.46,0.3131030499556644,-0.03583926347555385,0.7320517397067873
50.480000000000004,0.2752683817221939,-0.04088452551227235,0.5777305615635618
50.5,0.2357149224407336,-0.043240609723959676,0.4085703514027644
50.52,0.19523176350088564,-0.042900330004084185,0.23540941926309886
50.54,0.154857118525299,-0.0400476921740309,0.06872472206264399
50.56,0.11600679120716004,-0.03502707652089279,-0.08207626844087018
50.58,0.0806223662730043,-0.028299017332601022,-0.2092124923076864
50.6,0.05129314408657848,-0.020386759276772665,-0.30688923543576135
50.620000000000005,0.03129636493473211,-0.01181930687535533,-0.37143516795395143
50.64,0.024563754727889475,-0.0030772353909371696,-0.40121515189100054
50.660000000000004,0.03569902861953823,0.00545435046557625,-0.3963397109392242
50.68,0.07007460142598007,0.013524330079754707,-0.358203031741379
50.7,0.13304740051581587,0.02103803658213367,-0.2888928682655844
50.72,0.22477580312908949,0.02801628625392226,-0.19060948758143192
50.74,0.3285023466909833,0.03437714268435154,-0.06556322869386028
50.76,0.4122618996010932,0.039586917906221736,0.08289437651267649
50.78,0.46024247009894403,0.042719408478820775,0.24835241871070893
50.800000000000004,0.4809575064824572,0.04301748857360255,0.42084656705690204
50.82,0.4862284529295468,0.04021096067772378,0.588333572690755
50.84,0.4824407487961811,0.03446088428998053,0.7385963608978748
50.86,0.4722623939164332,0.026229386296545937,0.8607032792299188
50.88,0.4568442177747582,0.016178951540020352,0.9460008938486091
50.9,0.4368253694347862,0.005092175076111743,0.9887510233719878
50.92,0.412695054935235,-0.006201090780588207,0.986463941807244
50.94,0.3849179913013084,-0.01689192952804926,0.9399492415127434
50.96,0.35398608086072336,-0.026253599044755806,0.8531067111575045
50.980000000000004,0.3204532628865602,-0.03369224753755284,0.7324921112740569
51.0,0.2849761949186631,-0.038783849897227975,0.5867066913337634
51.02,0.24837465411949494,-0.041295021791540175,0.4256706062737101
51.04,0.2117241840458399,-0.04118649305890747,0.25984754722498316
51.06,0.17649111667538836,-0.03859920325124983,0.09949042194383514
51.08,0.14470988549395994,-0.033824212972358894,-0.04602436356307192
51.1,0.11918038495618487,-0.027259008052678484,-0.16871393962567305
51.120000000000005,0.10363562565113768,-0.019354383596640018,-0.2623107041597249
51.14,0.10280746038385101,-0.010557768560577854,-0.3223622480316646
51.160000000000004,0.12222578647464417,-0.001260809668567117,-0.3461099696990305
51.18,0.1670659207920846,0.00823462974355388,-0.33218780779159174
51.2,0.23807296345301393,0.017695049278016912,-0.2802770790024926
51.22,0.32376196310351346,0.02681018615194626,-0.1910724891638698
51.24,0.4003070960570592,0.03495466945604624,-0.06707274058269637
51.26,0.4511360393533538,0.04118576077770474,0.08600998257911027
51.28,0.4780331873405715,0.04462593159131804,0.2586730792734006
51.300000000000004,0.48934139428750834,0.04478354775069602,0.4386214570222438
51.32,0.49083022439095253,0.041589390811511875,0.6124572751453844
51.34,0.4852535145285885,0.0353166617038766,0.7672203565615372
51.36,0.4738628646069824,0.02649767639065508,0.8915873495415041
51.38,0.45733477730956723,0.01584956963816181,0.976757940758306
51.4,0.43615085212587035,0.004201851125215343,1.0170493314359974
51.42,0.4107356719415808,-0.007576093649621552,1.0102004852978144
51.44,0.3815079984607621,-0.018644896722379803,0.9573902994134669
51.46,0.3489043988031834,-0.02825824317108306,0.862988443558616
51.480000000000004,0.31339710043603636,-0.035814847642449306,0.7340748794157296
51.5,0.27551646888278275,-0.04089597186600507,0.579779434896789
51.52,0.23588653099516182,-0.04328621528138477,0.41050421173395724
51.54,0.19528302065965186,-0.042976557439995455,0.23709819572857624
51.56,0.1547235708370125,-0.0401498689065648,0.07005503377674796
51.58,0.11559350697770496,-0.035150308194897194,-0.0811983310440299
51.6,0.07979163436235885,-0.02843928334410153,-0.20886261843856402
51.620000000000005,0.04985030865874075,-0.02054213614211547,-0.3071308039792538
51.64,0.028972500165508803,-0.01199126094534033,-0.37233020412795714
51.660000000000004,0.020989546898582935,-0.0032719904065750816,-0.40284058258827754
51.68,0.030366870708663476,0.005224259458573801,-0.3988094225404136
51.7,0.06233271080130788,0.01323849812625138,-0.36169639175586127
51.72,0.12235391854186865,0.020669118897786682,-0.29368616867277436
51.74,0.2117382324938759,0.027543112798714138,-0.19708422105939818
51.76,0.31618635944982515,0.03382284851756094,-0.07411306002936552
51.78,0.40401100144066865,0.03904894163469512,0.07211781681582219
51.800000000000004,0.45604054096779734,0.042322136286081856,0.23566811768534648
51.82,0.47911166649097764,0.042845622539576286,0.4070049316341471
51.84,0.4855883804015499,0.04029825090434608,0.5743185972379521
51.86,0.4825192265004421,0.03480401295658198,0.7254481197744531
51.88,0.47288282816579047,0.02679954022962637,0.8493946015581636
51.9,0.45794199094911253,0.01692924986524541,0.9373511186355953
51.92,0.4383728249142981,0.00596359639868484,0.983365785898713
51.94,0.41467692432655023,-0.005274047123982508,0.9846979539157472
51.96,0.3873240855977492,-0.015975671630209052,0.9418915737114785
51.980000000000004,0.35680973989309367,-0.025410184563606355,0.8585878357899743
52.0,0.32369194508463295,-0.0329747593420115,0.7411108166679616
52.02,0.2886331190884027,-0.03823269868007696,0.5978737265079576
52.04,0.2524611694335357,-0.04093539334067006,0.4386648830560032
52.06,0.21626277140250993,-0.04102706104383586,0.2738800453641935
52.08,0.18151907562470512,-0.03863212445265982,0.11377066638963065
52.1,0.15028409656483502,-0.034026317972553205,-0.032224243257673174
52.120000000000005,0.1253839040493789,-0.02759400111166335,-0.15600200838006667
52.14,0.11058520761233992,-0.019775792421438978,-0.25112841058871027
52.160000000000004,0.11065000999924919,-0.011012441223714161,-0.3129505334966414
52.18,0.13107464445989692,-0.001693259376771187,-0.3384907865811981
52.2,0.17675542769819894,0.007875189735841582,-0.3261673829062483
52.22,0.24765176983081943,0.017440984750902493,-0.27548926235589094
52.24,0.3313790203450701,0.02665584004648108,-0.18709180662455593
52.26,0.40473109491186143,0.03485382925633974,-0.06358311925678081
52.28,0.452991783318077,0.041085219749373514,0.08911145011505389
52.300000000000004,0.47857063789745463,0.04449633705129037,0.2613194087551416
52.32,0.48933880478055847,0.0446195723714503,0.44067961614524365
52.34,0.49061366434516807,0.04139885862201943,0.6138025606090984
52.36,0.48494279897847065,0.03511298619676184,0.7677723015297362
52.38,0.4735055601157403,0.026296024595584343,0.891323541789115
52.4,0.45695614503072185,0.01566477012776791,0.9757165022619103
52.42,0.4357702334246458,0.0040470253141017196,1.015324665734925
52.44,0.4103720556141062,-0.007690501966261599,1.0079343937860759
52.46,0.3811826043123103,-0.018711759429746427,0.9547598848506392
52.480000000000004,0.34864286768758335,-0.028274050732701197,0.8601921279367383
52.5,0.31323237776640006,-0.035779667985709876,0.7313178966513552
52.52,0.2754932067342853,-0.04081306609592705,0.5772601764328967
52.54,0.23606798931917083,-0.04316132043963575,0.40840277961764776
52.56,0.19576170659527245,-0.042816850190201476,0.23556846737121473
52.58,0.15563693301798723,-0.03996262264457162,0.06922148895289054
52.6,0.11714553536436327,-0.03494125706097883,-0.08123781960641543
52.620000000000005,0.08228016873104953,-0.028210721874500636,-0.20802690762187348
52.64,0.05369968036442648,-0.020290811440846258,-0.30533756405111656
52.660000000000004,0.03477522732767194,-0.011706103967877675,-0.3694692472903013
52.68,0.029568909294650288,-0.0029315908864606813,-0.398737675320272
52.7,0.042861333825634194,0.005654699884273542,-0.39317902637274244
52.72,0.0801858238697665,0.013810119573949491,-0.35408173277579247
52.74,0.14665918010124215,0.02144592361004458,-0.28339624865464463
52.76,0.24079656479275324,0.02856924723539128,-0.1831920503652678
52.78,0.34291600758259455,0.03503560181886156,-0.05569379038643633
52.800000000000004,0.42148827326230875,0.040222704482865024,0.09540472758894852
52.82,0.4648342272397111,0.0431842156744484,0.26310673737232376
52.84,0.48296733730847197,0.043215817106074604,0.4369481793033685
52.86,0.4869189135888554,0.04010625982726735,0.6046266641807861
52.88,0.4823271418768225,0.03405838879528159,0.7538678993193489
52.9,0.4715282425729684,0.02556325089899907,0.8738222951255084
52.92,0.4555556834331176,0.015304001586155965,0.9560167434997597
52.94,0.43500990675160656,0.00407716129974433,0.9949623976353409
52.96,0.41036670440044193,-0.007280028483830818,0.9884614901404735
52.980000000000004,0.382084565352973,-0.017957726391594927,0.9376321407525531
53.0,0.3506501801846427,-0.027234374250853746,0.846673966511312
53.02,0.31661076297915464,-0.034526681997988376,0.722410760477389
53.04,0.2806131703943739,-0.03942549527938537,0.5736605359118454
53.06,0.2434628562981308,-0.04171529546683695,0.41049427158242585
53.08,0.20621489003476526,-0.04137622983593113,0.24345142662441385
53.1,0.17030696468237158,-0.038568758791416365,0.08278232969855975
53.120000000000005,0.13773392693508854,-0.033602236691099505,-0.062215232758875354
53.14,0.11124112665894982,-0.026890119463961547,-0.18370585380789928
53.160000000000004,0.09448859590110521,-0.018896072300264157,-0.2756272775700271
53.18,0.0921274343375188,-0.010076771025426572,-0.3337768443657122
53.2,0.10967544493778042,-0.0008285593369731833,-0.3556741314191403
53.22,0.1526318347606792,0.00855015846668885,-0.34023581548256804
53.24,0.22290628785651373,0.01784806468620781,-0.28737967164246375
53.26,0.3107686562781995,0.026809846738090334,-0.19788525682949695
53.28,0.3920810117800781,0.03488031221903189,-0.07406978923270238
53.300000000000004,0.44726789120020327,0.0411400403987496,0.0787422755148804
53.32,0.4766043241775459,0.04467636168504243,0.25140041310447464
53.34,0.4890109910550436,0.04495348973229778,0.4317875005366371
53.36,0.4910095293563564,0.04187368623551488,0.6065367070136627
53.38,0.48572299024247184,0.035694371061137466,0.762632551091017
53.4,0.4745373294009959,0.026939106333821444,0.8886486810191612
53.42,0.4581720184058062,0.01632060349237737,0.9756559387451782
53.44,0.43712115533031365,0.004667308097787728,1.0178318968959328
53.46,0.4118118081398597,-0.0071495549517876,1.0127775730718218
53.480000000000004,0.38266130824880734,-0.018286299475100617,0.9615463895893881
53.5,0.35010229281624927,-0.027990342149667887,0.8684039110174818
53.52,0.3146002476083823,-0.035652820745866565,0.7403539143545811
53.54,0.2766746483846729,-0.04084683519150599,0.5864817707036487
53.56,0.23693209577060137,-0.043349002599054345,0.41717767058283295
53.58,0.19612070012215221,-0.04314326605451285,0.24330897828036357
53.6,0.15521531693028712,-0.040407140071399415,0.07541274033001379
53.620000000000005,0.11553776287882402,-0.03548177523836055,-0.0770237657576949
53.64,0.07889802704887461,-0.028828470142717433,-0.20613453379902416
53.660000000000004,0.0477119556973907,-0.020975718333580334,-0.3060518154450661
53.68,0.02503465515635314,-0.012462464485363374,-0.3730615935883295
53.7,0.014502514744378116,-0.003784025529305703,-0.4055353414145804
53.72,0.020308504221372675,0.004654524720194082,-0.40365939924538385
53.74,0.04735728711020938,0.012576646883573558,-0.36899482074396406
53.76,0.10114619504638743,0.019862734087996728,-0.3039015125057026
53.78,0.18483426079059717,0.02654176062804433,-0.21090418345589323
53.800000000000004,0.2891300106295102,0.03264952105789031,-0.09231352459429337
53.82,0.38464104710205327,0.03788147791982694,0.04915178501737069
53.84,0.4457695834214768,0.04142548272133581,0.2084896083292757
53.86,0.474518718551253,0.04241841866438302,0.37713193741278256
53.88,0.48391269751868565,0.040427431981419196,0.5438368113504841
53.9,0.48252110761552286,0.035491173616767784,0.6966095031837726
53.92,0.4741039079613442,0.027987870499932337,0.8243336226153873
53.94,0.46021490654716096,0.018520848714115856,0.9178880360754513
53.96,0.4416270788289379,0.007832719296960375,0.9708693904519843
53.980000000000004,0.41887377596691655,-0.003268612864764762,0.9799990285439597
54.0,0.39243647259892234,-0.01397846276406638,0.9452454212702908
54.02,0.36281704934815634,-0.02355755118202827,0.8696843244657672
54.04,0.33057988756506024,-0.0313846673937129,0.7591280747921714
54.06,0.2963955701776176,-0.03699649807308106,0.6215688930999032
54.08,0.2611027842057289,-0.04011205369200886,0.4664929863020276
54.1,0.2258016672209732,-0.040640175908970906,0.3041304653448034
54.120000000000005,0.19198911742239258,-0.03866976583234199,0.14470987063169224
54.14,0.16173692544737553,-0.034443602097903286,-0.002214887508735705
54.160000000000004,0.13789144900235106,-0.028318014605698303,-0.12830355525231413
54.18,0.12423969558000356,-0.02071237273774664,-0.22678524802586209
54.2,0.12553669795268635,-0.012054413595605811,-0.2926013835750774
54.22,0.14712915347622907,-0.002730655141522499,-0.3223361385204544
54.24,0.1933307789994488,0.006939979605565366,-0.31398614229054045
54.26,0.26283701698118694,0.016668363606671184,-0.26673430598992126
54.28,0.34234338422860794,0.026041902928833828,-0.18109696864936978
54.300000000000004,0.4103232704749301,0.03433959538966599,-0.05982140589958024
54.32,0.45480900704629834,0.04061378711600301,0.09091478068813538
54.34,0.47866551064832297,0.044049920204602064,0.26128662585060336
54.36,0.48885661389234475,0.04421065485156034,0.438929184698146
54.38,0.490010814061986,0.041050980765732215,0.6105303171529896
54.4,0.4843848174551584,0.03484917875981487,0.7632697670444405
54.42,0.47306108984115935,0.026133621547469118,0.8859640369304806
54.44,0.45666569126475387,0.015613305318278425,0.9699274790609356
54.46,0.43566828667513136,0.004107639389025436,1.0095549467090401
54.480000000000004,0.41049509056831374,-0.007524712311401387,1.002621030751577
54.5,0.38157377379683066,-0.01845467707649184,0.9502978991821653
54.52,0.3493570677198133,-0.027944902946703393,0.856909694511096
54.54,0.31434352476537847,-0.035400952219572776,0.7294589899697252
54.56,0.27710547469021746,-0.04040816208900598,0.5769761803636749
54.58,0.2383332682246627,-0.042751892982708393,0.40975409667922363
54.6,0.19890617817298914,-0.04242010728341225,0.23853681944566346
54.620000000000005,0.15999988263232648,-0.039588442065946604,0.07373344420352532
54.64,0.12323270797771284,-0.03458914951716519,-0.07527551464445362
54.660000000000004,0.09083243047877926,-0.027866584095442987,-0.20067944278749633
54.68,0.06577875142272353,-0.01992342552156594,-0.2965807033773084
54.7,0.05187653077607231,-0.011263258299927555,-0.3591132821329909
54.72,0.05377368581045991,-0.002335472923473078,-0.3863345482513624
54.74,0.07694457299180801,0.0065127245427644455,-0.377909403545733
54.76,0.12711422711426706,0.015069869568623552,-0.33462697097917105
54.78,0.20668488591334488,0.02324721147264196,-0.25785695734987946
54.800000000000004,0.3049738066931831,0.03092825371863797,-0.14929468873995372
54.82,0.393686688766712,0.03765039424773384,-0.011685560151153428
54.84,0.45071459426073274,0.042510663939316976,0.1494247306317479
54.86,0.4785587484867145,0.044617170226401034,0.32470626331854135
54.88,0.4885940064463752,0.043508360007732186,0.5020539346947831
54.9,0.48824532201549903,0.039184864709388235,0.6684716132258727
54.92,0.480816513276107,0.03199506074077159,0.8117003522169636
54.94,0.4677060718344956,0.02253180970403641,0.9213936692145561
54.96,0.44962775670705823,0.011549891004102334,0.9899260958329666
54.980000000000004,0.42707717485706614,-0.0001091792921560147,1.012889305869203
55.0,0.4004923437442155,-0.011589335335657472,0.989293608097618
55.02,0.37031175165347063,-0.022087357089294643,0.9214891643508265
55.04,0.33700250929602776,-0.03091168386068643,0.8148334537927547
55.06,0.3010846039884777,-0.037528864103947006,0.6771470577001374
55.08,0.2631639135484303,-0.04159468149075563,0.5180134846490964
55.1,0.22398443901608137,-0.04296813107727544,0.34798838483395556
55.120000000000005,0.18451067616871347,-0.04170763869014846,0.17778837398777866
55.14,0.146048561498117,-0.03805012559682146,0.017529689844467823
55.160000000000004,0.11040152890032578,-0.03237474519488612,-0.12391793015838827
55.18,0.08003363594170743,-0.025154491051350415,-0.2394067405932072
55.2,0.0581890869708013,-0.016900427641435213,-0.3237763207056873
55.22,0.048937692264271596,-0.008104487150736622,-0.3738909086305689
55.24,0.057186625134648866,0.000813531229586272,-0.3884547032997478
55.26,0.08860950416968132,0.009550301289179526,-0.36763087436228653
55.28,0.14852817875911084,0.01794334150350274,-0.31251584940606075
55.300000000000004,0.23650458277318698,0.025926692496416427,-0.22462628563444512
55.32,0.33558186191139733,0.033316021322358655,-0.10587259165193846
55.34,0.41558942571255025,0.039494282584524296,0.040305966933531834
55.36,0.46220070669583724,0.04349925814613986,0.20717346857786392
55.38,0.4831723734057556,0.04455269860585567,0.3843414802288246
55.4,0.489258631846023,0.042352726166036574,0.5592379568062027
55.42,0.48634606911335276,0.037026927438425186,0.7189818756646134
55.44,0.476935074382381,0.0290139722359335,0.8518609955144826
55.46,0.4621223891488694,0.01896816528366594,0.948377140632012
55.480000000000004,0.4425231346810771,0.007680218302393069,1.0019473764172524
55.5,0.4186051668120298,-0.003996866097574787,1.0093004498237323
55.52,0.390803876718156,-0.015218672662387491,0.9705828032386501
55.54,0.3595663972997088,-0.02521426508202234,0.8891918026857754
55.56,0.32537711317296864,-0.03334118127883452,0.7713678930886357
55.58,0.28878424068289893,-0.0391269758005942,0.6255926306426308
55.6,0.2504389030769756,-0.04229470909629026,0.461851974752351
55.620000000000005,0.21115741851794895,-0.04277095946012122,0.2908323064561181
55.64,0.17201757847819535,-0.040676151699227,0.12311989809921263
55.660000000000004,0.134494670347942,-0.03629820127879232,-0.03152702733644134
55.68,0.10062658523765411,-0.030051733260908292,-0.16477098268788312
55.7,0.07317053626812839,-0.02242658552902728,-0.27010184704772594
55.72,0.0557010779025502,-0.013930833860189819,-0.34302459036078836
55.74,0.05264043394993137,-0.0050343797736995535,-0.3810182468123488
55.76,0.06925949451127106,0.0038816742184811506,-0.38327931390201947
55.78,0.1113748161995505,0.012564193082020067,-0.3502826892896336
55.800000000000004,0.1829763969639574,0.020893968192106455,-0.28323879097959154
55.82,0.2781145292863087,0.02878421081038707,-0.1837058076929669
55.84,0.37228888661385984,0.03589286121468987,-0.05398231083211529
55.86,0.4385177211894806,0.041408909212241385,0.10132094391921918
55.88,0.47318964268507785,0.04437941100963755,0.27387617686513943
55.9,0.4871732682982158,0.04420688541297156,0.4521431863304918
55.92,0.48926405650599275,0.04077341820347764,0.6231665368473922
55.94,0.4836367499350299,0.034341634488287,0.774320887851235
55.96,0.47203962924642195,0.025444812376052325,0.8946047533005494
55.980000000000004,0.4553048266607536,0.014800393069901975,0.9755444760762215
56.0,0.4339634789011961,0.0032336459307271154,1.0117766017293688
56.02,0.40846042825412293,-0.00839541071590309,1.0013321334681962
56.04,0.37922941708683705,-0.01926118420697533,0.9456353612702335
56.06,0.3467254955655166,-0.028634240115209344,0.8492395407977608
56.08,0.311448423911555,-0.03593168027848184,0.7193371206216754
56.1,0.27397160378592,-0.04075292217482817,0.5650967390600273
56.120000000000005,0.2349869726709033,-0.04289871507303317,0.39689010774414846
56.14,0.1953766106553872,-0.0423724408437402,0.22547814832705051
56.160000000000004,0.1563208497206604,-0.03936396370180288,0.061227116128324384
56.18,0.11944424707679292,-0.03421750212311254,-0.08657802108681169
56.2,0.08697954059365988,-0.02738630842724969,-0.21026413747066136
56.22,0.06190296993700363,-0.01937846124224009,-0.3040997470040031
56.24,0.04799714662616303,-0.010699484239689569,-0.36439956792836337
56.26,0.049863328371363196,-0.001797725458452749,-0.3894032838598372
56.28,0.07292185130827532,0.00698302474387859,-0.37894903400224283
56.300000000000004,0.12291003121100616,0.015437142653996927,-0.333980929144785
56.32,0.20247062123381016,0.023486303725387188,-0.25599236322557095
56.34,0.3014116578468457,0.031033324184721014,-0.14674409049466725
56.36,0.39143700475299864,0.03764068946085627,-0.008954093032139877
56.38,0.4495967660568838,0.042418243261518565,0.15194134231897144
56.4,0.4779882470129416,0.044469855340517214,0.32673548766311195
56.42,0.48820033655794803,0.0433270653404865,0.5034197110587413
56.44,0.48788690730828976,0.03898725717263822,0.6690739540789046
56.46,0.4804557849289834,0.03179752852943903,0.8115071235050049
56.480000000000004,0.46734192761317855,0.02234952063592201,0.9204360095127326
56.5,0.4492711971666112,0.011396111937845193,0.9882922792454722
56.52,0.4267440410281203,-0.00022385400278084056,1.01071556643111
56.54,0.4002018622879728,-0.011657579946790902,0.9867521756649745
56.56,0.3700872331798556,-0.022105429369293172,0.9187744574413356
56.58,0.3368733207299815,-0.03087941948153418,0.8121476473675886
56.6,0.3010895375730831,-0.037449343914920406,0.6746863290990863
56.620000000000005,0.26335656322200124,-0.041473583209141414,0.5159562273792154
56.64,0.2244415476891457,-0.042812785297473184,0.3464866140855292
56.660000000000004,0.18534463441222843,-0.041525809783089764,0.17696346476382865
56.68,0.14742510286735755,-0.037848535909153457,0.017473511028566882
56.7,0.11256297878091377,-0.03215736544966312,-0.12313550106676524
56.72,0.08332730562638957,-0.024920638142273226,-0.23772306139435992
56.74,0.06310122500666991,-0.01664272746547929,-0.3211133311324276
56.76,0.05613517280803599,-0.007806737922386477,-0.37012412428261526
56.78,0.067552626620774,0.0011785045508665012,-0.3833735565882025
56.800000000000004,0.10315305353661218,0.010021661097199288,-0.3608919036336763
56.82,0.16771148891441243,0.018565977965086203,-0.30360272856447307
56.84,0.25832937374417414,0.026720173303250987,-0.21287685080518132
56.86,0.35448167879176806,0.034210092796909716,-0.09070359250983384
56.88,0.42734868911041435,0.04030872597259458,0.058962170969163175
56.9,0.4679244883988448,0.044041809443822966,0.22859735732076314
56.92,0.4855615192813715,0.04470713596327493,0.40718350680438453
56.94,0.4899216397619314,0.042081911314442486,0.5818489958493714
56.96,0.48594213491772237,0.0363494541727055,0.7396829194756843
56.980000000000004,0.47570806522298986,0.027986854066414456,0.8691287569018024
57.0,0.46017039771539975,0.01767530082946904,0.9609735263554834
57.02,0.43989684640104393,0.006222733406818122,1.0090074708571402
57.04,0.4153396535313585,-0.005509931769240384,1.0103827474348905
57.06,0.3869280760602552,-0.016679417077537402,0.9656826162492048
57.08,0.35510518972588123,-0.0265242873495477,0.878719666677514
57.1,0.32035056732485523,-0.034418738950909106,0.7560967641814448
57.120000000000005,0.28320529550415796,-0.039912489490965875,0.6065796307528909
57.14,0.24430968248667642,-0.042754308082878806,0.44034196148855514
57.160000000000004,0.2044639229788053,-0.042897931243187234,0.2681514366198261
57.18,0.1647220508888956,-0.040490336923634115,0.10056754581740948
57.2,0.12652399682539292,-0.03584355329170175,-0.05278015887006603
57.22,0.09185306053481143,-0.02939244046340212,-0.1837719498563051
57.24,0.06337805767956153,-0.021642345075474034,-0.2861871169997499
57.26,0.04452769488337392,-0.013112059216978968,-0.3558723659339565
57.28,0.039496243501197785,-0.00427821273242716,-0.39068295816779586
57.300000000000004,0.05326423681469667,0.004474108852764894,-0.39021269371731565
57.32,0.09152351728574956,0.012891124699050021,-0.35534407688457664
57.34,0.15914237896873143,0.02086618290497283,-0.28767754212127006
57.36,0.25335041733055175,0.028369412903368574,-0.1890363870033357
57.38,0.352855173045606,0.03518640814613219,-0.061612370076464175
57.4,0.42735811824477854,0.040623649056292156,0.09062957795248691
57.42,0.46785897358113326,0.04372113282109489,0.26024163548508744
57.44,0.48472023723711066,0.04380113218927143,0.436351989628355
57.46,0.48819467613580836,0.040676432055527026,0.6063598352101088
57.480000000000004,0.483397357987811,0.034564177492070816,0.757767577585365
57.5,0.47245272143966727,0.025965955461177435,0.8795501653485107
57.52,0.45632095196332745,0.01557534482763435,0.9631003168969402
57.54,0.4355761082182393,0.004200024845276386,1.0028381719379151
57.56,0.4106804342478816,-0.007311254476199532,0.9965205117062426
57.58,0.382079653305686,-0.01813759003242499,0.9452654353003461
57.6,0.3502430382686458,-0.027547680874989905,0.8533144338327427
57.620000000000005,0.31569137942242187,-0.03495062440580581,0.7275681378798242
57.64,0.27903064532174754,-0.03993247824865881,0.5769464088126662
57.660000000000004,0.2410032111131936,-0.042276323949107034,0.4116346162400255
57.68,0.20256825330998904,-0.04196474485796735,0.24228467042573906
57.7,0.1650215082850282,-0.03916483220253058,0.07924132458429951
57.72,0.13015567766129604,-0.03419704933531154,-0.06813860943943384
57.74,0.10044173642069398,-0.02749061862640815,-0.19201441468354
57.76,0.07918653125325273,-0.01952962509832837,-0.28639094220604566
57.78,0.0706226319888551,-0.010795438021253618,-0.34722310557392083
57.800000000000004,0.07991078980347714,-0.0017116044783274205,-0.3722929621786964
57.82,0.11286249969881423,0.007401807764286644,-0.3608823151367788
57.84,0.17416241215313757,0.016346864414553818,-0.3133065248254827
57.86,0.2610223514484576,0.02498244423837817,-0.23051289532929636
57.88,0.3540418011661129,0.032992111465818444,-0.11425957419565513
57.9,0.4257804925973871,0.03963379798346099,0.03161284069048202
57.92,0.46683330796269423,0.04392773446645684,0.19966682013890996
57.94,0.48544522237377985,0.04514706810527455,0.37891308623469616
57.96,0.4907777943439816,0.04303032341476033,0.5563771330816749
57.980000000000004,0.487670583719557,0.03772274521469684,0.7188879547939904
58.0,0.47820859691120937,0.029671256205406893,0.854491053894616
58.02,0.46335035301637817,0.019537462574016225,0.9534754614706437
58.04,0.4436656340897209,0.008121200600839446,1.0090779466979252
58.06,0.4196035295420776,-0.0037133528951436194,1.0178876960570766
58.08,0.39158543210064567,-0.015109272297302332,0.9799592738921563
58.1,0.36004100411434914,-0.02528281342832464,0.8986491742660175
58.120000000000005,0.3254284278076439,-0.033579533769897994,0.7802069226490554
58.14,0.28825489474160004,-0.0395169393204771,0.6331675721246087
58.160000000000004,0.24910681104610224,-0.04281101002854087,0.4676051691850482
58.18,0.20869900144368406,-0.04338517162582514,0.294314956948695
58.2,0.1679529330481601,-0.04136152848248648,0.12399531107883784
58.22,0.12811063145330545,-0.037035380122171814,-0.033501283513677545
58.24,0.09087675963596664,-0.030835265500088367,-0.16978541294421878
58.26,0.05855334747594746,-0.02327217391783869,-0.2783649512309541
58.28,0.034108109920348656,-0.014883151906445848,-0.35486291521150404
58.300000000000004,0.021148635177654862,-0.0061756483021453605,-0.3970090848669204
58.32,0.023889708175746212,0.0024219571082101338,-0.4044200196664338
58.34,0.04725977731483407,0.010601582320325216,-0.37819759046662127
58.36,0.0968258059830841,0.018206831864039923,-0.3203804620738934
58.38,0.17635853555514674,0.025232417907709078,-0.23331867055378977
58.4,0.27862989204251454,0.031704742565670616,-0.1192456743021918
58.42,0.37618499846367043,0.037354215706344326,0.019249711800974373
58.44,0.4413379547616529,0.04139812110384768,0.17745300363132807
58.46,0.47319891620225935,0.042936603887761424,0.347073138333543
58.480000000000004,0.484474957832388,0.041468221503696404,0.5169143686132348
58.5,0.4842974740756749,0.0369742403336267,0.6747690581006281
58.52,0.47678257024033005,0.02979420237794919,0.8091163360465657
58.54,0.46362276784730877,0.0205086220674383,0.9103085376954136
58.56,0.445633910399636,0.00985111642884786,0.9713526400755684
58.58,0.4233565482955708,-0.0013668300506296084,0.9883698909118737
58.6,0.3972642088710679,-0.012325802089901305,0.9607658458792938
58.620000000000005,0.3678405156432903,-0.022262626028424853,0.8911313585222008
58.64,0.33561989005379,-0.030525591923382115,0.7849035865369453
58.660000000000004,0.3012262325983625,-0.036617273973482,0.6498298449240603
58.68,0.2654264372963304,-0.040222191283853445,0.4952897401526647
58.7,0.22921191039768057,-0.04121759556271443,0.3315400258755365
58.72,0.1939197192535396,-0.03966682854729917,0.16895117990249198
58.74,0.16139819439725106,-0.03579589705021111,0.017304541457357714
58.76,0.13420376821646654,-0.029955236023197343,-0.11478632809263259
58.78,0.11578722016340032,-0.02257018877155778,-0.22027730700351938
58.800000000000004,0.11059640603040623,-0.01408551636915743,-0.293883271991541
58.82,0.12395003999459843,-0.0049113560139178464,-0.33204564179198703
58.84,0.16117307684893412,0.004616954086001346,-0.3327056437183813
58.86,0.22444044855495193,0.014235542686675387,-0.2949889247104097
58.88,0.3058725327104141,0.023644903013119712,-0.21908833840390066
58.9,0.3843580883495569,0.03228975187430521,-0.10683122658833909
58.92,0.4405741519860692,0.03927812461076575,0.03702274377304247
58.94,0.47233343176234066,0.04368385158720035,0.20393389237287565
58.96,0.4870415844958499,0.04490556349364521,0.38222876210319695
58.980000000000004,0.49098694394598885,0.042762603699337653,0.5586761552370146
59.0,0.48740100178932916,0.03743456425432845,0.7200704652295346
59.02,0.4777621319092187,0.029380225379203498,0.8545084701128619
59.04,0.4628338116415517,0.0192640042801699,0.9523571145672265
59.06,0.4431276298227181,0.007884630665381684,1.006933538434627
59.08,0.41907691656224305,-0.003896888282396047,1.014898371068012
59.1,0.3911010669731224,-0.015228015943348107,0.9763622870601943
59.120000000000005,0.3596336172563994,-0.02533003808946204,0.8947188751415863
59.14,0.3251411360327878,-0.03355366467229641,0.7762342213361646
59.160000000000004,0.28814488874864524,-0.039421176212450046,0.6294399210705637
59.18,0.2492539005941658,-0.04265246631470552,0.46438902931197124
59.2,0.2092187805768421,-0.04317355185354574,0.29184263770787233
59.22,0.1690164896210774,-0.04110736394333217,0.12245799026639256
59.24,0.1299723407918686,-0.03674784060434865,-0.03395262788520424
59.26,0.09391040173005924,-0.030519578623084444,-0.1690295174313117
59.28,0.06329571024846031,-0.022926720687065784,-0.27628878160048637
59.300000000000004,0.04131250284065523,-0.0144963240538535,-0.35132806634086156
59.32,0.031861335189881095,-0.0057224247922738405,-0.39180510807558433
59.34,0.03956219747516878,0.0029840390698112444,-0.3972029819581255
59.36,0.06981263611458773,0.011336912639842262,-0.36841119903176617
59.38,0.12814511352720193,0.01920146397548868,-0.3071650832782381
59.4,0.21577279268718516,0.02656565190634601,-0.2154650282712083
59.42,0.3184427911521263,0.033349278303684095,-0.09539373829103803
59.44,0.4050732371303297,0.03905808465669198,0.04991936917110455
59.46,0.4568606198663716,0.04277292929885669,0.21440575724081912
59.480000000000004,0.48025338685027663,0.04368042999546051,0.388336204796325
59.5,0.4872068345942221,0.04143947465473043,0.5596311461027551
59.52,0.4845968934828851,0.03615570339402855,0.7157809475405394
59.54,0.4753471323392161,0.02825383034421607,0.8453764713254084
59.56,0.4607017527657845,0.01837471398423493,0.9391693147709316
59.58,0.4413267160132471,0.007293800922649427,0.9907691091996972
59.6,0.4177127540981241,-0.004152793080273623,0.997032583481217
59.620000000000005,0.3903139363626259,-0.015138036761201467,0.958165176857502
59.64,0.3596015366211886,-0.024907481056694495,0.8775550346776496
59.660000000000004,0.32609622818635814,-0.03283285944779979,0.7613715656268853
59.68,0.29040256942138676,-0.038452353094934597,0.6179752457170387
59.7,0.2532593647475517,-0.041494966475462615,0.45719746983838916
59.72,0.21561803506260616,-0.04188758606788134,0.28955725594889625
59.74,0.17876012187663168,-0.03974448238669932,0.12548494698529017
59.76,0.14445790719937082,-0.035340224753528396,-0.025378389443073517
59.78,0.1151634695487667,-0.029068290921778043,-0.15474360962025158
59.800000000000004,0.0941854694190547,-0.02138917040544857,-0.2560480317483606
59.82,0.08580034806353629,-0.012773310069072771,-0.3246100663498064
59.84,0.09523681562933142,-0.00364539286752967,-0.35755596968173586
59.86,0.12825350417592174,0.005661422397029239,-0.3535398315165937
59.88,0.18900626795328718,0.014920343680656381,-0.31233086355288264
59.9,0.27351266752698655,0.023936492545060924,-0.23449236496785272
59.92,0.36199262801625987,0.03231813896925375,-0.12166404703079547
59.94,0.42928970886662415,0.03927167229264472,0.02215831705307477
59.96,0.4679775233636699,0.043821695270656144,0.18929037890103406
59.980000000000004,0.48587305716803264,0.0452631993403998,0.3685659185671851
60.0,0.4911962107218853,0.043341570578855945,0.5468942176621386
60.02,0.4882973570834175,0.038196650736125756,0.7109875988829957
60.04,0.4790880624993787,0.030266799743262622,0.8487445991813009
60.06,0.46447394266217296,0.02020673990527019,0.9502754199996787
60.08,0.44500896675155166,0.008812917817925266,1.0086171395381205
60.1,0.4211364030629657,-0.0030499154980058105,1.020153595307812
60.120000000000005,0.3932737316621312,-0.014520461387342865,0.9847440242237642
60.14,0.3618459630087294,-0.024807344951756686,0.9055738293318862
60.160000000000004,0.3273044439083902,-0.033246033995447566,0.7887571858596522
60.18,0.2901457209220882,-0.039342458629489555,0.6427374729865994
60.2,0.2509392916523168,-0.042800608993484854,0.47754456132205075
60.22,0.21037306591585817,-0.04353261126787784,0.30397646369164416
60.24,0.16932634055417567,-0.041651037205234435,0.13277633832949848
60.26,0.12897744805643677,-0.037444414151653116,-0.02612562675069821
60.28,0.09094028067042534,-0.03133811243680445,-0.1642421860948294
60.300000000000004,0.05739647405992537,-0.023844154978762466,-0.2749789646152496
60.32,0.031163070742608386,-0.015505087954673615,-0.3538697673693212
60.34,0.015657795402119295,-0.0068382991668613415,-0.3985860716690125
60.36,0.014836614466753582,0.00171345327538231,-0.40873471779612414
60.38,0.03328243996349324,0.009823014170145071,-0.3854746971266825
60.4,0.07634507602069497,0.017311632924177055,-0.3309860423683275
60.42,0.14880912138033794,0.0241613664744894,-0.24783855974729743
60.44,0.24781279719071606,0.03044080826921847,-0.13844793677231665
60.46,0.35097967289871385,0.03602614156865893,-0.0052109608798184895
60.480000000000004,0.42661191350944694,0.04028205631767569,0.1480038341569045
60.5,0.46629365854154425,0.042290543833133167,0.3140325052005882
60.52,0.481725497763057,0.041428989731600994,0.4824779007025404
60.54,0.48379059827241905,0.03757023503889284,0.6414508452836746
60.56,0.4777739581721594,0.03097905768408404,0.7793850333222538
60.58,0.4658412547396315,0.022184056055265237,0.8863374352115182
60.6,0.44897022736494,0.011883022467175186,0.9548453748341481
60.620000000000005,0.4277539373159825,0.0008658303886765465,0.9804457965283911
60.64,0.4026834478595507,-0.010055881260224284,0.9619012779540493
60.660000000000004,0.37424960482606434,-0.02011343796691985,0.9011554352710425
60.68,0.3429918318727991,-0.028637618610688212,0.8030447668359751
60.7,0.30953953357582276,-0.035103505620220486,0.6748067268765754
60.72,0.2746663370707327,-0.03916080342704621,0.5254366434416483
60.74,0.2393712223187626,-0.04064769968111846,0.36495581791972914
60.76,0.204998446160862,-0.03958747030348761,0.20365862088853548
60.78,0.17340169075878586,-0.03616822703394776,0.051407224766125637
60.800000000000004,0.14714037170029537,-0.030707530329442196,-0.08296156584301394
60.82,0.12966534821250694,-0.023605177232202616,-0.1920628813600418
60.84,0.1254079781225275,-0.01528942294958652,-0.27018624889474047
60.86,0.13958230305291416,-0.006164579933701796,-0.3133024035729391
60.88,0.17711438347480737,0.0034258501673391645,-0.3188849030511333
60.9,0.23922152397419535,0.013188743307730818,-0.28566363503016434
60.92,0.3170175552322212,0.02276944411295051,-0.21360556534853853
60.94,0.39032695685285373,0.03155475513904624,-0.1045531651290415
60.96,0.44249695924719307,0.038639921624222556,0.036565082430276515
60.980000000000004,0.4723233637485479,0.043129297444788696,0.2010891531739951
61.0,0.4864325739675257,0.04445011751694242,0.37735627854653647
61.02,0.4903304681566102,0.042430642621822764,0.5522209230024975
61.04,0.48689094667792554,0.03724618428497384,0.7125693144892191
61.06,0.47747085778577925,0.02934565405323329,0.846559896125789
61.08,0.46279837274249513,0.019382002213800112,0.9445777208465724
61.1,0.44337699676947606,0.008142855979031798,0.9999124230073506
61.120000000000005,0.41964106570600873,-0.0035203653404670236,1.0091554370094757
61.14,0.39201563100797676,-0.01476242075583426,0.9723142617127585
61.160000000000004,0.3609445022065365,-0.024809077423479917,0.8926556209288059
61.18,0.3269110109609445,-0.033012417251676016,0.7763069665860066
61.2,0.2904631446750186,-0.03889289323098459,0.6316621719156941
61.22,0.2522521034835467,-0.042165448273948046,0.46865017354461047
61.24,0.21309430303598315,-0.04274820752860039,0.2979337001170065
61.26,0.17406746946017726,-0.040753480241829565,0.13010872633664833
61.28,0.13664682592636665,-0.03646201461437394,-0.025026069488257204
61.300000000000004,0.10287141289250928,-0.030282708473784004,-0.15906681811588116
61.32,0.07550405917919079,-0.022701423903257575,-0.2654175434267195
61.34,0.058134863011601194,-0.014224085370482288,-0.3394851253504373
61.36,0.05521611719161529,-0.005320089468855781,-0.3786452901421265
61.38,0.07205706678680616,0.0036286227114605382,-0.3819919841084721
61.4,0.11447943826710082,0.01236671684208678,-0.34990348201955995
61.42,0.18632766913878293,0.020770025324348712,-0.2835070373501483
61.44,0.2812468660769018,0.028740300750133504,-0.18430904623123648
61.46,0.3745028066546556,0.03591663811084255,-0.05461853148039294
61.480000000000004,0.43968762620191515,0.04147451169390394,0.1008725686515671
61.5,0.47373876546075483,0.044463114419876,0.2737329197096459
61.52,0.48746344922136886,0.04429310900722234,0.4523438294806511
61.54,0.48945683328349127,0.040852190328366254,0.6236998886446042
61.56,0.4837853959161926,0.034406025072498084,0.7751425057490964
61.58,0.47215692444010615,0.025489951682350336,0.8956467432276491
61.6,0.45539013965647235,0.014823260833126902,0.97672318153741
61.620000000000005,0.4340115289058958,0.0032330451650062556,1.0129999406007095
61.64,0.4084636535474754,-0.008418923484526112,1.0025067828363285
61.660000000000004,0.3791781716819034,-0.019305479185539907,0.9466734510487946
61.68,0.34660729707586646,-0.02869591231190837,0.8500643883012626
61.7,0.3112464462311677,-0.036006451347024654,0.7198875589517405
61.72,0.2736622045735081,-0.04083612542745456,0.5653296647259882
61.74,0.23453581148632524,-0.04298584423768073,0.3967809550810886
61.76,0.1947327478074753,-0.04245974961019687,0.22501906446847772
61.78,0.15540817886652597,-0.039449112340851966,0.06042264394096426
61.800000000000004,0.118149818976643,-0.03430025496422204,-0.0877179463617219
61.82,0.08513867454266683,-0.027469286929624564,-0.21173409166245205
61.84,0.05928077088675276,-0.01946795560878204,-0.3059118480354232
61.86,0.04426437045780314,-0.010806343855299565,-0.3665998974309771
61.88,0.0445657410249041,-0.001938383998096105,-0.392092122168648
61.9,0.06547026804024002,0.0067855225449577755,-0.3823053534587628
61.92,0.11274266071054867,0.015153738044174478,-0.33828884608902504
61.940000000000005,0.18980547224974476,0.023090998584007726,-0.26165192792364883
61.96,0.288591121565622,0.030533415654005653,-0.15420689113440814
61.980000000000004,0.38202276583745964,0.037113541824553606,-0.018508626454331448
62.0,0.4444946464997462,0.041986607864162306,0.14042891880356642
62.02,0.4756739723219242,0.04423157393462701,0.31385926702637484
62.04,0.4873068363248313,0.043329086732807866,0.4900629508854381
62.06,0.48777557982283964,0.03923639072144119,0.6562224068746415
62.08,0.4808874397142448,0.03227322559951974,0.8001156915386114
62.1,0.4682292041587118,0.02301198446300983,0.9113367216423566
62.120000000000005,0.45057744875182276,0.012192220564873162,0.9821294889488902
62.14,0.4284492367563725,0.0006448798570702244,1.0079035493909347
62.160000000000004,0.40229213696854355,-0.010779788208879468,0.9874542697580231
62.18,0.3725522662780826,-0.02127955676422664,0.9229032640629626
62.2,0.3397065442606469,-0.030159218369565706,0.8193848806685463
62.22,0.304289759925429,-0.03687750374597364,0.6845196995637829
62.24,0.266930759415747,-0.04107891680705297,0.527729691313801
62.26,0.22840900105313416,-0.04260857640890473,0.3594595841388339
62.28,0.18974288028501102,-0.041509355138889655,0.19037423460759456
62.300000000000004,0.15231849366604427,-0.03800180901488139,0.030602226514135362
62.32,0.1180554591169538,-0.03244862429776321,-0.11090849053181275
62.34,0.0895823862612188,-0.02530669257096887,-0.2268667145661727
62.36,0.07037329562838134,-0.017071475193942948,-0.3119051796758331
62.38,0.06481193738427776,-0.008219524120588842,-0.36261946843309334
62.4,0.07818028120009275,0.0008448980277149867,-0.37738330375882084
62.42,0.11631236525113405,0.009832181664107082,-0.35596916018781144
62.440000000000005,0.1833746046331816,0.01857784147684076,-0.2990507971888885
62.46,0.27446172543189146,0.026954120061727125,-0.207829166501173
62.480000000000004,0.36709535027180357,0.034606601968912964,-0.08435945047975209
62.5,0.4345539084811114,0.040735191309607385,0.06700070195290064
62.52,0.4712761112822353,0.04437115994560557,0.23818169560837346
62.54,0.4869931450543469,0.04486502019349359,0.4177583457277294
62.56,0.4904335571683765,0.04203969195830665,0.5926589907616504
62.58,0.4859144929596703,0.03610805301472801,0.7499216407809285
62.6,0.4752703530213642,0.02756701868891548,0.8780354429501556
62.620000000000005,0.4593669954444196,0.017111933623955466,0.9679002948414989
62.64,0.43874444108785454,0.005560429316270866,1.0134668704456544
62.660000000000004,0.41384496592053266,-0.006221194888472136,1.0120779123321726
62.68,0.3850924743888716,-0.01738857346097053,0.9645201823132493
62.7,0.35292471252727975,-0.027183286817431988,0.8748058115477741
62.72,0.3178137079287021,-0.03498621300574425,0.7497176270273429
62.74,0.2802888525686143,-0.04035675946400507,0.5981683193645119
62.76,0.24097216780754377,-0.043055580816379,0.4304351137208595
62.78,0.20063554858166574,-0.043049613791728183,0.2573387537416384
62.800000000000004,0.16028997917558863,-0.040499495967784765,0.08943780200495244
62.82,0.12131129004891644,-0.035730637500427084,-0.06369341658430469
62.84,0.08558933495290977,-0.029190467995263966,-0.1940424408518277
62.86,0.05565824007675052,-0.021395839621034182,-0.29554400385760626
62.88,0.03475134350656322,-0.012876126094922152,-0.3642443012993172
62.9,0.026777710009777037,-0.004118294394337351,-0.3982395941337261
62.92,0.03633091901480268,0.0044813220136301875,-0.39740746081712536
62.940000000000005,0.06877537758693132,0.012656765775129161,-0.36296169760079716
62.96,0.12955869679305854,0.020296924148511315,-0.29687331112644194
62.980000000000004,0.21942780444062904,0.027411165763152855,-0.2012852222171473
63.0,0.32293740207341487,0.03392518298161677,-0.07836288847448414
63.02,0.4084279056719594,0.039330916349612006,0.0686611548369298
63.04,0.45843366351362763,0.04270742142519413,0.2335705855383496
63.06,0.48048660436335555,0.043269646647944485,0.4065444153077864
63.08,0.4865581973439624,0.04071321793930206,0.575549842380389
63.1,0.483314277243574,0.03517321272396468,0.7282585160951148
63.120000000000005,0.4735611625652193,0.027094338875256207,0.8535412701581339
63.14,0.45849947956093057,0.017128758438084653,0.9424920277873463
63.160000000000004,0.4387830841651821,0.006055114170638344,0.9890915766738818
63.18,0.4149030737711129,-0.005294795073963189,0.990565319028057
63.2,0.3873203923588738,-0.016104848265665737,0.9474565388541925
63.22,0.3565190020925457,-0.02563677813697867,0.8634365381722948
63.24,0.32303989892966334,-0.033282102720164616,0.7448853460556523
63.26,0.28751943812848646,-0.03860048110218315,0.600290870019701
63.28,0.25074584839308783,-0.04134205865695384,0.4395260142717925
63.300000000000004,0.21374638645447674,-0.04145248953636716,0.2730708207952731
63.32,0.17791577727568417,-0.039060506109849125,0.11124958242613292
63.34,0.14518764925071723,-0.0344491253380655,-0.03644901909596593
63.36,0.11822992923695973,-0.028012935883165533,-0.1619076981311258
63.38,0.10061835551420227,-0.020205481750941237,-0.25872407485450444
63.4,0.09692476357429947,-0.011482374030101331,-0.3223330517843592
63.42,0.11260145643289671,-0.0022473477880623344,-0.349904758999109
63.440000000000005,0.153140914005107,0.007186944471009191,-0.3400505022896809
63.46,0.22074066795532038,0.016592527331660056,-0.29244690426639897
63.480000000000004,0.30666013529353675,0.025706332631276158,-0.20768618071339692
63.5,0.3878480884128125,0.033985050015922,-0.0878903828522763
63.52,0.44425426327911993,0.04052339196370093,0.06187452506164495
63.54,0.4749347441219007,0.044396733551434156,0.23272545618548482
63.56,0.48837193353854186,0.04503680061049002,0.41271732117118953
63.58,0.49115673485858535,0.0423106988691191,0.5885156816639762
63.6,0.4865247446206828,0.03644549480583384,0.7470053993594394
63.620000000000005,0.4759205774382404,0.027940786678417366,0.8765515955768962
63.64,0.4600870656588431,0.017492306504895173,0.9679345186065593
63.660000000000004,0.4395264384470051,0.005918962450689439,1.0149880010754995
63.68,0.4146679787984096,-0.005909981427160935,1.0149463539846002
63.7,0.3859288418082905,-0.017145565737774288,0.9685031168599861
63.72,0.35374027966422683,-0.027023540445303314,0.8795982096323971
63.74,0.3185653787170603,-0.03491825888287813,0.7549671542514518
63.76,0.2809197894486351,-0.040382521591007484,0.6035018097611838
63.78,0.24140385055421745,-0.043170930486923255,0.43548410170981455
63.800000000000004,0.20075528672040371,-0.043245555712623646,0.2617615204870949
63.82,0.15993225057268154,-0.04076396344928735,0.09293544895651759
63.84,0.1202318244171901,-0.03605085579198674,-0.06136922904649589
63.86,0.08343239753326448,-0.029555810343415076,-0.19309222729284342
63.88,0.05191863030604054,-0.021801044077892972,-0.2961353868007391
63.9,0.02872869966629612,-0.013324717094608012,-0.3665402638595213
63.92,0.017509216814345287,-0.004626196930780787,-0.4024407579726266
63.940000000000005,0.0224890140794107,0.00388167930016215,-0.40380966819895403
63.96,0.04861473765790604,0.011912025397998204,-0.37203106067191855
63.980000000000004,0.10142134273160536,0.019333204064374818,-0.30933290405178904
64.0,0.18417115011838686,0.02616189457153046,-0.21815737693939927
64.02,0.28790705833244506,0.032425196817189014,-0.10077642475458659
64.04,0.38358416901661796,0.037817524918719536,0.04011036722346987
64.06,0.4453059286226004,0.041526274478560894,0.19952147250183494
64.08,0.4745888202821153,0.04267838234788765,0.368889621846131
64.1,0.4843557662571274,0.040826352873534935,0.536921287913166
64.12,0.48323312594081425,0.0359966317099175,0.6915151336302326
64.14,0.47502338494027346,0.02855947019057043,0.8214077207132896
64.16,0.46129675355422667,0.019114325466397998,0.9173072748900398
64.18,0.44283014127980524,0.008403750984171229,0.9726320523604681
64.2,0.4201555108434687,-0.002760961262156701,0.9839318102779844
64.22,0.39374974643104715,-0.013568823919748672,0.9510230202497314
64.24,0.36410687327344926,-0.02327204872462759,0.876859324795124
64.26,0.33177895616563274,-0.031239561921780915,0.7671679941831211
64.28,0.29741762020411067,-0.03699777580690421,0.6298967807471496
64.3,0.2618326513808364,-0.04025599008837226,0.4745277176671987
64.32000000000001,0.22608087007292735,-0.04091485205674455,0.3113228608048015
64.34,0.19159628133632975,-0.03905746227027233,0.15057095916693392
64.36,0.16036395328931613,-0.03492393106331874,0.001903283731452897
64.38,0.13511954886383654,-0.028871556577704474,-0.12625903569203561
64.4,0.11952525314952532,-0.021324427202493248,-0.22707566406899354
64.42,0.11823320061797865,-0.012718167196703826,-0.29544415079328007
64.44,0.13662841242558862,-0.003448198663997365,-0.3279395575545209
64.46000000000001,0.17954413133770503,0.006162936743648716,-0.32257771124562057
64.48,0.24721226268449192,0.015842414800863694,-0.2785417333783739
64.5,0.3283301275786831,0.02522945946516722,-0.19621383674551182
64.52,0.40090666465605285,0.03366676893823371,-0.07795742054137064
64.54,0.4499057324839953,0.04021746094216452,0.07060090327673335
64.56,0.4766221510828255,0.04401681390257045,0.24009593946021754
64.58,0.48841181746400464,0.04456494432113479,0.41838195095849345
64.6,0.4905525472361118,0.041767933912290646,0.5921403311995558
64.62,0.485648620954565,0.03586945223215291,0.7483785623837091
64.64,0.474918539896472,0.027374169402123703,0.875625100867642
64.66,0.45903451666538486,0.016976720083521586,0.9648303874420261
64.68,0.43847964165910347,0.005490991217800772,1.009985714218515
64.7,0.4136813966410905,-0.006221495433300655,1.0084569869321987
64.72,0.3850628860067269,-0.017321274507614417,0.9610345506717872
64.74,0.3530675768397296,-0.02705438340727898,0.8717152451360382
64.76,0.3181788328866125,-0.03480528310409382,0.7472503972763058
64.78,0.2809448011248661,-0.04013573883686206,0.5965092102046048
64.8,0.24201743880146104,-0.04280724686245433,0.4297189338585607
64.82000000000001,0.2022156109020296,-0.04278581894335695,0.25765042406696614
64.84,0.162622366852053,-0.04022916626594003,0.09081997995310631
64.86,0.1247204251299632,-0.03545753042157135,-0.06122422936597094
64.88,0.09055146996692691,-0.02891068230249288,-0.19047032590424293
64.9,0.06285687731357174,-0.021095087522117115,-0.2908176124560498
64.92,0.04514902375346397,-0.012526746683440141,-0.35822943918079186
64.94,0.04171839765732588,-0.0036758030536951963,-0.390659044100385
64.96000000000001,0.05765565700305875,0.005082413864028076,-0.38776553685652193
64.98,0.09870620545062152,0.013506039804449541,-0.35045270476160395
65.0,0.16935782799178073,0.02149745303726274,-0.28029729381176116
65.02,0.26523951471208274,0.029016443933526398,-0.17909358652894897
65.04,0.36298496645092587,0.03579893721376884,-0.04912218145716403
65.06,0.4334737634115776,0.04109518057162411,0.10532714734645489
65.08,0.4707290158404641,0.0439497324882468,0.27636605960874927
65.1,0.48577708521562957,0.04373455349955369,0.45280906324192194
65.12,0.48824528054415256,0.0403100579939244,0.6219461412682941
65.14,0.4827727350795159,0.03392721108088931,0.7713330442306872
65.16,0.47128364519528654,0.025111007012626127,0.8901112217441755
65.18,0.4546690780506606,0.014570678128756356,0.9699175202621082
65.2,0.4334811853777843,0.003122623049700556,1.0054648366207442
65.22,0.4081758600926656,-0.00838236260801388,0.9948241535461247
65.24,0.3791976362694752,-0.0191276118157376,0.9394232068329752
65.26,0.34701657051205276,-0.0283916036708394,0.8437847843361501
65.28,0.31215544115500476,-0.03559766858183477,0.7150423711432486
65.3,0.27522364918248615,-0.0403491795789639,0.5622850935442736
65.32000000000001,0.2369693569462631,-0.04244807191876847,0.3957947164470236
65.34,0.19836135401582808,-0.04189572029746733,0.2262437248512804
65.36,0.16071045584894847,-0.038876406576445144,0.0639249930019439
65.38,0.12583052887928262,-0.03372483008514556,-0.08191980640770709
65.4,0.09621729313751184,-0.02688045861980816,-0.20361433547442057
65.42,0.07519883334858882,-0.01883305484181661,-0.2953597734944354
65.44,0.06701690778384925,-0.010065067390570191,-0.3533207969467247
65.46000000000001,0.0768295907673525,-0.0009969510096904965,-0.3754850111594247
65.48,0.11045181912387197,0.008057939507827351,-0.36131999593842634
65.5,0.1725928254220212,0.016911603925223458,-0.3112934611870979
65.52,0.26042650093443587,0.025434990750926808,-0.22646031826638008
65.54,0.3542487860583765,0.033321576714033595,-0.1086402668645684
65.56,0.42626546176709657,0.03983218630291822,0.038290591268226974
65.58,0.4671844995559495,0.04398783759386735,0.20686331294363616
65.6,0.48553973745970563,0.04506777594526228,0.3860700073788541
65.62,0.4906196016009373,0.04282048122755777,0.5629510955017938
65.64,0.48728613219617134,0.03740116929036946,0.7243913157820986
65.66,0.477622703439692,0.029264855723628812,0.8585284044551765
65.68,0.4625850682179429,0.01907865782040846,0.9557709733681686
65.7,0.44274200216553106,0.007645076960973029,1.0094917681226172
65.72,0.41854297860843614,-0.004171907897774192,1.016420855045279
65.74,0.39041085509454343,-0.015518234807970967,0.9767474557729603
65.76,0.35877790379025776,-0.025615299244618705,0.8939465561488915
65.78,0.3241064938349489,-0.033815525502308735,0.7743619554483157
65.8,0.2869104577647974,-0.03964434925008925,0.6265931519120105
65.82000000000001,0.24778679129044098,-0.04282601074581941,0.46074600684058864
65.84,0.20746717979877022,-0.04329177285415886,0.28761513298747077
65.86,0.16689945625543037,-0.041170420690662776,0.1178690031208021
65.88,0.12736528616855503,-0.036762106020665306,-0.03869307594609142
65.9,0.0906253849372761,-0.030497828786501386,-0.17374965787880103
65.92,0.05905532275909915,-0.02288825912517749,-0.28088096108842703
65.94,0.035713746452271496,-0.014467187629636901,-0.35577520856971107
65.96000000000001,0.024321623138751435,-0.005735915146117853,-0.39620854612255235
65.98,0.029245479046172765,0.002886159014150091,-0.4018136431009938
66.0,0.05560080332853172,0.011102725978455654,-0.3736668941146132
66.02,0.10899209245703069,0.018770321348807375,-0.31373078443881525
66.04,0.1923065547172525,0.025887566315058737,-0.2242393281116322
66.06,0.29547665769179804,0.032446581944571465,-0.10735827291917305
66.08,0.38893933864464947,0.03808860267643106,0.034137279725644974
66.1,0.4483444732305881,0.04196537438616768,0.19499720580786367
66.12,0.47635417741966374,0.043207349180561176,0.3663247207214273
66.14,0.4856223972696798,0.041383173629427415,0.5365463832927513
66.16,0.48431602766150417,0.036530739988763196,0.6933375231919393
66.18,0.4760063904376025,0.02902835545927516,0.8252489893877533
66.2,0.46217691834107966,0.019483501504471094,0.9228347058059622
66.22,0.4435734476503537,0.008647937101856271,0.9793929727830067
66.24,0.42071404885326175,-0.0026567946995553057,0.9913926735469477
66.26,0.3940647979808906,-0.013609087653333695,0.9586114133769501
66.28,0.3641062663361213,-0.023451010251039593,0.8840057806601381
66.3,0.3313707472428922,-0.03154266598279653,0.7733441955430471
66.32000000000001,0.2964797984826792,-0.03740373248402444,0.6346469131771997
66.34,0.26019752826315107,-0.040739515420813194,0.47749012334118707
66.36,0.22351241077962578,-0.04144993280824643,0.3122396382172852
66.38,0.18775903011018072,-0.03962101461166967,0.1492836720395152
66.4,0.15478398681070077,-0.0354997111200486,-0.0016665211304424388
66.42,0.12714164350066484,-0.029454127866792832,-0.13214514735712488
66.44,0.10827775481097768,-0.021922853785520845,-0.23531799517470925
66.46000000000001,0.10263467876187292,-0.013358746198055235,-0.3061527173320643
66.48,0.11555743497653681,-0.004174324886992276,-0.34136470276077135
66.5,0.1525394547147981,0.005299795201917382,-0.3391652439785608
66.52,0.21624696676899358,0.014815343907971153,-0.29891112164964845
66.54,0.2994477500982216,0.024103341264417627,-0.22093435048997287
66.56,0.38071354013588493,0.032644011311015346,-0.10706180953154862
66.58,0.43923234128174277,0.03955794651152526,0.038051874946614335
66.6,0.47212695304355873,0.04390474137566581,0.20596248448240995
66.62,0.48719792288033975,0.04506722697010909,0.385024083848274
66.64,0.4911850319298937,0.042859194611687974,0.5619899512930027
66.66,0.4875316454828343,0.037461776277740125,0.7236326612887661
66.68,0.47778899769327676,0.029338084478658103,0.8580399773165673
66.7,0.4627421337649924,0.019157443884613382,0.9555887823839143
66.72,0.4429081094484063,0.007723068258253205,1.0096251614036582
66.74,0.4187206403663592,-0.004100479517885791,1.0168548918833042
66.76,0.3905973275740177,-0.0154583218784177,0.9774456602128543
66.78,0.3589681026674443,-0.025570768229732196,0.8948547320315006
66.8,0.32429353035270386,-0.03378895614694395,0.7754129642651837
66.82000000000001,0.28708522296689365,-0.03963694437279681,0.6277122804502908
66.84,0.24793687649988236,-0.04283763193870419,0.46185644658247293
66.86,0.2075750399889491,-0.04332110573330532,0.2886430574978079
66.88,0.16693959440492187,-0.041215266467377956,0.11874772981543058
66.9,0.1273002847374167,-0.036819790710014066,-0.0380203294899803
66.92,0.09040085580402606,-0.030565714015295217,-0.17332886465404163
66.94,0.05859410724313776,-0.022964327265271128,-0.28074857842392453
66.96000000000001,0.03490928702670752,-0.014550665498561295,-0.3559619011898337
66.98,0.02302869369478224,-0.005827916079616271,-0.3967454405577374
67.0,0.027265633000328384,0.0027819455236544697,-0.40274122789865846
67.02,0.052671375993614176,0.010979296782407656,-0.3750468129458335
67.04,0.1048436851346306,0.018617182805665548,-0.31565990370348435
67.06,0.1869857382587699,0.025694114343908836,-0.22685906775273662
67.08,0.2899806688593517,0.032215204432359625,-0.11083283957132639
67.1,0.3848695037376254,0.03785196432043489,0.029710526821577453
67.12,0.4461353232069956,0.04177647350315567,0.18970193600193064
67.14,0.47535223171563507,0.04310830731217784,0.36044333550209856
67.16,0.48524104174367694,0.041393711548333725,0.5304847726794615
67.18,0.4842829880924072,0.03665290309332159,0.687542917236494
67.2,0.476220097927135,0.029252094387262298,0.8201511331548349
67.22,0.46260051381137457,0.019790254741848888,0.9188051476213714
67.24,0.4441917212906209,0.009013296399963237,0.9767164893961363
67.26,0.4215188899785953,-0.0022606246818480916,0.9902488212834987
67.28,0.39505070364007994,-0.013210869931115797,0.9590658359561786
67.3,0.36526917815749094,-0.023078163948483447,0.8860110186103255
67.32000000000001,0.33270805164884965,-0.031219195994592684,0.776749306026454
67.34,0.2979908240111824,-0.037148532184870846,0.6392146652623341
67.36,0.26188433086040347,-0.04056514566333777,0.4829200580254311
67.38,0.22538077111423865,-0.04136194042743131,0.31819494725019043
67.4,0.1898196516692571,-0.039617809326578796,0.15541968470263118
67.42,0.15705401638480418,-0.03557297465748661,0.004325560517093083
67.44,0.12964686603951495,-0.02958968489982308,-0.12657628747607116
67.46000000000001,0.11105563220695563,-0.022101895796454055,-0.23038522653565505
67.48,0.10573561304968468,-0.013559294649543674,-0.30198681466384814
67.5,0.11903076504638882,-0.004372945164410866,-0.33800497452626965
67.52,0.15636509908886095,0.005125551280984854,-0.3365581814066794
67.54,0.22016088619555998,0.014682392501115969,-0.2969224284176817
67.56,0.30279303358482973,0.024015513883602155,-0.21938549738608
67.58,0.3828439999048147,0.03258760411421242,-0.10579449826639492
67.6,0.4402031280045619,0.03951141019909752,0.03911994786764856
67.62,0.47244041770501227,0.04385349061715129,0.2068379707455717
67.64,0.48723566256169537,0.045006890850641926,0.38567654867798984
67.66,0.49111957994194455,0.042791551190231605,0.5623852782011804
67.68,0.48742684712230677,0.03739118839636143,0.7237498714677566
67.7,0.47766862199863314,0.029269673813099355,0.8578774673531417
67.72,0.4626172496762223,0.019096191437076897,0.9551653706862504
67.74,0.44278620642854877,0.007673297312566011,1.0089784108128124
67.76,0.4186086088199513,-0.00413543600695983,1.0160377654717272
67.78,0.3905026590894796,-0.015476322464635452,0.9765221165037937
67.8,0.3588997288186747,-0.02557094254940593,0.89389475960859
67.82000000000001,0.324262826510226,-0.03377166466948174,0.7744875383732543
67.84,0.2871075024272641,-0.039603621647032926,0.6268887151923446
67.86,0.24803372694410217,-0.04279051912796889,0.46119459772677085
67.88,0.2077779527653419,-0.043262878742501246,0.2881928058750151
67.9,0.1672954055485833,-0.041148564170616186,0.11854815307302571
67.92,0.12787885227361107,-0.036746645777537446,-0.037939702454212576
67.94,0.09130505710764535,-0.03048689101464198,-0.17294433442550516
67.96000000000001,0.059971982358533266,-0.02287858131777686,-0.2800357432663685
67.98,0.03696912430092654,-0.014453937258936955,-0.35488602991503804
68.0,0.02606089282179467,-0.005712440240290328,-0.39524847322217266
68.02,0.031675418324487906,0.002928724430279567,-0.40072486993372564
68.04,0.05900057930511415,0.011175991358526594,-0.37235082977362316
68.06,0.11364097723710806,0.018888543202199543,-0.3120367398045266
68.08,0.19811560054888977,0.026063503379076976,-0.22195982627159994
68.1,0.3013263482102344,0.032676878839347785,-0.10426015744336266
68.12,0.393172219342624,0.03833634536700454,0.038209300403777194
68.14,0.45061852662124213,0.042173137767162444,0.19999888209096492
68.16,0.4773998290608892,0.0433300899650446,0.37199843554756584
68.18,0.486047865239545,0.04139892975620535,0.542501026563698
68.2,0.48439584228403226,0.03643533357577868,0.6991319669526255
68.22,0.4758404596120311,0.02882978082575583,0.8304511859087559
68.24,0.46179972116876616,0.0191984612233343,0.9270629318801525
68.26,0.44299754653972073,0.008299301398424568,0.9823454451061896
68.28,0.41994459766222864,-0.00304235183038353,0.992867484816622
68.3,0.3931038632350642,-0.01400345181461867,0.9585170174591394
68.32000000000001,0.3629537166511118,-0.023826926037072343,0.8823621133682958
68.34,0.330023831518534,-0.031875839904508124,0.7702749440351524
68.36,0.294932000787642,-0.037674606174688034,0.6303639921292379
68.38,0.25843679727818936,-0.04093460301801157,0.4722719006840951
68.4,0.22151870286071654,-0.041562655888654064,0.3064048012881944
68.42,0.18550104736998835,-0.0396520123644821,0.14316280359474698
68.44,0.15221493444403045,-0.0354566480070975,-0.007759587935996593
68.46000000000001,0.12419376088973776,-0.02935106277933022,-0.13794029988589535
68.48,0.10485581509382587,-0.021779267423546047,-0.2406125699473697
68.5,0.09861227316718219,-0.013198314824442607,-0.3108308138039519
68.52,0.1107949454983801,-0.00402335194138168,-0.3454110051041326
68.54,0.14698393931266462,0.005415063596700069,-0.3426708021649513
68.56,0.2102155697433013,0.014874835392747752,-0.3020625987946461
68.58,0.29395186329778544,0.02410510747097831,-0.2239671653949528
68.60000000000001,0.3769449395651681,0.032613880463946164,-0.11016410505914367
68.62,0.43733452881556606,0.039536874538005716,0.03483398621688366
68.64,0.4713900431357246,0.043923523595338076,0.20273297766225928
68.66,0.48700692490341274,0.045138085197565764,0.38197243478409854
68.68,0.4912447911975428,0.042981017427331736,0.5593255667144919
68.7,0.48772808841559834,0.03762588280601417,0.7215438781503554
68.72,0.47807791509237274,0.029531603265849707,0.8566711963920663
68.74,0.4631022929834884,0.019365356851313957,0.955028058323236
68.76,0.4433251093374149,0.007929747836957027,1.0098987892056077
68.78,0.4191815744332458,-0.003909958549657477,1.0179276540952475
68.8,0.3910887489044179,-0.015297061898330445,0.9792259461611023
68.82000000000001,0.35947479922643616,-0.025449160400137182,0.8972036920566175
68.84,0.32479721215386315,-0.03371407426716793,0.7781566683010667
68.86,0.2875626222262329,-0.039612258908116454,0.6306556706358685
68.88,0.2483567662780944,-0.042863064591532614,0.46479775650844896
68.9,0.20789355864527198,-0.043393428125441745,0.29138732363456415
68.92,0.1670931920965289,-0.04132883248059222,0.12111803529884373
68.94,0.12719580780726206,-0.036967578736656015,-0.036175170738186074
68.96000000000001,0.0899029416944204,-0.030740636408893775,-0.17213134576841416
68.98,0.057510782457489903,-0.023160734818373423,-0.2802951948551942
69.0,0.03297572019356889,-0.014765950962250201,-0.3563320937574295
69.02,0.019884584291998447,-0.006064157510928321,-0.3980170344501662
69.04,0.022418507667548503,0.0025162282571445957,-0.40501262260801985
69.06,0.045462430271290495,0.010667215078640116,-0.3784665967798312
69.08,0.0945613989269052,0.01823264848661788,-0.3204629546302909
69.10000000000001,0.17360256216551656,0.02520896897306289,-0.23339398809657788
69.12,0.27578141517477045,0.03163006735946856,-0.11951886592015326
69.14,0.3740052490054569,0.037242570876386855,0.018596097836463835
69.16,0.44009807037563276,0.041277043500661734,0.1763242451068765
69.18,0.47257886130158355,0.04283141259115215,0.3454849519985114
69.2,0.48415645926987344,0.04139475483766635,0.5149650695408198
69.22,0.48413080875866793,0.03694055508876047,0.6726037685843186
69.24,0.47671530531916134,0.029803022077564866,0.8069011323906224
69.26,0.4636403015638168,0.020558654147716383,0.9082120504045976
69.28,0.4457346749482494,0.009937823541796374,0.9695316134507083
69.3,0.4235436887281886,-0.0012505444464566491,0.9869575649851934
69.32000000000001,0.3975432488908118,-0.012188840772249743,0.9598631966021395
69.34,0.3682191374182795,-0.022114868453128635,0.8908015117998103
69.36,0.3361086408417279,-0.030377029527722005,0.7851696380846473
69.38,0.30183990104236125,-0.0364771645049559,0.6506761190144416
69.4,0.2661861652327504,-0.04009828314309755,0.4966663065348411
69.42,0.23014821380038716,-0.04111546236771887,0.3333701100229149
69.44,0.19507656955552644,-0.039589340037291816,0.17114096861761002
69.46000000000001,0.16283813422920723,-0.03574283898588846,0.01975480923840295
69.48,0.1360136311518476,-0.029923083498414074,-0.11216737804344934
69.5,0.11808303755038552,-0.022552041507458133,-0.21756061301775134
69.52,0.11352252077287332,-0.014071245988795729,-0.29110561680165453
69.54,0.1276540783284491,-0.0048881968587656975,-0.3291976916214421
69.56,0.16570244622642127,0.004662522882342627,-0.3297244690538895
69.58,0.229480348734092,0.014312495233692017,-0.29176396446464653
69.60000000000001,0.31049762105086265,0.023747302136475964,-0.21549900381993917
69.62,0.3875512836792173,0.03238954954508939,-0.1028250787301703
69.64,0.4422212763986304,0.03933728341553014,0.04135862938237166
69.66,0.4729940095368894,0.04367530224150533,0.20837698557549703
69.68,0.4872003529410298,0.044819807560612546,0.38648383653985313
69.7,0.49088282414964596,0.04260350470105486,0.5624385729219125
69.72,0.4871316349533719,0.03721449083177289,0.7230693770501473
69.74,0.4773694081931079,0.029116822000479756,0.8565339263069105
69.76,0.4623408873775399,0.018977877455757013,0.9532763615056614
69.78,0.442552096903214,0.007597381889874676,1.0066988613575192
69.8,0.41843539325181583,-0.004164441767744495,1.0135474540308507
69.82000000000001,0.3904111472347199,-0.015457403562280595,0.974011866164093
69.84,0.3589152371551384,-0.025506400410835933,0.8915527094896487
69.86,0.3244181767816981,-0.03366664112794317,0.7724867362740384
69.88,0.28744755405562117,-0.03946535845692533,0.6253771543791714
69.9,0.2486224577243604,-0.04262738578630005,0.4602886894157273
69.92,0.2087094062472564,-0.04308319498396092,0.2879751579447406
69.94,0.16871002684180567,-0.04095923003974309,0.11907044532617178
69.96000000000001,0.12998648369910565,-0.03655157836587559,-0.036647978386229185
69.98,0.0944149904553244,-0.0302852651711618,-0.17086048917046484
70.0,0.06452999995775004,-0.022662886403969344,-0.27712109210949437
70.02,0.04360448756835922,-0.014207855848997175,-0.3510549739605515
70.04,0.035653619775003,-0.00540844068071301,-0.3903285931702121
70.06,0.04544644420951362,0.0033323485285487054,-0.3944063641752634
70.08,0.07852152232730347,0.011738145129633396,-0.3641234030532382
70.10000000000001,0.14024198104999674,0.019682611277487466,-0.3011220426693679
70.12,0.23046999859936343,0.02714652475379238,-0.20729958540917395
70.14,0.33222464183695954,0.03399950803510801,-0.08474209903677409
70.16,0.4142489844152768,0.03966575429300136,0.06313440941629977
70.18,0.46150025743477857,0.04319927775820985,0.22972991222921188
70.2,0.4822467989733471,0.04383329805941406,0.4048390023958225
70.22,0.48783289604241675,0.04128503770827945,0.5761339903471581
70.24,0.4844002123739361,0.03570265257182779,0.7310604161054024
70.26,0.4745289427444228,0.027540097919282375,0.8583058559603024
70.28,0.4593398159812704,0.017458737864237246,0.948817149973054
70.3,0.4394583154059271,0.006247438910529136,0.9964667955336785
70.32000000000001,0.41536193419047646,-0.005251024311593272,0.998414506230397
70.34,0.3874997585165246,-0.016209554706220933,0.955182065208459
70.36,0.35634007999840694,-0.025879782420592648,0.8704617232577168
70.38,0.3224003379936987,-0.033644841702954904,0.7506916993768109
70.4,0.28628056397773693,-0.039058476515009065,0.6044469192688636
70.42,0.24871305493253698,-0.04186801534094673,0.44170495882186234
70.44,0.21064010866558178,-0.04201990577949429,0.27305473139043795
70.46000000000001,0.17333065734619146,-0.039647695274592484,0.1089183060127629
70.48,0.13853910839786945,-0.035043554913954,-0.04114570936513666
70.5,0.10869042276289195,-0.028615757918105347,-0.16899574501192574
70.52,0.08704979214225156,-0.02083603897149719,-0.26826894642570537
70.54,0.0778278614542657,-0.012182253504523687,-0.3345208838312384
70.56,0.08618303983331688,-0.0030826283880752807,-0.3651369119367847
70.58,0.1179087581546107,0.006130802572074345,-0.35903568237704797
70.60000000000001,0.1776200006882603,0.015241434923797311,-0.31623085078716623
70.62,0.26256000582574135,0.024084543699916732,-0.2374538588669242
70.64,0.35388886385224944,0.032323357234247674,-0.12433904531912639
70.66,0.42492130628439906,0.03920943679225254,0.019341846696549536
70.68,0.4661253106472399,0.04376261791164009,0.18621282807151274
70.7,0.4851879596048423,0.04524615019065778,0.3653281465065839
70.72,0.4909931600172441,0.04338043755176083,0.5436982564278507
70.74,0.4883189106930527,0.0382917026759469,0.7080608616108441
70.76,0.4792473205154723,0.03041092222177208,0.8462994468100254
70.78,0.464740754081861,0.020388399589758556,0.9484862094422147
70.8,0.44537082313120574,0.009017943126023473,1.0076063060397107
70.82000000000001,0.42158625550937107,-0.0028368943255868816,1.0199840355895269
70.84,0.3938063459299136,-0.014314695734177462,0.9854169715091791
70.86,0.3624569021026712,-0.02462277334238859,0.907031764618778
70.88,0.32798990814639867,-0.03309426509234463,0.790891192847851
70.9,0.29090273542081163,-0.03923198986349904,0.6453982071055268
70.92,0.25176611159112966,-0.04273632300075161,0.480555799115417
70.94,0.21126979742114282,-0.04351556958146252,0.3071500743418958
70.96000000000001,0.17029584552667348,-0.04167856595419827,0.13592749052427996
70.98,0.1300267047865952,-0.03751045204567441,-0.023164139218782673
71.0,0.09208259940544007,-0.031433767447429095,-0.16160744992114828
71.02,0.058655407699608295,-0.023958391348070412,-0.27276797049615664
71.04,0.03257947129926035,-0.015625437344184135,-0.35213227018298315
71.06,0.017301833616926998,-0.006951461197744962,-0.3973201229842983
71.08,0.016825607607822195,0.001621269135080367,-0.407884130497333
71.10000000000001,0.035799366915635,0.00976609782337926,-0.3849271800634211
71.12,0.07962666886341564,0.017304898131811925,-0.3305708677594241
71.14,0.15299023771423342,0.024219072045121456,-0.24732562940493977
71.16,0.2524639555215808,0.03056948695957646,-0.13756163967889062
71.18,0.3548856670704769,0.03620985146295451,-0.003689560926588691
71.2,0.42898620759914297,0.04047955615249439,0.15030349320849856
71.22,0.46748858112213804,0.04245845726140692,0.3170752664760944
71.24,0.4823097270323377,0.04153906668318771,0.48608333506089274
71.26,0.4840688773860963,0.03760877196824998,0.6453561668460338
71.28,0.47786115444197985,0.030942448931527627,0.7832940716998845
71.3,0.4657733199481324,0.022076024441395947,0.8899549187895796
71.32000000000001,0.44875547301164953,0.011712979513023221,0.9579027683576793
71.34,0.4273910976714245,0.0006475083075124311,0.9827213091689216
71.36,0.40216716925420337,-0.010305850058943886,0.9632343388777636
71.38,0.37357157405909097,-0.020377030349742767,0.9014552968951217
71.4,0.34214022134212485,-0.028896950735285528,0.8022929989764469
71.42,0.30849749836312934,-0.03534228784012533,0.6730537086859416
71.44,0.27340966125947347,-0.03936562868742809,0.5227925407667677
71.46000000000001,0.2378650272022686,-0.040809092291721805,0.36157686581498927
71.48,0.20319290679893773,-0.0397006461960803,0.1997297759771965
71.5,0.17122694477200484,-0.0362335406944038,0.04712239848926453
71.52,0.14450135436155204,-0.030730600965986656,-0.08742042110415982
71.54,0.12643873878408965,-0.023596686181939837,-0.19654653971761363
71.56,0.1214484861923015,-0.015264518981098015,-0.27459742671604154
71.58,0.13476234394815922,-0.0061415884239987215,-0.3176113855979652
71.60000000000001,0.17145939240838792,0.0034284541338959204,-0.3231370810804515
71.62,0.23320517623217837,0.013159375826734251,-0.289967805495106
71.64,0.31175001238998723,0.022715178073160702,-0.2180836425601608
71.66,0.38685513928780196,0.03150698222393372,-0.10924878469110355
71.68,0.44080297607555075,0.038638302322227265,0.03175887842616377
71.7,0.47172000044855594,0.04319928772497691,0.19641468516034227
71.72,0.4863677803028131,0.04459752262350093,0.3731174252631109
71.74,0.49053627766642216,0.04264721233924666,0.5487144370406806
71.76,0.4872568546401701,0.03751535098538679,0.7100407691741127
71.78,0.4779477559040713,0.029646270714713954,0.8451784350014141
71.8,0.46335754837912396,0.019690951877915794,0.9444231926350627
71.82000000000001,0.4439955293938716,0.008437173693456767,1.0009718582321814
71.84,0.4202965854693159,-0.003261674008502264,1.0113273909805565
71.86,0.39268385411047335,-0.014556882491939448,0.9754198091906902
71.88,0.36159722212915346,-0.024669645744688006,0.8964545806261721
71.9,0.3275135496101318,-0.03294682442546848,0.7805176511258299
71.92,0.2909705233520852,-0.03890350189823078,0.6359827404190331
71.94,0.25260306991962245,-0.042249619347266426,0.4727795467083905
71.96000000000001,0.21320211953399668,-0.042899179071107005,0.3015899769400197
71.98,0.17380627128049042,-0.04096173539979157,0.13304309746038448
72.0,0.13583273733499107,-0.03671710046370484,-0.023021798120768697
72.02,0.10123863740245559,-0.030575441415764053,-0.1581607776899782
72.04,0.07267700761971634,-0.023026376692986603,-0.26574778153632417
72.06,0.053595941456568666,-0.01458222343171097,-0.341179874932717
72.08,0.04826716581304709,-0.005721452184752778,-0.38185390153622545
72.10000000000001,0.06179697627647055,0.0031624095845841273,-0.38692640667108696
72.12,0.0999610165186887,0.011801787326980579,-0.3568872466106562
72.14,0.167435242399166,0.020069417536672306,-0.29301176822805247
72.16,0.26072937129685486,0.02790175250335086,-0.19690408933903442
72.18,0.35801372700697276,0.035035088186318064,-0.07070520466996572
72.2,0.4301013157429379,0.04073521235168801,0.08147813138256661
72.22,0.4692585386293823,0.044035413251892495,0.25196046984390214
72.24,0.48569963639049346,0.044266577001969586,0.4296464080835761
72.26,0.48915148451048857,0.041245148021642974,0.601738575170883
72.28,0.4844423610791056,0.035187429020202665,0.7555467150944543
72.3,0.4735900852099633,0.026594413153834807,0.8798490202802737
72.32000000000001,0.4575193242815213,0.016161683838712394,0.9658438734713225
72.34,0.43679076325969735,0.004702043562148227,1.0077713445835934
72.36,0.4118582886897594,-0.006927852824873229,1.0032343970866457
72.38,0.38315815995921276,-0.01789715206065687,0.9532333092408944
72.4,0.3511458668454631,-0.02746349388673905,0.8619341029261383
72.42,0.3163208904579384,-0.03502483639751118,0.7362066870567723
72.44,0.2792558446582459,-0.040157069306651354,0.5849831642491891
72.46000000000001,0.24064095416687425,-0.042635103451249774,0.41849815679497365
72.48,0.20135480879749118,-0.04243632121319526,0.24747988458959788
72.5,0.16257165261189768,-0.039726486658875945,0.08236275499239418
72.52,0.1259079828252705,-0.03482942209129947,-0.06741057884094058
72.54,0.0935913714233326,-0.028183058136948404,-0.19393750585244052
72.56,0.06860781311689856,-0.02028596794964939,-0.2912072779554016
72.58,0.054782061080143565,-0.011639941894474311,-0.3552290249723215
72.60000000000001,0.05679926981018876,-0.002694586445523913,-0.38393223958271566
72.62,0.08017423211504461,0.006201038629102806,-0.37685817218567813
72.64,0.13061219119622067,0.014831770471973298,-0.33468311394537037
72.66,0.21029070658140803,0.023101237037868674,-0.25868542459727717
72.68,0.3080771729131295,0.030877382925593576,-0.15051429751432446
72.7,0.3956686909056222,0.037676758261985854,-0.012945386202367022
72.72,0.451698112192533,0.04258627666310662,0.14837791960931013
72.74,0.47903560382076754,0.04471899786166328,0.324020595168401
72.76,0.4888839038123139,0.04362080549360263,0.5018011291155418
72.78,0.48847437314308384,0.03929649039084975,0.6686703450708353
72.8,0.4810216045217817,0.03209655556041507,0.8123281529532516
72.82000000000001,0.46789259429647967,0.022615511638867446,0.9223941350852977
72.84,0.44979072747747073,0.0116099222568085,0.9912156638478536
72.86,0.4272076899419406,-7.668166663919772e-05,1.0143648651211292
72.88,0.40057906054112236,-0.011586089624565218,0.9908408675426973
72.9,0.3703405950132263,-0.022112971161545262,0.9229912215522966
72.92,0.3369554274425793,-0.030963865899853192,0.8161788733442814
72.94,0.30093736982323177,-0.03760380137163438,0.6782367658888725
72.96000000000001,0.262882592218528,-0.0416875702194645,0.518765840633064
72.98,0.22351988832768788,-0.04307383976287139,0.34834186005862794
73.0,0.1837902813127968,-0.04182149178521569,0.1777013344675979
73.02,0.14496445668713243,-0.0381688014386793,0.016976814069014544
73.04,0.10879495292848732,-0.032497284631847576,-0.12495304812988406
73.06,0.0776754940047746,-0.025283406888548802,-0.24094322915342478
73.08,0.05475606445310986,-0.01704290046582617,-0.32585228231347674
73.10000000000001,0.04398122080628426,-0.008273660452702563,-0.37658464033268035
73.12,0.05009884963043679,0.0005971321102162552,-0.3919113588379604
73.14,0.07864993214568476,0.00925772349463735,-0.37209446737339824
73.16,0.13518876124244947,0.01753995134369569,-0.3183599895251122
73.18,0.220756473859284,0.025390122937894735,-0.2323489914436307
73.2,0.32114111012625773,0.032680945415856755,-0.11596500979946714
73.22,0.40610438157364537,0.038880652125510624,0.027665889661411897
73.24,0.4574267895610113,0.04305250026253867,0.19236973915388628
73.26,0.48110593927152906,0.04436949045046925,0.3682563327544592
73.28,0.48857163234162376,0.04247041525828492,0.5430174846008129
73.3,0.48647670942061577,0.037440050823547344,0.7038303726467218
73.32000000000001,0.4776773094930357,0.029687701786675826,0.8388987071157566
73.34,0.4633977532476285,0.019846955566230395,0.9385411123263218
73.36,0.4442950000199807,0.008694727927001343,0.995922661937663
73.38,0.4208507753431921,-0.0029231695500589105,1.0074781656282492
73.4,0.39350601529344115,-0.014163032478278416,0.9730443973778832
73.42,0.3627116081932474,-0.024248545542457648,0.8957185822233115
73.44,0.3289564109803613,-0.0325265376740914,0.7814735136043498
73.46000000000001,0.2927952462082653,-0.03850961863594575,0.6385748154513738
73.48,0.2548892705582118,-0.041903003781317075,0.4768585679790887
73.5,0.21606982907690794,-0.042613984369985015,0.30693603050600937
73.52,0.1774368971334753,-0.04074370974311968,0.13939594873385938
73.54,0.14049844693755437,-0.036562151599982884,-0.01592613817753849
73.56,0.10734131837354143,-0.03046838159694284,-0.1505481370233727
73.58,0.08079812017084846,-0.022939738969523137,-0.25775907543492044
73.60000000000001,0.064560716933202,-0.014474996853325477,-0.3328195193988226
73.62,0.0632225905676067,-0.005537540606666167,-0.3729326692088365
73.64,0.0822430235616961,0.0034957451360725037,-0.3769977547729417
73.66,0.12740424723162896,0.012371983426626558,-0.3451820302344744
73.68,0.20169886604077453,0.020957919086067537,-0.2784098764065626
73.7,0.2964998887147985,0.02911276641972026,-0.17807950777794246
73.72,0.38569970893022426,0.036392862590765206,-0.04665052753338329
73.74,0.44576652083473156,0.04191659286915735,0.11072361727373611
73.76,0.4765052039571623,0.04475575543499317,0.2850826101176497
73.78,0.4886006027537483,0.04437590193605165,0.4644562411534512
73.8,0.48976212000566527,0.04070783837149368,0.6356895325323275
73.82000000000001,0.4835543744413461,0.03404556958777093,0.7861151893401599
73.84,0.47149243606733415,0.024944023620049157,0.9047938271040273
73.86,0.4543306288247773,0.014136365438467363,0.9833879981124483
73.88,0.43257436503939906,0.0024586120534207004,1.0167233179203499
73.9,0.40665830800928515,-0.009223414753085243,1.003052987664676
73.92,0.37700944709344575,-0.02008327589604361,0.9440367670681212
73.94,0.3440749452133305,-0.02939542238653619,0.8444571797308824
73.96000000000001,0.30834287249277104,-0.03658505990397631,0.7117117471185961
73.98,0.2703684063219207,-0.04126316757679314,0.5551345626628585
74.0,0.230815060337778,-0.043244589379508994,0.38521115539326084
74.02,0.19052113798665574,-0.04254835030650697,0.21275646232676887
74.04,0.15060083744897912,-0.03938057356865868,0.048126659392559445
74.06,0.11258116824523627,-0.03410157900693332,-0.09946830676454647
74.08,0.0785542207131173,-0.027180042836251285,-0.22249350346249241
74.10000000000001,0.051295635959482166,-0.019138620831333022,-0.31541562508720616
74.12,0.034300519990750594,-0.010496889183176055,-0.37480462128768655
74.14,0.031764128548921154,-0.001717670540470721,-0.39921205091012163
74.16,0.04862435996422337,0.006839340498498311,-0.3888485698538495
74.18,0.09051900519084985,0.014954294991978506,-0.34509387498981875
74.2,0.1620740352163325,0.02255860880722781,-0.26989934838455637
74.22,0.2594137519381942,0.029651926485289876,-0.16529749255893128
74.24,0.35930428344333165,0.03601889947538994,-0.033626235416394534
74.26,0.4315751279004831,0.04094560982099738,0.12094567994948341
74.28,0.469549307030582,0.043486722611978335,0.29074042075394163
74.3,0.4846189101165175,0.04301743220161096,0.46480233809940125
74.32000000000001,0.4868626809713025,0.03940580327590887,0.6306728142299198
74.34,0.48112985353681414,0.03291116665242059,0.7761929221935397
74.36,0.4694182622792514,0.02406313044375818,0.8908164051987079
74.38,0.45264413696149725,0.01356996977732089,0.9664999781874879
74.4,0.4313713414938778,0.002241400628029977,0.9982610022304864
74.42,0.40606616390976585,-0.00908347775653471,0.9844378312054064
74.44,0.3771871957318176,-0.019603498903601062,0.9266707149702341
74.46000000000001,0.345225825367229,-0.02861493271909018,0.8296278325533843
74.48,0.310737950395684,-0.03555950764591381,0.7005151055035294
74.5,0.2743845934201343,-0.04005785849812073,0.548422195431388
74.52,0.2369939965480611,-0.04192632715377964,0.3835675040099461
74.54,0.19965726302784678,-0.04117620734603025,0.2165109772687439
74.56,0.1638666104140098,-0.03799571818320022,0.05740476924360878
74.58,0.13169330254652575,-0.03271623231509147,-0.0846517689474702
74.60000000000001,0.10597874016835701,-0.025765688082155513,-0.20209514598191974
74.62,0.0904887860332491,-0.017613702022440083,-0.2891760662444973
74.64,0.08997589386764203,-0.008714329265427787,-0.3420113423203747
74.66,0.11002872879338911,0.0005463104552566908,-0.35841381917932963
74.68,0.15606637383240643,0.00988495665798348,-0.3375412893036517
74.7,0.2293584235823698,0.019102583545588483,-0.2794937174928783
74.72,0.3185977218938511,0.027936857232668824,-0.18521607573709864
74.74,0.39862133036536473,0.03580009065236702,-0.05727461058348986
74.76,0.45130251536241967,0.041752696894491306,0.098634078225112
74.78,0.478595553828073,0.04490627959117921,0.27299508336034894
74.8,0.4896578887637879,0.04477183267718103,0.45348043913823427
74.82000000000001,0.4907161623339177,0.04129573198112534,0.626698906904377
74.84,0.48467888659244246,0.03477063859942486,0.7797695979954623
74.86,0.4728385952554882,0.025746633746537743,0.9015241172158535
74.88,0.4558809003804941,0.014954388207060998,0.9833802575211626
74.9,0.43428894506401544,0.00323157946728447,1.019916971847285
74.92,0.4084872138141529,-0.008550015397767563,1.009156136119356
74.94,0.37889383764282464,-0.01955429528214991,0.9525576922376794
74.96000000000001,0.3459441727833667,-0.02904331464191659,0.8547488319636444
74.98,0.31010832261494226,-0.03642834503223947,0.7230248309613364
75.0,0.2719131712827386,-0.04130621245162733,0.5666741622549155
75.02,0.23197735292248214,-0.043478750469273755,0.3961915158814577
75.04,0.19106855322903507,-0.0429544625806904,0.2224484948946946
75.06,0.15019251856692453,-0.03993272514645339,0.055892891814239246
75.08,0.11071654408211312,-0.034772059617023586,-0.09415627488515865
75.10000000000001,0.07451030944044731,-0.027945264264062058,-0.22005937093190864
75.12,0.04405587770324859,-0.019985685284054484,-0.31620786147188973
75.14,0.02246732614647699,-0.011430471132817283,-0.3791529199492456
75.16,0.01342506595220173,-0.0027672402747917152,-0.4075118767383534
75.18,0.021164858659389392,0.0056114195114697904,-0.4016761875320106
75.2,0.050650679609068716,0.013445208279969343,-0.36335423397898764
75.22,0.10735550211865051,0.020632770004472258,-0.2949832506445593
75.24,0.19382388442897078,0.02721615587243554,-0.1990983850010727
75.26,0.2988989854119466,0.033219382690651326,-0.07800991928204618
75.28,0.39194115797578805,0.03829119039339302,0.06544156780177635
75.3,0.44956979117537094,0.04158941695047121,0.22595345897882996
75.32000000000001,0.4759302035549735,0.042279471700298235,0.3946562965627645
75.34,0.4839991654377991,0.03997828507889826,0.5601799619198784
75.36,0.4817997139781333,0.034763866334287755,0.7105839940710512
75.38,0.47279019397574645,0.027040786741301254,0.8349365807240569
75.4,0.4584106656605585,0.017428975054777217,0.9243861910904725
75.42,0.43939781028487473,0.006679614334469374,0.9728490961375009
75.44,0.4162760183694614,-0.004398137193485288,0.9773857251205275
75.46000000000001,0.3895279627256783,-0.015005022029051969,0.9382950358713641
75.48,0.35966204477251906,-0.024412941835012525,0.8589496854903551
75.5,0.3272541177539371,-0.03201634291130245,0.7454047564834738
75.52,0.2929929177960123,-0.0373704778754065,0.6058262091193592
75.54,0.2577452793624469,-0.04021407787400557,0.44979681274784505
75.56,0.22265422228770568,-0.040475035465998975,0.2875650903997802
75.58,0.18927976086754708,-0.03825886035584778,0.12930610701739023
75.60000000000001,0.15978131317433686,-0.03382091297413402,-0.015538563680951425
75.62,0.13711672569987216,-0.02752485071943251,-0.13878115133312802
75.64,0.12519717935931937,-0.019791466309282163,-0.23382084830128577
75.66,0.1288796683572874,-0.01104426873926947,-0.29576325105574724
75.68,0.1534829107816833,-0.0016618214905301733,-0.32133126215932023
75.7,0.20285988521341258,0.008042775472790895,-0.3086296578908813
75.72,0.27435970502344964,0.017770776088838102,-0.25695138460599465
75.74,0.3530125196201864,0.02707127248287356,-0.16701742930372526
75.76,0.4177264701748411,0.03517731242707687,-0.04196399756335337
75.78,0.45888811149559905,0.04113866340435158,0.11153214393777616
75.8,0.48051718891525896,0.04418492345680751,0.28324005688789017
75.82000000000001,0.48933868076862036,0.043933080252875484,0.4605967936833659
75.84,0.4895533961520362,0.04038340977756723,0.6302937394720306
75.86,0.48318392422116274,0.03384878788775481,0.7796734510620039
75.88,0.4712187028508982,0.02488284839153927,0.897834642279105
75.9,0.454250977512816,0.014210953099043626,0.9764571130688523
75.92,0.4327405809212577,0.002659964620798029,1.0103487997071998
75.94,0.40711266599466683,-0.00891271270004278,0.9977096217259381
75.96000000000001,0.3777980478400767,-0.019687282562683976,0.9401156805539941
75.98,0.34525587784278977,-0.028942456922536903,0.8422438789111304
76.0,0.3099951888696482,-0.03610496386082669,0.7113744654764383
76.02,0.27260499264126986,-0.04078439355281968,0.5567239618138053
76.04,0.23380221632669523,-0.04279124909112565,0.38867178711282535
76.06,0.19450806299221196,-0.04213729226003997,0.21794999089665068
76.08,0.1559622950085029,-0.03901849066060474,0.05486670229298965
76.10000000000001,0.11987567670842018,-0.03378208810350815,-0.09136973839844224
76.12,0.08859880968788919,-0.02688065248235872,-0.21316768798568014
76.14,0.06526026114704599,-0.018817486345125277,-0.30486630167034334
76.16,0.05383391255817703,-0.010089138918612895,-0.3628234337414062
76.18,0.05915520837059542,-0.001130900719149396,-0.38527775901704736
76.2,0.0868575092324431,0.007729791963490363,-0.37200701773652395
76.22,0.14245027695305718,0.01630200230092958,-0.3238295941762705
76.24,0.2266433023748209,0.024499998917264426,-0.2420874792532381
76.26,0.3249563027161607,0.032154621101625126,-0.12853443585889504
76.28,0.4078901641000062,0.038697024410099055,0.013687358332508826
76.3,0.4581983275405594,0.04317678281372251,0.1782843992283445
76.32000000000001,0.4817363621012536,0.044764809631817414,0.3552232585350834
76.34,0.4894212694904936,0.043092666821762646,0.5320360767805424
76.36,0.48762834504070884,0.03823389222108947,0.6957014348610377
76.38,0.4791162288440599,0.03058807379066107,0.8341810764074145
76.4,0.4650792234103312,0.020783542801053625,0.9375211529467701
76.42,0.4461637422726054,0.009597333176394347,0.9986038960173679
76.44,0.42284481685714914,-0.0021193625670825732,1.013592421377666
76.46000000000001,0.3955553518297752,-0.013512887704428177,0.9820827786274722
76.48,0.36473424475201194,-0.02379347787110355,0.9069786793755523
76.5,0.3308517001661806,-0.0322923504012411,0.794118001620639
76.52,0.2944332446644593,-0.03850583131132262,0.6516957574170995
76.54,0.2560939067584605,-0.042123736752912914,0.4895413026736677
76.56,0.21659282681719927,-0.043040393562025686,0.3183164090772804
76.58,0.17691902540829393,-0.041347909839467616,0.1487048267410277
76.60000000000001,0.13841566240082556,-0.03731251378425128,-0.009336898977159003
76.62,0.10293632096938879,-0.03133601304101953,-0.14720330388500824
76.64,0.07300065315470773,-0.023905828890909427,-0.25808545807285754
76.66,0.05189677682381139,-0.015538617419323416,-0.3372018162175694
76.68,0.04370861328123038,-0.006723538691548843,-0.3818008058449677
76.7,0.05332768035946567,0.002129447899689047,-0.3909450831469772
76.72,0.08640448957799225,0.010732401167509287,-0.36510533329235967
76.74,0.14820911195596206,0.0189421058390502,-0.30561548805753463
76.76,0.23799469001134566,0.02671171219934657,-0.2141507389136993
76.78,0.3379869129914272,0.033866227250659714,-0.09271936091822021
76.8,0.4175744049280397,0.039784432238656325,0.05514916108172714
76.82000000000001,0.4632042334539802,0.043506130235789815,0.22261594238101545
76.84,0.48332673819534044,0.044273282497171336,0.39923541960185305
76.86,0.48878288909125944,0.041810310330859336,0.5724763653873532
76.88,0.485377697343823,0.036267277393859654,0.7295977903527485
76.9,0.4755566607062398,0.028099151120597212,0.8591052397728073
76.92,0.46039456366311166,0.017970127647560737,0.9517707095164598
76.94,0.4405003351641689,0.006674454902381107,1.0013082457176596
76.96000000000001,0.4163425248807358,-0.004937399915289239,1.0047454290712199
76.98,0.3883612191235773,-0.01602899773411203,0.962506240296544
77.0,0.35701208471477847,-0.025841828863455523,0.878224392936141
77.02,0.3227932312865078,-0.03374901663047482,0.7583201835763297
77.04,0.2862745618037495,-0.03929535609340887,0.6113888419929476
77.06,0.24814141337793977,-0.04222118488839321,0.44746041718834684
77.08,0.2092636701781948,-0.042468753979818724,0.2771989381753597
77.10000000000001,0.17080114434331234,-0.04017097528800017,0.11111149718706811
77.12,0.1343497468971209,-0.03562362911932908,-0.04116401137964005
77.14,0.10211495041852678,-0.029243399206672568,-0.17143061413305846
77.16,0.07707270132953217,-0.021515584356221362,-0.2733139272474985
77.18,0.0630701050781319,-0.012936828369760829,-0.3424227300520981
77.2,0.06485714476656697,-0.003958902337559209,-0.3762805913643724
77.22,0.08801979434180655,0.00506081053830665,-0.37404412603563114
77.24,0.1382081177278512,0.01389267268027446,-0.3360501745979893
77.26,0.21719695876502526,0.022416547363229497,-0.26331245027568495
77.28,0.3132648702127538,0.03046311967625065,-0.15733721587084448
77.3,0.3985212342392357,0.037508786530496795,-0.02091999583831209
77.32000000000001,0.4529271235886695,0.0426240945157433,0.14015612469736044
77.34,0.47965965897103297,0.04492738227876745,0.31630177928929737
77.36,0.4894438005279853,0.043968588117887494,0.4952051849847737
77.38,0.4891502309204551,0.039749969788761504,0.663688926613977
77.4,0.4818475885755845,0.03261754493967525,0.8093090502540526
77.42,0.4688552212483293,0.023162833382353275,0.921525598311656
77.44,0.45086131220710324,0.012142212047443472,0.9925198460705668
77.46000000000001,0.42835115880477964,0.00040204295602348154,1.0177031469811888
77.48,0.40175516122617594,-0.011193917601936734,0.9959307680200039
77.5,0.37150226771764017,-0.021832665205952922,0.9294330669917445
77.52,0.3380452836052371,-0.030811698001522343,0.8234895028434764
77.54,0.30188183723377815,-0.037586498078970014,0.6858870038385855
77.56,0.26358252163702844,-0.04180271903453514,0.5262181719657302
77.58,0.22383577615839093,-0.043311209432367485,0.3550846475277651
77.60000000000001,0.18351981836720488,-0.042165239799659526,0.1832759675212542
77.62,0.14381035329739655,-0.03860051852711259,0.020994332621741475
77.64,0.10632249888045636,-0.03299979123726319,-0.12280904896718317
77.66,0.07326141918387627,-0.02584515207337388,-0.24093014841885432
77.68,0.047528973044373236,-0.01766274741599503,-0.3282005066931046
77.7,0.03274480576052237,-0.00896589711800777,-0.38154915105567455
77.72,0.03322912027021424,-0.000202497667432292,-0.3998439019664522
77.74,0.05406027742782857,0.008289900340598969,-0.38353701430893117
77.76,0.10092176653485355,0.016318371244636844,-0.33415031960962654
77.78,0.17772006856367092,0.023836702535836564,-0.253673140030073
77.8,0.27777187256412544,0.030833051884599626,-0.14414033390385844
77.82000000000001,0.3746104592841145,0.03701536065299102,-0.008067291554997358
77.84,0.440506417365171,0.041590571614470696,0.1498462652932898
77.86,0.4735008431642232,0.0436357406274925,0.32126360298650125
77.88,0.48575610638007954,0.04261264808879385,0.4948186991215264
77.9,0.48636300051083853,0.038467823196717155,0.6579862945577671
77.92,0.47948288034291725,0.03151585297083677,0.798807364037872
77.94,0.4668324173461714,0.02232372965698406,0.9071189873097764
77.96000000000001,0.44923266623043706,0.011622959289057861,0.97538175531233
77.98,0.42721899034480665,0.00023358420990243805,0.9991837837707211
78.0,0.40125199970578285,-0.011007172648633918,0.977450810669136
78.02,0.3717935775087163,-0.021311123624924058,0.912380287929638
78.04,0.33934391056082247,-0.029996872083379197,0.809126281500628
78.06,0.30447372178487736,-0.03653548402273871,0.675276388766176
78.08,0.2678677290478451,-0.04058114092578626,0.5201751934353823
78.10000000000001,0.23039170460723846,-0.04198489964047075,0.35415846337395923
78.12,0.1931950411063924,-0.040790858810509,0.187767460749847
78.14,0.1578566134377283,-0.037215228207240825,0.031013148858839927
78.16,0.1265676398905362,-0.03161005752036594,-0.10724438579973786
78.18,0.10232030117177683,-0.0244148224867753,-0.21974581133919474
78.2,0.08904993561088455,-0.016100660769555977,-0.30107221848606824
78.22,0.09167426045834047,-0.007113406462015968,-0.34765710478628453
78.24,0.11587028805748294,0.00217698495587482,-0.3575802551548056
78.26,0.16675938988497258,0.011505815444264763,-0.33019390562991
78.28,0.24411800214134313,0.020678837772522475,-0.26573767839195694
78.3,0.3337681884032053,0.029396616926302115,-0.16535230301963094
78.32000000000001,0.4098166621367744,0.03699925988688142,-0.03203501809589434
78.34,0.45756918631258287,0.04252065340427427,0.1278594895416646
78.36,0.48143866540188635,0.04512579987278987,0.30422114744169176
78.38,0.49044224467332675,0.04440468748733999,0.4844117641635465
78.4,0.49012841177079597,0.040370609232441595,0.6550268034717068
78.42,0.4830183313811901,0.033366720782855366,0.8034061210536539
78.44,0.4702504216449366,0.023979731234443545,0.9187756498366412
78.46000000000001,0.45245721604755057,0.012964127185750289,0.9930682953379023
78.48,0.4301053663461328,0.0011686890164148167,1.0214479447025593
78.5,0.4036158007482309,-0.010536133570980539,1.0025407668642536
78.52,0.3734082990182981,-0.021327045610902557,0.938382285213778
78.54,0.33992295930398425,-0.030488686486384826,0.8341038071187085
78.56,0.3036378795327948,-0.037462346378891294,0.6973986454733766
78.58,0.26509281661038586,-0.04187949654582648,0.5378229923147249
78.60000000000001,0.22492731156519746,-0.04357818760278421,0.36599649572403425
78.62,0.18394286904873428,-0.0426016272092759,0.19277286355746856
78.64,0.14319808881602294,-0.03917947790916413,0.02845109565050344
78.66,0.10413717308568045,-0.03369361310455792,-0.11790660872643009
78.68,0.06872971147675207,-0.02663136028053092,-0.2389936926338792
78.7,0.039568723524471494,-0.018530792493845642,-0.32957335661894566
78.72,0.019871739397385516,-0.009924129765011946,-0.3865678664346432
78.74,0.013410882669560616,-0.0012855539952474143,-0.40892842148384295
78.76,0.024531033171638975,0.007012791343354314,-0.3973121118458564
78.78,0.058334773791181384,0.014736690166742582,-0.35359938737626095
78.8,0.12020041665775746,0.021813013745121575,-0.28028868246142746
78.82000000000001,0.21128072989398194,0.028298597492859595,-0.17988134816333
78.84,0.31679438934903165,0.034180738541204084,-0.05468332227930102
78.86,0.4046060901234943,0.03901377747972481,0.09218996291899265
78.88,0.45596721275656693,0.04191056715865133,0.25483814351318357
78.9,0.4783223404194454,0.042096319535322585,0.42383595900074195
78.92,0.4842101659344247,0.03927517601635536,0.5875797511833545
78.94,0.48066951493145144,0.03359117645015469,0.734206926329869
78.96000000000001,0.47065937666083946,0.02549300966970505,0.8530815268624354
78.98,0.4554363776339813,0.015628817211261765,0.9357910923702077
79.0,0.4356789409614602,0.004764834387031733,0.9767769960659329
79.02,0.4118966215980696,-0.006286832477342717,0.9736604940571404
79.04,0.3845730565383385,-0.016735120091829474,0.9272904904871289
79.06,0.3542255322492949,-0.025869805427207127,0.841536861180558
79.08,0.32144587871856845,-0.03311083598231882,0.722864377791638
79.10000000000001,0.28694832710241786,-0.0380440426011354,0.5797356160798401
79.12,0.25163953552567464,-0.04044094126951976,0.4219022447427814
79.14,0.216723550559648,-0.04026142034907573,0.25965112693801196
79.16,0.18385040068210468,-0.0376392827956922,0.10307415527487299
79.18,0.15530404923077182,-0.03285187813810207,-0.038571621380024075
79.2,0.1341992593825955,-0.0262765360360273,-0.15735481914842575
79.22,0.12461922472158754,-0.018338320400723827,-0.2469670690654514
79.24,0.13155798376440753,-0.009455914811650102,-0.30280489037678987
79.26,0.1602828587940244,3.2684269463682976e-06,-0.32184858258357196
79.28,0.2139804270055339,0.009735172763755599,-0.3024156002007742
79.3,0.28814889828625884,0.01942946165527464,-0.24400896860646804
79.32000000000001,0.3657661926288966,0.028587189150399765,-0.147678790482395
79.34,0.42657238228531486,0.03638902897428424,-0.017112608020880923
79.36,0.46383639448205666,0.0418901646769499,0.14035383840843724
79.38,0.4828093309683528,0.04438026215950526,0.3139752795058782
79.4,0.4899130219980557,0.04354670023833068,0.4909476945065481
79.42,0.488881542549992,0.03944938791890362,0.657983933528057
79.44,0.48148719189544537,0.03244795668675587,0.8026604819370966
79.46000000000001,0.4686178929289291,0.023130756929859005,0.9144727870561926
79.48,0.450831567459779,0.012245808885502895,0.9856122399839616
79.5,0.4285774237478126,0.0006302992950631314,1.011464376884426
79.52,0.40227953473870603,-0.010860187689755251,0.9908235433943815
79.54,0.37237222120283,-0.0214188802708677,0.9258301328621467
79.56,0.3393216771950509,-0.03034701793978095,0.8216535522054306
79.58,0.30364837639169195,-0.037101018473145855,0.6859612512788884
79.60000000000001,0.2659595839204647,-0.041324527790086725,0.5282284758608748
79.62,0.22700146854978326,-0.042863428995554724,0.35895346556847857
79.64,0.1877415218461785,-0.0417631133648848,0.18884806296194911
79.66,0.14948994723517747,-0.03824852835613538,0.02807405667500893
79.68,0.1140573634990614,-0.032688742799392885,-0.11440890729353567
79.7,0.08392223663067755,-0.02554913650901749,-0.2313276359486642
79.72,0.06235854178655942,-0.01733586948666553,-0.3173712112361814
79.74,0.05349102811738436,-0.008538512576238763,-0.3692389635429697
79.76,0.06230671909197933,0.0004234295202250161,-0.38546504813024535
79.78,0.0945378886132787,0.009245106491219852,-0.3660449729271237
79.8,0.15536420877197585,0.017759063348989544,-0.3119193282609251
79.82000000000001,0.24365737896140266,0.025884292832899138,-0.22448570702615941
79.84,0.34148085723885396,0.0334026958168626,-0.1056319018489901
79.86,0.41914293256498153,0.039658850511998224,0.041070001325354495
79.88,0.4639245778347485,0.04368248754751987,0.2086504484551348
79.9,0.48399015973087556,0.044713475398703,0.3865166928340726
79.92,0.4896884037371516,0.04246811954573427,0.5619709209911221
79.94,0.4865845645370435,0.03708530111999486,0.7220648867620858
79.96000000000001,0.4770428274024287,0.029010994718278754,0.8550552406835834
79.98,0.4621129002184307,0.01890511267599768,0.9514380723227266
80.0,0.44239431242417,0.007563019106673414,1.0046451448412719
80.02,0.4183488610314593,-0.004158535822539408,1.011436735877272
80.04,0.390408035880316,-0.015412433875096313,0.9720037722256276
80.06,0.3590145184170364,-0.025426219603207366,0.889796586419624
80.08,0.3246461719844087,-0.03355717342624076,0.7711121567653542
80.10000000000001,0.28784107287726973,-0.039333858507735305,0.624487060501989
80.12,0.24923446036283745,-0.042481551327914924,0.45995580079946835
80.14,0.20961797235607876,-0.04293015452502215,0.2882421849974272
80.16,0.170031751598397,-0.04080441608093613,0.11995458182643097
80.18,0.13189527629979295,-0.03639748386072504,-0.035145824354280195
80.2,0.09716662589349195,-0.030130076851242783,-0.16874124512822505
80.22,0.06849256296617645,-0.022498995918027367,-0.2743673586539285
80.24,0.049297174176774844,-0.014020239278146844,-0.3476046548148769
80.26,0.043800036503444446,-0.0051728191000481065,-0.3860416531714933
80.28,0.05703174864881754,0.0036516605615200337,-0.3890235823341928
80.3,0.09472332800816441,0.012189679913143502,-0.3572171001980915
80.32000000000001,0.1617124958129444,0.020321782933674162,-0.29205176941978617
80.34,0.2551302711808118,0.028001812850256196,-0.1952381646785178
80.36,0.35376598543620946,0.034997719830050594,-0.06892487531933172
80.38,0.4277102479860899,0.04060417324234793,0.08290495727807837
80.4,0.46809246183773096,0.04385669131918599,0.25275447894308417
80.42,0.48506664127865534,0.044072999765333264,0.4296869967674272
80.44,0.4887162416109593,0.0410590141529762,0.6010134771535428
80.46000000000001,0.48409071647367996,0.035025190809164074,0.7541200963072535
80.48,0.4732946954942144,0.02646855051472827,0.8778426501634831
80.5,0.4572821866371989,0.016080984238929827,0.96342207826819
80.52,0.436624075875284,0.004671472272164291,1.0051260004318014
80.54,0.41177916172471074,-0.006907191081883128,1.0005694951264572
80.56,0.3831880807176547,-0.017827799327858572,0.950749847504929
80.58,0.3513122064240617,-0.02735114387359753,0.8598163974226825
80.60000000000001,0.3166599764968726,-0.03487757912239724,0.7346111951274721
80.62,0.27981799263582346,-0.03998441512390877,0.5840307849744655
80.64,0.2414983326651331,-0.042446828365573515,0.4182708057666074
80.66,0.20261334303524528,-0.042241166491114916,0.24802198748727414
80.68,0.1643882349252048,-0.03953073067173519,0.0836882016555861
80.7,0.12851382962108626,-0.03463532998509736,-0.06530552240226797
80.72,0.0973215882008294,-0.02798721546605305,-0.19105484832989655
80.74,0.07393728058866797,-0.020077514035286657,-0.28752108178244085
80.76,0.062369053199090016,-0.011398709870509893,-0.3506519340981562
80.78,0.06752872024799948,-0.002389186421071105,-0.37827440614224545
80.8,0.0951158899453564,0.006614444540431987,-0.36977932709636757
80.82000000000001,0.15052888521442637,0.015405433132988533,-0.3256474322512671
80.84,0.2339477632710557,0.0238712875664584,-0.24696612552527544
80.86,0.3302825264934219,0.031801137635960125,-0.1353720100052823
80.88,0.4107232523419733,0.03858517004516413,0.005934436606891379
80.9,0.45942825485912114,0.04326089349173146,0.17049013889532835
80.92,0.48239717256410664,0.04500736739076885,0.34809351477660094
80.94,0.4900219875695397,0.04346090798340268,0.5261389149166575
80.96000000000001,0.4883322766474058,0.03869318320392932,0.6914714980475226
80.98,0.479952136967555,0.031100280764691225,0.8319073162783046
81.0,0.4660322425434766,0.021308608088284272,0.9373353368017705
81.02,0.4472048094464166,0.010095976828750032,1.000478157705576
81.04,0.42393850527790894,-0.0016828312844922111,1.0173480566679263
81.06,0.3966607039785994,-0.01316812079893807,0.9874096722975012
81.08,0.3658028558332104,-0.02356225494839662,0.9134633625588634
81.10000000000001,0.3318238047480858,-0.032187511032773966,0.8012775493583153
81.12,0.29523124539418677,-0.03853105607066486,0.6590142775328414
81.14,0.2566120183342871,-0.04227420804352665,0.4965055441517707
81.16,0.21668086572662792,-0.043304329734488875,0.3244469736076451
81.18,0.17635799254368292,-0.041708941521898565,0.15357954586623246
81.2,0.1368831826903521,-0.03775285122472099,-0.006070695367425334
81.22,0.0999617161144031,-0.03184031768634255,-0.14583063508431388
81.24,0.06791128713112231,-0.024465636592222752,-0.25884219329651825
81.26,0.043754700728817465,-0.016157108140908268,-0.34031162747335564
81.28,0.0312265011819865,-0.007420542384622451,-0.38753166891791674
81.3,0.0347611486323111,0.0013121149952250023,-0.39968643718689545
81.32000000000001,0.05956195823940021,0.009726158303124628,-0.3774663269866606
81.34,0.11129692294021097,0.017655528920831758,-0.32253026336220575
81.36,0.19294951512493108,0.025073823759322447,-0.23690481429563176
81.38,0.29484370265585985,0.03195075351589753,-0.12264575087284467
81.4,0.3880029843730478,0.03791562036618276,0.017511390691094964
81.42,0.44791824816447023,0.04211379659858568,0.17832451279710249
81.44,0.4766067454164655,0.04366021179376035,0.35086393022863627
81.46000000000001,0.4864513146255233,0.042100860860373575,0.5234436328810083
81.48,0.48560920700259486,0.03745313384387025,0.6835377875822403
81.5,0.4776772812526419,0.03008095352641963,0.81942574235534
81.52,0.46415133614699544,0.020584342335443373,0.9213461651858962
81.54,0.4457792977598984,0.009714473369680935,0.9822661031158156
81.56,0.42307553802347414,-0.001701307584948466,0.9983338509154205
81.58,0.3964978320073142,-0.012830101085016334,0.9690409830527578
81.60000000000001,0.366512970941055,-0.022898463360174332,0.8971121458709846
81.62,0.3336315859697263,-0.031248325359193366,0.7881517436239525
81.64,0.29844155146365625,-0.0373802724331736,0.6500911442655469
81.66,0.26165485267627964,-0.0409814145587578,0.4924928339322149
81.68,0.2241802256090283,-0.0419361674912026,0.32577690365636935
81.7,0.187233222077112,-0.04031944466607832,0.1604396218015721
81.72,0.15248990652840302,-0.036372961057498834,0.006333453814034478
81.74,0.12227415152214026,-0.030466634112689548,-0.1279274333234659
81.76,0.09974263112372064,-0.023048547580958863,-0.23538297209511622
81.78,0.08901343467456821,-0.014588537245596566,-0.31092816179009913
81.8,0.09517628551853696,-0.00552176151357557,-0.3512860467640778
81.82000000000001,0.12396090371240354,0.0037995166320930647,-0.35476793700501835
81.84,0.1799917234259369,0.013127870705449414,-0.32088358255683064
81.86,0.2610663796519341,0.02226528407285877,-0.2499932799799027
81.88,0.3499381642729664,0.030858715939242037,-0.14346695485211727
81.9,0.42096272965892784,0.038169535550552185,-0.004820791103354382
81.92,0.46350654099321126,0.04321989329267247,0.15886404413608626
81.94,0.483994821789871,0.045242871280697386,0.3368807574621401
81.96000000000001,0.49098391929419766,0.04391218642306734,0.5163172257729886
81.98,0.489303292549589,0.03930862926847198,0.6838006328738401
82.0,0.4811062727835129,0.031825535651731046,0.826936732305219
82.02,0.4673909668050684,0.022085435175795476,0.9353887147188961
82.04,0.4487426305127323,0.010865254102433549,1.0016431745011485
82.06,0.4256136575603065,-0.0009770405806005878,1.0214808934903745
82.08,0.39842243655059006,-0.012574647709498402,0.9941557625049892
82.10000000000001,0.3675911181093104,-0.0231196158972201,0.9222925305705172
82.12,0.3335653734006406,-0.03192171653751771,0.8115300264963352
82.14,0.29683253335345783,-0.03845461287741757,0.6699531382825357
82.16,0.2579472375991712,-0.04238640079948355,0.5073705910186104
82.18,0.21757321462917104,-0.043592800605957,0.3345048963025372
82.2,0.17655093173772254,-0.042152536719643675,0.16216521107635806
82.22,0.13599926866645284,-0.03832566238976461,0.0004732383604004048
82.24,0.09744870537164467,-0.03251678798582525,-0.1417931175492842
82.26,0.06297837657412238,-0.025226499670112368,-0.2576840457357472
82.28,0.03529979853821821,-0.016995824331577515,-0.3423519988113731
82.3,0.01773954993187319,-0.008349989418602616,-0.39310010621042424
82.32000000000001,0.014171144436350949,0.000252451123812177,-0.40921466421604724
82.34,0.02906871492954305,0.00846209479903404,-0.39161065970798836
82.36,0.06768031639563774,0.01607309328654066,-0.3423235728876678
82.38,0.13514957782706746,0.02304134630855576,-0.26388885155876496
82.4,0.23069740268263106,0.029432439232560982,-0.15875777674219135
82.42,0.3354726893033358,0.03517947895644178,-0.02926362053748917
82.44,0.416973371501268,0.03973311669098021,0.12110678385647047
82.46000000000001,0.4619155918443121,0.0421789144521163,0.2857783543672629
82.48,0.4804025110433135,0.04181861065891594,0.45477269171216284
82.5,0.4841744395807879,0.03844746348179464,0.61629433485986
82.52,0.47928793436647543,0.0322756264197947,0.7586058174519993
82.54,0.46824460646700156,0.023795750931148246,0.8714139132538288
82.56,0.45213830636700186,0.013683750766051148,0.9467910528615013
82.58,0.4315968640503058,0.0027198869497361295,0.9797466538727662
82.60000000000001,0.40711788187453735,-0.00828244824474763,0.9685003472185837
82.62,0.37918746094816486,-0.018542573731754698,0.9144807782642363
82.64,0.3483331473138359,-0.027370670083111278,0.8220753347559664
82.66,0.315164603617214,-0.03421483651130923,0.6981683378853427
82.68,0.28042440411873637,-0.038694029083925226,0.5515183697368891
82.7,0.2450634450808364,-0.040614776448618724,0.3920357709689409
82.72,0.21035334420418242,-0.039970681068272666,0.23002756762056767
82.74,0.17804303711862263,-0.03692489919731361,0.07547870542930502
82.76,0.15055158234514335,-0.031777085287846576,-0.06256483338292518
82.78,0.13116075134777339,-0.024917815762749537,-0.17645435527745926
82.8,0.12413121999759133,-0.016775377652657738,-0.26019722440202775
82.82000000000001,0.13458412124261157,-0.007762248679533352,-0.30949917999550236
82.84,0.16767467122904897,0.0017663171148282275,-0.3216110799733568
82.86,0.22574120109074197,0.011514232980179027,-0.2950755682068025
82.88,0.30219722003385485,0.021154396432990365,-0.2296305047831603
82.9,0.3781872884904181,0.03013460616947566,-0.12670389347437516
82.92,0.43487497824350196,0.037588659834067735,0.009414692093128056
82.94,0.4683736073496443,0.04258920212726463,0.17071976864366104
82.96000000000001,0.48483249900150327,0.044492054023020346,0.34597933091988503
82.98,0.4902779650842659,0.04305579672750795,0.5221879582940235
83.0,0.48800746965690595,0.03839967889006353,0.6861198509401834
83.02,0.4795739564877163,0.030929724076195906,0.8256239909767884
83.04,0.46577945370170903,0.021268357048578997,0.9306292084692702
83.06,0.44715215662804636,0.010185151881412547,0.9938716691409186
83.08,0.42413271001926106,-0.0014739510226571989,1.0113423208833854
83.10000000000001,0.3971449466244421,-0.01285711906700714,0.982450697671241
83.12,0.3666271553730226,-0.023172742041796944,0.9099140539631506
83.14,0.3330529956374042,-0.03174675690001995,0.7993981977815376
83.16,0.2969549743882052,-0.038067303112458414,0.6589532182454126
83.18,0.2589595892207477,-0.04181382175736384,0.49830093293645933
83.2,0.21984386035725767,-0.042868894791831445,0.3280400956928679
83.22,0.18062397129358299,-0.0413123485920806,0.1588397629216268
83.24,0.1426835250146762,-0.03739835503342858,0.000690696046543135
83.26,0.10793536342621239,-0.031517502275720644,-0.1377207024830736
83.28,0.07898534828992408,-0.024147212116591793,-0.24946204544045616
83.3,0.05924732414771612,-0.0157954313899381,-0.32959095110339814
83.32000000000001,0.05298625374564847,-0.0069435834621071925,-0.37516228954885933
83.34,0.06532511027713517,0.0020056943871286153,-0.3850151982431912
83.36,0.10205745670189054,0.010770844569638924,-0.3593687191478843
83.38,0.16790766465858198,0.019207212390671902,-0.29929080129409885
83.4,0.25968863321026775,0.02723438768364751,-0.20624882548450096
83.42,0.3562741356830185,0.034580877980520085,-0.0822993513255853
83.44,0.42871095594581815,0.040514724737193794,0.06852755472094858
83.46000000000001,0.4686030004676906,0.04406443050356643,0.23862417293116178
83.48,0.4856881531645429,0.04454265925836844,0.4169248209051568
83.5,0.4896405654484347,0.041744253351767,0.5905787023093905
83.52,0.48533775475715,0.035867321794497975,0.7467614249910515
83.54,0.47483007906622343,0.027399769925334758,0.8740542832508454
83.56,0.4590550349227306,0.01702951047670127,0.9634172024625098
83.58,0.43857646829824626,0.0055671074346041495,1.0088320120335095
83.60000000000001,0.413846846751964,-0.006127848031608207,1.0076449695539726
83.62,0.38529795314383014,-0.017216974834472976,0.9606208247525191
83.64,0.3533775254938357,-0.026946688410898353,0.8717279200543715
83.66,0.3185726616533055,-0.03470117262038129,0.7476888978873049
83.68,0.28143638713086777,-0.0400413106119375,0.5973466146921725
83.7,0.24262795639014678,-0.04272717871382797,0.4309066027909147
83.72,0.20297742425995816,-0.04272290989518198,0.2591246248553739
83.74,0.16358481287131507,-0.04018395536129908,0.09251018851012191
83.76,0.12595790170735796,-0.03542797765780021,-0.05938563375435494
83.78,0.09217414244652249,-0.02889188523187945,-0.18853717094568342
83.8,0.06502454870510313,-0.021078998571211996,-0.2888179245946123
83.82000000000001,0.04808984488932382,-0.012501837929265212,-0.3561522226309183
83.84,0.04575409548470604,-0.003626592671146432,-0.38843947375561433
83.86,0.06322046324997964,0.005175980620700872,-0.3852679130566452
83.88,0.10627399738032113,0.01366854656768779,-0.34745166816935924
83.9,0.17899861029502429,0.021753239138436794,-0.2764663557590087
83.92,0.2755790484846406,0.029370370840987644,-0.17403804865772776
83.94,0.37119910320890037,0.036204718892247925,-0.04252151672474971
83.96000000000001,0.43820443394077996,0.0414597235417391,0.11350174199871083
83.98,0.47295239071730377,0.04418734375861344,0.28576745648311924
84.0,0.48670158984755074,0.043798104625475585,0.4628221405164292
84.02,0.4884894620513461,0.040186088492083195,0.6318385016888195
84.04,0.4825738257148946,0.033625245130200036,0.7803673568448007
84.06,0.47072601867360453,0.024656633371790096,0.8976221722088608
84.08,0.45378508105030474,0.014000871697257344,0.9753663231520402
84.10000000000001,0.43228610312852306,0.0024816558148082713,1.0084765443379153
84.12,0.40667878451298084,-0.009046948424573757,0.9952087844217952
84.14,0.3774043078686113,-0.0197689423037628,0.9371808898452365
84.16,0.3449293778519553,-0.028967118926916485,0.8390956577495513
84.18,0.30977205795665974,-0.03607224749682589,0.7082428682093165
84.2,0.27253458002424075,-0.04069755380835424,0.5538330971676274
84.22,0.23395421918979648,-0.042656404249080515,0.386226700015137
84.24,0.19498348959023717,-0.041962299821158434,0.21612734356493618
84.26,0.15690923063793522,-0.03881149395824783,0.05381061885941487
84.28,0.12151024908747576,-0.03354976608718012,-0.09154540637105925
84.3,0.0912308230773133,-0.0266262278453257,-0.2123695882634709
84.32000000000001,0.06932306147962038,-0.018538575236479938,-0.30300349324689624
84.34,0.0599194882933945,-0.009775526336960685,-0.3597805244676659
84.36,0.0680452677062373,-0.0007623620153982795,-0.3808791587058522
84.38,0.09946219075007269,0.008184757872206292,-0.36597367938581393
84.4,0.1592958992940924,0.016881836717375327,-0.3157390615923231
84.42,0.24628892840308797,0.02522578530547749,-0.23138460509230405
84.44,0.34265883011394294,0.03297430644498378,-0.11470493207796745
84.46000000000001,0.41935622070148165,0.039456578859660175,0.030738016695054365
84.48,0.4639132954514197,0.04369828300467241,0.19794864317800973
84.5,0.48415486775191297,0.04493423698037684,0.3762938950819007
84.52,0.49013855376078974,0.042870194820762826,0.5530037161880758
84.54,0.4873210928588565,0.03763319059826184,0.715011248554638
84.56,0.4780379039602463,0.029659576218687853,0.8504108183556398
84.58,0.463331803847188,0.019603366930048778,0.9495048716233221
84.60000000000001,0.4437997610960314,0.008258219458566349,1.0055162693626212
84.62,0.4199008463245545,-0.003516703609940047,1.014997887005257
84.64,0.39206227532788795,-0.014868184936552406,0.9779504677157034
84.66,0.36071993346976017,-0.02501469784362397,0.8976647788566648
84.68,0.3263409712832683,-0.03330240600666359,0.7803189463009155
84.7,0.28944654597918434,-0.03924777853356116,0.634377488723072
84.72,0.25064509741248336,-0.042564161924960375,0.46985128474967924
84.74,0.2106860272649074,-0.043170846990583725,0.2974859820137686
84.76,0.17054416594468477,-0.04118440415368595,0.12794972911719338
84.78,0.13154160085885516,-0.03689326729311309,-0.028910404077620702
84.8,0.09549865042602358,-0.030717780783888433,-0.16468030959085062
84.82000000000001,0.06487830618639838,-0.02315933750838112,-0.2728076234653136
84.84,0.04286877741808384,-0.014743804637677225,-0.34881366202206165
84.86,0.03338546813626064,-0.005965427953095058,-0.3902779584938033
84.88,0.041075087148242984,0.0027635695327005304,-0.3966084958815278
84.9,0.07136357927989267,0.011154987584651279,-0.36862642691746295
84.92,0.1297778372385633,0.019071231708251882,-0.3080083914904212
84.94,0.21741757487090846,0.026495512668836874,-0.21671072897095764
84.96000000000001,0.319818575182814,0.03333909384081771,-0.09679820458976998
84.98,0.40593902595384734,0.039097328053455845,0.0485778367047789
85.0,0.4573200447066157,0.04284651122515187,0.21329479006926055
85.02,0.48052659834921524,0.04377513644325578,0.3875657179489516
85.04,0.48742031202988656,0.04154462849831054,0.5592636581653986
85.06,0.4847957110408202,0.036261976232884664,0.7158392707899117
85.08,0.4755409452765053,0.028352794209633034,0.8458479186103348
85.10000000000001,0.4608876931160439,0.018459015677364014,0.940009527600602
85.12,0.4414974575666528,0.007357521820914022,0.9919070639304933
85.14,0.4178587939558933,-0.0041138180257739776,0.9983770016492859
85.16,0.3904238227041732,-0.015126032337944163,0.9596119646649253
85.18,0.3596612090881214,-0.024922710412100847,0.8789951441031212
85.2,0.3260876891949982,-0.032873774651264745,0.762698596595109
85.22,0.2903017330404147,-0.03851591050182465,0.6190921125001272
85.24,0.2530327322599584,-0.041577092451906286,0.4580214997721135
85.26,0.21521772717371085,-0.041983775893665885,0.2900231530764083
85.28,0.17811680862832135,-0.039850515085807406,0.12554512251312355
85.3,0.1434714347903974,-0.03545297542556653,-0.025756547869899164
85.32000000000001,0.11369151364734764,-0.02918661467577782,-0.15558387201615492
85.34,0.09203118329534084,-0.02151481543880556,-0.25737507176094476
85.36,0.08270161266474746,-0.012911787206455971,-0.32646280552044643
85.38,0.09087014588211884,-0.003806612206152545,-0.3600040439802281
85.4,0.12231161284020602,0.005463517824694059,-0.35670106503201826
85.42,0.18151753262596523,0.014671928306461222,-0.31638119622089156
85.44,0.2655016824843687,0.023637567763330102,-0.23964205637668515
85.46000000000001,0.35548052318012535,0.03200371135354843,-0.1280591866111802
85.48,0.42541205342456434,0.03900995089327237,0.014586211067698432
85.5,0.46615197155500937,0.04367699212360763,0.18088840131300687
85.52,0.4851717997900734,0.045270357201792476,0.35988241825582445
85.54,0.49109073082683785,0.04350751938443428,0.5385583352339505
85.56,0.48856788399413437,0.03850880898320125,0.7036146480209312
85.58,0.4796478955267281,0.030699248971998595,0.8428712386125744
85.60000000000001,0.46528301389045684,0.020724567143076803,0.9463153483155624
85.62,0.44604214029851685,0.009375948639202433,1.0068326723332628
85.64,0.42237292251567315,-0.002483555075207745,1.0206417873161742
85.66,0.39469366156452307,-0.013990972062050135,0.9874367045163016
85.68,0.3634287744264604,-0.02435024111902076,0.9102504730877913
85.7,0.3290281302559273,-0.03288968034432125,0.7950687985823249
85.72,0.2919857949598501,-0.03910631299107164,0.6502389598282371
85.74,0.2528672308816551,-0.042694274632045566,0.4857325306664921
85.76,0.2123537615470231,-0.04355574189095015,0.3123291204914949
85.78,0.17131411178173123,-0.04179407844951198,0.14079206939445277
85.8,0.130910487649277,-0.03769010784360769,-0.018894193126768908
85.82000000000001,0.0927343399115846,-0.03166362971772345,-0.15816145093495437
85.84,0.05894012851323556,-0.024223653038337848,-0.27031709045725644
85.86,0.03231761613890262,-0.01591240821957555,-0.3507900250883927
85.88,0.016261908007987047,-0.007249491284417686,-0.3971507313474479
85.9,0.014709210255049041,0.0013180058571210615,-0.40891828179852424
85.92,0.032216055978416175,0.00945688734182677,-0.3871847752246546
85.94,0.07410984130008287,0.016981109017297345,-0.3340902385707822
85.96000000000001,0.1452828642265354,0.023865815081446574,-0.25219391399044777
85.98,0.24344190953910302,0.03017911239195334,-0.14391882916321055
86.0,0.3471001271292832,0.035812380379910136,-0.0116415860070427
86.02,0.4242542346617313,0.0401515323786269,0.14087120458637162
86.04,0.4652495325966042,0.042277576338272525,0.30660436881385345
86.06,0.48143791577214456,0.041547813357740396,0.4752603786055106
86.08,0.48393046102268306,0.03781536558159584,0.6349656952888705
86.10000000000001,0.47820115878237274,0.03133125080866698,0.7741026898347269
86.12,0.4664962469050015,0.022615070641338317,0.8826320173788362
86.14,0.4498210070198509,0.01235926163845411,0.9529662106729979
86.16,0.4287765772952188,0.001351543151815245,0.9805024920164137
86.18,0.40385528946541327,-0.009595640251539136,0.9638611035589469
86.2,0.3755464267186382,-0.019710159787256275,0.9048519725467331
86.22,0.34438592373768895,-0.0283171480773019,0.8081962866535175
86.24,0.3109974692434629,-0.03488444570878302,0.6810421843335083
86.26,0.276145738909988,-0.03905361931373365,0.5323266827138728
86.28,0.2408159069676964,-0.040654578370409616,0.37204586010519325
86.3,0.2063314815083399,-0.039702941095105464,0.21050098471002865
86.32000000000001,0.17451641668017762,-0.03638049387785589,0.05758931554391279
86.34,0.14789060324580397,-0.031000403576591062,-0.07779564511032822
86.36,0.12985779459145189,-0.0239604119791768,-0.18819933892094565
86.38,0.12480296952019279,-0.01568916606576948,-0.26783830527741237
86.4,0.1379191691005384,-0.006593440495909049,-0.3126162432149378
86.42,0.17421192443648953,0.002980132139786125,-0.31995161224878166
86.44,0.2352441057496092,0.012738339152040364,-0.2885274191025256
86.46000000000001,0.3127889339107768,0.02233557864129005,-0.21824772811604906
86.48,0.38696910538730767,0.031176473932290043,-0.11083542402004215
86.5,0.4404431159672528,0.038365953674084886,0.028962707202714908
86.52,0.47128491161344777,0.04299800325582177,0.1926667203237278
86.54,0.48603273567637006,0.044479471438926006,0.3687274071154921
86.56,0.4903500682833962,0.042619422983762395,0.5440315046003591
86.58,0.48722791148761724,0.03757795356630603,0.7054286070088097
86.60000000000001,0.4780757480938282,0.02979245938660752,0.8409872098722809
86.62,0.46364126986606924,0.0199078214161966,0.9409632725539345
86.64,0.4444344001168897,0.00870705607976928,0.9984919581759101
86.66,0.4208910003010924,-0.0029595650690985888,1.0099987341286536
86.68,0.3934355990989831,-0.014244650690936082,0.9753272277256597
86.7,0.36251024360287026,-0.024368898089586925,0.8975948929132295
86.72,0.3285952365923084,-0.03267697646479605,0.7828050980326567
86.74,0.2922337273044905,-0.03868031461953585,0.6392607704454318
86.76,0.25406920396137567,-0.0420840505696371,0.4768378463648291
86.78,0.21490581778802165,-0.04279659532450933,0.306185383226209
86.8,0.17580221471820992,-0.04092148932824844,0.1379229264855102
86.82000000000001,0.13820533496977527,-0.03673243769519693,-0.018095409634068547
86.84,0.1041153652450089,-0.030633663210550725,-0.15338670031678373
86.86,0.07624668706238223,-0.02310914980860737,-0.26126270832997117
86.88,0.05813426920910945,-0.014665888769487866,-0.3370364306702907
86.9,0.05417039918297208,-0.005777150604845911,-0.3779996796829721
86.92,0.06960470830231333,0.003168830931822482,-0.3831830020561786
86.94,0.11025861911772765,0.011909039013376567,-0.3529298150912078
86.96000000000001,0.1802935233140399,0.02031410150850791,-0.288360513266175
86.98,0.27440703623746504,0.0282937879497004,-0.1909737821326773
87.0,0.3689085184868049,0.03551753477312554,-0.06299347644490591
87.02,0.43640742512206676,0.0411886104732316,0.09110481462704738
87.04,0.4722275495505318,0.04434709902350886,0.26314730112522805
87.06,0.48694972981769863,0.044372708385721764,0.44168198856688884
87.08,0.48952439080101207,0.04112508260337237,0.613747597572774
87.10000000000001,0.4842620409343508,0.03484971756699128,0.7666335525416966
87.12,0.47297080659509216,0.02606781772398521,0.8891949475704938
87.14,0.45650382739725875,0.015489347422882174,0.9727756884349276
87.16,0.4353983921820819,0.0039365335639964475,1.0118088867049404
87.18,0.41009997130801046,-0.007729404522150474,1.0041185217658328
87.2,0.3810403619495554,-0.018677829621410225,0.9509345255830831
87.22,0.348670664203702,-0.028171063695319323,0.8566426254415135
87.24,0.3134841809525174,-0.03561562221611393,0.7283057162618441
87.26,0.27604403185590154,-0.04059900101065381,0.5750082524735637
87.28,0.23702579809723417,-0.04290978142433962,0.407086310170392
87.3,0.1972857873841459,-0.0425400327930068,0.23531249874741825
87.32000000000001,0.1579648739932958,-0.0396702110803124,0.07010653679553272
87.34,0.12063025004585473,-0.034637958872391704,-0.07916089527596869
87.36,0.08743706881010559,-0.02789350898351636,-0.204711571150969
87.38,0.06126446681129105,-0.01994590079512822,-0.3007047042865505
87.4,0.04577911543364407,-0.01130566945553215,-0.3633576889603008
87.42,0.04544375809502736,-0.002430009560425775,-0.3908407079244197
87.44,0.06553501494437941,0.006325139724926126,-0.38296468549629065
87.46000000000001,0.11182808427646089,0.014741040414426964,-0.3406985645799941
87.48,0.18788602717935357,0.02273561640314517,-0.26560022306313213
87.5,0.28611626415454117,0.030243566551442957,-0.15944926422525213
87.52,0.3799191943781505,0.03690609893638071,-0.024753247710016864
87.54,0.44327413722104475,0.041886502534096336,0.1335611038002695
87.56,0.47517679188866274,0.044256711065529086,0.30683804642725016
87.58,0.48726170315267137,0.043481768054642,0.48339918251819575
87.60000000000001,0.48802833613182967,0.03950479919222467,0.6504067048873302
87.62,0.4813670345869857,0.032635190351186415,0.7955694819237337
87.64,0.4688988956943956,0.023438353597052396,0.9083777340993581
87.66,0.45141200669548265,0.012649906428712564,0.9809499863212338
87.68,0.4294264327618225,0.0010997587744367905,1.0085604290462384
87.7,0.4033894724391122,-0.010360160921146847,0.9898704318334117
87.72,0.37374522905399055,-0.020923556792652606,0.9268792421048639
87.74,0.340966990537376,-0.029889240162256067,0.8246191246544
87.76,0.30558371481379487,-0.03670865219726315,0.690635335657185
87.78,0.26821502069242614,-0.04101838760898845,0.5343051582856638
87.8,0.22962582581390428,-0.042655764707051756,0.36606029755101355
87.82000000000001,0.1908119706862237,-0.04165668847274229,0.1965823594399421
87.84,0.15312576384478493,-0.03823625814439967,0.03604173948880947
87.86,0.11843894982555686,-0.032753798187434735,-0.10655399059132215
87.88,0.08931696616948591,-0.025665364250654944,-0.2238455002396472
87.9,0.06915607048453173,-0.01746832296806434,-0.3103995024952892
87.92,0.062249182718615466,-0.008643842358159223,-0.36275865286970016
87.94,0.07378557255206643,0.0003968119831529778,-0.3792671683400096
87.96000000000001,0.10958902407206461,0.009355874722847376,-0.35969908792542765
87.98,0.17423688613248173,0.01806454864522834,-0.30475755139968963
88.0,0.26422462212148384,0.026408653060126762,-0.2156606872771343
88.02,0.35860371192660795,0.03407846109826026,-0.0943641921911286
88.04,0.42946757746681996,0.04031838150398897,0.05507228627659657
88.06,0.4688666387010974,0.04415283608799422,0.22496027834803556
88.08,0.4860756685659275,0.044890598283530835,0.40414357480718444
88.10000000000001,0.4903455645395484,0.04231519082493302,0.5796496845702763
88.12,0.48638267929011525,0.03661129162593164,0.7384809236744034
88.14,0.47618584790299945,0.028256037019346876,0.8689958268046867
88.16,0.46067806358845675,0.01793130003113122,0.9618975646076415
88.18,0.44041766262930165,0.006446927477439641,1.0108976508618281
88.2,0.4158524347618848,-0.005333045155804459,1.0130796258447607
88.22,0.38740760710935174,-0.016561274290936533,0.9689726151389854
88.24,0.35552077392870435,-0.026471690325190898,0.8823526119598832
88.26,0.32066311687109017,-0.034433718244674144,0.7598048457871015
88.28,0.2833625232048329,-0.039992617029948684,0.6100960129206672
88.3,0.24423844031837935,-0.042893455773546384,0.4434172465213532
88.32000000000001,0.2040583239008112,-0.04308745997987221,0.2705662272999352
88.34,0.16382584200410197,-0.040720696762730074,0.10213942276988566
88.36,0.12490608753597952,-0.03610627147154395,-0.05219684571941734
88.38,0.08917627754577849,-0.029682455835492314,-0.1842949538395437
88.4,0.059161766996037764,-0.021960612827087923,-0.28792507628164576
88.42,0.03810147977435631,-0.013468345204681688,-0.3589544002720225
88.44,0.02993490667354908,-0.004694111414783687,-0.39529984625342646
88.46000000000001,0.03931101327194571,0.003961804368840052,-0.3966708270264793
88.48,0.07165169395331841,0.01222778388302737,-0.3641323767507351
88.5,0.13239959897688547,0.019985374441966953,-0.2995325358703417
88.52,0.22212149479188753,0.027233305738152153,-0.2049263316753526
88.54,0.32507445369923516,0.03388083767845854,-0.08244507690805217
88.56,0.4097368179388949,0.03940193319584675,0.06464052022869551
88.58,0.4591640836918621,0.04286773752492664,0.23002132975301998
88.60000000000001,0.48099576726063237,0.04349444242396573,0.4037732574363718
88.62,0.4870307352132041,0.04097936096738107,0.57376818486013
88.64,0.48380796461358216,0.0354578409855914,0.7275860104710614
88.66,0.47408094242545923,0.02737494603459049,0.8540065779647659
88.68,0.4590316288042107,0.017384278442354247,0.9440362307120126
88.7,0.43930676648749156,0.006267242610807448,0.9915765861991563
88.72,0.4153932545911629,-0.005140441219839488,0.993787335545428
88.74,0.38774756212199957,-0.016017917449092093,0.9511634975360025
88.76,0.35684730050116814,-0.025621803763831514,0.8673479605024698
88.78,0.3232237827975754,-0.03333858890089426,0.7487127855551144
88.8,0.2874984106511078,-0.038723454274826624,0.6037570787149642
88.82000000000001,0.2504363967161779,-0.04152306193366074,0.44238100669843544
88.84,0.2130300750735474,-0.041680982490344666,0.2751031356353333
88.86,0.17662260645629713,-0.03932562304125462,0.11229121063418727
88.88,0.1430746145070832,-0.03474173037008208,-0.036525357408117354
88.9,0.11495628744932386,-0.028327880675612406,-0.16319994193274404
88.92,0.09572137984664261,-0.02054391175989383,-0.2613214034069545
88.94,0.0898068863843395,-0.011853809197122108,-0.32634536780538315
88.96000000000001,0.10257586415566435,-0.0026708191131717377,-0.35549901126064637
88.98,0.1397123328543001,0.006685268151717318,-0.3474860030030834
89.0,0.20450001934055018,0.015992904678125107,-0.30208250419403
89.02,0.2905451844863969,0.025030717606832637,-0.219891533373271
89.04,0.37592155281551914,0.03333340594800857,-0.10279620786005192
89.06,0.43767020963640607,0.04004335187891741,0.04465716195987575
89.08,0.47200172351720626,0.044204531240263537,0.21413560989012767
89.10000000000001,0.4873886279343583,0.0451839526746301,0.3940302877370337
89.12,0.49125729561356163,0.042795090664533984,0.5710994665757462
89.14,0.48735584973147517,0.0372279947501617,0.7321408249532261
89.16,0.4773352163682469,0.028956924216289905,0.8653090368949112
89.18,0.4620086613011255,0.018661107684506642,0.9610907267238172
89.2,0.44190040150964155,0.0071509246479994,1.0129761747295796
89.22,0.4174453637075196,-0.004705265478477877,1.0178373999087635
89.24,0.3890603366360977,-0.016052332196134653,0.976016428821791
89.26,0.3571731208633734,-0.026113728433274454,0.8911389908809065
89.28,0.32224053857941853,-0.03424672810795925,0.7696856757211473
89.3,0.2847680754707541,-0.03998391727418599,0.6203685853228549
89.32000000000001,0.245339688320955,-0.04305837927462605,0.4533739818367414
89.34,0.2046667578497277,-0.04341125019380142,0.27953922368370604
89.36,0.16366597469103944,-0.0411815721092891,0.10953506374693564
89.38,0.12357227238412281,-0.036679577551377386,-0.04687775180957669
89.4,0.08607793646372468,-0.030345760209103425,-0.18145559251845955
89.42,0.05346006086854156,-0.0226994913301262,-0.2878929102921227
89.44,0.028635063320251286,-0.014282542906208397,-0.36202544417682353
89.46000000000001,0.015113411475290028,-0.005603963739077162,-0.40180806409943143
89.48,0.016950027741006412,0.002908275852239437,-0.4070843536200652
89.5,0.03886301330125955,0.010947188312221849,-0.3791798158258133
89.52,0.08629600684477967,0.018358046448910592,-0.3203517182705731
89.54,0.1635074607984552,0.02514354670901704,-0.23315318606140387
89.56,0.2651915028443694,0.03136382846348033,-0.11994615536376878
89.58,0.36572229937920553,0.03682460771279662,0.01677254640039344
89.60000000000001,0.4352967634599288,0.040808837241427816,0.17269178605270785
89.62,0.47014286321404164,0.042410059975401676,0.34004645553629986
89.64,0.48287802348993575,0.041083143418020565,0.5080452043760423
89.66,0.4834279388972588,0.03677249482529223,0.6647170409386784
89.68,0.4763830499013975,0.029792284522419873,0.7986549482614362
89.7,0.4636226089237844,0.0207038303120395,0.9002374317948619
89.72,0.44602719613088393,0.01022504724642215,0.9624282474027346
89.74,0.42416085210273646,-0.000845217863046976,0.9812486916681977
89.76,0.39850896699217453,-0.011696775293809008,0.9559604903714729
89.78,0.3695658969989927,-0.02157184725526904,0.8889813082201655
89.8,0.3378802527881062,-0.02982005809334177,0.7855616178272118
89.82000000000001,0.3040968564136553,-0.035941277634697864,0.6532648399217897
89.84,0.26901380297217026,-0.03961355106723534,0.5013051699178845
89.86,0.23366828652203023,-0.040704356341187534,0.33980662943696854
89.88,0.19946261686273087,-0.039264570618193655,0.17905166060683217
89.9,0.1683342059999605,-0.03550573663863078,0.028787664024584533
89.92,0.14295395604416214,-0.029762570899987805,-0.10234511424257808
89.94,0.12690548471610702,-0.022444283333299002,-0.20721185403457318
89.96000000000001,0.12475261104656533,-0.013980267068797405,-0.2803732179954948
89.98,0.14178081116642297,-0.0047685588831128615,-0.31806019254010937
90.0,0.18273532028450482,0.004857424480507858,-0.31797190898268024
90.02,0.24795929463936603,0.014608646667051799,-0.2790307382363662
90.04,0.32685267145070984,0.024112022903609125,-0.20141954151206717
90.06,0.39841863116656745,0.03271329386273916,-0.08732285951515228
90.08,0.4476384885652798,0.03948598308872203,0.057845578437514415
90.10000000000001,0.4750516781248425,0.04356158584418976,0.2249518181815584
90.12,0.48755284799184706,0.044419778657112295,0.40203013159522183
90.14,0.49032746068799316,0.04193985297853687,0.5758442029362867
90.16,0.4859976606823525,0.03633922318017197,0.7333762953828347
90.18,0.47580425967043083,0.028099696982885166,0.8630307956811784
90.2,0.4604314235193498,0.01789789297214406,0.9555519326163987
90.22,0.4403677586050697,0.006535483947596133,1.0046640738990387
90.24,0.4160436753409284,-0.005131882185571317,1.007429920517796
90.26,0.38788475754062773,-0.016264198220923003,0.9643260030829813
90.28,0.35633777034745096,-0.026100936880067916,0.8790497653508453
90.3,0.3218912252267991,-0.03401478650778744,0.7580901468552573
90.32000000000001,0.2851014076253429,-0.039551683238452984,0.6101095954504807
90.34,0.24663288420735657,-0.04245461375591997,0.4451977660993947
90.36,0.20732363930132336,-0.04266987296363295,0.27406486577351946
90.38,0.16828526529322096,-0.040335685485118414,0.10724541087547691
90.4,0.13104286665927184,-0.03575430729217738,-0.045618885741644355
90.42,0.09770164006116316,-0.029349998644849787,-0.17635534857146834
90.44,0.07110010736076994,-0.021616731172205517,-0.27864638037954215
90.46000000000001,0.05490094090762416,-0.013060996772050923,-0.34819454442108194
90.48,0.053617293144211084,-0.0041457521939444976,-0.3826592118340824
90.5,0.07260685923948818,0.0047593939192887985,-0.38137998444578314
90.52,0.11767331658135112,0.013415489625293549,-0.3449224796533398
90.54,0.19226503365755168,0.021713613892331746,-0.2745351395654077
90.56,0.28869796439813655,0.0295555314134716,-0.1718086964187715
90.58,0.3808729790380234,0.03655223525956619,-0.03919303243524003
90.60000000000001,0.4434953789218321,0.04185233242939009,0.11835105649056996
90.62,0.4754389162384282,0.044521332783858704,0.29209739193233936
90.64,0.48786428854841,0.04401250978306112,0.47026273351989517
90.66,0.4890207167369587,0.04025319276268486,0.6398472654866415
90.68,0.48271984453399547,0.03353866614563819,0.7883365330329719
90.7,0.47056215717784783,0.024425018243822143,0.9049499787043616
90.72,0.45332938314292176,0.013644388285450214,0.9815095929659665
90.74,0.4315371413997512,0.002029127970501209,1.0129910464297271
90.76,0.4056266093146685,-0.009560993080449757,0.9977780078829306
90.78,0.3760323071195392,-0.020307393686155258,0.9376326559309265
90.8,0.3432124639433593,-0.02949343623000528,0.8374061251704892
90.82000000000001,0.3076723726502308,-0.036553451842449576,0.7045281866352293
90.84,0.269994377197438,-0.04110688914169761,0.5483297029118113
90.86,0.23088483908292134,-0.042975543478477006,0.37926184717629063
90.88,0.191248867968723,-0.042183041070503184,0.2080818244284373
90.9,0.15230220155540367,-0.03893696667277806,0.045075698436357246
90.92,0.11572007161481927,-0.033595235906418386,-0.10061503808795647
90.94,0.0838003776793766,-0.026619644153904727,-0.2215055128680164
90.96000000000001,0.05959260097084546,-0.018521058930527374,-0.31207525387121443
90.98,0.04695231254780385,-0.009802071395164395,-0.3688495915592326
91.0,0.05055189916780616,-0.0009029545074456008,-0.39025654728999726
91.02,0.07587423131251593,0.00784475944270473,-0.3762815302244093
91.04,0.12859349582661797,0.01624974727222802,-0.3279616034109382
91.06,0.21069629080436852,0.024242544348933158,-0.24683263298844751
91.08,0.31027436175908707,0.031711638123486506,-0.13470188615563872
91.10000000000001,0.3980889144116499,0.03817653351919465,0.005545178267687079
91.12,0.4531960139699698,0.042722860294495714,0.16814912368156149
91.14,0.47948176978183893,0.04448174373175193,0.34358903237056093
91.16,0.4884906872257531,0.04303043319732508,0.5197020492843402
91.18,0.487417335359408,0.038403795411403784,0.6835838527353811
91.2,0.47941184929107367,0.03097558384215875,0.8231865958997108
91.22,0.4658101549509688,0.021355636202636603,0.9284593959408143
91.24,0.44730540615377057,0.010307717982935033,0.9921242257452327
91.26,0.4243886584763439,-0.0013253895653093676,1.0101405866387392
91.28,0.3975001090768886,-0.012693543895148273,0.9818770537128664
91.3,0.36708467188189614,-0.023005681597507776,0.9100055044709748
91.32000000000001,0.33362043082332943,-0.0315872656593648,0.8001462572149483
91.34,0.2976448762422517,-0.037925045986113,0.660307677134672
91.36,0.25979161629615405,-0.04169628982971345,0.5001770332962814
91.38,0.22084842732152776,-0.04278077691101682,0.33032853761142883
91.4,0.18184776627196864,-0.04125506630984203,0.16141889708400856
91.42,0.14419736377890027,-0.03736974710736098,0.00344026928315138
91.44,0.109844814034939,-0.031511625400893785,-0.13490478604145906
91.46000000000001,0.08144467239277595,-0.024154208553999964,-0.24665231896967774
91.48,0.062477883336710234,-0.01580139595312291,-0.32681247532606467
91.5,0.05729983212826818,-0.006930344043576772,-0.37237606574932297
91.52,0.0711388404585206,0.002060872637321387,-0.38210049205432833
91.54,0.10982119865240722,0.01089485280881236,-0.35610505181135094
91.56,0.17769076331444184,0.01942624989366936,-0.29534833268959637
91.58,0.2702035115280585,0.027555713056661026,-0.20122153042912624
91.60000000000001,0.3647644507597213,0.03496206568771326,-0.07584264707134677
91.62,0.4336828062422218,0.04086497080156897,0.07648033015047005
91.64,0.4709470536079366,0.044296781843994874,0.24776537368893295
91.66,0.486657492310921,0.044607910027706886,0.4266711751763134
91.68,0.48990416921403734,0.04162749509381015,0.6002225542757248
91.7,0.4851574696063634,0.03557699946182024,0.7555852810199639
91.72,0.47430039335892626,0.026960424297349284,0.8814084805876412
91.74,0.4582130745296452,0.016476999035103742,0.9687742812324088
91.76,0.43744072118044364,0.004944545096564881,1.0118237802171373
91.78,0.41242937942042096,-0.006774039383815216,1.008083617791543
91.8,0.383607832588819,-0.017840918579768873,0.9585043905904386
91.82000000000001,0.351421233719856,-0.02750661778954497,0.8672308441611943
91.84,0.31635319809197193,-0.035162486394815326,0.7411392692150148
91.86,0.2789514309001212,-0.04037893251737005,0.589192532256979
91.88,0.239866988760451,-0.042927095664905504,0.4216747124681697
91.9,0.1999174716170164,-0.04278283869065063,0.24937424268083677
91.92,0.16018424190908068,-0.040113166418357216,0.08278646573149769
91.94,0.12214731032082318,-0.03524638216543602,-0.06859631920033749
91.96000000000001,0.08784257070393695,-0.028628568612150726,-0.19684699029493416
91.98,0.059997736160127726,-0.0207704636116694,-0.2959708251443103
92.0,0.04209580298683237,-0.012190308141073901,-0.362050116877761
92.02,0.038374576987988754,-0.0033587772272003734,-0.39316243750392127
92.04,0.05385306092511152,0.005349479019436023,-0.3890907783144171
92.06,0.09423618050145507,0.013694367036149187,-0.3508580503862211
92.08,0.16417882522275035,0.0215829704930981,-0.28014840298157573
92.10000000000001,0.25995958832841887,0.028989043366204656,-0.1788290721285171
92.12,0.35887962210902913,0.03567722616363811,-0.049167700337548
92.14,0.43111820232085457,0.0409242882606529,0.10467963715995258
92.16,0.46957171150017174,0.043774979665953534,0.2750144986187467
92.18,0.4851837922566947,0.04358614045630635,0.4508035864069081
92.2,0.487902893894994,0.040205371462266964,0.6194302390268738
92.22,0.4825702666823406,0.03387547660253007,0.7685022813302421
92.24,0.47119025580044743,0.02511561758621308,0.8871859280006366
92.26,0.45468128342573993,0.014630204603696694,0.967121707104428
92.28,0.4336050039542578,0.0032315132924571896,1.0030083174758915
92.3,0.4084217138643199,-0.00823300371122567,0.9928875599156904
92.32000000000001,0.37957964739560157,-0.018949075913540878,0.9381464547384702
92.34,0.34755369964843363,-0.02819649359070757,0.8432596221700472
92.36,0.3128739450046916,-0.03539873693686477,0.7153094438833965
92.38,0.27616109124045574,-0.040158158285117915,0.5633356918352882
92.4,0.23818077999722656,-0.04227454807451976,0.3975771303312321
92.42,0.19992843725741108,-0.04174609313463455,0.22867393935096436
92.44,0.16275448562859168,-0.038752935621502345,0.06690137287251333
92.46000000000001,0.12852971668759422,-0.033624763459474384,-0.07849819114699237
92.48,0.09982855788345371,-0.02679521878311138,-0.19982602054259338
92.5,0.08008404001885068,-0.018747455213246365,-0.29123602524072445
92.52,0.07367128767140384,-0.009956544591055778,-0.3488176308464771
92.54,0.08588822185122792,-0.0008349924922111346,-0.370452377720054
92.56,0.12255125884817278,0.008310786053933076,-0.3554709316159449
92.58,0.18772241855189872,0.017291399433373197,-0.3041887713675212
92.60000000000001,0.276522418797642,0.025948154046455122,-0.21756193357140977
92.62,0.36718058912619467,0.033900423736235426,-0.09752037591842631
92.64,0.43383927809377326,0.04033941560237988,0.05163233733956079
92.66,0.47072412879095593,0.04429416243633894,0.22186636752641162
92.68,0.48693770833514427,0.04510226476386423,0.40176832383307215
92.7,0.4909074732044026,0.04256558170796677,0.5782074663798558
92.72,0.4868776287246515,0.0368758414832615,0.7380762113504766
92.74,0.4766736963362157,0.028512964824468565,0.8696409745030553
92.76,0.46116254710662974,0.018161127467577233,0.9635222660349575
92.78,0.4408844329612978,0.006633214324716101,1.0133594568949895
92.8,0.41627980872515313,-0.0052028209747466666,1.016177897063435
92.82000000000001,0.3877685587588922,-0.016495081148504717,0.9724655787434194
92.84,0.35578168771455865,-0.02647269143839764,0.8859762185990138
92.86,0.32078051190298784,-0.03450044952613188,0.7632917798253156
92.88,0.28327743928775595,-0.04011959737394235,0.6131931231816815
92.9,0.24386741010159058,-0.043072213300646936,0.44589969688550346
92.92,0.2032792978319381,-0.04330795301660337,0.2722467462848906
92.94,0.16245715802466437,-0.04097311396112171,0.102871107142791
92.96000000000001,0.12267700221823596,-0.03638320126390026,-0.05252567003401928
92.98,0.08568891816829524,-0.02998140407724517,-0.18577525692598756
93.0,0.05384513606443354,-0.022286813223110574,-0.29065232977506555
93.02,0.030153816919199737,-0.013837804930400646,-0.363065501417452
93.04,0.018238975025973436,-0.005136998608573219,-0.4010228197820057
93.06,0.022309844153827956,0.0033970192682499047,-0.4043894248045332
93.08,0.04728740344664073,0.01146965459587057,-0.37446881167759444
93.10000000000001,0.09871183528615475,0.018940395080981484,-0.3134419775772693
93.12,0.18009624765710514,0.025818908962154552,-0.22373770130107554
93.14,0.28331558720368594,0.032135927561019385,-0.10762515279957027
93.16,0.3800185678875753,0.03760644857880849,0.03224868583323598
93.18,0.4433900900071911,0.041433669569055066,0.19103939484681573
93.2,0.4738521075129395,0.042732910491354754,0.36032579098640527
93.22,0.4842810925780447,0.04103297745372167,0.5288817751053874
93.24,0.4835596327717247,0.0363408589141582,0.6845846880595806
93.26,0.47564136975987015,0.02901361578158266,0.8160849065129518
93.28,0.462154816865834,0.01964229580919606,0.9139616968624279
93.3,0.4438957374549187,0.008964976519643869,0.9714787487905678
93.32000000000001,0.4214009262945705,-0.0022079400291671585,0.9850206102467679
93.34,0.3951469413313413,-0.013063068786603281,0.9542416764756564
93.36,0.36562487165810864,-0.022847372671382548,0.8819489814196416
93.38,0.33338150872544353,-0.030922286944818064,0.7737488961979935
93.4,0.29906009272772627,-0.03680524498391125,0.637501484523901
93.42,0.26345735684037414,-0.040195929705438685,0.4826385758358995
93.44,0.2276101036114131,-0.040985623356538596,0.31941028297280866
93.46000000000001,0.19292255396353963,-0.03924918409770831,0.15812890759078807
93.48,0.16133774093800893,-0.03522039140084902,0.008478661595242836
93.5,0.1355365011610633,-0.0292527538445349,-0.12104596972503172
93.52,0.11911713078014662,-0.021769483309446967,-0.22352189513902335
93.54,0.11667139172352352,-0.013208220879494317,-0.29376628051931447
93.56,0.13356718191799533,-0.003968602228030591,-0.32828667276832235
93.58,0.1747890688114213,0.0056227156181137845,-0.32504926585835253
93.60000000000001,0.2411455500222154,0.01529483428688868,-0.28319471825841314
93.62,0.3223029852448557,0.02470364045936262,-0.20302787110696685
93.64,0.3964536253029496,0.03321892227596186,-0.08674112967466338
93.66,0.4473624925546558,0.0399137684572921,0.06029384224795217
93.68,0.47542631559667675,0.04390468041314258,0.22894627567358894
93.7,0.488024590685701,0.04466277737044185,0.4072021211324012
93.72,0.49069051972094846,0.04206904486280969,0.5817641384325005
93.74,0.48618530153690415,0.03634806719562873,0.7395730330503274
93.76,0.475792713064959,0.02799052601227945,0.8690246074447838
93.78,0.4602080935193193,0.01768170215325542,0.9608900188969992
93.8,0.43992180162773026,0.006230707607497676,1.0089530210830613
93.82000000000001,0.4153627715581816,-0.0055012085234727405,1.0103619429454356
93.84,0.38695306130581403,-0.016670653472107194,0.9656970084751355
93.86,0.3551334451689683,-0.0265161108872379,0.8787681334021271
93.88,0.3203827656535516,-0.034411678416408624,0.7561758617705969
93.9,0.2832419436191073,-0.03990694735308589,0.6066840440541528
93.92,0.24435138324828753,-0.042750536821244044,0.4404650588737267
93.94,0.2045115640758617,-0.042896018435549334,0.2682859030248221
93.96000000000001,0.16477700837520107,-0.04049020019799235,0.10070605567908303
93.98,0.12658839734253727,-0.035844944239501186,-0.05264426695911339
94.0,0.09193013639732889,-0.02939495525044791,-0.18364402848885125
94.02,0.06347264274249356,-0.021645438343622828,-0.28607061565361197
94.04,0.04464694770077683,-0.013115056528330027,-0.35576829121527404
94.06,0.03965067797953323,-0.004280315346537745,-0.3905893706824317
94.08,0.05346870725481415,0.0044738307937631635,-0.3901242005115799
94.10000000000001,0.09179563285955411,0.012893730061520354,-0.35525129799743316
94.12,0.15948942363131333,0.02087272659290894,-0.2875667752688673
94.14,0.25373340618863843,0.02838034740152325,-0.18889059458818896
94.16,0.3531744936445959,0.03520041971586296,-0.061415858085382455
94.18,0.42755001205193727,0.04063747785232199,0.0908830104598203
94.2,0.46795179398002573,0.04373143640126167,0.26054425596699216
94.22,0.4847610636420658,0.04380587986500294,0.43668515461252705
94.24,0.48820926631867007,0.04067484636571724,0.6066994196816616
94.26,0.4833957276329649,0.03455633912857916,0.7580881756779105
94.28,0.4724383253246316,0.025952542651434384,0.87982795412181
94.3,0.45629497811359554,0.015557469503404572,0.9633151010299795
94.32000000000001,0.43553899505081756,0.004179096399116013,1.0029748432780334
94.34,0.41063234324687087,-0.007333663500780547,0.9965699710043856
94.36,0.3820205901569076,-0.01815987831323193,0.94522497528227
94.38,0.35017284844883556,-0.027568346527138694,0.8531875945094041
94.4,0.31560968188481353,-0.03496837914391968,0.7273640745236947
94.42,0.2789367139921031,-0.03994634050801358,0.5766788433340467
94.44,0.2408957936764622,-0.04228568602777505,0.411320466801142
94.46000000000001,0.2024453066772589,-0.04196941173226677,0.2419424688180044
94.48,0.16487982319266611,-0.039165032453979065,0.07888953473232885
94.5,0.12999035653374774,-0.03419342136285284,-0.06848326575647562
94.52,0.10024547139261417,-0.027484177891810936,-0.19233853669537598
94.54,0.07894861071754491,-0.01952172054200065,-0.28668587327267614
94.56,0.07032771544787508,-0.010787706938591414,-0.34748617603878623
94.58,0.07953833554028727,-0.0017059278906274172,-0.37252855558251685
94.60000000000001,0.11239112598989373,0.007403391116538956,-0.36110270282712864
94.62,0.17359168517632034,0.016342477842940302,-0.3135319955780197
94.64,0.26042195757544345,0.024971364512351605,-0.2307694249652244
94.66,0.3535579867118804,0.032976371553358634,-0.11457098552369155
94.68,0.42549639994287364,0.03961816357589493,0.031236901025318925
94.7,0.4667007910036936,0.04391693393496318,0.19923672862674177
94.72,0.48539141535361197,0.04514384698475721,0.378454384189811
94.74,0.49076249693427215,0.04303558595363698,0.5559224480512792
94.76,0.4876778422362525,0.03773617770750767,0.7184709172904755
94.78,0.47823264715128777,0.02969173865031314,0.854142324815662
94.8,0.46338894028667127,0.019563321507100776,0.9532200435201944
94.82000000000001,0.44371763060865793,0.008150409433287344,1.0089333785703567
94.84,0.4196681735588525,-0.0036829848225360174,1.0178630197186973
94.86,0.39166210098222887,-0.015079916997491822,0.9800547467705737
94.88,0.36012916146879637,-0.02525645550545077,0.8988566877103221
94.9,0.3255276357692263,-0.03355782578448601,0.7805110505041764
94.92,0.28836486186191584,-0.03950109021375474,0.6335471342998351
94.94,0.24922747203134246,-0.042801712765540845,0.46803516459441186
94.96000000000001,0.20883063563759,-0.04338257280429261,0.29476870226373664
94.98,0.1680963371982601,-0.04136523904662959,0.12444661794970871
95.0,0.12826737734090463,-0.037044522764303006,-0.033076049520841214
95.02,0.09104960029641776,-0.030848550871013763,-0.16940552383873608
95.04,0.05874690032608072,-0.023287994174603015,-0.2780438520710521
95.06,0.03433003593842549,-0.014899676073201005,-0.35460714329560994
95.08,0.021411580818153867,-0.006190899761305026,-0.39681754175584577
95.10000000000001,0.024214043107839832,0.0024100619033066953,-0.40428348190062546
95.12,0.047675772007927414,0.01059524109841986,-0.37809827950571295
95.14,0.09736821292497957,0.01820834283648092,-0.3202915782602539
95.16,0.17703185370070318,0.0252438172695065,-0.23320449513082395
95.18,0.2793313390772818,0.031726354422544865,-0.1190650393368326
95.2,0.37672168049512433,0.03738246066321344,0.019531983968744986
95.22,0.4416409308599521,0.0414262687819992,0.17785040627928683
95.24,0.4733465431052974,0.0429586334640075,0.34757249364848763
95.26,0.4845454781258236,0.04148060001882226,0.5174833301444905
95.28,0.48432793195227186,0.03697547323214915,0.6753654782009535
95.3,0.4767862518493091,0.02978419108028294,0.8096950446939439
95.32000000000001,0.4636037405544598,0.020488293595389676,0.910826113455231
95.34,0.4455930882608636,0.00982218581640194,0.9717710169998434
95.36,0.4232937384067011,-0.0014020731274000733,0.9886590846051979
95.38,0.39717870513535064,-0.012364716338020483,0.9609058102980542
95.4,0.36773118943833527,-0.022302450609546293,0.8911129296021042
95.42,0.33548507397087,-0.03056367539418768,0.7847284990285286
95.44,0.3010634701727031,-0.0366512856768648,0.6495098638763758
95.46000000000001,0.2652320967509975,-0.04025030237559221,0.4948450037807303
95.48,0.2289806361410868,-0.041238620238114476,0.33099674144466346
95.5,0.1936436957339386,-0.039680320163931665,0.16833884385149336
95.52,0.16106622139577786,-0.03580219791388045,0.016652867905876535
95.54,0.13380020496818493,-0.029955482777691052,-0.11545058818309747
95.56,0.11529102370164436,-0.02256627624405715,-0.22093348450178518
95.58,0.10998117770199509,-0.014080016255399388,-0.2945196674149071
95.60000000000001,0.12318862044456046,-0.0049073522723645634,-0.33266194619415307
95.62,0.1602572669894396,0.004616271490618497,-0.33331430614978436
95.64,0.22343174548358247,0.014227936512282843,-0.29561377000613137
95.66,0.30495174626358185,0.023631133602267894,-0.21975692792428464
95.68,0.3837255991316427,0.032275031292578624,-0.10755916029665397
95.7,0.44025138953785653,0.039269760938969986,0.03624635606639657
95.72,0.4722064053790598,0.04368707889424663,0.2031460744924787
95.74000000000001,0.4870119128248859,0.044922225969625286,0.38148060112458554
95.76,0.4910064775834033,0.04279201467606288,0.5580206774842605
95.78,0.4874503195954243,0.03747447801425994,0.7195545711635049
95.8,0.4778330796432014,0.029427462623256993,0.8541680448738822
95.82000000000001,0.46292199664080924,0.01931488216086393,0.9522141923719316
95.84,0.44322977244426737,0.007935317487470096,1.0069950132645384
95.86,0.4191899369023686,-0.0038500576960409103,1.0151560443070187
95.88,0.3912217029017802,-0.015188266622079552,0.9767940967521519
95.9,0.3597581603289935,-0.025299936300840223,0.8952911145297711
95.92,0.3252651233888629,-0.03353496765326352,0.77690449911746
95.94,0.28826264697497855,-0.03941475995014449,0.6301605691129656
95.96000000000001,0.24935782845154808,-0.04265833655192929,0.4651106337779789
95.98,0.2092982279096218,-0.043190939243812884,0.29251735752946295
96.0,0.16905607513072596,-0.04113490068658787,0.12304233059858971
96.02,0.12994960204105477,-0.036783812442323885,-0.03349590217224267
96.04,0.09379282418497227,-0.030562241306233546,-0.16873060986803237
96.06,0.06303733498657961,-0.022974663028605336,-0.27617145849084973
96.08,0.04085007894806837,-0.014548854471905555,-0.3514117579048728
96.10000000000001,0.031109097703382868,-0.005779966310150214,-0.39210857415474454
96.12,0.038404574198400404,0.0029195391484145333,-0.39774958345465866
96.14,0.06810349587762642,0.01126160439399469,-0.36923579548393537
96.16,0.12576083908192043,0.019109763210153022,-0.3083216951314888
96.18,0.2128332747254501,0.02645299727519249,-0.21702969931819294
96.2,0.3156143145877666,0.03322041411893981,-0.09744573046560365
96.22,0.4031388351482125,0.03893434204040199,0.04735274726275458
96.24000000000001,0.4558654264073474,0.04268255967248281,0.21140231765081854
96.26,0.47981881528019726,0.043643099742282976,0.3850729205945475
96.28,0.4870604105237022,0.041462999590371453,0.556339315541027
96.3,0.4846203916279899,0.036239127395543115,0.7127044673004833
96.32000000000001,0.47549691040205294,0.02839017685803423,0.8427426550470298
96.34,0.46096131199491513,0.01855277302616932,0.9371685984141497
96.36,0.44168849876001587,0.007499545872628067,0.9895410035314773
96.38,0.4181721339336426,-0.003934862711194391,0.996657100670063
96.4,0.3908673930742689,-0.01492358107735496,0.9586595787286231
96.42,0.3602462122543414,-0.024711085435029624,0.8788757018011361
96.44,0.32682997987652035,-0.032666954614687084,0.7634205198048972
96.46000000000001,0.29122425296098914,-0.03832635799420619,0.6206105668113631
96.48,0.2541692734006601,-0.041414704230694946,0.46024660803323736
96.5,0.21661848250987598,-0.041855000202709526,0.2928320845891593
96.52,0.1798562108250592,-0.039757655514500966,0.1287973421220207
96.54,0.1456586431560661,-0.03539367667097676,-0.02220161498477702
96.56,0.11648360407289908,-0.029153507601784368,-0.15184744677040218
96.58,0.09564858558921582,-0.021495290953179542,-0.2535384754209467
96.60000000000001,0.0874427220758287,-0.012887886865005475,-0.3225462364058836
96.62,0.09710669350935278,-0.003755185964631617,-0.3559453331742139
96.64,0.13038612499687544,0.005569433220068826,-0.35233690621433683
96.66,0.19133265422393564,0.014856967403464306,-0.311441540261834
96.68,0.2757107592658582,0.02390612018082515,-0.23379032743777586
96.7,0.3635803985753775,0.03231400736306181,-0.12102682770881179
96.72,0.430124788977449,0.03927861946392523,0.022806527591539567
96.74000000000001,0.4683206114957893,0.043826263030755055,0.18996502747013785
96.76,0.4859905572022646,0.045258466918521596,0.3692415549654732
96.78,0.4912205633032242,0.04332554105747689,0.5475284510061844
96.8,0.48827827456846523,0.038169956445583166,0.7115358942971175
96.82000000000001,0.47904269665786137,0.030231450396658147,0.8491679829758173
96.84,0.4644086856246145,0.02016550924552231,0.9505446350712746
96.86,0.4449269085165507,0.008768965236885553,1.0087149038515826
96.88,0.421039673988338,-0.003093347015457158,1.0200755255196614
96.9,0.39316424254918636,-0.014560310430115207,0.9844984284600344
96.92,0.36172567448690723,-0.02484095935701988,0.9051805114621212
96.94,0.327175517147526,-0.033271350550259246,0.7882454312380728
96.96000000000001,0.29001067352524423,-0.03935812448897006,0.6421434289835272
96.98,0.25080122536951627,-0.042806037883126744,0.47690826099521183
97.0,0.2102360262379562,-0.043527971773448845,0.30333876029013573
97.02,0.16919586779424492,-0.041637174677497536,0.1321760205996989
97.04,0.12886135171863985,-0.037422711843537175,-0.026654282772692363
97.06,0.09084958114547605,-0.031310302003937314,-0.1646712043212234
97.08,0.0573463237845012,-0.02381209219382349,-0.2752876222131539
97.10000000000001,0.031173453368464533,-0.01547051547090948,-0.35404461703632745
97.12,0.0157541855247911,-0.0068026188956136074,-0.3986200277742264
97.14,0.015051455782441402,0.0017493878594811892,-0.4086252719357767
97.16,0.033657804059100516,0.009859093476314511,-0.38522133068711034
97.18,0.07693101403238078,0.0173486467811244,-0.3305869062536957
97.2,0.14963292465878053,0.024200829883423765,-0.2472870059634079
97.22,0.24877936648803367,0.03048350650788223,-0.13773187756164568
97.24000000000001,0.35181349067984025,0.03606884720151359,-0.00432204181367013
97.26,0.4271175680322077,0.04031658505830788,0.14905034445850202
97.28,0.4665315479235234,0.042308643673118145,0.31518646738850176
97.3,0.48181624294591335,0.04142623208734971,0.4836633343197103
97.32000000000001,0.48380206018391025,0.03754589654875424,0.642581836637578
97.34,0.4777335064300038,0.030934992076585247,0.7803782658267848
97.36,0.4657592386253596,0.02212387385196062,0.8871207406045407
97.38,0.4488511157450438,0.011811511306428194,0.9553635553404067
97.4,0.4276003294176082,0.0007884523815501834,0.9806643168459002
97.42,0.40249739423497355,-0.010133469722081883,0.961807996542292
97.44,0.37403304290700956,-0.02018583952374145,0.900760462421126
97.46000000000001,0.3427467521703367,-0.028700097866590935,0.8023786014779718
97.48,0.30926808751212714,-0.03515231617455694,0.673916925485472
97.5,0.27437097784265363,-0.03919341809715547,0.5243833685764506
97.52,0.2390549409590086,-0.04066293023311966,0.36380668363064206
97.54,0.20466515236406344,-0.0395854712134939,0.20248329072697654
97.56,0.17305675166605555,-0.03615038639762706,0.050272222963340545
97.58,0.14679124400483193,-0.030676260032711723,-0.08399739977618917
97.60000000000001,0.12932218112981572,-0.02356362357208827,-0.19295193116926015
97.62,0.12508422683014528,-0.015241125203106902,-0.27089438902983204
97.64,0.1392958757637758,-0.006113101647958679,-0.3138098398603615
97.66,0.17688956792413757,0.0034773024548886084,-0.31918550878234087
97.68,0.23908706100762991,0.013237667626258793,-0.285762795670833
97.7,0.3169875536027588,0.022814133756241792,-0.21351702852488527
97.72,0.39037338439320524,0.03159380920690693,-0.10429663990371255
97.74000000000001,0.442567422546737,0.03867159897231783,0.03696372126612227
97.76,0.47238398604256165,0.0431516482549773,0.20159646463987066
97.78,0.4864727444627417,0.044461612821666094,0.3779316673535681
97.8,0.4903490661304475,0.04243058332221262,0.5528192610456238
97.82000000000001,0.48688877543194836,0.03723480577758282,0.7131445456622435
97.84,0.4774487000147556,0.02932406936113739,0.8470686964166249
97.86,0.4627567780140017,0.01935206386089319,0.944982752962634
97.88,0.44331634742164083,0.008106968006811072,1.0001849316907996
97.9,0.41956161804595177,-0.003559466372332249,1.009277024512779
97.92,0.39191750225991184,-0.014801898058774337,0.9722777547429893
97.94,0.3608276076865,-0.02484622188220307,0.8924650114415605
97.96000000000001,0.3267749479167617,-0.033044854554824914,0.7759764774219848
97.98,0.29030700724848757,-0.03891875654340569,0.63121455884987
98.0,0.2520742011186901,-0.04218350660177597,0.46811442271124154
98.02,0.21289174204912714,-0.04275794455308036,0.2973423101211186
98.04,0.17383554466794968,-0.04075512341612032,0.12949477528212966
98.06,0.13637815445802726,-0.03645651933219667,-0.025631881086993435
98.08,0.10255471355702248,-0.030271706873065907,-0.1596389864137022
98.10000000000001,0.07512241287814603,-0.022687152518689985,-0.2659383276966932
98.12,0.057663210439609196,-0.01420931075149379,-0.33994681381808944
98.14,0.054618054990063995,-0.005308053089448783,-0.3790522005815439
98.16,0.0712834166919745,0.0036342401864258283,-0.3823622929305096
98.18,0.1134806837490094,0.012361936955175503,-0.3502707852964905
98.2,0.18511390760115226,0.020751361020896253,-0.2839203447004181
98.22,0.28000653871207165,0.028707286709391856,-0.18482648129681972
98.24000000000001,0.37356213812237,0.03587531252497284,-0.055287849476765676
98.26,0.4391640302935954,0.041436005131391826,0.10003973251303097
98.28,0.4734969741976465,0.04443716934069576,0.2727686653517918
98.3,0.4873627213291132,0.04428499124881647,0.4513103952846611
98.32000000000001,0.48942827448059306,0.04086349333855323,0.6226727601052671
98.34,0.483803143478067,0.03443589876437739,0.7741983307826898
98.36,0.47221195225233015,0.025535850981710975,0.8948551900413062
98.38,0.45547909118962565,0.014881434712296448,0.9761411810898769
98.4,0.43413290562578727,0.003298958729426751,1.012667713398278
98.42,0.4086166472926294,-0.008350173036125938,1.0024455355438768
98.44,0.37936237304823056,-0.01923875373165966,0.9468847278700869
98.46000000000001,0.3468227197067132,-0.028635651901337343,0.8505310098292787
98.48,0.31149371449260477,-0.03595634482321928,0.7205759890583406
98.5,0.2739428879059794,-0.04079885230377724,0.5661935580010649
98.52,0.2348529432745881,-0.04296290067460783,0.39776557152581665
98.54,0.19509159882417593,-0.04245136307599605,0.22606620298894403
98.56,0.15581738272003007,-0.03945424081336931,0.061475745291647885
98.58,0.11862298291559646,-0.034316658031024676,-0.08670884281779707
98.60000000000001,0.08569668857964795,-0.027493648054699497,-0.21080778618123946
98.62,0.05995520713346667,-0.01949602635838525,-0.30509196300688085
98.64,0.04510256260187172,-0.010833071035638162,-0.36589141727308994
98.66,0.045637490296917486,-0.001957976075171679,-0.3914783331455379
98.68,0.06687105067899914,0.006779588577240429,-0.38174490834540614
98.7,0.1145680636928957,0.015168505857627296,-0.33771308305010916
98.72,0.1920277880932471,0.0231324871401082,-0.2609650928611032
98.74000000000001,0.29082966706496904,0.030601580639840094,-0.15329890643612537
98.76,0.38367385425291956,0.037195900653253886,-0.0172932841604274
98.78,0.4453954818748213,0.04206205899915733,0.14196696373513223
98.8,0.47609173437658475,0.04428253111118706,0.31565459274288143
98.82000000000001,0.4874852467964464,0.04334623954981278,0.4919963551084225
98.84,0.48782821797520887,0.0392169400425158,0.6581513196457903
98.86,0.4808558095392074,0.03221874746732615,0.8018956447178349
98.88,0.46812734243814064,0.022927161281537444,0.9128360890240874
98.9,0.45041018156180945,0.012083984493621453,0.9832401332841533
98.92,0.4282182982828233,0.0005216455470228578,1.0085482820785372
98.94,0.4019979890006353,-0.010908894020562112,0.9875912427916924
98.96000000000001,0.3721944728878183,-0.021405459331190015,0.9225272820132334
98.98,0.33928358690663174,-0.03027361156245073,0.818525735960539
99.0,0.3037985153743051,-0.03697347456924271,0.6832378114528279
99.02,0.2663656354233855,-0.04115144101425679,0.5261094943050066
99.04,0.22776062809376205,-0.0426548615641072,0.35760123368458074
99.06,0.1889962012543265,-0.04152902311696324,0.18838426174048903
99.08,0.15145005173243342,-0.03799692624825561,0.028583772429784778
99.10000000000001,0.11702962780507659,-0.032423603717911385,-0.1128652938001822
99.12,0.08834615181433754,-0.02526810585062975,-0.22869377657249984
99.14,0.0688490438019535,-0.017027828023130197,-0.31356463930682554
99.16,0.06288856267011746,-0.008181053054903503,-0.3641110087114894
99.18,0.07570964035144993,0.0008664079509046736,-0.37875072412674
99.2,0.11314495840584825,0.009823907973578211,-0.3573058026546419
99.22,0.17953010877710018,0.018528285590592452,-0.30050005751565406
99.24000000000001,0.2704835796426029,0.02686052449454721,-0.20956653283587767
99.26,0.3639987456994109,0.034485859526710794,-0.08653490160445818
99.28,0.43279246277087763,0.040621241908750896,0.06434376006980788
99.3,0.47046263916259706,0.044295180851433365,0.2351367075745633
99.32000000000001,0.4866618437418621,0.04484422527784681,0.4145163586742258
99.34,0.49034434302508517,0.04207927069186944,0.5894543717229646
99.36,0.4859747473227343,0.0362052260983834,0.7469924697799063
99.38,0.4754469177635894,0.027713599413718763,0.8755972236708897
99.4,0.45964690421385535,0.017295964446420335,0.9661277665405159
99.42,0.4391212458873319,0.005767546990909266,1.01248168808477
99.44,0.41431444522352856,-0.006006440541291527,1.0119416678342465
99.46000000000001,0.3856514264562023,-0.01718143727087154,0.9652326419024416
99.48,0.353570794780265,-0.02699764357358723,0.8763081114425976
99.5,0.3185457284714289,-0.0348335432678067,0.75189989018425
99.52,0.281107385132504,-0.0402453676952459,0.6008808818607585
99.54,0.24188052783664,-0.042990086919176385,0.4335023414799908
99.56,0.20164125327765056,-0.04303073411849485,0.2605743151473992
99.58,0.161406890417542,-0.040524103536860666,0.09266025026135832
99.60000000000001,0.12256275553547394,-0.03579206528895882,-0.06064580434233144
99.62,0.08701288708902054,-0.029278994242916214,-0.19129842614726364
99.64,0.057312917100669825,-0.0214992681861532,-0.29318831446491145
99.66,0.03672945457822742,-0.012980344583833365,-0.3623088805079377
99.68,0.029223006673847297,-0.0042076617686836425,-0.3966967943433673
99.7,0.03946066901625646,0.00442389369507309,-0.3961642046331188
99.72,0.07287998018926929,0.012649913064898356,-0.36185345259382196
99.74000000000001,0.1348694028904865,0.020359805063445414,-0.2956590814687493
99.76,0.22562571387565777,0.027556733221762997,-0.19965581209666605
99.78,0.3286092208473703,0.03414256006704709,-0.07599780466196474
99.8,0.412153965211162,0.039573519302357765,0.07196616900780861
99.82000000000001,0.4603388404943303,0.0429164200610173,0.23779652669894516
99.84,0.4813748086563186,0.04340348735487173,0.4114659857727264
99.86,0.48694795748149916,0.04075176527876504,0.5808199909036309
99.88,0.4834179317691362,0.035111553872554796,0.7334821166923469
99.9,0.47345105824029715,0.02693809773189261,0.858325759543739
99.92,0.4581978311501126,0.016891376246616345,0.9464837095218539
99.94,0.4382953102062267,0.005755792004230634,0.9920026985960321
99.96000000000001,0.4142284184324324,-0.0056330993122462765,0.992193126288516
99.98,0.38645472800444336,-0.016457486477816793,0.9476941832294735
100.0,0.3554548599598125,-0.02597947173793981,0.862275697622841
100.02,0.3217651947617978,-0.03359287283683283,0.7424108219775328
100.04,0.2860151619622801,-0.03886132886822087,0.5966679266939995
100.06,0.24898256359622523,-0.041540300765532855,0.4349816606839958
100.08,0.21167921917607663,-0.04158169094506691,0.2678705433218729
100.10000000000001,0.17547754588661518,-0.039120992778011225,0.10567118777430368
100.12,0.14227985530435064,-0.03444809947739824,-0.04214280335197767
100.14,0.11471151611707939,-0.027964249533537464,-0.16749637755347405
100.16,0.09629303953523502,-0.020129143424023693,-0.2640550777439892
100.18,0.0915332340630114,-0.011403824845578699,-0.32734499403715317
100.2,0.1058491351265166,-0.0021962507708979707,-0.35464703586017693
100.22,0.14486514996098354,0.007179811517848078,-0.34469507364838414
100.24000000000001,0.21140604772319183,0.016504455552541587,-0.29727745316187043
100.26,0.2979460329439396,0.025542567529161148,-0.21302935624781003
100.28,0.38177215028883,0.03379542893488714,-0.09396355707320939
100.3,0.4411019427943169,0.040381158439590115,0.055114282985216374
100.32000000000001,0.4736241883556407,0.044356873430774046,0.22558821196209383
100.34,0.487971014952145,0.0451223678672749,0.4056684615919579
100.36,0.49121914502176484,0.04252072110908486,0.5820612777219978
100.38,0.4868762836109358,0.03676383641963206,0.7416149699783826
100.4,0.4764921126495141,0.02834167340017906,0.872609397736967
100.42,0.4608443486594217,0.017944083789560288,0.9657088376257551
100.44,0.4404458428249168,0.006387261402188225,1.0146140662772474
100.46000000000001,0.4157284785747628,-0.005459325540861641,1.0164213932946637
100.48,0.38710906433526254,-0.016743868233031874,0.9716925751633979
100.5,0.35501692446972327,-0.026697029034645568,0.8842517829034617
100.52,0.31991168947710563,-0.03468638117884265,0.7607427271234404
100.54,0.2823033983580433,-0.04025690478455706,0.6099948871767338
100.56,0.24278336846541126,-0.04315505553191746,0.442259985922384
100.58,0.2020749013653184,-0.043335162825415954,0.2683873269825222
100.60000000000001,0.16111358317575744,-0.04094816307734558,0.09900907399968319
100.62,0.12116273126768431,-0.03631387740886704,-0.05619589039377458
100.64,0.08395358325097461,-0.029879271632066065,-0.18909814821565327
100.66,0.05181029270978445,-0.022166558339956382,-0.29352510127943127
100.68,0.027698414968854772,-0.01371660091183193,-0.36544927178622494
100.7,0.01517600128499949,-0.005034074819528396,-0.4029515995760819
100.72,0.018352206220542913,0.0034603848342836074,-0.40597815044450164
100.74000000000001,0.04201855631567407,0.011469629667541063,-0.37592241701887147
100.76,0.09165429552666914,0.018850426159183916,-0.3150664475822555
100.78,0.17117640945064352,0.02561428415592751,-0.225944832691215
100.8,0.273919450823508,0.031813250416042674,-0.11089285233401877
100.82000000000001,0.372787517520676,0.0372137693539194,0.027524510841439677
100.84,0.4393043960437163,0.04106100579482686,0.18475323939253874
100.86,0.4718803417293309,0.04246005153428917,0.352727658830887
100.88,0.48337460473202276,0.04090518596164023,0.5204726538867105
100.9,0.48321810957345024,0.0363749300027568,0.6759862098230396
100.92,0.4756828433774743,0.02920677344412859,0.807944430007997
100.94,0.4625211860122563,0.019977525547284547,0.9068856424167999
100.96000000000001,0.44457125116098173,0.009414595579890325,0.9659830581595542
100.98,0.42238449558445057,-0.0016790550987899567,0.9814945294492957
101.0,0.3964439217019568,-0.01249417068674686,0.9529245777840432
101.02,0.3672455270944719,-0.02227847905589313,0.8829205836004063
101.04,0.335342094489134,-0.030390944364341983,0.7769327544114053
101.06,0.3013854497847862,-0.03634362665547293,0.6426808228320788
101.08,0.2661848562547257,-0.03982844595183672,0.4894827555354537
101.10000000000001,0.230795033186766,-0.0407271740318229,0.3275095787898109
101.12,0.19664497467373362,-0.03910412399572094,0.16703486201546713
101.14,0.16571051716356003,-0.03518222280500503,0.01774711943045313
101.16,0.14071342290804065,-0.0293045155653785,-0.11181200529011859
101.18,0.12529735263790537,-0.021884794807438247,-0.21463228081578412
101.2,0.12408566540782277,-0.013353046976225656,-0.28540930156499494
101.22,0.1423961008634762,-0.004104310870480283,-0.3205038976963619
101.24000000000001,0.1848920895024782,0.005532937590632538,-0.31772827085488975
101.26,0.25152028529069387,0.015272051802218183,-0.2761010299176056
101.28,0.3309208862019968,0.024732361935602867,-0.1959093678478408
101.3,0.40177244954384983,0.03324250087306111,-0.07949498202621552
101.32000000000001,0.44978025504752,0.0398680148992968,0.06751359017962284
101.34,0.4761979598227977,0.04375319660630866,0.23577786428926445
101.36,0.48802060352616117,0.04440073411502996,0.4132041306919149
101.38,0.4903065664036916,0.04171224952305157,0.5865208634294456
101.4,0.4855803230555583,0.03592376694395106,0.7427572501492438
101.42,0.47503786775029877,0.02753173715871968,0.8704311201204235
101.44,0.45934632652577256,0.01722332192799436,0.9604505919432776
101.46000000000001,0.43898849153918973,0.00580640556427595,1.0067375003460781
101.48,0.41439319321437107,-0.0058615860145063495,1.006567986774676
101.5,0.3859861273313146,-0.016943140039775893,0.9606304866930157
101.52,0.35421503860795206,-0.02668404369993635,0.8728165334923598
101.54,0.3195701668175994,-0.03446640560096263,0.7497774108583289
101.56,0.282610574254464,-0.03984777141125107,0.6002955195727957
101.58,0.2440053516285322,-0.042583882152971785,0.43453137867523706
101.60000000000001,0.2045998828579996,-0.042633839154435985,0.2632145738548394
101.62,0.1655174540748497,-0.04014766421739921,0.09684945280995191
101.64,0.1283002223639476,-0.03543745110435024,-0.05499599965556304
101.66,0.09507510353263453,-0.02893458612607164,-0.1842569714994709
101.68,0.0687030055820255,-0.021136997968432967,-0.28474598816023555
101.7,0.05286297481303096,-0.012551887183039174,-0.3523050267100348
101.72,0.05207425357054498,-0.003639963459233939,-0.38472964777050844
101.74000000000001,0.07169380499012475,0.005233853338566283,-0.38148158501675616
101.76,0.11751724900303914,0.013837142145554399,-0.3432259189299238
101.78,0.19291922814188944,0.02206819565091093,-0.2712824404971613
101.8,0.2899306826273015,0.029833420836882094,-0.1672879623727375
101.82000000000001,0.3820918752542671,0.03674191423728499,-0.03373244910133936
101.84,0.4442663986447829,0.04193881120921162,0.12436875614085942
101.86,0.47575699695041257,0.04449446108964372,0.29823598713664384
101.88,0.48785758873353646,0.043873150122922526,0.47606665003818033
101.9,0.4887783084827954,0.040013024335453715,0.6448866704630261
101.92,0.48228903612570967,0.03321778207196341,0.7922460082987716
101.94,0.4699711246435557,0.02404933156036414,0.9074569753616166
101.96000000000001,0.4525996287392052,0.013243076278994369,0.9824525897836128
101.98,0.4306885858145518,0.0016321256684560604,1.0123275661299056
102.0,0.4046797844322202,-0.009925353976539968,0.9955828548146064
102.02,0.37500973355513256,-0.020614458829192727,0.9340872347949323
102.04,0.34214009877893875,-0.02972387737820169,0.8327802717979698
102.06,0.3065816639616814,-0.036694379775963015,0.699156444513304
102.08,0.26892547568327874,-0.04115235755973898,0.5425843482691798
102.10000000000001,0.2298916673074827,-0.04292640979676337,0.37352517964069776
102.12,0.1904068721525519,-0.042046186660598894,0.2027203022015298
102.14,0.15171946212177861,-0.03872391324656972,0.040418418222611024
102.16,0.11555172451894757,-0.03332023228447041,-0.10429123538500935
102.18,0.08426511321588097,-0.02629734683597213,-0.22398242046081815
102.2,0.06098975715396576,-0.01816398405253178,-0.3131898763298801
102.22,0.049680606489105474,-0.009418011750566993,-0.3684804010994613
102.24000000000001,0.05513055663362976,-0.0004925110447907956,-0.38829959048823925
102.26,0.08293122392815576,0.008290171023255029,-0.3726173546010262
102.28,0.13862954056913532,0.016747187069294962,-0.3224181808393252
102.3,0.22317203759009296,0.024805836060263563,-0.239168906416844
102.32000000000001,0.3223834274898675,0.032317082759715045,-0.12468179463218122
102.34,0.4064812101117687,0.03873254851496364,0.017928282565468016
102.36,0.4575507357826976,0.043108938173659475,0.18245315111970223
102.38,0.48135857086381784,0.044614152634178006,0.35894870433370873
102.4,0.4890683215549755,0.042877871093020894,0.5350243274776991
102.42,0.48722244646885915,0.03797465734480909,0.6977347637174349
102.44,0.4786454737929015,0.030305691116862654,0.8351238847509317
102.46000000000001,0.4645533705755616,0.02049993212673701,0.937324714891063
102.48,0.4455998145819083,0.009333565162957854,0.997305980381293
102.5,0.4222633255087686,-0.002344552537079835,1.011310876191549
102.52,0.39498004934835557,-0.013684355619980838,0.9790035755390583
102.54,0.36419334788497787,-0.023900569223682732,0.903339617818917
102.56,0.33038026225009626,-0.032329367112973996,0.7901896651332908
102.58,0.2940770385996947,-0.038472030331591425,0.6477615315215723
102.60000000000001,0.255915596670623,-0.04202285022918717,0.4858783555214353
102.62,0.2166815552081536,-0.04287967946612933,0.31517953577604296
102.64,0.1774047263945859,-0.04113675369409463,0.1463149973425187
102.66,0.13948912729088772,-0.03706061208946751,-0.010797549341052065
102.68,0.10487507068774145,-0.031051188303953193,-0.147588460086375
102.7,0.07619975880082783,-0.023591561306152073,-0.2572722686214311
102.72,0.05690523331017125,-0.015191403501779891,-0.33506828230366725
102.74000000000001,0.051275103118648066,-0.006330147072369579,-0.3781923890406139
102.76,0.06444223986813422,0.002594729285221054,-0.3856302286664957
102.78,0.10219938447472295,0.011309265395031113,-0.35772154952667945
102.8,0.169192412155392,0.019677450426299203,-0.2956217832917813
102.82000000000001,0.2618727107313944,0.027624503157556376,-0.2008551963353945
102.84,0.358514971474817,0.03487508012446558,-0.07553009884441714
102.86,0.43022610071027045,0.04068810497480358,0.0762409196301366
102.88,0.46932731217682083,0.044094640097131634,0.24675005112267284
102.9,0.48586590466292245,0.04442235267948316,0.42487006728522214
102.92,0.48945203723262143,0.04148244273537006,0.5977543149979743
102.94,0.48487278125869415,0.035485978134713825,0.7526416454482074
102.96000000000001,0.47413474308012626,0.02693012497577583,0.8782209419006289
102.98,0.4581594846257817,0.016508593371179485,0.965589785254649
103.0,0.437506125483225,0.0050343819861638625,1.0088840965954404
103.02,0.41262669977662425,-0.006633709981589471,1.0056074424642403
103.04,0.3839546169455413,-0.01766102341852436,0.9566727231358783
103.06,0.3519408878494099,-0.027300141920879064,0.8661764605005132
103.08,0.31707795477691036,-0.034943216821231825,0.740940966838324
103.10000000000001,0.27992733813654824,-0.040160133476912024,0.5898745600654405
103.12,0.24116178001627706,-0.04272017502028883,0.42321153383896093
103.14,0.20163258358966818,-0.04259604145425557,0.2517005858080683
103.16,0.16247241637633072,-0.03995030070750615,0.08581253150244623
103.18,0.12523694326874624,-0.03510555417594164,-0.06496458266296609
103.2,0.09206938244819814,-0.028500887184797333,-0.19268250635861514
103.22,0.06584479205929256,-0.020638667536290713,-0.29129468950867093
103.24000000000001,0.050246340026599216,-0.012027229322948935,-0.3567951227800882
103.26,0.04978233098608987,-0.003125460265232718,-0.3871298350107123
103.28,0.06979041592153543,0.0057059426069423404,-0.38189875320028
103.3,0.11605900062791209,0.014240745855446633,-0.3418842344779619
103.32000000000001,0.19197795073709323,0.022385202599242288,-0.26849498631360647
103.34,0.2895439352789015,0.030054666848711574,-0.16342235599370974
103.36,0.3821003050193622,0.036865171560584525,-0.029177759621308825
103.38,0.44436504359789136,0.04196464191760047,0.12922117077367679
103.4,0.4757571768925053,0.04442588382048845,0.3030012025925049
103.42,0.4877119099090953,0.04371818187972934,0.4803810984760326
103.44,0.4884921412117566,0.03978562195641859,0.6484307942885139
103.46000000000001,0.4818785981398994,0.03293696466638151,0.7947666726945615
103.48,0.4694538852470864,0.02373752070787462,0.908784541467146
103.5,0.4519932900524199,0.012924184659609312,0.9825107371468226
103.52,0.43001160824194934,0.0013296360995104727,1.011135388975373
103.54,0.403952213200897,-0.010190156304770718,0.9932495322965624
103.56,0.37425429574617713,-0.02082396805542364,0.9308001623339023
103.58,0.34138379723157125,-0.029865256812921542,0.828788018955435
103.60000000000001,0.3058582416174476,-0.03676018442872403,0.6947482682419615
103.62,0.26827930944390654,-0.041140645235525325,0.5380682292800526
103.64,0.22938387244666594,-0.04284032564935149,0.3692064668184318
103.66,0.19012455761819536,-0.04189303071933132,0.1988830596995415
103.68,0.15178894033720555,-0.038513722293452964,0.03731148799914988
103.7,0.11615577348462655,-0.033063933584231944,-0.10646161752642216
103.72,0.08566332836125605,-0.026004579742950912,-0.2250519198216162
103.74000000000001,0.06354108362430595,-0.01784072745079494,-0.31302620179865415
103.76,0.05386941742170622,-0.009064159744285944,-0.3669638123675139
103.78,0.061592628392531455,-9.952552161891087e-05,-0.38529380342124486
103.8,0.09241836384811639,0.008740935453372917,-0.36793197014241924
103.82000000000001,0.1516379748186767,0.017282048199104883,-0.31577050621273495
103.84,0.23870138215558895,0.025440940277921112,-0.23018094701774633
103.86,0.33670319701127155,0.033013950685144615,-0.11300267497161669
103.88,0.41592907224311715,0.03937030752750732,0.032326763811391074
103.9,0.462308573530749,0.04354344068734334,0.1990383538102722
103.92,0.48337786340960137,0.044751517751806476,0.3766979168791628
103.94,0.4896622078953738,0.042685363835893574,0.5526656755987256
103.96000000000001,0.48695470766141,0.03746424393009298,0.7139604780886302
103.98,0.4777285728373097,0.029520170174553217,0.8487393859742967
104.0,0.4630732305543111,0.01950363430963715,0.947352369076083
104.02,0.4436009859429162,0.008204720534491408,1.0030557296218305
104.04,0.41977707266014563,-0.003521102167537841,1.012421212118573
104.06,0.3920330332422635,-0.014824232170134736,0.9754537253012386
104.08,0.3608099756167254,-0.02492641099327475,0.8954343422963464
104.10000000000001,0.3265828210912717,-0.03317645598778915,0.7785195660803311
104.12,0.28988487403025837,-0.0390926383022487,0.6331433081132004
104.14,0.2513437154985218,-0.04238905444874782,0.46928067469685814
104.16,0.21173872688514891,-0.04298452328149667,0.29764093203114494
104.18,0.17209087367397038,-0.040993766701236,0.1288604373745417
104.2,0.13379111628436735,-0.03670183794024359,-0.027235125544277865
104.22,0.09875844671770045,-0.030524006714493925,-0.16223617847467303
104.24000000000001,0.06959148272749839,-0.022954738815754293,-0.26957093498615087
104.26,0.04966091645900178,-0.014510958395707745,-0.34470961067895
104.28,0.043129367151318,-0.005675689449134422,-0.3851404286280913
104.3,0.05496581554266209,0.003152761777427112,-0.3901299107539809
104.32000000000001,0.09086767933651245,0.011702253119190079,-0.360297071449908
104.34,0.15586971759486007,0.019845632582005047,-0.29705817762414327
104.36,0.24800959119351318,0.027539422319436548,-0.2021252359790943
104.38,0.34742352683260347,0.03457796809763129,-0.07759256847299248
104.4,0.4237396629940976,0.04029055573060467,0.07274649715781537
104.42,0.46619756434588006,0.043712804347797125,0.24166412637030255
104.44,0.4843783104986128,0.04413191871483782,0.418421402386492
104.46000000000001,0.4887086738771286,0.041322487992730625,0.5903963854932761
104.48,0.4845404211088887,0.035472176311826184,0.7449339328776517
104.5,0.47411054783555906,0.027062174342196252,0.8707520479481788
104.52,0.458419446271324,0.016773862323096366,0.9589215158785432
104.54,0.43805266144610305,0.005410485433533244,1.0035073929339624
104.56,0.41347297987306536,-0.006176315406497723,1.0019084825384714
104.58,0.3851212954949547,-0.017156195908038185,0.9549098971490193
104.60000000000001,0.3534575617514319,-0.026783046441979833,0.866469099780164
104.62,0.31898747110660625,-0.034447326034843344,0.7432701486624997
104.64,0.2822931268488718,-0.039714414061323235,0.5940955923356234
104.66,0.24407932699715582,-0.04234659832124432,0.4290770830922818
104.68,0.20524674176620145,-0.04230749700203005,0.25889297145744794
104.7,0.16700251488237047,-0.039748919669418764,0.09398353640893523
104.72,0.1310114302469323,-0.034981381277816796,-0.05614792280846399
104.74000000000001,0.09957132281783587,-0.028430787160194104,-0.18348731522638775
104.76,0.07577040160483003,-0.020585310022419933,-0.28186750542977546
104.78,0.06358084332956386,-0.011937933484788645,-0.3471028984426395
104.8,0.06788334405320647,-0.002930696208062725,-0.37689564716372564
104.82000000000001,0.09435872999039423,0.0060935740486725894,-0.3705317346500033
104.84,0.1484639183492492,0.014920670873630897,-0.32841510351996206
104.86,0.23073508366164852,0.023433421303311254,-0.2515827473826138
104.88,0.32684037726106674,0.03142694041170024,-0.14162087792244699
104.9,0.40819215034527173,0.03830746382965216,-0.0016314053972491735
104.92,0.45806292390977055,0.043117482637192284,0.16207107713062593
104.94,0.48184499273575104,0.04502125362812367,0.3394112309717783
104.96000000000001,0.48997193870046585,0.0436346995603428,0.5178342217726214
104.98,0.4886298087054812,0.03901258802468124,0.6841602927552297
105.0,0.48052783166021124,0.03153851103937,0.8261219770339423
105.02,0.46684947967440765,0.021830214744658825,0.9334825488050399
105.04,0.4482378512597103,0.01066045329935609,0.9988115054257771
105.06,0.42516458930687934,-0.0011175196636912126,1.0179548839650399
105.08,0.3980570830046023,-0.012642180667439284,0.9902117702015316
105.10000000000001,0.36734532627185523,-0.023111075498317542,0.9182304166184796
105.12,0.33348544637898353,-0.031839237428021326,0.8076514796416258
105.14,0.29698074103067945,-0.038304884462975315,0.6665418862795677
105.16,0.2584110096606544,-0.04217950724562321,0.5046763553821697
105.18,0.2184797074953686,-0.043340636241060174,0.33273284522394764
105.2,0.1780892180220855,-0.04186681759449164,0.16147256293883255
105.22,0.13845229557939256,-0.038015540856670776,0.0009746135741861006
105.24000000000001,0.10123593685804236,-0.03218607611181692,-0.1400100158410437
105.26,0.0687084346422471,-0.024870536641953857,-0.25453091337287487
105.28,0.043834675690759536,-0.016598051385019626,-0.3376992796675691
105.3,0.030283907801281068,-0.007878184892754561,-0.38672202477255685
105.32000000000001,0.032411935928169336,0.0008506997907568119,-0.4007178886917827
105.34,0.0553314885821228,0.009265164755248754,-0.3803423444543728
105.36,0.10471160919053672,0.017189371048858666,-0.3272572682200005
105.38,0.1840687778716819,0.024592225901679875,-0.2435247460291505
105.4,0.28536733192402197,0.03146070702673694,-0.1312180134017816
105.42,0.3808136517476034,0.03747251655635726,0.0070455223525954305
105.44,0.4439876092391732,0.04180755092853853,0.16633035157353282
105.46000000000001,0.47489084366827405,0.04356097408809932,0.3380424787764791
105.48,0.48591959775909366,0.04223667242697062,0.510692441397988
105.5,0.4857636286655308,0.03781779234998763,0.6717940746605021
105.52,0.47832266854239813,0.030644663824167126,0.8095517749095026
105.54,0.46520887048055404,0.021301142904810715,0.9140506001103359
105.56,0.44720884071554085,0.010528048058354103,0.9780512143531054
105.58,0.4248488770062107,-0.0008522661432252398,0.9974649105029586
105.60000000000001,0.39858992517374514,-0.012006749505795958,0.9715366713046251
105.62,0.36889893782379213,-0.022157064552490228,0.90275481885584
105.64,0.3362853625501221,-0.03063618472630534,0.7965154085765423
105.66,0.3013347610528139,-0.03693261357779186,0.6605838884021183
105.68,0.2647551760535308,-0.040719387097253174,0.5044095366634482
105.7,0.22744872100154145,-0.041866093300464924,0.3383574609072275
105.72,0.1906202022592066,-0.04043331673385534,0.17292766929534997
105.74000000000001,0.15592954106752366,-0.036650114648363055,0.01803070738348523
105.76,0.12567920401726201,-0.03087640955724793,-0.11761558334106498
105.78,0.10300210697778275,-0.023553655783955685,-0.22691403718169514
105.8,0.0919951046224135,-0.01514874891227358,-0.3046033754810329
105.82000000000001,0.09773053079410506,-0.006097545349732284,-0.34724594696382666
105.84,0.12591680151274412,0.0032436223572144007,-0.3530020032447101
105.86,0.1811552021591104,0.012620272859318455,-0.3212526697315399
105.88,0.2613077803763003,0.02182567740502476,-0.2522619688122121
105.9,0.34944156818331595,0.03050058996658199,-0.1473352649755618
105.92,0.42023863745043427,0.03790655918572794,-0.009936324096586742
105.94,0.46294239668693454,0.04306698767673917,0.15291215636719568
105.96000000000001,0.4836947770130692,0.04521018974888646,0.33055572027873636
105.98,0.4909334430711662,0.044000621305669514,0.5101050898363743
106.0,0.4894736322255722,0.03950917085925662,0.67817100095263
106.02,0.48147563044196184,0.03212052178703152,0.8223052903443127
106.04,0.46794302289180656,0.022450524904128268,0.9320864130342336
106.06,0.44946355761549256,0.011271752720627776,0.9998940792358371
106.08,0.42649046932227,-0.0005596936450096308,1.0213897225040733
106.10000000000001,0.3994422079971593,-0.012176407123385597,0.9957054010959598
106.12,0.3687405839671767,-0.02276755319504305,0.9253511027865295
106.14,0.33483063353725656,-0.031638098167405836,0.8158664137223031
106.16,0.298198690409765,-0.038255461998059286,0.6752592544828512
106.18,0.2593977958222143,-0.04228063005640075,0.5132882904692095
106.2,0.21908903344671127,-0.04358195780433153,0.34065513073649534
106.22,0.17810852135546748,-0.042231159822948956,0.1681769768848606
106.24000000000001,0.13756837679207248,-0.03848219636532413,0.006009957059769651
106.26,0.09898969157381407,-0.032734971683824866,-0.13701186473520882
106.28,0.06444088492813109,-0.02548708078152004,-0.2538670435692557
106.3,0.03662508222065491,-0.0172784042186748,-0.33962811829441764
106.32000000000001,0.018867803328868123,-0.008634760384323668,-0.39151726923491464
106.34,0.015051352089841534,-1.67154980400255e-05,-0.40874517920736925
106.36,0.029664755963916337,0.008223292952426473,-0.3921614451295055
106.38,0.06796976400367215,0.015875694751132693,-0.3437497658266426
106.4,0.1351265041474062,0.02289228448575065,-0.26600958888162735
106.42,0.23041467541590968,0.029334870389427926,-0.16137234168435935
106.44,0.33511133552760475,0.03513462887496504,-0.032163393855375186
106.46000000000001,0.4167435841066845,0.039742210960214706,0.11813514508988181
106.48,0.46187138976199565,0.04224159645710503,0.28295100301118786
106.5,0.48050041848045416,0.041930276661327016,0.4522963657935878
106.52,0.48437249068637883,0.038599078689888794,0.6143482053119085
106.54,0.4795610492581539,0.03245493464597657,0.7573260100928749
106.56,0.4685761667900295,0.023988647049268903,0.8708833852405014
106.58,0.452514354315316,0.01387557248910374,0.9470348117180049
106.60000000000001,0.4320036050959282,0.0028966019461328686,0.9807319433472955
106.62,0.4075404559420633,-0.008133203079343622,0.9701413046273761
106.64,0.37960894015568336,-0.018430660011055824,0.9166468546314329
106.66,0.34873329188528335,-0.027302876167639368,0.8246025385206308
106.68,0.3155180565973766,-0.03419460381334679,0.700872178940146
106.7,0.2806979871570782,-0.038721495114243394,0.5542072678264474
106.72,0.2452121745724771,-0.04068713477119316,0.3945236551964864
106.74000000000001,0.21031484555510763,-0.040082840908222186,0.23214442818149694
106.76,0.1777303690360411,-0.03707040882688962,0.07707796379379489
106.78,0.1498452886534949,-0.03194925774007327,-0.06160307856544831
106.8,0.12990244934482664,-0.02511095429193941,-0.17622482816908785
106.82000000000001,0.12212431893456596,-0.01698592494804345,-0.2607757987220362
106.84,0.1316180297412567,-0.007989507649201337,-0.31095311722662206
106.86,0.16362095622964135,0.0015207741324103495,-0.32400998173759976
106.88,0.22080787259202223,0.011250573750387603,-0.29849407689775914
106.9,0.2972445741738776,0.02088427665152862,-0.23412369541979935
106.92,0.37439609481180686,0.029890727707531265,-0.13223939931830697
106.94,0.4326770137166544,0.037416809167474606,0.0030327090831274647
106.96000000000001,0.46735604914763185,0.04252613405379885,0.1638589478128744
106.98,0.4844921574558319,0.04455421848538593,0.3391145726223127
107.0,0.49033022972819124,0.043241416878277546,0.5158218474021501
107.02,0.48832580948547366,0.0386937557367183,0.680719880801248
107.04,0.48010114530857323,0.03130804870719552,0.8215780759082738
107.06,0.46648320877946337,0.021700734778107626,0.928215445096785
107.08,0.44800811306568966,0.010638354743023272,0.9932403461550972
107.10000000000001,0.4251182456260285,-0.001033366341956859,1.0125094728802029
107.12,0.39823660236523073,-0.01246021029614945,0.9853025417337389
107.14,0.3677989858921426,-0.02284594707747237,0.9142211484722242
107.16,0.3342747895134093,-0.03151017216102978,0.8048375572701476
107.18,0.29818969745880397,-0.03793358809754926,0.6651360935010497
107.2,0.2601593859331002,-0.04178780101659889,0.504803594418452
107.22,0.2209437925229458,-0.042947885005157276,0.3344347610947969
107.24000000000001,0.18153259994433332,-0.04148719781633112,0.16472278131354767
107.26,0.14326976245402573,-0.03765514195061997,0.005705230744354535
107.28,0.10801202392649821,-0.03183979759929072,-0.13386995402649388
107.3,0.07829108500280761,-0.024518745091507622,-0.24700405073744267
107.32000000000001,0.05742827035465792,-0.016202948163036444,-0.32869466784031165
107.34,0.04957589154992347,-0.007379682183336978,-0.3759544416164756
107.36,0.059728284953359745,0.0015399550771027677,-0.3876090293977136
107.38,0.0936138076645105,0.010264356701674776,-0.36390168748614243
107.4,0.15633595779516904,0.01864228197005317,-0.3059609284485326
107.42,0.24633324599884227,0.02660672469883207,-0.21530907983595443
107.44,0.34473133932690875,0.033940856633877435,-0.09392457697875506
107.46000000000001,0.42157911481778915,0.039978017312010505,0.05450492911803103
107.48,0.4651633985498888,0.04374890572100221,0.2228650001189695
107.5,0.48431391978482696,0.04451529730581151,0.4004670177545873
107.52,0.4893763888175985,0.042020580264991274,0.5746206060367198
107.54,0.485789399511222,0.03642616120832796,0.7324855200651201
107.56,0.47584636107150363,0.028194430535161276,0.8625043067140363
107.58,0.4605698040724559,0.017995729051717643,0.9554125939597489
107.60000000000001,0.4405510188102586,0.006629968769376707,1.0049115991369109
107.62,0.4162511006580289,-0.005047221305158219,1.0080377950584472
107.64,0.3881045680186627,-0.016195011504289224,0.9652432608071865
107.66,0.35656017423047237,-0.026051568059587242,0.8802053300316657
107.68,0.322105696367863,-0.03398800097344876,0.7593986637804006
107.7,0.28529494841751973,-0.03954857336080069,0.6114779912181013
107.72,0.2467881224038166,-0.0424746726702351,0.4465318484225587
107.74000000000001,0.20741617574894555,-0.04271123110139991,0.27527530041559367
107.76,0.16827987240447181,-0.04039550116519758,0.10825244070284448
107.78,0.1308883366337618,-0.0358292972525837,-0.04488256990253837
107.8,0.09732441834576448,-0.029437085128419294,-0.17594410217958928
107.82000000000001,0.0703970634798381,-0.021713769089127172,-0.2786038621868806
107.84,0.053731144301973885,-0.013167536841744267,-0.34855896822736443
107.86,0.05179241399564384,-0.004263804208029114,-0.38347166168824065
107.88,0.06988825568995022,0.004624678292356539,-0.38269568065341897
107.9,0.11382741885540378,0.0132557755450073,-0.3468238697472474
107.92,0.18733194910216533,0.02152040790334718,-0.277140354784078
107.94,0.2835256644468951,0.02933125918507336,-0.17525337824313875
107.96000000000001,0.3769166118273383,0.036325654802154356,-0.043553835029281986
107.98,0.44128619462493496,0.04167209871440283,0.11316016972599627
108.0,0.474431772356356,0.044428013727633706,0.2863493289656137
108.02,0.48748754498677827,0.04402568480689685,0.464351150436236
108.04,0.48899208332844474,0.04037497050761692,0.6342071647778112
108.06,0.4829298732549361,0.033759107254671045,0.7833857650420168
108.08,0.47096912964169285,0.02472577070639517,0.9010488218923363
108.10000000000001,0.4539144023499691,0.014001370342785296,0.9789326279104892
108.12,0.43228864651055365,0.00241496827879432,1.0119091446807746
108.14,0.4065354725020704,-0.009174574063700695,0.9982499578501534
108.16,0.3770904027765974,-0.019947318833651834,0.9396061186673603
108.18,0.34441240416547886,-0.02918325152667415,0.8407272055559095
108.2,0.30900770250726334,-0.03631167900582688,0.7089583788582442
108.22,0.27146002075914305,-0.04094585124405921,0.5535685066506366
108.24000000000001,0.23247774677541586,-0.04290072386795191,0.38497302752132445
108.26,0.1929689000453481,-0.04219299148401066,0.21392113548318573
108.28,0.15415343103696902,-0.03902373522594382,0.050717917442943475
108.3,0.11771305607028447,-0.033745240485688215,-0.09545171185520246
108.32000000000001,0.08595665434007183,-0.026814869509635623,-0.2170392490629406
108.34,0.06195345776369572,-0.018740405047899453,-0.30844553883219106
108.36,0.04959352289482981,-0.010022638850394856,-0.36610751823566934
108.38,0.05360141121008512,-0.0011010713194272949,-0.38835977719316633
108.4,0.07951247359147448,0.007692739637490248,-0.37509281388377363
108.42,0.13296488094185208,0.016166015414259546,-0.32725121272470786
108.44,0.21558974680147783,0.02424285490591448,-0.2462921966463722
108.46000000000001,0.3147341782816694,0.031793242934003846,-0.1339920644382122
108.48,0.401060119549905,0.038308873331223854,0.006696903615423824
108.5,0.4547176348226606,0.0428626826703381,0.16985877783590234
108.52,0.48019322184144947,0.04459600218923703,0.34581517967936787
108.54,0.48883393729350044,0.04310088616263379,0.5223017045356821
108.56,0.4875768797020483,0.038422412136258514,0.686363071485224
108.58,0.4794493757780535,0.03094096603116207,0.8259333918727179
108.60000000000001,0.4657430256812698,0.02127125849890881,0.9309663490947063
108.62,0.44713627798772193,0.010180872829150638,0.9942057648127424
108.64,0.424114921989025,-0.0014845407989189556,1.0116463722589562
108.66,0.3971163957705493,-0.012872986049264038,0.9827014514889965
108.68,0.3665829474153044,-0.023192626590181977,0.9100928524733263
108.7,0.33298895911521054,-0.031769243229376055,0.7994917683647516
108.72,0.296866237096113,-0.038090938534873324,0.6589540692376947
108.74000000000001,0.2588395249144877,-0.04183725477481278,0.4982072285661739
108.76,0.2196828632776569,-0.04289101916337052,0.32785496397455016
108.78,0.1804077736831587,-0.04133244823167347,0.15857002480240256
108.8,0.1423908735779442,-0.03741624925661926,0.0003450146765893586
108.82000000000001,0.10753496101380963,-0.03153369359491603,-0.13813425760563275
108.84,0.07843201226796002,-0.024163039643811893,-0.24993903563020567
108.86,0.05847715190160451,-0.01581323439984691,-0.33013423739440634
108.88,0.051910523836937186,-0.0069668845122986605,-0.37578639128133456
108.9,0.06382567607512778,0.001971993421341944,-0.3857514237880123
108.92,0.1000031143990507,0.010720440531367814,-0.36027086788729473
108.94,0.16525902416559077,0.01913350649425059,-0.3004392509601965
108.96000000000001,0.2567677409377148,0.02713519747396402,-0.2077439890007893
108.98,0.3538474814140976,0.034467148925531474,-0.08422685780285344
109.0,0.4272567299995814,0.04041143432815122,0.06615666276578358
109.02,0.4679091961212467,0.04399643749781476,0.23590397324817308
109.04,0.4854008193826476,0.044524318749848774,0.41402903799387997
109.06,0.4895634604608422,0.041779910355934584,0.5877174217226578
109.08,0.48539277499112243,0.03595440546387478,0.7441473790957586
109.10000000000001,0.4749887177706087,0.027530933217736375,0.8718798153694012
109.12,0.45930592501660045,0.01719405496674864,0.9618381453315471
109.14,0.4389138116279408,0.005752193491396272,1.0079567282621176
109.16,0.41426672909225537,-0.005936026023770799,1.0075281422253903
109.18,0.38579728453024387,-0.017032044722505697,0.961261899275452
109.2,0.3539538674661043,-0.026781044017590582,0.8730739680880681
109.22,0.31922442167615267,-0.034565070696654834,0.7496414208398204
109.24000000000001,0.28216325181160123,-0.03994217675839882,0.5997715573378207
109.26,0.2434315689456977,-0.04266915977295039,0.4336466592426589
109.28,0.2038623752694668,-0.04270668843122208,0.26201281217669925
109.3,0.16456007717041599,-0.04020681882132009,0.0953836467380865
109.32000000000001,0.12703897588014523,-0.035484111943302865,-0.05667258091261283
109.34,0.09338639420325408,-0.02897283961534716,-0.18610149397138556
109.36,0.06640871342765779,-0.021174244783136675,-0.2867384439824858
109.38,0.04971088670928178,-0.012599321568253514,-0.35446242320104865
109.4,0.04771335445096635,-0.003713165621815036,-0.38712232034450894
109.42,0.06566325176044935,0.005114283504863874,-0.38425206313109467
109.44,0.10935592562534172,0.013646029603795472,-0.3466089380155065
109.46000000000001,0.18270731797604742,0.021782229909575988,-0.275613877595412
109.48,0.27936523758076887,0.029453635000455197,-0.1729590961454586
109.5,0.37407543129365767,0.0363246489393941,-0.041026532684992345
109.52,0.43981122066747513,0.041582268553273655,0.11549361630406263
109.54,0.4737089196965477,0.04428188316816312,0.2882015806827325
109.56,0.4870410749316474,0.04384704311037877,0.4655470467498803
109.58,0.4886214611775349,0.04018246601865938,0.6346550203065793
109.60000000000001,0.48257508135528987,0.03356912577501403,0.7830634552318497
109.62,0.47062152393025924,0.024553024982930532,0.8999964664653172
109.64,0.45358236413819547,0.01385845486547552,0.9772451755576227
109.66,0.43198682969212043,0.0023117066439111225,1.009726587109938
109.68,0.4062822094266859,-0.00923164568827586,0.9957451386969602
109.7,0.3769079843987363,-0.019955203544825793,0.936970981499351
109.72,0.3443288074693781,-0.029142435836116188,0.8381586435816714
109.74000000000001,0.30905969429402663,-0.03622576469064883,0.7066449351321503
109.76,0.27169815744252773,-0.04082088970790601,0.551679148751365
109.78,0.23297417989854668,-0.04274427597996516,0.38364914184738264
109.8,0.19382916635197034,-0.04201293532781833,0.21327279308319028
109.82000000000001,0.15553337860469582,-0.03882683922432497,0.05082538321490247
109.84,0.11984149621377155,-0.03353551884028734,-0.09453032022875509
109.86,0.08916349828469727,-0.02659174985231585,-0.215253334869208
109.88,0.06670347092210976,-0.01849675560811635,-0.30572977330414874
109.9,0.05652793899778675,-0.00974268718198378,-0.36235147600263146
109.92,0.06358050883267055,-0.0007582540499139472,-0.3833690639030198
109.94,0.09357292138346601,0.008137248285630588,-0.36854237132749373
109.96000000000001,0.1518182253840539,0.016759432250674902,-0.31864053401273523
109.98,0.23792306476298647,0.02501614344907232,-0.234950164091978
110.0,0.3354090775498868,0.03269936996406301,-0.11925496938751037
110.02,0.41481669710834085,0.039181129946590273,0.025061305167374148
110.04,0.4616945065723692,0.04349477368528086,0.19129331091836635
110.06,0.48320669492055324,0.04484871130325495,0.36905039865491257
110.08,0.4898221565662685,0.04292024529981635,0.5456871920978373
110.10000000000001,0.4873746570290089,0.03781667739364941,0.7081650287752242
110.12,0.478366952512985,0.029961003603404108,0.844541360985405
110.14,0.4639008201291487,0.019997839801697278,0.945036741581747
110.16,0.44459243898370987,0.008714570074210433,1.0027609058404021
110.18,0.4209072999387791,-0.0030329378274225626,1.0141344810688355
110.2,0.39327530433807456,-0.014391836890893111,0.979018663286703
110.22,0.3621343102881826,-0.024578217391757008,0.900568782612308
110.24000000000001,0.3279539376632256,-0.03293344381803993,0.7848420316253418
110.26,0.2912590743058353,-0.0389672572812935,0.6402052335168052
110.28,0.2526639415684021,-0.04238494224381403,0.4766013621027803
110.3,0.2129268028908901,-0.04309704098373266,0.3047419997852755
110.32000000000001,0.1730358681510476,-0.04121133002994471,0.1352965211287611
110.34,0.13433320231534338,-0.03700797959076786,-0.021852488061140575
110.36,0.09866889822200792,-0.030900053344176937,-0.15822419069313082
110.38,0.06855081923374687,-0.0233829180183492,-0.26717282630070055
110.4,0.047236019314524896,-0.014977693906395565,-0.34410480904456764
110.42,0.03874526811690105,-0.006174872999120446,-0.38646791926481155
110.44,0.04787353413190066,0.002616645268370339,-0.39352443866537296
110.46000000000001,0.08018759049789076,0.011111835466917776,-0.3659367095786763
110.48,0.14107077938992776,0.01917364074218061,-0.30521328411494075
110.5,0.23046765853494372,0.026771331541470735,-0.21316285335738783
110.52,0.33168223334152874,0.03376584673071138,-0.0918248813589556
110.54,0.4137030225554571,0.039578600097529365,0.055408480677691795
110.56,0.46126588831110316,0.04326085241403319,0.22195320195580137
110.58,0.4823435776491667,0.044037096083624466,0.39759710039698576
110.60000000000001,0.4882011989765531,0.04161326341767431,0.569963850116804
110.62,0.4849895452862608,0.03612778261158197,0.7264074874196493
110.64,0.47530187060639106,0.028027812934055565,0.8554908534003901
110.66,0.46026444046648995,0.017971126659457114,0.9480152506176813
110.68,0.44050366571374716,0.006746183041448545,0.9976996788485896
110.7,0.416495429803406,-0.004801676694195655,1.0015547756795964
110.72,0.38868518523582135,-0.01584022016416324,0.95996881830269
110.74000000000001,0.3575351711146071,-0.025613954310604852,0.876525287603682
110.76,0.32355326004065,-0.03349761887405812,0.7575849245789522
110.78,0.2873244855809135,-0.03903609592075985,0.6116799670177876
110.8,0.24955770303309216,-0.04196822734195196,0.44878028245103246
110.82000000000001,0.21115896596784894,-0.042233187505482,0.2794988699843077
110.84,0.17334254350633863,-0.03995925895921353,0.11430721441784468
110.86,0.1377837558270239,-0.035436066463376055,-0.0371708209262302
110.88,0.10679938677836755,-0.029072622383132782,-0.1667246394432697
110.9,0.08351554309202595,-0.021345031447766675,-0.26793250838085036
110.92,0.07197498526230542,-0.01273919696354986,-0.33631599811110846
110.94,0.07716061535755575,-0.003694661879772867,-0.36926545344753436
110.96000000000001,0.10481500801386472,0.005443818147136168,-0.36575373963547947
110.98,0.16014802551776997,0.014453124241578276,-0.32589160093029046
111.0,0.24265062273343022,0.023190562912782212,-0.25048704241436204
111.02,0.3365443379207712,0.031397183183295534,-0.1410550245362542
111.04,0.4139648861769129,0.03841803815484862,-0.0008733608529122895
111.06,0.4607408496649937,0.043281064219299004,0.16340298190965377
111.08,0.4830002053887176,0.04517841411073671,0.3413989377535533
111.10000000000001,0.49051395851895785,0.043754297858364086,0.5203825002690455
111.12,0.48891108560853774,0.03907965543436515,0.6870851305397251
111.14,0.48066079526845057,0.03154705338064333,0.8291989163617584
111.16,0.46686404573433704,0.021780311734286042,0.9364758830473402
111.18,0.44813747137533266,0.010556967729471574,1.001495744911389
111.2,0.4249435612850115,-0.0012658914529939246,1.020131973262589
111.22,0.3977051208656147,-0.01282391439957361,0.9917244514902912
111.24000000000001,0.3668478633389533,-0.02331294738438792,0.9189713219961827
111.26,0.3328220228041115,-0.03204753571391526,0.8075675231157351
111.28,0.29612180591135084,-0.03850663786518951,0.6656337532502405
111.3,0.2573126745755201,-0.042363668690685946,0.5029931499326978
111.32000000000001,0.21707552370734046,-0.04349918092185477,0.3303621647667021
111.34,0.17627773767453017,-0.041995744495139056,0.15852637566578762
111.36,0.13607915083834005,-0.038115799792980874,-0.0024287088174748082
111.38,0.0980695864454147,-0.03226446791359781,-0.14376730128820875
111.4,0.0644090699269855,-0.0249406453483854,-0.25857943677618417
111.42,0.03791391733825249,-0.016681283499605185,-0.342045920509439
111.44,0.02204660981629823,-0.008005079109597208,-0.39147703991791155
111.46000000000001,0.02086830975146331,0.0006385370822570293,-0.4061350282970845
111.48,0.039112213180862145,0.008912268250554948,-0.38686849954700464
111.5,0.08225263045175746,0.016625031180115837,-0.3355922402442268
111.52,0.1549828101104207,0.023743349180315804,-0.25466554871808805
111.54,0.25383158992068344,0.03031125592413311,-0.14637095658239294
111.56,0.35569370114279364,0.03616530085863798,-0.013100622259437564
111.58,0.42951038169295636,0.040631886197163215,0.14111512130228085
111.60000000000001,0.46802574743114206,0.04278260311985131,0.3088494353623015
111.62,0.48299823236087597,0.042002318933955146,0.47944452090291906
111.64,0.4849344902502752,0.038170926947659174,0.6407826507793989
111.66,0.4788841419462655,0.031557871402978305,0.7810914998986136
111.68,0.46691761979564905,0.022696927333071375,0.890240903514771
111.7,0.4499779867681617,0.012293028224771223,0.9606054878922653
111.72,0.428643581794849,0.001145208825266174,0.9875922312434
111.74000000000001,0.4033951274000718,-0.009924320958306424,0.9698734734255511
111.76,0.37471133402989065,-0.020135783916534814,0.9093462539911923
111.78,0.34311411585077517,-0.028809282556505108,0.8108443734852143
111.8,0.30920641167202917,-0.03541058791401485,0.6816428663970934
111.82000000000001,0.2737217386736067,-0.039582317996730176,0.5308077059308183
111.84,0.23759906848628642,-0.04115854499651847,0.36845346957509023
111.86,0.20209519726800595,-0.04016201022551272,0.20497728250500513
111.88,0.16894162558759557,-0.03678431823393257,0.050338272112407635
111.9,0.14053754853191647,-0.031350770251642714,-0.08655224487080751
111.92,0.12014333875054609,-0.024273004369049462,-0.1982741860309152
111.94,0.11200718285705138,-0.015994370787726156,-0.27913620256191995
111.96000000000001,0.12130028766731529,-0.006935002881579123,-0.3251913296946222
111.98,0.15346098900410027,0.0025523918259314866,-0.33404935973258165
112.0,0.21164357566741757,0.01219109369414178,-0.3045710425253339
112.02,0.2904578438092956,0.0216983310886549,-0.23668638564341415
112.04,0.3709049142141539,0.0305793803051647,-0.13180125082121463
112.06,0.43178923672505143,0.037993162760398776,0.005998151701115453
112.08,0.4676606051752215,0.04298823500653907,0.168905135333367
112.10000000000001,0.4850712190445445,0.04488569716390872,0.3457543025357443
112.12,0.49081202312382577,0.043424962797099995,0.5234963922657726
112.14,0.4885895437406459,0.038720108689836094,0.6888155036193451
112.16,0.4801086077786385,0.031179234380024377,0.8294661475256613
112.18,0.46621881671708065,0.021430184073626003,0.935298528311842
112.2,0.4474610519399625,0.010249462571763778,0.9989953106116419
112.22,0.42427702506581566,-0.0015095702727837366,1.0165229201679042
112.24000000000001,0.39708647899907823,-0.012987920965156129,0.9872957546064278
112.26,0.36631938773104017,-0.023387701355191193,0.9140630015790131
112.28,0.33243562124834675,-0.03202998064374486,0.8025448530805273
112.3,0.29594564048829547,-0.03839986893742177,0.660861702627394
112.32000000000001,0.25744106061447797,-0.04217594926981341,0.49881354365373015
112.34,0.21764423449516568,-0.043242374201955334,0.32707595726328187
112.36,0.1774871233922092,-0.0416831861633008,0.15638332368512486
112.38,0.13822720623714824,-0.03775963402460819,-0.003230783056256934
112.4,0.10159568297486729,-0.03187247994965288,-0.14307156796123313
112.42,0.06994737547063759,-0.024512665504102554,-0.256245555283794
112.44,0.046357995118020065,-0.016205273292606185,-0.3379104833040379
112.46000000000001,0.03463842265977264,-0.007452899580464753,-0.3852977722293805
112.48,0.03933117437232467,0.001316012862704189,-0.397516916486385
112.5,0.06576210379067575,0.009790798559696315,-0.37516859743744335
112.52,0.11958593233499235,0.017808823306487365,-0.319806137128561
112.54,0.20313033144267467,0.02533940261208897,-0.23334808479582486
112.56,0.3049636443571551,0.03232262159563358,-0.11780324433223069
112.58,0.3952659009940348,0.03832933625400476,0.023955972502400707
112.60000000000001,0.4518056173989442,0.04247016572255201,0.18634140649544767
112.62,0.4783988537589631,0.0438813728688125,0.3600550694080162
112.64,0.4871972640977397,0.04214803428151634,0.533178667219806
112.66,0.48578000726624027,0.03731741504326905,0.6930948653153215
112.68,0.4774431809079442,0.029773798668800467,0.8280905418703848
112.7,0.46357021956407285,0.02013181918179217,0.9284809387472297
112.72,0.4448714631674066,0.009153120383322652,0.9873596048862855
112.74000000000001,0.4218484972518468,-0.002328322693242739,1.001035529918061
112.76,0.3949535932642501,-0.013476844001966061,0.9691797793411407
112.78,0.3646493927125573,-0.02352002238180762,0.894699920555154
112.8,0.33144138137290724,-0.031804311181851,0.7833720539928519
112.82000000000001,0.29590985410295584,-0.037837808430690845,0.6432749708940723
112.84,0.25875536008241057,-0.04131744159839748,0.4840836691061229
112.86,0.22086959171253198,-0.04213895354535255,0.3162881866771918
112.88,0.18344320163178227,-0.0403892651167991,0.15040779602722912
112.9,0.1481166143676414,-0.03632199244474481,-0.003730097670073095
112.92,0.1171635608228168,-0.030318176881247796,-0.1375826350333779
112.94,0.09367134206984247,-0.02283575774613905,-0.24430314340645692
112.96000000000001,0.08166657822240352,-0.014352876004382294,-0.3189364026343637
112.98,0.08614225595911898,-0.005311215183250142,-0.3583850198451322
113.0,0.11282991022142665,0.003933293391650671,-0.36116097327226965
113.02,0.16680053911059584,0.01313728370247163,-0.3269766954481132
113.04,0.2472857050157575,0.022127900155790328,-0.25634268502933694
113.06,0.3386960580229259,0.030611121095966396,-0.15061082332660858
113.08,0.4142559059039876,0.03791014282681158,-0.013016557322501662
113.10000000000001,0.4604044185972377,0.04305138446076602,0.14978419477825683
113.12,0.4827981925512111,0.045225638357457534,0.32741713208454637
113.14,0.49069370928125516,0.044064994715903645,0.5071238130682741
113.16,0.48950931608151504,0.0396231246986816,0.6755479023225799
113.18,0.481656608264766,0.032276333939177816,0.8202251845111038
113.2,0.4682239824658092,0.022636134140276896,0.9306936409860108
113.22,0.44982541739145127,0.011472894230638846,0.9992797617124038
113.24000000000001,0.42692190971211946,-0.00035797182360245783,1.0215860899784766
113.26,0.3999339573233019,-0.011988467177743338,0.9966856596866039
113.28,0.36928349589051224,-0.022606072954035952,0.9270340467237824
113.3,0.3354148008784849,-0.03151319202140565,0.8181250007569968
113.32000000000001,0.29881269775530295,-0.038174063458340214,0.6779321885495783
113.34,0.26002771416681525,-0.0422461706787513,0.516193490057598
113.36,0.21971685635931684,-0.043594358794566926,0.34360385838840424
113.38,0.1787097478493069,-0.04228713333453562,0.1709873787544768
113.4,0.13810853664031775,-0.03857583482799281,0.008518810871445265
113.42,0.09941995031817967,-0.03285858357456304,-0.13494026955246255
113.44,0.06469346688984622,-0.025632206203494226,-0.2523357555123073
113.46000000000001,0.03660952527785708,-0.017436915067966886,-0.3387066407000404
113.48,0.018467719653040414,-0.00879993852910933,-0.39124506653511043
113.5,0.014118235873389342,-0.00018424581713090762,-0.4091393320943514
113.52,0.028005709366857832,0.008054389711604902,-0.39322813951990454
113.54,0.0653465991467226,0.015702245960163994,-0.3454993694090774
113.56,0.13136128818658885,0.02270727742232637,-0.2684734197163712
113.58,0.22580359872537226,0.029132795483381362,-0.16461006300698408
113.60000000000001,0.33085881416662977,0.03492618819948074,-0.03623020138073432
113.62,0.4139958893337613,0.03956354411438321,0.11327919419521754
113.64,0.46052488543166065,0.042134684622698385,0.2775119740925646
113.66,0.4799569182161841,0.04192055357143102,0.44661900457141546
113.68,0.48425301978068097,0.03869326822975935,0.6088400820382479
113.7,0.4797070199915802,0.03264640446882609,0.7523931374491792
113.72,0.46892795117388136,0.024261671263396473,0.8668859281821435
113.74000000000001,0.45304737927794875,0.014208247669607507,0.9442568213634509
113.76,0.4327046004167898,0.003263286706666479,0.9793615962221625
113.78,0.40839957269808624,-0.007759572785798521,0.9702606082962307
113.8,0.3806171897601029,-0.018076364831853323,0.9182304197226349
113.82000000000001,0.34988164339266853,-0.02699142018365023,0.8275247906700375
113.84,0.3167969625200184,-0.03394505842283951,0.7049219090799235
113.86,0.2820968482826059,-0.03854728627894899,0.5591079506977595
113.88,0.24671844424095085,-0.040595346961159774,0.39995760365541566
113.9,0.21191253159731036,-0.040074072306912574,0.2377786339960134
113.92,0.1793978244706783,-0.037139171485872924,0.08258941865542782
113.94,0.15155250713024607,-0.032084873870661244,-0.0565046784887663
113.96000000000001,0.13160841195712752,-0.025298856413253225,-0.1717788082160667
113.98,0.12377439669182173,-0.017209233783786224,-0.25715803248032226
114.0,0.13313895269299494,-0.008230768263355828,-0.30827021290728357
114.02,0.1649090769076905,0.00127774933629206,-0.322300630675878
114.04,0.22172118258873863,0.01101882422767311,-0.2977379193796221
114.06,0.2976590351452553,0.020672494286947264,-0.23425680634624316
114.08,0.37435807308585456,0.02970460613932516,-0.13317010906701351
114.10000000000001,0.43241833566197935,0.03726267936218664,0.0014190125682089407
114.12,0.4670827758107339,0.042412062927990435,0.16170609491391488
114.14,0.4842909949677695,0.044487523846034716,0.33659817533256253
114.16,0.4902211153957747,0.043226270014434694,0.5131410353569146
114.18,0.4883093590499016,0.03873026581203493,0.6780824500664163
114.2,0.480174954381471,0.0313922998625172,0.819184099778314
114.22,0.46664520651354363,0.021825295648695904,0.9262420799806016
114.24000000000001,0.44825685316336195,0.010793058162830407,0.9918292581901724
114.26,0.4254528388714962,-0.0008604750677666661,1.0117577491563639
114.28,0.39865679231649437,-0.01228183972094078,0.9852575926796646
114.3,0.36830543299137486,-0.022674521528223072,0.9148797802801171
114.32000000000001,0.3348695989043138,-0.03135686534659686,0.806149077206359
114.34,0.2988772683788628,-0.037807493706127925,0.6670090261589637
114.36,0.26094771757391505,-0.04169528935320984,0.5071153566655885
114.38,0.22184644500571274,-0.042892174411924486,0.3370434867966834
114.4,0.18257157311033825,-0.041468146967815256,0.1674804167785271
114.42,0.14447961506183227,-0.03766924606074601,0.008471043766591493
114.44,0.10944564608672928,-0.03188034977585432,-0.13121619661914763
114.46000000000001,0.0800277862412417,-0.024576103461518253,-0.24454978578741482
114.48,0.05958533654631236,-0.01626482712503514,-0.32648338658664927
114.5,0.05232444673511494,-0.007431365940766302,-0.3739755847906061
114.52,0.06330726604391947,0.0015155352427590075,-0.38578845567987935
114.54,0.09830201939312183,0.010286348087048768,-0.36209258253730336
114.56,0.16224440774744298,0.01872953170410231,-0.3039389020644011
114.58,0.25283911168646694,0.026768108819499644,-0.21278917296675257
114.60000000000001,0.35021170994442946,0.03415645830296468,-0.0906376282623835
114.62,0.42491333657338337,0.04019498827850932,0.05867750216520678
114.64,0.4667747368194357,0.04391128498444089,0.22781192485740362
114.66,0.4850109844255076,0.04458851940696009,0.4058926927751914
114.68,0.48961919305911805,0.04199135405639625,0.5801359194698916
114.7,0.4857604389406572,0.03629572002541344,0.7376792252323753
114.72,0.4756097934454216,0.027973942149012374,0.8669911001487544
114.74000000000001,0.46014867966968387,0.01770346492345013,0.9588668532360181
114.76,0.43995493474417807,0.006289022957997591,1.0070911697334353
114.78,0.4154849317972543,-0.0054111414723614325,1.0087988623262036
114.8,0.3871708585506537,-0.016555778426215535,0.9645464001232043
114.82000000000001,0.3554593410061752,-0.026384716321123932,0.878112965102342
114.84,0.32083524277983055,-0.03427257259248519,0.7560646278428873
114.86,0.283847915697929,-0.039768612467889805,0.6071303753103426
114.88,0.245150645779245,-0.0426202892308946,0.44145071272705383
114.9,0.2055638268791735,-0.04277919553843215,0.26976706376473375
114.92,0.1661723263712402,-0.040389377653616824,0.10262282455904008
114.94,0.12846173357116158,-0.035759169104349925,-0.0503552896411763
114.96000000000001,0.09448045179724057,-0.029318969229805484,-0.18103408357298284
114.98,0.06698707198366115,-0.021568860243496434,-0.2831599484569199
115.0,0.04953257435894127,-0.01302147124518638,-0.35252388350007097
115.02,0.04647749352151886,-0.004146158193701288,-0.3868986648772849
115.04,0.06300579757970032,0.004680616493890148,-0.38576383581343165
115.06,0.10490470864763954,0.013214024698201172,-0.34985157340327966
115.08,0.17640603482138398,0.021348950497361942,-0.28058617882231635
115.10000000000001,0.2722492274380512,0.029024607919702242,-0.1796618868384494
115.12,0.3682826815660244,0.0359374446876406,-0.04938100578679141
115.14,0.4364429640816913,0.04130406834726669,0.10578496458703367
115.16,0.4721716794192006,0.044170718509226846,0.2776998677876323
115.18,0.4865220425485133,0.04392917399121201,0.45498379479203327
115.2,0.48868849202276177,0.04045571880213167,0.6248070685199438
115.22,0.4830517441240988,0.034011141287089985,0.7746561482969138
115.24000000000001,0.47143540577401205,0.025127421150827663,0.8936359200266214
115.26,0.45469649701379106,0.014519649456142512,0.9733720652984553
115.28,0.43337532531716844,0.003009353214534774,1.0085882779482862
115.3,0.40792217654545554,-0.0085483835787607,0.9973852408771055
115.32000000000001,0.378776726017296,-0.019333672062174314,0.9412354862562673
115.34,0.3464025803007618,-0.028623036424452263,0.8447170078360858
115.36,0.31131273493702794,-0.03583924756690822,0.7150235548266048
115.38,0.2741013649060221,-0.04058656418949688,0.5613038697113478
115.4,0.23549297853054607,-0.04266923641346571,0.393892918621695
115.42,0.19642011154862224,-0.0420923263774968,0.22350436073142327
115.44,0.15813933207494865,-0.03904510919829072,0.060454862210425495
115.46000000000001,0.12238604316744169,-0.033868532530452494,-0.086012607888408
115.48,0.09154677399004707,-0.027009546184262895,-0.20824787769475014
115.5,0.0688026001082399,-0.01896664299139959,-0.3005107047061745
115.52,0.05820332602134568,-0.010232310875137719,-0.35906185642560984
115.54,0.06468376705298201,-0.0012383193096261649,-0.38202782643591104
115.56,0.09395274156433983,0.0076907680366741435,-0.3690611694348266
115.58,0.1513515668753968,0.01636388140906502,-0.32084802809538243
115.60000000000001,0.2366673379597335,0.024682960772512842,-0.23861836848347232
115.62,0.33384374465115785,0.03243954401565557,-0.12411364962201066
115.64,0.41359460856454255,0.0390113639559677,0.01933702053065767
115.66,0.4610319246935291,0.04343277917929667,0.1851006585299508
115.68,0.4829798425260855,0.04490311453228352,0.3628417695988579
115.7,0.4898942662963751,0.043087378483472945,0.5399247745719797
115.72,0.4876704168624329,0.03808234019422461,0.7032744109428051
115.74000000000001,0.47884761361013645,0.030303120421878462,0.8408746963540065
115.76,0.4645421284563125,0.02038906913176298,0.9428464884212939
115.78,0.4453748256353084,0.009124878131008707,1.00218391825189
115.8,0.4218120659960006,-0.002633760227477925,1.0151863085570088
115.82000000000001,0.39428291565914697,-0.01403183258601539,0.9815976156130828
115.84,0.36322321099854665,-0.024281244557767787,0.9044687637786419
115.86,0.3290991899446098,-0.03271761651400008,0.7897725698758711
115.88,0.29243034858365013,-0.03884394794642583,0.6458166532045868
115.9,0.2538223275868524,-0.04235840957310241,0.4825127091360386
115.92,0.21401977326948057,-0.043164706348052855,0.31056915974199806
115.94,0.1739896741926086,-0.04136468796422651,0.14067795273218897
115.96000000000001,0.1350422908050709,-0.03723409143529384,-0.017234851095850087
115.98,0.09898285959699725,-0.03118353085257212,-0.15463103170899406
116.0,0.06826050152548478,-0.023708249529012734,-0.26480221623771094
116.02,0.04605987101590446,-0.01533171650983544,-0.3430966429815007
116.04,0.036313028136032585,-0.00654920745417423,-0.3869182148532441
116.06,0.043704643634354154,0.0022232904211316436,-0.39550913490528306
116.08,0.07370195170266026,0.010691793675932967,-0.3695440628195241
116.10000000000001,0.13183383968260043,0.018711152638248792,-0.3105797731560514
116.12,0.21911333889050716,0.026254648900601484,-0.22048738093138712
116.14,0.3209792577889563,0.033220799952405,-0.10129203068546669
116.16,0.40655882272340943,0.039093040055041384,0.043843057455130736
116.18,0.45766255851648874,0.042942151069247474,0.20874771257286845
116.2,0.4808309099233512,0.04395497889976276,0.38357516070754505
116.22,0.48778723209743136,0.041790545750002295,0.556131180352918
116.24000000000001,0.48524712764391853,0.036552809061368624,0.7137877977763012
116.26,0.4760694666141804,0.028665173264405087,0.8450108708130132
116.28,0.46147617087951076,0.018768947816095748,0.9404250160352756
116.3,0.44212484850089545,0.007642159028103978,0.9935189353960396
116.32000000000001,0.4185012500267429,-0.003874537555151732,1.0010427786966536
116.34,0.3910540117497514,-0.014948047786844602,0.9631167863881285
116.36,0.3602466036863756,-0.024816917908471677,0.8830702498235714
116.38,0.3265877267171311,-0.03284559089451137,0.7670425396557481
116.4,0.29066333490346413,-0.038565353579387854,0.6233926910292446
116.42,0.2531833540754448,-0.0416993842390907,0.4619763183991769
116.44,0.21505487469616247,-0.042170448420219116,0.29335675823972446
116.46000000000001,0.17749298218228224,-0.04009098626076877,0.12802075932727408
116.48,0.1421740684206932,-0.03573654046832557,-0.024332335187222713
116.5,0.11141874107122965,-0.029504767287488416,-0.1553653010177932
116.52,0.08836558013506306,-0.0218637625378928,-0.2584909094685325
116.54,0.07708604115726289,-0.01329495779491871,-0.32904028369907334
116.56,0.08260568360486514,-0.0042367862313044125,-0.36420224574486665
116.58,0.11067983952599643,0.0049637940880099115,-0.3627502113948655
116.60000000000001,0.1663585569660898,0.014076737932439356,-0.32461279924625747
116.62,0.24859657319337194,0.022943039928590505,-0.2504602747052311
116.64,0.3410459931912657,0.03127419037304799,-0.14176209320200914
116.66,0.41643572510032506,0.03838649586925627,-0.0018760117471524618
116.68,0.4617905037888625,0.043303800616259186,0.16239319328707807
116.7,0.4834229257028612,0.045231432239887265,0.3405464159695649
116.72,0.4907284830016313,0.04382438559308931,0.519779540512221
116.74000000000001,0.4890705951015717,0.039158197304050735,0.686781948030355
116.76,0.48081065825418196,0.031626988190005687,0.8292149050803679
116.78,0.4670138607847678,0.021855324538814846,0.9368037543511691
116.8,0.4482856675584555,0.010621529979287368,1.0021044523458549
116.82000000000001,0.4250847663690915,-0.0012162677492666475,1.0209703476150238
116.84,0.39783204476420725,-0.012792438147476496,0.9927258635475772
116.86,0.3669513969065184,-0.023301405812709095,0.9200591225392982
116.88,0.3328905479723907,-0.03205627591480011,0.8086608100121934
116.9,0.29613983924448345,-0.038534680272551775,0.6666529491478371
116.92,0.25725862315361864,-0.042408951059630065,0.5038648636757638
116.94,0.21691812742822772,-0.04355892774841958,0.3310228241784898
116.96000000000001,0.17597064110643015,-0.042066957064920925,0.15892414010410463
116.98,0.13555308142183176,-0.038195863807096386,-0.0023342321346499495
117.0,0.09722194419835493,-0.03235187413458334,-0.14400800006462972
117.02,0.06309118061962393,-0.0250358093048614,-0.2591847240536233
117.04,0.0359156928449714,-0.016787440551028685,-0.3430522020346268
117.06,0.01907526985307525,-0.008129256985104845,-0.39294090394052883
117.08,0.01651398774128132,0.00048436522169930437,-0.408150629722964
117.10000000000001,0.03280419880067223,0.00870968546817574,-0.3895902192089178
117.12,0.07328728680252367,0.016347849493059913,-0.3392634852185927
117.14,0.14295759446619566,0.023360601443826783,-0.25964680321703765
117.16,0.24001375585352175,0.029807483947631375,-0.15312710084178935
117.18,0.34382455997790157,0.03558549530697085,-0.022053199003095804
117.2,0.42225094566308075,0.040094335547916575,0.12988214813051044
117.22,0.46449417598187237,0.0424109563945337,0.29576393511109916
117.24000000000001,0.4814744600669891,0.04187053233325285,0.4653366096995401
117.26,0.48445628074893304,0.038304018440070094,0.6266754885291166
117.28,0.4790721641474503,0.03194676873356879,0.7680357859615536
117.3,0.4676383047154828,0.02330875921130346,0.8792008027157262
117.32000000000001,0.4511833349949279,0.013077926658203887,0.952377684971272
117.34,0.43031385726661625,0.0020420974633251717,0.9827496303671882
117.36,0.405520617590129,-0.00898205406594926,0.968731713843022
117.38,0.3772872825352588,-0.01921470132882365,0.9119528041494127
117.4,0.34614016834034383,-0.027970672385105533,0.8169893539127809
117.42,0.31268789487725746,-0.03470592636353298,0.6908895035144195
117.44,0.2776719684855694,-0.03904970584606417,0.5425390711548626
117.46000000000001,0.2420424167068157,-0.04082032245909945,0.38193116800427834
117.48,0.20707075678377873,-0.0400236561020178,0.2194071317834873
117.5,0.17450735354516303,-0.03683463696422197,0.06493779326754831
117.52,0.14677482248621798,-0.03156327239588723,-0.07248951843539479
117.54,0.12716102149367559,-0.024608305139183124,-0.18532202511858978
117.56,0.11993809879165641,-0.016403424636324385,-0.26769030806420735
117.58,0.13025928404185566,-0.0073632633719522625,-0.3154386125709778
117.60000000000001,0.1633771800303,0.002158780268364542,-0.3259572636286092
117.62,0.22185031327214821,0.011873994920732206,-0.2979105216362134
117.64,0.2993221930469078,0.021469105882925988,-0.23111516798163978
117.66,0.376709788160854,0.030406716365771084,-0.12701733254569975
117.68,0.4344910763999178,0.03782454031218432,0.010115991209522524
117.7,0.46849768824827986,0.04278795519475972,0.17229208498151816
117.72,0.4850871551082747,0.044646071633441996,0.34826022174349114
117.74000000000001,0.49050817247934353,0.043156418859493145,0.5249807023893115
117.76,0.48816058732130263,0.0384410146322488,0.689197803278243
117.78,0.4796314651045616,0.030910169026722563,0.8287452731484102
117.8,0.46573234515940526,0.021190854618631627,0.9335546631702012
117.82000000000001,0.44699342315272933,0.010056810191061178,0.996382444159995
117.84,0.42385494145576286,-0.001642627482863913,1.0132550938998977
117.86,0.3967391062231375,-0.013053249286027822,0.9836292881755206
117.88,0.3660813166161616,-0.023382238343811496,0.9102766237901286
117.9,0.33235053125191616,-0.03195555226907113,0.7989196276522529
117.92,0.2960717706292134,-0.038262552644959744,0.6576626011456559
117.94,0.257859734984078,-0.04198501077718199,0.49627442933959365
117.96000000000001,0.2184730676052115,-0.04300880958533266,0.32538962100824675
117.98,0.17889982451579384,-0.04141789483769349,0.1556980968044757
118.0,0.14048167035448686,-0.037471239270280864,-0.0028063983013080114
118.02,0.10507097249262973,-0.03156481666402114,-0.14145487486233305
118.04,0.07518917086077986,-0.024181979867864252,-0.25335499379205745
118.06,0.05413440912772888,-0.01583719301790366,-0.3336292869390216
118.08,0.046014788203147,-0.007019146830587548,-0.37942502939561124
118.10000000000001,0.055760117958184315,0.0018612964550280505,-0.3897047210159693
118.12,0.08905194804640977,0.010514184843741375,-0.3648447352302838
118.14,0.15110847615709158,0.018792645372130445,-0.30609558922332936
118.16,0.24091191101469295,0.026641973942260498,-0.2150708252490609
118.18,0.34032040162605925,0.03387198671589522,-0.09376286255421047
118.2,0.4189522370808517,0.03984513611565902,0.054247043501449134
118.22,0.46388392306823334,0.043597394601854175,0.22202508512683788
118.24000000000001,0.48368773018714184,0.04437679119860974,0.39903907667126987
118.26,0.4890263612842492,0.04191348037776552,0.5726969260138356
118.28,0.4855753431672492,0.036360720902416724,0.730214336391617
118.3,0.4757268144184753,0.028175530091969454,0.8600635688645842
118.32000000000001,0.4605372652364006,0.01802397280926482,0.9529909888495071
118.34,0.4406093705211684,0.00670227065766127,1.0026926712370536
118.36,0.4164088796804221,-0.004937054447422018,1.0061863153455017
118.38,0.3883735965145744,-0.01605555761787199,0.9638941919188142
118.4,0.3569562328955209,-0.0258929273556711,0.8794559715910745
118.42,0.3226504420293669,-0.0338208381741393,0.7593044562772634
118.44,0.28601918095962603,-0.039383119788338826,0.6120522492584529
118.46000000000001,0.24773693179256856,-0.042319736792906605,0.4477494826498256
118.48,0.20865677664193383,-0.04257324967232035,0.27708042328469457
118.5,0.16991306020080296,-0.04027764101511766,0.1105696658849972
118.52,0.13306435021074706,-0.03573059622249168,-0.04213332036433272
118.54,0.10026362259288885,-0.02935160666392058,-0.17282939151949092
118.56,0.07441596935638793,-0.02162973807515772,-0.27515512578308293
118.58,0.059275564225054284,-0.01306640610568612,-0.3447473276553385
118.60000000000001,0.05947657581219847,-0.004119183953182646,-0.3791787442782444
118.62,0.08050090741749366,0.004847995703193926,-0.3776801156622118
118.64,0.12810438926501458,0.013600459944899466,-0.340687068202144
118.66,0.20495657466091183,0.02202389009267227,-0.26931560833748547
118.68,0.3013560304031753,0.029985259000407966,-0.1650968621914257
118.7,0.39010915687403813,0.03702665123353957,-0.030636520118179238
118.72,0.4484861075297501,0.042252539966209986,0.12869595844644638
118.74000000000001,0.4776968431162809,0.0447519534694346,0.30372747608167205
118.76,0.4887460714958018,0.044026810542669756,0.48239095737203197
118.78,0.4891626138785842,0.04004260818720667,0.6515808982865533
118.8,0.4823601585072578,0.03312034315930653,0.7988032687566281
118.82000000000001,0.4697874721696752,0.023834070507188714,0.9133840812199832
118.84,0.4521756439508791,0.012928407390521212,0.9873124205628437
118.86,0.43002377575719425,0.0012432317022512173,1.015771009462073
118.88,0.4037670047973933,-0.010359031970300369,0.9973709057550598
118.9,0.373836491636111,-0.021061840996040897,0.9341028107019131
118.92,0.3406869901538471,-0.030154851774390163,0.8310295237409883
118.94,0.3048188027960872,-0.03708223976908591,0.6957599292668747
118.96000000000001,0.26680658615507885,-0.0414759317737261,0.5377590257840796
118.98,0.22734489882051462,-0.04317179063632537,0.3675586713949074
119.0,0.18732100156910303,-0.042208021941400845,0.19593910801648773
119.02,0.14792397717642605,-0.03880628910672658,0.033151803756207555
119.04,0.1107894082053691,-0.033337233780476434,-0.11175020096519024
119.06,0.07815568264852582,-0.026273428772306026,-0.23141763858948994
119.08,0.05298131376013336,-0.018134333148573604,-0.3205043874071577
119.10000000000001,0.03898215701597047,-0.009429169999841933,-0.37574041448269657
119.12,0.04062859651348121,-0.000603581407106472,-0.39578209345381254
119.14,0.06318305382396104,0.008006178419786724,-0.3808633432662508
119.16,0.11237553805209011,0.016206876357226247,-0.3322848206706293
119.18,0.19143420380434936,0.023942993602009743,-0.25182938030363194
119.2,0.29157287873410953,0.03116352653284136,-0.14141367830548782
119.22,0.3848585953623462,0.03749751353731224,-0.003677278420290489
119.24000000000001,0.4461662978328156,0.04209377722768624,0.15625180757979762
119.26,0.4762237506228093,0.04404579487353432,0.3295258204058158
119.28,0.4870633578639163,0.04286253545659846,0.5044160037857461
119.3,0.4869580204624516,0.038527693052626044,0.6682083681098373
119.32000000000001,0.4796140962012149,0.03138071716451546,0.808877252876147
119.34,0.46657441680842204,0.02200675399268825,0.9162776990511496
119.36,0.4486011999049235,0.011151391994037259,0.9829523259592547
119.38,0.426209225926939,-0.0003548221252485618,1.0046204615176741
119.4,0.39984939795702024,-0.011667926951388477,0.9803736299045981
119.42,0.3699753169065455,-0.021996971186631416,0.9125941159376816
119.44,0.3370762963309838,-0.030661778264521593,0.8066238674746617
119.46000000000001,0.3017067306473361,-0.03713838115311763,0.6702258713454337
119.48,0.26452629385004467,-0.04108921973019512,0.5128934675697795
119.5,0.22636265150992516,-0.04237628896719482,0.34507256554572896
119.52,0.18830828254421428,-0.04105661791584435,0.17736659917907938
119.54,0.15185927641071498,-0.03736066005461046,0.01979413867315165
119.56,0.1190902535333597,-0.031655425116120586,-0.11883570906903923
119.58,0.09283476256225089,-0.024395603270176012,-0.23137506848753497
119.60000000000001,0.07682165101859964,-0.01606749044591601,-0.3125773157399588
119.62,0.0757315821964025,-0.007131689269359063,-0.3591082657908814
119.64,0.09511436370410077,0.002029001726471763,-0.36933627376143185
119.66,0.14063924123705743,0.011146436603937843,-0.34293920976210235
119.68,0.21456304920038094,0.020056610308393768,-0.2804408075302919
119.7,0.3069674660695951,0.028562191845351366,-0.18301087179459552
119.72,0.39198148981926717,0.03614950266232919,-0.05314605149295554
119.74000000000001,0.44856907823198977,0.041904354147685785,0.10374138251720502
119.76,0.4776656230463622,0.04491376018419648,0.2784080519722741
119.78,0.4892737838572508,0.04466350263185206,0.458684556833967
119.8,0.49039371540444837,0.041091359167205285,0.6312711959819505
119.82000000000001,0.4842713635511929,0.03449079155932979,0.7833660751860115
119.84,0.4723128227926385,0.025415051725136743,0.903889324444867
119.86,0.4552382918664865,0.014597253222576892,0.9843590703499099
119.88,0.4335415384686562,0.0028757462601720326,1.019460995428549
119.9,0.4076510875790499,-0.00887900405836635,1.0073224230598012
119.92,0.37798775646944327,-0.019834048488022366,0.9494997284102448
119.94,0.34499000891445764,-0.029256094164146648,0.8507007908429977
119.96000000000001,0.3091324793615175,-0.036562105393423035,0.7182807142163117
119.98,0.270949120987468,-0.04135510584375346,0.5615638324106103
120.0,0.2310698052556587,-0.0434430611116285,0.3910558445350432
120.02,0.19028001119898122,-0.04283996859145051,0.21761592286375944
120.04,0.1496129801912516,-0.03974951511466276,0.05165964613759103
120.06,0.11047657648916276,-0.03453286111439189,-0.09754022918645752
120.08,0.07479654034881472,-0.027663382468102318,-0.22239687207861386
120.10000000000001,0.04512716771167816,-0.019672703153109594,-0.3173523108760484
120.12,0.024672451936707827,-0.0110938892647501,-0.3789966676841734
120.14,0.017230232723905073,-0.0024081454903399553,-0.4059652268885004
120.16,0.027200992849456436,0.006000781886622683,-0.39863695642403263
120.18,0.05974339260970285,0.013883943125429399,-0.35866727135859516
120.2,0.12029349458345599,0.021151555589155605,-0.28839280099214826
120.22,0.21019912103729296,0.027844335369515073,-0.1902199738019118
120.24000000000001,0.31519357790909946,0.03394000671409134,-0.06641364980893477
120.26,0.40343325169458305,0.03899283898141041,0.07993402638072593
120.28,0.4555909612907672,0.04211196225173726,0.24294439497450143
120.3,0.4785904218072653,0.04250642862167301,0.4131731133645355
120.32000000000001,0.4849286743242358,0.039861192094448814,0.5789229012641395
120.34,0.48172072567289853,0.0343055332771519,0.7281685301777346
120.36,0.47196967221687186,0.026279081222557177,0.8500637896042355
120.38,0.4569474350744727,0.016426333181636214,0.9359606846983033
120.4,0.43733495529755817,0.005514890658260251,0.9800606481431573
120.42,0.413638499050331,-0.005637313051046194,0.9797596025100946
120.44,0.3863342920921926,-0.016229714612259666,0.9357120763436154
120.46000000000001,0.35592747113830087,-0.025539938299648218,0.8516372489449212
120.48,0.32299098127246517,-0.03297432089354852,0.7339011416282688
120.5,0.288210077882531,-0.03810491708049899,0.590922792480456
120.52,0.2524474332086114,-0.040690614772161425,0.43246357457540185
120.54,0.21684168253220415,-0.0406810846087707,0.2688661518117104
120.56,0.18294910631628003,-0.038203459807360354,0.1103123420754771
120.58,0.15292689891212333,-0.03353288652969221,-0.03383287797761402
120.60000000000001,0.12973271249400034,-0.027049509299598203,-0.15553131850816757
120.62,0.11728250889222809,-0.019186160784946046,-0.24838913659246586
120.64,0.12046242014427684,-0.010373021733096387,-0.3077566237068651
120.66,0.14471518505880082,-0.0009887020048501846,-0.33061540474890244
120.68,0.19425865392949732,0.008663085425718135,-0.3153116161112217
120.7,0.2670660292182304,0.018306633429545513,-0.26131584964319
120.72,0.3483147635597234,0.027524591616949715,-0.16940943592175872
120.74000000000001,0.4157312618229422,0.035571408933477,-0.042669228206790824
120.76,0.45852525464328914,0.041488973757252884,0.11231395605920033
120.78,0.4807877865721264,0.04448780803155243,0.2853319398762847
120.8,0.48975023178178145,0.04417449980227657,0.4637825095991812
120.82000000000001,0.4899218009017225,0.04054874439316745,0.6342972738634485
120.84,0.4834436376234467,0.033927909085623445,0.7841682634378069
120.86,0.471341183536846,0.024872015275869935,0.902466146762124
120.88,0.45421753262821585,0.014113147831319218,0.9808692607714852
120.9,0.43253379661432556,0.002484381402791318,1.0142101691751606
120.92,0.4067130175487208,-0.009151733859089585,1.0007362891897715
120.94,0.3771814017738081,-0.019971713625683105,0.9420889950082664
120.96000000000001,0.3443903633796137,-0.029252296468932838,0.8430218490787514
120.98,0.30883651877200574,-0.03642008325471272,0.7108959851793211
121.0,0.2710892155055258,-0.04108640417751941,0.5550055754521039
121.02,0.23183453694955236,-0.043065307503069326,0.38579708858956546
121.04,0.19194600475417836,-0.04237379955436013,0.21405200644974906
121.06,0.15259138845037035,-0.03921468785681852,0.05010369182714841
121.08,0.11537631480797869,-0.033943588816547,-0.09684471747487035
121.10000000000001,0.0825035025771886,-0.027022976311247913,-0.21924332584925935
121.12,0.05689927722426449,-0.01896767468941967,-0.31151584598523885
121.14,0.04226333505774861,-0.010287600891008292,-0.3701543554469051
121.16,0.043071038162567694,-0.001433688744832674,-0.3935896223336009
121.18,0.06460027063832563,0.0072489074393846395,-0.38185867411687124
121.2,0.11260343242429321,0.015555441210351758,-0.3361064640369511
121.22,0.19043009417231452,0.023418078260491648,-0.2580087798058643
121.24000000000001,0.2897396088622576,0.030777783214491986,-0.14941832068509878
121.26,0.38312356495576366,0.03726569554197955,-0.01292310258010208
121.28,0.44515230861912497,0.042034407908211044,0.14641806934431148
121.3,0.475900885555272,0.04416823000316293,0.31981789201892197
121.32000000000001,0.48722889003926556,0.043158577152591394,0.49555071221753644
121.34,0.48747728451530187,0.03897284282329565,0.6608359111730331
121.36,0.4804141917579687,0.03193838180939116,0.8035241764079473
121.38,0.4676092115031698,0.02263257205770085,0.9133072251140275
121.4,0.4498332359790283,0.011797406751655786,0.9825416734585604
121.42,0.427602332877383,0.00026382614052309966,1.0067545250515513
121.44,0.4013652216868883,-0.011120174594238197,0.9848539867008476
121.46000000000001,0.37157071170106964,-0.021556539049904858,0.9190615295945399
121.48,0.33870020717825383,-0.030355686916925723,0.8145915924760115
121.5,0.3032956023115421,-0.036982875559685775,0.6791203400218332
121.52,0.2659969303297166,-0.041089417342998286,0.5220984453137276
121.54,0.22760117766300342,-0.04252688040049191,0.3539726098069398
121.56,0.1891537510363547,-0.04134359741193483,0.1853856397990921
121.58,0.15208099253838223,-0.037764009095804484,0.026425194858271963
121.60000000000001,0.11835946382197761,-0.03215260741287986,-0.11401322945366471
121.62,0.09069338570807244,-0.024965641604070606,-0.22869330629051754
121.64,0.0726513209967353,-0.016695302813339436,-0.31229484405335495
121.66,0.06872894859575567,-0.007812286324521809,-0.36144219169036984
121.68,0.084317528782869,0.0012872007003135414,-0.374509777193535
121.7,0.12522857169868012,0.010322068256894827,-0.35123654891271533
121.72,0.19501330843088313,0.019129810173089998,-0.2922377880748074
121.74000000000001,0.28694385382015974,0.027560102438196392,-0.198689547652922
121.76,0.37697122370711333,0.03519966534319247,-0.07278807518360701
121.78,0.4402515956509313,0.04119918135654228,0.08072634434697176
121.8,0.4739155246238344,0.04460526328778058,0.25332903678700763
121.82000000000001,0.48797385089403467,0.044819390294978806,0.43329085564752273
121.84,0.49049236042641026,0.041709482496034275,0.6074354575575123
121.86,0.485348657984519,0.03552008095624594,0.7628486390376189
121.88,0.4741978116550044,0.026770230789614467,0.8881737038733492
121.9,0.4578442294388779,0.01617026526513784,0.9745385230319523
121.92,0.43680831513985574,0.004546328578189643,1.0161686625724904
121.94,0.4115263915925808,-0.007233056533670527,1.0107031631717622
121.96000000000001,0.38242082621501206,-0.018327256556406095,0.9592219039862651
121.98,0.349929309365568,-0.027986869723193534,0.8660043513803426
122.0,0.31452441359178884,-0.03560607004238086,0.7380556540940886
122.02,0.27673657111417627,-0.04076056523502727,0.5844511733262805
122.04,0.23718967925706919,-0.043228876696608666,0.41556197588662197
122.06,0.19665904594221792,-0.0429958850134278,0.2422305327215144
122.08,0.156161444193087,-0.04023882031080397,0.07496760660861482
122.10000000000001,0.11708103051498187,-0.03529707746261209,-0.07676181014728903
122.12,0.08131615251650028,-0.028628495204026713,-0.20510363763313003
122.14,0.051402194147924275,-0.020756212511105508,-0.3041844793985489
122.16,0.030553453808528988,-0.01221177033462842,-0.37025920797914924
122.18,0.02262614943311741,-0.003480775112215094,-0.4016340892258292
122.2,0.032125532169266405,0.0050443263657460255,-0.39838585137391586
122.22,0.06432282852963218,0.013103085621656541,-0.36190845144489153
122.24000000000001,0.12467897255678811,0.02059180328718092,-0.2943276998035962
122.26,0.2143124158504045,0.027532813803839727,-0.19790260061498405
122.28,0.31851318327820766,0.03387725158098267,-0.07483974304514741
122.3,0.4055613113170671,0.03914967960504684,0.07170969577944256
122.32000000000001,0.4568750212662818,0.042443524885889844,0.23571246761121942
122.34,0.47956595023606097,0.04296661144945201,0.4075398203835297
122.36,0.48587757090776407,0.040404536433531445,0.5753119011196441
122.38,0.4827275726792034,0.03488597905500895,0.7268205274178272
122.4,0.4730342791438669,0.026850930882771108,0.85103530877578
122.42,0.45803860623858955,0.016946730038466792,0.9391302105698749
122.44,0.4384089573131525,0.005946587960496933,0.9851455723822423
122.46000000000001,0.4146435399212128,-0.005323571336325005,0.9863436242584658
122.48,0.3872095684195925,-0.016053535879273287,0.9432807564679192
122.5,0.356599290375739,-0.025510508969818865,0.8596184598869715
122.52,0.3233660956051388,-0.03309058309154888,0.7417067170095915
122.54,0.28816531654329586,-0.038356689638690065,0.5979875706130461
122.56,0.2518141399618385,-0.0410606050277562,0.4382781520776661
122.58,0.21538330522947277,-0.041147702916898926,0.27299995044017866
122.60000000000001,0.18033097896611647,-0.03874431861524982,0.11242400310696117
122.62,0.14867945569014873,-0.03412881950805989,-0.0340002022091299
122.64,0.12321360280452247,-0.02768885353433395,-0.15817138419810425
122.66,0.10765140776968152,-0.01986886380727217,-0.2536709988781889
122.68,0.10670981619448773,-0.011113697492186677,-0.3158777822658874
122.7,0.12588924162819465,-0.0018162854816745567,-0.34186164446602885
122.72,0.17028312740957624,0.0077160493540914836,-0.3300983403052646
122.74000000000001,0.24049599678268962,0.017239583195777876,-0.28014225064921244
122.76,0.32505474623383057,0.026430556425096872,-0.19260996787007284
122.78,0.40058032660019294,0.03465429448151712,-0.06997094372891981
122.8,0.45091662495049334,0.04096866839071695,0.08207477450422439
122.82000000000001,0.47774572319623176,0.0444993333989592,0.25404803100722795
122.84,0.4891611812630939,0.04475291809069334,0.4336809456306641
122.86,0.49080394344101236,0.04165441776388188,0.6075868167447269
122.88,0.4853873112914169,0.03547008409109255,0.7627903514862577
122.9,0.47415326708953076,0.026725808630383745,0.8879259621409551
122.92,0.45777668764508944,0.016133625204542763,0.9741278672398714
122.94,0.43673926054387563,0.004519665894193833,1.0156307508413873
122.96000000000001,0.4114660478764447,-0.007248156002537684,1.0100813287481425
122.98,0.3823765748508867,-0.01833002549087943,0.9585642209132166
123.0,0.3499086436872357,-0.02797739517906365,0.8653602460916685
123.02,0.31453649692357016,-0.035585221242819,0.7374726013816175
123.04,0.2767937340616065,-0.0407298367229847,0.5839718554553645
123.06,0.23730946475402456,-0.04319015839832408,0.4152222181840237
123.08,0.19686725902842478,-0.042951165919427776,0.2420582932625197
123.10000000000001,0.1564966247479591,-0.040189828767240504,0.07498327841441381
123.12,0.11760063195143212,-0.03524485877660045,-0.0765435324919583
123.14,0.08210443211354346,-0.028572929203774633,-0.20467007990072103
123.16,0.052579781962998985,-0.020695479491472327,-0.3035192731601311
123.18,0.032289714454468266,-0.012141769471359152,-0.36933434732236686
123.2,0.025157823631024763,-0.0033944583070032166,-0.4003995158583391
123.22,0.035782703996654806,0.005157796198914898,-0.39675605230742
123.24000000000001,0.06953223330897192,0.01325922333668432,-0.3597454312160152
123.26,0.13179450724486155,0.020810069600204883,-0.2914225347175256
123.28,0.22293090649006217,0.027827884558925355,-0.19397269475074197
123.3,0.32662305839847067,0.03423397267966368,-0.06959292460219704
123.32000000000001,0.41098469917754543,0.03950364266925679,0.07840576458390654
123.34,0.45964155106722604,0.04271242695839613,0.24367896679502876
123.36,0.48079458276929443,0.043093931063914036,0.4163116402993422
123.38000000000001,0.48632430529751625,0.04036682787932529,0.5842661836747045
123.4,0.48271119876408497,0.03468380153515088,0.7352917493830936
123.42,0.4726692760864361,0.0265013761344629,0.8583951595753855
123.44,0.4573658385430247,0.0164786945061407,0.9448436857469251
123.46000000000001,0.43744492432903187,0.005397028263526735,0.9888105734674689
123.48,0.4133964406071714,-0.005913224182799032,0.987716022009194
123.5,0.3856839932231674,-0.016640929523506362,0.9422851559636798
123.52,0.35479707923236825,-0.02605575015533797,0.8563450339894189
123.54,0.32128570332071815,-0.033559240680085596,0.7363952042157097
123.56,0.2858003475009656,-0.03872223014560268,0.5910003391100226
123.58,0.24915119193718122,-0.04130611822928458,0.4300649038272708
123.60000000000001,0.21239909949408833,-0.041266836986864376,0.2640570879635664
123.62,0.17698866723004966,-0.03874141103668914,0.10325187078338416
123.64,0.14492383245498583,-0.03401827639094879,-0.04293906897722665
123.66,0.11896479408539261,-0.027493892309208214,-0.16649020607787848
123.68,0.10279772648315794,-0.019619778884743623,-0.2610906607785161
123.7,0.10110794381508392,-0.010845768036014456,-0.3222510766911198
123.72,0.1194065652114859,-0.0015670935737292651,-0.3471881679061944
123.74000000000001,0.16297592425974788,0.007911266758905888,-0.33452550177905915
123.76,0.23301460729554513,0.017357819549807866,-0.2839384954814027
123.78,0.31884197308252793,0.026476786077108547,-0.19608501339319862
123.8,0.3967791497368159,0.034666490959088525,-0.07334541664184244
123.82000000000001,0.44920611044766606,0.04099336903745643,0.0787607220628993
123.84,0.47717074756854955,0.044564934625614824,0.2509090042423214
123.86,0.4890835070273447,0.04486708021811774,0.43090149549833556
123.88000000000001,0.4909470372414706,0.04181212302996056,0.6053541258555719
123.9,0.48564770308081795,0.03565983166681904,0.7612570688990348
123.92,0.47448971311715304,0.026932976460343542,0.8871916700331918
123.94,0.45816759537868756,0.01634248785448911,0.9742308947466666
123.96000000000001,0.43716851747434343,0.004714886785186288,1.0165468571905782
123.98,0.41191825351485956,-0.0070803097051963665,1.0117277698905343
124.0,0.38283498029047547,-0.018200719170048604,0.9608081800813768
124.02,0.3503535857775255,-0.0278945477597464,0.8680305632153383
124.04,0.31494344473072966,-0.03555314756541298,0.7403735861708325
124.06,0.27713033717286717,-0.04074923459797784,0.586897846698415
124.08,0.23753091135739676,-0.043258448006071856,0.4179714903322399
124.10000000000001,0.19690907801711724,-0.04306317664328883,0.24444490726765833
124.12,0.156264018892179,-0.04033881958297132,0.07684551213421599
124.14,0.11695379772856151,-0.03542384825171896,-0.07533946511483326
124.16,0.08084020416313294,-0.02877629102166829,-0.20423218033870164
124.18,0.05041038490625497,-0.020920728096555923,-0.30393870205094736
124.2,0.028816824522896196,-0.012391452771697327,-0.37070174569701697
124.22,0.01983368806531642,-0.0036781658143901956,-0.40282909588564786
124.24000000000001,0.02785286210432655,0.004821138603253242,-0.40041822788926695
124.26,0.05801946088098589,0.012838982615322962,-0.36490909482163514
124.28,0.11584736071406651,0.020264915910534715,-0.29850239447809424
124.3,0.20332076657474454,0.027124133215551113,-0.20354511110603818
124.32000000000001,0.3078045751492565,0.03340146449061639,-0.08226616999237725
124.34,0.39815962819769446,0.038684635084960034,0.06236652491267193
124.36,0.4530389180201285,0.04209586096643553,0.2247110690984801
124.38000000000001,0.4778720322264831,0.042812082058408606,0.39551667458049916
124.4,0.48528171428908884,0.04047443248051465,0.5631153494746824
124.42,0.4827754788505276,0.03517855327555955,0.7153537639600932
124.44,0.47355946633944374,0.027341784958506598,0.8411465375758601
124.46000000000001,0.4589798270918107,0.017595490713085984,0.9315362216157224
124.48,0.43973978066826086,0.0067021393070533265,0.980378512709584
124.5,0.4163490250389488,-0.004518141361081,0.9847179463555995
124.52,0.38927917962504827,-0.015256079141947453,0.9448797954827264
124.54,0.3590251821486752,-0.024775232627236122,0.8642999788443118
124.56,0.326143303502076,-0.032464012288008305,0.7491257885202078
124.58,0.2912927700607719,-0.03787443467654696,0.6076340756780393
124.60000000000001,0.25529612172426747,-0.04074512649350783,0.4495252656673583
124.62,0.21923117896128688,-0.041007185387739765,0.2851593715288118
124.64,0.18456513563329563,-0.03877267411878223,0.12480342236555776
124.66,0.1533317292542078,-0.03430675189165709,-0.022041808178101023
124.68,0.12833077507358237,-0.027985827846771318,-0.14717459165463975
124.7,0.11329919775457978,-0.020245757994389435,-0.2440360971352574
124.72,0.11296819543726021,-0.011525948873508789,-0.30783656216522687
124.74000000000001,0.13280227972558392,-0.0022177212084282995,-0.33546294803182786
124.76,0.1776768938525871,0.007367386969531845,-0.32521220337281964
124.78,0.24762415130510945,0.016970905655085293,-0.27649585149635003
124.8,0.3305710643925073,0.0262403295306853,-0.18987513922829885
124.82000000000001,0.4036729906455236,0.034511751488276524,-0.06788873927057426
124.84,0.4521294916008414,0.040838951071642315,0.08362170731180975
124.86,0.47802828086358967,0.04436500434706714,0.2550694270002547
124.88000000000001,0.4890886658712688,0.04461295051603429,0.4341522991706169
124.9,0.4906135769934396,0.04151576254157815,0.6074979806859191
124.92,0.4851651526173181,0.03534207883765211,0.762165022969858
124.94,0.4739332257216373,0.026617510842565435,0.886825213652643
124.96000000000001,0.4575768716543829,0.016052538018519732,0.97264618890055
124.98,0.4365737846877211,0.004471075569605161,1.013888366984872
125.0,0.411349076509859,-0.007261497253159437,1.0082145995521388
125.02,0.382324309240446,-0.018307950132961402,0.9567153220152884
125.04,0.3499411422031136,-0.02792213352707415,0.8636671280016547
125.06,0.31468015118866244,-0.035500999268325686,0.7360601345586646
125.08,0.2770850669244943,-0.040622282427046005,0.5829449752109107
125.10000000000001,0.23780106707532297,-0.043065540077948,0.4146617873960681
125.12,0.1976369114192889,-0.0428154793144973,0.24202031827264756
125.14,0.15766074244382908,-0.04004773927026991,0.07550206638318502
125.16,0.11933285366604766,-0.03509849601842533,-0.07544769123589175
125.18,0.08465945149789333,-0.028420533861617896,-0.2029781103371062
125.2,0.05632257263182368,-0.020529914290736816,-0.30119482475561105
125.22,0.03773369490791002,-0.011948887303671383,-0.36629907604825845
125.24000000000001,0.03302117480946114,-0.0031512042786842514,-0.3965013767555378
125.26,0.0470582961245276,0.005485758584917227,-0.3917290836262134
125.28,0.08545274837861506,0.0137196038909726,-0.3531598893909128
125.3,0.1531779136489328,0.021459524133416525,-0.28263577039951177
125.32000000000001,0.24796227166572646,0.02870035535112433,-0.1821424615389447
125.34,0.3489706754422754,0.03526409353628108,-0.053910759920563205
125.36,0.4251951270174592,0.04048927505630115,0.09820128807441535
125.38000000000001,0.4666836101917626,0.04342360305100309,0.26693399569610954
125.4,0.48385864659363825,0.04338435069171222,0.44160178126201916
125.42,0.4873508879169723,0.04018187578308054,0.6097731154406847
125.44,0.48249014956353425,0.034033702143708,0.7591167636774591
125.46000000000001,0.4714825974347232,0.025441236825505864,0.8787753173317497
125.48,0.4553163382870665,0.01509563320524105,0.9603042044632656
125.5,0.4345764003777135,0.0037995877177793656,0.9982714205155508
125.52,0.4097322779486752,-0.007605339563942013,0.9905570751423329
125.54,0.38123812953609804,-0.018306982275646547,0.9383704905965254
125.56,0.3495755584240619,-0.027583512024283816,0.8460076775357044
125.58,0.3152843592980964,-0.0348533609063026,0.7203858767114583
125.60000000000001,0.2790000770358102,-0.03971090549173014,0.5704059637342268
125.62,0.2415109612414134,-0.041945687617467496,0.4062044916800953
125.64,0.2038463449626577,-0.041544107356372234,0.23836374983022462
125.66,0.16740638059170607,-0.03867371695510029,0.07715009157144131
125.68,0.13413290682516305,-0.03365147069565847,-0.0681521587021177
125.7,0.1066991867602278,-0.02689865177337975,-0.18975199384787772
125.72,0.08867177807247147,-0.018886758291823062,-0.2816629442804646
125.74000000000001,0.08459357572882645,-0.010080076979897988,-0.33978912447880605
125.76,0.09991242228500406,-0.0008816698436138868,-0.3617859603151183
125.78,0.14031518818228295,0.008407157383706117,-0.3467269639555112
125.8,0.20869813934268533,0.017585786226586502,-0.29467616109730227
125.82000000000001,0.297309378012269,0.026441121977433354,-0.20645921369180661
125.84,0.3826120921292198,0.03448766225838201,-0.08420440430537192
125.86,0.44229346514303775,0.04084252646789291,0.06718942683288284
125.88000000000001,0.47447915493439863,0.04456355364765876,0.2390058720235258
125.9,0.4883201591084033,0.04506382011728892,0.4193827078128309
125.92,0.49107846537902006,0.04220643944734516,0.5950232428397954
125.94,0.48628855882888805,0.036223225435232924,0.7528543224994028
125.96000000000001,0.47549486272047664,0.02762077682223696,0.8813080740169865
125.98,0.45946960227927264,0.01710098651867894,0.9712586987291385
126.0,0.4387231649032305,0.0054868599453169985,1.0166547359926774
126.02,0.4136869476303431,-0.006350739945139088,1.0148566639956633
126.04,0.3847784037916418,-0.017563805071805702,0.9666854563070233
126.06,0.3524283089781841,-0.02739139457190671,0.8761998485722107
126.08,0.3170986255886252,-0.035213155535144466,0.7502368232335945
126.10000000000001,0.2793030621696958,-0.040588661832374986,0.5977653805783322
126.12,0.23963887303090847,-0.043280181834629665,0.4291155042926826
126.14,0.19883907753996827,-0.04325773001489644,0.2551513170653321
126.16,0.1578547825751707,-0.04068650350179428,0.0864594958614259
126.18,0.11797248288902457,-0.035898005669554485,-0.06737880019421108
126.2,0.08095419486198827,-0.029347394242396595,-0.19837187670363435
126.22,0.04915809889091509,-0.02156103123772736,-0.300509652460616
126.24000000000001,0.025578084996346666,-0.013079809991203228,-0.36993546419791584
126.26,0.013787181100841404,-0.004404737327291753,-0.4048935778878367
126.28,0.01789987337496316,0.004050184755252128,-0.40547252032493064
126.3,0.04271694761633053,0.011996675927932542,-0.3731770208233573
126.32000000000001,0.0937106896110725,0.019301802106611313,-0.3103616516394492
126.34,0.17460061393339954,0.025986288976107854,-0.21959300410898297
126.36,0.2780021857057186,0.03210263985782709,-0.10321546114973554
126.38000000000001,0.3760872755779502,0.03740168827199324,0.036166361289570716
126.4,0.44109475208039317,0.041114162793092636,0.1938881827817155
126.42,0.4725223926814988,0.042355242256301835,0.3617632865921324
126.44,0.48335211208170953,0.04064211651324062,0.5287689786983013
126.46000000000001,0.4827887336529496,0.03597269580347804,0.682943034330423
126.48,0.4749596910164292,0.028697545028787835,0.8130659951897331
126.5,0.4615605241781353,0.019401491254359523,0.9098224089450683
126.52,0.44341113881830074,0.008815751222236627,0.9665551791326181
126.54,0.4210588240041893,-0.0022567077860401524,0.9796993629806483
126.56,0.39498785183080926,-0.013010043848974924,0.9489297238140465
126.58,0.36569858428225693,-0.02269828882871746,0.8770442415597561
126.60000000000001,0.33375125225733404,-0.030688896585135197,0.7696138744832928
126.62,0.2998093576984058,-0.03650375651010641,0.6344421676295346
126.64,0.2647001362718018,-0.039845023776000695,0.48089045142659437
126.66,0.2295055238885822,-0.04060414897567116,0.3191329689195968
126.68,0.19569446934796847,-0.03885363857635023,0.15941046455456742
126.7,0.16529844442531705,-0.03482229987627648,0.011350229690743723
126.72,0.14111069787233518,-0.028856107880281888,-0.11658510434971642
126.74000000000001,0.1268559264751308,-0.021368512387825472,-0.21746953052494433
126.76,0.1272265644521529,-0.0127860793660553,-0.2860751553631806
126.78,0.147530112941569,-0.003498550529704361,-0.31882121288356646
126.8,0.19214861265454375,0.0061691355827268365,-0.31355875303307684
126.82000000000001,0.26015761017430533,0.015923568965970577,-0.2693479123504957
126.84,0.33898968557447856,0.025357160281176894,-0.18658314044186253
126.86,0.40743154559430456,0.03376290093166783,-0.0678485344822293
126.88000000000001,0.4528810261619855,0.04019886755442672,0.0808876479642272
126.9,0.47758516193611766,0.04383787222119335,0.24999532123386747
126.92,0.488398356211561,0.04422070705998663,0.4272312652537041
126.94,0.4900320461762426,0.04128052992121219,0.5993158164544183
126.96000000000001,0.48481286382275063,0.03527680444711679,0.7533795172097079
126.98,0.47385657034543816,0.026722756797400455,0.8781216041126865
127.0,0.45780230820530077,0.0163163207533392,0.9646866064199047
127.02,0.43712443099259535,0.004870293565066474,1.0072641088617407
127.04,0.4122506749713024,-0.0067586619506764326,1.003406201007582
127.06,0.38360909034721097,-0.017739002469462934,0.9540635881658012
127.08,0.3516524123440769,-0.027326885693790957,0.8633570720689404
127.10000000000001,0.3168790876714777,-0.03491809206476039,0.738118712091945
127.12,0.27986123356535075,-0.040085825111469506,0.5872525605717109
127.14,0.24128867069675677,-0.042602031148943516,0.42097657161579444
127.16,0.202039433128626,-0.0424410948618311,0.2500143031705077
127.18,0.16328689281077205,-0.03976598752401889,0.08480715766537465
127.2,0.12664637346617896,-0.034898154365502455,-0.06518481335534522
127.22,0.09434446032527469,-0.02827372736911654,-0.19203320514825303
127.24000000000001,0.06936763372670131,-0.020390151618086612,-0.28969560585883447
127.26,0.05554449345906834,-0.011748763363048302,-0.35414633151010794
127.28,0.05756835472439976,-0.002799308780554679,-0.3832794687812064
127.3,0.08096290731455463,0.006108522477843751,-0.37660242709268427
127.32000000000001,0.13142832203444824,0.014758418912541618,-0.33476115569483805
127.34,0.2110930812440342,0.023051911127197334,-0.25900992840972614
127.36,0.3087356243624987,0.030853146945279915,-0.15098546416855926
127.38000000000001,0.39606975773436487,0.03767401256753642,-0.013468713657838874
127.4,0.4518898184628013,0.042599298586300655,0.1478769977438484
127.42,0.4791305295400782,0.04474298863986168,0.32359504960314006
127.44,0.4889498628975153,0.04365218462269978,0.5014873988157461
127.46000000000001,0.4885366503803178,0.03933215794663603,0.6684917142471207
127.48,0.48108677169000763,0.0321335285410591,0.8122957844701094
127.5,0.4679607802544217,0.022650924219465643,0.922507460188607
127.52,0.44985995483276686,0.011641166323405913,0.9914631111118223
127.54,0.4272751514101356,-5.179491016276631e-05,1.0147252183439306
127.56,0.40064137384840504,-0.011569196466993385,0.9912852233660008
127.58,0.3703936852879192,-0.022105071454514694,0.9234853857455205
127.60000000000001,0.3369941915918746,-0.030965297397214875,0.8166859780722744
127.62,0.3009551010895817,-0.037614275338728645,0.6787198673772951
127.64,0.26287005690378956,-0.04170626773815008,0.5191902523988224
127.66,0.22346388253549138,-0.04309956623320762,0.34867698353013055
127.68,0.1836714530041409,-0.041852886564278595,0.17792176031295592
127.7,0.1447541971996142,-0.03820459957275297,0.01706247971649246
127.72,0.10845128500860429,-0.032536626534572045,-0.12501784562738694
127.74000000000001,0.07713803243636239,-0.02532618814682965,-0.2411721426369327
127.76,0.05393995214631747,-0.017090150610388436,-0.32626068474437014
127.78,0.04276924738431524,-0.008327946235526063,-0.377194957865503
127.8,0.04833202245899021,0.0005312724398460929,-0.39276007929149875
127.82000000000001,0.0761302187049911,0.009173411456892456,-0.37324084078275377
127.84,0.13176027189441616,0.017428438499575715,-0.319895023294503
127.86,0.21661332378157938,0.025244917491954164,-0.2343966625837804
127.88000000000001,0.31721440750830115,0.03250924654375188,-0.11865269121854286
127.9,0.40344103358588285,0.038712590289562324,0.02428554898534895
127.92,0.4560601277359445,0.04292728545046391,0.18839095368381956
127.94,0.48050748792733894,0.04431441110411172,0.363910748731166
127.96000000000001,0.48836497804153295,0.04249659098616736,0.5386126566728391
127.98,0.4864987404308221,0.037546686275854335,0.6996929696520194
128.0,0.47786787459703023,0.029865835645428506,0.8353349126434167
128.02,0.4637341437636667,0.020081867336135803,0.9358090707138047
128.04,0.4447668355047543,0.008967830319711148,0.9942132990871883
128.06,0.42145173721104956,-0.002632538098154562,1.0069033157476412
128.08,0.3942313581360354,-0.013875847611350446,0.9736320442493624
128.1,0.3635575860665758,-0.023984436216943964,0.8974149738788924
128.12,0.3299204184440172,-0.03230232459236469,0.7841515550991984
128.14000000000001,0.29387633853141465,-0.038338143936189575,0.6420477526579427
128.16,0.25608900697194187,-0.04179231972026892,0.4808976522237858
128.18,0.21739349114073345,-0.04256693715833372,0.311290644575706
128.2,0.17889521753162513,-0.04075792038350491,0.14381459835837418
128.22,0.14211013605036113,-0.036630360905388945,-0.011675501249302389
128.24,0.10913700003308571,-0.030579091892902865,-0.14665979375319185
128.26,0.08282678236811217,-0.023078049266967243,-0.2543742124124838
128.28,0.06689984365223733,-0.01462349526901957,-0.33001440624593675
128.3,0.06599031039984639,-0.005677117619349013,-0.37071028352071067
128.32,0.0855974794056466,0.003385152309086553,-0.3752824601878416
128.34,0.1314743001091404,0.01231007723866464,-0.34381795647763214
128.36,0.2063257273808082,0.020959853478783114,-0.27716915020771526
128.38,0.30086490341634886,0.029178772102345367,-0.17669903879815607
128.4,0.3887416120152961,0.036498228689547246,-0.04491522764703284
128.42000000000002,0.4473514732034109,0.04202228658330876,0.11289375294073017
128.44,0.47721106595918955,0.04483078182753412,0.2876219058922709
128.46,0.48889435559040345,0.04440420376224897,0.4672054225680803
128.48,0.4898539007605072,0.04068422613057334,0.6384485028478843
128.5,0.4835195620145663,0.03397170648930601,0.7886777806358939
128.52,0.4713561584725951,0.02482624314735382,0.9069703934517956
128.54,0.4541014421624499,0.013984336862769505,0.9850212870843297
128.56,0.4322553871629365,0.0022842175379480514,1.0176995477890411
128.58,0.40625052707690573,-0.009407186722885569,1.0033084875330025
128.6,0.3765124596763236,-0.020263426781979947,0.9435601988033129
128.62,0.3434867343052276,-0.029559976241372774,0.8432874810086674
128.64000000000001,0.3076590280457542,-0.03672396973161551,0.709932176526242
128.66,0.2695807774567295,-0.04136904286811958,0.5528634622801953
128.68,0.2299096438502665,-0.043313211188702946,0.38259022064342263
128.7,0.18947488870074797,-0.042578963503828775,0.20993739783095663
128.72,0.14937700475317062,-0.03937597062098925,0.04525709160296053
128.74,0.11112271416453616,-0.03406801308090873,-0.10225889449786814
128.76,0.07677474173446497,-0.02712702864241265,-0.22510724100190485
128.78,0.04906661678947195,-0.01907870285200713,-0.31779883285156973
128.8,0.031432366442144866,-0.010445490121521451,-0.37695957564817095
128.82,0.027978070579393936,-0.0016931790460594817,-0.4012085634333055
128.84,0.04352338362771103,0.006815127016967451,-0.3908366296811494
128.86,0.08362439854615712,0.014855889670608627,-0.3473181668378162
128.88,0.1531708695388592,0.02235997591229618,-0.27270999701711807
128.9,0.2495234829804073,0.02934219781749978,-0.16912696908074046
128.92000000000002,0.35106564985519917,0.035633494830933886,-0.0388680194303458
128.94,0.42663838071905114,0.04057065055784126,0.11415062678834313
128.96,0.46715387939994857,0.043209479322534196,0.2826169802044902
128.98,0.4835556277898976,0.042890531488544464,0.4558591905344606
129.0,0.48648016128802607,0.03944921246852029,0.6215602992500345
129.02,0.48117690078802616,0.033122382063071595,0.7675934277267671
129.04,0.4698091055929318,0.024423850565146066,0.8833690314511743
129.06,0.453350162307249,0.014050358362750804,0.9607463053646017
129.08,0.4323829836113923,0.002803695808515687,0.9946062285233351
129.1,0.4073810770219553,-0.008481377763685531,0.9831262232863218
129.12,0.37880730830048037,-0.019004440246498795,0.9277754592640514
129.14000000000001,0.3471576060482156,-0.028059073091701983,0.8330550134247239
129.16,0.3129942751724578,-0.03508125949577586,0.7060207320525562
129.18,0.27698794011119665,-0.03968339646406051,0.5556403818883198
129.2,0.23998116151535123,-0.041671793920008006,0.39204725755450065
129.22,0.20308597917546845,-0.04104668489554991,0.225758642122803
129.24,0.16782452650128848,-0.03798496040893285,0.06692904999187937
129.26,0.136309862892502,-0.03280708676376977,-0.07529512752125353
129.28,0.11144048894966574,-0.025931074496343895,-0.19326153226583387
129.3,0.09705685816509872,-0.01781798053228751,-0.2810949233368896
129.32,0.09799294549849706,-0.008914977728563755,-0.33475516089164775
129.34,0.11985670024735613,0.00039620393944150845,-0.351875089757268
129.36,0.16777876622708085,0.009830814477716866,-0.33142474057728555
129.38,0.24196295090816278,0.019172492597971626,-0.27334924332050065
129.4,0.3295112803452244,0.028112540588399102,-0.1785636862235779
129.42000000000002,0.40558146028631786,0.036004180666455596,-0.04983008552286487
129.44,0.45465499563014816,0.04189091462423347,0.10679091884358252
129.46,0.4799056589199759,0.04491716733287215,0.28146333319850153
129.48,0.48999870552292635,0.044633802679909594,0.4616962789058043
129.5,0.49055752802318464,0.041014259626306324,0.634070677010629
129.52,0.4841983962445768,0.03436777369027677,0.7857633196004427
129.54,0.4721074703974811,0.025254791519572606,0.9057163738145383
129.56,0.4549360532235871,0.014412038952286104,0.9854906979304747
129.58,0.433157103510628,0.0026795565466762937,1.0198250301298863
129.6,0.40719286220258727,-0.009071906568868304,1.0069036025490807
129.62,0.37746223340571006,-0.020010305194667614,0.9483383992972498
129.64000000000001,0.34440311844151617,-0.029404253663599018,0.8488872203080663
129.66,0.3084900374013883,-0.03667340815626525,0.7159458120619466
129.68,0.2702570281206892,-0.04142401182092896,0.5588672374711983
129.7,0.23033423300455338,-0.04346749594069692,0.38817245853269683
129.72,0.18950768682255054,-0.042821284014607996,0.21472203304658383
129.74,0.14881159426261215,-0.03969218017603184,0.048919753689748983
129.76,0.10965514629859462,-0.03444392171038857,-0.09998486612029261
129.78,0.07396517089847762,-0.02755174933926752,-0.22443716633761168
129.8,0.04429516364980587,-0.019548353997472803,-0.3189172214245432
129.82,0.02384367461427138,-0.010967094644729137,-0.38005589148465485
129.84,0.016395676124011646,-0.0022888332884532635,-0.40652903626316805
129.86,0.026330869535742707,0.006103446105792786,-0.39875391234725466
129.88,0.05878512174213499,0.013961782445182314,-0.358420678400549
129.9,0.11919377797728094,0.02119766876599916,-0.2878962864340975
129.92000000000002,0.20898839054666532,0.027854240970984774,-0.18961059270577088
129.94,0.3140934139175828,0.03391465863131419,-0.0658367753615001
129.96,0.4026902723592426,0.03894097099777499,0.08035248135686271
129.98,0.4551806077106795,0.04204614793655288,0.24312338821530446
130.0,0.4783559271683625,0.042437414021571196,0.41307940329948856
130.02,0.4847686781461001,0.03979676870229763,0.5785601167066847
130.04,0.4815958681920363,0.03425140833407779,0.7275670201260369
130.06,0.47186946547125586,0.02623941449931151,0.8492735483451442
130.08,0.45687198744866536,0.01640385536984154,0.9350454827614078
130.1,0.43728818918590184,0.005510898371788246,0.979092312166368
130.12,0.4136261041572135,-0.005622928571678072,0.9788123121529986
130.14000000000001,0.38636339571391537,-0.0161983519179273,0.9348569420617531
130.16,0.35600702053485095,-0.025494075573726106,0.8509375427323254
130.18,0.32313259692343244,-0.032917221978957564,0.7334085412698298
130.2,0.2884294157345407,-0.03804027184545086,0.5906749396542899
130.22,0.25276620428317814,-0.04062213405821136,0.4324831690584818
130.24,0.21729049687851898,-0.040612069194700604,0.2691617240475762
130.26,0.18357120661924192,-0.03813636127452847,0.11088077192264569
130.28,0.15378255506671615,-0.033468878780300255,-0.0330021003098523
130.3,0.13090345244262827,-0.026988097192896472,-0.154450180550933
130.32,0.11887294292663417,-0.019124875396517426,-0.24706377606391713
130.34,0.12259254933633583,-0.01030732315638627,-0.30617913328227014
130.36,0.14748007221586834,-0.0009124547438885938,-0.3287561937121754
130.38,0.19760212066945515,0.008755526967434531,-0.3131163803248818
130.4,0.27055717277402985,0.018414958477230122,-0.25871711727508906
130.42000000000002,0.35116805099194054,0.027634935374060216,-0.16636605820425585
130.44,0.4174684018306414,0.03565705345616369,-0.039224121466274166
130.46,0.4593423344791221,0.04152421905111872,0.11600769800720201
130.48,0.48107875251841936,0.04445889902306957,0.28904072166821393
130.5,0.48976416196631367,0.04407977141229394,0.4672429376257349
130.52,0.48977024626324367,0.04039505337107389,0.6372574984095737
130.54,0.48317350978014123,0.0337277165182515,0.7864158670219185
130.56,0.47097567762720527,0.024641318376425685,0.903846235278387
130.58,0.45377217811018544,0.01386977264402673,0.9812951266892807
130.6,0.43202211517716804,0.002246420870069773,1.0136674439383782
130.62,0.4061486691217568,-0.009367347283172501,0.9992811024931546
130.64000000000001,0.3765793394456077,-0.020150437093904638,0.9398407956537527
130.66,0.34376791700926806,-0.0293829324863209,0.8401518324143389
130.68,0.3082148692643925,-0.03649539995613364,0.7076123511117444
130.7,0.27049567157642906,-0.04110337933125413,0.5515370481148923
130.72,0.23130611918921987,-0.04302497801552805,0.3823762465259478
130.74,0.1915349408462194,-0.042280718914447506,0.21090000288110633
130.76,0.15237305686418498,-0.039076012653458767,0.04741789717396053
130.78,0.11545973013153699,-0.033767836171937717,-0.09889874286040846
130.8,0.08304366310562249,-0.02681852278315254,-0.22053434233861363
130.82,0.05811053349510352,-0.018741100272946867,-0.3119430923651016
130.84,0.04443488885851918,-0.010041988970207636,-0.3696369625546666
130.86,0.04658696879009118,-0.0011669467319791365,-0.39204925480125374
130.88,0.06994681885861898,0.007545568230845352,-0.3791956571558819
130.9,0.12024667515089138,0.015897642623662802,-0.33217175672359134
130.92000000000002,0.20022375524024472,0.023821635824087813,-0.2525860098302668
130.94,0.2998272176397957,0.03123484926976029,-0.14226384261511732
130.96,0.3906077120774855,0.03771456403040648,-0.003926922519021155
130.98,0.44922342759428474,0.042377949806119614,0.1570308749135172
131.0,0.4777255386254945,0.04433003336918288,0.33145974200608214
131.02,0.48788287819526677,0.043104282376891206,0.5074126725710733
131.04,0.48746938622956576,0.038701701578837774,0.6720428795691803
131.06,0.4799387296927294,0.031472770225243474,0.813247136892152
131.08,0.46674048720850303,0.02201103117167441,0.9208409173299356
131.1,0.44860549371044606,0.01106936043521874,0.9873584213057897
131.12,0.42603693913605106,-0.0005153000464996108,1.0085379601879065
131.14000000000001,0.39947919704237006,-0.011893716907838057,0.9835134782138645
131.16,0.3693791565931728,-0.022271096246259142,0.9147280059610938
131.18,0.33621665896263964,-0.030965096199637308,0.8075963200109892
131.2,0.300531568319431,-0.03745141125408176,0.6699592760136894
131.22,0.2629609818109168,-0.04139401973864881,0.5113856847012497
131.24,0.22429771406516574,-0.042658303471996964,0.3423870562817541
131.26,0.1855813696299029,-0.04130645331270919,0.17361530022767813
131.28,0.14823002777973424,-0.03757577807055451,0.015113402930221495
131.3,0.1142073932271953,-0.031841773766617884,-0.1243158120362492
131.32,0.08619542787940035,-0.024569213155605472,-0.23756789703256997
131.34,0.06772303300958257,-0.01625606508096767,-0.3194831646247101
131.36,0.06322249470906707,-0.007376172672745752,-0.3668642269619656
131.38,0.07801425405495487,0.0016734686985675398,-0.37827159694342455
131.4,0.11793073429658174,0.010613881414301684,-0.3536281813433411
131.42000000000002,0.1869187131223015,0.01929143881835585,-0.29371346421669525
131.44,0.27926628551488714,0.027580813260606806,-0.1998035118449326
131.46,0.371494389543557,0.035111736234412515,-0.07405445776830437
131.48,0.4373633655113921,0.04106491327500512,0.0789941275333485
131.5,0.4726322241856396,0.044478830186479565,0.25106131927113734
131.52,0.48741252859818873,0.044731711692809026,0.43058799065569736
131.54,0.4902430729269222,0.04167451496052587,0.60448459551377
131.56,0.4852659557706608,0.03554195708475795,0.7598713994282842
131.58,0.4742366281265231,0.02684680202985946,0.8853949178363714
131.6,0.45799261318921775,0.016294788746375886,0.9721648135757163
131.62,0.4370651032096904,0.004708623497210031,1.0143724410932282
131.64000000000001,0.4118946207189292,-0.007045501245798829,1.0096110799467672
131.66,0.3829062787835462,-0.018128124248523815,0.9589078276565832
131.68,0.35054094446973677,-0.027789838876925828,0.8664870380317979
131.7,0.31527588644581606,-0.035423683416140515,0.7393010552482217
131.72,0.2776488884319315,-0.04060320942500253,0.586379065720871
131.74,0.23829542469596432,-0.04310391913115476,0.4180563699152072
131.76,0.19800886425143266,-0.0429069896264558,0.24515317773972073
131.78,0.15783361448153604,-0.04018543323331385,0.0781738855886622
131.8,0.1191948988676868,-0.03527404559388914,-0.07340521096423894
131.82,0.08405001166220939,-0.02862575935973878,-0.20169970456108055
131.84,0.05501667500873218,-0.02075850052844081,-0.3007856481480976
131.86,0.03542414300985369,-0.012198177669054905,-0.36684573745994453
131.88,0.029292938700453786,-0.0034240233605164084,-0.39809020483032276
131.9,0.04135639370830897,0.005179223745703213,-0.3944718015051035
131.92000000000002,0.07710986665103713,0.013360334836815825,-0.35722640498703706
131.94,0.14179306972078282,0.02102216634685775,-0.2882871414860972
131.96,0.23463384614927896,0.028171201857059232,-0.1897282213740573
131.98,0.33720899991261827,0.034682993406575255,-0.06374357150387383
132.0,0.41782612439270533,0.039966834659286854,0.08611767525450677
132.02,0.4630883202016547,0.04308009507848414,0.25308484359210065
132.04,0.482354617476263,0.04329235428232996,0.4268666459596591
132.06,0.48693916583178243,0.040363953181485314,0.5952173388246322
132.08,0.48276445853744027,0.03447710231742188,0.745820777981508
132.1,0.472294284375472,0.026108795772541875,0.8677168784389574
132.12,0.456607009305246,0.01593309643003162,0.9522760803123962
132.14000000000001,0.43631708431704197,0.004741793577451088,0.9938255392417966
132.16,0.4119037912529882,-0.006628481317555182,0.9899728844218206
132.18,0.3838252721727434,-0.017364682609804487,0.9416469540086244
132.2,0.352565907901462,-0.026738744030900815,0.852877715107163
132.22,0.3186687877660491,-0.03415828411217116,0.7303507811569606
132.24,0.28277412426170045,-0.03920335996557371,0.5827860622744945
132.26,0.2456768111612557,-0.041646955861034056,0.420201344716003
132.28,0.20841538467834309,-0.041458035479610134,0.25312859542092936
132.3,0.17240260201369503,-0.03878717459229335,0.09185310209309624
132.32,0.1395980738641953,-0.033936016185729,-0.05425693350725724
132.34,0.11270175525273447,-0.027313155380571663,-0.1772703618197115
132.36,0.09532140831573424,-0.019380634005359387,-0.27101614445078953
132.38,0.09205550905065162,-0.01059676326148369,-0.3311829228166913
132.4,0.10838567001893439,-0.0013623514713202159,-0.3551940170627925
132.42000000000002,0.14986173674996645,0.00801825426967536,-0.34189139665051965
132.44,0.21874434429680803,0.01733034405067114,-0.2911388855608226
132.46,0.30612806062285813,0.02632602561945557,-0.2036570791777491
132.48,0.38836984593158425,0.034470649998101836,-0.08164553794429404
132.5,0.445055159848225,0.04085757118245493,0.0697652167635888
132.52,0.475537187049602,0.044562093903399956,0.2416200798375286
132.54,0.48864759281155834,0.04502447276340498,0.42191886754466823
132.56,0.49110676210580817,0.04212509688557846,0.5973175748787805
132.58,0.48617261763626474,0.036104492118644436,0.754746055334522
132.6,0.47528821755846556,0.02747371882388134,0.8826647149372817
132.62,0.4591933289951496,0.01693701307027403,0.9719892389273276
132.64000000000001,0.438388571539751,0.005318347804690125,1.0167161409198484
132.66,0.41330265069534255,-0.006511562933466426,1.0142554537470365
132.68,0.3843526429828314,-0.017705821920654577,0.9654751354912136
132.7,0.35196991921988846,-0.02750539319144155,0.8744748126186691
132.72,0.3166177536131536,-0.0352924163253098,0.7481234884758832
132.74,0.2788120615606415,-0.04062930511724236,0.5954114351101565
132.76,0.23915367322973563,-0.04328125523463036,0.42667828516923
132.78,0.19838132992130436,-0.04322103134889122,0.2527863680105048
132.8,0.1574550771819838,-0.04061614958086853,0.08431034741864557
132.82,0.11767475116213909,-0.035799772070031766,-0.0691886566068102
132.84,0.08082095796599266,-0.0292278692389061,-0.1997439840877149
132.86,0.049275737689450226,-0.02142665084950614,-0.3013719349712247
132.88,0.0260618068953789,-0.012935860336566829,-0.3702396193398718
132.9,0.014787903634697968,-0.0042543928847727985,-0.404608536819255
132.92000000000002,0.019617590954228714,0.004206796420533345,-0.4045741334408557
132.94,0.04541589421416913,0.012163427358154818,-0.37163395766923724
132.96,0.09767966705148605,0.019487089718371518,-0.30811798244380445
132.98,0.17986533217617523,0.026200435068678432,-0.2165533607698523
133.0,0.2836608757605024,0.03234570039416153,-0.09925746931530582
133.02,0.3804500813476317,0.03764438217781964,0.04111125435245862
133.04,0.4435197838962091,0.041303705342821705,0.19971551897757478
133.06,0.47362115339211386,0.04244758681611686,0.36816521317885964
133.08,0.4837572724575645,0.0406165947879429,0.5353078059700764
133.1,0.4828068488690615,0.03582784067566286,0.6891391090299388
133.12,0.4747077415773635,0.02844500949691507,0.8184616895507834
133.14000000000001,0.46108198357767366,0.019062021736451645,0.9140259894901249
133.16,0.4427247562658545,0.008416214754820014,0.9692710592724573
133.18,0.42017543404932434,-0.0026860221512471343,0.9807471541118452
133.2,0.3939157488878175,-0.013438044995780822,0.9482526546955711
133.22,0.3644451618723555,-0.023095559609187768,0.8747073445482597
133.24,0.3323234608478341,-0.031029885398504656,0.7657927870330296
133.26,0.29821384690809793,-0.03676854390869917,0.6294039744452785
133.28,0.2629434588698801,-0.04002055324540033,0.4749685014078934
133.3,0.22759466318788502,-0.04068485268394048,0.31269796351908224
133.32,0.1936378936918461,-0.03884143490209199,0.1528402996908976
133.34,0.16310772373159302,-0.03472598679043898,0.00500107180118526
133.36,0.13880246208655558,-0.028690223520106993,-0.12240421876092081
133.38,0.12445430500059103,-0.021151774276124635,-0.22251665349759622
133.4,0.12476918659442358,-0.012539515033127611,-0.29018849684706377
133.42000000000002,0.1450881881841224,-0.0032433245050290135,-0.32192415895503984
133.44,0.18987561622273227,0.006414438299182217,-0.3156552250230375
133.46,0.25833553656319397,0.016146368446212978,-0.2705053474788807
133.48,0.3379081635920302,0.025553259911435897,-0.18690267676891165
133.5,0.4070736600815187,0.033933426937972716,-0.06743528290980162
133.52,0.4529316606654718,0.04034317194795643,0.08193155420390673
133.54,0.4777622672748026,0.04395116374096577,0.2515564566930017
133.56,0.48856838867533886,0.044296890958056084,0.42917324385955136
133.58,0.49014876955824804,0.04131510640156215,0.6014803680353782
133.6,0.4848617941861658,0.03526821162590002,0.7555960139170057
133.62,0.4738323180673456,0.02667268203471275,0.8802196736225658
133.64000000000001,0.4577015782074308,0.016229483990712782,0.9665088217093947
133.66,0.43694401511668435,0.0047539318316132985,1.0086771653608795
133.68,0.41198669640257507,-0.0068954994586920455,1.004309624746279
133.7,0.38325639399156375,-0.017886272512845493,0.9543953742821333
133.72,0.3512037366098015,-0.02747441409011512,0.8630959388937408
133.74,0.316323796829677,-0.03505641900415411,0.737282918731859
133.76,0.2791833539249054,-0.040206979240797455,0.5858954699618188
133.78,0.24046387550908244,-0.04270019330067831,0.4191793277920375
133.8,0.20103051119527807,-0.042513130948138196,0.24787611190861644
133.82,0.1620371747214305,-0.03981185106982802,0.08243369992668549
133.84,0.1250706351367545,-0.03492117908994689,-0.06769434847378188
133.86,0.09231689106486236,-0.02828084601173627,-0.19460009603528297
133.88,0.06670613873743357,-0.020392090915848014,-0.29227638220114227
133.9,0.05198983873041499,-0.011760286062356988,-0.3567484040415753
133.92000000000002,0.052759783123871966,-0.0028395796144260956,-0.3859779594774161
133.94,0.07443926928416385,0.006015611528344593,-0.3795585512540371
133.96,0.12279086620806794,0.01458553201124949,-0.3382397043463003
133.98,0.20066068525981448,0.022777087678384992,-0.2633795980483004
134.0,0.2985441026759808,0.03048542114148753,-0.15665216150606742
134.02,0.38883809484131115,0.037279682979279714,-0.020690507350580874
134.04,0.44805944167206885,0.042276303834353886,0.13918922716429302
134.06,0.4774130899500947,0.044566210567779124,0.31388968508529674
134.08,0.48829295884425855,0.04365668390015044,0.49143158439418955
134.1,0.488462322383892,0.03952265502477611,0.6588281988469515
134.12,0.4814178717571974,0.03249423929819391,0.8037426447466568
134.14000000000001,0.4686327232428005,0.023151656589773768,0.9156891833520333
134.16,0.4508455193414682,0.012241768042285382,0.9868621135650465
134.18,0.42855937314811116,0.000602648649230055,1.0126502054401842
134.2,0.4022139199061762,-0.010908785435136261,0.9918557686986271
134.22,0.37224700741070493,-0.021484547411723568,0.9266323657594483
134.24,0.3391238041890516,-0.030425010473112586,0.8221667865202408
134.26,0.3033609861548487,-0.03718618815692837,0.6861464315407629
134.28,0.2655590741051835,-0.0414118431123131,0.5280670859007589
134.3,0.22645341169416952,-0.042948524958440766,0.35844596831181347
134.32,0.18699472070186743,-0.04184285520439174,0.18801011052202232
134.34,0.14846801793365905,-0.03832158707631633,0.0269304230449309
134.36,0.11264749112750881,-0.03275618912881686,-0.11583272956208787
134.38,0.08196097698944275,-0.025615062266597422,-0.2330162667668181
134.4,0.05961407926737853,-0.017408048008937724,-0.3193327719010749
134.42000000000002,0.04964048762536744,-0.008629127517025324,-0.37152123039969015
134.44,0.05691427849397569,0.0002969786284215247,-0.38817469808246635
134.46,0.0870878510169966,0.009059788125115405,-0.36936963381602744
134.48,0.14556346684601315,0.017488975614218423,-0.3161466274924574
134.5,0.23236734966168696,0.025515109022036138,-0.22999178486804764
134.52,0.3314523907333437,0.03296414498566398,-0.11277416375560279
134.54,0.4127449259417539,0.03923984051455169,0.032176670317304285
134.56,0.46076055142006506,0.043384351796328435,0.19829368727883087
134.58,0.48263820594604573,0.044600883458042175,0.37532442590196896
134.6,0.48925881896102097,0.04256473507505558,0.5507443628117644
134.62,0.4867079619542625,0.037385708996136365,0.711637929109977
134.64000000000001,0.47758398519884937,0.029489844766610176,0.8461978956742384
134.66,0.46301961663409547,0.019523016721381296,0.944789189053062
134.68,0.4436415024573867,0.008271334244895566,1.0006659713851436
134.7,0.41992044429149555,-0.0034131231131368078,1.0103830883740412
134.72,0.39229157744872806,-0.014683419930243313,0.9739163839890304
134.74,0.36120011714566275,-0.02476308535152509,0.8945089123527536
134.76,0.32712700347849977,-0.033001732270232086,0.7782739625669015
134.78,0.29061490277599633,-0.038917378487100605,0.6336011382408819
134.8,0.2523060782934129,-0.042222813300944594,0.4704243644664406
134.82,0.21300276950794955,-0.04283452489364681,0.29941901568457385
134.84,0.17376089666615413,-0.04086392340138065,0.1311988557121434
134.86,0.136023354063051,-0.036591799443419865,-0.02441787044769618
134.88,0.10178347821709291,-0.030428210937166477,-0.1590100795077646
134.9,0.07374260577466316,-0.022861428553118086,-0.265971684475521
134.92000000000002,0.0554107907545619,-0.01440110854982829,-0.34071171858808125
134.94,0.05113820794024193,-0.005521735526186328,-0.3806256962422248
134.96,0.06612118943366711,0.0033883985010928937,-0.3848503263783722
134.98,0.10616690824932648,0.012067471377498536,-0.3538331265263663
135.0,0.17562424331005613,0.020390503250465018,-0.288788623181709
135.02,0.2697854842689432,0.028280517484917674,-0.19127674997710042
135.04,0.3654459498735826,0.035432384502103655,-0.06350388270463
135.06,0.43449270069850005,0.041070268286925865,0.09017353135518758
135.08,0.4713279763427225,0.04423194394835584,0.2617391409712648
135.1,0.48652056427956764,0.044283308770555814,0.439859340735203
135.12,0.4893038716441445,0.04107306302150365,0.6116395444440467
135.14000000000001,0.48415706585026824,0.034839980917217975,0.7644011982570756
135.16,0.47295381770680844,0.026100678723198496,0.8870093806674855
135.18,0.456569273391531,0.015561533793642796,0.9708018290571284
135.2,0.4355481308104258,0.004041893520097924,1.010192576267796
135.22,0.4103390319230916,-0.007599174677510487,1.0029764342051521
135.24,0.3813761880106315,-0.018532374113646954,0.950347155973553
135.26,0.34911373252421474,-0.028020496950282234,0.8566506566837355
135.28,0.3140495310736736,-0.03546964947790717,0.7289099028227628
135.3,0.27675383216870625,-0.040466080128574194,0.576172754675594
135.32,0.2379133696759634,-0.04279636452751736,0.40874523170521937
135.34,0.1984017021677783,-0.042449908087919125,0.23737926042994578
135.36,0.1593858269022866,-0.03960394318720839,0.07248568187194537
135.38,0.12247130100487096,-0.03459240577777603,-0.07655982053032617
135.4,0.08986768341900275,-0.02786137934905747,-0.20195829918265398
135.42000000000002,0.06452922139076235,-0.019915303477894504,-0.297830760667039
135.44,0.05022547656473692,-0.011259579489339467,-0.36033697051162294
135.46,0.051557217304926295,-0.0023455430829515903,-0.3875675741002211
135.48,0.07395089286581095,0.0064775185600817325,-0.3792288478236019
135.5,0.12315608114723849,0.014996620678112466,-0.33615899846652736
135.52,0.20189865311505537,0.02312546375969023,-0.2597768677046682
135.54,0.300286206452495,0.030761734446571713,-0.15179647736293725
135.56,0.39035332390462796,0.03746929963120834,-0.014896786220482579
135.58,0.44894595177380137,0.04236009681175744,0.14553570147321243
135.6,0.47776182653919147,0.04453186284282543,0.3203370657839974
135.62,0.48828329390476527,0.04350483923579168,0.4975042220806855
135.64000000000001,0.4882007098932296,0.03926578702024542,0.6640775906441243
135.66,0.4809568476501805,0.032153711655033786,0.8077889492727696
135.68,0.46800217595683974,0.022754869549258677,0.9182510082706524
135.7,0.4500677214910295,0.011819438131416853,0.9877751949164714
135.72,0.4276547907954229,0.00018617061185059736,1.011875361374506
135.74,0.40120361213890154,-0.011289810002242526,0.9894765913710026
135.76,0.3711540776085705,-0.021804471205581454,0.9228435981055071
135.78,0.3379748975809711,-0.03066384903661245,0.8172549159487016
135.8,0.30218840973684097,-0.037330762200045026,0.6804645502394325
135.82,0.26440411015854887,-0.04145628030822844,0.5220064450873412
135.84,0.22537153310358515,-0.042894088232247655,0.35240686802123844
135.86,0.1860635069980827,-0.04169710356899701,0.18237481935826308
135.88,0.14779834710260256,-0.038096912275570244,0.02204072378308975
135.9,0.11239775546395141,-0.03246781305439475,-0.11969102604208483
135.92000000000002,0.08235286946351636,-0.02527863382576133,-0.23561993979556428
135.94,0.060948459211601705,-0.01703703352891401,-0.3205177127388745
135.96,0.052314323888598455,-0.008232201181622698,-0.3711684626886973
135.98,0.0614365451940994,0.0007183651623775232,-0.38618625119418004
136.0,0.09404463873829343,0.009513124737723321,-0.3656357523087479
136.02,0.1553067604809961,0.017988848903653806,-0.3105114787238164
136.04,0.24401866693951904,0.026068685735810136,-0.2222476423462901
136.06,0.3420502598710005,0.033536347899191146,-0.10275585727916961
136.08,0.4196145433845997,0.03973517788776884,0.04436841314994086
136.1,0.4641732675380819,0.04369529258773709,0.21212862091733548
136.12,0.4840459129959923,0.04466116335770369,0.3899153681383498
136.14000000000001,0.4896000036650725,0.042355112745731886,0.5650365387531521
136.16,0.48638247888916974,0.03692123243012618,0.7245724128411709
136.18,0.47674514262478207,0.028809360404181097,0.8568263670570251
136.2,0.4617326667792665,0.018681854900228795,0.9523538437289919
136.22,0.4419430758226572,0.007335100906319595,1.0046528881349166
136.24,0.41783818460151656,-0.004374509774598169,1.0105513574206204
136.26,0.38985034232576943,-0.015601471033326103,0.9703037607859372
136.28,0.3584238508355541,-0.02557598448769114,0.887415392283439
136.3,0.3240391972391946,-0.03365875280547183,0.7682259300156034
136.32,0.287238617837058,-0.03938219576764902,0.6212999768397962
136.34,0.2486639462661168,-0.04247552111662326,0.4566843633692328
136.36,0.20911721432074307,-0.04287227008137116,0.28509996306926744
136.38,0.1696546107099703,-0.04070018097708078,0.11713883832436951
136.4,0.131719415725099,-0.0362544190297406,-0.037464249058693375
136.42000000000002,0.09730301977636092,-0.02995647765749749,-0.1704235945123591
136.44,0.06909584502467708,-0.02230250497567742,-0.27530724726802697
136.46,0.05057663067191175,-0.013806343974189417,-0.34772245939988794
136.48,0.04603305020950806,-0.004943366038359815,-0.38527290465038094
136.5,0.06057562370684038,0.003899855688266207,-0.38730156307504865
136.52,0.09997385618773778,0.012465631049958913,-0.3544507036483459
136.54,0.16881051478385525,0.020637866287905423,-0.2881051082801578
136.56,0.2631708160101269,0.028360674012460462,-0.18993823868007603
136.58,0.3605259792856345,0.03536684939482461,-0.06215026000990183
136.6,0.4317751469401045,0.04091258429059512,0.09106097920847893
136.62,0.47002165966407145,0.04403520642917556,0.26190277530313216
136.64000000000001,0.4858297515627232,0.04408371173885955,0.4392208445693555
136.66,0.48885248898673844,0.04089383251096379,0.610237111225537
136.68,0.4838172453266894,0.034696967165244647,0.7623499003785076
136.70000000000002,0.4726936377102646,0.026004681732880338,0.8844772186707742
136.72,0.45638904455582013,0.015518877196076274,0.9679909830819428
136.74,0.4354593227988274,0.004054561899211569,1.0073217979187616
136.76,0.41035844083412054,-0.007533303210183047,1.0002640846098008
136.78,0.38152530896211106,-0.018419044577755825,0.9479956558695948
136.8,0.34942035727668336,-0.027868329405546628,0.8548334062953705
136.82,0.31455104161400993,-0.03528916303240904,0.7277616661432853
136.84,0.277502605896324,-0.040268541285017084,0.5757843168655185
136.86,0.23898523513233305,-0.04259250932821418,0.40916293011692983
136.88,0.1999087415255916,-0.04224857263202153,0.23860981843901863
136.9,0.1614949008669331,-0.039410615805592394,0.07450667817796601
136.92000000000002,0.12542924520508403,-0.03440769615872441,-0.07378352851058492
136.94,0.09403339636858482,-0.0276793955887339,-0.19845184642031644
136.96,0.07041320858889216,-0.019721931356660824,-0.29357986125463204
136.98,0.05853953537087723,-0.011030634729328805,-0.3552513855696778
137.0,0.06326862662993188,-0.002044765102868119,-0.38143685386176523
137.02,0.09025766816395703,0.006899984244302111,-0.3716704874516866
137.04,0.14500169228865245,0.01560066688802574,-0.3265677675729569
137.06,0.22817163358990245,0.02395610913736398,-0.24732293006472053
137.08,0.3254408529570214,0.031780949984984985,-0.1356070017041785
137.1,0.40775561279047523,0.03849630384347089,0.005465778593124025
137.12,0.45800389089689664,0.04314870652833332,0.1696058203382753
137.14000000000001,0.48175395920326275,0.04490397489324948,0.346770108170198
137.16,0.48970442630621724,0.0433838741955598,0.5244505808712026
137.18,0.48816185069595885,0.03865124706454073,0.6895433225916878
137.20000000000002,0.47987199645016004,0.03109691429444774,0.8298880640294178
137.22,0.4660278532615271,0.021343500315672247,0.9353797858131317
137.24,0.44727540595697696,0.010165756205671946,0.9987335223469497
137.26,0.4240882575479004,-0.0015840042362461927,1.0159429256326449
137.28,0.3968964629009714,-0.013047897979366941,0.9864454176499544
137.3,0.3661341704631681,-0.023429359461933183,0.913008347705239
137.32,0.33226403594937715,-0.032050942543323954,0.8013644231476897
137.34,0.29579965895849264,-0.038399288013121216,0.6596404783112808
137.36,0.2573371768279281,-0.04215441763372471,0.4976369611831202
137.38,0.21760590643841893,-0.04320168799875579,0.326024574496354
137.4,0.17754855629169508,-0.04162597116571124,0.1555287072370981
137.42000000000002,0.1384387592523743,-0.0376888393236724,-0.0038284058300832938
137.44,0.10203092946436948,-0.0317907539381904,-0.14336339003677867
137.46,0.07071153545641456,-0.024421639432164948,-0.2561915795204952
137.48,0.047597835993928465,-0.016104787119132234,-0.3374739193247434
137.5,0.0365554227278717,-0.007340190517017762,-0.38443626188351115
137.52,0.04219932012163369,0.001447178584504387,-0.3961704090645301
137.54,0.06993200383235502,0.009950956561299665,-0.3732437209366972
137.56,0.12537193388236312,0.01801249335880288,-0.31715879364907923
137.58,0.2103147943137287,0.025599064240307175,-0.22977633482069784
137.6,0.31203072292817574,0.03262961119081628,-0.11308895339383651
137.62,0.40023652299199575,0.0386344344762138,0.029916977432348515
137.64000000000001,0.4544141877769101,0.042703582876947775,0.19340130875719105
137.66,0.4795573390808629,0.04399190717230292,0.36781483681340005
137.68,0.4876142149233493,0.04211359389726868,0.5410937984068137
137.70000000000002,0.4857706951101343,0.03713791846864835,0.7005793079424688
137.72,0.47712432481436,0.029464241879470093,0.8345898829791795
137.74,0.4629851791488008,0.01971782865043374,0.9335232440633376
137.76,0.44403930480002135,0.008667527385168367,0.9905909392245253
137.78,0.42078030300164543,-0.002848698070047797,1.0022423259233353
137.8,0.39365741637711366,-0.01399435423142268,0.9682984415807645
137.82,0.3631314548923535,-0.02399918996810567,0.8918140570037065
137.84,0.32970590259020527,-0.03221448455589043,0.7786983403726722
137.86,0.2939582091802947,-0.038155308273759125,0.6371393602762061
137.88,0.2565847199548338,-0.041527071037072275,0.4768902549733891
137.9,0.21847101798932336,-0.042234800862196935,0.3084834263196841
137.92000000000002,0.1807990312325335,-0.04037478806210346,0.14244296649582808
137.94,0.14519671871686565,-0.0362094346086581,-0.011435417950075556
137.96,0.11391954270869764,-0.030127428021492687,-0.14467359043817518
137.98,0.09002715989187506,-0.022592831002342544,-0.25051723315756064
138.0,0.07750522334699891,-0.014088218754124082,-0.32412461529688175
138.02,0.08129688691427166,-0.005058013499086311,-0.36252617973042295
138.04,0.10711918053172725,0.0041410783371475975,-0.364369003131462
138.06,0.16022048893248308,0.01326878716041038,-0.3294971391445536
138.08,0.2404720873103981,0.022165141708508054,-0.25852349862379553
138.1,0.33311081538710824,0.030565416863547138,-0.15281858193330514
138.12,0.41091314712346705,0.037825414856451356,-0.015502955585489277
138.14000000000001,0.4588633597391266,0.04297718720674377,0.1469658738894305
138.16,0.48218616350582655,0.045193116439688104,0.32437855012662387
138.18,0.4904925331858177,0.044086591859679426,0.5040615484599511
138.20000000000002,0.4895099044595626,0.03969973579298508,0.6726830879747491
138.22,0.48178569129417,0.0324020522030451,0.8177678313989502
138.24,0.4684555165271777,0.022800715292480806,0.9288208467512273
138.26,0.45014837065577007,0.011663330389277814,0.998121655583595
138.28,0.4273299524445398,-0.00015612379088626488,1.0212174718210316
138.3,0.4004223402343484,-0.011789836044989342,0.9971227808697884
138.32,0.36984818317370316,-0.022424312668342068,0.928236227027306
138.34,0.33605235339923456,-0.031359969065391215,0.8200006129282648
138.36,0.2995204731847651,-0.038058252683631395,0.6803482947929234
138.38,0.26080428034055986,-0.04217330534694068,0.5189881986769066
138.4,0.2205626271647507,-0.04356635912801994,0.3466003274550805
138.42000000000002,0.1796279120848453,-0.04230231422589888,0.1740083434855933
138.44,0.13910643100385536,-0.03862916969299126,0.011400556352979707
138.46,0.10051120122168905,-0.03294217843305924,-0.1323354305909033
138.48,0.06590158519324722,-0.025735914969079884,-0.2501092107141223
138.5,0.037974210752367135,-0.017549001409027522,-0.3369157966107657
138.52,0.02005566146168278,-0.008907661355839635,-0.3898982073711252
138.54,0.01603979532970444,-0.0002742247853746063,-0.40819242895680846
138.56,0.030434611282921242,0.007996143775072106,-0.39258247235458055
138.58,0.0685197169457199,0.015690512721918733,-0.3449987136279062
138.6,0.13546552953810564,0.022756878057548415,-0.2679016494035271
138.62,0.23056518486525338,0.029253046301910907,-0.1636994832991922
138.64000000000001,0.3351411347963908,0.03510665983744826,-0.03470974763186905
138.66,0.41676152554401363,0.0397659988022569,0.11558143832206488
138.68,0.46194647092816965,0.042312988800422606,0.28058945776313043
138.70000000000002,0.4806456518724129,0.04204241090948654,0.45030464839628465
138.72,0.48458052145807573,0.03874233098261473,0.6128708680183845
138.74,0.47982106096049126,0.03261762393633407,0.7564646913410193
138.76,0.46887684764757764,0.024158023489582948,0.8706905159253168
138.78,0.4528439134615694,0.014038853429163637,0.947511417146562
138.8,0.43234941281941824,0.003041948638648399,0.9818294988415849
138.82,0.4078885203748585,-0.008015844271178088,0.9717672498695582
138.84,0.37994313429924975,-0.018348913263151793,0.9186730969891688
138.86,0.3490341909188048,-0.027261533663317402,0.8268760621813651
138.88,0.3157611743130951,-0.03419549217660724,0.7032267323188995
138.9,0.2808511131121047,-0.03876362059719346,0.5564750282662311
138.92000000000002,0.24523144817381892,-0.04076710139534714,0.3965457627002347
138.94,0.2101392466307944,-0.04019552187864083,0.23377933120619243
138.96,0.17727461081876186,-0.03720983683782457,0.07820662723310814
138.98,0.1489918511030753,-0.032109678576191646,-0.06107587654886101
139.0,0.12849489629467514,-0.025287952006846973,-0.17637359587769952
139.02,0.11996718558537771,-0.01717745949817147,-0.2616618268908747
139.04,0.1284990472870617,-0.008196538026247847,-0.31263545774193385
139.06,0.15940342822569775,0.0012949279444820039,-0.3265568372998582
139.08,0.21568329659824487,0.011004223222879233,-0.3019858914997618
139.1,0.29206968855308874,0.02062724973670064,-0.23862884550895735
139.12,0.37040164377795076,0.029654748221961964,-0.13774482482744538
139.14000000000001,0.4303525101535994,0.03724834590247448,-0.003297080930743719
139.16,0.46628155064522725,0.042463438828896465,0.15705736302062417
139.18,0.484129671811773,0.04461488142226235,0.3323065101622546
139.20000000000002,0.4903724895995243,0.043424305491381175,0.5095038057721668
139.22,0.488636855407737,0.03898427773994889,0.6753552893402627
139.24,0.4806205047207569,0.0316823303879552,0.8175522362830563
139.26,0.46717756725333454,0.022128898507982924,0.9258051396178577
139.28,0.4488527916822178,0.01108747361829936,0.9925957887238265
139.3,0.4260905405798597,-0.0005964646960575922,1.0136477728878397
139.32,0.3993130574942818,-0.0120663592876292,0.9881119867821327
139.34,0.36895370040098135,-0.022521420517466192,0.9184751480623929
139.36,0.335477629880138,-0.03127497126393768,0.8102164975764307
139.38,0.29940374654494645,-0.03780034889192283,0.6712548342589915
139.4,0.2613369564495948,-0.04176139328523495,0.5112419695545729
139.42000000000002,0.22202017239464,-0.043025730983535286,0.34076824661813415
139.44,0.182416604422587,-0.04166029901763508,0.17055046198707552
139.46,0.14383045500022865,-0.037909764407547675,0.010672319403041527
139.48,0.10806193949967233,-0.0321597217119768,-0.13005750738475932
139.5,0.0775675750362131,-0.02488792834024115,-0.2445748363189437
139.52,0.055574274083160555,-0.01660839253241647,-0.3278182285412423
139.54,0.046118170775678986,-0.007814297981865219,-0.3767592078957718
139.56,0.05405564652370801,0.0010746561400702785,-0.39021143397901303
139.58,0.08501827822387632,0.009756362049007802,-0.36844491189003187
139.6,0.14439857506651757,0.018071516569938516,-0.31265475607340526
139.62,0.23215478874159517,0.025963121110229317,-0.2244339706772076
139.64000000000001,0.33194108682318635,0.03326709711088107,-0.10571186711248438
139.66,0.41336057339157883,0.0393904904605086,0.04014852512550361
139.68,0.4611029939285409,0.04337743889029676,0.20655380541216542
139.70000000000002,0.4826385683396238,0.04443936250199429,0.3832447564935013
139.72,0.4889633390695246,0.04226344627091212,0.5577321601432255
139.74,0.48616532441143046,0.036970450861033,0.7171824756452577
139.76,0.47683144385294973,0.02899461331137943,0.8499091019416002
139.78,0.46208850904100374,0.01898675453655709,0.9464239573906065
139.8,0.442561682414996,0.007734581266492034,1.0001412778037133
139.82,0.4187228000919847,-0.003911451791641331,1.0077758486398438
139.84,0.3910099095567558,-0.015108911558045791,0.9694510491934091
139.86,0.35987323972781704,-0.02508816247317161,0.8885345824601503
139.88,0.3258017293213927,-0.03320728029354093,0.7712335332911363
139.9,0.2893506679512258,-0.038993557123165455,0.6259955417836071
139.92000000000002,0.25118223468295503,-0.042168993242962256,0.46277530284086993
139.94,0.2121298815779744,-0.04265833896235744,0.29223372207326076
139.96,0.17329745450681133,-0.04057946314466431,0.1249403772448575
139.98,0.13619870658629166,-0.03621702965125462,-0.029351580143730144
140.0,0.10292624725601718,-0.029981729217651184,-0.16229536209777295
140.02,0.07631245963207027,-0.022358770695862694,-0.26735442906096546
140.04,0.06003302149576775,-0.013850856545438111,-0.33998735320522233
140.06,0.05864230526247723,-0.004921667875510997,-0.3776036219573754
140.08,0.07755255076895413,0.004054715170726739,-0.3793035823575915
140.1,0.12256399681508089,0.012831358945817356,-0.34543835829693126
140.12,0.1969143013816956,0.021286178250968797,-0.2770831746452098
140.14000000000001,0.29248059086589256,0.02929903216075285,-0.17572469648880193
140.16,0.38317936425371063,0.036453445422423625,-0.043811316836005865
140.18,0.44457146629134986,0.04188259890237239,0.11360559069379181
140.20000000000002,0.4759610595737403,0.04465407401712673,0.28768577762386927
140.22,0.4882595064145064,0.04422580294829892,0.46655020411050474
140.24,0.48944803650182817,0.04052549537177639,0.6371133571798913
140.26,0.48321769022191524,0.03384677727030333,0.7867714617171758
140.28,0.4711276469036712,0.02474452203600765,0.9046483351599276
140.3,0.4539463702103573,0.013951133805054033,0.9824682737938452
140.32,0.4321843562314129,0.002300920425776901,1.0151137051540684
140.34,0.40627923656456794,-0.00934286417807865,1.000886028113771
140.36,0.3766612225448986,-0.020156975730434522,0.9414815834976904
140.38,0.3437821291707359,-0.02941938845280407,0.841705933765368
140.4,0.308137246933151,-0.03655883100170019,0.7089654349553197
140.42000000000002,0.2702931471961358,-0.041189468931078096,0.5525894845789404
140.44,0.23093133540259347,-0.04312866593359816,0.3830473953210581
140.46,0.19091821373220527,-0.04239698256010682,0.21112967385843553
140.48,0.15141078842738145,-0.039200790806069696,0.047164398985716456
140.5,0.11399875640420201,-0.03389909032278261,-0.09966452616205752
140.52,0.08086159212493638,-0.02695742510688708,-0.22183937905889572
140.54,0.05489173893497225,-0.018893327794874664,-0.3138276017305601
140.56,0.03973912447350253,-0.010219125916711189,-0.37217519528604287
140.58,0.039807859578332834,-0.001388062339758617,-0.3953762065803645
140.6,0.06029210013740538,0.007252295339643063,-0.38354036102775885
140.62,0.10693366851801997,0.015495251616768803,-0.3378945515927777
140.64000000000001,0.183449430634765,0.023275532722821297,-0.26019770131192216
140.66,0.28261077598231293,0.030552251665863752,-0.1523488219319038
140.68,0.37779178441563893,0.03699566204057212,-0.016864529569230846
140.70000000000002,0.4422139279252228,0.041786993042273624,0.14141896482063848
140.72,0.4745301544860085,0.04400037918622228,0.31397369865241354
140.74,0.48664044818665697,0.04310077421007737,0.4892490867980578
140.76,0.48730071517878726,0.039034407939703364,0.6545414083912194
140.78,0.4805135386142353,0.03211434603524478,0.7977082739827457
140.8,0.4679384967997147,0.022907805903528772,0.9084001446933719
140.82,0.450376754789941,0.012149410932610762,0.9788975329296729
140.84,0.4283545513448987,0.0006652302094964611,1.0046268722746523
140.86,0.4023247768013881,-0.010699102339546823,0.984381324947319
140.88,0.3727391574951661,-0.021145400027211613,0.9202628815303288
140.9,0.34008258939255026,-0.029981612961229174,0.8173717757617992
140.92000000000002,0.30490211489563035,-0.036668487962480366,0.6832840493860013
140.94,0.2678456458809568,-0.04085120522795998,0.5273716937918282
140.96,0.22972214671547683,-0.0423740771866453,0.3600296784624872
140.98,0.19159493092382296,-0.04127758384062071,0.19187946920497043
141.0,0.1549165859940629,-0.037778218963452945,0.033019142525894565
141.02,0.12170141581351929,-0.03223286199708975,-0.10761414459868077
141.04,0.09470714088760179,-0.025090792163125226,-0.22271316092311996
141.06,0.07757695813633574,-0.01683801990234964,-0.30686048964820156
141.08,0.07490401898192124,-0.007939841477230165,-0.3565601105898734
141.1,0.09217051070044845,0.0012120314015451952,-0.3700461462353269
141.12,0.13511602187127447,0.010338490232979081,-0.3469031867039925
141.14000000000001,0.20660612941732104,0.0192694804745563,-0.2875994380228333
141.16,0.2982588425295747,0.027822026589610103,-0.19323852869294247
141.18,0.3851702435321747,0.03552271301300556,-0.06613681833327797
141.20000000000002,0.4446525368403733,0.04148338389584597,0.08862528878526986
141.22,0.47586726389660816,0.044769380653016125,0.26214474889220674
141.24,0.48871571153930604,0.044823264868207355,0.44244978134811486
141.26,0.4906159753077299,0.04154494680855205,0.6162717851640638
141.28,0.48507762127381804,0.03519977562603783,0.7707084180046732
141.3,0.47361389700542944,0.026320828289955387,0.8944833440270721
141.32,0.4569819423508776,0.0156279666531135,0.978851519885914
141.34,0.43568708456138305,0.003952997428437409,1.0181958977211623
141.36,0.41016065250115724,-0.007833615714603044,1.010328075815633
141.38,0.3808229423905735,-0.01889285147226926,0.9565010654985364
141.4,0.3481101165501272,-0.02848012265990295,0.8611544604250387
141.42000000000002,0.31249280378090083,-0.035997070856520964,0.7314287592009185
141.44,0.2744984871227013,-0.04102881450253505,0.5765006589592098
141.46,0.2347465376175611,-0.043364419128432495,0.40680237338803543
141.48,0.19400543941533854,-0.042999602703079856,0.23319447969256163
141.5,0.15328178708903714,-0.04012192650285881,0.06616325751724413
141.52,0.11394441228817657,-0.03507992088726734,-0.08488992151445646
141.54,0.07786779746145811,-0.02833885385215578,-0.2122078604974167
141.56,0.047548421834441953,-0.020427329915529972,-0.3100398706703191
141.58,0.026135403864372183,-0.011880470015611105,-0.37478153263710234
141.6,0.01737789687602816,-0.00318605838062386,-0.4048911046029135
141.62,0.0256209387303161,0.00526183077606758,-0.4006045970561025
141.64000000000001,0.055956781395890776,0.013200931421002987,-0.36348204447042926
141.66,0.1138802138643938,0.020527045299445636,-0.29582134703139135
141.68,0.20146309048831793,0.02727344170350573,-0.2000385311230594
141.70000000000002,0.30627013500288564,0.03343657281619934,-0.07839263926742382
141.72,0.39715014411457666,0.03861775764525545,0.06617055831706217
141.74,0.4524276544479832,0.04194720137486504,0.22807687788030728
141.76,0.4774156818619389,0.042602887214371644,0.39815977954448506
141.78,0.48484361360393424,0.04022567902155631,0.564835532651621
141.8,0.4823124430504777,0.03491147821825452,0.7160351778658626
141.82,0.4730698912927826,0.02707749813560168,0.8407583194378005
141.84,0.4584774773728249,0.017353860171490855,0.930129889997141
141.86,0.4392445481564105,0.00650051509313717,0.9780804338362863
141.88,0.41588457073247664,-0.004666038941742207,0.9817169500785452
141.9,0.38887324025951187,-0.015340945210267225,0.9414109595524012
141.92000000000002,0.35871126041344037,-0.024792558585728805,0.860626063011231
141.94,0.3259636215471871,-0.032414030439460124,0.7455180132408681
141.96,0.29130287039648106,-0.03776162748115274,0.6043539977141348
141.98,0.25557177042626217,-0.04057732460246219,0.4468094502439247
142.0,0.21987830391890678,-0.04079429520743286,0.28320842919389594
142.02,0.18573322946409268,-0.03852508997895352,0.12377678748735446
142.04,0.1552301590350675,-0.03403352919819961,-0.022024238818684462
142.06,0.13124549403536137,-0.027692735790274283,-0.14602322201395776
142.08,0.11760350387384516,-0.01993341376951057,-0.24167468026461109
142.1,0.11910894728653837,-0.011188434371830126,-0.3041785552539505
142.12,0.1411982960487784,-0.001842734262087432,-0.3303848382944224
142.14000000000001,0.18835890199405922,0.007793789413761332,-0.31853504794038456
142.16,0.25946562668088696,0.01744864943596077,-0.2680052491963432
142.18,0.34096441749458556,0.026728210003592236,-0.17943032053057878
142.20000000000002,0.41047162008362875,0.034919495177372986,-0.055617682162660984
142.22,0.4555554075087959,0.041068770723550994,0.09719581989679318
142.24,0.4793986738102403,0.044356595761135355,0.2690985128769669
142.26,0.48935214807478944,0.04435067069536112,0.44763887677886455
142.28,0.4902146455651714,0.0410175000362054,0.619453148758565
142.3,0.48429045738078286,0.03464867313259315,0.7717202825564584
142.32,0.4726711882214368,0.02578509698283179,0.8933082603558083
142.34,0.45598322983312584,0.015146208219296329,0.975629188985189
142.36,0.4346949154724754,0.003558989581183897,1.0132119017579584
142.38,0.4092305048729267,-0.008113632603873612,1.003988740877732
142.4,0.38001474686393527,-0.019041794496777797,0.9492997405444377
142.42000000000002,0.34749574657962007,-0.028490718452032264,0.8536332660273591
142.44,0.3121646635058811,-0.035871563858385296,0.7241396212586051
142.46,0.2745821208333239,-0.040777755503679715,0.5699693596067913
142.48,0.23542018137312687,-0.04300457323386603,0.4014992235844825
142.5,0.19553000027610667,-0.04255101993833532,0.22951504813787807
142.52,0.15604486033614387,-0.03960421046639883,0.06442243145618216
142.54,0.11852060004602882,-0.034507731252856444,-0.08444740242066058
142.56,0.08509480258624022,-0.02771671848657658,-0.20937746226171672
142.58,0.05861832584228617,-0.01974391318645438,-0.30460542754731834
142.6,0.04271190390776687,-0.011102402303220002,-0.3664396087999333
142.62,0.0417682554311992,-0.0022510599264592836,-0.3931494444682889
142.64000000000001,0.0609796486893974,0.006453026409820249,-0.384650695016405
142.66,0.1061050545537631,0.0147908871608519,-0.3420203362091238
142.68,0.18104061697311272,0.022684738542604898,-0.2669183398569954
142.70000000000002,0.27921531014066764,0.030088144368174117,-0.1611842748237021
142.72,0.37476923749838165,0.03668076174194448,-0.02726819155171841
142.74,0.44043086697050754,0.041654862875230465,0.13011027198994501
142.76,0.47383192531369506,0.044074578579953755,0.3025450204651045
142.78,0.48664311156175677,0.0433812012950508,0.4785336963573144
142.8,0.4877729106182453,0.039498994339459935,0.645326448778843
142.82,0.48134422603020094,0.03272485954400766,0.7906583588264114
142.84,0.46906750464475633,0.023615292776793532,0.9040038013881729
142.86,0.4517609388308458,0.012899175079757434,0.9774343739327788
142.88,0.4299548626979245,0.0014015590835433848,1.0061541626661843
142.9,0.40410106314781324,-0.010028555839346127,0.9887388303617896
142.92000000000002,0.3746471247525294,-0.020585812547406566,0.9270941747267831
142.94,0.3420707358543051,-0.029568007043685635,0.8261591962896837
142.96,0.30690744801439357,-0.03642376744396216,0.6933936149036467
142.98,0.2697870706173205,-0.04078533909561858,0.5381036038514988
143.0,0.23149019995932074,-0.04248448880552727,0.37066967929556743
143.02,0.1930364258469837,-0.04155073340173805,0.20174626003545504
143.04,0.15581322587683424,-0.03819229984753938,0.041503186098871575
143.06,0.12174301855155258,-0.03276145469963601,-0.10102457929587721
143.08,0.0934623478855214,-0.02570721973636568,-0.21842207878031195
143.1,0.07446513981020399,-0.01752004129952241,-0.3051724834132484
143.12,0.06917316345230715,-0.0086742406728298,-0.35770740062840173
143.14000000000001,0.08291485294373149,0.00042565027369221133,-0.37423273910531774
143.16,0.12151567412687181,0.00948708978568067,-0.35435929903870567
143.18,0.1889038111006919,0.018337805547578537,-0.2986193041580694
143.20000000000002,0.27955827016236356,0.026831916846204538,-0.20812190593277252
143.22,0.37066042407688726,0.03458566386680467,-0.08492803160426855
143.24,0.43638847787181523,0.04077793095755518,0.06648897790830934
143.26,0.4720724173787211,0.04444354332128904,0.237909281389672
143.28,0.4873595788938514,0.044946256970042814,0.4177982517257291
143.3,0.49064769134913133,0.04211784836628867,0.5930207693683164
143.32,0.486070880051843,0.03617541896842323,0.7505765939307015
143.34,0.47539488929334295,0.0276181845547808,0.8789289539390434
143.36,0.4594631993582097,0.01714328256090614,0.9689597540992297
143.38,0.43880855801476354,0.005570060564773024,1.0146086397219707
143.4,0.4138702864699757,-0.006233503530943005,1.0132141306162357
143.42000000000002,0.3850701614549623,-0.017421487424858446,0.9655652723030801
143.44,0.352843323465811,-0.02723414841346516,0.8756822769199872
143.46,0.31765790057445004,-0.03505138167036825,0.7503606975779779
143.48,0.28003716438282394,-0.04043204264514593,0.5985290479854126
143.5,0.24059345903960058,-0.043136738690695585,0.4304815971349007
143.52,0.20008348868890946,-0.043132926304802414,0.2570552072656959
143.54,0.1594948538502985,-0.04058238976405213,0.0888212472012624
143.56,0.12016855324741259,-0.03581237885485286,-0.06463910105516786
143.58,0.08394475478685091,-0.02927292963340804,-0.1953153859978475
143.6,0.05328954547618976,-0.021484343831662853,-0.2971564367734984
143.62,0.03134431030782507,-0.012980376807319784,-0.36623817070449255
143.64000000000001,0.021890349030086652,-0.004253484081261116,-0.40070622464401917
143.66,0.029342991890721374,0.004293043328230526,-0.4005122973935812
143.68,0.058873584192934376,0.012384631940405283,-0.3669755695360507
143.70000000000002,0.11602150014963913,0.019902553951389367,-0.30220692990749987
143.72,0.2028555637333001,0.02686366877211244,-0.20849739041037385
143.74,0.30699295848938046,0.03324735906980824,-0.08804876433192631
143.76,0.39749572651596715,0.03864104757267459,0.056186974497646903
143.78,0.45276709707158436,0.04216590919406381,0.2185843033912962
143.8,0.4779402718761154,0.042991369471081654,0.38989173989216896
143.82,0.4855919782705262,0.04074862543887108,0.558403669396882
143.84,0.4832654494116489,0.035525224881410536,0.7118923427706988
143.86,0.4741909733564355,0.027733215080489974,0.8391711483739229
143.88,0.45972374870773536,0.018001405517913502,0.9311657613954649
143.9,0.44056897435107695,0.007092287336442358,0.9816100019784905
143.92000000000002,0.4172351938743676,-0.0041716493337959305,0.98743139601102
143.94,0.3901908359871371,-0.014976789284969734,0.9488517590551001
143.96,0.3599254524351033,-0.02458085197278129,0.8692240971087547
143.98,0.32698685928965193,-0.032365496470409,0.7546381778341258
144.0,0.292021205362025,-0.03787572096186397,0.6133410886864438
144.02,0.2558309647215226,-0.04084353465963353,0.45503098547293713
144.04,0.219463657953535,-0.041194472821093744,0.2900901836374388
144.06,0.18434210871199097,-0.039036696759156324,0.12882713231857557
144.08,0.1524382062181791,-0.034633641440623975,-0.019204571849231834
144.1,0.12647142662932442,-0.028362534841512105,-0.1457484783825163
144.12,0.11008449169904092,-0.02066271574348484,-0.24419965194049176
144.14000000000001,0.10791993761292258,-0.011979438794084633,-0.3097410907513854
144.16,0.12543036302731586,-0.002710997424700814,-0.3392588519123942
144.18,0.16778537921486034,0.006826917448789046,-0.3310733524262622
144.20000000000002,0.23606254268866922,0.01638477316390762,-0.28461479406377116
144.22,0.31982066861813097,0.025646069695762757,-0.2003763335752141
144.24,0.39623474060878733,0.03399823936289483,-0.08064140875867276
144.26,0.44818645165769705,0.04051106305536676,0.06915484536747941
144.28,0.47633699437559124,0.0442937145232613,0.23978869028490146
144.3,0.4886381821537985,0.044822259542548405,0.4191465656636632
144.32,0.4909109713643481,0.04199245433482449,0.5938736031077225
144.34,0.48600261033364955,0.03604665222648137,0.7509198052655998
144.36,0.47521483453003627,0.02749230974993008,0.878760251530303
144.38,0.45924470847298704,0.017028537393413836,0.9683070450669786
144.4,0.4385813508698989,0.005474273792971688,1.0135324580893468
144.42000000000002,0.4136518191435939,-0.006303972631873593,1.0118036292348533
144.44,0.3848755088444115,-0.017462282488104802,0.9639311563120668
144.46,0.35268902711626243,-0.02724314562134521,0.8739482461159794
144.48,0.3175645146947815,-0.03502867664246612,0.7486544659187555
144.5,0.28003219531082524,-0.040379715409444,0.5969738642462776
144.52,0.2407156588000518,-0.043058409823013885,0.42918912736820697
144.54,0.20038939013495605,-0.04303311535478281,0.25612059144294397
144.56,0.16006843927496223,-0.04046568437648876,0.08832110309104005
144.58,0.12113468207408902,-0.035682421872376184,-0.06464498352745542
144.6,0.08548632585171484,-0.029131238981152257,-0.1947779568394502
144.62,0.05566809587541702,-0.02132899719297119,-0.2960262938744254
144.64000000000001,0.03492596395769603,-0.012804591863765777,-0.3644489941356445
144.66,0.0271843316952821,-0.0040440444695828874,-0.3981522645428986
144.68,0.03705658480345736,0.00455769489461185,-0.3970189625483904
144.70000000000002,0.06992694478248986,0.012736426414251397,-0.36226183575530535
144.72,0.13122153095851763,0.020382712391568303,-0.29584366550745833
144.74,0.22149724960194275,0.02750549189117019,-0.1998955469828807
144.76,0.32490793465126716,0.03402383046810616,-0.07658393299363178
144.78,0.4097491595768265,0.03941816706736254,0.07081863115051147
144.8,0.45909912966238564,0.04276369211541731,0.23602087331245059
144.82,0.4807639321946147,0.04328222495789959,0.4091350809247346
144.84,0.48663156887648484,0.04067806145316525,0.5780954904780935
144.86,0.48326296832025517,0.03509263538749024,0.7305711024510853
144.88,0.47341510339469006,0.026975011255679776,0.8554512515593495
144.9,0.4582708370858339,0.01698034914619742,0.9438629335725647
144.92000000000002,0.43847824433967575,0.005889170737355163,0.9898297276435978
144.94,0.4145266191291749,-0.005465908076847802,0.9906252090782102
144.96,0.38687636412016296,-0.016268969838157798,0.9468420422961427
144.98,0.35601129470230086,-0.02578288484422854,0.8621981889322414
145.0,0.3224723892451283,-0.03340109855273003,0.7431141505053211
145.02,0.28689606225201547,-0.038685792917231746,0.5981093346553453
145.04,0.2500707308511685,-0.04139000188980365,0.43707724222057553
145.06,0.21302409481366522,-0.04146238689663276,0.2705066368840927
145.08,0.17715172777454555,-0.03903456098045265,0.10871867784285967
145.1,0.1443885546822177,-0.034392071080806864,-0.038811977149113844
145.12,0.1174039512734354,-0.027931502656000702,-0.1639911716797351
145.14000000000001,0.0997745536032583,-0.020107742135284178,-0.2604463621881844
145.16,0.09607227302928967,-0.011377036731814769,-0.32364625174871964
145.18,0.11175161305999912,-0.0021430370728573464,-0.35079588138429035
145.20000000000002,0.15231990175360285,0.007282491723394186,-0.3405395798813657
145.22,0.22001670022452055,0.016673548208060104,-0.2925813972337616
145.24,0.3061456672547565,0.025770320006016974,-0.20753044962059505
145.26,0.38759897314128,0.03403280152274938,-0.08751178554407736
145.28,0.4441903245955819,0.04055663329762125,0.06241467197825183
145.3,0.47494232452470336,0.04441611752748738,0.233370822265677
145.32,0.4883880192702135,0.04504227740962958,0.41341242381366833
145.34,0.49115871318512283,0.042302517854237526,0.589205174131468
145.36,0.48650643603109,0.03642469804148329,0.7476364416938392
145.38,0.47588090212959977,0.027909273399866392,0.8770772529665259
145.4,0.46002632348232636,0.01745269404804701,0.9683169548585678
145.42000000000002,0.4394452577418237,0.005874358547108655,1.0152009143493972
145.44,0.41456702782263877,-0.005956242907408821,1.0149764163055477
145.46,0.3858087267096856,-0.017190195179689734,0.9683503358147351
145.48,0.35360146772605167,-0.02706354607990308,0.8792752352171231
145.5,0.31840809690326216,-0.034951164994645144,0.7544976366282327
145.52,0.2807438724749936,-0.04040653718547558,0.6029179793544615
145.54,0.24120851219983502,-0.043185059355919625,0.4348237897299426
145.56,0.20053877941396406,-0.04324964444749836,0.261064863110781
145.58,0.1596913651009965,-0.04075868973314575,0.0922415206278996
145.6,0.11996116076435355,-0.03603766489953428,-0.06202562836134452
145.62,0.08312329396816909,-0.029536813039346802,-0.1936834483962416
145.64000000000001,0.051557535866222706,-0.02177889440061274,-0.2966433517954733
145.66,0.028294581670873294,-0.013302494933226758,-0.366958397814035
145.68,0.016969398215905446,-0.004607328582112567,-0.4027755143593888
145.70000000000002,0.021793228983420915,0.003893424335799341,-0.40408187712178223
145.72,0.047690605394237945,0.011912451448463396,-0.37227744751362596
145.74,0.10018903844375152,0.01931769216609032,-0.30960789248261184
145.76,0.18263098930375535,0.026126315213440145,-0.21853351971950896
145.78,0.2863202766488927,0.03236948330660871,-0.10133642511337429
145.8,0.3823968092728387,0.03775063575215496,0.03930056649799037
145.82,0.4446478272905104,0.04146372796304513,0.19844754870582368
145.84,0.4742728740861139,0.04263335472418859,0.36759714875288313
145.86,0.48421071454177667,0.040806131835276094,0.5354967799050271
145.88,0.48317987670615326,0.03600381570381468,0.6900642906313301
145.9,0.4750335926416119,0.028593433258188996,0.8200398140307597
145.92000000000002,0.461361481234998,0.019172081648368526,0.9161241300247275
145.94,0.4429470587858207,0.008480544986841287,0.9717198308538693
145.96,0.42032459749618684,-0.002671110817095059,0.983355017307928
145.98,0.3939720375542769,-0.013472564800228418,0.9508207131945947
146.0,0.3643842551416225,-0.023176127223900854,0.877043585327233
146.02,0.33211438341501986,-0.03115027820017406,0.7677246371231503
146.04,0.2978155909045359,-0.036920497065371524,0.6307881369252669
146.06,0.26229992310862,-0.04019475128281291,0.4756971976231298
146.08,0.2266274400881742,-0.040872065282216694,0.31270090370373055
146.1,0.19223664162444665,-0.03903374598384126,0.152081906550063
146.12,0.16111857428758974,-0.03491806070634222,0.0034726926573519327
146.14000000000001,0.1360164063215594,-0.028880530722448408,-0.12469711581503891
146.16,0.12060072618754485,-0.021343642016158206,-0.22557189713415546
146.18,0.11952970525518748,-0.01274171203845675,-0.2940280471098945
146.20000000000002,0.13817965215543462,-0.003469378961382846,-0.32661517759963754
146.22,0.1813256899629722,0.006150468438667345,-0.321322478704349
146.24,0.24904322679639115,0.015842156720951926,-0.2773122461396596
146.26,0.32984630220736505,0.02523832836398707,-0.19496470926267737
146.28,0.4018381555290706,0.03367438515194626,-0.07667114801660085
146.3,0.4503292454068908,0.04021227005498134,0.07189524063673795
146.32,0.47675927346972113,0.04399228944492135,0.24133198828526808
146.34,0.48841345694995464,0.04452015374579103,0.4194789496479037
146.36,0.49048672406447946,0.04170560370017393,0.5930217610501834
146.38,0.48554259556319374,0.03579437039360519,0.7489833453027102
146.4,0.47478454323077485,0.02729219795958916,0.8759137217228823
146.42000000000002,0.45887995928884345,0.016894108601931537,0.9647877561641152
146.44,0.43831064283417026,0.005413819855238236,1.0096215710925147
146.46,0.4135040598890354,-0.006287786885138696,1.007804254731956
146.48,0.3848839389778836,-0.017372265001451188,0.9601459826402866
146.5,0.3528949415075686,-0.027086938223402867,0.8706587749232061
146.52,0.31802238401109,-0.034817694732312415,0.746103667616933
146.54,0.2808175240159216,-0.04012773162753815,0.5953538085075017
146.56,0.2419372426844899,-0.04277984253269759,0.42863488749527134
146.58,0.2022081202435309,-0.04274106532380465,0.2567115086602392
146.6,0.16272502589692148,-0.04016973559262477,0.09009037629191972
146.62,0.12498811144628581,-0.0353861977748541,-0.06169142734504213
146.64000000000001,0.09106350248933986,-0.028829702557037002,-0.19063230597813235
146.66,0.06372516964295788,-0.02100550036190811,-0.29063839142302905
146.68,0.04652790728243356,-0.012427642293585622,-0.35767354266307955
146.70000000000002,0.04381759053983832,-0.0035635601612965867,-0.389682194815319
146.72,0.060750692872266726,0.005214890507321735,-0.38630226037739157
146.74,0.10309748326020433,0.013669621451049763,-0.34840146901086344
146.76,0.17510840095881813,0.02170423049495303,-0.2775087677516512
146.78,0.2715330084772871,0.029268295314230065,-0.1753845558805996
146.8,0.36806650561924753,0.036067743014036986,-0.044356241565725006
146.82,0.4364302379760119,0.04132413086226864,0.11110900180689445
146.84,0.4721145510514855,0.04408635101628901,0.2828927475310491
146.86,0.48633140185765955,0.043750752009403385,0.45964666552559214
146.88,0.48835507621359525,0.040199501267258346,0.6285942881468695
146.9,0.4825890643392354,0.033698589287774645,0.7772979731435055
146.92000000000002,0.47086213737582344,0.024783481482210833,0.8949560794277652
146.94,0.4540327977111579,0.014170688124628508,0.9732976214162203
146.96,0.4326426320489891,0.002681064352875333,1.0071510915187216
146.98,0.4071439267539038,-0.008832894393174926,0.994715364890063
147.0,0.3779795838076576,-0.019555479440702118,0.9375474987453533
147.02,0.3456183074946307,-0.028768546198599646,0.840290826617216
147.04,0.3105811008309623,-0.035900826787954816,0.7101816692728871
147.06,0.27347472822655,-0.04056260447802071,0.5563871761657303
147.08,0.2350434399337372,-0.04256363652922748,0.389237463957139
147.1,0.19625032940491374,-0.041913406014657636,0.2194213010062359
147.12,0.15839796506422435,-0.038803988643445086,0.057215849854182335
147.14000000000001,0.123288019669415,-0.0335770398473621,-0.08818258419591647
147.16,0.09339736506428112,-0.026677754719708763,-0.20916849982143745
147.18,0.07202397742851337,-0.01860019054605885,-0.300033988374363
147.20000000000002,0.0633633769605694,-0.009829674195789773,-0.3570489440732024
147.22,0.07251640352737358,-0.0007882731603811122,-0.37831512981972637
147.24,0.10528037027658901,0.008210521512851033,-0.36341802886544033
147.26,0.1665635921915979,0.016982191755122923,-0.31293788528842326
147.28,0.25423260774316503,0.025411341986798668,-0.22801082886327914
147.3,0.34933972472588687,0.03322125158776424,-0.11045059156341194
147.32,0.42342739131399154,0.03970202591809047,0.036001526415087436
147.34,0.46586864999976724,0.043875570681941374,0.20407624572830993
147.36,0.48497830060212166,0.045002556032388195,0.3829214652074173
147.38,0.4904009127445324,0.04281473709397567,0.5596585382447306
147.4,0.4872524554330908,0.03745686892304457,0.7211992871786114
147.42000000000002,0.47772108812348907,0.029377255718328815,0.855675038000743
147.44,0.46279828180349086,0.01923828638703425,0.9534654553992875
147.46,0.44306434606474165,0.007839138790520504,1.0078983120001903
147.48,0.41897278866364907,-0.00395822383413837,1.0156480252114908
147.5,0.3909484923522154,-0.01530044584452137,0.9768427253602083
147.52,0.3594256176399625,-0.02540835525956259,0.8948960526593889
147.54,0.3248691442558154,-0.03363264315211579,0.7760951105174707
147.56,0.2877969403434082,-0.03949602396671513,0.6289916794566145
147.58,0.24881234020365287,-0.042719258051393254,0.46365638778035084
147.6,0.2086569104042496,-0.043229624660940984,0.2908636284946293
147.62,0.16829363725923213,-0.04115167281070505,0.1212781739766016
147.64000000000001,0.12902689309494822,-0.03678128373379584,-0.0352872918081936
147.66,0.09265052435336447,-0.03054531138769332,-0.1704810715880995
147.68,0.06158746457937119,-0.022950481594617884,-0.27783694280264404
147.70000000000002,0.03896406877687868,-0.014526806882051596,-0.35298127834323767
147.72,0.028599962615852653,-0.005771770826580086,-0.39361328803376167
147.74,0.03500322067355767,0.00289951019866929,-0.39927267789364485
147.76,0.06345239900791994,0.011195857944894517,-0.37092407029813546
147.78,0.11953919061524867,0.018978330579650232,-0.3103976261707618
147.8,0.20529227261694274,0.02624015016365899,-0.21979134389828622
147.82,0.3083535851311178,0.0329349457069219,-0.10121391856115403
147.84,0.39812752713918154,0.038628535408313736,0.04237828055432374
147.86,0.453249367528756,0.04242929090566067,0.205286978341555
147.88,0.4786251828027957,0.04349607310183013,0.3781441441347886
147.9,0.4865771056960016,0.04144743605240467,0.5490809715634959
147.92000000000002,0.4845398191273971,0.03635919010322606,0.7056564425065762
147.94,0.475709317006733,0.02863559902524628,0.8364309550339146
147.96,0.46142934155079995,0.01890288221380308,0.9320562574881264
147.98,0.4423989103289892,0.007926283976112277,0.9859926397368302
148.0,0.41911999852036563,-0.0034640803131236624,0.9949150900469705
148.02,0.3920515400503405,-0.014442991284284511,0.9588316996309141
148.04,0.3616685077954926,-0.02425377920979983,0.8809341736881657
148.06,0.3284961711523967,-0.032262319264718765,0.7672118109240285
148.08,0.29314581364484743,-0.03799792091172743,0.6258746788234698
148.1,0.2563662539492748,-0.04117850355172316,0.4666439658814882
148.12,0.21912358110468608,-0.041718557753304054,0.2999757551141835
148.14000000000001,0.18272037936755575,-0.03971957149626419,0.13628811443327443
148.16,0.1489586341415648,-0.03544380953605487,-0.014739719479244129
148.18,0.12033200704766846,-0.029273650185884237,-0.14473341410916962
148.20000000000002,0.10020664058277662,-0.021660210686277853,-0.24700402053033177
148.22,0.09293246991124385,-0.013066596902256944,-0.31671017994914313
148.24,0.1038005624481943,-0.003912509903473482,-0.35079354823189707
148.26,0.13849217833092123,0.0054700533062177065,-0.3477104050435903
148.28,0.20059311710950448,0.014846034175622864,-0.3070433405384129
148.3,0.2847485765412652,0.023990562067118245,-0.22924090256875235
148.32,0.370289151388582,0.03245682008911502,-0.11600286719114523
148.34,0.4337832401299047,0.03941000317974139,0.028403061649523192
148.36,0.469895785075992,0.043885849813977716,0.19595867067568412
148.38,0.4865326853708437,0.04521638709487194,0.37527536935096767
148.4,0.49126933356789987,0.04317672366862917,0.5531791360332607
148.42000000000002,0.4880456813244618,0.03792468166275632,0.7163931251115813
148.44,0.4786085076724927,0.029909469942219793,0.8528829583327121
148.46,0.4638080525961949,0.019792431417586846,0.9528602892657723
148.48,0.4441811443727683,0.008373444272095281,1.0094835747887412
148.5,0.42016626612216174,-0.0034821451139029156,1.0192660035436432
148.52,0.39218025850345584,-0.014915024548085463,0.9821932858939312
148.54,0.360649259127194,-0.02513803895038738,0.9015647478490235
148.56,0.32602703907496994,-0.033492631794479685,0.7835879172844364
148.58,0.28881418310508133,-0.03949187863927282,0.6367730742202742
148.6,0.2495867162288109,-0.042847429281023,0.47118715438621855
148.62,0.20904304228368273,-0.04347890215964035,0.2976347048686235
148.64000000000001,0.16807902858951032,-0.04150552818372864,0.12683690031033823
148.66,0.12789811379472654,-0.03722105124450667,-0.03132199564478915
148.68,0.09014972682608917,-0.031054107284949912,-0.16841777314315443
148.70000000000002,0.05706146685639232,-0.02351768448716469,-0.27792763752864474
148.72,0.031504878456647324,-0.01515286270654286,-0.3554559759683461
148.74,0.016961203977876763,-0.006473220021408032,-0.3987342393913382
148.76,0.017468689122633125,0.002084465912636269,-0.40740961344763194
148.78,0.03772293610710792,0.010201108230704149,-0.3826533185561019
148.8,0.08316008701495259,0.017707638420781994,-0.32662169864208773
148.82,0.15827498822255953,0.024593394589378193,-0.2418243009767383
148.84,0.2587611031119416,0.030916789561818446,-0.13061484956818709
148.86,0.3602615683976212,0.036506537115765014,0.004559181827625716
148.88,0.4321656082592295,0.0406723690913853,0.1595508160891548
148.9,0.46889604759278514,0.04249816556615541,0.3267997425798077
148.92000000000002,0.4827232026957971,0.04140483510751815,0.49562078678737004
148.94,0.48392182903485886,0.037306193730057245,0.6540146368110835
148.96,0.4773332564524272,0.030495413337975872,0.7904430166886136
148.98,0.46493918979388005,0.021520533040469005,0.8950853098257209
149.0,0.44765407455807105,0.01109244620918127,0.9606658515345251
149.02,0.4260507852059136,8.59299335566441e-06,0.9829498206006372
149.04,0.4006142971806799,-0.010917132576399355,0.9609476101709173
149.06,0.37183391989653236,-0.02091883030007731,0.8968494801502178
149.08,0.3402491441388754,-0.029334536327138318,0.7957182781283599
149.1,0.30649033614970983,-0.03565024236944291,0.6649811543474805
149.12,0.27133321953737854,-0.03952915063358108,0.5137739335171668
149.14000000000001,0.23578087726862737,-0.04082431948432962,0.352201255669105
149.16,0.20118504717351943,-0.03957399223572684,0.19058072823673064
149.18,0.16941177164607155,-0.03598010299108469,0.038739783131205685
149.20000000000002,0.14303856574723084,-0.030371780940996795,-0.09457063450311833
149.22,0.12553995212311753,-0.023157259343511937,-0.20209177053436844
149.24,0.1213779012989058,-0.014769505456767213,-0.2782657150151002
149.26,0.13581498319595198,-0.0056134442751379805,-0.3192265266538327
149.28,0.17386773299641617,0.003971301648335151,-0.32260470806318925
149.3,0.2368715622893206,0.013700263281589577,-0.2872619714868337
149.32,0.3158865170011129,0.02323026021213162,-0.2132553838937588
149.34,0.39027908502220254,0.03195524936537346,-0.10247727642130261
149.36,0.44297259717003407,0.03896822038199433,0.04010347189573738
149.38,0.4728592494838358,0.04336918679258782,0.20576949052962074
149.4,0.4868338492807711,0.0445868807465387,0.38279392586125977
149.42000000000002,0.4905455142685546,0.04245620116273662,0.5579845185160436
149.44,0.4869119968049555,0.03716102359183834,0.7182120856923523
149.46,0.47729910711581375,0.029158748211960694,0.851654222031523
149.48,0.46243562817904404,0.01910972146878476,0.9487471481251184
149.5,0.44282419287728175,0.0078072855782283,1.0028580417131092
149.52,0.4188979205440535,-0.0038934682288368416,1.0106747436089152
149.54,0.3910801526586413,-0.015145847853590777,0.9723114347018535
149.56,0.35981204831522545,-0.025176392802070947,0.8911428511396976
149.58,0.3255727174124601,-0.033340021910752506,0.773397161062689
149.6,0.28890345325968736,-0.03916179473545873,0.6275539495230588
149.62,0.25044497384502207,-0.04236263627867372,0.4636065443654951
149.64000000000001,0.21099752793343404,-0.04286758157802012,0.2922561285643663
149.66,0.1716143624972941,-0.04079632653091461,0.12410839256746252
149.68,0.13373444788429745,-0.036437078600738484,-0.031058083284813284
149.70000000000002,0.09934434147217851,-0.030205956200455297,-0.1648889712050196
149.72,0.07113207568602621,-0.02259562797030133,-0.27086592174328317
149.74,0.05258170106683649,-0.014118420869406411,-0.3444998195861336
149.76,0.04799866203491016,-0.005249961744745315,-0.3832955515212307
149.78,0.06252093491042351,0.0036215007039871287,-0.38650129298056995
149.8,0.10193292764114553,0.012235403203345638,-0.3546736093977033
149.82,0.17076182578699567,0.020471127254203157,-0.28912603495695666
149.84,0.2649098847581972,0.028265007716490216,-0.19148473228613547
149.86,0.36172972363401085,0.03533835488589629,-0.06394181695940362
149.88,0.43240598170672384,0.04093834982178993,0.08926885514859575
149.9,0.47033556218689976,0.044101503677435025,0.2602989093489738
149.92000000000002,0.4860400572366528,0.04417934698297313,0.4379442630275096
149.94,0.48905041630644364,0.04100883540672728,0.6093850844050972
149.96,0.48402883475702324,0.03482145774404034,0.7619801670255436
149.98,0.4729208834419399,0.02612882189489744,0.884607975745653
150.0,0.45662598110583036,0.015633348216043882,0.9686019186899288
150.02,0.4356970361129773,0.004151160558443202,1.0083573615943568
150.04,0.41058623352477597,-0.007461135013416369,1.0016390482514608
150.06,0.38173050789371427,-0.018375839350842915,0.9496025131543359
150.08,0.34958742685103816,-0.02785640198360453,0.8565509258867225
150.1,0.3146600189212411,-0.035308623930404244,0.7294638053417857
150.12,0.2775265852276816,-0.040317518462299654,0.5773486642378263
150.14000000000001,0.2388864303042891,-0.04266757235495524,0.4104778532432088
150.16,0.19963250850682768,-0.04234534860345194,0.23957952755196102
150.18,0.16096110501530572,-0.03952458439757898,0.07505346334397248
150.20000000000002,0.12452065517659422,-0.034535147615802474,-0.07372057293424898
150.22,0.09258131401344089,-0.027818524779378642,-0.19892221301087976
150.24,0.068180607712711,-0.019874025746001483,-0.2946316006766151
150.26,0.055201086584593856,-0.01120131223229033,-0.35694594186798045
150.28,0.058390759014671154,-0.002245211462651314,-0.38386888059722746
150.3,0.08331801589008615,0.006652145320890094,-0.37499215099747835
150.32,0.1356235770146246,0.01528305339155073,-0.3310127872679
150.34,0.21694109837032954,0.023553188604025985,-0.25320764710533855
150.36,0.31486269853390475,0.031314273663378626,-0.14324816295491785
150.38,0.4005812332409486,0.038047578427289126,-0.004041413575373111
150.4,0.45432121699374645,0.04282267134611685,0.15851742777401917
150.42000000000002,0.4801581475971974,0.04477305705231672,0.33475146485449364
150.44,0.48917956487373604,0.04347667649070645,0.5123523586234942
150.46,0.4882613141642345,0.03896386595876336,0.678261442470375
150.48,0.4804279164517328,0.031603180831326176,0.8202556177925845
150.5,0.4669743746901658,0.022001663265422886,0.928092140358415
150.52,0.44858021935745673,0.010923759257616832,0.9942967505358848
150.54,0.4257298660038907,-0.0007835450240754388,1.0146425757166488
150.56,0.39885715511171516,-0.012262839369888215,0.9883349736364135
150.58,0.3683981277600003,-0.022713485456208403,0.9179165771783528
150.6,0.3348172460180048,-0.0314500015040713,0.8089198332846792
150.62,0.29863064915815857,-0.03794786299028291,0.6693100309125749
150.64000000000001,0.2604383139265963,-0.041873812746353004,0.508775321491959
150.66,0.22097527064646627,-0.0430989271154322,0.3379296065862355
150.68,0.18119258851920836,-0.04169391195232192,0.16749872931834786
150.70000000000002,0.14237626408506868,-0.037907312364058865,0.0075600820383382155
150.72,0.10629991401811681,-0.032128543554162954,-0.13309941638980505
150.74,0.0753819984521914,-0.024839024552211347,-0.24745232397468067
150.76,0.05279535304988736,-0.016556254611601335,-0.3304882326481684
150.78,0.042499350446697386,-0.007776849508753379,-0.3792434825324868
150.8,0.0492481679326865,0.001075894630578942,-0.3926105306872183
150.82,0.07858440695948957,0.009696149211438281,-0.3709529882117259
150.84,0.1360330579007291,0.017922904596420736,-0.31557191001661644
150.86,0.22244107295878562,0.025708543380781077,-0.22815568132864855
150.88,0.3231156894748699,0.03292553784501299,-0.11064150376631678
150.9,0.4075971723297156,0.03903434474748552,0.03379289575800661
150.92000000000002,0.4582004814266112,0.043095764520999204,0.19889606980224758
150.94,0.4813504465708984,0.044292819465255186,0.37471664976591
150.96,0.488476624933808,0.042278158055770995,0.5489363836207797
150.98,0.4861412523521628,0.03714798996191473,0.7087738222208031
151.0,0.47714949501269704,0.029319802467134094,0.8425132024318116
151.02,0.462706168047627,0.019432419077380123,0.940580425387065
151.04,0.4434621313016027,0.008265220332777466,0.996263204861433
151.06,0.41989805312570094,-0.003336161103905778,1.006123509114553
151.08,0.39245601538711994,-0.014530618829926248,0.9701196186113666
151.1,0.3615895887165158,-0.024546485868553115,0.8914556252831743
151.12,0.327792091269433,-0.03273678619082116,0.7761893154146987
151.14000000000001,0.2916254259318703,-0.038621265455832325,0.6326444291594664
151.16,0.25376192850450346,-0.04191254855466347,0.4706858438783972
151.18,0.21505047316971165,-0.04252492262678132,0.30092457692518787
151.20000000000002,0.1766179359521926,-0.04056545073112579,0.13392309713660397
151.22,0.14001191446901196,-0.036308325456244246,-0.020529791762910983
151.24,0.10737422240953373,-0.03015464072378979,-0.1540113634362756
151.26,0.08160860169433667,-0.022581217502375756,-0.2598731006392956
151.28,0.06649362917561273,-0.014083643574565815,-0.33343062099959947
151.3,0.06672294446152505,-0.005119558102461235,-0.37192423621107695
151.32,0.08784396118688112,0.003941971258178956,-0.3742628703551647
151.34,0.13556089066318167,0.012855866345388217,-0.3405909534176027
151.36,0.2121308039036254,0.021488693898395375,-0.271790454501015
151.38,0.30712997288832516,0.029673798454037875,-0.16926268534413721
151.4,0.3935424291893352,0.03691266832468737,-0.03563922902260471
151.42000000000002,0.45004392372307267,0.04229111635400057,0.12355700246707932
151.44,0.4784090682988589,0.044905722032212714,0.2989836201531868
151.46,0.4892329797464594,0.04426803683818216,0.4784455447862873
151.48,0.4896549114966308,0.04034613365844986,0.6487334511533773
151.5,0.4829179619969559,0.03346011226303753,0.7972513058189313
151.52,0.4704129710875224,0.024183164046993062,0.9132188241697783
151.54,0.4528526082134738,0.01326050780690679,0.9885180344786988
151.56,0.43072914408159396,0.0015344038421818557,1.018230569272407
151.58,0.40447336267264267,-0.010128723992955013,1.0008792603172634
151.6,0.3745113959254127,-0.0209071028828539,0.9383851940432895
151.62,0.34129060784066667,-0.030084430503249663,0.8357641130884406
151.64000000000001,0.3052997870815554,-0.03709875769032957,0.7006022049691871
151.66,0.26709539758479833,-0.041576305826038065,0.5423656271016177
151.68,0.22734325064168961,-0.04334823331536347,0.37160840768251735
151.70000000000002,0.18688571697231382,-0.04244960560062709,0.19914883165179162
151.72,0.14684359882534537,-0.03910104632799797,0.03528494300953203
151.74,0.1087528456396811,-0.03367475112261284,-0.11088451614254947
151.76,0.07471371581642525,-0.026647854007462477,-0.2319766879532434
151.78,0.047501171811531635,-0.018547671482297825,-0.3226366232350743
151.8,0.03058851982165147,-0.009894780994304403,-0.3796238156950715
151.82,0.02811855958866179,-0.0011499866244796654,-0.40167705426729405
151.84,0.044952479315841495,0.007331163497684848,-0.38918160438768296
151.86,0.08667179742531828,0.015334533964050306,-0.34367201832796085
151.88,0.15799620032845346,0.022799769349875924,-0.2672274090647414
151.9,0.2554801750272807,0.029741328099618897,-0.16196380213313327
151.92000000000002,0.35632476956464515,0.03596860376742359,-0.03022297344743743
151.94,0.42984710172932283,0.04079011870731159,0.12392407400177673
151.96,0.46860814003460793,0.043264117968204535,0.2929509815778747
151.98,0.48399338095784683,0.042758831760277186,0.46604124397078367
152.0,0.4863350606814266,0.03913680390744405,0.6308485890228003
152.02,0.4806334746430722,0.03265421545664819,0.7753097542410639
152.04,0.46894561554483327,0.023837885870142177,0.8889628155018853
152.06,0.45220833681382466,0.013392641779539123,0.9638365047287101
152.08,0.430993552059772,0.0021239410856398813,0.9950047503904752
152.1,0.40577257614196305,-0.00913394492164064,0.9808441883366252
152.12,0.3770095578170648,-0.01958486192255676,0.9230135306526144
152.14000000000001,0.34520385072862003,-0.02852984927627332,0.8261797123771298
152.16,0.31092351885722025,-0.03541474376931307,0.697529520660202
152.18,0.2748483451527721,-0.03986324360028637,0.5461190186911873
152.20000000000002,0.23783530339927011,-0.04169337185893699,0.38212341636678254
152.22,0.20101869880834333,-0.0409164333272753,0.21605599552875007
152.24,0.1659537002786428,-0.03771874940053947,0.05802594853871749
152.26,0.13479925353250183,-0.03242770692952398,-0.08289861545643512
152.28,0.11051210597150297,-0.025465082795518523,-0.19916516089816222
152.3,0.09699894043854371,-0.017292226985526783,-0.28500643038918805
152.32,0.09915736132707027,-0.008353235153438374,-0.3364845818327996
152.34,0.12262040248485992,0.0009758632274884976,-0.35131678493256735
152.36,0.17236917308651906,0.010416243097890462,-0.32853283412417505
152.38,0.24797244379741235,0.019751012265917616,-0.2681236023433687
152.4,0.33544715907522454,0.028654248751204602,-0.17108275995983369
152.42000000000002,0.4098396792978649,0.0364507988584532,-0.04034957240414
152.44,0.45700295569369237,0.04217620498929868,0.11775492170900875
152.46,0.4809633976513426,0.04499682496884339,0.2931668357562278
152.48,0.4902865476585516,0.044493688567652206,0.47327898091570564
152.5,0.49033248932996515,0.040665346128767245,0.6446681769830183
152.52,0.4835722314766796,0.033839909929869745,0.7945947385190256
152.54,0.47113466081395655,0.024591503476975973,0.9121492100184659
152.56,0.45365140680954236,0.013665727778440736,0.9890858930761844
152.58,0.4315893460839257,0.001906734063675735,1.020362934410076
152.6,0.4053694711599557,-0.009815273697140105,1.0043910324915213
152.62,0.3754114228479903,-0.02067309090787217,0.942997698354411
152.64000000000001,0.3421550667278306,-0.02994382702445908,0.8411293299233004
152.66,0.3060782170279628,-0.037058405470258696,0.7063304192871213
152.68,0.26772020957939313,-0.041636053463313664,0.5480539000709814
152.70000000000002,0.22771976990978135,-0.04350175497162731,0.37686714190581705
152.72,0.18687677023442287,-0.04268589486086243,0.2036237018529093
152.74,0.1462469837547467,-0.03940655363107627,0.03867155093889682
152.76,0.10727098602232106,-0.034036110740259314,-0.10883573956081771
152.78,0.071916616295278,-0.027055100085940642,-0.2314675106790004
152.8,0.04278379117494038,-0.01899778197681804,-0.3238416205253784
152.82,0.023116513224747646,-0.010395405124027696,-0.3827255460720566
152.84,0.016743792661391522,-0.0017234493916123694,-0.4069166045569487
152.86,0.028099533629279055,0.006643229092526554,-0.39692632475604117
152.88,0.062381838617947404,0.014467016324463025,-0.3545019633209375
152.9,0.1249610076017533,0.02167027183019636,-0.28202403463051456
152.92000000000002,0.2165905607286323,0.0283000939046923,-0.18190212683806303
152.94,0.3216169670958842,0.034320206569926605,-0.056414372042970104
152.96,0.4078387834733613,0.03925127703934939,0.09123066253158615
152.98,0.45773659602644445,0.04219093565305461,0.25493224699977024
153.0,0.4793134593645184,0.042374001683152064,0.42505879926308554
153.02,0.4848587078473879,0.03951862990398901,0.589853481280305
153.04,0.4811448994404546,0.033778825938471306,0.7373487374571359
153.06,0.47100831830990536,0.025610676998656483,0.856837578156333
153.08,0.45566071326818586,0.015668906454735818,0.9398641251264519
153.1,0.4357644137352659,0.004726017358075349,0.9808520096373023
153.12,0.41182160916343213,-0.00640006845577234,0.9774290088103049
153.14000000000001,0.38431005926970835,-0.01691326203816721,0.9304723511431864
153.16,0.3537396930565391,-0.026099452523259944,0.8438981718412824
153.18,0.3206915934760508,-0.03337612231890332,0.7242302886658005
153.20000000000002,0.28586385268234127,-0.03832825587152291,0.5799969961111505
153.22,0.2501390783608359,-0.04072824487895638,0.4210156426774611
153.24,0.2146862928579215,-0.04053859442542419,0.2576317798762526
153.26,0.1811063976641364,-0.03789740965396319,0.09998212044763374
153.28,0.1516181953840699,-0.03308789667626266,-0.042651842352524415
153.3,0.12925713675446018,-0.02649455832807156,-0.16234044405490625
153.32,0.11802532242155346,-0.018550501034127666,-0.2528076726494409
153.34,0.12287947743861359,-0.009682330234202877,-0.3095148295721319
153.36,0.14924055208664308,-0.00026262622961805793,-0.3295345586690142
153.38,0.20098877987752795,0.009409137766104612,-0.31128127178239534
153.4,0.2751137279777339,0.01904997394160355,-0.25429575941614063
153.42000000000002,0.35562815065834885,0.028214491673000452,-0.15949962656165614
153.44,0.42068738941905276,0.03612511574923795,-0.030242026051831558
153.46,0.461194280480454,0.04182408776650408,0.12654199158137383
153.48,0.48196451609885593,0.04455404386883104,0.30037290026201774
153.5,0.49001612806872796,0.043959052305345546,0.47852372247016606
153.52,0.48955956806273493,0.040069390921088056,0.6476386889174854
153.54,0.48258056416387696,0.03322556253616817,0.7951294787083444
153.56,0.47004373839424834,0.024004314385449,0.9102659109793796
153.58,0.45253130072273295,0.01314835383175029,0.9849801560138207
153.6,0.4304981995715977,0.0014952802741643838,1.0143888948631499
153.62,0.40436687429471496,-0.010093761442294246,0.9970297924653784
153.64000000000001,0.3745655854671889,-0.020802111842396,0.9348177782530855
153.66,0.3415498821193861,-0.029917883035531247,0.8327432274403144
153.68,0.3058231228290694,-0.03688242364390755,0.6983514107677409
153.70000000000002,0.26796541748205777,-0.041323797042946996,0.5410571873685774
153.72,0.2286800662598302,-0.043073267965517296,0.3713593048143297
153.74,0.18886784766349557,-0.04216402801781092,0.20002422380151536
153.76,0.14973823219205326,-0.03881260947921161,0.03731001393966161
153.78,0.11295681226204693,-0.03338465019666007,-0.10770334378467963
153.8,0.08080526703411404,-0.026348006403708952,-0.22762016444676011
153.82,0.05630413923320954,-0.01821775061251539,-0.31702971227675125
153.84,0.0432586353287438,-0.009498929753376786,-0.37258028724216985
153.86,0.04626418842861378,-0.0006329110675905368,-0.39282982076322226
153.88,0.07072183021557231,0.008048667959859066,-0.37789598576910904
153.9,0.1223393293258426,0.016356143793685992,-0.32894569545888414
153.92000000000002,0.20358536068775443,0.02422836740249647,-0.24762746458074192
153.94,0.3036498711287331,0.03157937995055754,-0.13579704170402945
153.96,0.3935731238166928,0.03796952703136326,0.003751095288808449
153.98,0.45084556409972015,0.04250535037818502,0.16548544395088227
154.0,0.4783739850723745,0.04430417149746072,0.34012234548383774
154.02,0.48795497866510645,0.04292102503405347,0.5156550553781488
154.04,0.4871684402034371,0.038375039820103186,0.6792583144225872
154.06,0.47935343926874757,0.031029656361970376,0.8189123472579714
154.08,0.46591484312455006,0.021487122810198822,0.9245591504145448
154.1,0.44756878019207064,0.01050525936829235,0.9888866595949036
154.12,0.4248145132907619,-0.0010776193091782058,1.007799500614357
154.14000000000001,0.3980964779253283,-0.012414256868114459,0.9805966249016996
154.16,0.36786361718944827,-0.022714794561362633,0.9098720830528269
154.18,0.33459956842158634,-0.03130420439102314,0.8011669517577286
154.20000000000002,0.298850318374793,-0.037667138416158756,0.6624155781222936
154.22,0.26126268240562195,-0.04147733708595347,0.5032425338377315
154.24,0.22264482571853217,-0.042609862243555244,0.33417590827697236
154.26,0.18406015376490592,-0.041135624357250676,0.16584710518037268
154.28,0.14696219618706047,-0.03729887665973025,0.008247022278474339
154.3,0.11336422049639078,-0.031479594941361426,-0.12989665528343997
154.32,0.08601214016886875,-0.024144078061652516,-0.24156675109749337
154.34,0.06851121296002097,-0.01578865223645283,-0.3216906369296557
154.36,0.06537974535444213,-0.006882437069188172,-0.36714517272421215
154.38,0.0820197379704666,0.0021849365396785893,-0.37654070743953305
154.4,0.1242433132418081,0.011142997236184891,-0.3498173519975719
154.42000000000002,0.1955102038165498,0.0198421078730108,-0.28774362150096144
154.44,0.2886600385870848,0.02814189795151782,-0.19160058728091256
154.46,0.3789763910553926,0.03562849449222474,-0.06366913980423948
154.48,0.44169305390868757,0.04144668265763222,0.09120743971081693
154.5,0.4746322824701016,0.04464896558431654,0.26439744504900314
154.52,0.48811873136106937,0.04465458367117636,0.4441152653308885
154.54,0.4902023329591304,0.04135084673748797,0.6172051450856822
154.56,0.48470226354905516,0.03499849815943585,0.7708453253522244
154.58,0.4732422602249782,0.02612862807719005,0.8938281601705068
154.6,0.4566146799544664,0.01545923626872429,0.9774700456509747
154.62,0.43533639675009256,0.0038196628289870914,1.0162068015740833
154.64000000000001,0.40984383308579087,-0.007922734038960665,1.007891704718871
154.66,0.38056146507858524,-0.01893246324700903,0.9538060820187558
154.68,0.34793090736846055,-0.028468590335556553,0.8584033693478562
154.70000000000002,0.3124310709082137,-0.035936203446291295,0.7288235985125262
154.72,0.2746024802817874,-0.04092333424533049,0.5742301731276331
154.74,0.23508515833044893,-0.04322111480794267,0.4050319521182475
154.76,0.19468002390436093,-0.04282618495313396,0.2320600838816682
154.78,0.15444351137497486,-0.03992559514212976,0.06577050225007734
154.8,0.11581828098859408,-0.03486565153556958,-0.08446038859296072
154.82,0.08078305801395007,-0.028107424280668564,-0.21088759543977487
154.84,0.05197512311097003,-0.020173134073155765,-0.30775153106071695
154.86,0.03273154661856076,-0.011589151629208358,-0.3714086759666113
154.88,0.027061308237086204,-0.0028318282646544236,-0.40023798088659435
154.9,0.03967074704963253,0.005719554879142634,-0.3943439710747833
154.92000000000002,0.07602849036587472,0.013821084234612932,-0.35508854799094564
154.94,0.14135131548521715,0.02138421725249709,-0.28449882382035074
154.96,0.23478506245354003,0.02842419702982513,-0.18470764910426526
154.98,0.33767828287421975,0.034822637820209314,-0.05793677266431689
155.0,0.41820612796135037,0.03999068797053603,0.09225208132831247
155.02,0.4631915738065965,0.042988705245868085,0.25908294295235207
155.04,0.48219993022033636,0.043093840801931814,0.43228072300349524
155.06,0.48658185799008413,0.04007515599420703,0.5996498728044612
155.08,0.48224559063559375,0.034121843592694295,0.7489563536457461
155.1,0.4716441147502934,0.025715385727455433,0.8693452044917596
155.12,0.45585194501601295,0.015531762381699796,0.9523047894743837
155.14000000000001,0.43548332914034826,0.004362204132795952,0.9922828515574383
155.16,0.4110193726388017,-0.006959460000349281,0.9870007832674806
155.18,0.38292180360914335,-0.017624854713116443,0.9374860924884205
155.20000000000002,0.3516808209713871,-0.026911950053060726,0.8478458177032133
155.22,0.31784862275775005,-0.03423517244529011,0.7248167458411087
155.24,0.2820795814439888,-0.039181510416183785,0.5771422610071669
155.26,0.24519046523064314,-0.041530338992493546,0.41483675867698366
155.28,0.20825307250516317,-0.041255825030520256,0.248405417634282
155.3,0.17272921245582895,-0.03851196155353419,0.08808930880310908
155.32,0.14064745277338367,-0.03360151111180202,-0.056796807391387344
155.34,0.11479867333962798,-0.026931522095400555,-0.17837445960640286
155.36,0.0989012356101387,-0.018959679049274543,-0.27051347957095534
155.38,0.09767022009315424,-0.010137338926865658,-0.32892059840339627
155.4,0.11664830470900917,-0.0008567826640428493,-0.3510056683079183
155.42000000000002,0.16115513940322923,0.008584071342151603,-0.335565202506918
155.44,0.23236525831309837,0.01796379203657698,-0.2824126415933559
155.46,0.3193037023987027,0.02699563029626346,-0.19230361285783962
155.48,0.39778523200227567,0.035079534064046236,-0.06769340460275322
155.5,0.45013171211907194,0.04127854154910629,0.08581669264402289
155.52,0.47776554362193124,0.0447027081925766,0.2588159740661998
155.54,0.4893364569198906,0.04484829754616614,0.4390473446258672
155.56,0.4908966514737127,0.04164067692287467,0.6131160699038594
155.58,0.48532563570034976,0.03535189342738654,0.7680530080869522
155.6,0.4739179679281294,0.026514874935893832,0.8925253361305483
155.62,0.45736314708250353,0.01584797219437631,0.9777271587904189
155.64000000000001,0.4361462648526045,0.004182043317296651,1.017975323583803
155.66,0.41069234891299833,-0.007612265050432089,1.0110137130931107
155.68,0.3814193358424103,-0.018694541322544965,0.9580307879761135
155.70000000000002,0.348761998444834,-0.02831773334998751,0.8634093678123976
155.72,0.3131895447918701,-0.03588018549901438,0.7342447951482155
155.74,0.2752274743601484,-0.04096319356963319,0.5796829603126543
155.76,0.2354920718345423,-0.043351815347431974,0.41014104714585603
155.78,0.19474690846909323,-0.043037923784472985,0.23648042320302406
155.8,0.15399091926834163,-0.04020572988209177,0.0692026547445887
155.82,0.11458163860824097,-0.03520120197259155,-0.08226368652811689
155.84,0.07837829879768647,-0.02848806330697277,-0.21012592769980604
155.86,0.04785900625527016,-0.02059452412167815,-0.30859400086753036
155.88,0.026152880543262473,-0.012056473603712942,-0.3740248720272798
155.9,0.016987103308262995,-0.0033635321126817717,-0.40484343629772546
155.92000000000002,0.024678471829421924,0.005087448137932131,-0.40126160710132974
155.94,0.05428529137610301,0.013030604723839916,-0.364828129113637
155.96,0.11131250620050352,0.02035787709070025,-0.29784491537382946
155.98,0.19807967611530997,0.027101167796515186,-0.20274406939428707
156.0,0.3028177653300982,0.03326497541397933,-0.08179001786288422
156.02,0.39468042656373997,0.038469533682652816,0.062122953007361675
156.04,0.4511431193233182,0.04185515140813901,0.2235385362684984
156.06,0.4768832031878319,0.042589943981546766,0.39340652580208413
156.08,0.4847100956097714,0.04029918824382689,0.5602032262879442
156.1,0.4824168667357706,0.03506687274734,0.7118637378480681
156.12,0.4733497943945257,0.02730213012940283,0.8373521925448184
156.14000000000001,0.4589069256075921,0.01762964604549592,0.9277313018641967
156.16,0.4398095204402029,0.006806058847965231,0.9768519784808635
156.18,0.4165745695899748,-0.004353475737549286,0.9817323106387853
156.20000000000002,0.38967848626074203,-0.015043576575818986,0.9426533155078983
156.22,0.35962161725410013,-0.024530385198740214,0.8629936419665806
156.24,0.32696794625452563,-0.03220343069107151,0.7488358719478011
156.26,0.29238827747626106,-0.03761431921991216,0.6083907238787425
156.28,0.2567225056245386,-0.040499761990873163,0.45129716347526155
156.3,0.22107397532083586,-0.040787533245744814,0.28786426448293445
156.32,0.18694624706726604,-0.038585115403696926,0.12832398162166275
156.34,0.15642253998644504,-0.034152020807531394,-0.017837461867197195
156.36,0.1323657037914472,-0.02785817824817369,-0.14240854612726708
156.38,0.1185843256582178,-0.02013244890675416,-0.23879356708474397
156.4,0.11986701322128465,-0.01140730552282228,-0.3021377558940151
156.42000000000002,0.141636835628372,-0.002068665428564043,-0.32923760934369695
156.44,0.18838613722801867,0.007571534038665492,-0.31828737341383584
156.46,0.25906444998108186,0.01723871189207169,-0.26862463181094104
156.48,0.3402999441060983,0.026539128892474964,-0.18085091846526466
156.5,0.4098286944097773,0.03476242106679382,-0.05773479342730412
156.52,0.4550974266762402,0.04095638661606951,0.09453576495515398
156.54,0.4791310715911619,0.04429889021884744,0.2660957584010582
156.56,0.4892360688274334,0.04435237290433177,0.44452348594120833
156.58,0.49022123581677607,0.04107780676016609,0.6164629103955969
156.6,0.48440389528389827,0.0347618779564519,0.7690796965467981
156.62,0.4728824528078206,0.025941493060637175,0.8912106708666463
156.64000000000001,0.45628611087323234,0.015333147564189747,0.9742228550427717
156.66,0.435084273693633,0.003762057804752229,1.0125905529636334
156.68,0.40970161837693403,-0.00790939174229787,1.0041869576820912
156.70000000000002,0.38056311227905093,-0.01885068809590489,0.9502931944180044
156.72,0.3481170819375297,-0.028325331247547384,0.8553435148966164
156.74,0.3128550205036554,-0.0357418763045005,0.7264428371000208
156.76,0.2753380729672453,-0.04069050894917747,0.5727081046662942
156.78,0.2362390766326094,-0.04296291621008328,0.40449621112911255
156.8,0.19641028806118327,-0.0425544460156919,0.23258773442617306
156.82,0.15698656385084545,-0.03964877436027658,0.06739729141584568
156.84,0.11952617877815533,-0.03458650628778452,-0.08172196292010589
156.86,0.08617100813024343,-0.027820434024369102,-0.20702040870851432
156.88,0.059780119606698386,-0.01986168386782415,-0.302695166401368
156.9,0.043989561748101084,-0.011222436170563397,-0.36500897231827534
156.92000000000002,0.04321722164165513,-0.0023612298357120237,-0.3921832682183954
156.94,0.0626867263957217,0.006364791254785667,-0.3840853079609514
156.96,0.1081656616108915,0.014736141116015655,-0.34174457723962043
156.98,0.1834409773704594,0.022672896427386596,-0.26677815257810156
157.0,0.2816009833524765,0.03012153715749232,-0.16099976751317283
157.02,0.376538415288536,0.03674805284432315,-0.026876106079144042
157.04,0.4414071432073536,0.041734295412065234,0.13080339589411552
157.06,0.4743021095026472,0.04414652661397235,0.30354618610351447
157.08,0.4868762727253611,0.04343361183157722,0.4797864496337457
157.1,0.4878939867833721,0.039525730802156496,0.6467388115427485
157.12,0.4813968370666638,0.03272361885263008,0.7921219760872628
157.14000000000001,0.46906413068621683,0.023586547617325,0.905406891617587
157.16,0.45170354779279653,0.01284561692781308,0.978671638153402
157.18,0.42984175372348543,0.0013276437087289083,1.0071347504328025
157.20000000000002,0.40392879395328923,-0.010117098108267959,0.9893924363027036
157.22,0.3744107460823559,-0.02068251984729829,0.9273750658029619
157.24,0.34176330063184174,-0.0296662586591852,0.82604799687009
157.26,0.30651898450182585,-0.03651735173462812,0.6928967989573833
157.28,0.26930291842952514,-0.04086898409794328,0.5372507802982802
157.3,0.23088846311499103,-0.042554331114107016,0.36950887206903454
157.32,0.19228421540598387,-0.041604712694535625,0.20033745928875457
157.34,0.15486136143104015,-0.03823047937442812,0.03991047156246085
157.36,0.12051895009337052,-0.03278627936542239,-0.1027420667036294
157.38,0.09186114323986315,-0.02572373118996404,-0.2202201042370381
157.4,0.07233833068652668,-0.017536075154623496,-0.30703250085088873
157.42000000000002,0.0663164025235264,-0.008700628882040108,-0.3596481311837944
157.44,0.07906589444097872,0.0003749431121079878,-0.3763224952439266
157.46,0.1164195688444083,0.00939553557463721,-0.35672786292985675
157.48,0.18260636340099967,0.018190190276018044,-0.30146232056336786
157.5,0.27299782300512476,0.026626858756496962,-0.21167423342250002
157.52,0.36554555132994426,0.03435366621221693,-0.08937071804320532
157.54,0.4334724900357064,0.0405764244680063,0.06115908438286132
157.56,0.47072907257355756,0.044323967821937975,0.23192392072565798
157.58,0.4868337637753157,0.04493580890371291,0.4115477461730555
157.6,0.4905474003284849,0.042222722467074605,0.5869597644421435
157.62,0.4862421969046196,0.036387600238933275,0.7451542040333
157.64000000000001,0.4757803332591329,0.027919936639755723,0.8745416203579638
157.66,0.46003813616269995,0.01751020088605329,0.9659187258343758
157.68,0.4395588880412842,0.0059737047701511215,1.0131186190570294
157.70000000000002,0.41478532003037705,-0.0058230681592613565,1.01336223405396
157.72,0.38614047460722767,-0.017033254087738234,0.9673199782342875
157.74,0.3540602476330909,-0.026893963348599233,0.8789017031462628
157.76,0.319013621505817,-0.034780107080316175,0.7548090071255084
157.78,0.28152513080211483,-0.040244201248779615,0.6038992715711221
157.8,0.24220902965678726,-0.04303971283137121,0.4364227850695427
157.82,0.20182484025046946,-0.04312673805869849,0.26320162375529343
157.84,0.16136428253608076,-0.04066004076513771,0.09482130981836327
157.86,0.12217456706121087,-0.035960681742707154,-0.059096254867828386
157.88,0.08610595290281485,-0.02947371597901614,-0.1904774577044857
157.9,0.0556422696754562,-0.02171588229240688,-0.29319084225779085
157.92000000000002,0.0339569470435471,-0.013218780189180466,-0.36322064872808674
157.94,0.024886501784954752,-0.0044738436896292295,-0.3986146171827888
157.96,0.03293035159953679,0.004116024605543371,-0.3992239191790283
157.98,0.06335409122677021,0.012276461236595126,-0.36626608419817924
158.0,0.1216840306307903,0.01988808125509455,-0.30175057362982693
158.02,0.2095156234306003,0.026961228439154338,-0.2078784414581291
158.04,0.31332235400049874,0.03345146150636848,-0.08681822381513032
158.06,0.4018550455096644,0.03890627549443557,0.05837713144021048
158.08,0.455081694315644,0.04242682828011768,0.22184758290715964
158.1,0.4790742686765695,0.043196806728999976,0.39410081964258675
158.12,0.48616254849243773,0.040869696058123565,0.5632722772698068
158.14000000000001,0.4835323018526648,0.03554931807266802,0.7170533915286627
158.16,0.47424056949168075,0.02765898271609603,0.8442308126235218
158.18,0.45957904431613966,0.01783611315916468,0.9357427141634923
158.20000000000002,0.4402313237254847,0.006850028606292324,0.9853661948059523
158.22,0.4166977957911132,-0.004471680237325731,0.9900959550692868
158.24,0.38944219306683187,-0.015312177825909887,0.9502376801636796
158.26,0.35894922635066856,-0.02492796164246421,0.8692371529009029
158.28,0.32575996540476737,-0.03270147202906697,0.7532777795056997
158.3,0.29051044030531925,-0.038180371306614426,0.610693335408896
158.32,0.2539879031163831,-0.041100986923484524,0.4512546083339995
158.34,0.21721735949941437,-0.04139452038661276,0.28539646560020526
158.36,0.18158923133828173,-0.039175800550806085,0.12345512211736581
158.38,0.14903047653586998,-0.03471557777749914,-0.0250161416528593
158.4,0.12220119449554245,-0.028398705093059792,-0.15179118168960515
158.42000000000002,0.10467120034384716,-0.02067212792388236,-0.2503259449226511
158.44,0.10100926401460929,-0.011988275048280502,-0.3158940536542488
158.46,0.1166532986208866,-0.0027512149496809984,-0.34549861693484707
158.48,0.1570212811556696,0.006722142667884143,-0.33759283709280596
158.5,0.22411404694448472,0.016194356298939176,-0.2917221242063477
158.52,0.3090037310711724,0.025387029750790796,-0.20839752235410183
158.54,0.3889347368269576,0.033741811800999374,-0.08972437518427068
158.56,0.4444889224626339,0.04034970263201213,0.05920813907958564
158.58,0.47485416327623076,0.04429120634735493,0.22950027360046463
158.6,0.488266739043318,0.04500096594802554,0.4092089949253664
158.62,0.49112944817774307,0.0423441802533927,0.585003415177573
158.64000000000001,0.48660286302450845,0.03654370089174799,0.7437588084147059
158.66,0.4761087414659803,0.028094643398709113,0.8738128451891263
158.68,0.46038389548345765,0.017688961587776362,0.9659015931857686
158.70000000000002,0.43992922152913233,0.006142926575710704,1.0138017789841212
158.72,0.4151739615291785,-0.0056755027535604465,1.014682687229243
158.74,0.3865357326053915,-0.016917298025874085,0.9691703651394221
158.76,0.3544466918562439,-0.026816838983801695,0.8811401600916826
158.78,0.31937145293013847,-0.03474597539395433,0.7572708386884054
158.8,0.2818281424920214,-0.04025411210302222,0.6064093931824995
158.82,0.2424210191942069,-0.043091852102080046,0.43880777284402533
158.84,0.20189389467511587,-0.043216971189616434,0.2653001809172142
158.86,0.16121420273970602,-0.0407827425660899,0.09649198172863424
158.88,0.12169292736660221,-0.036109833400751405,-0.057971227629157907
158.9,0.085128992609776,-0.029644234163633425,-0.1899931541764844
158.92000000000002,0.053937328398043216,-0.02190511887497048,-0.29342635853689475
158.94,0.03120142295008618,-0.013428118790156306,-0.364252008687514
158.96,0.020637065389918823,-0.004710383062044302,-0.40053422365577607
158.98,0.026576165891188615,0.0038375691251479258,-0.40216711595133725
159.0,0.054091926974587284,0.011931711077561288,-0.3704457983705539
159.02,0.10874697794560832,0.019443137353705266,-0.30749740244588947
159.04,0.193284492935718,0.026385337145405717,-0.2156606682415144
159.06,0.29717183653676826,0.03276025483289038,-0.09715423400318576
159.08,0.39039735792405617,0.038208825248461135,0.04521289305956032
159.1,0.44903206245179467,0.041882550076842266,0.20614948161069047
159.12,0.47635898328263887,0.04292453443005707,0.3767415620218353
159.14000000000001,0.48514989351313625,0.04092219208465484,0.5454654143789215
159.16,0.4834964921853047,0.035929246498397495,0.7001169551551488
159.18,0.47491519768822377,0.028334686514873243,0.8294207446007159
159.20000000000002,0.4608679306441656,0.01875164370909159,0.9241369786424846
159.22,0.4420949145874494,0.007932805745635896,0.9777832795640233
159.24,0.4191153223207079,-0.003303683794341864,0.9870427503596989
159.26,0.39240019728744197,-0.014143348501788286,0.9518859187214462
159.28,0.3624388514009885,-0.02383828874037264,0.8754276605049423
159.3,0.32977741361590224,-0.031760522359169305,0.7635504256817759
159.32,0.295058908670884,-0.037442378149911006,0.6243389727598144
159.34,0.25908049707656705,-0.040601348228724306,0.467383917051168
159.36,0.22288083457370986,-0.04114788148708775,0.3030196730481435
159.38,0.1878685883802224,-0.03917576582144887,0.14156612637434646
159.4,0.15599479880726744,-0.034935963823719315,-0.007357628752377263
159.42000000000002,0.1299516226691785,-0.028796121002034835,-0.13538524980314554
159.44,0.11335059713075393,-0.021189566503891637,-0.23577055812099423
159.46,0.11080197969227422,-0.012559428416019822,-0.3035389946085612
159.48,0.1277233042636162,-0.0033057348740103518,-0.3354183254964809
159.5,0.16924922171860537,0.006250514550180575,-0.32958492122468847
159.52,0.23648934406407773,0.015851986278754848,-0.28535181370112805
159.54,0.31927721785617236,0.025175565282555903,-0.20312564751364054
159.56,0.3952291983936677,0.03360858163270398,-0.08511795271008171
159.58,0.4472674225037054,0.0402246974340789,0.06331852027562715
159.6,0.4757214383320211,0.04413134528998716,0.23304917973408854
159.62,0.48833190700264584,0.044795638954048506,0.4120270575753945
159.64000000000001,0.4908775349041074,0.04210173680363355,0.586921304178989
159.66,0.4862136710207266,0.03628083961785879,0.7446598159786859
159.68,0.47565194553853835,0.027830921628501665,0.8736540434845
159.70000000000002,0.4598945854625181,0.01744386227442619,0.9647188852438405
159.72,0.43943295846881436,0.005933978240426942,1.0117056130647952
159.74,0.41469514057912354,-0.005834060813211086,1.01184741846697
159.76,0.38610119642648577,-0.017015417428177363,0.965819153549428
159.78,0.3540885186311553,-0.026849132032057948,0.8775271208101983
159.8,0.31913046660861294,-0.034711739723849916,0.7536622003697753
159.82,0.28175921041738156,-0.04015690855951453,0.6030654532601762
159.84,0.24260135297807323,-0.042938647318834074,0.435967417274065
159.86,0.20243590436576334,-0.04301686263558558,0.2631696747540835
159.88,0.1622846217736903,-0.040545282913449804,0.09523966601255705
159.9,0.12353946260642634,-0.03584297105234489,-0.058212761945505384
159.92000000000002,0.08811446964823312,-0.029351902877329566,-0.18911593629099965
159.94,0.05858064438832941,-0.02158454533916692,-0.29132567361162515
159.96,0.03822871769387622,-0.01306691976048085,-0.36079383122222625
159.98,0.03105676582968519,-0.004283373882373036,-0.3955105350207059
160.0,0.04178516543661641,0.0043721788689173036,-0.3952373439668153
160.02,0.07590185915163876,0.012636303586218882,-0.3610620781780754
160.04,0.13874168245861748,0.020398481531503514,-0.2948219920062393
160.06,0.23008361524164103,0.02765675734332193,-0.1985423175786935
160.08,0.33261358714683376,0.034295039092290695,-0.07437184872685948
160.1,0.41473929956710137,0.03974418529804165,0.07425280557271116
160.12,0.4616491930577341,0.04306350160178451,0.24073108136785668
160.14000000000001,0.48198588367649065,0.043498017962051244,0.4148906668905788
160.16,0.48721769854247743,0.04077978155607839,0.5844924054304441
160.18,0.48349076221604664,0.0350696272094965,0.7371264950399561
160.20000000000002,0.4733757032877217,0.02683010197595241,0.8616680033030288
160.22,0.45798899577981733,0.016726625240420765,0.9492766014002522
160.24,0.43795630318039747,0.0055476212721307355,0.9940447765212193
160.26,0.41375830111095163,-0.0058687222135914915,0.9933420066624215
160.28,0.38585015303333714,-0.016703400663978595,0.9478742234670897
160.3,0.3547100095323378,-0.026218759946457525,0.8614798812854212
160.32,0.3208707914434037,-0.033810210832086574,0.7406970415761285
160.34,0.2849567061421001,-0.039044163598073285,0.5941501858500845
160.36,0.24773765274636195,-0.04167979180337373,0.4318170193038219
160.38,0.21021367974382202,-0.04167337584812889,0.2642428408470232
160.4,0.17374007772264596,-0.039165166135220864,0.10177267907600525
160.42000000000002,0.14019493453186335,-0.03444992355425812,-0.04613078118160934
160.44,0.11217041006355316,-0.02793363815269697,-0.17142271031698192
160.46,0.0931432887056061,-0.020080475387851154,-0.2678173546009799
160.48,0.08757043448593993,-0.011355522067162319,-0.33090657289588815
160.5,0.10083164459098945,-0.0021700638405247664,-0.3580519638124527
160.52,0.13862670029745303,0.007160781648256698,-0.34807820812505885
160.54,0.20422104527449542,0.016422113347196284,-0.30085943327269954
160.56,0.2910412756493576,0.025398795489451953,-0.21706960126024322
160.58,0.3768006631962251,0.0336269881750512,-0.0986460744915694
160.6,0.4384487971960219,0.0402462911106456,0.049805992387880194
160.62,0.4724856616533583,0.0443018357365111,0.2198889405103258
160.64000000000001,0.48759036555922214,0.04516823471193054,0.39994761861139433
160.66,0.49122448688374465,0.042668851921590825,0.5767304304270554
160.68,0.48712203911186147,0.03700293347070992,0.7370639212364809
160.70000000000002,0.4769215588571701,0.028652239122630502,0.869165201428268
160.72,0.46143052198015216,0.0183014282355259,0.9636092833741922
160.74,0.4411709863960188,0.006764035696707534,1.0139920552292114
160.76,0.41657731119216634,-0.005090768820666862,1.0172990729293963
160.78,0.38806643182601086,-0.0164093014879787,0.9739845705776448
160.8,0.3560667071421124,-0.026418471788522822,0.8877765714969177
160.82,0.3210359028464753,-0.03448063435903541,0.7652407362267705
160.84,0.28348099905270036,-0.04013458893105303,0.615151471652373
160.86,0.24398837007779742,-0.043120208831248015,0.44773114550560533
160.88,0.20327335876845673,-0.04338541654276594,0.2738258762669606
160.9,0.1622590114784428,-0.04107547509015624,0.10408898212240816
160.92000000000002,0.12218982739677257,-0.03650576863856603,-0.0517591246182553
160.94,0.08477094532965673,-0.030120469758384668,-0.18553292110798533
160.96,0.05229390468110949,-0.022440902728362345,-0.29099628424655966
160.98,0.027687407518570985,-0.014009014870370375,-0.36405861476790286
161.0,0.014468475174924078,-0.005332417769302473,-0.40274583355685384
161.02,0.016693831355934836,0.0031636563236272265,-0.4069641108587843
161.04,0.03908448009961086,0.011175938388049138,-0.3780885259297393
161.06,0.08708284595864232,0.018554074086135717,-0.31840959684164866
161.08,0.16487810670449007,0.025304857706358156,-0.23049620443573215
161.1,0.26688625867229876,0.03148927422562092,-0.11671471918405113
161.12,0.3671467618283457,0.03690717176485382,0.020423829191367777
161.14000000000001,0.43609573384988604,0.0408349502335707,0.17656506909265096
161.16,0.4704405234765596,0.04236949331516002,0.3438927291111803
161.18,0.4828822918147688,0.04097518322802209,0.5115930936558998
161.20000000000002,0.4832544143504802,0.03660481906536259,0.6677099957948408
161.22,0.4760828384475325,0.029578284320316933,0.8008793815142365
161.24,0.4632207844872915,0.020460423597072445,0.901541021548835
161.26,0.4455403700956864,0.00997087159839775,0.9627303492667043
161.28,0.42360361168188276,-0.0010914304259114853,0.9805439176964207
161.3,0.3978963401041382,-0.011917662333140414,0.9543160973027428
161.32,0.3689147076889382,-0.021752658829325006,0.8865291469685382
161.34,0.3372104290648982,-0.029949604346083663,0.7824856784464519
161.36,0.3034332009166995,-0.03601251977858707,0.6497857024649513
161.38,0.26838862395367463,-0.03962379701661578,0.4976628732901426
161.4,0.23312526964501962,-0.04065504740915836,0.33624357531553
161.42000000000002,0.19906219274275697,-0.039160671573135304,0.17579717242712123
161.44,0.1681602303488593,-0.03535477005951493,0.026045716220471
161.46,0.14312060347320185,-0.02957337359912245,-0.10440371512220546
161.48,0.12756171847572167,-0.02222561467849731,-0.20845196344747763
161.5,0.1260781042396498,-0.013739482183346443,-0.28069231892826113
161.52,0.14395513375872535,-0.004510755098783681,-0.31738080399767366
161.54,0.18582983894776486,0.005128806785299289,-0.3162329980082212
161.56,0.25169139792665607,0.014887719856344954,-0.2761877212789749
161.58,0.3304097594324609,0.02438190429115146,-0.19747024005764058
161.6,0.40096672931534416,0.032941396548123655,-0.08236481554216107
161.62,0.44905650749111753,0.039635091860870185,0.0635692478863613
161.64000000000001,0.47569617536369535,0.04360596573832042,0.23106824157590689
161.66,0.48774226587893077,0.04435022534574113,0.40809672272025
161.68,0.49022693857326927,0.041761078841723726,0.5814106448719556
161.70000000000002,0.48568092383002787,0.03606630188774231,0.7380329188998044
161.72,0.47530732360986067,0.027755136787526963,0.8664439927721957
161.74,0.4597770323268728,0.017509031936865958,0.9574886379602777
161.76,0.43957458888928574,0.00613195868269619,1.005006008070369
161.78,0.41512977330631695,-0.005520593210821763,1.0061778297725077
161.8,0.3868691123608724,-0.016611038405305013,0.9615944108277026
161.82,0.3552414707449727,-0.026383197776910877,0.8750532964584484
161.84,0.32073883524116453,-0.03421556781011937,0.7531230413758188
161.86,0.28392302177483525,-0.03966079077281302,0.6045204808906106
161.88,0.24546737648675246,-0.042468839291721114,0.43936206210729456
161.9,0.20622372184671198,-0.0425926395340904,0.26835733957135127
161.92000000000002,0.16732493205247276,-0.040176079907215306,0.10201539045523668
161.94,0.1303273476422875,-0.035525560109528564,-0.05006729630518146
161.96,0.09737900383534198,-0.029067517587413768,-0.17977603637894757
161.98,0.07137279406218472,-0.02129584924697087,-0.2808554913180057
162.0,0.056036467429433336,-0.012714637097362636,-0.3490655074699565
162.02,0.05595915166070778,-0.0037821998701537585,-0.3821085797009427
162.04,0.07657354792894053,0.005138384439331234,-0.37934491132083054
162.06,0.1236567938544724,0.013815241994471986,-0.34133265781510785
162.08,0.20016159833381147,0.022141514253222333,-0.2692913684171301
162.1,0.2970204722917709,0.030002120733009834,-0.1648068343220949
162.12,0.3871997038036986,0.03696613864199534,-0.0304455907497669
162.14000000000001,0.4470052038295326,0.04215297611364431,0.1285541643440657
162.16,0.47701233920394764,0.04464478432283333,0.3031639747315607
162.18,0.4883952677114022,0.04393109818160579,0.4814169768563869
162.20000000000002,0.48894977206810736,0.03996933122979331,0.6502661854890345
162.22,0.48222142684614283,0.03307583746308837,0.7972514663259868
162.24,0.46970686272313167,0.0238214141280693,0.9117174081526254
162.26,0.4521529002865072,0.012947919737754866,0.9856597801601548
162.28,0.43006414747972094,0.0012927863414681673,1.0142575835498235
162.3,0.4038785244710776,-0.010283634189766053,0.9961090817771505
162.32,0.37402980929576896,-0.02096638302733606,0.9331848298842965
162.34,0.3409763600389329,-0.03004610723765716,0.8305223022738027
162.36,0.30522402109334723,-0.03696730798793576,0.6957024076286872
162.38,0.26735615638365623,-0.041361535803744034,0.5381622627953466
162.4,0.22808098256376025,-0.04306356579931842,0.36840877234441327
162.42000000000002,0.18830690595444707,-0.04210980876543448,0.1972029917748647
162.44,0.14925496003126296,-0.03871942828784842,0.0347857906964258
162.46,0.11260733767165645,-0.03325984761810157,-0.10978896039936274
162.48,0.08066779660889933,-0.026199668402916643,-0.22915679971456615
162.5,0.05648402883748703,-0.018053565873327473,-0.31793892768885984
162.52,0.04389334508639545,-0.00932504626970391,-0.37281168963317085
162.54,0.04752954763036997,-0.00045286739528071216,-0.392352728337318
162.56,0.07283183471010407,0.008234842105497225,-0.3766870958130285
162.58,0.12548406233987686,0.016552059939035142,-0.3269742860991939
162.6,0.20765430383162736,0.024438127174485853,-0.24484528839469716
162.62,0.3077767412005946,0.03179678105436011,-0.13215509754613003
162.64000000000001,0.39655279401963034,0.03816610382382999,0.008234014560534714
162.66,0.452429180778414,0.042640552869029805,0.17064467149857743
162.68,0.4790600936374024,0.044348503313565026,0.34564731920115593
162.70000000000002,0.4881642635046762,0.042863269442933845,0.521154218561888
162.72,0.4870957902767105,0.03821828680914505,0.6843255601330429
162.74,0.4790744735656629,0.03078690621741561,0.8231749497372229
162.76,0.4654603910770378,0.021178246844250383,0.92771099629641
162.78,0.44695486449862576,0.01015456033254436,0.9907107596986451
162.8,0.42405252774824437,-0.0014436988337532966,1.0081811098765145
162.82,0.39719646111006474,-0.012769347230395996,0.9795273400077664
162.84,0.36683530609542503,-0.023034645994608284,0.9074453811566451
162.86,0.33345276220377634,-0.03156844448137238,0.7975660793080814
162.88,0.29759507078219954,-0.037860627825793164,0.6578951802903101
162.9,0.25990955188623716,-0.041591041931315874,0.49810580666944176
162.92000000000002,0.22120533760856526,-0.042641199836872014,0.32874930690507426
162.94,0.18254756561909605,-0.04108827962936442,0.16045473361792686
162.96,0.1453924456296055,-0.03718212754713801,0.0031867592631634675
162.98,0.11175642241664666,-0.03130722760809075,-0.13437347720639428
163.0,0.0843872709810363,-0.02393301937993462,-0.24527071136034245
163.02,0.06688748690245738,-0.0155574914583211,-0.3245038382002282
163.04,0.06376534363166357,-0.006650020718500154,-0.36902502949732363
163.06,0.08040965169844183,0.002400733383006488,-0.3775184614637602
163.08,0.1226377442294706,0.011326467388890434,-0.3499918490025833
163.1,0.19397901653093494,0.019981450521298922,-0.28726948278276876
163.12,0.28741324378042726,0.028232066432149573,-0.19066719398636695
163.14000000000001,0.378220550663148,0.03567303556790634,-0.06246873131617612
163.16,0.4413559600117469,0.041453941686370614,0.09250859966390375
163.18,0.474490261956811,0.044626345831665706,0.2656658068202423
163.20000000000002,0.4880257148947831,0.044607651628724126,0.4452428041340355
163.22,0.49010218514173665,0.04128487259452506,0.6181050411971416
163.24,0.48458003052522536,0.034919312672826754,0.771452847697298
163.26,0.4730970555292541,0.02604263319714325,0.8941031259254522
163.28,0.4564500050064568,0.015373038829601757,0.9773984395573583
163.3,0.43515728137892895,0.003739603866844547,1.0158006629885887
163.32,0.4096561838918605,-0.007991033053109092,1.007187139170155
163.34,0.3803721425636299,-0.01898447778706155,0.9528595959795692
163.36,0.3477481518167803,-0.028501159458107956,0.8572869081333733
163.38,0.3122652637638859,-0.03594766496063109,0.7276187754446894
163.4,0.27446738579458413,-0.04091351756366294,0.5730222404507624
163.42000000000002,0.23499990232839632,-0.04319118830288789,0.40390409149430284
163.44,0.19467215717215844,-0.04277836016317464,0.23108859524194253
163.46,0.15455351932259442,-0.039862694043425476,0.06502145237181253
163.48,0.11610573392533473,-0.03479054761091149,-0.08493252951319127
163.5,0.08133423786475162,-0.028022376865681424,-0.21103885948448614
163.52,0.05291185925726159,-0.020079047935649984,-0.30754453380887414
163.54,0.034222164184259635,-0.011484794290673735,-0.3708056441236386
163.56,0.029336831932196175,-0.002712999009251484,-0.39919056546746273
163.58,0.04304554158872677,0.005860951381893404,-0.3927795535134762
163.6,0.08088775577661325,0.013997813483354308,-0.352892912888629
163.62,0.1479400268172959,0.021612340575209988,-0.28149876867375906
163.64000000000001,0.24250251131614745,0.028712945410322543,-0.18067351387599936
163.66,0.34451937925236703,0.035150285158859956,-0.05265487762371369
163.68,0.42251356488959424,0.04029382862944842,0.09882087473097931
163.70000000000002,0.46530641735670225,0.043197096045474455,0.26669463860229636
163.72,0.4831020698524995,0.04316412743224763,0.4404589565934587
163.74,0.48685619253122625,0.039992578403075844,0.6078046053171718
163.76,0.48212936568093495,0.03389181223085776,0.7564814471020507
163.78,0.47122292895410856,0.02535726917181494,0.8756856847179695
163.8,0.4551581464044229,0.01507479191155978,0.9570040751125457
163.82,0.43453181653851675,0.003842051457322163,0.9950152777455488
163.84,0.40981911377700014,-0.007503998483282532,0.9875907211611197
163.86,0.3814791694469696,-0.018155102922108913,0.9359139143052815
163.88,0.35000016554971697,-0.02739237510696802,0.8442412641303494
163.9,0.31593178324477106,-0.03463599792621169,0.7194409603880925
163.92000000000002,0.27992477848307723,-0.03948075603262671,0.570360470965704
163.94,0.2427907126964308,-0.04171517107485014,0.4070841466982901
163.96,0.20559407245710526,-0.04132316127273505,0.24014907430351978
163.98,0.16978657922924414,-0.03846833577009433,0.079789258575758
164.0,0.137382819230971,-0.033462266125805065,-0.06472466253272309
164.02,0.11115383035078656,-0.026719459733471798,-0.1855910296099052
164.04,0.09479006140093721,-0.01870334519380179,-0.27678298229321685
164.06,0.09297407594357088,-0.009869101684326212,-0.3341297503153996
164.08,0.1112426287477619,-0.0006105830822479173,-0.35517467457939306
164.1,0.15504681898169362,0.008776378161856873,-0.338847562893311
164.12,0.22603772125088473,0.018080364118466023,-0.28507298121498353
164.14000000000001,0.31395237904024076,0.027038200819615804,-0.19465152473292618
164.16,0.3944487708534067,0.03507941055485733,-0.06997038942405784
164.18,0.44859410940204686,0.041276848355103014,0.08352387180215097
164.20000000000002,0.4772094330228553,0.0447264341731671,0.25656145322845997
164.22,0.4892047304982994,0.04490710504508986,0.4369568600430151
164.24,0.49094917592403337,0.04173356683994463,0.6113304512112864
164.26,0.4854749613515906,0.03547236574949865,0.7666968657031026
164.28,0.47413152804045805,0.026653600892896548,0.8916909941854809
164.3,0.45762577436527,0.01599430302192953,0.9774665782835417
164.32,0.4364478533217576,0.004325099575259256,1.0182970821840966
164.34,0.41102387071770824,-0.007482688208631888,1.0118839424640487
164.36,0.3817713382400627,-0.018587218945632047,0.9593774352350937
164.38,0.3491236944648645,-0.028239429392029045,0.8651291407535054
164.4,0.3135478248222309,-0.035835276707031904,0.7362120317768066
164.42000000000002,0.275565464104859,-0.04095352156948918,0.5817595521503629
164.44,0.23578686833834223,-0.04337677796752671,0.4121864774037651
164.46,0.19496605404708062,-0.043094805361105465,0.2383609599288321
164.48,0.15408716369283793,-0.040290260665400875,0.07079875972459447
164.5,0.11448576376060046,-0.03530832661455674,-0.08105261342781646
164.52,0.07799031748533744,-0.028612882872527265,-0.2093802405226068
164.54,0.04703841983650228,-0.020733353813174447,-0.30837652192124304
164.56,0.024707438702781897,-0.012207947506216812,-0.37438795153458626
164.58,0.014655716175318731,-0.003529731213094393,-0.4058404690530623
164.6,0.021102745222510624,0.004899758665348721,-0.4029632351835503
164.62,0.04898774591426801,0.0128086065144506,-0.3673437291599012
164.64000000000001,0.10380872603701737,0.020082386331848175,-0.3013483204397677
164.66,0.1884976356225033,0.026753168866263353,-0.20749004480895514
164.68,0.2930518074769133,0.03285033392734599,-0.08807141780348758
164.70000000000002,0.3875837132051367,0.0380494383932294,0.05414247567401516
164.72,0.4473409238541267,0.04152471170301859,0.21402626836167865
164.74,0.4751667489107107,0.04242242920524443,0.38288082418532626
164.76,0.4840637980374682,0.04032789214664577,0.5493946798981225
164.78,0.48237955809371397,0.03529419159283944,0.701570426789865
164.8,0.47375095023043184,0.027709320573872546,0.8283369424982656
164.82,0.459685059512195,0.0181830614408726,0.9206504489248252
164.84,0.44093957064743383,0.007461853248994949,0.9722053968578146
164.86,0.4180434542706754,-0.0036449741072117478,0.9798313917251934
164.88,0.3914775591503542,-0.014333562294388674,0.9436063038899929
164.9,0.3617447101204118,-0.023867474973787117,0.8667078511620416
164.92000000000002,0.3294113352096609,-0.03163000501119598,0.7550355013121992
164.94,0.2951513966013891,-0.037163540751929396,0.616648026728515
164.96,0.25980896091660843,-0.04019345400538121,0.46107387165861613
164.98,0.2244925867320259,-0.0406350312601737,0.29855957791434384
165.0,0.19071190371097593,-0.038583128506369475,0.13932513108886854
165.02,0.16055680132758487,-0.03428546203160074,-0.007106061440727854
165.04,0.136897148573483,-0.02810185064361109,-0.1324412239742077
165.06,0.12354701936033691,-0.020453424534795577,-0.22996751109596286
165.08,0.12528708660814644,-0.011767886044186741,-0.2946878117680828
165.1,0.14747395647779354,-0.0024301653507830838,-0.32324437461468297
165.12,0.19436929251488594,0.007243071320752832,-0.3136837378972081
165.14000000000001,0.2644601300550359,0.016963332887152245,-0.2652318685641734
165.16,0.3441013992409175,0.02631380497480932,-0.17845452569710724
165.18,0.4117041208815299,0.03456597590271593,-0.05617398620111452
165.20000000000002,0.455662883769427,0.04077028076629056,0.095335326098353
165.22,0.4791094491221988,0.04411909859963037,0.2661626260500174
165.24,0.4890203991265158,0.0441854439220582,0.4438937754039987
165.26,0.48996762436516905,0.04093394316676864,0.6152081243661482
165.28,0.48417005736441443,0.034650831071414166,0.7673121566113962
165.3,0.4726935846321371,0.025870676178638117,0.8890774274434516
165.32,0.4561580839111727,0.015306831746163352,0.9718944850692479
165.34,0.435031149758974,0.003781122240885097,1.0102479497384518
165.36,0.4097384763190767,-0.007847343685100042,1.0020078894611273
165.38,0.3807078441799939,-0.01875092478874624,0.9484399224729045
165.4,0.34839243366280326,-0.028195353502606633,0.853952515169991
165.42000000000002,0.31329156264708574,-0.035590593586533444,0.7256174649826412
165.44,0.2759787927395537,-0.04052728048907658,0.5725148408012216
165.46,0.23714649506955393,-0.04279649887427485,0.4049649411200936
165.48,0.19767725207265233,-0.04239187572133813,0.2337163757338266
165.5,0.15875192841715066,-0.03949418813701383,0.06916101239396902
165.52,0.12199624592362607,-0.034439895446238614,-0.07935667930833518
165.54,0.08964698775348211,-0.0276763140947026,-0.20407655160771046
165.56,0.06469232716249916,-0.019707668047470855,-0.29916047656586153
165.58,0.0509419454474877,-0.011037668279620433,-0.360805260776104
165.6,0.0530434706678596,-0.00211457289934414,-0.3871290099442606
165.62,0.07646841767726098,0.0067165663619833844,-0.3778507079804427
165.64000000000001,0.1269375792686652,0.015247214811199863,-0.3338033015137241
165.66,0.2068244132230675,0.02339187036403651,-0.2563877156844856
165.68,0.3053373621143539,0.031036317968458363,-0.14731882868683122
165.70000000000002,0.39405727957342024,0.03771783840916905,-0.009357139135927894
165.72,0.4509420055488354,0.04253294283256137,0.15193391871786519
165.74,0.4786358373137583,0.044592075583034144,0.32720988704391774
165.76,0.48855661618613205,0.043437898915342235,0.5043650601246775
165.78,0.4881199673695033,0.03907506346504166,0.6704196265265832
165.8,0.4806187598558398,0.0318550459809994,0.8131452824432073
165.82,0.46744643752323844,0.02237277998713963,0.9222365422412313
165.84,0.44931506868270216,0.011384076467960691,0.9901151407364681
165.86,0.4267200258437265,-0.00026953536078553773,1.0124220292492219
165.88,0.4000998183593266,-0.011732919843323576,0.988214924752453
165.9,0.3698939957459467,-0.022204594451631747,0.919886006738379
165.92000000000002,0.336571421720938,-0.03099535253693567,0.8128265174830964
165.94,0.30065486554287824,-0.03757448084295022,0.6748805340093363
165.96,0.2627546069966891,-0.04160062760021129,0.5156437663628871
165.98,0.22362159148912025,-0.04293551073719895,0.3456728019197455
166.0,0.1842311025004006,-0.04163987359979438,0.1756750270386378
166.02,0.14590528875033934,-0.037952303672556996,0.015749405085716685
166.04,0.11047071991227354,-0.03225275672384361,-0.1252566012620658
166.06,0.08042243693683629,-0.025014006844357783,-0.24021872817790182
166.08,0.059043921013951166,-0.016745794829592653,-0.32399696392360067
166.1,0.05045368301370442,-0.007937619118960402,-0.37346843229109694
166.12,0.059616676061466686,0.0009942048400037396,-0.3873383463997159
166.14000000000001,0.09224635380214996,0.009750558376537478,-0.3657552812482187
166.16,0.15354265311363888,0.018172080482541045,-0.30978527734487754
166.18,0.24243506154920863,0.026188359173663186,-0.2209139729467139
166.20000000000002,0.34092040228489967,0.033592875011930284,-0.10107170567746573
166.22,0.4190177542747185,0.039737804077543556,0.04616701101683638
166.24,0.4638955194203776,0.043655253400800016,0.21384893419832537
166.26,0.4838747125578554,0.04458782692816645,0.39140606733785327
166.28,0.48943758499381423,0.04225693597749237,0.566181378636147
166.3,0.4861992804199824,0.03680699055377062,0.7252893946991058
166.32,0.4765374414014737,0.02868830846512012,0.8570696337672824
166.34,0.4615051838003769,0.01856328662238853,0.9521148302861722
166.36,0.4417034466913219,0.007227727059669323,1.0039592501608818
166.38,0.41759556796340025,-0.004463162752167366,1.009463410374022
166.4,0.38961542135894717,-0.015665548680626185,0.9689087195153603
166.42000000000002,0.35820945751267136,-0.02561162920450845,0.8858199736077722
166.44,0.3238614714618506,-0.03366423935475957,0.7665480284089612
166.46,0.28711889364682047,-0.03935786554667807,0.6196601986223499
166.48,0.24863173940467492,-0.04242351400172448,0.4551982296512378
166.5,0.20921483476082803,-0.04279605960131875,0.2838715813637
166.52,0.1699439806087074,-0.04060392252883614,0.11625681113390388
166.54,0.13229149652707053,-0.03614212477679615,-0.03792795630105181
166.56,0.09828978962719553,-0.02983104078176038,-0.17041117389653723
166.58,0.07068448534685026,-0.022164611309039253,-0.27476842546251884
166.6,0.053026537172790406,-0.013653315484184764,-0.34660337221662413
166.62,0.04969728717015796,-0.004767956984790109,-0.3835002490145807
166.64000000000001,0.06591603360612555,0.004110642009951683,-0.3847619071405037
166.66,0.10748739663282064,0.012730891887482824,-0.350966152345223
166.68,0.17858675659667264,0.020978290291901548,-0.2834149771008655
166.70000000000002,0.2738299473759547,0.028779288696568314,-0.18372448194752544
166.72,0.36913279081473266,0.035816176137836366,-0.05417436332822458
166.74,0.43679285565163084,0.04129693421352945,0.10073863654133093
166.76,0.4723752683142639,0.044265878941128274,0.27283369548614733
166.78,0.48677179692572936,0.04411295127736315,0.4506806204435239
166.8,0.4890425493351248,0.04071060389101423,0.6213877718203759
166.82,0.48351412213765876,0.034315604896857574,0.7723632880145908
166.84,0.47199304282423904,0.025457176161266037,0.8926198654462827
166.86,0.45533095109856886,0.014849487259161461,0.9736835466064908
166.88,0.4340656446369461,0.0033150734051986706,1.0101785791681164
166.9,0.4086449800034028,-0.008288204915725347,1.0001138536611762
166.92000000000002,0.3795051809993678,-0.019136236817973135,0.9448842355910174
166.94,0.3471045307803491,-0.02850031303481932,0.8490091220319845
166.96,0.31194769015115636,-0.03579746638556497,0.7196457859043206
166.98,0.2746157210704515,-0.040626258180066224,0.5659295492788952
167.0,0.23581253332842828,-0.042785836606722714,0.39820374043294715
167.02,0.19643869323999044,-0.042277298900062786,0.22720869072475094
167.04,0.15770244483994092,-0.03928760233996049,0.06330046673289247
167.06,0.12126915322648338,-0.034157480018148396,-0.08423335752724459
167.08,0.08942907185276809,-0.027336136061090296,-0.2077019829915705
167.1,0.06523725135794103,-0.019327016873970728,-0.3013389045997078
167.12,0.052583136072799255,-0.01063034722256381,-0.36140400127347244
167.14000000000001,0.05620769623200787,-0.0016883511163217737,-0.3860593263682631
167.16,0.08166742203334518,0.007162031196823237,-0.3750392469997078
167.18,0.13459957131470912,0.015720382152196455,-0.3291583272663943
167.20000000000002,0.21661083294734734,0.023901071694485923,-0.2497786065056076
167.22,0.3151171838741637,0.031563582726491346,-0.13862256886795196
167.24,0.40103820879372404,0.03819237366443809,0.0013743307499074833
167.26,0.4546367303315639,0.04285774261970971,0.16429420346285517
167.28,0.4802358918615893,0.044697776710740524,0.340446775200229
167.3,0.48904023922929235,0.043298514912056524,0.5175368647226947
167.32,0.48793865887911925,0.038698431197857104,0.682552351006227
167.34,0.4799484774748367,0.03127254149396072,0.8233461692503936
167.36,0.46635981684740213,0.02163216076438138,0.9297731605414333
167.38,0.4478505705860466,0.010543676016348506,0.9944690951125112
167.4,0.4249054091009193,-0.001146289332707564,1.013320251168038
167.42000000000002,0.39795969883373966,-0.012582806678754686,0.9856393612074795
167.44,0.36745228100442295,-0.022969505281531227,0.9140628010217626
167.46,0.3338521386879978,-0.03162650003483572,0.8041968623643108
167.48,0.29768256602053333,-0.038035644932293604,0.6640565350450556
167.5,0.25955486627778246,-0.04187024245305205,0.5033535897010268
167.52,0.220221946159883,-0.04300749074260532,0.33269997823870484
167.54,0.18066264581694833,-0.041523173412152344,0.16279699807932546
167.56,0.14220469244183406,-0.03766930482579515,0.003680223966478928
167.58,0.10668127884386705,-0.03183667329980038,-0.13591507257645108
167.6,0.07659083600270811,-0.024505612804021838,-0.24901376694238628
167.62,0.05520830466453556,-0.0161898895096419,-0.3306481650418209
167.64000000000001,0.046621822790826745,-0.00737970887822636,-0.37787702530947614
167.66,0.055744234298534576,0.0015106451059705849,-0.3895843269109283
167.68,0.08824756452699559,0.010186333473416541,-0.36608472485476695
167.70000000000002,0.1494044501472031,0.018495134081476718,-0.30858805089801017
167.72,0.2384919312027109,0.02637974952599391,-0.2186847220392339
167.74,0.3379200860434677,0.033655908269508275,-0.09833903817577302
167.76,0.4173247138979622,0.03969788456452404,0.04893534759095342
167.78,0.46307915759352175,0.04354301813545351,0.21630364220821546
167.8,0.483413625479921,0.044427444772462625,0.3933086025101692
167.82,0.4890716651044473,0.04206739951081858,0.5673781947402674
167.84,0.4858418261262243,0.03660537438224567,0.7256983670253763
167.86,0.47617071854259846,0.02849078604059502,0.8566751074949337
167.88,0.46113463462125887,0.01838474313056066,0.9509635082010771
167.9,0.44134246424704154,0.007080951622137889,1.00215346312768
167.92000000000002,0.4172613505837039,-0.004568245282839612,1.0071511423606456
167.94,0.389328590244118,-0.01572241938443599,0.966270974877714
167.96,0.3579952648988468,-0.02561741402940238,0.8830565679854124
167.98,0.3237522318342774,-0.033619618137795494,0.7638630798978966
168.0,0.287157976198265,-0.03926665029222878,0.6172486471315061
168.02,0.24887987124683103,-0.04229191043561714,0.4532346827628654
168.04,0.20975977636211113,-0.04263163202350123,0.28250271425615064
168.06,0.17091475025603947,-0.04041428167345773,0.11559846732397284
168.08,0.13387798286810237,-0.035933358334701265,-0.03778789363027131
168.1,0.10076774722482258,-0.029605916578179355,-0.1694031646113649
168.12,0.07444549391088881,-0.021920605328081846,-0.27282409673977
168.14000000000001,0.05861418073149335,-0.013380522963366902,-0.34363020579675246
168.16,0.05785010461510148,-0.004446916406765635,-0.3793477280007452
168.18,0.07758157863374397,0.00451094724421289,-0.37917908395725813
168.20000000000002,0.12359727859096058,0.013252577683016397,-0.34355460072474586
168.22,0.19897502458374478,0.0216618995676946,-0.2736026610426549
168.24,0.2950889237630677,0.029618978805648965,-0.17084831209970822
168.26,0.38539106068772566,0.03669749592369901,-0.037798078141382044
168.28,0.44588475372094627,0.04202223020766387,0.12039547107005891
168.3,0.47654016406750577,0.044667928653945546,0.29478721678034586
168.32,0.4883761705001273,0.04410839182903488,0.47344371157980725
168.34,0.48925694397746383,0.04028592222317686,0.6432878137053673
168.36,0.4827896918128451,0.033505151081078474,0.7917753391554011
168.38,0.4704984485135679,0.024328691027837253,0.9081270454985445
168.4,0.4531395735210656,0.013493685118738377,0.9841890826148239
168.42000000000002,0.4312200758202699,0.0018362644616337779,1.014978831404152
168.44,0.4051773009839041,-0.009781284343109431,0.9989342928481066
168.46,0.37544268719855944,-0.020539203628222258,0.9378793838151553
168.48,0.34247048131209934,-0.02972103972451185,0.836728955593417
168.5,0.3067599376838689,-0.036762607280764595,0.7029731274422008
168.52,0.26888395128339593,-0.04128600366702715,0.5459947906146309
168.54,0.22953411752186195,-0.04311665239642785,0.37628452563549963
168.56,0.18959276803807895,-0.04228258028941987,0.20462281835980922
168.58,0.1502412724962236,-0.03899635063213004,0.04130019582702065
168.6,0.11310454818772159,-0.03362128410195543,-0.10455819377045347
168.62,0.08040914903282725,-0.02662492258313857,-0.22550614101337565
168.64000000000001,0.05510542734860188,-0.018524226348984613,-0.3160854947191089
168.66,0.04091139027426819,-0.009828368684264921,-0.37290917770020243
168.68,0.042313049871441896,-0.00098501766798862,-0.3945206298472042
168.70000000000002,0.06459503805087873,0.007665954974968036,-0.3810522753186922
168.72,0.11349798659848181,0.015926438318024688,-0.3337203272022615
168.74,0.1922339668548085,0.023734818544083925,-0.2542451276366647
168.76,0.2920139338206238,0.031033044680081303,-0.14450737704324554
168.78,0.3850136729027152,0.037444019873946445,-0.007137987040677625
168.8,0.44622341257859793,0.042113397688897915,0.15272494781276658
168.82,0.47631966774556483,0.044132573093477914,0.3262142035257495
168.84,0.48724318583655135,0.04300734410613259,0.5015712178245418
168.86,0.4872245606922444,0.03871781387771377,0.6660382277487391
168.88,0.479957668362012,0.03160054294233893,0.8075325672468896
168.9,0.466982017741138,0.022239021867222885,0.9158430852235673
168.92000000000002,0.44905855005967915,0.011378569898424923,0.983442346738093
168.94,0.4267008587813663,-0.0001491885072775916,1.0059812787451698
168.96,0.4003581035450067,-0.011498030508741678,0.982489754155549
168.98,0.37048115532187675,-0.021873814894015447,0.9152994068923499
169.0,0.3375550549748958,-0.030592568654783873,0.8097156224967512
169.02,0.30212751155019607,-0.03712628628399705,0.6734806214256288
169.04,0.2648477389356079,-0.041133511448001314,0.5160829759151002
169.06,0.2265271396202409,-0.0424728697403655,0.34797848523017527
169.08,0.18823335971481933,-0.04119891665907636,0.17979227790294874
169.1,0.15142581062603963,-0.03754086641752975,0.021572150269960885
169.12,0.11812749798409183,-0.03186601104305208,-0.11784156649150787
169.14000000000001,0.09110337073786277,-0.024631049002055667,-0.23127430331506446
169.16,0.07399601314295402,-0.016326096736483955,-0.3134643946147701
169.18,0.07138543593305982,-0.007417317281028147,-0.3610814359338837
169.20000000000002,0.08873828258670086,0.001705655478477998,-0.37252265065276824
169.22,0.13182123703700685,0.010768733143274842,-0.3475216637336733
169.24,0.2036479581147706,0.019610855346756273,-0.28666824616400277
169.26,0.29605614048376655,0.028063439671126917,-0.19114093744572963
169.28,0.3839974399126341,0.03566906425342049,-0.06326730939738727
169.3,0.4442282711161879,0.04154656159560393,0.09191003258567963
169.32,0.47573202422334526,0.044758915344940434,0.26553230229228186
169.34,0.4886099320626184,0.04474673522579288,0.44566073059725575
169.36,0.490449147670225,0.0414114342063082,0.6190591516868087
169.38,0.4848290950718582,0.03502131032475497,0.7728673247935292
169.4,0.47328528071677145,0.02611210689328195,0.8958626321212286
169.42000000000002,0.4565813662140787,0.015405315658551513,0.9793624820794818
169.44,0.43522484562382213,0.00373309591875256,1.0178162741094918
169.46,0.40964831016585485,-0.008035013728453815,1.0091008824660677
169.48,0.38027348348597145,-0.019062057729409786,0.9545285495681071
169.5,0.3475386147287706,-0.02860642425810563,0.8585879283144626
169.52,0.31191757080274163,-0.03607334232962441,0.7284553433090709
169.54,0.27394295634198124,-0.0410517900334706,0.5733283055864741
169.56,0.2342422970165747,-0.043334604762533036,0.4036444585015601
169.58,0.19359697719122282,-0.04292082777679738,0.23025550002670514
169.6,0.1530335242157379,-0.040000550067880766,0.06362701387390593
169.62,0.11395026429405147,-0.0349237261054905,-0.08686832818508719
169.64000000000001,0.07826274455666987,-0.02815568788068308,-0.21350507712548206
169.66,0.048521069997652704,-0.02022357986310518,-0.31056153635535455
169.68,0.027942265468950345,-0.011659481277526255,-0.3744532796202985
169.70000000000002,0.0203650765994988,-0.002946540877026174,-0.4036432149409636
169.72,0.030258997592153426,0.00552749874368763,-0.3983501250840511
169.74,0.06285714843798533,0.013508434087250467,-0.3600879300117593
169.76,0.12360236898456987,0.020899959048279612,-0.291075057463958
169.78,0.21361853705451936,0.02773280168172738,-0.19363149012054587
169.8,0.3181621837858996,0.03396675658339047,-0.06999019487329985
169.82,0.4053953039409976,0.039133179418889774,0.07670295607646758
169.84,0.4567053296086774,0.04232980187602164,0.2404417060408316
169.86,0.4793006999856189,0.04276870355536708,0.4116406448645632
169.88,0.4854996317303566,0.04014031027523033,0.5784817344359835
169.9,0.4822471989685414,0.034577421208062654,0.7288369332856164
169.92000000000002,0.47246991807668487,0.026522527106578028,0.8517694145114058
169.94,0.4574116933373076,0.0166235313160866,0.9385528739272582
169.96,0.4377429629381826,0.005652289062934,0.9833257582275394
169.98,0.4139644263470031,-0.005568344722020038,0.9834394585164673
170.0,0.3865470131530298,-0.016232591430623697,0.9395243860067203
170.02,0.35598868992198357,-0.025613003037942186,0.8552963259815106
170.04,0.3228516708318099,-0.03311142341319945,0.7371371774999982
170.06,0.28780487904781776,-0.038296396383725916,0.5934979902442895
170.08,0.25168628561381273,-0.04092463165832965,0.434183634076633
170.1,0.21559787583338882,-0.040945244087397276,0.26958582356484745
170.12,0.18104332609133922,-0.03848665632919873,0.1099340220221953
170.14000000000001,0.1501080231341038,-0.033827289822191124,-0.03536824795167455
170.16,0.12565842888022005,-0.027352567361682047,-0.15826138000902068
170.18,0.11150778669637304,-0.019502402071815313,-0.25235495313287715
170.20000000000002,0.11246074738007032,-0.010715182057923562,-0.31303361814671693
170.22,0.13401758514398807,-0.0013768217199680846,-0.33734548485197785
170.24,0.18092852107827942,0.008208577039430058,-0.3237216943029046
170.26,0.2526482106749419,0.01778558985492715,-0.27168388927737325
170.28,0.3360444174512645,0.026990018223016193,-0.18191771219193117
170.3,0.40796025073345354,0.0351339648504023,-0.057163376020439007
170.32,0.45472371127330136,0.041262658721405776,0.09646064593259565
170.34,0.47932904093169415,0.044539061660702865,0.2691158245148729
170.36,0.48953847602127143,0.044517373397161907,0.4483572320068424
170.38,0.4904568343851722,0.041159107832332786,0.6207914258125418
170.4,0.4845165477047104,0.0347559021253585,0.7735590308788753
170.42000000000002,0.4728517720621538,0.025850937012943553,0.895494986161418
170.44,0.45610127269855666,0.015166812756878641,0.9779895188515897
170.46,0.43473607461760166,0.0035339250578473027,1.0155628925329505
170.48,0.40917965369035514,-0.008181528933943303,1.0061523572293525
170.5,0.37985396772530733,-0.019146850285139287,0.951115153832402
170.52,0.34720218910099754,-0.02862509534564346,0.8549669251994643
170.54,0.31170747366399304,-0.03602610613241119,0.72489227070947
170.56,0.27391769375857966,-0.0409429677505364,0.5700793886157576
170.58,0.23448477375172383,-0.0431716857605861,0.4009419181568611
170.6,0.19422846890425713,-0.042713117358287304,0.22829745019687797
170.62,0.1542342030281744,-0.039757420668062086,0.06257356558143921
170.64000000000001,0.1159873326569849,-0.03465249034774296,-0.08689120300668854
170.66,0.08152587007131025,-0.027859132615613222,-0.2123924769447286
170.68,0.05356472155714843,-0.01989723636417444,-0.30820614072360997
170.70000000000002,0.03554010686792146,-0.011288688763173422,-0.3707105268298842
170.72,0.031591668406693404,-0.0025031716255804496,-0.39828415135487644
170.74,0.046596406333254056,0.00608897595718096,-0.3909999040590007
170.76,0.08615922542821412,0.01425456343483574,-0.3501482271722876
170.78,0.15516331945506898,0.02191264804874498,-0.27764487057255594
170.8,0.2509055097647422,0.02906384395552919,-0.17551561360284149
170.82,0.3518214988967678,0.03552400466495289,-0.04603008129023044
170.84,0.4270151507336171,0.0406190368725028,0.10687111708011857
170.86,0.46747573260924946,0.04339925506181217,0.27582005229976087
170.88,0.4839884375679934,0.04320003342972139,0.450069064363165
170.9,0.48706464166957314,0.03985056617535899,0.6172021756689932
170.92000000000002,0.4819042246641957,0.03358238065035017,0.7649697487671436
170.94,0.4706544196900973,0.024906241785990695,0.8826424341108917
170.96,0.454282862819848,0.014518625320349988,0.9619329430824819
170.98,0.43336896084765714,0.0032238100740154918,0.9975802869577957
171.0,0.40838219423290645,-0.008138535538258542,0.9876348649028163
171.02,0.3797795073415997,-0.018761197288684823,0.9334624318541854
171.04,0.3480477081054801,-0.027929759309401784,0.8394904723205819
171.06,0.31373495507262367,-0.035071765207376246,0.7127343770216312
171.08,0.2774899308912245,-0.03979152877896283,0.5621547702243894
171.1,0.2401213829390058,-0.04188842571873626,0.39790809839184516
171.12,0.2026901332424399,-0.04135765675675681,0.2305589707282526
171.14000000000001,0.1666431576023371,-0.03837366494077242,0.07032440024546552
171.16,0.13398837031292402,-0.03325762265257192,-0.07358307454276908
171.18,0.10748600651284608,-0.02643178776330858,-0.19345476638415468
171.20000000000002,0.09080823510964024,-0.01836510517281328,-0.28338340551887914
171.22,0.08861258803708277,-0.009515887082978807,-0.33933513389966014
171.24,0.10642757266127274,-0.00027859096038367883,-0.35899778561033846
171.26,0.1498006479685878,0.009053818759740432,-0.3414417274590632
171.28,0.22074979819160417,0.018279446909322393,-0.28670884545075426
171.3,0.30956912499103206,0.02715561906186632,-0.1956577928594756
171.32,0.39177837535428933,0.03513722127989557,-0.07063664571344946
171.34,0.44740856681001007,0.041306347270200834,0.08302283960418026
171.36,0.47679751631560224,0.04474861349964368,0.2561591745758665
171.38,0.4890946648685528,0.044930453610988935,0.43664427671926437
171.4,0.4909438149456813,0.041759810122000966,0.611117084087276
171.42000000000002,0.48550635042029855,0.03550055716159764,0.7665928946954244
171.44,0.47417722521676264,0.02668190766031941,0.8917006863898443
171.46,0.4576775372105185,0.01602071673989152,0.977586370274148
171.48,0.4365015998046024,0.004347758943794922,1.0185155946866469
171.5,0.411076585024064,-0.007465317200493169,1.0121829592671248
171.52,0.3818200312644853,-0.018576233780685163,0.9597334500189287
171.54,0.3491649049601219,-0.028235435117463275,0.8655152318789527
171.56,0.3135771747183431,-0.03583837981916143,0.7365998606619724
171.58,0.27557705768444335,-0.04096337259204926,0.5821212883514424
171.6,0.23577237286698088,-0.04339266133368607,0.412496458226886
171.62,0.19491328280668083,-0.04311577489397304,0.238596898756891
171.64000000000001,0.1539779744259339,-0.04031531912448004,0.07094232381908167
171.66,0.11429314984828444,-0.03533664760206562,-0.08101602879258335
171.68,0.07767472749716675,-0.028644071139806992,-0.20946270437104336
171.70000000000002,0.04654341180217636,-0.020767735414621145,-0.3085898643596087
171.72,0.02395423768496397,-0.01224688112406982,-0.37474726478539316
171.74,0.013534793098288565,-0.003575952298110942,-0.4063689089543605
171.76,0.0194601829281401,0.004841706857557987,-0.4036983492996737
171.78,0.0466136575847554,0.012731830906606904,-0.36834575574985085
171.8,0.1004797142163059,0.01997746339403273,-0.3027102857864179
171.82,0.18423323293499305,0.026610730345184585,-0.20934440041497837
171.84,0.28863481056324997,0.032671507230159005,-0.09057221725937618
171.86,0.38430178964137635,0.03785999955312623,0.05089222035304919
171.88,0.4455495840941254,0.04136740895070093,0.21006836305979068
171.9,0.4743406584482772,0.04233179417415786,0.3784185266393998
171.92000000000002,0.4837311592163608,0.04032083302302453,0.5447340007924377
171.94,0.4823222051150699,0.035373703352669365,0.6970554524102848
171.96,0.4738884629535111,0.027868864093190785,0.824303522464284
171.98,0.45998937330837214,0.018409322158803827,0.9173939830322239
172.0,0.4414002502662238,0.007736761347083426,0.9699578871516208
172.02,0.41865594687093977,-0.003342379470785698,0.9787461602243211
172.04,0.3922395956343354,-0.014025282177081478,0.9437501363831278
172.06,0.3626554279826313,-0.023574760359227256,0.8680604530725899
172.08,0.3304713682772499,-0.03137172971697954,0.7574958247530015
172.1,0.2963633844389151,-0.03695484183029133,0.6200466031674334
172.12,0.261178290100482,-0.04004472383213208,0.4651899031297938
172.14000000000001,0.22602825812163516,-0.04055131626850065,0.30314125956559246
172.16,0.19242741843899586,-0.03856395707380757,0.1441115225270355
172.18,0.16247094868883283,-0.03432509179376028,-0.0023633236081604253
172.20000000000002,0.13903446331990424,-0.02818989656568259,-0.12795798129258548
172.22,0.12593667939887038,-0.020575813271935174,-0.22591032074011416
172.24,0.1279546443141909,-0.011908117668790082,-0.2911616049818842
172.26,0.1504082910548161,-0.0025710513549448933,-0.3202859995754953
172.28,0.1974331443092657,0.007116573535378187,-0.3112643472355628
172.3,0.2672662474728897,0.01685937307362547,-0.26327434728231003
172.32,0.34611323318139836,0.026228861214977063,-0.17687160097316076
172.34,0.4127301541506257,0.03448743274391457,-0.05491342102416673
172.36,0.45600129292092484,0.04068723355798957,0.0962750727163385
172.38,0.4791236480835834,0.0440286740868568,0.2667551117333085
172.4,0.4889126959357083,0.04409100445392163,0.4441147766615292
172.42000000000002,0.48982081456926774,0.040841585351293896,0.615053317703997
172.44,0.484016150041702,0.03456717593186058,0.766803171185947
172.46,0.47254742652638976,0.025801725210008186,0.8882614081208188
172.48,0.45602948993729375,0.015257345352510146,0.9708402543186689
172.5,0.43492893693333384,0.0037542697386433767,1.0090402719870823
172.52,0.4096720235443688,-0.007850142960519191,1.0007407307180272
172.54,0.38068809540328047,-0.018729993358830677,0.9472094132051542
172.56,0.34843303070515314,-0.028152593594588434,0.8528502580693001
172.58,0.31341048600617216,-0.0355291856724999,0.7247247754452506
172.6,0.27620089277316207,-0.040451260111266256,0.5718984427800466
172.62,0.23750741045276413,-0.0427102293711921,0.40467456933386653
172.64000000000001,0.19822933761832265,-0.042299430652437846,0.23378467118934768
172.66,0.1595728281250799,-0.03939865096659175,0.0696060551858341
172.68,0.12320051386697585,-0.03434257956186251,-0.07852587571739832
172.70000000000002,0.09140076621625075,-0.027575908364628993,-0.20285127440428338
172.72,0.06723122588572225,-0.019599318773325044,-0.29751999892945513
172.74,0.05459342522579035,-0.01091199925088326,-0.35870073490370513
172.76,0.05825192164325199,-0.001956636563717103,-0.38446329495433346
172.78,0.08378707603478512,0.00692813216559532,-0.3744541826992017
172.8,0.13681667727485738,0.015538810111966082,-0.32940945631423413
172.82,0.2187985626130901,0.02378397815417104,-0.25062967978918554
172.84,0.3168983902622309,0.0315125060599112,-0.13980823677744025
172.86,0.40211127000781094,0.03819621496892211,9.943432178202011e-05
172.88,0.45515116344713025,0.04290031485813535,0.16311726676469784
172.9,0.4804948424676567,0.044765910813722866,0.3394949261525625
172.92000000000002,0.48921991052939356,0.043382550599554065,0.5168922249760383
172.94,0.48810386872498795,0.038790216136960286,0.6822619562510461
172.96,0.48011597133440737,0.031364483314833894,0.8234256833356172
172.98,0.4665298438821327,0.021717209169716516,0.9302088841214137
173.0,0.44801794685155166,0.010615646605575726,0.9952207338697756
173.02,0.42506275584343645,-0.0010923518949550433,1.014325119648735
173.04,0.3980980620327891,-0.012550348030746247,0.9868178985425571
173.06,0.3675607767247516,-0.022960311670011058,0.9153249569898009
173.08,0.33391700583521977,-0.031640697851655915,0.8054487868636511
173.1,0.29768555294352567,-0.03807185295162633,0.6652069635032704
173.12,0.25947065040874634,-0.04192587204534744,0.504319321145137
173.14000000000001,0.22001411716259014,-0.04307918568845231,0.3334098703300662
173.16,0.18027767881005127,-0.04160738086885469,0.16319393800403387
173.18,0.1415634075952317,-0.0377629701225359,0.003720565349811411
173.20000000000002,0.10566762214127705,-0.031938048903407755,-0.13626508462514536
173.22,0.07503815832089229,-0.024615162797196416,-0.24978500577748028
173.24,0.052882718983201064,-0.01631126457188131,-0.33187939856665355
173.26,0.04320057255642765,-0.0075207873666063305,-0.3796297187722933
173.28,0.05079215138280998,0.0013366431499494068,-0.3919617694386711
173.3,0.08123944679003477,0.009960042385601213,-0.36925530399108814
173.32,0.1399993855470534,0.018193108605615387,-0.3128075929788537
173.34,0.22744386655860266,0.025987758968248276,-0.22429205577382946
173.36,0.3279164036471943,0.03320111055499289,-0.10565957611411028
173.38,0.41084785531063467,0.039266773144334105,0.03980743514333418
173.4,0.4598490667699616,0.043236934244600574,0.20567191124403575
173.42000000000002,0.4820272478166105,0.04431197556439254,0.3818194519653785
173.44,0.4886296506125904,0.0421666714044088,0.5558542671661253
173.46,0.4859680517991809,0.03691381118276091,0.7149955551503496
173.48,0.4767272659701372,0.028982383660843235,0.8475837467686624
173.5,0.46206840835814783,0.019019099469671404,0.944139394103799
173.52,0.442628130369988,0.007808169980281682,0.9980702153440776
173.54,0.4188827929439351,-0.0038028544329596473,1.0060716499484028
173.56,0.39127340920193504,-0.014973735059002754,0.9682374890241685
173.58,0.36025362015979523,-0.024936198482237083,0.8878986994254409
173.6,0.3263173594154651,-0.033048771133995056,0.7712219867037149
173.62,0.2900276533236761,-0.03883825857074963,0.6266146834726714
173.64000000000001,0.2520587388148236,-0.04202525937047231,0.46399496760756237
173.66,0.21326269066112802,-0.042532261853374595,0.29399457677105284
173.68,0.1747715656470652,-0.04047407999568902,0.12716457682102372
173.70000000000002,0.13814060990474542,-0.036131589462905706,-0.02674668969103891
173.72,0.10552126377013522,-0.0299109970653259,-0.15938069146918357
173.74,0.07982647632407484,-0.022292340191918666,-0.26416983789146326
173.76,0.06483955038336911,-0.013772429756096162,-0.33651954347514595
173.78,0.0652518445398404,-0.0048082685940122145,-0.37376101473203244
173.8,0.08660594948509084,0.004233312464124882,-0.37488823680435274
173.82,0.13461120976746818,0.013110877215209454,-0.34011890495547126
173.84,0.21154008658814005,0.021695931884420587,-0.2703910272533323
173.86,0.30692973183976024,0.029827306806020318,-0.16714059190718883
173.88,0.3936074284358689,0.03701017036994781,-0.03301460808450257
173.9,0.45016243258509836,0.042331201245974344,0.12645720075016964
173.92000000000002,0.4784608347364669,0.04488814030868427,0.3019284807757473
173.94,0.4891895012236917,0.044195683899323754,0.48120892002862614
173.96,0.48951949197860517,0.04022580541931201,0.6511085725587387
173.98,0.4826997634610167,0.03330207338716457,0.799065784701542
174.0,0.4701214152846394,0.024000205451085735,0.9143467400316624
174.02,0.45249692719392115,0.013066816378024001,0.9888878131174532
174.04,0.4303187392753572,0.0013443887559497537,1.0178282160702397
174.06,0.4040182357375884,-0.010301549205383693,0.9997469801483364
174.08,0.374022642366249,-0.021051098348738684,0.9366157933873294
174.1,0.34078109150666014,-0.030190598040432087,0.8334918894022054
174.12,0.3047851719069423,-0.03716124605700251,0.6979912750264261
174.14000000000001,0.26659579387931254,-0.04159261946747758,0.5395968193117278
174.16,0.22688583953025723,-0.043319129675662954,0.36886594027514846
174.18,0.18650880336213577,-0.04237868298358669,0.19660802376190462
174.20000000000002,0.14660249309561946,-0.03899403952129854,0.033102167074967596
174.22,0.1087276183745176,-0.0335385687663481,-0.11257853327643319
174.24,0.07501823409607762,-0.026489414958854818,-0.23307928761074856
174.26,0.04829268031531408,-0.018372624569540152,-0.3230707180958631
174.28,0.03207888041706885,-0.009706197178661068,-0.37933019221092007
174.3,0.03059130229072072,-0.0009470562152505297,-0.4006014583323971
174.32,0.04878254923211267,0.007554443452527416,-0.3872565840814112
174.34,0.09228967060282525,0.015590225184168034,-0.34079403426458416
174.36,0.16556855394414283,0.02310344518945978,-0.26323551466083317
174.38,0.2640221000316248,0.030097705536887124,-0.15664863512706886
174.4,0.36342092193619235,0.03634345772682373,-0.023425298713500374
174.42000000000002,0.43405147309684816,0.041107661256697334,0.13213447108028933
174.44,0.4705913654404504,0.04345155037369972,0.3021905534471746
174.46,0.4847860499266719,0.042776627554645126,0.4756987085528864
174.48,0.4864899782188969,0.03897612661683411,0.6402191945013505
174.5,0.48036824786448307,0.03232751391241091,0.7836986762888668
174.52,0.4683403112492892,0.02337238466341733,0.8957563032615644
174.54,0.4512958375273062,0.012825782396267277,0.9685515151560762
174.56,0.4297914603933209,0.0014993789916292804,0.9973217438793787
174.58,0.40429340477063447,-0.009770233721580337,0.9806241708506241
174.6,0.3752637175515782,-0.020188323938598932,0.9202997704738257
174.62,0.3432002482010133,-0.029060748917013064,0.8211851064294335
174.64000000000001,0.3086692747162753,-0.035840996728669694,0.6906114361612535
174.66,0.27234812299371003,-0.04016251190820821,0.5377442284363504
174.68,0.23509043857781597,-0.041854305097065905,0.3728263343460949
174.70000000000002,0.19802619116089795,-0.04093901047202312,0.2063937432925309
174.72,0.16270491571823847,-0.037613748313203056,0.0485338200634812
174.74,0.13127766926276993,-0.032215401833699246,-0.09174797704971718
174.76,0.1066888189025341,-0.0251733434963901,-0.20699611039947116
174.78,0.09282560984984975,-0.016954250875771532,-0.2915662489803681
174.8,0.09456379432833643,-0.008005108504948115,-0.3416599543993718
174.82,0.1175478818514331,0.0012979122133242446,-0.3551400654065507
174.84,0.16691500646083968,0.010680023900559783,-0.331175083576703
174.86,0.24268884930404105,0.019936420251173755,-0.2698640206105887
174.88,0.3313720604253155,0.02876441186410413,-0.17223768747788876
174.9,0.4075639509869079,0.036512153061208835,-0.041172331683254314
174.92000000000002,0.4560737346030922,0.042218286069399855,0.11713099110281457
174.94,0.48067749752370637,0.04503629632794075,0.29270277832048397
174.96,0.49024161656586535,0.044535628248147836,0.47297729652726744
174.98,0.49036974230351527,0.0407092241111415,0.6445387774260679
175.0,0.48363727168423326,0.033883193167761984,0.7946406383773443
175.02,0.471208469632774,0.02463120350409286,0.9123620651786758
175.04,0.45372575240677454,0.01369905706682875,0.98944566292939
175.06,0.4316589944938151,0.0019314283283304156,1.0208393972516112
175.08,0.4054297016563969,-0.009800780119648436,1.0049462653446501
175.1,0.37545704247728123,-0.020669583589427012,0.9435890623362324
175.12,0.3421797287158843,-0.02995130978714315,0.8417126194871847
175.14000000000001,0.30607360588104376,-0.03707617319159587,0.7068628677003742
175.16,0.26767482708272133,-0.04166283482924842,0.5484967522190838
175.18,0.2276170443004989,-0.0435359206071099,0.3771875239007605
175.20000000000002,0.18669215453413363,-0.04272572738518609,0.20379553345023363
175.22,0.14594370296949835,-0.03945057826800678,0.038675256486818424
175.24,0.1067942359668257,-0.0340834859857159,-0.10901496313480558
175.26,0.07118629170970983,-0.027106064481857314,-0.23184310320264329
175.28,0.04168576411357491,-0.019054146728265428,-0.3244309506093229
175.3,0.021491095542794658,-0.010461089556908386,-0.38355725533963136
175.32,0.014367334084843166,-0.0018051055111001483,-0.4080402430598395
175.34,0.02465696661564566,0.006535388261042589,-0.39842485229821606
175.36,0.05745638791033911,0.014318251112179589,-0.35650796966807297
175.38,0.11818053218720337,0.021461693977120368,-0.28473814171228423
175.4,0.20827070287735266,0.028016416663471193,-0.18559825593779378
175.42000000000002,0.31365067039039685,0.03397366457419224,-0.06138293898414207
175.44,0.402424390851369,0.03890248025687262,0.08484455936948214
175.46,0.45494343921235386,0.041920480943364015,0.24728308921083486
175.48,0.4780581427016036,0.042238663289613905,0.41658492218011023
175.5,0.48438546283664635,0.03954285111651213,0.5811537342130839
175.52,0.4811320075778545,0.033963364280182276,0.7290693187758187
175.54,0.47134049028612884,0.02593996913109419,0.8495931914443544
175.56,0.4562976624720513,0.01611570183165851,0.9341825520744511
175.58,0.43669080753853307,0.005255007369628678,0.9771347541716028
175.6,0.41303062538582574,-0.005828784965042747,0.9759260004273181
175.62,0.3857985354097157,-0.01634073503436168,0.9312704828746023
175.64000000000001,0.3555071751589005,-0.025564588292493192,0.8469233726484201
175.66,0.3227408517673366,-0.03291274107566003,0.7292621329985383
175.68,0.28820212250372074,-0.03796268763260735,0.5866940632118134
175.70000000000002,0.25277977980816224,-0.04047760824288135,0.4289491657209083
175.72,0.21765108747332423,-0.040409845543780895,0.2663246584875789
175.74,0.18442743676882756,-0.03788718707618268,0.10895014390302774
175.76,0.15534040191223042,-0.033183127732409105,-0.033859695289503444
175.78,0.13344001732580862,-0.02667374087710998,-0.15410551695616265
175.8,0.12274116772115269,-0.018785555553471372,-0.24541144074433607
175.82,0.1281939374935443,-0.009941024912583316,-0.3031172164960265
175.84,0.15513319056014954,-0.0005120483051801687,-0.32416374640844375
175.86,0.2071441478838416,0.009196546544692133,-0.3068418192458187
175.88,0.28066753557547114,0.018886168471614347,-0.2506092147706994
175.9,0.35948947099187556,0.02808671950597562,-0.1563879751856431
175.92000000000002,0.42259923480819916,0.036004119553717594,-0.027617907201219073
175.94,0.46182333539149034,0.041686941245034914,0.1286546516583617
175.96,0.48200243764216594,0.04439468423735409,0.3018920638265023
175.98,0.4898246978972757,0.04378361266215647,0.4793699955325158
176.0,0.4892837271924211,0.039889519517590406,0.647770037220807
176.02,0.4822769355245633,0.03305439885638361,0.7945543895174261
176.04,0.4697395822138328,0.023854350580326186,0.9090446599870317
176.06,0.45224536982062064,0.013030177952913438,0.9832195087254813
176.08,0.4302477146098622,0.0014167791493629673,1.0122327729152554
176.1,0.40417032444658796,-0.010127861009523335,0.9946474450669012
176.12,0.374444640636173,-0.020790389804684332,0.9323907461667573
176.14000000000001,0.3415316293488398,-0.0298620704867296,0.8304523284188826
176.16,0.3059433458086994,-0.03678696015791401,0.6963649280831071
176.18,0.2682736809620555,-0.041195123774307854,0.539521365871493
176.20000000000002,0.22924759822591484,-0.04291888164759015,0.37039216081846776
176.22,0.18979943487248435,-0.0419913165365742,0.1997135813981556
176.24,0.15118930140139655,-0.038627481698429285,0.03771661360379143
176.26,0.11515630746152859,-0.03318996985927669,-0.10653685987377248
176.28,0.08408416982302791,-0.02614185075422263,-0.2256536421936969
176.3,0.06113018158102754,-0.017991527127181335,-0.3142026159037634
176.32,0.05028094845152546,-0.00923535324880677,-0.3687810289325373
176.34,0.05636560950280501,-0.00030380058539490606,-0.3878566356392821
176.36,0.08500514420288144,0.008484247787662444,-0.37140921947431393
176.38,0.14169277984302636,0.016949250789248752,-0.320418972703565
176.4,0.22701689967072777,0.02501787434503524,-0.2363410815776121
176.42000000000002,0.32607934220424123,0.03252929708480247,-0.12099877445825169
176.44,0.40900205375353915,0.0389146553730129,0.02241270856319415
176.46,0.45884154784199144,0.04322369806104766,0.18754232950903046
176.48,0.48189776579386134,0.04463723201283068,0.3643186796431902
176.5,0.48920298902356185,0.0428018077661961,0.5402884159239578
176.52,0.48710697143288156,0.03780473817068457,0.7025034517631289
176.54,0.4783402198418717,0.03005608778930132,0.8390476328576636
176.56,0.46408431512258447,0.020190958349609756,0.9401237623855463
176.58,0.44498169173991936,0.008989367013863494,0.9987902311085224
176.6,0.42150741039022427,-0.002698201663217146,1.0113907977759593
176.62,0.39409668671420134,-0.014022173775972362,0.9776924291357147
176.64000000000001,0.36319280786952596,-0.024199699851417213,0.9007475425177324
176.66,0.32927309654230913,-0.03257100784222989,0.7865105981311078
176.68,0.29287435480321494,-0.038642652707495284,0.6432544013308422
176.70000000000002,0.2546294625080314,-0.042114938193029514,0.4808443407967894
176.72,0.21532569824265166,-0.0428919520460209,0.3099373967791613
176.74,0.1759956385130775,-0.04107387633629383,0.14117654731330642
176.76,0.13804745958758788,-0.03693243997568145,-0.015549861095094077
176.78,0.10342665658204105,-0.03087162571365913,-0.15172013518996688
176.8,0.07477482125250401,-0.023377166493498816,-0.2606102239767998
176.82,0.055534122957049396,-0.014959912998034454,-0.3375085091511715
176.84,0.04998074293809944,-0.006099108345907954,-0.3797018671664957
176.86,0.06323396600976713,0.0028090903624538904,-0.386243820512437
176.88,0.10107876861128424,0.0114929884832801,-0.3575347970950248
176.9,0.16818493068981463,0.019819903343068566,-0.29477983832202703
176.92000000000002,0.26107226989652416,0.027719949071206826,-0.19953654573511492
176.94,0.3580281939276032,0.03492391089110394,-0.07392397946152035
176.96,0.43000575994852885,0.04069503087123328,0.07795669536692391
176.98,0.4692208024370194,0.04406511592784149,0.24841887172717095
177.0,0.4857704917849451,0.04436174827617199,0.42635675678548757
177.02,0.48932999403053945,0.04139693384072961,0.5989465186694428
177.04,0.48471650789570353,0.03538293452178601,0.7534541046805024
177.06,0.47394683125141324,0.026817833678685774,0.8785998727217149
177.08,0.45794572727556676,0.016395683476376474,0.9655154488590066
177.1,0.43727355867456846,0.004929177559728283,1.008370874294933
177.12,0.4123832774888007,-0.006723796547270651,1.0047013763920372
177.14000000000001,0.3837094642177449,-0.017729993885820562,0.9554468219686383
177.16,0.35170489612696215,-0.027343769312658812,0.864724274971201
177.18,0.3168647715908111,-0.034959230794261345,0.7393690736573142
177.20000000000002,0.2797549497021016,-0.040148219808438836,0.5882946732302252
177.22,0.24105500639714048,-0.04268178516865622,0.4217329979348183
177.24,0.20162690668597535,-0.04253401582647902,0.25042400589072566
177.26,0.1626195688503223,-0.039868315020978845,0.08482526776209368
177.28,0.1256124811145361,-0.0350074047585603,-0.06559037681021816
177.3,0.09278204592997485,-0.02838964224550366,-0.19288870778209713
177.32,0.06704730993299435,-0.020515726669662858,-0.29103243420636266
177.34,0.052148234581543496,-0.0118913379228227,-0.35601616912775846
177.36,0.05266524836655384,-0.002971708801709844,-0.38577394556760347
177.38,0.07401148669902724,0.005887015796873312,-0.37987718359539396
177.4,0.12195611085219193,0.014463006773297317,-0.33906109379564003
177.42000000000002,0.19943350728568177,0.02266178005193857,-0.2646770448120914
177.44,0.29718748295911507,0.03038033522985881,-0.1583922665404493
177.46,0.38778635990396815,0.03719417576313789,-0.02281607580124457
177.48,0.4474733035108638,0.04222401332734541,0.13678368321447038
177.5,0.4771601204020103,0.044557243388526145,0.31135939842384924
177.52,0.48823089785090945,0.04369426955490506,0.4889585386785435
177.54,0.48851901213609633,0.03960419842929995,0.6565950621419459
177.56,0.4815630673174544,0.03261296292872783,0.801912853781225
177.58,0.46885266707050666,0.023297890097514505,0.9143928935939231
177.6,0.4511319788913695,0.012404049993484706,0.9861868622007843
177.62,0.42890575636774914,0.0007687733714944467,1.012635852323129
177.64000000000001,0.4026139295837313,-0.010750767369334125,0.9924935418496369
177.66,0.3726940917983212,-0.02134542061768649,0.9278677436347459
177.68,0.33961079958784873,-0.030313634690087462,0.8239057358669438
177.70000000000002,0.30387970827688787,-0.03710893610700544,0.6882643039906032
177.72,0.26609970003251754,-0.041372271304811574,0.5304193061571493
177.74,0.22700349158590372,-0.042947295546640486,0.3608795401604572
177.76,0.18753765373941741,-0.04187790981444829,0.19037492896280234
177.78,0.14898090492413305,-0.03838855666355942,0.029089410898182837
177.8,0.11309853119825919,-0.03284900610755482,-0.11399554352436807
177.82,0.0823069831237954,-0.025726720267833837,-0.23159043550973654
177.84,0.05979884594862296,-0.017531432641700907,-0.31837932740631714
177.86,0.04959401976138177,-0.008757831552131966,-0.3710739005911637
177.88,0.05655213631560232,0.00016792642550872558,-0.38824423124704005
177.9,0.08631516068154353,0.008933359065804091,-0.3699507515234319
177.92000000000002,0.14431356901724102,0.0173660942440153,-0.31722642441386495
177.94,0.2307419945467234,0.025396402882836903,-0.23155535893726664
177.96,0.3298792076397459,0.032854988534905934,-0.11479668869771384
177.98,0.41167653161934326,0.039154031384131545,0.02975858553525798
178.0,0.4602188456577155,0.043337873159597265,0.19560644180938103
178.02,0.48242349385314043,0.04460340957243744,0.37254743834790993
178.04,0.48922771382126495,0.042618119030913365,0.5480796981085082
178.06,0.4867959422635692,0.03748583447611397,0.7092824468268308
178.08,0.47776469339096306,0.029628394784929308,0.8443230874723165
178.1,0.4632806212807581,0.01968881749798886,0.9435271564678545
178.12,0.4439748817474504,0.008451538288349022,1.0001003888200195
178.14000000000001,0.4203195695028634,-0.003231901644303849,1.0105447921912794
178.16,0.3927500036021688,-0.014514028998121849,0.9747833995050434
178.18,0.3617111174564239,-0.024616873866520055,0.8960105765871487
178.20000000000002,0.3276832454293066,-0.03288776511159382,0.7802985584626195
178.22,0.2912080530576145,-0.03884187813976416,0.6360062297634576
178.24,0.25292618666437594,-0.04218886153987555,0.4730488530714081
178.26,0.21363728010477825,-0.04284203888773666,0.302095842783794
178.28,0.17439315573578562,-0.04090990144551459,0.1337672567136154
178.3,0.13663062063691353,-0.036670812427461195,-0.022101597744795885
178.32,0.1023347808550723,-0.030533094922018535,-0.1570641932939465
178.34,0.07419720738450758,-0.022984109880575695,-0.2644836797108301
178.36,0.05571797159250094,-0.014533470878515578,-0.33973642461268594
178.38,0.05123801254079042,-0.005656435189997627,-0.3801867674006321
178.4,0.06594530381533172,0.00325723720267733,-0.384944772195743
178.42000000000002,0.10564594190452671,0.011943768054744792,-0.3544382608362888
178.44,0.17473355274858607,0.020276346378286483,-0.28986998812941533
178.46,0.26867144324492653,0.028178089043329205,-0.192792441366125
178.48,0.36446801259541656,0.03534796601340361,-0.06539636684139834
178.5,0.4338922047023293,0.041014870404714084,0.08799751462625302
178.52,0.471049361468935,0.044215312196166486,0.2594166731341703
178.54,0.486435883879544,0.044309500413064064,0.43755564726393137
178.56,0.4893375144332097,0.04114059938871023,0.6095245694958037
178.58,0.4842758557833637,0.03494327089200367,0.7626302874076578
178.6,0.4731428677276523,0.0262312452548587,0.8857093775427718
178.62,0.4568200718110072,0.015709048395979974,0.9700616359560615
178.64000000000001,0.43585411897179915,0.004195149374146112,1.0100577057764601
178.66,0.41069405580973223,-0.00745132824356464,1.0034473818942393
178.68,0.38177387895975906,-0.01840017234956374,0.9513813771644601
178.70000000000002,0.3495471264688445,-0.027912527738955254,0.8581677430388736
178.72,0.3145106567785147,-0.0353922965545212,0.7307993505685932
178.74,0.27723310495038256,-0.040423177010961944,0.5783035479258418
178.76,0.23839862713907745,-0.042789079530321204,0.41097635206550753
178.78,0.19887669959851031,-0.04247686517966325,0.23957018389248486
178.8,0.15982804739393336,-0.03966156828784442,0.07450593542500343
178.82,0.12284912387858489,-0.034675472529855096,-0.07482289789019425
178.84,0.09013732311082358,-0.027963710190185523,-0.20059430728339
178.86,0.06463212062367107,-0.020030561065865593,-0.2969039988863054
178.88,0.05008637810408223,-0.011382069823015605,-0.35988741395817003
178.9,0.05108221345586522,-0.0024709608309627998,-0.38761496603097934
178.92000000000002,0.07302812559994001,0.006351468160044253,-0.37977955824552356
178.94,0.12168346672327937,0.014869993307397114,-0.3372147628917195
178.96,0.1999123105722373,0.022997398790907793,-0.26134197071999327
178.98,0.2981941280512866,0.030635552139560165,-0.15387271241917752
179.0,0.38878464100776644,0.037358922061734814,-0.017452601994717334
179.02,0.4480890554672998,0.04228611377089208,0.1426045509754748
179.04,0.4773876022187075,0.04450974218285922,0.3172101762941526
179.06,0.4881727689028814,0.04354041432636475,0.4944037715886185
179.08,0.4882476302568538,0.039357022220345976,0.6612324816705437
179.1,0.4811186892951584,0.032293039316127606,0.8054082174760605
179.12,0.4682609650884064,0.02293088520508594,0.9165052543464391
179.14000000000001,0.4504136706052928,0.012018282568978886,0.9867840517291772
179.16,0.42808063451253375,0.00039282949986615663,1.0117002879284036
179.18,0.40170273482046,-0.011090255086237628,0.9901187764603475
179.20000000000002,0.37171985293682874,-0.021625690581728592,0.9242466928466794
179.22,0.33860037890819866,-0.030517281563525213,0.8193120605822726
179.24,0.30286606290325363,-0.03722486402338715,0.6830288887442828
179.26,0.2651254309927302,-0.04139605170274398,0.5249041005155074
179.28,0.22612641843659512,-0.04288090319336403,0.35545120946636605
179.3,0.18683926460321248,-0.04172884448370882,0.18538079746572597
179.32,0.14857833099702406,-0.038168389757103856,0.024838086876437702
179.34,0.1131599008589577,-0.03257142791516906,-0.11724669790577988
179.36,0.08306886300189503,-0.025405212158132327,-0.23363922255642885
179.38,0.061584508669701936,-0.017176738908481193,-0.31907285643415073
179.4,0.0528336968395187,-0.008375414320684858,-0.3702925288445198
179.42000000000002,0.0618022238009487,0.0005802863711176459,-0.38587555020239417
179.44,0.0942204436813032,0.009387238686541271,-0.36585501825414396
179.46,0.1552637177835034,0.01788022779617795,-0.311201104650732
179.48,0.24377170822241861,0.025980558614738018,-0.2233316328479057
179.5,0.341717195536951,0.0334714217033982,-0.10414698247854388
179.52,0.41935299371800805,0.03969713500025194,0.0427699848859751
179.54,0.4640373970289552,0.043687687637916896,0.21043801381462746
179.56,0.4840118026647648,0.04468514045017445,0.3882576478075307
179.58,0.48963903243548,0.042408737506162614,0.5635351438484614
179.6,0.4864780577444641,0.03699995405263868,0.7233375915967165
179.62,0.47688797044047115,0.028906701592018608,0.8559460776452757
179.64000000000001,0.46191631745276723,0.018790112154747192,0.9518874496082753
179.66,0.44216199423021824,0.007446040662626411,1.004627648551907
179.68,0.4180868615623487,-0.004268978074072335,1.0109616664555807
179.70000000000002,0.39012288764155895,-0.015508681464595893,0.9711129730184808
179.72,0.35871362996428935,-0.025502000878902392,0.8885599157687297
179.74,0.3243383643745254,-0.03360798936241273,0.7696211156670373
179.76,0.2875374051456247,-0.03935719729910532,0.6228472127384608
179.78,0.24894953807188866,-0.04247691729846911,0.45827870310949753
179.8,0.20937198943507057,-0.04289890771558979,0.28663758072755346
179.82,0.16985352879656182,-0.04074942861207246,0.11852360625722178
179.84,0.1318264377536535,-0.036322628788328946,-0.036315722104260185
179.86,0.0972667405368517,-0.03003957737131157,-0.16957904454660844
179.88,0.06884478583509178,-0.022396678673239512,-0.2748183979998612
179.9,0.05001431184863631,-0.01390874735389474,-0.3476274751932418
179.92000000000002,0.04503203733023197,-0.005052830902141003,-0.38560169512505077
179.94,0.05897250883735976,0.003782168188685569,-0.38808382458933177
179.96,0.09758929616863382,0.012335863784086952,-0.35572616970192716
179.98,0.1655860879455087,0.02049063133720031,-0.28993293908690726
180.0,0.259530740595116,0.02819511814813443,-0.19239333145409201
180.02,0.3574840558714082,0.035198193487630806,-0.06528240583583496
180.04,0.42995587649195294,0.0407732203824348,0.08730087752098967
180.06,0.46916160481410357,0.04395625317922269,0.25769781163967154
180.08,0.4854927099113845,0.04408196752742643,0.4348513963119488
180.1,0.48879801403945794,0.04097259589210689,0.6060223982969744
180.12,0.48394864204554733,0.03485005849782165,0.7586021958671666
180.14000000000001,0.47297415866109277,0.02621933468836206,0.8814701259384378
180.16,0.4568026055568256,0.015777805378104706,0.965937373402672
180.18,0.435996488713545,0.004337782771486953,1.0063594084087373
180.20000000000002,0.41101190055448444,-0.007246699301604886,1.0004482866764939
180.22,0.38228849090111233,-0.018149202988962873,0.9492991689080884
180.24,0.35028706885643107,-0.027633107523353108,0.8571524748203283
180.26,0.3155154650112605,-0.035102870688223965,0.7309278334306237
180.28,0.27855943024687024,-0.04014102354132108,0.579580573979935
180.3,0.24012983809183897,-0.042528621842163966,0.41334276016281013
180.32,0.20113738774527085,-0.04224806782239714,0.24291751834862801
180.34,0.16280502013926343,-0.03946842515983095,0.07869733318097942
180.36,0.12682010696565968,-0.0345145608944857,-0.06992591791571114
180.38,0.09550798998727743,-0.027822763058389238,-0.19509932528964202
180.4,0.07198264379940296,-0.019886997594062296,-0.29084940475994786
180.42000000000002,0.06023080040281305,-0.01120138523228225,-0.3531980011072067
180.44,0.06513293273122336,-0.0022048857550689906,-0.3800506153418144
180.46,0.09236551771182802,0.006766293077027743,-0.3708769545234742
180.48,0.1473844767011332,0.015507438517930357,-0.32623221730695406
180.5,0.2306542231261658,0.02391241531897162,-0.24726282815738707
180.52,0.32752180025427796,0.03178484789141021,-0.13562340270442166
180.54,0.4090322608374215,0.038532433221926926,0.005536071377702009
180.56,0.458617735308991,0.04319759381101998,0.16985200273047543
180.58,0.482034080430586,0.04495163682414253,0.34721288458703475
180.6,0.489847686121284,0.043422422451382475,0.5250676669824234
180.62,0.4882451116752999,0.038676445115746666,0.6902888995797177
180.64000000000001,0.4799193918589194,0.031106679616636407,0.8307039808520424
180.66,0.4660451819629781,0.021337313110249227,0.9362028024836537
180.68,0.4472624916508184,0.01014440111472786,0.9995009963969625
180.70000000000002,0.4240427577894029,-0.0016186418320261117,1.0165976259005425
180.72,0.3968148218684813,-0.013093068676071,0.986939469460005
180.74,0.3660115782305337,-0.023481732932554743,0.9133061370759872
180.76,0.3320938963590497,-0.03210692570412573,0.8014442929696218
180.78,0.29557260538374347,-0.038455360413230236,0.659495111317105
180.8,0.2570394805050653,-0.04220746722184306,0.49727241564774205
180.82,0.2172169996111008,-0.043249335579652444,0.32545799677485093
180.84,0.17703731206958973,-0.04166687961661225,0.15478477708982316
180.86,0.13775817603327292,-0.03772301208231226,-0.004722242543939839
180.88,0.1011109952539328,-0.03181983356899524,-0.14438287855213527
180.9,0.069450120142433,-0.02444921966051683,-0.2573228298262061
180.92000000000002,0.04584889217856906,-0.016136756795304807,-0.3387218833459847
180.94,0.034112338424472276,-0.007385151955028531,-0.3858347143435449
180.96,0.038772861947871065,0.001377343573154965,-0.3977938748794875
180.98,0.06514472464565882,0.009840461931592027,-0.3752219029110103
181.0,0.11888291850041743,0.017842205628923954,-0.31969196704539193
181.02,0.20236232982734423,0.025353237997516487,-0.2331387688271046
181.04,0.30426321970051556,0.032316774277747484,-0.11757867168716993
181.06,0.3947922276642004,0.0383083518217326,0.024124682412001754
181.08,0.45155411958427194,0.04244112971115721,0.1864077455717512
181.1,0.47826818569653645,0.04385029105572829,0.35999951961035287
181.12,0.48711716713364694,0.04211898790982861,0.5330017572529036
181.14000000000001,0.4857219530478288,0.037293185353893886,0.6928106336070906
181.16,0.4773986414951629,0.029756314348990405,0.8277223607875199
181.18,0.4635379416171811,0.02012229952691266,0.9280584573661822
181.20000000000002,0.4448526814138855,0.009152106012460024,0.9869159863808568
181.22,0.4218454482688265,-0.002320943393385011,1.0006047821173862
181.24,0.3949691882650127,-0.013461774995590172,0.9687942521081977
181.26,0.3646873274706264,-0.023498459151584973,0.8943881246563636
181.28,0.3315064959060952,-0.03177780286395653,0.7831569596215551
181.3,0.2960087469829037,-0.03780809093291525,0.6431729186380509
181.32,0.25889734659903846,-0.04128625051115915,0.4841039916950644
181.34,0.22106814240014103,-0.04210782449903919,0.3164336064044341
181.36,0.18371800977520653,-0.0403593269562756,0.15067563647654325
181.38,0.1484963917146116,-0.03629375634033244,-0.0033458636852550724
181.4,0.11768954019751628,-0.03029132380425243,-0.1370884897491096
181.42000000000002,0.09440131850126919,-0.02280892856170006,-0.24370228153527151
181.44,0.08267897349900066,-0.014323473701221915,-0.3182241685364906
181.46,0.08753728176149539,-0.005275253924883705,-0.35754362504718856
181.48,0.11471328868200929,0.003981118194302343,-0.360153941747611
181.5,0.16920260911332266,0.013202594315999499,-0.3257450532828737
181.52,0.24995874759351702,0.022212928972373185,-0.2548098366696364
181.54,0.3410094981676698,0.030707698847357762,-0.14870966390284973
181.56,0.4157163828341614,0.03799756273642221,-0.010739288424147803
181.58,0.4611180803655131,0.04310715987578432,0.15235420881794356
181.6,0.48308795245320735,0.045235994901945326,0.33012225699337006
181.62,0.49076549387246826,0.04402570946562143,0.5097711903111776
181.64000000000001,0.4894514998915774,0.03953676620327182,0.6779422656270989
181.66,0.4815033405992779,0.03215006144618051,0.8221913019609998
181.68,0.4679899274387793,0.022480229459385458,0.9320915855236241
181.70000000000002,0.4495189198705562,0.01129956856682791,1.0000149731528134
181.72,0.42654939309495665,-0.0005356994540038562,1.0216148357766082
181.74,0.39950136602002456,-0.012157840942839337,0.9960161014880491
181.76,0.36879681282293786,-0.022755574416295558,0.9257231969458163
181.78,0.33488030205379266,-0.0316333579316979,0.8162720758001824
181.8,0.29823718302019414,-0.03825809504898128,0.6756690928030816
181.82,0.2594188432630073,-0.04229029807941977,0.5136733433864684
181.84,0.21908370660713697,-0.043597942829622226,0.34098858847516755
181.86,0.1780637078959373,-0.042252505963747786,0.16843543248881762
181.88,0.13746458207627632,-0.03850789788626016,0.006173996959739381
181.9,0.0987981102881288,-0.032764204123649665,-0.13695791007501437
181.92000000000002,0.06411984983461581,-0.02551946814294772,-0.2539363488329557
181.94,0.03611591665886072,-0.017314310757580047,-0.33983373452574694
181.96,0.01808925247003923,-0.008675600505018359,-0.39187569748101075
181.98,0.013890390567254276,-6.530412685048983e-05,-0.40928124991572484
182.0,0.027963318049740723,0.008162294816979495,-0.39291477295187793
182.02,0.0655244214843827,0.015795312922349956,-0.344783123007724
182.04,0.13178193132382884,0.02278366022580711,-0.26741795538606367
182.06,0.22641740394309093,0.029191919962571457,-0.16328341092543808
182.08,0.33146801386626373,0.03496646851243095,-0.03470373601090747
182.1,0.41439199732617177,0.039580569744703545,0.11492205682822579
182.12,0.46069494429831526,0.042123884358542994,0.2791683657270774
182.14000000000001,0.47998320861352006,0.04188072649492113,0.4481738658154025
182.16,0.4841940952566187,0.03862695546647571,0.610181297941892
182.18,0.47959032704708154,0.03255885298255707,0.7534245361863117
182.20000000000002,0.4687664880680142,0.024159845095887304,0.8675360528967463
182.22,0.4528491313891387,0.014100020672455917,0.9444841408748264
182.24,0.43247619029735274,0.0031567285275853826,0.9791566933008632
182.26,0.4081476200887225,-0.007856842008224826,0.9696456474838605
182.28,0.3803489753385019,-0.018157731293158105,0.9172562010005482
182.3,0.34960567008627813,-0.02705171339736639,0.8262658051050671
182.32,0.31652367305186274,-0.033980840452640965,0.703469934052996
182.34,0.28183967893190104,-0.03855697425740155,0.5575648170334854
182.36,0.24649538895606893,-0.04057916047536476,0.39842782193013404
182.38,0.2117483635023856,-0.04003380802641359,0.23636257943521446
182.4,0.17932698576903464,-0.037077818857838944,0.08137774209828902
182.42000000000002,0.15162234657216245,-0.03200609987268119,-0.05743482831400065
182.44,0.13188186020666623,-0.025206407374413476,-0.1723653153359907
182.46,0.12433002123365237,-0.017106333175487678,-0.2573529100421204
182.48,0.13406269847621874,-0.00811965321037164,-0.3080365017677308
182.5,0.16626055055770783,0.0013958245563237567,-0.3216082120241475
182.52,0.22344174431736222,0.011142341400656466,-0.2965614733991007
182.54,0.2994484935074146,0.020796239906211236,-0.23258298940286648
182.56,0.37577441390627353,0.029815959074374905,-0.13102062892603678
182.58,0.43326984045265793,0.03734401743781028,0.003959725283244196
182.6,0.46749572626200914,0.04244879051452779,0.1644866184940221
182.62,0.48444257936913004,0.044472617486997545,0.3394233901284166
182.64000000000001,0.4902157477806204,0.04315983248015695,0.5158025287821264
182.66,0.48819455264929257,0.038617778524126095,0.6803835385181949
182.68,0.47997249099183337,0.03124312642074189,0.8209582344730759
182.70000000000002,0.46636741422906963,0.021651427287405687,0.9273658215991014
182.72,0.44791299211391183,0.010607931660832882,0.9922304130999035
182.74,0.42505143987154953,-0.001043128245809123,1.0114188357648664
182.76,0.39820662054487327,-0.012449074019403088,0.9842148252903301
182.78,0.3678160747231805,-0.022815123299869233,0.913217977573008
182.8,0.3343520666259386,-0.03146210157670536,0.8039931621377464
182.82,0.29834485747330003,-0.037871613843617,0.6645130109863661
182.84,0.2604173470156401,-0.041715748101905245,0.5044498710923884
182.86,0.2213407651917263,-0.04286956171081938,0.33438299898342866
182.88,0.1821221455885524,-0.04140582896650882,0.16499131653433574
182.9,0.1441313463628192,-0.037572737977278836,0.0063017079978172075
182.92000000000002,0.10926228043167284,-0.0317564608099605,-0.13294235688463796
182.94,0.08009776450684537,-0.024431918119361348,-0.24573750499316122
182.96,0.0600273862184704,-0.016106610825920457,-0.32706446629710756
182.98,0.0532932743961322,-0.007263486802149039,-0.3739034419763675
183.0,0.06499762925329312,0.0016915829456575458,-0.38502852692571726
183.02,0.1009272049535275,0.010472551853089167,-0.3606093810023182
183.04,0.16589197157781377,0.018930295611207026,-0.301683213182235
183.06,0.2570704098549604,0.02698382946460562,-0.20969865054406514
183.08,0.35387059405641336,0.03437033048923714,-0.0866782863189379
183.1,0.4271731363152111,0.04036980812045921,0.06342825304767796
183.12,0.4678626224268519,0.04400966160772901,0.23311916785289155
183.14000000000001,0.48543871672435057,0.044589630812341574,0.41140278704418004
183.16,0.4896874244710747,0.04189106021822082,0.5854467661730361
183.18,0.48559396342976235,0.03610184838485759,0.7423975617167045
183.20000000000002,0.47525720912633956,0.0277026635202998,0.8707726477532043
183.22,0.45963191407737636,0.017376665622972486,0.9614442443411859
183.24,0.4392873310994061,0.005931989591242361,1.0082921381916385
183.26,0.41467719303871964,-0.005771960934093378,1.008555346062506
183.28,0.3862329498424071,-0.016894911031182302,0.9628948628601093
183.3,0.35440110408310904,-0.026679584976421627,0.8751865617030584
183.32,0.31966661342433933,-0.03450507956345928,0.7520783229567899
183.34,0.2825790652325847,-0.03992628600200401,0.6023605739515441
183.36,0.2437922123949008,-0.042696928682571446,0.4362112922846091
183.38,0.20412735770352028,-0.04277498997004671,0.26438387696927695
183.4,0.1646709646389212,-0.0403105132715893,0.09740876218233377
183.42000000000002,0.12691089804858247,-0.03561698119535891,-0.05512272943576737
183.44,0.0928976253766965,-0.029128736813512406,-0.18513107871549947
183.46,0.06538901437723015,-0.021348388895292444,-0.28642933479925453
183.48,0.04792825467686455,-0.012789653058221752,-0.35488235435160664
183.5,0.04485741105545752,-0.003921703999920527,-0.38833849689957994
183.52,0.06133445168739557,0.0048801669896065165,-0.3863500945681081
183.54,0.1031351785575795,0.013373172274906805,-0.3497157239195517
183.56,0.17455577993460708,0.02145570362677173,-0.27991539247245445
183.58,0.2705393201010659,0.02907381405122042,-0.1786791115989807
183.6,0.3670695816333278,0.03593477552799364,-0.04830890748797832
183.62,0.43579185968822176,0.04126353527286874,0.10676553743327744
183.64000000000001,0.4718474784797459,0.044106285500159804,0.27846645313601787
183.66,0.48632286126989444,0.04385129114806949,0.4554627523219911
183.68,0.48852571133900163,0.04037255369646017,0.6249614265255411
183.70000000000002,0.482898142563047,0.03392978959364,0.7744792370327345
183.72,0.47128674089806905,0.025054182457851314,0.8931478734331088
183.74,0.45455621933033136,0.014459853864561261,0.9726163638295642
183.76,0.43324970937091334,0.002967094990881148,1.0076273351548206
183.78,0.40781911514248115,-0.008570454201848297,0.9962950115164801
183.8,0.37870581780418133,-0.01933444276787249,0.9400994598592445
183.82,0.3463758554090683,-0.028602894389762407,0.8436200889193058
183.84,0.3113459700944661,-0.03579990775757445,0.7140463648036365
183.86,0.27421619890561993,-0.04053077188833246,0.5605179905134311
183.88,0.23572020446377684,-0.04260035503293789,0.3933575594769942
183.9,0.19680463323840913,-0.0420138213857239,0.22326488474728523
183.92000000000002,0.15874725854855612,-0.03895993684133829,0.06054357024153617
183.94,0.12331415900815568,-0.033778441671430404,-0.08557307124454076
183.96,0.09293426219546883,-0.02691430685861923,-0.2074381728729626
183.98,0.07084493449069777,-0.018863223337847554,-0.2993052489898463
184.0,0.0611685807740813,-0.010114023910395007,-0.35741591667908185
184.02,0.06892580448591078,-0.0010939913634573344,-0.37986120250677974
184.04,0.09987721708655345,0.007877168525524706,-0.36623916084080577
184.06,0.15916553358356902,0.01661087797170945,-0.3171650362292844
184.08,0.24564479126402625,0.024999819551065137,-0.23380675963795658
184.1,0.3417921038455865,0.03280076950551338,-0.11792894602040183
184.12,0.41866230711436786,0.03934571335972811,0.026941376757007522
184.14000000000001,0.4635330389236424,0.04366038193419845,0.1938517395734574
184.16,0.4840308437087473,0.044973812596793915,0.37220012822890886
184.18,0.49019901019172085,0.04298410113775304,0.5492191660028435
184.20000000000002,0.487524436195365,0.03781162514329102,0.7118155887173959
184.22,0.4783613970378632,0.02988769907725483,0.8480338838977594
184.24,0.46376033772774866,0.01986296981053877,0.9481098419066076
184.26,0.44432068709892003,0.008529408416600572,1.0051895586597044
184.28,0.4205018877686746,-0.0032538537845854254,1.015745733122833
184.3,0.39273053304551503,-0.014632093220860301,0.9797019378321266
184.32,0.36144113832490954,-0.024820956972500828,0.9002805229994327
184.34,0.32709858850742285,-0.033162769302268615,0.7836046436627063
184.36,0.2902204325609615,-0.03916952060769088,0.6381006169527456
184.38,0.2514093625978058,-0.04254985382064391,0.473759626567466
184.4,0.21140564822383526,-0.04321855977726345,0.30132617478302204
184.42000000000002,0.17116987561239397,-0.041288330334691384,0.13148415694653132
184.44,0.132002776978341,-0.037044725534451074,-0.02588998620797074
184.46,0.09569456314157046,-0.030906541554862936,-0.16234383878941888
184.48,0.06466883656017137,-0.023375171107262192,-0.2712835785866301
184.5,0.04206526762082127,-0.014978120805622306,-0.34819233445097664
184.52,0.03173940913285239,-0.006212889039124484,-0.39062125747318777
184.54,0.03826147010214182,0.0025035046181007548,-0.397966071333502
184.56,0.06697952720358517,0.010876721062325383,-0.37105769199261773
184.58,0.12348206228545375,0.018763225932915465,-0.3116077381137381
184.6,0.20952314810324107,0.026147495604640476,-0.22162077559556453
184.62,0.3121318467426207,0.03296442598332953,-0.10316517997151488
184.64000000000001,0.40063781690634603,0.038753480639137416,0.0407484336147765
184.66,0.45459051566237985,0.04260972818368507,0.20428096723422082
184.68,0.47935739593537435,0.0436978859409395,0.3779122380488696
184.70000000000002,0.4870653539666802,0.04164609594217902,0.5496569453533056
184.72,0.48492672031022105,0.036536455615158024,0.7069895792049068
184.74,0.4760341896251407,0.0287774841975514,0.838406417056302
184.76,0.4616941596231753,0.018999241358432967,0.9345109394255301
184.78,0.4425926467992733,0.007970941148261421,0.9887307352518665
184.8,0.41922599688000123,-0.00347323819402882,0.9977242184787445
184.82,0.39204888049870756,-0.01450416624129073,0.9614989492936125
184.84,0.3615309916453462,-0.024361707343487842,0.8832609533568871
184.86,0.32818979387189917,-0.03240899361626231,0.7690263543547937
184.88,0.29262458120207196,-0.0381735504249357,0.6270411695774979
184.9,0.25556573156911366,-0.04137265838014752,0.46706743697006853
184.92000000000002,0.21795131659513556,-0.04192145403765779,0.2996021141490143
184.94,0.18104235871227997,-0.039923457540638335,0.1350988157445181
184.96,0.1465814003555585,-0.0356444221186989,-0.016738697988312387
184.98,0.11698107734077612,-0.029471704134097443,-0.14752850108817925
185.0,0.09550332367258238,-0.021862858837636754,-0.2505969083800878
185.02,0.0863756493171377,-0.013288730420520757,-0.32114626795800266
185.04,0.09478415143020356,-0.004177486398589267,-0.35619468933830756
185.06,0.1264844007463367,0.0051319474507364425,-0.35430704210815384
185.08,0.18580318231109877,0.0144071272016329,-0.31518745582693
185.1,0.2693583693485782,0.02345392725685238,-0.2393468214998415
185.12,0.358142721604767,0.03189492550133955,-0.12834318584498858
185.14000000000001,0.4267241030422057,0.038954210278901134,0.01398112501468034
185.16,0.46663943893834825,0.04365422626892223,0.18013140282982337
185.18,0.48532966290033175,0.045269816055475164,0.3590810988717557
185.20000000000002,0.4911538209093291,0.04352428901340576,0.537790642615075
185.22,0.48861857043705886,0.03853975602064048,0.7029433792505234
185.24,0.47971068316509746,0.030741246122263276,0.8423469673300473
185.26,0.46536390750407297,0.020774065270744383,0.9459753189319168
185.28,0.44614159192582487,0.009429067157839706,1.006699199985819
185.3,0.42248969188904717,-0.0024307721966872007,1.0207214182298512
185.32,0.3948259071144567,-0.013942266371721548,0.987720494374046
185.34,0.3635743257585855,-0.024308870836307558,0.9107153954124997
185.36,0.32918449708604425,-0.03285820146681283,0.7956801359232659
185.38,0.29215005000676014,-0.03908642790528548,0.6509534400287592
185.4,0.253035773299066,-0.04268675843452492,0.4865019155994175
185.42000000000002,0.21252191733898967,-0.04356045048551959,0.3131039263660893
185.44,0.17147550998921723,-0.0418100370068831,0.1415250926192212
185.46,0.13105617610358716,-0.03771567311146556,-0.018244854646228163
185.48,0.09285170308986541,-0.0316967141980365,-0.15763015450382978
185.5,0.05901182765876706,-0.0242619922047059,-0.2699293956631724
185.52,0.0323208075436243,-0.01595384461140962,-0.3505625531432393
185.54,0.01616757680038923,-0.007292247664321084,-0.39709214709291907
185.56,0.014480652673268302,0.0012750787047961657,-0.4090313184147724
185.58,0.03180593047875777,0.009414080535972352,-0.3874692105845485
185.6,0.07346136896327395,0.016937668138561388,-0.334546737112953
185.62,0.1443618237109647,0.02382009759842429,-0.25282812543344013
185.64000000000001,0.24234607795076,0.030130131210115763,-0.1447425702641318
185.66,0.3461368827702339,0.03576348849322003,-0.012663288331114221
185.68,0.4236605960359257,0.040111823917971565,0.13966876111052917
185.70000000000002,0.4649680515784017,0.04225654248394823,0.30527787961548003
185.72,0.4813299686513687,0.0415506696279471,0.4738965909939657
185.74,0.4839156623083942,0.03784303303489087,0.6336632208350268
185.76,0.4782467309002707,0.03138164656971276,0.772957423370591
185.78,0.46658975440367567,0.022684068845477003,0.8817271788867433
185.8,0.44995708246594923,0.012441369181547025,0.9523655801486636
185.82,0.42895210154716956,0.001440481063483007,0.9802461172479084
185.84,0.40406779741294213,-0.009506383168383528,0.9639632713587559
185.86,0.3757935776002082,-0.01962680454216838,0.9053013389541072
185.88,0.34466529429059994,-0.028245160881320105,0.8089579912258656
185.9,0.31130641545392657,-0.034828160497431954,0.6820616578135767
185.92000000000002,0.2764812166240516,-0.03901597158602778,0.5335347487697046
185.94,0.24117417707848482,-0.04063696627823852,0.37336465099358285
185.96,0.2067076401678299,-0.03970522030595388,0.21185014558666096
185.98,0.1749037332691828,-0.036401102851954886,0.058891965682072306
186.0,0.1482797426500006,-0.03103660550389536,-0.07660769191524104
186.02,0.13023608526096617,-0.02400862892556313,-0.18718151594250199
186.04,0.12515374723037187,-0.01574537272132972,-0.26703070173205723
186.06,0.1382207935419304,-0.006653585597332205,-0.312042652759353
186.08,0.1744365472488185,0.002919702100042326,-0.3196202809366794
186.1,0.23536158938970542,0.012680520019075431,-0.288433403184007
186.12,0.3127893559012275,0.022282464862554842,-0.2183761858602751
186.14000000000001,0.38689074591338873,0.031129941839165374,-0.11116385450917196
186.16,0.4403474166208158,0.03832832161425056,0.02846510037517322
186.18,0.47120804389666265,0.042971758287282655,0.19204058945460814
186.20000000000002,0.48598384703678965,0.04446649076492978,0.36802236319152193
186.22,0.4903286332745889,0.042620515333048864,0.5433026095894269
186.24,0.48723213764722756,0.037592767176622265,0.7047318284714618
186.26,0.47810431092186584,0.029819571504624443,0.8403749186488728
186.28,0.46369328202639964,0.019944917138683044,0.9404802938869171
186.3,0.4445092207978251,0.008751163074265107,0.9981724575239718
186.32,0.4209881418080284,-0.0029118068519540475,1.0098641186240278
186.34,0.39355471926375474,-0.014196705216457677,0.9753851617913222
186.36,0.36265120034485104,-0.024324056653467294,0.8978394416310251
186.38,0.328758200166743,-0.032638108161099355,0.7832179289133124
186.4,0.2924193618587214,-0.03864966043391749,0.6398132708954686
186.42000000000002,0.2542789432650946,-0.04206307302560685,0.4774939567668258
186.44,0.21514227293821717,-0.04278589005323495,0.3069049087221748
186.46,0.17606976585561587,-0.04092075893097387,0.13866507700598285
186.48,0.13851097896361378,-0.036740522252780815,-0.017368490945146628
186.5,0.10446993156524301,-0.030648616001341944,-0.152706625894672
186.52,0.07666661789719877,-0.023128341033007864,-0.26065190059319643
186.54,0.058644248265657686,-0.014686114091650847,-0.33650560962701387
186.56,0.05480680489737284,-0.005794718368129269,-0.37754575002179247
186.58,0.07041749075483719,0.0031580391840274054,-0.3827872274925296
186.6,0.11129976556002494,0.011909417144079466,-0.35255633358570265
186.62,0.18155832763398164,0.020329544487127597,-0.28795641171874276
186.64000000000001,0.27571128642751924,0.028325165632210946,-0.19047539192535204
186.66,0.3699129150913701,0.03555900552424991,-0.062346171576043656
186.68,0.4369734740244023,0.04122870512077326,0.09191930149058827
186.70000000000002,0.4724908342203593,0.04437543009110024,0.2641013648101439
186.72,0.48706129265229414,0.04438347789091561,0.44271545132267065
186.74,0.48955962814970383,0.04111634327325448,0.6147852813907504
186.76,0.484249358812412,0.034822075190058914,0.7675979414986113
186.78,0.4729200125196789,0.026023641495146993,0.8900146724447583
186.8,0.4564184417768397,0.015432269493136419,0.9733915289394401
186.82,0.4352798736789925,0.0038710258105459153,1.012177969182699
186.84,0.40994901268755185,-0.007798447118433022,1.0042168453299285
186.86,0.3808572138039359,-0.018745501321965112,0.9507578256508101
186.88,0.3484551088041754,-0.028232835984664254,0.8562056286309596
186.9,0.31323532528646664,-0.03566768352028648,0.7276399322344353
186.92000000000002,0.27575993735369037,-0.040638527767723434,0.5741585383983969
186.94,0.23670290332743207,-0.04293512688254098,0.4061065122354281
186.96,0.19691804404045765,-0.042550828236580095,0.23426051332826217
186.98,0.1575424882427556,-0.03966738306170561,0.06903913737785253
187.0,0.12013788999445699,-0.03462367468759737,-0.080193151132047
187.02,0.0868513295923128,-0.027871070745290875,-0.2056691058277239
187.04,0.06055020852703306,-0.01991961682672286,-0.30156320392932345
187.06,0.044884053439083235,-0.011280741788072986,-0.36411189037394187
187.08,0.04429124575710549,-0.002412482371155591,-0.39150784371542846
187.1,0.0640200779852398,0.006328368508386161,-0.38358786981157983
187.12,0.10984284045618264,0.014722410031600543,-0.3413500056135211
187.14000000000001,0.18544878271305157,0.02268847960037266,-0.2663815467715726
187.16,0.28362638835873305,0.0301675437661391,-0.16047872175487218
187.18,0.3780506612228485,0.03681432471491208,-0.02612510168823701
187.20000000000002,0.4422421533129606,0.04180217065532295,0.1318291294192512
187.22,0.47469673983896843,0.04419963818269978,0.30481818646367176
187.24,0.48705722701573756,0.04346257903463267,0.4812246676698776
187.26,0.4879679705323893,0.03952672574598706,0.6482375313045108
187.28,0.48140226107321454,0.03269648973279106,0.7935679948560037
187.3,0.4690131590801613,0.023533765849937154,0.9066919007145552
187.32,0.45159950234493884,0.012771631875862768,0.9797013595723236
187.34,0.4296849437267172,0.001238326096805511,1.007835732121155
187.36,0.40371821769880434,-0.010215026454859364,0.9897166055433733
187.38,0.3741443913499719,-0.0207820735027523,0.9273019603979593
187.4,0.3414378815659732,-0.029760764227436592,0.8255846583801643
187.42000000000002,0.30612930783575915,-0.03660097624322568,0.6920754464286697
187.44,0.2688408429093922,-0.0409371852413249,0.5361245177847833
187.46,0.23034131143925396,-0.04260420800069568,0.3681457889885782
187.48,0.19163243819850637,-0.04163524797525189,0.19881354416971603
187.5,0.15407522963221898,-0.038242676686079315,0.03830177008379481
187.52,0.11955405826148242,-0.032783212164798244,-0.10436765904157587
187.54,0.09065247060374705,-0.025710529396351434,-0.221811110004065
187.56,0.07079249309439106,-0.017519885420458344,-0.3085620089908718
187.58,0.06430248487230805,-0.008690587609267783,-0.36112180112649594
187.6,0.07641210148788488,0.0003677439219075941,-0.37778647410470156
187.62,0.11295212622456433,0.009358475688053817,-0.3582760417398329
187.64000000000001,0.1783367020540968,0.01811160865791037,-0.30323867519066955
187.66,0.26852169286480226,0.026504205004044063,-0.21385514267902628
187.68,0.3620136259068085,0.03420591048974395,-0.09210299553471564
187.70000000000002,0.4314395677962329,0.04044186553113707,0.057848434812939026
187.72,0.4697857663054961,0.04423812001777928,0.22816311032821432
187.74,0.4864546495181275,0.04491819086603262,0.40757616586933376
187.76,0.49045597671598207,0.042278740918359696,0.583064999370487
187.78,0.48633018875216394,0.03651317663930811,0.7416252049621556
187.8,0.4760081392866964,0.028104534481870315,0.8716373333495012
187.82,0.4603896001973587,0.01773881334337707,0.9638464269445053
187.84,0.4400254029399526,0.006228531571657132,1.0120194260462747
187.86,0.41536078156801765,-0.005561003712451178,1.0133031774393015
187.88,0.3868198053080057,-0.016782543155786544,0.9682924485121225
187.9,0.3548391081781606,-0.026671380894051765,0.8808259131601136
187.92000000000002,0.31988859580785695,-0.03459940117511698,0.7575437652893647
187.94,0.28249420003525916,-0.040115176779971326,0.6072560300853483
187.96,0.2432723279152084,-0.0429676587336637,0.44018267779877723
187.98,0.2029857658163905,-0.04311221723356963,0.2671340709888081
188.0,0.16263111856908483,-0.04069903061435226,0.0987027529260793
188.02,0.1235629193857972,-0.03604502255355209,-0.05546481589324765
188.04,0.08764264876530456,-0.02959179416162626,-0.18725521941752898
188.06,0.05737197482210072,-0.021853443407254782,-0.2904849862449665
188.08,0.03595348996394295,-0.013359730860271467,-0.36107741309273783
188.1,0.02727080616084659,-0.0046008698258600605,-0.3970132686262131
188.12,0.035892818346393844,0.004021180658100768,-0.3980725529695079
188.14000000000001,0.06715973254411008,0.012232998311220534,-0.36539787259216294
188.16,0.12656926384386682,0.019915352355325943,-0.3009209072424762
188.18,0.21526880459922693,0.027073261407862866,-0.2067726290855142
188.20000000000002,0.3187258586341195,0.03364141791330781,-0.08510056130710253
188.22,0.4055132543835435,0.03913342686119327,0.060947266451407495
188.24,0.45699185587912805,0.04263549676365627,0.22530668357242611
188.26,0.4799846717954807,0.04334534627735107,0.3982846580921312
188.28,0.48658887043383015,0.04093627688452088,0.567890892132914
188.3,0.4836899998382491,0.03552643384884884,0.7217600607687793
188.32,0.47420263682304303,0.02754901461823012,0.8486696308617846
188.34,0.45936673720321974,0.017648854908694354,0.9395827727264614
188.36,0.43984845592487554,0.006600912591423266,0.9883275991557022
188.38,0.4161417397926745,-0.004763296242890762,0.9919689763093937
188.4,0.3887067831750558,-0.015624812454006485,0.9508948807764067
188.42000000000002,0.3580247814499678,-0.025239852216487127,0.8686381935475884
188.44,0.3246319520777835,-0.03299235037839616,0.751466951284021
188.46,0.28915704889155486,-0.03843306211984569,0.6077903090882198
188.48,0.25237636532078844,-0.04130273725053173,0.44743930212783933
188.5,0.21529867020523089,-0.04153799994776686,0.28088923904119956
188.52,0.1792909320850755,-0.03925974809586535,0.11849367429767171
188.54,0.1462473138029851,-0.0347451028140721,-0.030201761830906018
188.56,0.11878382128016293,-0.02838528099730642,-0.1570041397434713
188.58,0.10041423815868959,-0.020633322511672963,-0.2554276188555481
188.6,0.0956458330859536,-0.01194721490248239,-0.3208274470723427
188.62,0.10988793564399517,-0.002735472531214591,-0.350308692155034
188.64000000000001,0.14870613588133097,0.006683718532571902,-0.3424391365364763
188.66,0.21474991198539764,0.016081065284200703,-0.2968681316726604
188.68,0.30030007826532856,0.025206270317668738,-0.21414126940286318
188.70000000000002,0.3828881444322948,0.03354492186877905,-0.09624691397552027
188.72,0.4413574716683319,0.0402099934281472,0.051989229320258804
188.74,0.4735617374131076,0.044262785469607706,0.2219326657086849
188.76,0.4878911095121071,0.04510556456089007,0.4017912189219872
188.78,0.49122702782335637,0.042579109238171625,0.5782686074547551
188.8,0.48699853462719034,0.036890760032063145,0.7381959572772846
188.82,0.4767314072836492,0.028525783658589012,0.8698169427209943
188.84,0.4611970690455845,0.018170219939502994,0.9637424328259849
188.86,0.4409068843521081,0.006637768515642527,1.013607093622058
188.88,0.41629247141296627,-0.00520310881829047,1.0164340964513552
188.9,0.38777072688268277,-0.01650011354587969,0.9727110455471566
188.92000000000002,0.35577127451583535,-0.02648203800110229,0.8861927359352776
188.94,0.32075430683895584,-0.03451342157913041,0.7634633964277432
188.96,0.2832308050718078,-0.04013533943943755,0.6133070095893467
188.98,0.24379357193794313,-0.04308981223385398,0.44594660007769743
189.0,0.20316816007258448,-0.04332656368830504,0.2722209743718307
189.02,0.1622935049956672,-0.040992101330161235,0.10276997877612667
189.04,0.12243795199268248,-0.03640230022488603,-0.052702979457923
189.06,0.08534059629100219,-0.03000089869615268,-0.18602954690637644
189.08,0.053338591903484306,-0.022307735174973253,-0.2909869620826862
189.1,0.02941982095995057,-0.013862151666855714,-0.3634898192727277
189.12,0.017180203227047913,-0.005167987305534289,-0.40155650084111344
189.14000000000001,0.020788528545042175,0.0033546122709272805,-0.40506799946586586
189.16,0.045113879888305106,0.011409039522854861,-0.37535078427122925
189.18,0.0956760094394643,0.018852566511174697,-0.31461754194872893
189.20000000000002,0.17617928689486795,0.025694680847367157,-0.22533492821086537
189.22,0.2791655944141561,0.031974811618214076,-0.10979596221957169
189.24,0.37683651763881054,0.037430199037070046,0.0293916982194245
189.26,0.4416123050556137,0.04128168165853226,0.18751243682560345
189.28,0.47302127026393437,0.042638860476325605,0.3562982144242444
189.3,0.4839358794326402,0.04101431891319633,0.5246254811210294
189.32,0.4834792564851928,0.03640176173545785,0.6804132121044806
189.34,0.47574367668414463,0.029149145156163504,0.8123091442395638
189.36,0.46241134292698405,0.019841051092249457,0.9108591747934858
189.38,0.4442962033586705,0.009210964064763995,0.9692716289403802
189.4,0.42194112299504516,-0.0019336054442569027,0.9838607327419028
189.42000000000002,0.39582501061454195,-0.012780471235961707,0.95420238059579
189.44,0.3664404009039869,-0.022576143146656565,0.8830236416141022
189.46,0.3343356363387379,-0.03068008410185434,0.7758558338910589
189.48,0.3001560799488812,-0.036606465407641176,0.640494528154598
189.5,0.2647014687629053,-0.04005072743213457,0.486322183835239
189.52,0.22901274483900155,-0.04089929187714295,0.3235578765133985
189.54,0.1944996165581704,-0.039221923986296536,0.16250290667901748
189.56,0.16311212053592888,-0.035247456482477534,0.012850686337663904
189.58,0.1375396849382748,-0.029324941074667155,-0.11687618561875827
189.6,0.12139012740170936,-0.021873913027490217,-0.21971014963710142
189.62,0.11926098180371975,-0.013329373529652692,-0.2904111814711879
189.64000000000001,0.13650268558583667,-0.004089725498142783,-0.32542171528567015
189.66,0.17800435301756085,0.005517271424605385,-0.3226420951873593
189.68,0.24432609684324189,0.015215206663943767,-0.2811594865103547
189.70000000000002,0.3248527081046336,0.02464831057375926,-0.20125964015275175
189.72,0.39795500434541636,0.0331737387509617,-0.08516795509812632
189.74,0.4479891269059797,0.03986227659272514,0.06167814541970538
189.76,0.4755861807191664,0.043838343304474364,0.23009616600373264
189.78,0.4879870046975235,0.04458145275162516,0.4080557242499005
189.8,0.4905732754790497,0.041977354728921897,0.5822697152304008
189.82,0.48603367905543,0.03625263907179193,0.7397020150197885
189.84,0.47562594511498796,0.027898483960212765,0.8687762952833743
189.86,0.460037297668498,0.017599790611196535,0.9602916826806106
189.88,0.4397560110644168,0.006164703950376858,1.0080571378692673
189.9,0.41521106758881193,-0.005546903060560837,1.00924145699156
189.92000000000002,0.38682565169106664,-0.016693265445003134,0.9644392710280775
189.94,0.35504265878103847,-0.026514587518121947,0.877468152358134
189.96,0.32034439943669596,-0.03438662033264386,0.7549295004573753
189.98,0.283277321306788,-0.039860385001480356,0.6055818038398095
190.0,0.2444905687718549,-0.04268555862286132,0.4395870557342146
190.02,0.20479829790128515,-0.0428162599640921,0.2676986124012064
190.04,0.16527598711981512,-0.04039920216888867,0.10046136524001777
190.06,0.12739534285655887,-0.03574538604408641,-0.05250718508641353
190.08,0.09318467271973137,-0.029287775348921824,-0.18309354794703286
190.1,0.065373867238955,-0.021528863243925712,-0.2850737761615084
190.12,0.047472920392317174,-0.012983558116173657,-0.3542778890909409
190.14000000000001,0.043784656713490196,-0.0041234768921984905,-0.3885267112083133
190.16,0.05942290195142043,0.004672534940005147,-0.38735709857455547
190.18,0.10014900001373864,0.013157494313921709,-0.35156795354025144
190.20000000000002,0.17043654426787863,0.021227164897798825,-0.2826545836088917
190.22,0.2658923512237333,0.02883331064515798,-0.18235926986257897
190.24,0.36324159991939725,0.0357040542926568,-0.05294325440412243
190.26,0.4335388381065707,0.041085145723776334,0.10129773864528666
190.28,0.4708010974463024,0.044019028253747206,0.2724574273487781
190.3,0.4859378450444337,0.04387452662113183,0.4493225334662568
190.32,0.48850844552790995,0.040507886957963236,0.6191401751015385
190.34,0.4831302347650876,0.034166323973274675,0.7694069916971304
190.36,0.4717217396444415,0.025372338049848148,0.8891926675293101
190.38,0.4551722995488299,0.014834217109206623,0.9700553650696833
190.4,0.4340328718280395,0.0033689877744448003,1.006628686893615
190.42000000000002,0.4087577083394877,-0.0081704904420745,0.9969097720275779
190.44,0.3797887715672423,-0.01896430323453789,0.9422632352381094
190.46,0.34759207946997966,-0.028286838342106956,0.8471635452726374
190.48,0.3126840791211426,-0.03555688930002092,0.7187132644419245
190.5,0.2756642345986813,-0.04037327801245816,0.565988918836756
190.52,0.2372651566607748,-0.04253381464162609,0.39927717169516985
190.54,0.19843161290850728,-0.042036604737501086,0.22927033464489713
190.56,0.16043832384313386,-0.039063919866472716,0.06629179538705932
190.58,0.12504722639207916,-0.03395006375833498,-0.08038134024185692
190.6,0.09468331152879778,-0.027136001030218303,-0.20303942823142124
190.62,0.07258331750230856,-0.019115045267434773,-0.29586040590276075
190.64000000000001,0.06287614510612245,-0.010375271900000524,-0.35500408108788023
190.66,0.07059592927930985,-0.001344646233391927,-0.3784795966328268
190.68,0.10151108776120468,0.007655176763037986,-0.36580841037817274
190.70000000000002,0.16073085361969483,0.016432207039193472,-0.3175397175443913
190.72,0.2469975771507315,0.024873371301417417,-0.23479336304076748
190.74,0.34270716620556285,0.032727070855261775,-0.11931455359160098
190.76,0.4191062857225508,0.03931825193511743,0.025356173302290903
190.78,0.46371181703511083,0.043671454616078124,0.19223605176875
190.8,0.484130969053988,0.045017296697595195,0.37069542360659963
190.82,0.4903032769699515,0.043054266983068204,0.5479437661388756
190.84,0.4876573010964509,0.037901948150477205,0.7108635157699145
190.86,0.47852600396189127,0.029990686134011405,0.8474710581189202
190.88,0.4639531442451781,0.01997054789152996,0.9479708747923219
190.9,0.4445359848264541,0.008633504200011657,1.0054765662097078
190.92000000000002,0.42073293837437237,-0.003160718224307849,1.0164295380644028
190.94,0.39296962727057416,-0.01455627411953769,0.9807255366309517
190.96,0.36167921821731136,-0.024767281924481112,0.901564432494638
190.98,0.327324523973775,-0.03313428153504234,0.7850535813656222
191.0,0.2904198322018271,-0.039167393465004786,0.639610868267455
191.02,0.25156266680814104,-0.0425734838839152,0.4752263980874865
191.04,0.21148513829339252,-0.0432658388021783,0.30265021641555595
191.06,0.1711351709447555,-0.04135609018498504,0.1325769475133839
191.08,0.13179449280516684,-0.03712934490787763,-0.0251031615194729
191.1,0.09522615587905825,-0.031004694669325705,-0.16192353050892655
191.12,0.06381702522350075,-0.023484684058786696,-0.2712790392546122
191.14000000000001,0.04065881744612415,-0.01509889065739689,-0.3486479501488211
191.16,0.029543743469651416,-0.006347843112173677,-0.3915867342559515
191.18,0.03495679401816199,0.0023473734987937422,-0.39951059345246565
191.20000000000002,0.062153229192573115,0.010687328006446192,-0.3732883173991799
191.22,0.11675668611766597,0.018523649089817226,-0.3146902078657762
191.24,0.2011377008987837,0.02584288094066127,-0.22578884480393013
191.26,0.30385865473936,0.03260442842456105,-0.10867313275886493
191.28,0.3948129633595625,0.03839545848555755,0.033778069484425785
191.3,0.45153270986044247,0.04233545388287794,0.1960203697952486
191.32,0.4779972056886264,0.04356740639988807,0.36882809980347964
191.34,0.48657335694910153,0.04168535851486936,0.5403866263256643
191.36,0.48493471617875045,0.03674564641104301,0.6982194307005284
191.38,0.4764062820685352,0.029139140558558648,0.8307861213689532
191.4,0.46238023416530943,0.01948344782368373,0.9285939811365674
191.42000000000002,0.44357101773603097,0.00853933279058254,0.9849327714858627
191.44,0.42048434527121414,-0.0028637153096637558,0.9962968228563396
191.46,0.3935784675318534,-0.013897556405660821,0.9625182857686909
191.48000000000002,0.3633252705724356,-0.02379953636168769,0.8866309293475862
191.5,0.33024461772921887,-0.03192715790356133,0.774495084182018
191.52,0.2949391799400081,-0.03779980117031982,0.6342287504877225
191.54,0.25814424919163576,-0.04112482984147901,0.4755023398539572
191.56,0.22080490549263898,-0.04180652101899207,0.308763019558387
191.58,0.18419196661273532,-0.039937437110883635,0.1444585246902763
191.6,0.15006166233749033,-0.035773063641897966,-0.0076705671741492815
191.62,0.12084626026733254,-0.029691841052322258,-0.13916695339344826
191.64000000000001,0.09983654859535335,-0.022144228913539243,-0.2432494306730775
191.66,0.09129982173097065,-0.013596039856322689,-0.31498852598361615
191.68,0.10045874724228773,-0.004472626727979096,-0.3512547565367939
191.70000000000002,0.13302911454862365,0.004886963829685458,-0.35045953386487066
191.72,0.19301916728643947,0.01424419346746067,-0.3121642936170058
191.74,0.27626049949073694,0.023385952360895745,-0.23678472800978187
191.76,0.3632060353352645,0.031900758109416553,-0.12589229512711753
191.78,0.4294313034914185,0.03898611595118019,0.016524500045623943
191.8,0.4677645592730078,0.04366926286961722,0.18277958474852649
191.82,0.4857104590246202,0.04524597146054042,0.36171574591975253
191.84,0.4912170036045711,0.04345593693652871,0.5402409077908132
191.86,0.4885272963525719,0.0384303647982435,0.7050360086302285
191.88,0.4795227008381964,0.030599212242378084,0.8439333875429016
191.9,0.46510183524870485,0.020610550800255888,0.9469466206354129
191.92000000000002,0.44581725219573964,0.009256586099931288,1.0069942409372419
191.94,0.42211184824001546,-0.0025995145280894054,1.0203298574660684
191.96,0.3944027794727661,-0.014095395746507316,0.9866814679337511
191.98000000000002,0.3631145936580509,-0.024436214899469403,0.9091123930522625
192.0,0.3286979717938563,-0.03295196571200895,0.7936327694027245
192.02,0.29164846499293984,-0.039141636888132735,0.6486069656964266
192.04,0.25253397718325266,-0.04270143602911461,0.4840155079886264
192.06,0.2120397594896228,-0.04353552917534361,0.3106387720333562
192.08,0.1710407288712396,-0.04174900180869951,0.13923338189913836
192.1,0.13070849604249057,-0.03762396062262471,-0.020229012432288168
192.12,0.09264797436212759,-0.031580904190820706,-0.15919698128376789
192.14000000000001,0.059031487557314716,-0.024128851810212473,-0.27099614203399847
192.16,0.032670955096066365,-0.015809308969292647,-0.35107221488892587
192.18,0.0169888393060802,-0.007140420155407445,-0.3970081216108192
192.20000000000002,0.015958170862616097,0.0014328842264532205,-0.40832815511647774
192.22,0.034186516891713564,0.009580311786307638,-0.3861195199747995
192.24,0.07704486768458697,0.017119351017020026,-0.3325043396702909
192.26,0.1493241086645507,0.024027814185308416,-0.2500105378081718
192.28,0.2481562074606278,0.03036961420668537,-0.14102980900641265
192.3,0.3511824964009992,0.03601626944727171,-0.007953927500576503
192.32,0.4267530607420169,0.040328868413656176,0.14533674410244213
192.34,0.4664491820818134,0.04238689341075132,0.311654510021123
192.36,0.4819283747205063,0.04156535276495191,0.4805689044169188
192.38,0.484045391968909,0.037734848303541665,0.640148038538925
192.4,0.4780739617407993,0.031158587663990638,0.7787751203021963
192.42000000000002,0.4661756179860859,0.02236457969626777,0.8864522566416134
192.44,0.44932619792091766,0.012051081664783614,0.9556616626272836
192.46,0.42811728287473527,0.00100941492662858,0.9818890412919964
192.48000000000002,0.4030380994648447,-0.009946517349309437,0.9638532212384078
192.5,0.3745767941650486,-0.02004519211775184,0.9034643808492019
192.52,0.3432686838005208,-0.02861422960069551,0.8055376912064742
192.54,0.3097369025567891,-0.03512553872242421,0.6773020434842599
192.56,0.2747455536192736,-0.039225933320303503,0.5277564287770256
192.58,0.23927935412525167,-0.04075127765703989,0.36693633050041435
192.6,0.20466177783858927,-0.039723348145503615,0.20515802646794587
192.62,0.17271756837473332,-0.03632979377600178,0.05230958227123867
192.64000000000001,0.14596855512349177,-0.030888892603258958,-0.08274678164301594
192.66,0.12782191404668417,-0.023802368147264285,-0.1926060850222078
192.68,0.1226695558724831,-0.015501431989184855,-0.27154762166346486
192.70000000000002,0.13572428289141578,-0.006393746774124739,-0.3155448488548483
192.72,0.17204899746863875,0.00317528097669774,-0.3220855148513247
192.74,0.2333262067278744,0.012916583646222229,-0.2899114740851306
192.76,0.3114284038655787,0.022491844213685688,-0.21896245446305002
192.78,0.38631605538966085,0.0313126660410487,-0.11096649010479702
192.8,0.440303946486568,0.03848487778979059,0.0293415109716883
192.82,0.47136926000439233,0.04309842064642261,0.19348531623546705
192.84,0.4861679987707455,0.04455706785659842,0.369903655854821
192.86,0.49046779905075066,0.04266967186693271,0.5454647604121373
192.88,0.4873049154747654,0.03759788432954503,0.7070028590880668
192.9,0.4781035048022876,0.029781331265486096,0.842578921256735
192.92000000000002,0.46361525556952726,0.01986721699867828,0.9424506197123934
192.94,0.4443508487926916,0.008640669860064227,0.9997637782904084
192.96,0.4207458257911974,-0.0030463264975250422,1.0109622239073217
192.98000000000002,0.3932237816367216,-0.014345193453300237,0.9759137751375877
193.0,0.36222514576477316,-0.02447604052095337,0.8977636442652278
193.02,0.3282276040869379,-0.0327835767358285,0.7825440558992841
193.04,0.2917701487917673,-0.03877988467569072,0.6385853956738983
193.06,0.2534897319866195,-0.04217132291689788,0.47578728929181646
193.08,0.21418035252284193,-0.04286802141665539,0.30481657985299637
193.1,0.17488517962684103,-0.040975663272326365,0.13630285099093734
193.12,0.1370282004697701,-0.03677045414651586,-0.0198990503439195
193.14000000000001,0.10257670397617183,-0.030659430302091877,-0.15531610526849962
193.16,0.07419939340443579,-0.023129686181292748,-0.2632818299765792
193.18,0.055368919118001986,-0.014691645958225752,-0.3391440441454798
193.20000000000002,0.050394142448404386,-0.0058224197503792445,-0.38024389060477787
193.22,0.06442815827909983,0.0030854545838233066,-0.3856775573181321
193.24,0.10326698389925192,0.011764894074226706,-0.35587140348214974
193.26,0.17144424770714134,0.020087006900135682,-0.29203853149161557
193.28,0.26494214990685466,0.02797932631239991,-0.19573954634428398
193.3,0.3613643609386653,0.03515716012836415,-0.06913196286443402
193.32,0.4320431102856491,0.040866153938932684,0.08357056459204398
193.34,0.47018170560358796,0.04414032605171423,0.254534125127878
193.36,0.48611169103424356,0.04432440364620649,0.4325502265675539
193.38,0.4893155426804684,0.04124709071509527,0.6047633116356594
193.4,0.48445771956224354,0.035132779020203474,0.7584652354468145
193.42000000000002,0.4734897167871942,0.02648803615724331,0.8824431057648485
193.44,0.45731357655480437,0.01601254828513389,0.9679233871087066
193.46,0.4364824936867436,0.0045220381163394874,1.0091882491670843
193.48000000000002,0.4114474798111296,-0.007125089974987461,1.0038921047118645
193.5,0.3826430116210291,-0.01809742540616533,0.9530912960237952
193.52,0.3505225956653907,-0.027653213051070213,0.861007791852312
193.54,0.3155828239343068,-0.03519207852073168,0.7345628578563723
193.56,0.278391836317981,-0.04029247767938292,0.5827314225579638
193.58,0.23963290992250877,-0.04273257693987131,0.4157792158258039
193.6,0.20017397532216957,-0.04249347319984632,0.24445154737080302
193.62,0.16117323203619788,-0.03974487887493973,0.07918451731171602
193.64000000000001,0.12422359788044444,-0.03481460466134729,-0.07059345876952669
193.66,0.09151880543695562,-0.028144470260073724,-0.19700979743359448
193.68,0.06599700380955788,-0.020236776072346627,-0.2940990161734485
193.70000000000002,0.0514157398500412,-0.011596919244404154,-0.3579301445731606
193.72,0.052369965464922515,-0.0026781416485166265,-0.38650700057466314
193.74,0.07428422074575344,0.006166807261799455,-0.3794598976876664
193.76,0.12291691287905483,0.014720378884875401,-0.33756732737053824
193.78,0.20107455146120431,0.022891692396019993,-0.26220730233158746
193.8,0.29912449994644047,0.030576701130306097,-0.1550669126384209
193.82,0.3893433037232958,0.03734277672862788,-0.018794454082922223
193.84,0.4483559300967433,0.04230481959529062,0.1412704913751436
193.86,0.47753103071912806,0.04455597377902501,0.31600821064873824
193.88,0.4882921556842561,0.043607794432233817,0.4934311158247335
193.9,0.4883782590133833,0.03943912311307119,0.6605610007692195
193.92000000000002,0.48126799228794825,0.03238301780810179,0.8050832327634045
193.94,0.4684268826983356,0.02302170293598046,0.9165441961711785
193.96,0.45059101320978295,0.012103150897322426,0.9871765359476402
193.98000000000002,0.4282628782698699,0.0004656810662910507,1.0124100682537498
194.0,0.40188229043222096,-0.011034359439821815,0.9910874743805327
194.02,0.37188774885824327,-0.021590265793423387,0.9253989445978215
194.04,0.3387455562661624,-0.030504258680226482,0.8205615815933857
194.06,0.30297420315199014,-0.037234579635246,0.6842848811092204
194.08,0.2651770880040419,-0.041427390080365695,0.526077397287067
194.1,0.22609410714061878,-0.04293158833764176,0.35645954887182324
194.12,0.1866830812703431,-0.041795875461617525,0.18615263969932264
194.14000000000001,0.14823973257313694,-0.03824860999190585,0.02531441797532475
194.16,0.11255354293443727,-0.032662214169529434,-0.11711308484640899
194.18,0.08207274188039962,-0.025505258808309488,-0.23388740293346044
194.20000000000002,0.06002843853201502,-0.017286902915991966,-0.3197407201897186
194.22,0.05048529469158568,-0.008499591821053757,-0.37142717641235634
194.24,0.058353764261525845,0.0004342872393896845,-0.3875472136263901
194.26,0.08931303482577016,0.009207168303331069,-0.3681740382502147
194.28,0.1486971794112774,0.017651136632556293,-0.314333651668632
194.3,0.23614835417952065,0.025694691240959997,-0.22749483400492646
194.32,0.334935600467151,0.03315052759803371,-0.10953822824279391
194.34,0.4150298137642233,0.03940253810445731,0.03612319655968495
194.36,0.4619038887027038,0.04348810782618113,0.20278328116942912
194.38,0.4831132834246908,0.04462353051897496,0.38007143162791823
194.4,0.4893793101920686,0.042499531138076425,0.55540635906742
194.42000000000002,0.4866085320714451,0.03723722481658684,0.7158695487904029
194.44,0.4773162270959419,0.02927049705831387,0.8496886768832211
194.46,0.4626053067763638,0.01925066258379387,0.9472899252792146
194.48000000000002,0.44309270837951537,0.007967244336708984,1.0020063667954047
194.5,0.4192461824770251,-0.0037262074787807378,1.010481510843996
194.52,0.39149991686460067,-0.014983159505523652,0.9727819669116063
194.54,0.3602988151326208,-0.025029257144059246,0.8922364471036102
194.56,0.3261236630291214,-0.033217678504988836,0.7750324303876296
194.58,0.2895169806170691,-0.03907109861311393,0.6296171338643068
194.6,0.25112088229359014,-0.04230763585356637,0.4659619764196401
194.62,0.211737526230285,-0.042849329944150104,0.29475791408898777
194.64000000000001,0.17242290222425283,-0.040812921650587905,0.12661238490063864
194.66,0.1346200159018754,-0.036483909340091096,-0.02868289200795327
194.68,0.10032158235606005,-0.03027611179996069,-0.16275038733348005
194.70000000000002,0.07222546962248629,-0.02268040778447052,-0.26904035050807834
194.72,0.053831764948056325,-0.014207859940359476,-0.34302616737239766
194.74,0.0494707731971277,-0.005333277720379081,-0.38217110277343525
194.76,0.06431184444654145,0.003555586615352114,-0.3856791169637573
194.78,0.10415182034850598,0.012198266856838034,-0.35406125275913225
194.8,0.17341873356023707,0.020472737371168618,-0.28858744882851173
194.82,0.26766215566259166,0.028308978377778626,-0.19085425075213572
194.84,0.3638830401945077,0.035414139029344475,-0.06306552579938993
194.86,0.4336379502288144,0.041022456374331995,0.0904735070913334
194.88,0.4709203018150008,0.04417132439683969,0.261817555603898
194.9,0.4863058170164671,0.04422121194438028,0.43968936655050606
194.92000000000002,0.4891632112084931,0.04101675314033823,0.611230787382527
194.94,0.4840503033042526,0.034794449248904416,0.7637873713879404
194.96,0.4728709656077247,0.026069376159832153,0.8862409658828487
194.98000000000002,0.4565104512778147,0.01554654418199794,0.9699403594397018
195.0,0.435516947784552,0.004043966752370145,1.009305241925927
195.02,0.41034076024719673,-0.0075805612278377595,1.002130847416575
195.04,0.3814175674938648,-0.018498876017088717,0.9496065118261533
195.06,0.3492034709891834,-0.02797467970513561,0.8560696207718047
195.08,0.31419933647767356,-0.03541469275543892,0.728531541310502
195.1,0.27698010905366055,-0.04040542491843567,0.5760267669429922
195.12,0.23823987865920077,-0.04273331808581787,0.40884768320706616
195.14000000000001,0.19886359660911562,-0.042387217044865554,0.23773396185003282
195.16,0.16003550969485503,-0.03954333857554635,0.07308733214492123
195.18,0.12338641165271441,-0.034534118153224214,-0.07572061263813129
195.20000000000002,0.09116129282182207,-0.02780362093289985,-0.20088798873851618
195.22,0.06636243865393025,-0.01985371537983444,-0.2965237000039426
195.24,0.05282353129484419,-0.011186633130676426,-0.35876394698730835
195.26,0.05522832223999552,-0.00224987394017043,-0.3856618204230834
195.28,0.07908536227240641,0.006611693840584458,-0.3768694150452325
195.3,0.13009350525769592,0.01518872057485501,-0.3331536950747505
195.32,0.21038403289829144,0.023391463579351762,-0.2558583683027214
195.34,0.3086309667377112,0.031092958399800395,-0.14667339815286543
195.36,0.396290960507495,0.037810428516748186,-0.008403314576476714
195.38,0.45209439781251143,0.04263026583313679,0.1532775312283663
195.4,0.47916800233445506,0.04466984736033571,0.3289098096479417
195.42000000000002,0.48880449873825765,0.04348286006579795,0.5063133553134633
195.44,0.48822718926420716,0.0390816955939088,0.6724720015009145
195.46,0.4806343671722958,0.03182281072208637,0.8151459737259192
195.48000000000002,0.46738499562557256,0.022304723343293337,0.9240351314254234
195.5,0.44917972948809204,0.011285992864289867,0.9915791368277364
195.52,0.4265099633122422,-0.00038983692578999345,1.0134463957466873
195.54,0.39981227864338037,-0.011866382829659685,0.9887286196012901
195.56,0.36952450539848475,-0.022341716942096343,0.9198553742430057
195.58,0.3361131862321222,-0.031126983951255186,0.8122554664337517
195.6,0.3000975411530368,-0.03769256505510381,0.6738076206573781
195.62,0.2620823057670977,-0.041698851148447416,0.5141364829974268
195.64000000000001,0.22280980696588426,-0.043009828945260814,0.34381951058309174
195.66,0.1832421323200618,-0.04168890558139223,0.17357505122562575
195.68,0.14468169840639775,-0.0379776064702951,0.013501789652471327
195.70000000000002,0.10892644378705728,-0.03225900596817436,-0.12756522822250613
195.72,0.07843105313958797,-0.025009124894426655,-0.24252689527420945
195.74,0.05642303127476843,-0.01674108288901595,-0.3262815944278826
195.76,0.046943844016807325,-0.007947974447021947,-0.3757587499745287
195.78,0.05486020244249636,0.0009499285959871321,-0.38973094232079
195.8,0.08581310231313137,0.009649417909659503,-0.36843047158409403
195.82,0.1451855240032387,0.017989507098662733,-0.3130202376363103
195.84,0.23288003266024676,0.02591045353678158,-0.22506964870716192
195.86,0.33248242466177164,0.03324387552600213,-0.10649853400106854
195.88,0.4136620662959606,0.03939253571400887,0.03932133679911182
195.9,0.46124929398456055,0.04339924368200623,0.2057760585387081
195.92000000000002,0.4827285008269973,0.04447618368038923,0.38258570918794566
195.94,0.4890452169281113,0.042311064597545474,0.5572433841614267
195.96,0.4862543673802273,0.03702461564463576,0.7168987099118667
195.98000000000002,0.47692984968344276,0.029050948977826254,0.8498478005445871
196.0,0.46219412953614464,0.019040952710095215,0.9465851196596167
196.02,0.44267085665366473,0.007782678953295775,1.0005082657344757
196.04,0.41883108846190087,-0.0038728054620783964,1.0083173151002103
196.06,0.39111211051529443,-0.015082244609020372,0.9701238311199789
196.08,0.359963087984418,-0.025075047636765546,0.8892872856072798
196.1,0.32587132786568307,-0.03320829206312815,0.7720104701784115
196.12,0.2893895651912963,-0.03900832250352027,0.6267406545124546
196.14000000000001,0.25117596934398756,-0.04219633554101557,0.4634356960003407
196.16,0.21205774791129442,-0.04269651095573349,0.29276244018446423
196.18,0.17312921582763985,-0.04062646440086633,0.12529807929537334
196.20000000000002,0.13589007049173807,-0.03627100120812016,-0.029196372869264846
196.22,0.10241313271349523,-0.030041414870446276,-0.16236773476221852
196.24,0.07550423187456615,-0.02242402714027191,-0.26767649197613075
196.26,0.05880457605987406,-0.013923190552706733,-0.340583762063349
196.28,0.05682521544015579,-0.005004780919117812,-0.37850926935772594
196.3,0.07493424435498297,0.003954456861465853,-0.38057338093169435
196.32,0.11894467557556868,0.01270509130787046,-0.3471579989194448
196.34,0.19236091100497943,0.021125624940350068,-0.27937460555795385
196.36,0.28779598398579315,0.02910684985943287,-0.17872599182382856
196.38,0.3796558461911075,0.03625656054754245,-0.04760400100010394
196.4,0.4426254274410149,0.04172507544888789,0.10908936514559175
196.42000000000002,0.4750783273202545,0.044571983891173526,0.2826814236953761
196.44,0.4879293751494171,0.04423644004918827,0.4614000836037471
196.46,0.48942169270549946,0.04063079514548824,0.6321964598710612
196.48000000000002,0.48339915377124565,0.03403814151013629,0.7824521400216329
196.5,0.4714804129044533,0.025006005190527793,0.9012409902496976
196.52,0.4544539211466611,0.014261782646736217,0.9802127858341584
196.54,0.432836601432077,0.0026368999036701555,1.0141596783011138
196.56,0.4070682316686656,-0.009006195671572417,1.001285432093231
196.58,0.3775799303721228,-0.019843091441705794,0.9431895280720232
196.6,0.3448242079229397,-0.029148830288968527,0.8445889584061093
196.62,0.3092972553620299,-0.036347770207183196,0.7128162371930351
196.64000000000001,0.2715669952494356,-0.041048677652513244,0.5571466075220552
196.66,0.23231695309837683,-0.04306295201257798,0.3880181135352451
196.68,0.19241648721571306,-0.04240510098468997,0.21621418461904218
196.70000000000002,0.15302693570050757,-0.03927580570568703,0.05207945139674289
196.72,0.11574461410073997,-0.03402912219186248,-0.09516424883983281
196.74,0.08275988592072704,-0.027126677366219258,-0.2179434670907018
196.76,0.05698420232082294,-0.019083242583328584,-0.31065654893893463
196.78,0.04210046649071718,-0.010409477682918224,-0.36977159645939656
196.8,0.042564770668146755,-0.001557794185007669,-0.39369987073239465
196.82,0.06363440891786627,0.007124548206736741,-0.3824661076921507
196.84,0.11106386200706697,0.015430404715791064,-0.3372121865862498
196.86,0.1883279511354167,0.023290700302130655,-0.2596189432513085
196.88,0.2874692581935693,0.030650233790976544,-0.15154059491898994
196.9,0.38137299056063995,0.03715135847961845,-0.015535706468424976
196.92000000000002,0.44417958941321667,0.04195503209371048,0.14341081758009963
196.94,0.4754710337900263,0.044141094855242834,0.3165935480311453
196.96,0.487093624380486,0.04319074960370705,0.4923356851862354
196.98000000000002,0.4875135329269113,0.03906287089722466,0.657866892946434
197.0,0.480572959426844,0.032078867259245206,0.8010194307786257
197.02,0.46787039240292955,0.0228120120251113,0.9114466900315324
197.04,0.45018639338008265,0.01200164990673222,0.9814535192988734
197.06,0.42804002342456554,0.00047742261856057464,1.0065072774056139
197.08,0.4018808008423261,-0.010912675209964669,0.9854539500614884
197.1,0.3721575763486,-0.021369387349515566,0.9204552300307269
197.12,0.33935145953703977,-0.030200902116451857,0.8166727081545282
197.14000000000001,0.3040037780251684,-0.036869448982292094,0.6817403075118583
197.16,0.26675361724977525,-0.041022800011380124,0.5250796966257661
197.18,0.22839639004151713,-0.04250878203163089,0.3571232415193116
197.20000000000002,0.1899749488806093,-0.04137210096482442,0.1885142526070584
197.22,0.1529117489822477,-0.03783398167262218,0.02935467187789021
197.24,0.1191780816108957,-0.03225636386411118,-0.11143411228991548
197.26,0.09147220421278927,-0.02509378999932357,-0.22658131637916779
197.28,0.07335758231464742,-0.016837674127214243,-0.31072731464065273
197.3,0.06932712260684683,-0.007958840054146635,-0.3604557492498847
197.32,0.0847711247457837,0.0011455751947077523,-0.374102500220845
197.34,0.12550011534936642,0.010192881509874815,-0.35137307371136006
197.36,0.19507195089767917,0.019018505473584683,-0.2928567493135933
197.38,0.28680704023424775,0.027470213973483166,-0.19971186277736278
197.4,0.3767503473074353,0.03513412792957636,-0.07412229798733866
197.42000000000002,0.44007266395613076,0.04116140668000591,0.07918434701881874
197.44,0.4738211763252629,0.04459799045268962,0.2516963500278625
197.46,0.48795542238943845,0.04484307328766965,0.4316912931931727
197.48000000000002,0.4905354311370186,0.04176189629044327,0.6059892498478606
197.5,0.48544353270338364,0.035596670880218395,0.7616622885173457
197.52,0.47433807320239124,0.02686467554276496,0.8873317590261057
197.54,0.4580248311886765,0.01627510622504564,0.9740977563945998
197.56,0.4370246137784106,0.004653624788880871,1.0161548286514395
197.58,0.41177369544658887,-0.007131085336311949,1.0111103661644611
197.6,0.38269412228794286,-0.01823764157065979,0.96001444262438
197.62,0.35022300175040993,-0.027915400137537696,0.8671207390417631
197.64000000000001,0.3148319687101385,-0.035556929147110096,0.7394143622474604
197.66,0.2770499636675687,-0.04073611934728607,0.5859575310350621
197.68,0.23749850024767133,-0.04322962987156076,0.4171155845734713
197.70000000000002,0.19694909676330874,-0.04302060205064802,0.24373252468062723
197.72,0.15641264504868846,-0.04028481090566869,0.07632708526158377
197.74,0.11726459616115137,-0.0353606246634224,-0.07562276260095013
197.76,0.0813912811939958,-0.0287053994007333,-0.20424690943504334
197.78,0.05131277463413409,-0.020842407126135172,-0.3036552149349235
197.8,0.03022487015784443,-0.012303954919674927,-0.37008760902232934
197.82,0.021960719158761223,-0.0035770254375885845,-0.40183970976074274
197.84,0.030994735742383133,0.004943969162506078,-0.39898428417526904
197.86,0.0625647403612091,0.012996076919537063,-0.3629203139530591
197.88,0.12215330720910088,0.02047314422742991,-0.29578896938827565
197.9,0.21114448490501478,0.02739795835654448,-0.19987022409010044
197.92000000000002,0.31543981310049984,0.03373128592440977,-0.07737360838739998
197.94,0.4034580900352272,0.03901562868753075,0.06860561932203743
197.96,0.455799418194172,0.04235178705634515,0.2321476363899937
197.98000000000002,0.4791069297121978,0.04293786343665541,0.40372948630480066
198.0,0.485739402939355,0.04044620806183654,0.5715268030073866
198.02,0.4827816283259665,0.03499569822153888,0.7233402677059042
198.04,0.4732324667522873,0.02701962017595997,0.8481157732592783
198.06,0.4583621041751628,0.017160666368022597,0.936981095497827
198.08,0.4388485352091278,0.006189060629357024,0.9839151770453666
198.1,0.4151930105460107,-0.005070694572472468,0.9861100465223049
198.12,0.3878637307288979,-0.015808294500780147,0.944049259895782
198.14000000000001,0.3573533217223066,-0.025289449459242844,0.861324697412926
198.16,0.3242154045679244,-0.03290755801102806,0.7442251850328943
198.18,0.28910551630142084,-0.03822193267669459,0.6011443373318183
198.20000000000002,0.2528409856405237,-0.040980137505102855,0.44186663701626366
198.22,0.21649248970606788,-0.04112310101360575,0.2767983616555771
198.24,0.18151774206032614,-0.03877284264401417,0.11621297711332948
198.26,0.14993812693714562,-0.034203877997726596,-0.030421161146579674
198.28,0.12453745185726425,-0.02780074571575629,-0.15496990153115062
198.3,0.10903307064557863,-0.02000571819080549,-0.25097121976442627
198.32,0.10814079541553034,-0.01126252152481519,-0.31375376122103693
198.34,0.12735169374934283,-0.001964111258955775,-0.3403351062107246
198.36,0.17171992134051153,0.007580739082651817,-0.32914147721112097
198.38,0.2417595394720681,0.017124788441087828,-0.2796874110176841
198.4,0.32592941386207974,0.026338546959725536,-0.19256844772401668
198.42000000000002,0.4009898755912221,0.03458225306474489,-0.07025619035622616
198.44,0.4510175045721411,0.04091335038965465,0.08153549193686996
198.46,0.47772541212513364,0.044460062305156804,0.2533194084307818
198.48000000000002,0.4891190156984203,0.04473060499949718,0.432828791755661
198.5,0.4907762939724483,0.04164984338433155,0.6066807665471384
198.52,0.4853853916504635,0.03548303000508832,0.7619013191741137
198.54,0.47418040592997035,0.02675483954075764,0.8871215606393175
198.56,0.4578340623039142,0.01617618153989499,0.9734676585281037
198.58,0.43682759642959795,0.004572302080711341,1.015162191829407
198.6,0.41158616274186766,-0.0071894588855131525,1.0098368353916936
198.62,0.38252966197359234,-0.018269512841399164,0.9585595625915332
198.64000000000001,0.35009656929782595,-0.02791918836831143,0.8655943440639987
198.66,0.3147622301033983,-0.03553298923176225,0.7379286928274141
198.68,0.27706201047390794,-0.040686510417039023,0.5846198914356915
198.70000000000002,0.23762781433418317,-0.043157701716593076,0.4160222941423756
198.72,0.19724757022034572,-0.04293040947648738,0.24296487053219867
198.74,0.15695744897487088,-0.0401803632245457,0.07594994920629802
198.76,0.11817042609922905,-0.035244976529323076,-0.07555895519562614
198.78,0.0828259166512083,-0.028579596399912012,-0.20370030677404807
198.8,0.05351574282678678,-0.020704314675377627,-0.3025821933822014
198.82,0.03353123117837327,-0.012146994216035331,-0.3684275566763767
198.84,0.026836751783945564,-0.0033887610666975374,-0.3994944983970133
198.86,0.03808763365309588,0.00518355375945102,-0.3957915187131232
198.88,0.07270721467038166,0.01331635163758511,-0.35861926110730324
198.9,0.13602764179892665,0.020911359181142793,-0.28998371247400423
198.92000000000002,0.2279401615082899,0.0279820139586648,-0.19202392269671553
198.94,0.33121257641272256,0.0344307385649025,-0.06693400748965951
198.96,0.4139833292302712,0.039704405263517394,0.08187603802655916
198.98000000000002,0.4611583460913611,0.04286990931812906,0.2478797211666986
199.0,0.48147742076382555,0.043176127824516304,0.4209990942289025
199.02,0.4865875404578934,0.04035999438189476,0.5891064599760362
199.04,0.48272542097780835,0.0345872280960258,0.739923762356751
199.06,0.4724943826388038,0.02632337153950597,0.8624740311917312
199.08,0.45702221814428473,0.016234101296241414,0.9480715374592451
199.1,0.4369398427619155,0.005105253477264418,0.9909586600358488
199.12,0.4127325264661533,-0.006230115890680996,0.9886391804661513
199.14000000000001,0.3848616017433023,-0.01696012873923755,0.9419286039378778
199.16,0.3538145434162139,-0.026355545363836736,0.8547436217785667
199.18,0.32013868033803167,-0.03382067890263323,0.7336656226610598
199.20000000000002,0.2844805533187494,-0.03893049120588249,0.5873272264473912
199.22,0.24764451688308553,-0.04145152398134201,0.42568216466684256
199.24,0.21068299429382809,-0.04134545071178087,0.2592259861585301
199.26,0.17502864929322567,-0.038755218917873605,0.09823756398457646
199.28,0.1426689226522191,-0.03397497896305242,-0.04789092558967272
199.3,0.11634169068627277,-0.027406366313371296,-0.17117533777687213
199.32,0.09970424518703712,-0.019505291322216213,-0.26536537520448766
199.34,0.09741091511915606,-0.010724994602728789,-0.32604793145323435
199.36,0.1149675217334552,-0.0014627626498060495,-0.3505271061932089
199.38,0.1577737296793894,0.007977094462965491,-0.3375173999261844
199.4,0.22745600368876367,0.017370409510428467,-0.2867710463548872
199.42000000000002,0.3139979347032783,0.02644080209178557,-0.1989704061536919
199.44,0.3936515614631317,0.03461220990320717,-0.07642459494277004
199.46,0.44770112521633126,0.04096001605041319,0.07549453317738496
199.48000000000002,0.4766004878010923,0.04457865919618083,0.2475979528337752
199.5,0.4889496238301824,0.044936886714272616,0.4277568063876252
199.52,0.49102594217120393,0.04193543085506342,0.6025978723187451
199.54,0.48585421469250833,0.03582729933243771,0.7590862691812614
199.56,0.4747897601853938,0.027131309372086673,0.8857573529932629
199.58,0.45854361742611754,0.016556277240102286,0.9736261476968793
199.6,0.4376077777332155,0.004928101519643905,1.0168014215454277
199.62,0.4124089452383599,-0.0068830015068545285,1.0128082469207411
199.64000000000001,0.38336467352780046,-0.01803280350949435,0.9626231876124438
199.66,0.35090821275000134,-0.02776674738750764,0.870440040187292
199.68,0.31550614493888834,-0.03547278910514685,0.7432012140335476
199.70000000000002,0.2776797467424218,-0.040719940153416345,0.589945363505859
199.72,0.23803846077718646,-0.0432801719399799,0.421033551750394
199.74,0.19733476666714028,-0.043132589753941464,0.24732310358606596
199.76,0.15655012224904,-0.040450026622383055,0.07936017461466015
199.78,0.11701624679882677,-0.03556940815536963,-0.07334094682171961
199.8,0.08055807548075813,-0.028948486292701713,-0.20287164277668324
199.82,0.04961450194717966,-0.021112998266058402,-0.3033089318620779
199.84,0.027277128897608742,-0.012599887802517846,-0.37087409001581667
199.86,0.017240556720768276,-0.0039030029882006494,-0.40386705328045613
199.88,0.023786125988315178,0.0045739431596462776,-0.40239713374310276
199.9,0.051927508935599484,0.01255611647561451,-0.3679423241772626
199.92000000000002,0.10718964051658339,0.019925476748620195,-0.3027723678474807
199.94,0.19230830218915565,0.026707702188830423,-0.20932238613260812
199.96,0.2967017427803161,0.03291727810410478,-0.08985732494119707
199.98000000000002,0.3901985116832114,0.038205291760777346,0.05281393726324699
200.0,0.4488185325093137,0.041729945994752715,0.21343341408398098
200.02,0.47599003961747577,0.04264099048893391,0.3831458832967173
200.04,0.48460212070107006,0.04053352350971867,0.5505154655452649
200.06,0.4827875417851258,0.035467988427449845,0.7034554217864927
200.08,0.47407392311484436,0.02783765067569832,0.8308299470867581
200.1,0.4599271178703897,0.01825696592853209,0.9235501393266465
200.12,0.44109014512058636,0.007476987002690194,0.9752838475696866
200.14000000000001,0.4180856969276929,-0.0036884472019819243,0.9828523865598953
200.16,0.3913900967232543,-0.014431329915848782,0.946342748941583
200.18,0.3615007872890994,-0.024011732217014883,0.8689571528325595
200.20000000000002,0.3289764222994036,-0.03181037577133519,0.7566317737856945
200.22,0.29447926959614185,-0.037368207337126556,0.6174701761190945
200.24,0.25883585254875713,-0.04041042921742376,0.46104885471384405
200.26,0.22312890873552382,-0.04085350898870668,0.2976603949648259
200.28,0.18883129592120207,-0.03879485423562136,0.13756335789468258
200.3,0.15798308600949618,-0.03448606418137741,-0.009693166849017339
200.32,0.13339148303097562,-0.028292053952777486,-0.13580873682051564
200.34,0.11880144717619447,-0.020640003927765885,-0.23408525591081286
200.36,0.11894341886595318,-0.011964028903646817,-0.29956558318869647
200.38,0.13922919299099484,-0.0026542687553244683,-0.32895600703237854
200.4,0.18431634232497662,0.006972963367539512,-0.3203790489170213
200.42000000000002,0.25374359037680005,0.016644661816573564,-0.27310897037910614
200.44,0.3350402336829219,0.025982667071504824,-0.18765143056150563
200.46,0.40598314299071975,0.03430002835511404,-0.06659456959562957
200.48000000000002,0.4528945889179857,0.040650010865231824,0.08411999384901979
200.5,0.4780843890490443,0.044190888001279266,0.25484171602449024
200.52,0.4889100359587943,0.04445782633088071,0.43326359010186977
200.54,0.490389471689936,0.04138817534103784,0.6060408697895288
200.56,0.48496331520132246,0.035250248314336805,0.7602666595045361
200.58,0.4737808196612077,0.02656727704231566,0.8846412764840303
200.6,0.45748924001649904,0.016046589381359805,0.9703495454405598
200.62,0.4365636514982409,0.004508793658389202,1.0116560060532875
200.64000000000001,0.41142979960727205,-0.007183821174513357,1.0062147337966212
200.66,0.38251170889982744,-0.018196626677576877,0.9550959242842157
200.68,0.3502554197209758,-0.027785378110362507,0.8625468579614616
200.70000000000002,0.31514862589398823,-0.03534808249617482,0.7355223768914687
200.72,0.27774640036104054,-0.04046257988135949,0.5830354936090089
200.74,0.23871183486541614,-0.042907523768687186,0.41539030777250774
200.76,0.19888163373132273,-0.04266567612846858,0.24336621712353554
200.78,0.15936659193544253,-0.039909659955677655,0.07742428176972305
200.8,0.12168998331032656,-0.03497151873218558,-0.07299638134528788
200.82,0.08794730739457696,-0.028298718173843267,-0.20003221276460018
200.84,0.060942914472695134,-0.02040072100220698,-0.29775233320196237
200.86,0.0442544339055237,-0.011791746655912441,-0.3622922820167604
200.88,0.042237890771746056,-0.00293577107355835,-0.39176139935366516
200.9,0.06005181185886233,0.005801748574604018,-0.38594255113709264
200.92000000000002,0.10345760834539351,0.014191274661274088,-0.34581821526017975
200.94,0.1766009077654651,0.02214551209387085,-0.2729958993332037
200.96,0.2738110476331713,0.029619058346063536,-0.16928404570450592
200.98000000000002,0.37021203155538884,0.03631266006904785,-0.03705746618897612
201.0,0.4377590996936811,0.04143972842389681,0.1191367607462794
201.02,0.472670147911989,0.04405467039734497,0.2910918559185031
201.04,0.4863744531164891,0.04357005657264025,0.467418738521286
201.06,0.4880540781488392,0.03988393049326101,0.635366873831111
201.08,0.4820262294937123,0.03327424349372083,0.782580450325576
201.1,0.4700815268096052,0.024284574032884407,0.8983796734946322
201.12,0.45306535013359295,0.013635995159081435,0.9746406916958309
201.14000000000001,0.4315159034860673,0.002150533290608825,1.006350547079664
201.16,0.4058859586016133,-0.009321318193065925,0.9918649054092101
201.18,0.3766210548777102,-0.01996864147269935,0.9328838696045916
201.20000000000002,0.3441945995051787,-0.029080307976636393,0.8341699900030128
201.22,0.30913512824552525,-0.03609357961095399,0.7030474556584893
201.24,0.27206129982257043,-0.04062797217971055,0.5487354782473326
201.26,0.2337360737369797,-0.042502319601219626,0.38157932948551954
201.28,0.19515156522719776,-0.0417341691777725,0.2122483708242463
201.3,0.15765397055997857,-0.03852184131858027,0.05097148442561762
201.32,0.12310729189943165,-0.0332107115387443,-0.09312344577129528
201.34,0.09407176208097662,-0.026246635109744437,-0.21250824216528472
201.36,0.0739496954996485,-0.018120979419318464,-0.30154830991983994
201.38,0.06706041725526622,-0.0093130313489806,-0.3565693472166481
201.4,0.07863429543482613,-0.0002358298037201936,-0.37569857011656266
201.42000000000002,0.11450034315959726,0.008807666888834817,-0.35850687679974713
201.44,0.1790747852186354,0.017638807443774367,-0.3055235371046435
201.46,0.2684253335890929,0.026125363737948378,-0.21784728412189644
201.48000000000002,0.3613959405068117,0.03393139836515875,-0.09740509461004303
201.5,0.4308143141240822,0.04028213865297412,0.051674234071994056
201.52,0.4694230827413247,0.04420218583547162,0.22159553760490527
201.54,0.4863766947159109,0.045007476497743934,0.40111649629848145
201.56,0.4906215082931219,0.04248452190653029,0.5772000281540386
201.58,0.48670330390602734,0.03681743565045871,0.7367876637157168
201.6,0.47656288507131944,0.028482056607213695,0.8681727027182203
201.62,0.46110488626426965,0.018159674942715,0.9619890467358478
201.64000000000001,0.44088162224088134,0.006660730107029505,1.0118789017738723
201.66,0.4163380492627399,-0.00514895262788437,1.0148612993694919
201.68,0.3878968113814779,-0.016419219378850387,0.9714101364371659
201.70000000000002,0.35599197344423167,-0.026380451332263077,0.8852590025864776
201.72,0.321089309648003,-0.03439812766896061,0.762965834655102
201.74,0.28370819004352626,-0.04001353923505,0.6132859918073481
201.76,0.2444545602457785,-0.042968149471478395,0.44641454588865087
201.78,0.20407459151346627,-0.04321032102972769,0.27316617819404654
201.8,0.1635390430333836,-0.040884367103442426,0.10416370920501516
201.82,0.12416390157895484,-0.036303090560422566,-0.05089596525913165
201.84,0.08775668007525114,-0.02990621187742584,-0.18383684935208228
201.86,0.056748854171941504,-0.022208518588510504,-0.2884104338596942
201.88,0.034256314711059235,-0.013743148626633887,-0.36048310742179146
201.9,0.024053601113421356,-0.005006331675476175,-0.3979975458347074
201.92000000000002,0.030564813254990775,0.0035913677072149743,-0.40072490384912657
201.94,0.058971713190568556,0.011765521366621578,-0.36983836204168874
201.96,0.11484852976616639,0.01938599031926916,-0.30734580417543333
201.98000000000002,0.2004945247156394,0.02645944832655651,-0.21547999268849444
202.0,0.3041757993871079,0.03296340910196387,-0.09641152453834892
202.02,0.3953616574655371,0.038495230487054104,0.04695684820360219
202.04,0.4517221242011727,0.04218063433634157,0.2090859086230491
202.06,0.47769803386146653,0.043175292632825026,0.38079117183660177
202.08,0.48584867560974027,0.04109047004902328,0.5503613983821238
202.1,0.4838613898486673,0.03599772320406449,0.7054899377950444
202.12,0.47504831745704335,0.028298343066968726,0.8348579650709077
202.14000000000001,0.460795367058564,0.01861494011846117,0.9292252341714267
202.16,0.4418167659674386,0.007707914428003018,0.9821431747543597
202.18,0.41862188188660354,-0.0035985591359582176,0.9903562306318564
202.20000000000002,0.39167615434176123,-0.014485851007420725,0.9539167126304087
202.22,0.361463162552262,-0.024203970652193582,0.8760338133168594
202.24,0.32852107337306796,-0.03212497901123224,0.762688396604298
202.26,0.2934809788299653,-0.03778332027102113,0.6220592758714648
202.28,0.25712207954776223,-0.04090049196392816,0.4638188016209765
202.3,0.22045643716192578,-0.04139256518684853,0.2983637658726704
202.32,0.18485441146870413,-0.039360239205960816,0.1360512501805552
202.34,0.15221395039215715,-0.03506232863450319,-0.013492099071014797
202.36,0.12515731554755508,-0.02887492116300188,-0.14192509264085246
202.38,0.10721098338633381,-0.02124001197796126,-0.24256105270312237
202.4,0.10290045597964707,-0.012609119296573589,-0.31051925440209943
202.42000000000002,0.11762801952782274,-0.003389220744074662,-0.3426526064794982
202.44,0.15681447652258146,0.006096850212202319,-0.3372822015901791
202.46,0.222625742410003,0.015605074223754215,-0.2938476003398001
202.48000000000002,0.3066427707260401,0.024855451804655284,-0.2127727434712929
202.5,0.3866230249913583,0.03329761801095283,-0.09606295624735561
202.52,0.44286871843046177,0.040030645223103054,0.05133046719409281
202.54,0.47394738541604287,0.04412928215026674,0.22065237584739325
202.56,0.48788803353754906,0.045011967164885,0.40005700003957856
202.58,0.49114303018852745,0.04252642404509875,0.5762411635854972
202.6,0.48693824106297456,0.03688043278965935,0.736042287377071
202.62,0.4767287047479163,0.02855711165768987,0.867705966256771
202.64000000000001,0.46126441586764333,0.018239725534254455,0.9618347395935981
202.66,0.44105091995565243,0.006739388834379833,1.0120440525912986
202.68,0.4165188688626579,-0.0050774668984792815,1.015328541604791
202.70000000000002,0.38808605738200086,-0.016359834160444203,0.9721405906012636
202.72,0.35618429508914207,-0.026336969943180442,0.8861962466811585
202.74,0.32127751676529054,-0.03437303524369937,0.7640408228086174
202.76,0.28388276171257903,-0.04000792299623993,0.614422527826692
202.78,0.24460248159980963,-0.04298174743635325,0.44753482128597694
202.8,0.2041774024203477,-0.04324170205602569,0.27419585240313843
202.82,0.16356986787527794,-0.04093123851132111,0.1050360123141761
202.84,0.12408329511978143,-0.036362724055247424,-0.050237601003489396
202.86,0.08750738805989178,-0.029975970758030025,-0.18343807172655924
202.88,0.056249828927266474,-0.022286457612648324,-0.28830751857767534
202.9,0.03339580576348302,-0.013828650372865995,-0.36070698982476945
202.92000000000002,0.02267928499113437,-0.005100762348180974,-0.39858043492013784
202.94,0.028468495235118334,0.0034839488848431724,-0.4017096084343773
202.96,0.05588001188042226,0.01163761618490435,-0.37129058197876674
202.98000000000002,0.11049445524603149,0.01922661474070393,-0.3093685308581538
203.0,0.1949814890220947,0.026258165061337484,-0.21822177682197613
203.02,0.2986185396087174,0.03272469658757591,-0.10003955801979648
203.04,0.3913649940357128,0.03825519076651995,0.0423541646160015
203.06,0.4495957201085199,0.04199368677760645,0.2036118461079033
203.08,0.47674389185143345,0.04308269294590344,0.3747482247555099
203.1,0.48549517751996807,0.04111063788906582,0.5441707804135116
203.12,0.48385074850791415,0.036131554701562096,0.6996092820954684
203.14000000000001,0.4752851900232207,0.028534739748704043,0.8297230517038927
203.16,0.4612450047986988,0.018934347105288896,0.925209562483572
203.18,0.4424645890353903,0.008085009202763449,0.979529642885364
203.20000000000002,0.4194599446300267,-0.003192357852582212,0.989319098547194
203.22,0.3926990005282761,-0.014079915251641767,0.9545135231872584
203.24,0.3626667877357389,-0.02382611529194875,0.8782069871823518
203.26,0.32990298572936005,-0.03179937187659227,0.7662757502202606
203.28,0.2950407414551062,-0.03752878342019882,0.6268121568500337
203.3,0.2588621397619501,-0.04072929656480805,0.46942605949251975
203.32,0.22238317181950668,-0.04130978101104247,0.304479446939026
203.34,0.18697938441405454,-0.039363654259096215,0.14232375159798277
203.36,0.15455552342689113,-0.035142908408467156,-0.007391650758873759
203.38,0.12774298666449985,-0.02901773197120803,-0.1362772605260592
203.4,0.11008053570381766,-0.021425494761531324,-0.2375769448113996
203.42000000000002,0.10610672110499872,-0.012814601510166975,-0.30632497755607996
203.44,0.1212198555625201,-0.0035907014723931627,-0.33928024725075606
203.46,0.16075918281199028,0.005922087691404475,-0.3346692733391728
203.48000000000002,0.2266214471398595,0.015473542260437968,-0.29185094146110574
203.5,0.309989237744097,0.024769577026587792,-0.21120857425303818
203.52,0.3886968921880707,0.033242043104013894,-0.09477434941868557
203.54,0.4437889233217291,0.039983352770158326,0.052419910544538144
203.56,0.4742346897864373,0.04407621123926007,0.2215438578679812
203.58,0.487913775520932,0.04494932970924334,0.40071705845395733
203.6,0.4910708773204461,0.04245637995417112,0.5766345800256641
203.62,0.4868283555943196,0.03680759607166576,0.736148217931239
203.64000000000001,0.47660372716995203,0.02848678709174752,0.8675237985026841
203.66,0.46113519929477104,0.01817702989136917,0.961384918040409
203.68,0.4409250429280627,0.00668873659293966,1.0113662203000002
203.70000000000002,0.41640343579773886,-0.005112696981172081,1.0144780160075273
203.72,0.38798886480238104,-0.016377499298110405,0.9711837780415323
203.74,0.3561146913786758,-0.02633623863539497,0.8852055064924466
203.76,0.32124746179952185,-0.034354339147875265,0.7630892776615869
203.78,0.2839084168606018,-0.039972788786174586,0.6135793082611132
203.8,0.2447066984014567,-0.042932514593891795,0.44686121315583605
203.82,0.2043935808913987,-0.04318113293687281,0.2737427905059343
203.84,0.16394771719126264,-0.040862025131049605,0.10484334136760691
203.86,0.12469691184458497,-0.03628689422949438,-0.05013969031490525
203.88,0.08846570059632686,-0.029894199113149233,-0.18302503788346913
203.9,0.05770923947496552,-0.022197296203964215,-0.2875535411275941
203.92000000000002,0.03557602794820993,-0.013727694369254043,-0.3595748321689702
203.94,0.02588659325747084,-0.004979721644733883,-0.39700780585319084
203.96,0.03312993217990433,0.0036383856599562,-0.3995914394686699
203.98000000000002,0.06256107851487736,0.01184507178676675,-0.36845631894682285
204.0,0.11973810224844227,0.01951281619156404,-0.30555610843237163
204.02,0.20652851452152127,0.026645996933237964,-0.2130660164416769
204.04,0.31010398158543806,0.03320380852680858,-0.09313623513728769
204.06,0.39952878377804946,0.03874864172789777,0.051238699805942395
204.08,0.45391903461032734,0.04238797068302163,0.21430791266177834
204.1,0.47869945436589034,0.04329226666783135,0.3866724141020472
204.12,0.48624771363015373,0.04109637378917616,0.5564919238412014
204.14000000000001,0.48391844297767783,0.03588955701446933,0.7114146561246553
204.16,0.47485729547251815,0.028085250731916884,0.8401354969692716
204.18,0.46038873892260157,0.018314774770573836,0.93346912934643
204.20000000000002,0.4412065017039974,0.007344657522245455,0.985051466697548
204.22,0.41781297349110164,-0.003997229237051176,0.9917310835907741
204.24,0.3906705940529268,-0.01489098965203863,0.9536743420175032
204.26,0.36026069725624965,-0.024587720566677625,0.8742047959301787
204.28,0.32711870236971596,-0.03246270879474138,0.7594089485742863
204.3,0.29187173217293944,-0.038055412281301666,0.6175546365881208
204.32,0.25529315712804235,-0.04109367363883942,0.4583803503622511
204.34,0.218386640335924,-0.04150071914126911,0.29232184155843516
204.36,0.18251074250197163,-0.03938467321071147,0.12974581240552588
204.38,0.14954719096717464,-0.03501153231758314,-0.019740846029792286
204.4,0.12209632775584692,-0.02876387890078556,-0.14784418536777352
204.42000000000002,0.1036560383529485,-0.021089173681264083,-0.2479487850105851
204.44,0.09872014286136806,-0.012443115086110733,-0.31526455103223233
204.46,0.11268136329949766,-0.0032351986029571073,-0.34674861922568423
204.48000000000002,0.15106474772785533,0.006212152571145728,-0.34083124798219694
204.5,0.21644762452745925,0.015662036890598186,-0.297047953401679
204.52,0.3011259015045782,0.024854189631265164,-0.21586649122810403
204.54,0.3829391566387438,0.03326668858455969,-0.09923456941073494
204.56,0.44105720412937,0.04001195738128924,0.048046515290284586
204.58,0.47325924088834637,0.044152780326757866,0.2173714041630646
204.6,0.48772184641801863,0.045088758906161555,0.3969755118647206
204.62,0.49121826925177686,0.04265456590839146,0.5735716787362247
204.64000000000001,0.48714736338963827,0.037050628187907615,0.7339734004880109
204.66,0.47702966010509146,0.028756002684745093,0.8663801482378832
204.68,0.4616364985852648,0.018451913003163577,0.9613363812382161
204.70000000000002,0.44147970327795877,0.0069489738440360015,1.012394477129918
204.72,0.41699121036361875,-0.004885562923437107,1.0164867083851208
204.74,0.38858814838845657,-0.01619874667383958,0.9740086935290998
204.76,0.35670042767675236,-0.026217009431419525,0.8886293395938987
204.78,0.3217887124812484,-0.03430109669900132,0.7668594047615702
204.8,0.28436476269811517,-0.039987223884408375,0.6174268429396512
204.82,0.24502259200319151,-0.0430119133459812,0.45051951477390473
204.84,0.2044895447318304,-0.04331920234232788,0.2769635822908823
204.86,0.1637071594823884,-0.04105016020064402,0.10740863600503493
204.88,0.1239476881571631,-0.03651585857968718,-0.0484115726250646
204.9,0.08695662027442637,-0.030156167971451136,-0.18228092145995317
204.92000000000002,0.05508261402563148,-0.022488170891805975,-0.28791559921003573
204.94,0.03133497816380481,-0.014049574860756342,-0.36116039852102133
204.96,0.01934779438165608,-0.00534351411550274,-0.39995932027101616
204.98000000000002,0.023350713437524834,0.0032100255558207445,-0.4041173985840269
205.0,0.048290453361664216,0.011314487457716462,-0.37488483952904766
205.02,0.09972165101877281,0.018826982919461804,-0.31439802197604816
205.04,0.18112164842090833,0.02575404145812847,-0.2250518895317676
205.06,0.2842455224135907,0.0321213746333332,-0.10909765313119688
205.08,0.38067933069639914,0.037636912233767986,0.03081091886255357
205.1,0.44377937131857714,0.04149872148937904,0.18979644588661523
205.12,0.47410063970678207,0.042821600166146924,0.3593937833356478
205.14000000000001,0.48448465967320115,0.041135469344509075,0.5283352596810317
205.16,0.48375574108046454,0.03644803839807089,0.6844604702143368
205.18,0.4758380393143131,0.029116906262195107,0.8163843778644454
205.20000000000002,0.4623488759932292,0.01973392403191813,0.9146534188662703
205.22,0.4440798736123645,0.009038393184153566,0.972502496066038
205.24,0.4215658001913159,-0.002157676958093332,0.9862930645503528
205.26,0.3952814484249856,-0.013039036204042011,0.9556634214792998
205.28,0.3657155978251825,-0.022850686419895804,0.8834122120422121
205.3,0.33341160895779437,-0.030952178865722945,0.7751451664401678
205.32,0.2990074995358058,-0.036859309118733835,0.6387288056986712
205.34,0.2632920739814458,-0.04027052441648221,0.48360721259152
205.36,0.22729028247315083,-0.041076410272570425,0.32004666010340005
205.38,0.1923891345530273,-0.03935178061313624,0.1583771254494015
205.4,0.16050778513412328,-0.03533110733793226,0.00829922176404815
205.42000000000002,0.13429607518386075,-0.029369369157121798,-0.12168048547193706
205.44,0.11731600781518538,-0.0218919943565369,-0.2246342255854928
205.46,0.11412599397659484,-0.01333941327870326,-0.2953845923765365
205.48000000000002,0.13009344759719793,-0.004114086572186726,-0.3304560797180937
205.5,0.17032784194258926,0.00545607958191394,-0.3278408322286173
205.52,0.23606239539523477,0.015104593437744951,-0.2867010259133094
205.54,0.3176240695740254,0.024502885355306397,-0.20732433956405136
205.56,0.3932263628921836,0.03304274857240792,-0.09180594372654144
205.58,0.4456696386653003,0.039804952517586076,0.054646128792305994
205.6,0.47471986377141895,0.043892460436256164,0.22305011126752228
205.62,0.48784798114572403,0.04475694082487337,0.40146945474102763
205.64000000000001,0.49081881053489307,0.04226416407990444,0.5766138273654501
205.66,0.48652389407536706,0.036628313139413324,0.7353800661709469
205.68,0.47629856159822676,0.028333130204587244,0.8660857858707642
205.70000000000002,0.46085564972393295,0.018059711255138996,0.9594018363965514
205.72,0.4406907292868751,0.006615495113764412,1.0089999984494997
205.74,0.41623354444166105,-0.005137587244734501,1.0119147062625906
205.76,0.3879050109500081,-0.01635334557934654,0.9686193480676907
205.78,0.3561433323685841,-0.026265714579723543,0.8828318385454588
205.8,0.3214230684111893,-0.03424296926887313,0.7610816391285171
205.82,0.28427829547495,-0.0398281654224039,0.612086430882407
205.84,0.24533852628595312,-0.04276328089836023,0.4459989828309055
205.86,0.20538703115804877,-0.04299575810323233,0.27359242731629735
205.88,0.16545173412188302,-0.04066738379648708,0.10545487163965872
205.9,0.12693388624070776,-0.036086648275147716,-0.04873788621466488
205.92000000000002,0.09176286718579876,-0.02968697973685604,-0.18080980409702052
205.94,0.06253730136821256,-0.021974699704730007,-0.28448287383276516
205.96,0.04259856354564541,-0.013472092991153263,-0.3555554319189847
205.98000000000002,0.03603129012993715,-0.00466176260605066,-0.3918533277844712
206.0,0.047680719511262314,0.004062860933212981,-0.39296964539308193
206.02,0.0831446556208513,0.01243797701639893,-0.3598234282927818
206.04,0.1476091772004826,0.02034973851723124,-0.2940889543662579
206.06,0.23989008095730982,0.027780215734390722,-0.19766206425138713
206.08,0.3410884210105395,0.03456950372834865,-0.07267849771101356
206.1,0.4200508627119822,0.04009313976603026,0.07722439980830408
206.12,0.46432736303496175,0.043396893240852025,0.2450939883237703
206.14000000000001,0.48328784737098013,0.04375277861448103,0.42044544096543585
206.16,0.4878761687224866,0.040922106652644605,0.5908488029835675
206.18,0.4837900998849109,0.03508557670963057,0.7438015379464558
206.20000000000002,0.47340586669458207,0.02671956361296427,0.8681519732822168
206.22,0.45777158360955533,0.01650021722820312,0.9550815893166476
206.24,0.4374897583236207,0.005224477356677167,0.9987430926532161
206.26,0.4130317839168605,-0.00626318690532437,0.9965958395191201
206.28,0.384846643218008,-0.017139940288125575,0.9494559327419514
206.3,0.3534053551758167,-0.026666893618072052,0.8612821542497809
206.32,0.3192304643799528,-0.03424081156102506,0.7387326259355358
206.34,0.28293029697147437,-0.03943188322630398,0.5905415457316912
206.36,0.2452504295281005,-0.04200519318171638,0.4267768410814598
206.38,0.2071541889207933,-0.04192469009311841,0.25804674161094576
206.4,0.16994271451644755,-0.039339647088276114,0.09472569142228697
206.42000000000002,0.13541673098711549,-0.03455482241609122,-0.053732367636790596
206.44,0.10606188016966661,-0.027986858315432166,-0.17933274210927394
206.46,0.08521418337359486,-0.020110983988688682,-0.2758833153551243
206.48000000000002,0.07715784927307044,-0.011403548770932782,-0.3391143215093573
206.5,0.08711691751465393,-0.0022867036901373142,-0.3665703751946643
206.52,0.1208955522520183,0.006916954242040885,-0.35729773725695085
206.54,0.18285614458514327,0.016000017800003798,-0.31139842360424747
206.56,0.26929972090278287,0.024796842025365248,-0.22967106163994133
206.58,0.3601119269678032,0.03294755526980062,-0.11386344493993472
206.6,0.4290240375767113,0.039674029249032974,0.03202109125365646
206.62,0.46822231859164,0.043998512974415455,0.2003116069267878
206.64000000000001,0.48601218518085454,0.0452162650844965,0.37984512756454414
206.66,0.49103301322220283,0.04308251964815893,0.5575553242406398
206.68,0.4877987894260267,0.0377509548866576,0.7202284185085363
206.70000000000002,0.4782668818740744,0.029672844023507138,0.8558914681119899
206.72,0.46335368119755915,0.019512611472088114,0.9548288974107145
206.74,0.44361568818849856,0.00807226149149517,1.0102827060722124
206.76,0.41949739291901855,-0.0037823176766887032,1.0188550563470173
206.78,0.3914178345783935,-0.015192959149549618,0.9806194097393192
206.8,0.35980442999084683,-0.025375198307153932,0.8989550966585489
206.82,0.325112247947037,-0.03367442797647024,0.7801362562014204
206.84,0.28784366794520433,-0.03960855190267936,0.6327220863653051
206.86,0.2485775001213915,-0.042894491060712144,0.4668080912598334
206.88,0.20801661726624548,-0.0434571208571429,0.2932061775436863
206.9,0.16706397981764695,-0.041420468327276784,0.12262462933878765
206.92000000000002,0.1269337583881102,-0.03708220694007125,-0.035082756803929166
206.94,0.08929028993840418,-0.030873703206842504,-0.1715356531506696
206.96,0.05637948281903423,-0.023309256607074454,-0.2802632810457656
206.98000000000002,0.03109231513970013,-0.0149297712622689,-0.35692430903943
207.0,0.01692884185808339,-0.006247257628819975,-0.39930092790552235
207.02,0.017948045534253144,0.002304271770527295,-0.40708232885051227
207.04,0.03887337345872077,0.010409505600286861,-0.3814685988802741
207.06,0.08515849977402327,0.017903860705651916,-0.3246282431075813
207.08,0.16118739215419078,0.02478038595345981,-0.23906564110063533
207.1,0.2621619806107546,0.031095277519107293,-0.12712385137004278
207.12,0.3631076726585615,0.03666292089175272,0.008727791880654309
207.14000000000001,0.43382632028542173,0.04077732121685966,0.16425271150556697
207.16,0.4696318772250999,0.04252518567938199,0.331772080056266
207.18,0.48294732951992847,0.04134255456870067,0.5005238280356737
207.20000000000002,0.4838579690999882,0.037156963869472565,0.6584920670013433
207.22,0.47707280721490075,0.030271043668654636,0.7941681008457717
207.24,0.4645195455981079,0.021239134372714567,0.8977920338720927
207.26,0.447094361456015,0.010776042404853537,0.9621692054166014
207.28,0.4253646427437864,-0.00031900357563734594,0.9831571530637927
207.3,0.3998142279204966,-0.011232315892973053,0.9598617474558637
207.32,0.3709329683610804,-0.02120001623498204,0.8945641936638616
207.34,0.33926189781707633,-0.029563697362937427,0.7924070163852298
207.36,0.30543400075953625,-0.035814063303004066,0.6608803646342714
207.38,0.27022918285893455,-0.03961973129014438,0.5091626471439163
207.4,0.23465710358145453,-0.04083938242833946,0.34737884403481395
207.42000000000002,0.20007956132630936,-0.03951658804776193,0.18584483637188176
207.44,0.1683771988442066,-0.03585784227806449,0.03436640486126359
207.46,0.14214707147619743,-0.030195663391011818,-0.09834317251639106
207.48000000000002,0.12488712487137842,-0.02294021783213608,-0.2050735232634563
207.5,0.12108326933216888,-0.01452483453534606,-0.2803197134384775
207.52,0.13601355254565095,-0.005353349733092431,-0.3202672310456969
207.54,0.1746720763473547,0.004236593040880922,-0.3225915649095396
207.56,0.23825856594321093,0.01396180268221283,-0.2861921089862047
207.58,0.3175372238292373,0.023476726032022333,-0.21116476892013872
207.6,0.3916905330994677,0.032168577474702656,-0.09945988312508491
207.62,0.4438936246280639,0.039126058639518936,0.043870458482358626
207.64000000000001,0.4733586251380568,0.04345331062719673,0.21002507661145578
207.66,0.4870465832394222,0.04458809520331577,0.3872216639740108
207.68,0.490556468413733,0.042374387537433895,0.562249733431965
207.70000000000002,0.48676247503195935,0.03700365675721997,0.7219953522058995
207.72,0.47700979290690493,0.02893929261521377,0.8546785269287035
207.74,0.4620192809860119,0.018846001082708015,0.9507986115351414
207.76,0.4422908437751636,0.0075197710588872785,1.0037999564473676
207.78,0.4182568250567408,-0.00418341809648764,1.0104546456725834
207.8,0.39034055786403504,-0.01541769169657029,0.9709612078984783
207.82,0.35898357056026114,-0.025411944286743367,0.8887723075373177
207.84,0.32466564821967087,-0.03352471400490435,0.7701819857326201
207.86,0.28792916986141376,-0.039285587670055196,0.6237192777649112
207.88,0.24941661502731846,-0.042420515248870874,0.45940771480150244
207.9,0.20993111162026853,-0.04285962163850358,0.28795830880559226
207.92000000000002,0.1705304845324596,-0.0407273336026153,0.1199668012311095
207.94,0.13266048279868753,-0.03631584677917915,-0.03481573245404629
207.96,0.09831654377825055,-0.030044215085120174,-0.1680764038262718
207.98000000000002,0.07019631965100818,-0.02240679187262114,-0.273347586458814
208.0,0.0517916347416901,-0.013916286989784891,-0.34619501361772387
208.02,0.047411824014541734,-0.005047509552862236,-0.3841774956356218
208.04,0.06219571824406271,0.003813108635911076,-0.38659178712498105
208.06,0.10192586614443924,0.012407579625337386,-0.354034158446417
208.08,0.17110463330390732,0.020618187769685804,-0.28784666415124244
208.1,0.26552361723732976,0.028383247490203368,-0.18967359213224122
208.12,0.362358482792718,0.03542318511798659,-0.06172254403631075
208.14000000000001,0.43282219742799644,0.04098284103716105,0.09174919408030266
208.16,0.4705232218540261,0.044099910252729566,0.26286628013060376
208.18,0.4860683734768622,0.044130594989224836,0.44041042893400656
208.20000000000002,0.4889697727130114,0.040916766754123396,0.6115676147848016
208.22,0.48386480810981447,0.03469375786276899,0.7637200822919716
208.24,0.472687270785051,0.025975864445491284,0.8857827870281478
208.26,0.4563323685867875,0.015467101022016032,0.9691341787010556
208.28,0.43535185195688586,0.003984125902584143,1.0082189099745245
208.3,0.410197962635554,-0.007616924683327677,1.000851114400996
208.32,0.3813083421150617,-0.0185097170398215,0.9482319994982177
208.34,0.3491418583874417,-0.02795979518370304,0.8547034235495722
208.36,0.31420363524239886,-0.035375568399968915,0.7272741102631929
208.38,0.2770752920935752,-0.040344922927976375,0.5749697277673245
208.4,0.23846137819908994,-0.04265521664198473,0.40806920392661244
208.42000000000002,0.19926305059625127,-0.04229561337182696,0.23729623905456185
208.44,0.1606890753887821,-0.03944192529393211,0.07303672129741492
208.46,0.12440599945508655,-0.034425342180423806,-0.07535033380313844
208.48000000000002,0.09270862829959028,-0.027687740281721003,-0.2000687812897736
208.5,0.06866589208975732,-0.019727779308069467,-0.29522248938035794
208.52,0.05619867834301933,-0.011043407422927648,-0.35692765539345656
208.54,0.06010008182660984,-0.002076729850463272,-0.3831980110438343
208.56,0.08597633513696251,0.006833629748199777,-0.3736227783344143
208.58,0.13941329144680847,0.0154831687502246,-0.32888237285640887
208.6,0.22164718697638836,0.023776274797596565,-0.2502309646649756
208.62,0.31942670113804,0.03155056760635496,-0.13934536922217983
208.64000000000001,0.40375117380354275,0.03826212200172259,0.0007782340347862182
208.66,0.45597164658704464,0.04296994583612879,0.16407457158299962
208.68,0.480868955917821,0.04482150126730335,0.34070706464026773
208.70000000000002,0.4893940367552907,0.04341465651412695,0.5182818107230419
208.72,0.48817939419451795,0.038794948754665506,0.6837258444863684
208.74,0.48012681342463204,0.03134148235843053,0.8248526896790813
208.76,0.4664858414484604,0.021668655359129707,0.9314916969371595
208.78,0.4479210260473579,0.01054567276957643,0.9962648429160995
208.8,0.42491205869529924,-0.0011781812930818296,1.0150555853824332
208.82,0.3978913258689409,-0.01264558314345598,0.9871839978058312
208.84,0.3672944268424494,-0.023058189538808012,0.9153025845824583
208.86,0.3335856624992274,-0.031734711550549834,0.8050405628767372
208.88,0.29728105987770037,-0.03815628354023304,0.6644401275663762
208.9,0.2589804999186334,-0.04199625450339426,0.5032416227946613
208.92000000000002,0.21941901631769148,-0.04313269046833419,0.3320837603953696
208.94,0.1795479150954661,-0.04164310608893869,0.16168941322767294
208.96,0.14065365211414776,-0.03778215353104293,0.002107009965685476
208.98000000000002,0.10450986181215992,-0.03194422096793253,-0.13792777862139552
209.0,0.07353240427107972,-0.02461427157345055,-0.25145586258327124
209.02,0.05088456114952561,-0.01631181474164101,-0.33354629309662714
209.04,0.04050377798544229,-0.007534059951956813,-0.38132000151929873
209.06,0.04710827863630279,0.0012962189965970167,-0.3937540626278759
209.08,0.07620500964447405,0.009874556216646261,-0.37129289112871466
209.1,0.13334379493953613,0.01804247544506886,-0.31531087507472494
209.12,0.21959266015139503,0.025758205438086695,-0.22755412443350326
209.14000000000001,0.3206636075388797,0.032907122838910695,-0.10998100658990145
209.16,0.4060431781096079,0.03896638946231834,0.03427241343741531
209.18,0.4574111161432888,0.04300322389488132,0.19904680787886814
209.20000000000002,0.4809474415205241,0.04419519907824594,0.37448184062128165
209.22,0.4882303857395276,0.04218820965486753,0.5483230264721141
209.24,0.48596346511819905,0.03707424899719898,0.707830743890315
209.26,0.47701461934015044,0.02926808294140163,0.8413176531195506
209.28,0.46261080018965667,0.019406272407696615,0.9392283228105699
209.3,0.44341036102081144,0.008266045316450798,0.9948603431344609
209.32,0.41989704059337,-0.0033090144902366138,1.004777130395436
209.34,0.392515085952067,-0.01447963837084965,0.9689305976095899
209.36,0.36172066778995293,-0.024475658524875658,0.8905117540512647
209.38,0.32801094624646765,-0.0326511459807439,0.77556017698948
209.4,0.29195377563983976,-0.03852635342824265,0.6323782647111178
209.42000000000002,0.25423075750701096,-0.041813811738364785,0.47080871044242817
209.44,0.21570506243642376,-0.04242707372697855,0.30144199375143754
209.46,0.17752518997114397,-0.04047180138907573,0.13482430874784643
209.48000000000002,0.1412704341956266,-0.03622009690057289,-0.019264840168776477
209.5,0.10912723440127607,-0.03007025161125007,-0.15240224751923412
209.52,0.08405963903732039,-0.022495551114808256,-0.257926247167563
209.54,0.06992489621827416,-0.013987299095050832,-0.3311236731030344
209.56,0.07151217567162034,-0.004998116961039657,-0.3691874267304889
209.58,0.09444561784330385,0.004108337862333677,-0.3709579057853073
209.6,0.1443075916498325,0.013090615985575873,-0.3364915520625479
209.62,0.2225485770097448,0.02180886115302626,-0.2665835607998136
209.64000000000001,0.3170685945519932,0.030063945884591697,-0.16262111980530364
209.66,0.40044261067760784,0.03730258269663548,-0.027406300315945695
209.68,0.45364445822541344,0.04258524348958628,0.13318771423691383
209.70000000000002,0.47998093293126187,0.04503476600752403,0.30947676346319947
209.72,0.4897712604094952,0.04420270019033078,0.48907010798344003
209.74,0.48961149063707116,0.04008734042257607,0.6587055660713094
209.76,0.4824645097745992,0.03302927874222414,0.8058343435457523
209.78,0.4696165345390411,0.02361592831167808,0.9197919945262387
209.8,0.4517456486901144,0.012601965792654947,0.9926235091700923
209.82,0.42933310207155984,0.0008347056238285952,1.0196024614621997
209.84,0.40280607359313014,-0.01081865494447269,0.9994552272269188
209.86,0.37258927209971104,-0.02153959006575543,0.9343013651512441
209.88,0.3391290674016591,-0.03061856898909544,0.8293348480280488
209.9,0.3029129983144911,-0.0375032196340323,0.6922871244358243
209.92000000000002,0.26449566803997904,-0.04183125941711732,0.532727150706991
209.94,0.2245401568102337,-0.0434462817687071,0.36126355803896876
209.96,0.18388494143041895,-0.042395733042321485,0.1887192777951017
209.98000000000002,0.1436451847599031,-0.03891163761109163,0.025349147929575648
210.0,0.10534791104110354,-0.03337583161872455,-0.11983360518695238
210.02,0.07107732584307279,-0.02627277803022118,-0.23956571462944848
210.04,0.04357732022662612,-0.01813457956173114,-0.3286360660899788
210.06,0.026262632510868533,-0.009484233844823017,-0.38396226775688874
210.08,0.02317683279520907,-0.0007832086012750361,-0.4044471238559682
210.1,0.03904271443363358,0.007613176374510103,-0.3906405050094689
210.12,0.0793344355402196,0.015491570607562167,-0.3442397034097357
210.14000000000001,0.14899240126406443,0.022795812235816174,-0.2674786405079281
210.16,0.24571566516480695,0.02955950194790752,-0.1625871823333241
210.18,0.34824230849138277,0.035640632321027245,-0.03188704279380502
210.20000000000002,0.4249703003721961,0.04040074154277012,0.12079262574864755
210.22,0.4661515014754528,0.04290349640258021,0.2882937339589592
210.24,0.4827573408206188,0.042487586933691125,0.46010536467003144
210.26,0.48568352602085657,0.03898742440275514,0.6240642632214806
210.28,0.480330534969449,0.032640064523941435,0.7681964380698761
210.3,0.4689206721541695,0.023958459512716412,0.882064496532105
210.32,0.45244839143743826,0.013636353339497137,0.9576722348854079
210.34,0.4315056392828524,0.00247030938256177,0.9900287124886826
210.36,0.4065726056818362,-0.00871196585415988,0.977414687522356
210.38,0.37812033376736454,-0.01911828623818469,0.9213718494333492
210.4,0.34665677818483953,-0.0280508981548812,0.8264397319837767
210.42000000000002,0.3127626586444832,-0.03495408758197947,0.6996784388809606
210.44,0.2771369302535656,-0.03944741515074922,0.550028808957368
210.46,0.2406653971157054,-0.04134248741265714,0.3875720566895271
210.48000000000002,0.20452483237608102,-0.04064231152934657,0.22275703904961222
210.5,0.17033106369331089,-0.03752346807078994,0.0656647482460257
210.52,0.14032620127165793,-0.032302597549886396,-0.07462378921884945
210.54,0.1175750921584331,-0.025390147310309988,-0.19049882899162457
210.56,0.10611281206453932,-0.01723600522913661,-0.2760901517386324
210.58,0.11095063121712768,-0.00827342504830545,-0.32731196953733116
210.6,0.13766839523952681,0.0011295308573537216,-0.34169460295918763
210.62,0.1905637041978365,0.01069159816792214,-0.31806587413895826
210.64000000000001,0.2672163686110201,0.02016463096948867,-0.25627413238301894
210.66,0.3514053049348486,0.029146285238754472,-0.15738602385530315
210.68,0.4195963262809714,0.03688092029704785,-0.024755093047158325
210.70000000000002,0.461595306518306,0.04239999760689115,0.13469686108254866
210.72,0.4826760778192508,0.04493154106732513,0.31044159341704325
210.74,0.490550109888304,0.044120381128607604,0.48967439408357016
210.76,0.48976638932187316,0.0400088768906173,0.6589903003487633
210.78,0.4824220270699833,0.032953395502981174,0.8058096557658327
210.8,0.46951134133487876,0.0235460861824883,0.9194744256365573
210.82,0.4516227837507263,0.012542525010480065,0.9920459524071402
210.84,0.42921113084606977,0.000789541946753938,1.0188145568968328
210.86,0.4026961986202407,-0.010846712301577844,0.9985201430979217
210.88,0.3725014540622412,-0.021548991379240122,0.9332910698735254
210.9,0.33907455141606335,-0.03060908966117205,0.8283248483883218
210.92000000000002,0.30290613982133807,-0.0374758614994151,0.6913513179139925
210.94,0.26455614148784756,-0.04178802498716752,0.5319333308766829
210.96,0.22469620039084154,-0.043389831897735494,0.3606700590492816
210.98000000000002,0.18417823712582632,-0.04232893505956443,0.1883732090358788
211.0,0.14413791553055405,-0.0388370078080383,0.025286648384407494
211.02,0.10613226555507412,-0.03329487568378453,-0.11958467662014782
211.04,0.07228731165842135,-0.026185239630872933,-0.23898026162520336
211.06,0.045403029790870665,-0.018037615997936032,-0.3276830795011128
211.08,0.028969465078334627,-0.009371520423570466,-0.38259271865915956
211.1,0.027135092668614743,-0.0006438974327140597,-0.4025780245628794
211.12,0.04476245333294081,0.007795749147449282,-0.38813430770485785
211.14000000000001,0.0874290048505568,0.01574087947859308,-0.34087864387860795
211.16,0.1597674725659814,0.023138960448544625,-0.26294108492841683
211.18,0.25794764612752624,0.030008316058227652,-0.1564631139398851
211.20000000000002,0.3585950004184213,0.03615210675683601,-0.023815492943622188
211.22,0.43122562535993947,0.040868809521406084,0.13086355684531678
211.24,0.4691689688005271,0.04322030065476021,0.29996384231742496
211.26,0.48404313505013663,0.042589949686132327,0.4726268643351798
211.28,0.48606525608828866,0.0388550467580603,0.6365268447474461
211.3,0.48013290515039025,0.03228240602482959,0.7796719116111687
211.32,0.46825865400882427,0.023405750238735614,0.8917063715675064
211.34,0.451364352399733,0.012933601700835583,0.9647862705580013
211.36,0.4300180463786061,0.0016721641044063415,0.9941216636199234
211.38,0.4046914413026903,-0.009546253523956548,0.9782227838489794
211.4,0.3758513303128119,-0.0199298073521368,0.9188692507761198
211.42000000000002,0.3440017972628792,-0.028785692309196413,0.8208277847923592
211.44,0.3097184370085078,-0.035567122025707026,0.6913576695237575
211.46,0.27369279590379697,-0.039905688463859786,0.5395566799022435
211.48000000000002,0.23680005960162975,-0.04162708497613077,0.37561036135888143
211.5,0.20020218556997288,-0.040749330386722286,0.21001332425994812
211.52,0.16549479212058063,-0.037463823154605,0.05283229410546298
211.54,0.13489268273854954,-0.032100813689087015,-0.0869231361672766
211.56,0.11142403887102266,-0.02508232579251631,-0.20176526493413677
211.58,0.09907818651622813,-0.016867197610089542,-0.2859871318576601
211.6,0.10283041576129026,-0.007894508794607217,-0.33569595796250545
211.62,0.1283219123131375,0.0014661193106841222,-0.34863049648115246
211.64000000000001,0.18025084384417864,0.010939958730099258,-0.32381909175276274
211.66,0.2571983863681658,0.020302107348800544,-0.2612544811715044
211.68,0.3437925504543053,0.02919450367588517,-0.16201051782890777
211.70000000000002,0.4153844259318663,0.03690069316205111,-0.029266347353888264
211.72,0.4598597910129565,0.04245004578048627,0.13031011874939452
211.74,0.4821629850883216,0.045041271081441174,0.30636956577594393
211.76,0.4905596878103755,0.04429389549603879,0.48617042194106325
211.78,0.49001626716920416,0.04023613930331413,0.6562927033389169
211.8,0.4828072374450042,0.0332173313912917,0.8041008573583943
211.82,0.46998754303833545,0.02382640658339038,0.9188611594242945
211.84,0.45216419417190207,0.012818160047147784,0.9925515417117984
211.86,0.42979673844355254,0.0010405115337139396,1.0203796631503605
211.88,0.40330493166143233,-0.01063777747325142,1.0010102776835337
211.9,0.373109771667311,-0.021395678932844008,0.9365095033879866
211.92000000000002,0.3396542530271099,-0.030520433921855532,0.832029422051921
211.94,0.303421391401717,-0.03745601498343769,0.6952734667957609
211.96,0.26495888588466415,-0.041836396945992685,0.5357974914899588
211.98000000000002,0.22491894387892256,-0.04350169797368081,0.3642115790703709
212.0,0.18412298668511412,-0.04249650723703983,0.1913528922829678
212.02,0.14366010810091093,-0.03905094268408759,0.027500134036765156
212.04,0.10501926446847523,-0.033546182934399864,-0.11830438520049806
212.06,0.07023229584558438,-0.02646751973309479,-0.23876859150982127
212.08,0.041974867434250905,-0.018349515808055366,-0.3286591102737509
212.1,0.02357373677877546,-0.009719315577101725,-0.38488449228449007
212.12,0.01895304318995994,-0.0010442872509786082,-0.4063585368276907
212.14000000000001,0.03267268854400226,0.007312397780890887,-0.3936695379185614
212.16,0.0700614679817402,0.015127808471777578,-0.34858842834004217
212.18,0.1363215921659402,0.02233858574731118,-0.27345915970672535
212.20000000000002,0.23080716338490667,0.028990753390060194,-0.17062017162990836
212.22,0.33502189963388146,0.03500222200571433,-0.0423633534915691
212.24,0.4166638703938773,0.03981553676519441,0.1078200747321305
212.26,0.46208031972781866,0.04250701957445511,0.2733196968499522
212.28,0.48102650591307855,0.042362744169374855,0.44407128678757407
212.3,0.4851700404675277,0.03916163890042288,0.6081272261622797
212.32,0.48058015212191424,0.03310167461063583,0.7535400106441891
212.34,0.4697696767237441,0.02466876144966827,0.8697683959226221
212.36,0.4538350596941349,0.014537586441509438,0.9486209156158227
212.38,0.4334016739506596,0.0034923572168679877,0.9848486994706112
212.4,0.4089610078052848,-0.007645085573548918,0.9764381578315391
212.42000000000002,0.38098892249619876,-0.01808208570754797,0.9246259322436695
212.44,0.3499969344689996,-0.027114536405811466,0.8336603677125491
212.46,0.3165700122610813,-0.03417530672797135,0.7103462505726046
212.48000000000002,0.2814129517155088,-0.03886861610584891,0.5634230426695745
212.5,0.24541950454929579,-0.0409881718930946,0.4028375439166381
212.52,0.2097768083671813,-0.04051800448396274,0.23897844868671067
212.54,0.17611376900884712,-0.037616116375686084,0.08194217517425556
212.56,0.1466890142455733,-0.03258232333520235,-0.05910359932353618
212.58,0.12458864767759638,-0.025813124767477873,-0.17640060791920492
212.6,0.11387197568906084,-0.017748168482090376,-0.26388150062245935
212.62,0.11955510672051864,-0.008814861905705858,-0.31723093075947895
212.64000000000001,0.14711258484142808,0.0006188841482470358,-0.33373696790306095
212.66,0.20041126972595708,0.010262532074338306,-0.3120015434195543
212.68,0.2761500746018242,0.01984228095911432,-0.251714611981971
212.70000000000002,0.3576570083846304,0.028914190566606348,-0.15392290800395064
212.72,0.42270623790572137,0.03669253879662339,-0.022116430658256726
212.74,0.4626520173067649,0.04221611583963212,0.136599853715069
212.76,0.4828167526418553,0.04473835253890286,0.3115912786759251
212.78,0.49035978825128584,0.043922138519134034,0.4900380423221636
212.8,0.48947179975018085,0.03981735433906692,0.6585699940070142
212.82,0.4821062317217324,0.032781936479800544,0.804659030119718
212.84,0.4692102422801608,0.023406802114474278,0.9176986541917264
212.86,0.45135858614392615,0.012444902482058966,0.9897937343293773
212.88,0.42900318920939334,0.0007397152898394127,1.0162659973110524
212.9,0.40256506828969385,-0.010846259630924445,0.9958726202840189
212.92000000000002,0.3724713734890032,-0.021499368381577347,0.9307446358700844
212.94,0.3391761803505483,-0.030514616534289912,0.8260685192500294
212.96,0.3031805277571897,-0.03734339800249632,0.6895514812091901
212.98000000000002,0.2650608906329475,-0.04162604354599652,0.5307253619067567
213.0,0.2255150666455228,-0.043207267231350134,0.36015410073382337
213.02,0.18543570877548077,-0.04213383050960321,0.1886149639794761
213.04,0.14602029271375827,-0.03863496274280936,0.026323982583983857
213.06,0.10891609647003833,-0.03308728943060026,-0.11772851394366468
213.08,0.07637510772410734,-0.025967356681778898,-0.2362759916214155
213.1,0.05136736327548896,-0.017796388760536196,-0.32406656029395325
213.12,0.037612928696499966,-0.009083243853813504,-0.3779271475955073
213.14000000000001,0.03957712971018812,-0.0002713851908896736,-0.39660586806663833
213.16,0.06251299937268981,0.008306516079253768,-0.3804167241097973
213.18,0.1121408054970845,0.01646183340898947,-0.3307239479502294
213.20000000000002,0.19164995471514887,0.0241440689307187,-0.24935439053150096
213.22,0.29210696210492726,0.031305929448248955,-0.13825040553512144
213.24,0.38539432656142975,0.0375766997273166,-6.905727453840327e-05
213.26,0.4464767523326562,0.042104568427923976,0.16004142485137623
213.28,0.4763023340554557,0.04398648747739852,0.33321797217598653
213.3,0.4869703350982814,0.042737703672826095,0.5077372957794387
213.32,0.4867368786145742,0.03834775751289087,0.6709158312780542
213.34,0.4792901532731591,0.03116042273246853,0.8107787928351458
213.36,0.4661649364991758,0.02176354377137403,0.9172461351361352
213.38,0.4481209233414177,0.010903816030669276,0.9829329853752486
213.4,0.4256727421121379,-0.0005886236203905704,1.0036325381455973
213.42000000000002,0.39927237196611526,-0.011871592280204214,0.9785057437907937
213.44,0.3693755306574062,-0.022157051711095103,0.909994838389573
213.46,0.3364749706489545,-0.030768562833668137,0.8034883059238798
213.48000000000002,0.301130500929587,-0.037186354868972135,0.6667796732062741
213.5,0.26401028077482724,-0.04107712512719227,0.5093757774954035
213.52,0.22595518305654103,-0.04230678050398881,0.341719551867944
213.54,0.18807785770907207,-0.04093552125772519,0.17439715988711535
213.56,0.15190412257131852,-0.037195867831151294,0.017399311572198158
213.58,0.11955016824700009,-0.03145548615337262,-0.12049828194841525
213.6,0.09390410001661513,-0.024168097148615612,-0.2321805668539048
213.62,0.07876191770857524,-0.01581731729912571,-0.31242644672775205
213.64000000000001,0.07887974170984254,-0.006859446943456618,-0.35791323334744735
213.66,0.09986193283612693,0.002328174189767429,-0.36700097305768603
213.68,0.14727333895828587,0.011482071967237857,-0.33933780607194325
213.70000000000002,0.2227305515289558,0.020435453633265863,-0.2754104849972004
213.72,0.3149709509867754,0.028967883684866528,-0.1763993829961631
213.74,0.39769648400298524,0.03652397799063492,-0.044948701469461234
213.76,0.45162676748212455,0.042169221449943124,0.11324191611598357
213.78,0.4790087786716002,0.04501187830826444,0.288647715935678
213.8,0.4897032261412769,0.04457196764176179,0.4689399241219991
213.82,0.4902893516055677,0.04081434145155932,0.6407845087604275
213.84,0.483783974194071,0.03405135010927625,0.7914362899600494
213.86,0.47150538455001584,0.024849424748655025,0.9099356217485124
213.88,0.45414441459503024,0.01395029601599901,0.9879642660818077
213.9,0.43218563807978766,0.0021966534816634208,1.0203974130353026
213.92000000000002,0.4060550119064976,-0.009540840325276861,1.0055609050864553
213.94,0.37617305017512154,-0.020432888911212116,0.94520259066067
213.96,0.342978852447687,-0.02975317864132539,0.8442003455238989
213.98000000000002,0.30694834372313856,-0.036928241749925775,0.7100458992304084
214.0,0.26861761932097694,-0.04157236207823155,0.5521582370844007
214.02,0.22862011674485244,-0.04350547265823281,0.3810909191240148
214.04,0.187747242868717,-0.04275324586119228,0.20770336572896578
214.06,0.14704165699550492,-0.039529808751841464,0.04236687626695765
214.08,0.10792476054173207,-0.03420471392011468,-0.10572797868624528
214.1,0.07233861343046237,-0.02725707537767786,-0.2291049726863722
214.12,0.042851673002411605,-0.019221292967992017,-0.3223338101402189
214.14000000000001,0.02267189620433377,-0.010630313800101394,-0.3821375144092085
214.16,0.015584816968882535,-0.001962763738067562,-0.4072786816338822
214.18,0.025965328519598922,0.006402010796696687,-0.3982494149709864
214.20000000000002,0.05894551540293137,0.014220695284015088,-0.35679802982253156
214.22,0.11994056787279012,0.0214099508327523,-0.28532976264566756
214.24,0.21025144111748334,0.028017095002014266,-0.18629321210625427
214.26,0.31547603999795293,0.034024928735597204,-0.06197130772048909
214.28,0.4036649154486399,0.03898992003655042,0.08454015499004477
214.3,0.45562399028683676,0.04202353698335526,0.2473663220156801
214.32,0.47843467534349987,0.0423401865074144,0.4170820609295347
214.34,0.48462703023885106,0.039631065192820954,0.5820335369741563
214.36,0.48130561974883274,0.0340303549701632,0.7302616614985209
214.38,0.4714652193773496,0.025980655946700286,0.851002158625708
214.4,0.45637495870933453,0.01612748503812499,0.9356969283449165
214.42000000000002,0.43671584084473153,0.00523762111209064,0.9786376405958264
214.44,0.41299577009903055,-0.005873461625730072,0.9773038057938884
214.46,0.3856940216577043,-0.016408987138058544,0.9324209287019004
214.48000000000002,0.35532060041739155,-0.025651298555973607,0.8477620081642061
214.5,0.32245598667257913,-0.03301192428959986,0.7297269039269698
214.52,0.28779699567160666,-0.03806809237717114,0.5867475966035924
214.54,0.25222386177912265,-0.04058335125149641,0.4285785714386894
214.56,0.21690137733774717,-0.04051104730991974,0.2655387810486249
214.58,0.18342341674857668,-0.03798058151351331,0.10777431520566147
214.6,0.15399826539082223,-0.03326761913654032,-0.03539124618146459
214.62,0.13164748972019374,-0.026750871331413954,-0.15595931859113255
214.64000000000001,0.12035655164739469,-0.018859810883471273,-0.2475660157604703
214.66,0.12506085019041116,-0.010019792600081118,-0.3055749457554231
214.68,0.15114637682405963,-0.0006046594157292301,-0.3269610400446973
214.70000000000002,0.2024388936538029,0.009082221880250544,-0.3100512927076689
214.72,0.2759113579746658,0.01875179157729469,-0.2543194220546337
214.74,0.3557502731342262,0.027953185856771555,-0.16064449915040302
214.76,0.4204065253746125,0.035908080030192406,-0.03234645218405338
214.78,0.46083106114085864,0.04166116067720575,0.1236741007298123
214.8,0.48167942358719656,0.04445505001850417,0.2969783349202106
214.82,0.4898530178256963,0.04393014348036749,0.47487215327214455
214.84,0.4895230050409881,0.04011134373522304,0.644013890971384
214.86,0.48266736015393696,0.03333362583818529,0.7918071681569557
214.88,0.4702504558582794,0.024168825489462666,0.9074926894516118
214.9,0.4528552587648315,0.013355765931298157,0.9829558145649852
214.92000000000002,0.4309374275447796,0.0017294384791479603,1.013253367188003
214.94,0.40492014781699837,-0.009850213994294282,0.9968555103128285
214.96,0.3752327130418501,-0.020566309876257276,0.9356077239747118
214.98000000000002,0.3423322869577355,-0.029705402766495095,0.8344345409424979
215.0,0.30672480326410156,-0.036706126095218894,0.7008240100973494
215.02,0.26899443849045235,-0.041192921770247734,0.5441465345760155
215.04,0.22985081579056532,-0.04299282092235506,0.37487221827374
215.06,0.19020437849079283,-0.04213447679391547,0.20375652346339768
215.08,0.15127909701772402,-0.03882986762850905,0.041064796187259556
215.1,0.11476191668908998,-0.033440302159199214,-0.10409787073921531
215.12,0.0829655580469008,-0.02642969612175635,-0.22429410261171515
215.14000000000001,0.05895564883124587,-0.018309626655528308,-0.31405660487020415
215.16,0.04660302518485556,-0.009582004206000423,-0.36996391081762237
215.18,0.05059408110307774,-0.0006851849719371977,-0.3904919824932836
215.20000000000002,0.07642325834510064,0.008052210171746265,-0.3756644152500409
215.22,0.12974794112287166,0.01644226199799048,-0.3265435515759218
215.24,0.21240611309532922,0.024417710909096446,-0.24467838716986512
215.26,0.31211591920537884,0.03186416225482919,-0.13188920128354617
215.28,0.39945746734345733,0.03829227264065286,0.008900535882788808
215.3,0.45392750743113586,0.04278326609341575,0.17186240067688702
215.32,0.47977520285137254,0.044474653456820584,0.34741129783994557
215.34,0.4885294947475951,0.042953623869452055,0.5233557497025824
215.36,0.48729134252248857,0.03826314147267289,0.6867995811360161
215.38,0.47915938019724125,0.03078272856049466,0.825730670141664
215.4,0.46544987576045455,0.021126125705485787,0.9301530827766044
215.42000000000002,0.44684954277573435,0.010059354273474642,0.992856022005573
215.44,0.4238476676197404,-0.0015741197769879763,1.0098720790153504
215.46,0.39688436683088596,-0.01292495037425474,0.9806426541849264
215.48000000000002,0.36640527171044235,-0.023204186102122736,0.9079065637634466
215.5,0.3328898383024336,-0.0317404681351254,0.7973403885248023
215.52,0.2968777835987788,-0.03802447203469451,0.6569944329160494
215.54,0.259006266456337,-0.04173777288749089,0.4965813114232043
215.56,0.22006870315279362,-0.042764453962261355,0.32668322894496865
215.58,0.1811063390441078,-0.04118499114230251,0.15794832055675195
215.6,0.1435400211708568,-0.03725315004732703,0.00034587494754648174
215.62,0.10933561257259639,-0.031357875976186084,-0.1374551347874777
215.64000000000001,0.0811709426680652,-0.02397357043202687,-0.24853046271256682
215.66,0.06255413721366648,-0.015603695021643472,-0.327930878160975
215.68,0.05787074478770349,-0.0067236786923132764,-0.3726834509293924
215.70000000000002,0.07237941920904688,0.0022712574351429825,-0.38157260016877365
215.72,0.11190990129528855,0.011107226314421766,-0.35473163622010817
215.74,0.1806640482851669,0.019641289951663022,-0.2931202944478808
215.76,0.2736045782703193,0.027770379667170532,-0.19813126028626715
215.78,0.36759910003646784,0.035158678301631635,-0.07192076672467246
215.8,0.43537663431100415,0.041011314983701516,0.08109954591634637
215.82,0.47174188082875,0.04436384232812545,0.2528187922470205
215.84,0.48694347515883396,0.04458154454769532,0.43180813297593806
215.86,0.48989820517005844,0.04150748127806765,0.6050649372604164
215.88,0.48494975711946964,0.035373169703902266,0.7597753669538662
215.9,0.4739279879428163,0.026689680428960597,0.8846428624475685
215.92000000000002,0.4576946339902561,0.016160979276785004,0.9708273620701616
215.94,0.4367890665296534,0.004607478699749387,1.012562402526734
215.96,0.41165568090725174,-0.007107411959867985,1.0074732422615595
215.98000000000002,0.3827230421635288,-0.018147300719878513,0.9566071713735965
216.0,0.3504366789346842,-0.027765874079085522,0.8641963200336585
216.02,0.3152809927131739,-0.03535901157304947,0.7371888485108535
216.04,0.2778049921318521,-0.040502586041215524,0.5845993474167761
216.06,0.2386618758814877,-0.042973649584684234,0.41674069829995775
216.08,0.19867275523493205,-0.04275392293788116,0.24440642907642895
216.1,0.15892453632792738,-0.04001573177785358,0.07807446657466204
216.12,0.12090528174844761,-0.03509173735701608,-0.07279979218045338
216.14000000000001,0.08666104640440958,-0.028431087443502142,-0.20034106290239384
216.16,0.05892978514995764,-0.020546103133911104,-0.2986157921377696
216.18,0.0412014696412312,-0.011955116903556558,-0.36377076326536095
216.20000000000002,0.0377154421538638,-0.003127568149359378,-0.3939456723744907
216.22,0.0534886437214607,0.005564192970568017,-0.38897847136961855
216.24,0.09422211764967887,0.013883159376664076,-0.3499361615345141
216.26,0.16454450856460412,0.02173983572889008,-0.2785337298709992
216.28,0.26061722169354246,0.02911040682503268,-0.17665687054369733
216.3,0.3595490858536686,0.03575882041791205,-0.046587692345921375
216.32,0.43154968200279864,0.04095947605462437,0.10749552187173964
216.34,0.4697502325775734,0.0437585580498172,0.27786888628829537
216.36,0.48518778939042184,0.043518107279666596,0.45348810807026296
216.38,0.4877886881124737,0.0400910757417594,0.6217475560640336
216.4,0.4823665346667769,0.03372433847890158,0.7702850568205701
216.42000000000002,0.4709128309178922,0.02493979036720622,0.8883103995632525
216.44,0.4543415380368768,0.014443329388049635,0.9675161057799971
216.46,0.4332132077765343,0.0030475344881419524,1.002656429085547
216.48000000000002,0.40798840726029934,-0.008400938575842178,0.991827701110619
216.5,0.379116445598797,-0.019089574242376655,0.9364663113605669
216.52,0.34707409882649876,-0.028300672180161895,0.8410876434343106
216.54,0.3123944397485852,-0.03546072263175637,0.712803712232072
216.56,0.2757028914456525,-0.04017530145933434,0.5606713564047395
216.58,0.23777247551123412,-0.04224733350015585,0.3949335894878005
216.6,0.19961000427563344,-0.04167774975339741,0.22622298513426323
216.62,0.16258293600642731,-0.03864876285994971,0.06479747191787388
216.64000000000001,0.12858632436921844,-0.033491209908546614,-0.08012441115689509
216.66,0.10022700689639642,-0.026638773123469434,-0.200870198980427
216.68,0.08097847630158293,-0.01857343743487843,-0.29161782719888363
216.70000000000002,0.0752628663425098,-0.00976790983601369,-0.3484736542158253
216.72,0.08842200537549148,-0.0006313234924497091,-0.36932456535085817
216.74,0.12625961950516304,0.00853351604235314,-0.35349214319270006
216.76,0.19258364757362562,0.017538160666205452,-0.3012720625105424
216.78,0.28177160533709733,0.026214895758141805,-0.21361363467143715
216.8,0.37138764455970147,0.03415914859775175,-0.09250712270966743
216.82,0.4363028521652256,0.04054142375782212,0.057584026959631676
216.84,0.47187727910294514,0.04439648719096798,0.22843770708972475
216.86,0.4873688007876258,0.04508330113050667,0.40850999367797924
216.88,0.4909357543317523,0.04242309619618333,0.5846243842148768
216.9,0.48663434490088353,0.03662137934476284,0.7436935678507377
216.92000000000002,0.47621175800017596,0.028167728202403913,0.8740505990747419
216.94,0.460507742718014,0.017752865700967214,0.9664148531287258
216.96,0.44005388279962343,0.006193405291881406,1.0145450798773723
216.98000000000002,0.4152880777985978,-0.005641706086567348,1.0155954227185142
217.0,0.3866297030020589,-0.016902167147870482,0.9701813906794875
217.02,0.3545100345144118,-0.026820996893424695,0.8821731147385531
217.04,0.3193911082660702,-0.034768745459804545,0.75824951171171
217.06,0.2817865473039013,-0.04029370995254253,0.6072625803601663
217.08,0.24229330301161395,-0.04314569725823668,0.4394731225474946
217.1,0.20164360244942847,-0.04328211045826488,0.26572656802942113
217.12,0.16078693192152566,-0.04085638074916244,0.09663997251140884
217.14000000000001,0.1210074197816802,-0.036189969623676946,-0.058131245300062945
217.16,0.08406564448700714,-0.02973039912544796,-0.1904855907330468
217.18,0.05232432830341373,-0.02199919794714615,-0.2942781701480909
217.20000000000002,0.028797360566548975,-0.013535245307717967,-0.36550387863865413
217.22,0.017104883453279384,-0.004839939621448532,-0.40225550258575365
217.24,0.021442441969691656,0.0036706893523821204,-0.40447522174699335
217.26,0.046714075314888526,0.011705534074549533,-0.3735313635767193
217.28,0.09844623301769735,0.019128190161126477,-0.3116544782721545
217.3,0.18012762740341964,0.02595268507561663,-0.2213057781604632
217.32,0.2835508762255663,0.03221336671509798,-0.10477042572939634
217.34,0.38025831234218643,0.037626769585856826,0.03529913100912157
217.36,0.44348958854694326,0.04139690788316938,0.19405660401492325
217.38,0.47380326975677034,0.042642127028543454,0.36308615987795
217.4,0.4841194171191563,0.04089565494103081,0.5311827303850615
217.42000000000002,0.4833127969143713,0.03616829355827967,0.6862615978842154
217.44,0.4753278167365713,0.028819635171152262,0.8170238351431258
217.46,0.4617892434022723,0.019441928400593337,0.9141068563044611
217.48000000000002,0.44349208961028963,0.008773184876527488,0.9708347397732305
217.5,0.4209738086684221,-0.002377410741447368,0.9836498069719013
217.52,0.3947125874021115,-0.013198662785389613,0.9522573421644949
217.54,0.36520222778385125,-0.022940453331051457,0.8795049613263247
217.56,0.33299375937623876,-0.03096757589342805,0.7710269597795313
217.58,0.2987369489822236,-0.03680094112994751,0.6346975448782624
217.6,0.263238497729795,-0.040143498312510885,0.47994909275528014
217.62,0.2275501960214646,-0.04088926329772773,0.3170201588819793
217.64000000000001,0.19309813966770967,-0.039114998520569974,0.15620211903979342
217.66,0.16185577430322498,-0.035055307148523646,0.007152729862472411
217.68,0.1365432800379673,-0.029063265241999994,-0.12166080249090183
217.70000000000002,0.12080449975279114,-0.02156034576077522,-0.22333831123199197
217.72,0.11927211728240265,-0.012981315820066395,-0.2927105484622823
217.74,0.13731321267193686,-0.0037224674084766138,-0.32628584667515304
217.76,0.17975765074856798,0.0058913452442314876,-0.3220198324448353
217.78,0.24690034507010586,0.015584503191556786,-0.2790461609105237
217.8,0.32763373706466153,0.02499522024460615,-0.1977061184682632
217.82,0.40015230744758495,0.033468632190241814,-0.08031919907331572
217.84,0.4493317225807657,0.04007027375264853,0.06754357450873827
217.86,0.47626900301599634,0.04393323762254102,0.23657371067946
217.88,0.4882424508889098,0.044551844848465,0.41466518935023444
217.9,0.4905327953777886,0.04182560949156142,0.58851367471849
217.92000000000002,0.4857588010325971,0.03599220468058222,0.7451155628246283
217.94,0.4751475030968322,0.02755130258930817,0.8729661481926662
217.96,0.45937481629537,0.017193755945234885,0.9629650877960118
217.98000000000002,0.4389252852003342,0.0057310440928616336,1.0090404689730843
218.0,0.4142269795475932,-0.005976262837645284,1.0084882627335003
218.02,0.38570332685461683,-0.017088212372616103,0.9620279734928205
218.04,0.35379812622870804,-0.026849035546083845,0.8735902432883765
218.06,0.3189952385898267,-0.03464027853901861,0.749869727323705
218.08,0.2818435940903299,-0.04001996555490963,0.5996923719933593
218.1,0.24299633838572832,-0.04274535365923874,0.43325824505861266
218.12,0.2032740747372671,-0.04277806316398203,0.2613283966844139
218.14000000000001,0.16376237372321453,-0.0402715965464102,0.09442662749621435
218.16,0.12594775247462905,-0.03554246512146891,-0.0578754249103572
218.18,0.0918781055116349,-0.029027415301013316,-0.18752884338933648
218.20000000000002,0.06430576003153243,-0.021230721599713197,-0.28838543800001426
218.22,0.04676256099779074,-0.012667023592436898,-0.3563539873013346
218.24,0.043570772954031105,-0.003805788414486041,-0.38932915245321864
218.26,0.059862361438635575,0.004977863133677728,-0.38690976039090524
218.28,0.10140199109009357,0.013441773509962587,-0.349939356277565
218.3,0.1725604185492515,0.02148622079538732,-0.27993839462530923
218.32,0.26853889118836616,0.029062895969684893,-0.1786633791551714
218.34,0.3655507151701288,0.03589018928594261,-0.04840885662007319
218.36,0.4349387479924078,0.041202540126345416,0.10644816463113874
218.38,0.4714350284963443,0.04404548443898647,0.2779009001034848
218.4,0.48611534183757993,0.04380139182011356,0.45467315917547446
218.42000000000002,0.4884097687813848,0.04033949089889584,0.6240045098855567
218.44,0.4828338962850433,0.033916491687085416,0.7734290105455645
218.46,0.4712629800321608,0.025061445416121455,0.892085619166831
218.48000000000002,0.4545714398711175,0.014486736266009248,0.9716229738254597
218.5,0.43330576005170895,0.0030112008410745237,1.0067769318115871
218.52,0.40791938872815164,-0.008512666626892672,0.9956497298013427
218.54,0.37885499885373347,-0.019267297936457005,0.9397055730047255
218.56,0.34658031835830305,-0.028531094052853756,0.8435056778594577
218.58,0.3116146443059935,-0.035728106555954875,0.7142206557257159
218.6,0.2745619868218083,-0.0404631582825356,0.5609723868652547
218.62,0.23616217552345845,-0.04254025695233333,0.39406830606892873
218.64000000000001,0.19737129975593654,-0.04196334781406211,0.22419723954444698
218.66,0.1594812540741548,-0.03891965695966482,0.06165733366912365
218.68,0.1242785522577556,-0.033747094693475525,-0.08431680833738245
218.70000000000002,0.09422062787544547,-0.026888530424664884,-0.2060691623070272
218.72,0.07258340640292475,-0.01883728469121192,-0.2978351435795643
218.74,0.06353994300043447,-0.010079533832506083,-0.35582822510499884
218.76,0.07217006592315751,-0.0010396187370987063,-0.3781000726646979
218.78,0.104262834752796,0.007965628775014506,-0.36419747728534985
218.8,0.1647940145240512,0.01674832244841898,-0.31467599536189667
218.82,0.25192589501252904,0.02519279929267279,-0.23065587913842983
218.84,0.3471724213227173,0.03302973588467503,-0.11392170118785529
218.86,0.42199336173390545,0.03956015400497856,0.03185509689269472
218.88,0.46514737250812854,0.04380635847267905,0.1995013928544585
218.9,0.4847031916815941,0.04501848612202252,0.3782379821082093
218.92000000000002,0.49039193307613205,0.04291652539409643,0.5552119442867138
218.94,0.48742796436774677,0.03763612756515497,0.717318815483313
218.96,0.478045786101003,0.02961902078259109,0.8526424703416737
218.98000000000002,0.4632537514360385,0.01952310632396272,0.951493082646405
219.0,0.4436376336591645,0.008145021722241373,1.0071148965249799
219.02,0.41965243193529045,-0.0036539104206846484,1.016092458800555
219.04,0.3917230766720905,-0.015019178709186846,0.9784651103432104
219.06,0.3602830891781671,-0.02516886676872536,0.8975655896382124
219.08,0.32579624438958815,-0.033449644106518364,0.7796137494827956
219.1,0.2887784544767991,-0.03937932016361061,0.633112114865574
219.12,0.24982990396511523,-0.0426733130745227,0.46810270709143453
219.14000000000001,0.2096870840862049,-0.04325358925634462,0.29535277782446645
219.16,0.1693049688959876,-0.04123986970787095,0.1255403865372824
219.18,0.1299759068135215,-0.0369241059907883,-0.0314908528387996
219.20000000000002,0.09347716182945301,-0.030730458828577657,-0.1673449711631645
219.22,0.06221130860344489,-0.02316441978490239,-0.2755035686692514
219.24,0.03928265861324404,-0.014756294206481339,-0.35153896357287073
219.26,0.028488274754607707,-0.006005295127715321,-0.39310040732427004
219.28,0.03431060938318553,0.002670479112394827,-0.39968713716685916
219.3,0.062000559484582725,0.010975842051192891,-0.3722373827708768
219.32,0.11716743907076281,0.018767466282332584,-0.3125721084817353
219.34,0.20208721692488787,0.026036568534643586,-0.22279447013510492
219.36,0.3050466487217025,0.03274382991975924,-0.10501077521589255
219.38,0.3957446905337007,0.03847251975011581,0.037876834633857985
219.4,0.4520072083308748,0.04234006537748046,0.20028529893369254
219.42000000000002,0.4781215091794415,0.043495218728074075,0.37295784617677674
219.44,0.48647498989651616,0.04154077275802234,0.5440800122617713
219.46,0.4846828148668891,0.036540296738767346,0.701208104994467
219.48000000000002,0.4760349603549851,0.0288896579947108,0.8328589728150338
219.5,0.4619101515696861,0.019209455696441845,0.9296130407650545
219.52,0.44301877331101513,0.008261611072810105,0.9848414687874983
219.54,0.4198660602542886,-0.0031249374942454097,0.9951211491254107
219.56,0.3929114301750626,-0.014124124623120262,0.9603614676214728
219.58,0.3626291890109692,-0.02397662354638647,0.8836625196257896
219.6,0.3295431431086422,-0.03204416455715548,0.7709357230877604
219.62,0.2942621508899232,-0.03785084338896671,0.6303321346675959
219.64000000000001,0.25753113753373646,-0.04110878182616847,0.47153612375521375
219.66,0.2203100111167412,-0.041726604988777255,0.3049904537962327
219.68,0.18389184038389114,-0.03980037859634339,0.14112261417896463
219.70000000000002,0.1500648134323581,-0.03558785685428288,-0.010358726440919216
219.72,0.12130432136867779,-0.029468203534479823,-0.1410342441951968
219.74,0.1009549751462701,-0.021890870894123476,-0.24416018183209193
219.76,0.09334447619374683,-0.01331893192906241,-0.314836980188508
219.78,0.10374541565081583,-0.00417357524413938,-0.3499510770750645
219.8,0.1378410187088741,0.005210589276999064,-0.3479119440932052
219.82,0.19930253671966383,0.014595929051970886,-0.3082663591456932
219.84,0.2830486474025105,0.02375791511850479,-0.23143278624006786
219.86,0.36872127661828724,0.032255761440478564,-0.11906829707284274
219.88,0.43273646421186246,0.03926133372863768,0.024630920852840965
219.9,0.46934189446071073,0.043808441727754714,0.19172937964892175
219.92000000000002,0.48630621909393984,0.04522016245442731,0.37089718920399517
219.94,0.49125886275450675,0.04326201304495863,0.5489804013091524
219.96,0.4881980719859018,0.03808396689903169,0.7126871545216897
219.98000000000002,0.4788987246816618,0.030129221353575222,0.8499403899286234
220.0,0.4642216814515721,0.02005483570229054,0.9508885015729895
220.02,0.444707351496122,0.008658143306269225,1.0086130180696031
220.04,0.42079524338866453,-0.003196300555515912,1.0195435336025351
220.06,0.3929022611242504,-0.014648288218070675,0.9835824129194218
220.08,0.36145415173752377,-0.024908257815629317,0.9039523173050065
220.1,0.3269039430883076,-0.033314011738714566,0.7867963129522678
220.12,0.28975101950493387,-0.03937410736078896,0.6405766662720098
220.14000000000001,0.25056946578274175,-0.04279520807930755,0.4753314502263649
220.16,0.2100545189231327,-0.04349190752577896,0.30185651506049016
220.18,0.1690969659291496,-0.041578793786444745,0.13088380930021154
220.20000000000002,0.12889252943755672,-0.03734573160302755,-0.027674467930154087
220.22,0.0910800169469096,-0.031218553615516217,-0.16535271754658787
220.24,0.05787444967711457,-0.023708726867873446,-0.27557805991828593
220.26,0.03213531145862502,-0.015357154315698639,-0.3539014075826996
220.28,0.01733477983992311,-0.006678483970700589,-0.39800257935438954
220.3,0.017504244311494402,0.0018883992050355708,-0.4074835612168398
220.32,0.0373303449426986,0.010021485453561832,-0.38348050262131633
220.34,0.08224414676710959,0.017548215526063577,-0.32812762140883683
220.36,0.15679995927614615,0.024454696299115064,-0.24392628933574595
220.38,0.2569569728155683,0.0307991897641621,-0.13323021316279832
220.4,0.358714217822298,0.03641700557110155,0.0015255536173304843
220.42000000000002,0.4312612794341943,0.04062586092806621,0.1562397144706163
220.44,0.4685174754510041,0.04250769958062052,0.32341173285039015
220.46,0.4826467996432119,0.04147443641316133,0.492391247250405
220.48000000000002,0.48402148311238885,0.037431605380989316,0.6511776398287233
220.5,0.47755504064951904,0.03066665534047773,0.7882033755217445
220.52,0.46525898093852697,0.021723935347547286,0.8935999517877083
220.54,0.4480577342269086,0.011312261767801122,0.9600323688407142
220.56,0.426526943518246,0.00022843972889787369,0.9832010850944148
220.58,0.4011517631839042,-0.010712946798124838,0.9620519263705772
220.6,0.3724204932446068,-0.020744142874221067,0.8987157390149123
220.62,0.3408706747715955,-0.02920039237086284,0.7982053377982158
220.64000000000001,0.3071295453572403,-0.035564244729652396,0.6679104133890009
220.66,0.2719679582131563,-0.03949513957203071,0.5169438552870865
220.68,0.23638152244698793,-0.0408424023306876,0.35540247699360916
220.70000000000002,0.20171080950481898,-0.03964092041771906,0.19361034994712822
220.72,0.1698059639303084,-0.036089969300999246,0.04141349847424635
220.74,0.14322348694557402,-0.030516980364863572,-0.09240975230646778
220.76,0.12541297987194658,-0.023329618321853696,-0.20056870020450132
220.78,0.12081210620133548,-0.014961431733563456,-0.2774735382413805
220.8,0.13467367386576132,-0.005818845851263499,-0.31923073167471905
220.82,0.17206220220706422,0.0037568940290753122,-0.32344986146960486
220.84,0.23451310243585266,0.013481673986709427,-0.28897525767201665
220.86,0.313458175513035,0.023018032657966033,-0.215835482812258
220.88,0.38840760233986266,0.031770449449216094,-0.10586004412416167
220.9,0.44186510274635754,0.03883727502041617,0.03608081984034397
220.92000000000002,0.4723210009857042,0.04331239180639084,0.20136643438676874
220.94,0.4866409789175605,0.044613187385527435,0.3783287698593387
220.96,0.490573154052603,0.04256427736009019,0.5537900286445983
220.98000000000002,0.48710351191378437,0.037341624455048135,0.7145991226992526
221.0,0.4776275332390435,0.029396779121546417,0.8488843315812866
221.02,0.4628847595184479,0.01938609026739712,0.9470128952091224
221.04,0.4433812847098134,0.008100723917042366,1.002270663359057
221.06,0.4195510019944169,-0.0036046048791644227,1.0112590620827633
221.08,0.39181689576734985,-0.014881884759324133,0.9740077963442558
221.1,0.3606190587305067,-0.02495485304026586,0.8938154578219962
221.12,0.3264347823576665,-0.03317445565254052,0.7768477389106734
221.14000000000001,0.28980245390982906,-0.03906099762941998,0.6315393433401734
221.16,0.25135815900506076,-0.04233030510259956,0.4678585750199252
221.18,0.2118947865858924,-0.04290242531650453,0.29650191804538595
221.20000000000002,0.17245414139754925,-0.040892621995636286,0.12808934729501364
221.22,0.1344582096270174,-0.03658563092083431,-0.02757033963318313
221.24,0.09987008526449372,-0.03039539192365298,-0.16208120233290793
221.26,0.07134814908239333,-0.022813909314308257,-0.2688775420350944
221.28,0.05234178707306013,-0.014354435557796322,-0.3434234169211835
221.3,0.047116852023464315,-0.005495046078765881,-0.3831836770326393
221.32,0.060767930850629384,0.0033722166745074208,-0.38737902744631264
221.34,0.09906297269155644,0.011982145705514962,-0.35655573635355475
221.36,0.16669171597886126,0.02021073891326463,-0.29203435738398653
221.38,0.26019916123063996,0.027998792045604706,-0.19544903703466135
221.4,0.35773555989784817,0.03508743457033474,-0.06895194021895604
221.42000000000002,0.42999601614517236,0.04074558265735274,0.08335570116235892
221.44,0.46920103779337563,0.044007406928044605,0.25380148213439463
221.46,0.48562087443880114,0.04420462935010089,0.43130580108589567
221.48000000000002,0.48903099086359947,0.041155264456924065,0.6030920117841956
221.5,0.4842791190379056,0.03507726843043347,0.7564972737284803
221.52,0.4733890458896939,0.026472826452709756,0.880333004622243
221.54,0.45728724667737397,0.01603803046635304,0.9658342505883177
221.56,0.43653522743605233,0.004585463057043725,1.0072783184885146
221.58,0.41158767855695466,-0.007029119777749311,1.0023031432268636
221.6,0.38288201648080344,-0.017976331863820715,0.9519391975382846
221.62,0.3508755229613847,-0.027515693936045055,0.8603759444218195
221.64000000000001,0.3160704863075957,-0.03504727504439413,0.7344986851494374
221.66,0.27904393751817824,-0.04014910504610905,0.5832463440149355
221.68,0.24049304770982857,-0.04259805773094796,0.41685209008995333
221.70000000000002,0.20130721752503172,-0.04237309827842406,0.24603553225414126
221.72,0.1626771088168975,-0.03964100113152295,0.08121721896005978
221.74,0.1262431634140072,-0.03472585318468425,-0.06817665893775371
221.76,0.0942660831259082,-0.028064962477788193,-0.19425927666210183
221.78,0.06977540988220648,-0.020155299896483535,-0.2910312439862408
221.8,0.056651387259253644,-0.011496037057670713,-0.3545046105421784
221.82,0.059647225972658924,-0.0025331598755859,-0.38259929313820196
221.84,0.08433874778533429,0.006388680977701401,-0.37483074625980534
221.86,0.1363652818481925,0.01505810663614262,-0.33183215634320123
221.88,0.2173552012464466,0.023376129333648882,-0.2548333063083544
221.9,0.31495340271318706,0.031189664494428754,-0.14547801596196683
221.92000000000002,0.4004901773596347,0.037977065406105376,-0.006661871197822713
221.94,0.4542275123870558,0.04280703705119655,0.15572457328397082
221.96,0.4801440656435255,0.04481138454238117,0.33200479362019353
221.98000000000002,0.48925703458524616,0.04356473033678183,0.5098604853544484
222.0,0.4884225836506124,0.0390937920380646,0.6762086985441081
222.02,0.4806628389388737,0.031764142237947185,0.8187886587671266
222.04,0.4672731623680523,0.022180833178796315,0.9273099354852452
222.06,0.44893325148332475,0.011107428386842148,0.9942448221376005
222.08,0.4261271974072636,-0.0006088621078701414,1.0153116976536387
222.1,0.39928801693748184,-0.012109386020405176,0.9896641457537282
222.12,0.3688503288686074,-0.02259140749478841,0.9197997698178866
222.14000000000001,0.33527632016184733,-0.031366714936907646,0.811215724695836
222.16,0.29907853378858285,-0.037907688250184944,0.6718537521864565
222.18,0.2608512515252271,-0.04187790082444656,0.5113910862710805
222.20000000000002,0.22132050738563092,-0.04314548609454244,0.34044303570797657
222.22,0.1814233719706436,-0.04177872785891844,0.16974767644219768
222.24,0.14242475015281067,-0.03802454485680785,0.009402817326214013
222.26,0.10606802966641284,-0.03227176064702343,-0.13177969878680756
222.28,0.07473088937837373,-0.02500241722458888,-0.24674752128362035
222.3,0.05153378815224148,-0.016735949386669786,-0.33047043230821543
222.32,0.04036945174261004,-0.007972244304141852,-0.37997537607637627
222.34,0.045907718705318706,0.0008608057431326189,-0.39416115911516797
222.36,0.07361190617703542,0.009451665025741483,-0.3734185292495926
222.38,0.12909256239275424,0.017634286678246083,-0.3190983672235159
222.4,0.2139232115533285,0.025364339583126057,-0.23294655714541598
222.42000000000002,0.31496572389230465,0.03254144308159319,-0.11690195507906156
222.44,0.402039147088434,0.038673094217447204,0.026014440290084262
222.46,0.4553464053133033,0.04283873822614604,0.18985645520229977
222.48000000000002,0.4801161579563,0.04419599118117161,0.3649568189661038
222.5,0.48808048501961065,0.04236293964170225,0.5391502026263103
222.52,0.48624189914414356,0.03741011542847606,0.6996862039461719
222.54,0.4776192143196344,0.029737346766431978,0.8347945671543521
222.56,0.46349508862624755,0.019971091699329584,0.9347872562604872
222.58,0.4445459615948778,0.008882605811392236,0.992797218163479
222.6,0.4212607755395105,-0.0026865824842298965,1.0052072223824173
222.62,0.3940845645345332,-0.013895552473318758,0.9717878231851083
222.64000000000001,0.36347245694301955,-0.0239691647835606,0.8955620831582374
222.66,0.32991931707646194,-0.0322537951865794,0.7824271973576349
222.68,0.29398919349312913,-0.03826004848864952,0.6405781487688962
222.70000000000002,0.2563575539558478,-0.04168974476256758,0.47979124227761694
222.72,0.21787774421160774,-0.04244560674527109,0.3106339674247339
222.74,0.1796829367973379,-0.040623278710297556,0.14367152549706164
222.76,0.14332984885654634,-0.036486510421510646,-0.011260567839682462
222.78,0.11097457153149873,-0.030427607301448605,-0.14565421931334982
222.8,0.0855450564325754,-0.02291670176939674,-0.25274448938339533
222.82,0.07086095733624073,-0.014444935060293262,-0.32770831023149494
222.84,0.07167625617963357,-0.005467592612918654,-0.36763378857131696
222.86,0.09359055370949657,0.003646643252680294,-0.3712721213160316
222.88,0.1422273799899738,0.012650055375408396,-0.3386137356870469
222.9,0.21933667839202395,0.021398712077856256,-0.2704103230346509
222.92000000000002,0.3135275064812287,0.029698905150391513,-0.16800555279218218
222.94,0.39772332546277317,0.03701365322117284,-0.03411164606112797
222.96,0.4521124252303523,0.04241162902374672,0.12554521469730803
222.98000000000002,0.47930693283736936,0.045003650796119274,0.3014190308657633
223.0,0.4896180945260883,0.044321612176023734,0.4811885481021413
223.02,0.4898057760544874,0.04034692825858415,0.6515864670100692
223.04,0.4829300394661606,0.033407566082100715,0.8000000258147484
223.06,0.4703158102159852,0.024081955565833802,0.9156577670358852
223.08,0.4526543574345199,0.01311913903960274,0.9904684710104774
223.1,0.43043087520401313,0.001364084802797991,1.0195535576962165
223.12,0.4040731796591321,-0.010315179237571751,1.001484280277373
223.14000000000001,0.37400519853808006,-0.02109640179950413,0.9382343131180595
223.16,0.3406715481343714,-0.03026390176890692,0.8348716819942238
223.18,0.3045568703162366,-0.03725736092018924,0.6990303130215106
223.20000000000002,0.2662111158928054,-0.041705495380993544,0.5402157946966346
223.22,0.22628985997148884,-0.04344263966864772,0.36901018026137355
223.24,0.18561958080423202,-0.04250752331957542,0.19624603594298307
223.26,0.14529693261077747,-0.0391247454868096,0.0322203546060813
223.28,0.1068222540197041,-0.03367065418847043,-0.11398546421843012
223.3,0.07224494731858627,-0.02662663927412561,-0.23502273433142246
223.32,0.04426872183250125,-0.018524382929341946,-0.3255879025297338
223.34,0.026266038522133037,-0.009889068902782945,-0.38250972958163926
223.36,0.022233830142942924,-0.0011866931488688317,-0.4046157078490659
223.38,0.03683574125333127,0.00722086812587212,-0.3924026668507462
223.4,0.07549692085545401,0.015112159841121266,-0.3475444583514467
223.42000000000002,0.14330573595319765,0.022423660960715568,-0.2722839665561214
223.44,0.23879278927236017,0.02919110818530771,-0.16887498995491715
223.46,0.34205208134903636,0.035297981845135426,-0.039610979150360916
223.48000000000002,0.42111215683524644,0.040141397723711114,0.11184226430413614
223.5,0.464333618948119,0.04278745288439137,0.2785765480983974
223.52,0.4821020629190516,0.04254645644547692,0.450268660394239
223.54,0.48566490735730306,0.03922364313239606,0.6148208605814229
223.56,0.48072890249784356,0.03303538530641709,0.7602248659002154
223.58,0.4696491519550237,0.024480615951325266,0.8759404287841221
223.6,0.4534663094102662,0.014243923175494132,0.9538224979548761
223.62,0.43278679396291764,0.003116950712627905,0.9887032355037235
223.64000000000001,0.408094631274855,-0.008073504777330534,0.9786749118851436
223.66,0.3798609679080315,-0.018532434535036113,0.9250946762503703
223.68,0.34859212790706895,-0.02755600301604289,0.8323355248414191
223.70000000000002,0.31486574219464064,-0.034579834475981175,0.7073207684986067
223.72,0.27937569419265407,-0.0392130923000585,0.5588928738273202
223.74,0.24299961344310492,-0.041256197874248765,0.3970781738818505
223.76,0.20690136913571486,-0.040701168050586024,0.2323153212351955
223.78,0.17267736747262225,-0.037714735136886224,0.07471708289395498
223.8,0.14254271834105983,-0.032605669269444054,-0.06656805118993515
223.82,0.1195286144811123,-0.025779165061704478,-0.18383645581619168
223.84,0.10763328240127883,-0.017682834487293197,-0.27110890780753816
223.86,0.1118335729916296,-0.008750654259443442,-0.32418756189655146
223.88,0.1376920988147102,0.000645972459047918,-0.3404990246907811
223.9,0.18956740885078116,0.01022102719680045,-0.31878424355524965
223.92000000000002,0.2653262652965861,0.019723496019779237,-0.25882153303690286
223.94,0.34924584439774636,0.02875513898213669,-0.1616063936846326
223.96,0.41788618785117226,0.03656950674735692,-0.030391590260811556
223.98000000000002,0.4605468164157528,0.042199591425655325,0.12802748876867814
224.0,0.4821506181569072,0.044863117002840215,0.30322996743967184
224.02,0.490394431375825,0.04419041640358592,0.4824661918241472
224.04,0.4898946582901351,0.04021049875919946,0.6523296839680889
224.06,0.48279176901293763,0.033268762957636706,0.8001905272213609
224.08,0.47009872216553034,0.023948949711773065,0.9153016284275823
224.1,0.452410846679699,0.01300094890319624,0.9896070231139167
224.12,0.4301852119588742,0.0012687672379065942,1.0182626771187966
224.14000000000001,0.40384222063151837,-0.010381401413251464,0.9998686081479962
224.16,0.37380526087693317,-0.02112958435617145,0.9364189208615695
224.18,0.34052158799798415,-0.030262534534433158,0.8329925586798224
224.20000000000002,0.3044811798904632,-0.03722227284535595,0.6972247386789124
224.22,0.2662428687265865,-0.041639525437112315,0.5386135661558246
224.24,0.22647645021144724,-0.043350086253791886,0.3677266004005223
224.26,0.18603071559322018,-0.04239338305720828,0.19537752968876199
224.28,0.14603637863921629,-0.0389937495993632,0.03184353703936144
224.3,0.10804369327059336,-0.03352611199713225,-0.11381047501753594
224.32,0.07417167007872426,-0.02646911118648019,-0.23424402654845233
224.34,0.04721722966961249,-0.018350222753700962,-0.32414789640953534
224.36,0.030677426243390614,-0.009688851517216397,-0.38032525179661464
224.38,0.028721910932399758,-0.0009434205879227638,-0.4015513974642412
224.4,0.04624474806202293,0.007533954282446877,-0.38823643193924395
224.42000000000002,0.08884729329571413,0.01553330604395724,-0.34192434534895855
224.44,0.1611373890788635,0.022997664167663894,-0.2646876325992093
224.46,0.2591662233622272,0.0299388534749624,-0.15863163206664788
224.48000000000002,0.35946527841596837,0.03615098484852472,-0.026122451784036268
224.5,0.4317266655249639,0.04092494885921281,0.12867097650026402
224.52,0.46947406306358724,0.043320642947227705,0.29808848460585974
224.54,0.4842951070490945,0.042722050367339184,0.4712204718612214
224.56,0.4863229117464551,0.03900659556496626,0.6356918933519631
224.58,0.4804097932452352,0.03244090426051663,0.7794612236751511
224.6,0.46855112473482563,0.023558920653213966,0.8921230023542887
224.62,0.45166264036976045,0.013070119267137397,0.965785812092104
224.64000000000001,0.430309670606859,0.0017824001954637814,0.9956175694899148
224.66,0.40496178096151936,-0.009469625577759742,0.9800944275808803
224.68,0.3760830560863834,-0.01989141941641798,0.9209719979105397
224.70000000000002,0.344173557684705,-0.02878733689105982,0.8230041471807737
224.72,0.3098027009351026,-0.035607868257639064,0.6934485177995877
224.74,0.27365250357039317,-0.0399822546031595,0.5414114754917752
224.76,0.2365835775561572,-0.04173445217762774,0.37709540946112297
224.78,0.19973602510326655,-0.040881575094619566,0.21101712592312327
224.8,0.164673781353788,-0.03761513858745309,0.05326717919427399
224.82,0.13356792788232963,-0.0322666783263125,-0.0871237732324892
224.84,0.10939006126379486,-0.02526075163041325,-0.20265459123315324
224.86,0.09606256690484939,-0.017059945883549806,-0.2876174786646095
224.88,0.09849751842690593,-0.00810804544661398,-0.3381358813074996
224.9,0.1223381118473749,0.0012206229112503293,-0.3519841473042031
224.92000000000002,0.17255363983250713,0.010649910510307992,-0.3282402714625088
224.94,0.24861733103622585,0.01996536998473465,-0.26693245949228545
224.96,0.33632417753416977,0.028840866599390422,-0.16908638464271167
224.98000000000002,0.41060096189472417,0.03659780757598217,-0.0376814122790174
225.0,0.4574902098958546,0.04227024077948415,0.12090925943408454
225.02,0.48121069840893504,0.04502843918796925,0.296574578729667
225.04,0.490359283089432,0.04445992849462984,0.4766823189154608
225.06,0.49027091171794807,0.040569504673208356,0.647810279713357
225.08,0.48339694938221517,0.03369045856334811,0.7972426938038691
225.1,0.470857398161149,0.024400883880727392,0.9141123481826999
225.12,0.4532805549628913,0.013449060809130671,0.990229113359775
225.14000000000001,0.4311321918470113,0.0016804640430691164,1.020614723304882
225.16,0.404833045570304,-0.01003473435078842,1.0037460326221463
225.18,0.37480285135755126,-0.020870628792387512,0.9415140021337622
225.20000000000002,0.3414817628485406,-0.03010671941241461,0.8389210283599364
225.22,0.30534807082674603,-0.037177163305596665,0.7035562602784026
225.24,0.2669418758416864,-0.041704963417352595,0.5449031630777914
225.26,0.22690316679212233,-0.043519092381413646,0.37354399738966204
225.28,0.186033906382778,-0.042653804104639835,0.20033138699431063
225.3,0.1453931699556137,-0.0393306165100367,0.03559765862605922
225.32,0.10642624326125705,-0.03392464730157728,-0.11153169120207371
225.34,0.07110658798628608,-0.02691827269779895,-0.2336632900699076
225.36,0.04203893881479285,-0.0188466037067731,-0.3254576805620271
225.38,0.022468631120486394,-0.010240778446104628,-0.3837264723277557
225.4,0.01622067444362295,-0.001575355441892379,-0.40730898577204916
225.42000000000002,0.027720923797872117,0.00677632866112882,-0.39675379935344085
225.44,0.06215943399918292,0.014578586711487608,-0.3538382729199028
225.46,0.12489912966637749,0.021755961765962954,-0.28096474944137295
225.48000000000002,0.2166716801244098,0.02835770937667573,-0.18055581099735915
225.5,0.32176609316442467,0.03434899239556144,-0.054895106974950814
225.52,0.40794830839334145,0.039250839712364205,0.09280672115285402
225.54,0.4577616338331234,0.042161591146880235,0.25644836181611047
225.56,0.47926640410970495,0.042318065935888584,0.42640318187449483
225.58,0.48475873206939557,0.03944070070285535,0.5909282677132885
225.6,0.481004657334816,0.03368525224003508,0.7380781831442011
225.62,0.4708364825932247,0.025508864439987265,0.8571736794392601
225.64000000000001,0.455464623377523,0.015566638382811903,0.9397894764803788
225.66,0.43555130812324305,0.00463082053802973,0.9803800272219679
225.68,0.4115992445270893,-0.006481486481779276,0.9766017495044786
225.70000000000002,0.3840872152519015,-0.01697547080851338,0.9293562796144211
225.72,0.3535267966424992,-0.026138621863390693,0.8425783567601131
225.74,0.3205016256164306,-0.0333901894744067,0.7228036127483175
225.76,0.28571371375349286,-0.03831692518624445,0.5785650304285233
225.78,0.25005162203410775,-0.040692818458199165,0.41967786131042334
225.8,0.21469323087350153,-0.04048164126507981,0.2564797789406694
225.82,0.18125214537259945,-0.03782228987756136,0.0990954576443355
225.84,0.15196436804713545,-0.03299816951537569,-0.043207660483966
225.86,0.1298867359737472,-0.026393321428140742,-0.16251344933921985
225.88,0.11904432136472269,-0.018439740983058533,-0.25255626764180933
225.9,0.12440924997380387,-0.009562435984403704,-0.30880227556493717
225.92000000000002,0.15138006508620436,-0.00013243938757716322,-0.32832239584918654
225.94,0.20369778595242116,0.009550749611204895,-0.3095255054891329
225.96,0.2780112746941604,0.01919940051694436,-0.25195516292486747
225.98000000000002,0.35802493616532194,0.028356819499992227,-0.15656833076268897
226.0,0.422171689945922,0.03623510903508037,-0.02679710899671374
226.02,0.4619185432031843,0.041878249671915495,0.13032147326208263
226.04,0.4822396287227765,0.04453971979180776,0.3042342798304542
226.06,0.4900390436616863,0.04387460751041664,0.4821865738132687
226.08,0.48941988972867984,0.03992135795798536,0.6508333277352994
226.1,0.4823171995980821,0.03302618671696779,0.7976244752292803
226.12,0.4696767899241039,0.023769665083970958,0.9118870428209581
226.14000000000001,0.4520747107260275,0.012896651544936192,0.9856223231708043
226.16,0.4299642792702029,0.001245302464201718,1.0140215118579898
226.18,0.4037680501292389,-0.010324173871319706,0.9956959838889957
226.20000000000002,0.37391534357106077,-0.020997368845262928,0.9326279296146881
226.22,0.34086364826403004,-0.030065696177946175,0.8298637795758232
226.24,0.3051194578843927,-0.03697452406018465,0.6949900973148216
226.26,0.2672678713586926,-0.04135627420945858,0.537446147431027
226.28,0.22802010722245913,-0.04304650749840697,0.36773763923540287
226.3,0.1882893503037566,-0.042082250069682324,0.1966216032647917
226.32,0.14930390971303037,-0.03868303126981219,0.03433289676341578
226.34,0.11275652933167368,-0.03321632021427152,-0.11008146682255043
226.36,0.08096543477996926,-0.02615038886929176,-0.2292633304357911
226.38,0.05699724580328281,-0.01799917273807196,-0.3178380681227268
226.4,0.044713687482969194,-0.009265013372588627,-0.3724823930001382
226.42000000000002,0.04877974009343981,-0.00038507204308896965,-0.3917687938927098
226.44,0.07466556960063062,0.0083144965985842,-0.3758099753866532
226.46,0.1280338608448917,0.016649463728445828,-0.3257451649873273
226.48000000000002,0.21081472947248484,0.024558248337409095,-0.2431819309992934
226.5,0.31087978188497933,0.03193533374924283,-0.12997020745538507
226.52,0.39873686028310024,0.03830127707993693,0.010976258492728744
226.54,0.4535759081571692,0.04274178096775077,0.17386927262639143
226.56,0.47956572265201913,0.04439348707559791,0.34916951800818175
226.58,0.48833997258288925,0.042842621066349035,0.5247263519026433
226.6,0.4870812961587851,0.03813243576814408,0.6876832813272101
226.62,0.47892216114814545,0.030643017059303446,0.826069912478225
226.64000000000001,0.4651902728302755,0.020988211683211525,0.9299335279685772
226.66,0.4465762469904973,0.009933440081354402,0.9921055871579766
226.68,0.42357124373651517,-0.0016791366872472818,1.0086571001142752
226.70000000000002,0.39661709668124745,-0.013002059501192416,0.9790614492781474
226.72,0.36616178315553694,-0.02324866255450063,0.9060810198692378
226.74,0.332688338648901,-0.031750054683001704,0.7954063794406404
226.76,0.29674207294642413,-0.03799932950379359,0.6550919695802248
226.78,0.2589689188965414,-0.04168019702366844,0.4948453588756128
226.8,0.22017597432267835,-0.04267836581228952,0.32523611220435034
226.82,0.18142544055796364,-0.041075213278366406,0.1568946020445834
226.84,0.14416925008447798,-0.03712448542675467,-0.00022947160923484397
226.86,0.11041733884261515,-0.031214015383582174,-0.1374845119747088
226.88,0.08290697920572064,-0.023815871518862275,-0.24795679242094407
226.9,0.06522338982899868,-0.015429890796841754,-0.326695699742766
226.92000000000002,0.061848680265206415,-0.0065265744073134,-0.37070980844981155
226.94,0.07814293861108207,0.0025049288311190143,-0.3787429140013351
226.96,0.11993112661858271,0.011396708301355762,-0.3508627635632928
226.98000000000002,0.19090132536909246,0.020005906155874977,-0.28794806674509593
227.0,0.28444666896112336,0.02820813966331915,-0.19134635171328537
227.02,0.37608344401184624,0.035614647483493155,-0.06331994195670568
227.04,0.440215456990097,0.041386423856588174,0.09139694661219297
227.06,0.47397576164681066,0.04457137844505305,0.26430358632594597
227.08,0.48780265004324996,0.044577310896957455,0.4437073581329299
227.1,0.49001461531630724,0.041284013464947804,0.616506442190207
227.12,0.48457188484205005,0.03494834128772953,0.7699110097049996
227.14000000000001,0.47315028329250136,0.0260989760671465,0.8927332909925094
227.16,0.45655916931944596,0.015451951899224357,0.976300991731029
227.18,0.4353210841535882,0.0038348047706469003,1.0150537285788221
227.20000000000002,0.409874947796949,-0.007886744168796214,1.0068416705571412
227.22,0.380647252288399,-0.01887858714049108,0.9529369634611795
227.24,0.34808222308547443,-0.028400824110956183,0.8577789967212325
227.26,0.31266273466922484,-0.03585914929836954,0.728490451785514
227.28,0.27493554419323324,-0.04084171444468153,0.5742159139581998
227.3,0.23555050750035308,-0.043139247388043235,0.4053459819147403
227.32,0.19532390768028798,-0.04274743239021765,0.23269625513286518
227.34,0.15533567541057303,-0.03985178625252616,0.066712086895311
227.36,0.11706320588938421,-0.03479646708368019,-0.0832333500070593
227.38,0.08253446112742252,-0.02803973376836583,-0.20938839321694652
227.4,0.05445408671028656,-0.020100272605700378,-0.3059741174759346
227.42000000000002,0.03625081689689222,-0.011500106682898614,-0.3693119423064678
227.44,0.032061274315456155,-0.0027102327845181214,-0.3977264452256311
227.46,0.04676193724665997,0.005896755480257169,-0.39124379923134606
227.48000000000002,0.08595912300615556,0.014084728162053643,-0.35111821105935076
227.5,0.15456439325877752,0.02176959153080449,-0.27924163556338333
227.52,0.2500086783541533,0.028950073856962348,-0.17762689018914193
227.54,0.350952439709706,0.03544383060199128,-0.04853140115137581
227.56,0.4264625403534949,0.04058054521951313,0.1041295018794304
227.58,0.46723849577183907,0.043409598340377546,0.2730205698512944
227.6,0.48395514473652085,0.04326070804917091,0.44741217349565954
227.62,0.4871602629291409,0.03995722302869486,0.6148822170361955
227.64000000000001,0.4820931188049447,0.03372633177656544,0.7631544647082357
227.66,0.47091876601587274,0.025075912539983685,0.8814585958303748
227.68,0.4546110090037519,0.014700822863723118,0.9614573822749218
227.70000000000002,0.433750918605315,0.0034049002065700065,0.9978358013313626
227.72,0.4088079226001315,-0.007971537704765459,0.9885906691186578
227.74,0.3802380338688928,-0.018619670418791485,0.9350387230937852
227.76,0.348526348053703,-0.027822711313279198,0.8415664575670634
227.78,0.3142182796234711,-0.035005311273108686,0.715158887670705
227.8,0.27795820527857235,-0.03976864640535984,0.5647584191196003
227.82,0.24054816184409814,-0.041909003532360205,0.4005158318237372
227.84,0.20303867862000666,-0.04141883663422115,0.2330018356017732
227.86,0.1668614560201644,-0.03847046003111497,0.07244938221594442
227.88,0.13400289858269226,-0.03338377470092898,-0.07190617956330903
227.9,0.10719499197308656,-0.026580802151990036,-0.19233029084263184
227.92000000000002,0.09007570223220415,-0.01853137183849489,-0.28289109659230094
227.94,0.08726577771148823,-0.009695760197541434,-0.33953589177042165
227.96,0.1042694560856297,-0.0004711961085798518,-0.3599432933370456
227.98000000000002,0.1466861713010516,0.00884676919628134,-0.3431857351766853
228.0,0.21683319884492303,0.01805699018084164,-0.289312466363654
228.02,0.3056399444742975,0.02692691326424816,-0.19916979980996
228.04,0.3888843996281134,0.034930758563654976,-0.07503148536543272
228.06,0.4458114762651577,0.04116102474883158,0.07791207802501218
228.08,0.4760799323563204,0.0446936600561133,0.2506410074327898
228.1,0.4888612693228066,0.04497791348762058,0.43110975835280724
228.12,0.4909973261546416,0.041907505178935565,0.6059755059877127
228.14000000000001,0.48576563120719946,0.03573615900286477,0.762223370003123
228.16,0.4746072288959879,0.026985937648365963,0.8884178448131198
228.18,0.458258920460654,0.01636899366841997,0.9756167414802455
228.20000000000002,0.4372199346358439,0.004713707234450875,1.017983434392336
228.22,0.41191870534964997,-0.007108428796120217,1.013105181857498
228.24,0.3827726881003267,-0.018253209304272787,0.9620232442440738
228.26,0.350214087945807,-0.02796735083398207,0.8689934858540863
228.28,0.31470750404422343,-0.035641183169125214,0.7410130250270298
228.3,0.2767709324224291,-0.040846968624302656,0.5871638920605146
228.32,0.23700858932347643,-0.04336053762883276,0.41783621217560135
228.34,0.19616480074402814,-0.043165177450010715,0.24390019563370446
228.36,0.155208555558746,-0.04043795447066129,0.07589796767970822
228.38,0.11545293118063947,-0.03551984981700824,-0.07667685800316414
228.4,0.07869560304738979,-0.02887233157737932,-0.20595192158089795
228.42000000000002,0.04733605620482195,-0.02102444380510385,-0.3060545508569512
228.44,0.02440826882427504,-0.012516082886481683,-0.3732688053467306
228.46,0.013520261795788534,-0.003843934824826572,-0.4059688673045768
228.48000000000002,0.01882444506376824,0.004585083023127115,-0.4043501813524827
228.5,0.04517358375573005,0.012492027864180431,-0.36999138676886517
228.52,0.09804926698966529,0.01975465098341649,-0.3052803654474557
228.54,0.180827030297258,0.026401545937368924,-0.21277738420444964
228.56,0.28492658912255864,0.032477716689311965,-0.09481416613525477
228.58,0.3814755226885389,0.03770156016845101,0.04593571069328385
228.6,0.4440290214407251,0.04127766291570074,0.20460458687600677
228.62,0.47371850693651774,0.04233567002492755,0.37277762906892026
228.64000000000001,0.48359619154331723,0.04042583949796034,0.5393110248912764
228.66,0.4824737693228186,0.035573300112179795,0.6922456789469387
228.68,0.47424584286143073,0.02814702209209851,0.8204558080627271
228.70000000000002,0.4605177707163037,0.018743797623129447,0.914779701852529
228.72,0.44207989334504766,0.008101694891595772,0.9687513923871676
228.74,0.41947129159585544,-0.002974098410693779,0.979015101572
228.76,0.3931755594823565,-0.013679812780881997,0.9454549234628856
228.78,0.3636957515642163,-0.02327535106007626,0.8710620800096172
228.8,0.33159739602199656,-0.031137118214449602,0.7615708516896296
228.82,0.29755255610492976,-0.036798117727645484,0.6249076423624418
228.84,0.2624018872184678,-0.039972726304052825,0.4705096025824622
228.86,0.22724801334522887,-0.04056460195882832,0.30857756075825465
228.88,0.1935907523052739,-0.038657333809844145,0.14933190662651807
228.9,0.1635050714280661,-0.034488670828445624,0.002339215002859621
228.92000000000002,0.13984045912757775,-0.028410566034585905,-0.12402866856318752
228.94,0.1263858115324013,-0.020838976174886736,-0.2229535946058316
228.96,0.12789110793988176,-0.012199466840220944,-0.2893184512371924
228.98000000000002,0.1496710524770613,-0.0028780192620872836,-0.31964328591582103
229.0,0.19593543957239942,0.006804472810149228,-0.31186305071059467
229.02,0.2651792401420722,0.01655292134234237,-0.26511435269826505
229.04,0.3439877024417486,0.025944915103155008,-0.17989964645293438
229.06,0.41113092787098726,0.03425193140214011,-0.05899001487151442
229.08,0.4550466927673113,0.04052775138100527,0.09140029750255493
229.1,0.4786451085863863,0.043964282059827775,0.26142820938571015
229.12,0.48874880846304575,0.04412890889910711,0.4387344004191438
229.14000000000001,0.48988422947347116,0.04097831357578016,0.610024926970854
229.16,0.4842654085443748,0.03479062856562029,0.762500399541153
229.18,0.47296063464445665,0.02609319375193757,0.8849956029048816
229.20000000000002,0.4565919008579991,0.015593562751660128,0.9688381130112332
229.22,0.4356281150035194,0.0041095436461040784,1.0084298535257183
229.24,0.41049600806428094,-0.007501787158987378,1.001546057208898
229.26,0.38162460387443814,-0.018412789936853823,0.9493534497347693
229.28,0.3494689523570671,-0.02788727220891243,0.8561655103164361
229.3,0.31453133290735724,-0.035331585347737476,0.7289702232576113
229.32,0.2773899749410903,-0.04033141071893031,0.5767811066846593
229.34,0.23874448694733258,-0.04267195334256962,0.40987372190413807
229.36,0.19948847461907804,-0.042340479625890326,0.23897657028905636
229.38,0.1608192958611142,-0.03951135447759742,0.07448709266630231
229.4,0.12438695778466204,-0.034514944536537646,-0.0742195488632309
229.42000000000002,0.09246365935051408,-0.02779306511165268,-0.19932925652646252
229.44,0.06808923169986551,-0.019845161540041158,-0.2949293774451029
229.46,0.05514848687825069,-0.01117083593343737,-0.3571244695996789
229.48000000000002,0.05839151551232007,-0.0022146787958801347,-0.383924927799291
229.5,0.0833882795981404,0.006681559275322341,-0.37492798805609906
229.52,0.1357768120775692,0.015310624927017513,-0.3308344824616251
229.54,0.21716982579268113,0.023578478516237445,-0.2529234661644729
229.56,0.31510909038458274,0.0313364385735572,-0.14286861654143115
229.58,0.4007648931287042,0.03806459883422803,-0.003582637975041693
229.6,0.4544205917251797,0.04283197643245405,0.15902963209741303
229.62,0.4801990718128096,0.044772953574649436,0.3352824073376934
229.64000000000001,0.489185988447905,0.043466819168860006,0.5128632888304782
229.66,0.4882450672122068,0.038945021337352205,0.6787145622606169
229.68,0.4803940960161337,0.0315769209756411,0.8206178980238318
229.70000000000002,0.46692548487863406,0.021970114794279898,0.9283380267311487
229.72,0.4485179056222677,0.01088937790191116,0.9944099269976795
229.74,0.4256555312860316,-0.0008181919017016281,1.014616843642802
229.76,0.39877218171932427,-0.012295279467544102,0.988174279768065
229.78,0.3683039791402675,-0.022741526559693692,0.9176342540612945
229.8,0.3347155462305035,-0.031471882972167964,0.8085371629483671
229.82,0.2985232841874608,-0.03796236381801744,0.6688542866493152
229.84,0.2603275889694518,-0.04188030951047935,0.5082774759710793
229.86,0.22086416131091194,-0.043097398660920334,0.3374219142545717
229.88,0.1810851256152287,-0.04168489120114143,0.16701239650942323
229.9,0.14227807262885397,-0.03789178905862988,0.0071232298275405725
229.92000000000002,0.10621886678831675,-0.03210782544134644,-0.13346331399335215
229.94,0.07532885472653367,-0.024814568950821132,-0.24772538254558962
229.96,0.052784237700439336,-0.016529486836777612,-0.3306583937940937
229.98000000000002,0.04254813187844722,-0.007748985919387938,-0.3793040278407019
230.0,0.049378962830110784,0.0011040060806703027,-0.39255891965128
230.02,0.07882300183669694,0.009724155421635369,-0.37078911455818087
230.04,0.1363992346362539,0.017950951286205278,-0.315296038282639
230.06,0.22291075291809262,0.025736810246298678,-0.2277671285836245
230.08,0.32357275888602816,0.0329528407850702,-0.11014100082331796
230.1,0.4079101844839952,0.039056980838237484,0.034394844786235265
230.12,0.4583600453814164,0.043109165140305335,0.19957143769682287
230.14000000000001,0.4814155410435132,0.0442940574822262,0.37542188995819836
230.16,0.4884903609815665,0.04226645369734561,0.5496206444144174
230.18,0.4861228727802155,0.037124188098861796,0.7093865758926298
230.20000000000002,0.47710660437042013,0.029285876799135233,0.8430096952869808
230.22,0.46264212305540153,0.019391114163707642,0.9409254464605227
230.24,0.443378908213054,0.00821974753044329,0.9964335530954246
230.26,0.41979721662831393,-0.0033824130901183346,1.0061092783804262
230.28,0.39233904063490144,-0.01457435980348338,0.9699243490403697
230.3,0.36145798151269254,-0.02458477323437287,0.8910953994814667
230.32,0.32764745501965936,-0.03276723172728058,0.7756909379818266
230.34,0.2914695325898557,-0.03864218653878436,0.6320428864380568
230.36,0.25359682765619024,-0.041923054806307584,0.47002128574398727
230.38,0.2148786695055495,-0.042524933839076635,0.30023908888399936
230.4,0.17644265698456219,-0.04055564692509388,0.1332575375772288
230.42000000000002,0.13983745464879038,-0.03629003499584354,-0.02113862782142703
230.44,0.10720626925660198,-0.03012967784157895,-0.1545330271083869
230.46,0.08145435507248976,-0.02255168666791239,-0.260285048886463
230.48000000000002,0.06636154884578678,-0.014051733485565732,-0.3337189649311064
230.5,0.06662224227884411,-0.005087348462240885,-0.37208368404518344
230.52,0.0877842239961664,0.003972674813224009,-0.3742959504719616
230.54,0.13555128134555683,0.012883658580114242,-0.3405066490182522
230.56,0.21217454542137637,0.021512607868781158,-0.2716024780070278
230.58,0.3072097425771318,0.029693108033097996,-0.16898801418296652
230.6,0.3936195481685632,0.03692646743165588,-0.03529798110485542
230.62,0.45009323159601733,0.042298300683919134,0.1239405626896528
230.64000000000001,0.47843093385497243,0.044905542912681104,0.2993813286422912
230.66,0.4892347184479235,0.04426045819899197,0.4788276264370959
230.68,0.48964153285143436,0.04033181581282584,0.6490714176042324
230.70000000000002,0.48289215693927573,0.033440271467765965,0.7975204733560531
230.72,0.47037636118258025,0.024159415754780214,0.9134002253136941
230.74,0.4528064315755854,0.013234706695372715,0.9885996957680054
230.76,0.4306745379849559,0.0015084830534312244,1.0182081459584247
230.78,0.40441148359466805,-0.010152907163241603,1.000756037882167
230.8,0.37444349024531143,-0.020927905160984892,0.938171501447039
230.82,0.34121808125479164,-0.030100535324983763,0.8354762314141275
230.84,0.30522430103655873,-0.037109254845982424,0.7002608892691878
230.86,0.26701902102471703,-0.04158073295252659,0.5419943847031207
230.88,0.22726870318418324,-0.043346576738815985,0.3712316914210873
230.9,0.1868167467654885,-0.04244226053455762,0.19879031141835288
230.92000000000002,0.14678553101707434,-0.039088738768959276,0.034966014279906754
230.94,0.10871329616376595,-0.03365842625483783,-0.11114584230690415
230.96,0.07470338911418495,-0.026628539064962452,-0.23216639417681145
230.98000000000002,0.04753462683452324,-0.018526324643648902,-0.3227447142368435
231.0,0.030684961605615076,-0.009872139319377294,-0.37964373639332943
231.02,0.028303065615828446,-0.0011264207870288305,-0.4016045122981014
231.04,0.045257609890441364,0.007355787298915371,-0.3890128252345108
231.06,0.08713501648407397,0.015360950953306874,-0.34340150140779563
231.08,0.15863405310724957,0.022829132600341827,-0.26684570961384135
231.1,0.25621276633857354,0.029774029707727082,-0.16145772919682252
231.12,0.3569439900929806,0.03600184206373691,-0.029583351218397523
231.14000000000001,0.43021823772611284,0.040817473759546356,0.12468727745591579
231.16,0.4687830041718388,0.043279317737187004,0.29380095387461136
231.18,0.484061450617672,0.04275850337650418,0.46692157281889135
231.20000000000002,0.4863455360782377,0.03912031513832352,0.6316951312196437
231.22,0.48060601123884705,0.03262284529955949,0.7760599035944319
231.24,0.4688875968474185,0.02379423235303246,0.889561878500299
231.26,0.4521229241958318,0.0133402018455018,0.9642421047546544
231.28,0.4308825520259307,0.0020667420348269394,0.9951896795127185
231.3,0.4056373681017875,-0.009191701350448,0.9807978134507876
231.32,0.37685138120287703,-0.0196391386929147,0.9227418046961877
231.34,0.3450238867526585,-0.02857707850600239,0.8257038917231517
231.36,0.3107229081250622,-0.03545207724383593,0.6968837665784009
231.38,0.27462819310545916,-0.03988873364797251,0.5453471316492741
231.4,0.23759670105396513,-0.04170607242370531,0.3812750040711854
231.42000000000002,0.20076277621632918,-0.040916417368207975,0.2151824038129427
231.44,0.16568170760745082,-0.037707045270192543,0.057176286679175944
231.46,0.13451260961672343,-0.03240616307024586,-0.08368104731770566
231.48000000000002,0.11021228380467471,-0.0254361769966375,-0.19984578569100003
231.5,0.09668711464166861,-0.017258842222815467,-0.2855614703787081
231.52,0.09883427305760524,-0.008318422811982378,-0.33690220787570063
231.54,0.12228835382415137,0.0010091333909059978,-0.3515972993641152
231.56,0.17204001814069173,0.01044540299505451,-0.32868774499244646
231.58,0.24768134966391617,0.019774390528425115,-0.2681730949812734
231.6,0.33524598085636637,0.02867160675366885,-0.17105095714914625
231.62,0.4097439362800242,0.03646311815430668,-0.04025882842480926
231.64000000000001,0.4569745910023912,0.04218452853272721,0.11788670001113026
231.66,0.48096090962230426,0.045001599015449166,0.2933247461831481
231.68,0.49028900621674837,0.04449500633282853,0.4734490588594175
231.70000000000002,0.4903324564673423,0.04066330689066187,0.644836755195883
231.72,0.4835675153990649,0.03383478327660417,0.7947488610650563
231.74,0.4711247165296553,0.024583759434437417,0.9122774031723357
231.76,0.45363615354734227,0.013656007463974152,0.9891789205790819
231.78,0.4315688180678188,0.0018957955695832237,1.0204143787232303
231.8,0.40534371150727383,-0.0098266193393198,1.0043976363745328
231.82,0.37538043859899745,-0.020684045612673594,0.9429594444226577
231.84,0.3421187907375741,-0.02995366764313854,0.8410492627661403
231.86,0.3060364570163709,-0.03706653739703767,0.706214235086899
231.88,0.2676725714196704,-0.04164205255644792,0.5479093442812197
231.9,0.22766554059234487,-0.04350539583231376,0.37670326611619753
231.92000000000002,0.18681474176002688,-0.04268716499552256,0.20345003587069205
231.94,0.14617519522086192,-0.03940565454245806,0.0384972449589973
231.96,0.10718635836458949,-0.03403344841120743,-0.10900275490031017
231.98000000000002,0.07181444648231004,-0.027051268550668802,-0.23162131092553304
232.0,0.042657037548030984,-0.018993544915381296,-0.323979002474775
232.02,0.022954711228591603,-0.010391682416157344,-0.38284667632416985
232.04,0.016531341585176967,-0.00172131901030757,-0.4070256408570148
232.06,0.027813396915065836,0.006642501809774196,-0.39703209647096477
232.08,0.061990959363497175,0.014461930042016367,-0.3546188198245564
232.1,0.1244382932721819,0.02165914311463146,-0.28217276354855914
232.12,0.21596246170503614,0.028281678563353868,-0.18210975756118708
232.14000000000001,0.32102668328245537,0.03429550969796579,-0.05670917867973405
232.16,0.4074430352117456,0.03922498388877149,0.09083182868018276
232.18,0.4575322244995819,0.04216914714247826,0.25443539633487616
232.20000000000002,0.47921875610481995,0.0423610538803061,0.424491446642861
232.22,0.4848188977551184,0.03951655301704518,0.5892557208334372
232.24,0.4811371522230528,0.03378797951357718,0.7367652270334495
232.26,0.4710247073008619,0.025630259820999802,0.8563119651237949
232.28,0.4556987014514632,0.015697264695431742,0.9394350618850849
232.3,0.4358232734558311,0.004760882689248368,0.9805502278727338
232.32,0.4119012629108361,-0.006361348112745016,0.9772753216219332
232.34,0.38441075811796055,-0.016873487697236216,0.9304765871202343
232.36,0.35386198625810394,-0.026061343740879584,0.8440590438056059
232.38,0.32083642219130615,-0.033342105107242614,0.7245361521489865
232.4,0.2860327247151684,-0.038300282412677196,0.5804273966984711
232.42000000000002,0.2503343188540572,-0.04070765571798911,0.4215435024894326
232.44,0.21491137362481955,-0.040526029939464886,0.2582260382940101
232.46,0.18136634105609006,-0.03789277340740278,0.10061062537186619
232.48000000000002,0.15192002928028764,-0.033090369360758015,-0.04201939884328802
232.5,0.1296103170033247,-0.02650265806017168,-0.16172974021460976
232.52,0.11844177054680241,-0.01856218604548354,-0.2522372980672113
232.54,0.12337181983629561,-0.009695151995611554,-0.30899433043482405
232.56,0.14981411655609692,-0.0002739894815896029,-0.3290632755479252
232.58,0.2016189289065438,0.00940143411436781,-0.31084869602932197
232.6,0.2757134607690841,0.019046680203158434,-0.2538850426949094
232.62,0.3560718075127495,0.028213785874619833,-0.15909585323433692
232.64000000000001,0.4209273180992862,0.036123225005156336,-0.0298421205247566
232.66,0.4612891720024068,0.04181776047955035,0.12692623993893015
232.68,0.48198630292503075,0.04454195533340588,0.30072044565648537
232.70000000000002,0.4900047765579748,0.0439414837227509,0.47881166988978846
232.72,0.48953173248781645,0.04004755001888257,0.6478473154565959
232.74,0.48254293834662887,0.033201129043355586,0.7952449502283385
232.76,0.46999957888824445,0.023979164871995525,0.9102815801427462
232.78,0.4524828201333449,0.013124366832265422,0.9848969430486452
232.8,0.4304473825124222,0.0014741802124296167,1.0142149728640255
232.82,0.40431579600137624,-0.010110529834506988,0.996779709446414
232.84,0.374516608984924,-0.02081347590500276,0.9345111417777878
232.86,0.34150587178278224,-0.029923196877312697,0.8324030937277935
232.88,0.30578775036958694,-0.03688148192985083,0.6980025360721912
232.9,0.26794363679356403,-0.0413168065670264,0.5407243085118972
232.92000000000002,0.2286788539147611,-0.043060777380055225,0.371065617461031
232.94,0.1888973269320448,-0.042146817206368266,0.19979022315627576
232.96,0.1498132903038299,-0.03879154082478864,0.03715285505398361
232.98000000000002,0.11309925342845319,-0.033360485246030885,-0.10776982005458764
233.0,0.08104644264839075,-0.02632119410604403,-0.22758461264036287
233.02,0.05668803929400646,-0.018188196332983242,-0.3168815747667406
233.04,0.04384580128512609,-0.009465752313723663,-0.37230713767328216
233.06,0.04713664713871761,-0.0005941872637004243,-0.3924137109869703
233.08,0.0719837676907225,0.008096137400131577,-0.3773087812750298
233.1,0.12408425323649006,0.016416725425368876,-0.328143946126531
233.12,0.20575364667466195,0.024305843662289734,-0.24655031150326942
233.14000000000001,0.30580112592578707,0.03167139320720906,-0.13437826330675195
233.16,0.39510750939999634,0.038061648364036214,0.00554484029207411
233.18,0.45165901498050803,0.04257654243587219,0.16761249671033104
233.20000000000002,0.4787364010552933,0.04433864178731384,0.34246445625459593
233.22,0.4880863784217356,0.042911798664835805,0.5180486923600445
233.24,0.4871686202953244,0.03832190977775528,0.6815264333888751
233.26,0.4792597100218285,0.03093704842699995,0.8208869030448877
233.28,0.46574119183411744,0.021362720916576393,0.9260966964343953
233.3,0.4473214564349895,0.010358958653502637,0.9898792369564109
233.32,0.42449724237381165,-0.0012346886139506484,1.0081815240230936
233.34,0.39771205975748436,-0.012570687706209277,0.9803478979493057
233.36,0.3674143330507687,-0.02285981239836335,0.9090170619480544
233.38,0.3340871602652847,-0.03142847424624968,0.7997705580109048
233.4,0.29827576241566595,-0.037763418548314595,0.6605760744678013
233.42000000000002,0.2606258059282709,-0.04154094068125369,0.5010821591487724
233.44,0.22194375362502508,-0.042638905172587005,0.33183008929867
233.46,0.1832905290695856,-0.04113105546867396,0.16345311410467364
233.48000000000002,0.14611604342135567,-0.037264305786414695,0.005932925889531475
233.5,0.11242815616145516,-0.031420952532199224,-0.13202200726839108
233.52,0.08496437008749347,-0.024069159687385735,-0.24342212492322238
233.54,0.06731666353947517,-0.015706619681806866,-0.3232288785893237
233.56,0.06398386864648134,-0.006803351827508503,-0.3683577191167709
233.58,0.08034728676522661,0.0022505328201237167,-0.37746034597827216
233.6,0.12222670665335293,0.011184716329189765,-0.3505190503551826
233.62,0.19320466578809856,0.019851588232127054,-0.2883408720637405
233.64000000000001,0.2864344703586015,0.028117623443839803,-0.1922287832301462
233.66,0.3773735536149428,0.035581239392443266,-0.06444604389742895
233.68,0.44083808440738237,0.04139556473136899,0.0902273184329012
233.70000000000002,0.47424870442836936,0.044610136335025266,0.26323329981812593
233.72,0.4879571199773161,0.04463680886520352,0.4428360808108187
233.74,0.4901460470475695,0.04135730969598756,0.6159029502013611
233.76,0.4847089514929412,0.03502890581321323,0.7696174062378365
233.78,0.47329788873143747,0.0261803595908675,0.8927657043792606
233.8,0.45671461168317407,0.015528006126222906,0.9766502415085881
233.82,0.4354790564466294,0.0039000523236981787,1.0156872566828707
233.84,0.41002880485409277,-0.007836758633422088,1.007706948454591
233.86,0.38078904109175343,-0.018847033796240024,0.9539661424783936
233.88,0.3482021633518991,-0.028389443885458703,0.8588943796205815
233.9,0.31274822926681295,-0.035868242681203415,0.7296102775499022
233.92000000000002,0.2749695534697949,-0.040870267091678104,0.5752599138512814
233.94,0.235508964891375,-0.043185190443238194,0.4062401623474424
233.96,0.19517173226859835,-0.04280803264709657,0.2333763777573666
233.98000000000002,0.15502090850238665,-0.03992416061624807,0.06712533754152594
234.0,0.11650898198856818,-0.03487821426891134,-0.08312898776697975
234.02,0.08162891250356942,-0.028129669421240396,-0.20962750459149182
234.04,0.05303831332312433,-0.020199243128447848,-0.30659033035687516
234.06,0.034103543058790334,-0.011611861255066733,-0.3703477747265016
234.08,0.028876366158608828,-0.002842382306614921,-0.39924679263689644
234.1,0.042121774629098385,0.005731631786846082,-0.39335355084072243
234.12,0.07935951145002411,0.013868228100655224,-0.3539841382179739
234.14000000000001,0.14572153225262816,0.021479775027172018,-0.28311320472504536
234.16,0.23981946813457475,0.02857588353363868,-0.18282772436267244
234.18,0.34211182152090513,0.035017190151288805,-0.055354825806689156
234.20000000000002,0.42099770969725336,0.04018712060090958,0.09563250751709171
234.22,0.4645785837730075,0.04314069637425685,0.2631735153071396
234.24,0.48282304645179386,0.043171429166434315,0.4368372048091991
234.26,0.4868201756444583,0.04006589627065857,0.6043448235887147
234.28,0.48225055243022386,0.03402555218783203,0.7534386719585278
234.3,0.4714680665677855,0.025540416613051082,0.8732810598972001
234.32,0.45551237861333044,0.015292695273548275,0.9554068761324759
234.34,0.4349861486674007,0.004077967294038833,0.9943314895286954
234.36,0.4103662604945221,-0.007267430822905865,0.9878576390341897
234.38,0.3821121792189992,-0.01793446876497214,0.9371004981139199
234.4,0.3507118960995698,-0.02720224559196558,0.8462537819720888
234.42000000000002,0.3167145804738243,-0.03448792292045907,0.722133148654012
234.44,0.2807700935512642,-0.03938255272083054,0.5735471492216382
234.46,0.24368848661786632,-0.041670549709872926,0.41055701357649566
234.48000000000002,0.20653174841745559,-0.04133170423249151,0.24369329482867055
234.5,0.17074769485825203,-0.03852581987434993,0.08319944095900023
234.52,0.13834539079763403,-0.033561290923777985,-0.061630408505147644
234.54,0.11208915173478476,-0.026850314875990933,-0.1829600529586553
234.56,0.09566269010284804,-0.018855020726391846,-0.274720842615466
234.58,0.09374285752429695,-0.0100303311876092,-0.33269711187328405
234.6,0.11186073103272394,-0.0007708343881669853,-0.3543882877496165
234.62,0.15546010353622436,0.00862600316595853,-0.338685037591897
234.64000000000001,0.22619574086064317,0.017946452618514384,-0.285480812079958
234.66,0.3138648131590984,0.02692518558757164,-0.19555446193210596
234.68,0.3942370311933082,0.03499115413129368,-0.07127726475367219
234.70000000000002,0.4483979556437045,0.04121785345120044,0.08192095901703986
234.72,0.47708628917293183,0.04470063104498809,0.2547879445276238
234.74,0.48915735812551975,0.044916127634795126,0.4351497226135067
234.76,0.4909687842922287,0.04177616783228555,0.6096274489513763
234.78,0.4855542141860475,0.0355446118136143,0.7652252691136706
234.8,0.47426522332405363,0.026749367385714148,0.8905577661794915
234.82,0.4578098091083486,0.016105899500527703,0.9767508285743188
234.84,0.43667855419045243,0.004443964572673081,1.018045178688677
234.86,0.41129767953596974,-0.007365272755603477,1.012107458042027
234.88,0.3820846690545169,-0.018479444926269777,0.9600539058542669
234.9,0.3494728572897744,-0.028148360220318573,0.8662054090837511
234.92000000000002,0.3139289600706098,-0.035766366858286484,0.7376097684602454
234.94,0.2759744454479019,-0.04091028852732551,0.5833824022589423
234.96,0.2362191277564582,-0.04336064452453975,0.4139281821848654
234.98000000000002,0.19541627717601934,-0.043105117025217694,0.24011375854000092
235.0,0.15454882392707883,-0.04032447001399729,0.07246138262532947
235.02,0.11495056174193781,-0.03536232382322734,-0.07956798991138173
235.04,0.07844782222864549,-0.02868143820365059,-0.2081425995241845
235.06,0.04747651119249866,-0.020810622364570673,-0.3074325251386527
235.08,0.025114196156311396,-0.012287971616779764,-0.3737604959309282
235.1,0.015022722320857468,-0.00360687246556287,-0.4055291332450164
235.12,0.021428498526250554,0.004830503981588352,-0.4029462294035698
235.14000000000001,0.04927893219984073,0.012751407460332423,-0.36758086637128234
235.16,0.1040765265482102,0.020040434473358803,-0.3017846433533043
235.18,0.18874523917155897,0.02672846743822468,-0.20806010664622454
235.20000000000002,0.2932586214693194,0.032843284603150114,-0.08870479619370451
235.22,0.38772496558760255,0.038058541452979745,0.05351398845535643
235.24,0.4474303688963227,0.04154717191517887,0.21346193795703622
235.26,0.47523633843312507,0.04245508922997534,0.38242780200357146
235.28,0.4841325456849316,0.04036749229083791,0.5490872864478771
235.3,0.4824535101172803,0.035337345594197975,0.7014296864015356
235.32,0.4738301172100215,0.027752604368146368,0.8283702066611797
235.34,0.45976715921201056,0.01822320495206871,0.9208516089656219
235.36,0.44102138710126904,0.007495955883685379,0.9725559330829576
235.38,0.4181211903838977,-0.0036192535187757127,0.9803022450577675
235.4,0.39154678925540937,-0.014317866918092963,0.9441604106212662
235.42000000000002,0.36180012217906116,-0.023862676077762206,0.8673031056624018
235.44,0.3294462820066718,-0.031636198588245484,0.7556278742471052
235.46,0.2951572003940542,-0.037180115158474726,0.6171945541784111
235.48000000000002,0.25977387715499767,-0.04021922509696255,0.46153523696243237
235.5,0.2244003249396203,-0.04066843844680778,0.29890202849175734
235.52,0.19053965748561233,-0.03862248238823878,0.13952150424563553
235.54,0.16027290540303463,-0.03432923034181949,-0.007076385229313295
235.56,0.13645881681844502,-0.028148961784031416,-0.13259355547798504
235.58,0.12289930968188884,-0.02050355322575559,-0.2303142807511298
235.6,0.12436632798248413,-0.011821650537182676,-0.29524199793732153
235.62,0.1462257977113824,-0.0024890583552116055,-0.3240232812834404
235.64000000000001,0.1928058492401181,0.007177495253791095,-0.31471124545100243
235.66,0.26276791120958315,0.016891875086298778,-0.2665345082592666
235.68,0.34265750776928694,0.026243343172550077,-0.1800445764809655
235.70000000000002,0.41078129378226524,0.03450983297814995,-0.05802222028227314
235.72,0.4552057152645813,0.04074196595306535,0.09331443411846188
235.74,0.47893320134022266,0.0441264413760701,0.26409831414327
235.76,0.48899735405177536,0.04422994993739071,0.4419335495505385
235.78,0.4900379953452425,0.041012410895950646,0.613495526158403
235.8,0.4843081548274565,0.034756838305218675,0.7659710621285889
235.82,0.47288668053532346,0.025995680921739556,0.8882014569684082
235.84,0.456397752512134,0.01544110182346151,0.9715404138016932
235.86,0.4353101489789026,0.0039146006405104666,1.0104326945533735
235.88,0.4100495659191283,-0.007724234222474316,1.0027088440519607
235.9,0.381043173451011,-0.018646574861589955,0.949598330195272
235.92000000000002,0.34874299644469786,-0.02811640164212993,0.8554794004760649
235.94,0.3136464757678159,-0.03554153943700955,0.7274014798710982
235.96,0.2763241905988076,-0.04051030196192206,0.5744312569178811
235.98000000000002,0.23746379093456318,-0.042811485849327605,0.40688494225233324
236.0,0.19794046676054314,-0.042436680792867686,0.23551577969367532
236.02,0.15892381437233447,-0.039565083834365085,0.07072757161379024
236.04,0.12202314892982782,-0.034532215530102946,-0.07811818397642566
236.06,0.08945279018377633,-0.027785240889564144,-0.20324209015199043
236.08,0.06417199792840708,-0.019829109230284553,-0.2987878988426697
236.1,0.049954497805439424,-0.011169158069368745,-0.36093900200300416
236.12,0.05140388939641154,-0.002256145404437964,-0.3878083608395132
236.14000000000001,0.07394846884934574,0.00656163797255208,-0.3791213839101685
236.16,0.12333477328479281,0.015072481190498511,-0.33573080301744845
236.18,0.20225776441301607,0.023191247864277904,-0.2590648958105321
236.20000000000002,0.30073245968741347,0.03081568273295436,-0.15084425466994397
236.22,0.39071916456272343,0.03750794771168147,-0.013757865143973098
236.24,0.44915383782524504,0.04237876022384553,0.1467907080403722
236.26,0.4778455686780081,0.04452739597485693,0.3216210465704085
236.28,0.488289001413225,0.04347694956578855,0.4987231271754934
236.3,0.48815370872797276,0.03921669706362264,0.6651414479186983
236.32,0.4808688550467979,0.03208749816028552,0.8086205964140815
236.34,0.46787939549756824,0.02267686972539244,0.9187922980568523
236.36,0.44991451551241435,0.011735702347634746,0.987990934127417
236.38,0.42747504597867,0.0001029354433711928,1.0117551024961233
236.4,0.4010012691389149,-0.011366617167230465,0.9890343719836813
236.42000000000002,0.37093341793907075,-0.021869668909632812,0.9221158061868198
236.44,0.337740813799765,-0.030713351532434725,0.8162965733283524
236.46,0.3019467761841966,-0.037361819176351944,0.6793444105529857
236.48000000000002,0.2641623598562087,-0.041467591189374174,0.5208013799438237
236.5,0.22513956662357504,-0.04288578400265051,0.3511960599420034
236.52,0.18585507151110578,-0.0416705970985827,0.18123429202680907
236.54,0.14763297711124918,-0.0380546258676291,0.021038720785901355
236.56,0.1123032073544496,-0.03241280052588412,-0.12049735431503585
236.58,0.08236775282044699,-0.025214125197155282,-0.2361861714346637
236.6,0.061124752178323964,-0.016965941392227936,-0.3208118773846864
236.62,0.05271990319629402,-0.00815663080813008,-0.37116878449813756
236.64000000000001,0.06215728571731405,0.0007975643285159668,-0.3858770010398034
236.66,0.09517714974001848,0.009596665132224114,-0.3650015237320844
236.68,0.1569024680141909,0.01807865982236927,-0.3095312332098705
236.70000000000002,0.24591420230136926,0.026165364018253125,-0.220893839702805
236.72,0.34374620678341755,0.033633360734111356,-0.10101070952749192
236.74,0.4206955323662048,0.039816432469730496,0.04647639092909482
236.76,0.4647041312481043,0.04374350410332206,0.21450034770978654
236.78,0.4842600884674859,0.04466613595570294,0.39239546236667583
236.8,0.4896432996365491,0.04231433789508718,0.5674448081757735
236.82,0.48631660110862207,0.03683778830385103,0.726730486024535
236.84,0.476594043226911,0.028690216604322284,0.8585764282129279
236.86,0.46150690507593495,0.01853666136277727,0.9535716791696582
236.88,0.4416488771082256,0.0071751389564667185,1.0052564877828465
236.9,0.4174804353117903,-0.004537338420045882,1.0105054095510086
236.92000000000002,0.3894335496257344,-0.015755612784247246,0.96962017533594
236.94,0.3579524523683041,-0.02571111082038357,0.8861501144689742
236.96,0.32351766942290267,-0.033766490352293,0.7664725224302928
236.98000000000002,0.2866715410667081,-0.03945666341569274,0.6191806541294449
237.0,0.24805610548788745,-0.04251364333113208,0.4543393186845495
237.02,0.20847379174970715,-0.04287385338635042,0.28267591358901856
237.04,0.16898149316500893,-0.040667758710887424,0.11477773302869869
237.06,0.13102352175082405,-0.03619288762203394,-0.039635472870015516
237.08,0.09659228323380027,-0.029872566673398198,-0.17230144987791424
237.1,0.06837812715158541,-0.022204144278607812,-0.2768177858466041
237.12,0.04985676420371749,-0.013702011525589872,-0.34882475938021046
237.14000000000001,0.04530816176034628,-0.004841505110752816,-0.3859600615745412
237.16,0.05983144302271542,0.003991296196822135,-0.38759959019296913
237.18,0.09918981746223139,0.012539588372817507,-0.3544157773148876
237.20000000000002,0.16799020757834962,0.020688778164575993,-0.28781895363374754
237.22,0.2624029767708744,0.028385871448780353,-0.18949967778739973
237.24,0.3599687495219662,0.035368378326957224,-0.061659773209143204
237.26,0.43147143565385027,0.04089643190083915,0.09151996131983153
237.28,0.46987152003820154,0.044007622394324604,0.2622724492716773
237.3,0.4857394586137833,0.04404942830925941,0.4394654282301918
237.32,0.48877945711826093,0.04085654199173765,0.6103374146140996
237.34,0.48374806630649175,0.03465989105308235,0.7623004503735371
237.36,0.47262600309617775,0.02597071436998431,0.8842847764841433
237.38,0.4563243665520987,0.01549051052728238,0.9676731227118903
237.4,0.4354003531388419,0.004033759351989255,1.006905045033725
237.42000000000002,0.41030866182425635,-0.007545210716425968,0.9997815808709563
237.44,0.3814889432539135,-0.01842141278950223,0.9474845017154728
237.46,0.3494026699474234,-0.027861195606201507,0.8543319042116748
237.48000000000002,0.3145588999865269,-0.035273180270757896,0.7273067061300634
237.5,0.2775453841872728,-0.04024485471705197,0.575409142110717
237.52,0.23907622681213733,-0.042562579290110925,0.4088955054931278
237.54,0.2000672950600769,-0.042213949212609514,0.23847200518734252
237.56,0.16174949587915233,-0.03937266886869039,0.07451440058231767
237.58,0.1258216299694224,-0.03436730455696718,-0.07361895348707903
237.6,0.09462374294428827,-0.02763660153300975,-0.19812106401754123
237.62,0.07128623484841104,-0.019675569686877694,-0.29307139742502636
237.64000000000001,0.059811756308608674,-0.010977946914771828,-0.35454604926000044
237.66,0.06509500063203452,-0.0019810155725242277,-0.3805005868732839
237.68,0.0928213335036622,0.0069817336037931044,-0.370445882448523
237.70000000000002,0.14841926707187275,0.01570875348850036,-0.3249662116868034
237.72,0.23218749207310047,0.024095678787744674,-0.24522623637907165
237.74,0.329125840763532,0.0319429192656011,-0.13290052531996088
237.76,0.41019107721239645,0.03865045681645339,0.008817136243780799
237.78,0.45923336471360665,0.04325837268959306,0.17349565768638908
237.8,0.4822804606177746,0.044944738704945336,0.3509662003661653
237.82,0.48987089696066116,0.0433465585778079,0.5286545138916164
237.84,0.48811615017546983,0.03853777225383568,0.6934436032029365
237.86,0.47966951283023124,0.03091679398933616,0.8331969804022928
237.88,0.4656905292308044,0.02111155552065047,0.9378589448717443
237.9,0.44681423285764804,0.009900287428518374,1.0002113579153447
237.92000000000002,0.4235106967908735,-0.0018629491693496194,1.0163251403118105
237.94,0.3962087319054596,-0.013320210872926437,0.9857185751330256
237.96,0.3653418510445394,-0.023676445001139974,0.9112369140834067
237.98000000000002,0.3313720879419503,-0.03225708243661337,0.7986819018815831
238.0,0.2948121588715522,-0.0385527099774449,0.6562356537299427
238.02,0.25625686179042123,-0.04224800732438748,0.493736564362733
238.04,0.21643351704159014,-0.04323331239872784,0.3218738733842083
238.06,0.17628190536278296,-0.04159841444217647,0.15137158405922102
238.08,0.13707131709029713,-0.037609384583907654,-0.007768395894625621
238.1,0.10054939673524751,-0.03167047658480011,-0.14689968301329073
238.12,0.06909129250515791,-0.024274511948621527,-0.2591880237336134
238.14000000000001,0.04579452240788283,-0.015946732185060937,-0.3398544605258911
238.16,0.034491150661439374,-0.00718824976924453,-0.3861910140553493
238.18,0.03974557239440062,0.001575408014665971,-0.39735889862494606
238.20000000000002,0.06690555441199303,0.010037644485564602,-0.3739964347510349
238.22,0.1216072305222009,0.018040397786698987,-0.3176769174910465
238.24,0.20595571867161006,0.025555551771086638,-0.23032317051143308
238.26,0.30793611357980244,0.03251770368497771,-0.11395177687466018
238.28,0.3974398690196439,0.038482647407628676,0.02851358328814932
238.3,0.45294881281929744,0.04255301703527397,0.19138015879422945
238.32,0.47885708004551797,0.04387443891423796,0.3652495419077177
238.34,0.48727423990734176,0.04204683994179965,0.5381561635328617
238.36,0.48561998785050353,0.037129243509552406,0.697489655807929
238.38,0.47710526352011196,0.02951408546064458,0.8315833632850855
238.4,0.46308150261578807,0.019821446208443526,0.9308259664623779
238.42000000000002,0.444248641879531,0.008816128439352125,0.9884015924227035
238.44,0.4211053597394036,-0.002666881092610999,1.0007181156697207
238.46,0.3941036492888468,-0.013792922349921613,0.9675454420700095
238.48000000000002,0.3637070396243392,-0.023792374880942196,0.8918822726600282
238.5,0.330422793563655,-0.03201595295765426,0.7795815894065223
238.52,0.2948341071959597,-0.03797704686062268,0.6387798030405899
238.54,0.25764615385916206,-0.041378414720769266,0.47918711371467615
238.56,0.21975793412257869,-0.042121646182230264,0.3113052316300381
238.58,0.18237136001698162,-0.040299008627591504,0.14564254731588547
238.6,0.14714333321498407,-0.03616849010823876,-0.0080039999289954
238.62,0.11636986572158432,-0.030114137310477206,-0.1411368832232713
238.64000000000001,0.09316549593329033,-0.02259526541050962,-0.2469635858955649
238.66,0.08158672680047067,-0.014089670676702536,-0.3205851048261312
238.68,0.08665503431302471,-0.005037076329915631,-0.3589555837299939
238.70000000000002,0.11411322670193924,0.004209779792673522,-0.3606280264971086
238.72,0.16895702131839474,0.013410774931198553,-0.32534236171232606
238.74,0.25009351391798634,0.02239293125836946,-0.253628676425708
238.76,0.3414017082410278,0.030853624803288106,-0.1468746662598634
238.78,0.4161236372677214,0.03810265824792156,-0.008399742159607586
238.8,0.4613931952530814,0.04316415864844425,0.1550201047576118
238.82,0.48321773603307844,0.045240344021625696,0.33291164327228095
238.84,0.49077546047081533,0.04397742480356473,0.5124719096333636
238.86,0.4893622377966775,0.039440395826112966,0.680351474310934
238.88,0.4813275137498761,0.03201393042610004,0.8241322017088244
238.9,0.4677361553981984,0.02231547259153406,0.933426640131907
238.92000000000002,0.449194266082991,0.011119063596612883,1.000655037950554
238.94,0.4261604858225607,-0.0007184407824375276,1.0215239147650599
238.96,0.3990549040439648,-0.01232975464529467,0.9952116982223279
238.98000000000002,0.3682998622005703,-0.022905024196499372,0.92427251766595
239.0,0.3343405750012731,-0.03175094519776857,0.814284631987846
239.02,0.2976634221484301,-0.038337244972403185,0.6732864964100356
239.04,0.25882143926257123,-0.04232758559268611,0.5110572691149476
239.06,0.21847571195658524,-0.043593141757777495,0.338307983407952
239.08,0.17746243090308264,-0.04220836338212305,0.16585408247547584
239.1,0.13689387507580172,-0.03842965379563561,0.003839514614266463
239.12,0.09829118661601192,-0.03265889520100914,-0.13892272788595283
239.14000000000001,0.06372196106707048,-0.025395076751721195,-0.2554390443632355
239.16,0.03588592461535769,-0.01717884579464717,-0.3408141396150516
239.18,0.018100030668027806,-0.008536209718099205,-0.39230423850715457
239.20000000000002,0.014230362623174168,7.251107111572804e-05,-0.4091538939850855
239.22,0.028741954756712356,0.008295361018156562,-0.39224505028725337
239.24,0.06687308278996769,0.01592334520255081,-0.34359162386336395
239.26,0.1337974034868349,0.02290917062534936,-0.2657205197527952
239.28,0.228933649943358,0.029317319427287963,-0.16108421716024407
239.3,0.33380985806519714,0.03508588066472802,-0.03201056964266841
239.32,0.4159063814762736,0.039674497062207596,0.11804994404406116
239.34,0.4614253452997012,0.04216992371237671,0.2825824423897343
239.36,0.4802575075506347,0.04186606156838237,0.45165299351495164
239.38,0.4842231260014426,0.03854957892202513,0.6134755365776757
239.4,0.4794637318901792,0.03242448732083505,0.7562923914930809
239.42000000000002,0.4685192581729865,0.02397941276490902,0.8697700064576708
239.44,0.4524969482627617,0.013887851255457054,0.9459277102993311
239.46,0.43202863265055463,0.0029290410348969875,0.9797149802818709
239.48000000000002,0.4076126199027496,-0.008083363434715416,0.9692900219285816
239.5,0.37973437480154093,-0.01836726617952009,0.9160234628670656
239.52,0.3489199312266493,-0.02723047337944301,0.8242523268232318
239.54,0.31577645852609526,-0.034118004249618535,0.7008215731478233
239.56,0.28104262803415037,-0.03864532893254062,0.5544636594060274
239.58,0.24566331867547564,-0.04061540965147961,0.3950770169512646
239.6,0.21090108319352804,-0.04001853155355262,0.2329706382193369
239.62,0.17849178328327467,-0.037015093603558126,0.07814368245092468
239.64000000000001,0.1508368863079673,-0.03190281859983792,-0.06033419906268568
239.66,0.13119679179909322,-0.025071363254651306,-0.1747848964098943
239.68,0.12381030168915712,-0.016949168657464465,-0.2591848324021004
239.70000000000002,0.133786016517824,-0.007949800039313908,-0.309211383472672
239.72,0.1663063145549272,0.0015700274170461091,-0.32209244513707647
239.74,0.22384908104230977,0.01131393046347949,-0.29635196987243706
239.76,0.300127755369826,0.02095849247175429,-0.23170334176387702
239.78,0.3764850852847079,0.029959907624010507,-0.12952501884595347
239.8,0.4338085327508227,0.03745793621989678,0.005975138990074937
239.82,0.46782746626939264,0.042521648780929025,0.1668787079528934
239.84,0.48461274681078503,0.04449747336912636,0.3420123846002368
239.86,0.49026546299360935,0.04313473757261637,0.5183908910495988
239.88,0.4881464376680426,0.038545357828593356,0.6827753074915737
239.9,0.4798381695106931,0.03112983172233153,0.8229758715197065
239.92000000000002,0.46615379847340815,0.021506681827724847,0.928863839726381
239.94,0.44762522099630003,0.010443179364977323,0.9931053905749017
239.96,0.42469403365708797,-0.001215439929527655,1.0116154780286235
239.98000000000002,0.3977839046172536,-0.012616518358976361,0.9837279213390562
240.0,0.36733232143996764,-0.02296625515672099,0.9120903625053015
