coordinate,frequency,normalized_fft_power
x,0.0,0.0
x,0.006249218847640847,3.5691742650990887e-06
x,0.012498437695281694,3.6297920496215615e-06
x,0.01874765654292254,2.053388957455592e-06
x,0.02499687539056339,3.328996114241745e-06
x,0.031246094238204236,3.10633160510052e-06
x,0.03749531308584508,1.6412707102657268e-06
x,0.04374453193348593,7.091645843088509e-07
x,0.04999375078112678,2.126275334290516e-06
x,0.056242969628767625,3.870845812098695e-09
x,0.06249218847640847,8.316808439238992e-06
x,0.06874140732404932,1.5775721447873898e-05
x,0.07499062617169017,6.290339308525908e-06
x,0.08123984501933101,1.5350312767888613e-06
x,0.08748906386697186,2.4554142451820405e-07
x,0.09373828271461271,1.5152275111086916e-06
x,0.09998750156225356,6.496853928008117e-06
x,0.1062367204098944,4.344273980556279e-06
x,0.11248593925753525,1.729105910978637e-06
x,0.1187351581051761,5.083370322037483e-06
x,0.12498437695281694,5.056965929242944e-07
x,0.1312335958004578,2.135578059561266e-06
x,0.13748281464809864,4.292208743497852e-06
x,0.1437320334957395,1.1297866681833114e-07
x,0.14998125234338033,5.9982249427728715e-06
x,0.15623047119102118,2.69451393873636e-06
x,0.16247969003866203,2.96272574215301e-06
x,0.16872890888630288,3.1251964377242164e-06
x,0.17497812773394372,9.032186507352252e-06
x,0.18122734658158457,1.3533047544169122e-05
x,0.18747656542922542,2.5427812546743742e-05
x,0.19372578427686626,7.213091768526509e-06
x,0.1999750031245071,1.53595760688372e-06
x,0.20622422197214796,9.996962050681294e-07
x,0.2124734408197888,2.9315432424517872e-06
x,0.21872265966742965,7.065313639695318e-06
x,0.2249718785150705,1.2970382168037925e-06
x,0.23122109736271135,2.860109708716366e-06
x,0.2374703162103522,2.388822357006694e-06
x,0.24371953505799304,1.9149048972403176e-06
x,0.2499687539056339,1.6117625691162535e-05
x,0.25621797275327474,1.681779507478188e-05
x,0.2624671916009156,1.2241370463583211e-05
x,0.26871641044855643,2.1358163892341983e-05
x,0.2749656292961973,3.269900881447592e-05
x,0.2812148481438381,1.586802856847888e-05
x,0.287464066991479,1.542285995327511e-05
x,0.2937132858391198,2.6984396937647754e-05
x,0.29996250468676067,3.59790239385341e-05
x,0.3062117235344015,7.267609814588461e-05
x,0.31246094238204236,1.8814233425553717e-05
x,0.3187101612296832,3.0097703111455654e-05
x,0.32495938007732406,1.6017024629560716e-05
x,0.3312085989249649,7.167463600494109e-07
x,0.33745781777260575,1.3613532116367169e-05
x,0.3437070366202466,2.054460936785995e-05
x,0.34995625546788744,1.8358402986113673e-05
x,0.3562054743155283,2.6778263495625252e-05
x,0.36245469316316914,2.1872605630614594e-05
x,0.36870391201081,2.149621308730081e-06
x,0.37495313085845083,1.5191209847740698e-05
x,0.3812023497060917,1.546370026359531e-05
x,0.38745156855373253,2.0507650201206744e-05
x,0.3937007874013734,2.3935300141301732e-05
x,0.3999500062490142,1.5137165464947897e-06
x,0.40619922509665507,1.5971755575553367e-05
x,0.4124484439442959,1.7592598599753435e-05
x,0.41869766279193676,8.205433820378472e-06
x,0.4249468816395776,2.2575968717737536e-05
x,0.43119610048721846,5.288927864349313e-06
x,0.4374453193348593,4.7121381849001753e-07
x,0.44369453818250015,4.078386848986691e-06
x,0.449943757030141,1.0462832797681272e-06
x,0.45619297587778185,1.3149646320535142e-05
x,0.4624421947254227,2.4952947481481156e-05
x,0.46869141357306354,2.4218692118373268e-05
x,0.4749406324207044,4.596142474306958e-06
x,0.48118985126834524,1.583397281169652e-05
x,0.4874390701159861,3.2266301239766685e-05
x,0.49368828896362693,9.425780809339357e-06
x,0.4999375078112678,7.66244919152188e-06
x,0.5061867266589086,6.4603595230845795e-06
x,0.5124359455065495,7.289506222269112e-08
x,0.5186851643541903,1.5118759971008846e-05
x,0.5249343832018312,1.9706655672656503e-05
x,0.531183602049472,1.7908190319678307e-05
x,0.5374328208971129,7.579978582886492e-06
x,0.5436820397447537,1.9027853282862563e-05
x,0.5499312585923946,7.246632777135631e-06
x,0.5561804774400354,2.0796003089267786e-05
x,0.5624296962876763,5.8651889140469176e-05
x,0.5686789151353171,0.00027408367187091106
x,0.574928133982958,0.00016576790833978483
x,0.5811773528305988,4.5744167983509e-05
x,0.5874265716782396,8.84929328551761e-06
x,0.5936757905258805,8.402639013601316e-06
x,0.5999250093735213,8.483942503905484e-06
x,0.6061742282211622,2.482838973567641e-05
x,0.612423447068803,4.0856783963739795e-05
x,0.6186726659164439,5.909093210248492e-06
x,0.6249218847640847,5.284411294405779e-06
x,0.6311711036117256,7.1192520411000835e-06
x,0.6374203224593664,4.360534299295298e-05
x,0.6436695413070073,1.5000402553973026e-05
x,0.6499187601546481,3.0210814253392698e-06
x,0.656167979002289,4.6100224718199457e-07
x,0.6624171978499298,1.1406908529108964e-05
x,0.6686664166975707,3.689622690829442e-05
x,0.6749156355452115,2.0887623185148727e-05
x,0.6811648543928523,2.39156839892221e-05
x,0.6874140732404932,0.00013780455858744894
x,0.693663292088134,0.00011975373943806943
x,0.6999125109357749,9.100327935018084e-05
x,0.7061617297834157,7.940498929310288e-05
x,0.7124109486310566,7.397585497289743e-05
x,0.7186601674786974,3.1425195727998907e-06
x,0.7249093863263383,1.3964589111217989e-05
x,0.7311586051739791,3.5615926213129386e-06
x,0.73740782402162,1.3994862543732963e-05
x,0.7436570428692608,1.7428204579889213e-05
x,0.7499062617169017,2.4485042488605462e-05
x,0.7561554805645425,0.00012042146512312347
x,0.7624046994121834,5.909433981450773e-05
x,0.7686539182598242,4.564548903430259e-05
x,0.7749031371074651,5.5739722641481576e-05
x,0.7811523559551059,1.5770244677481868e-05
x,0.7874015748027468,4.3980299927427785e-05
x,0.7936507936503876,4.8741460082083955e-05
x,0.7999000124980284,2.2938597667602576e-05
x,0.8061492313456693,0.00012490299909247317
x,0.8123984501933101,0.00016338988005614211
x,0.818647669040951,0.00015775152986723887
x,0.8248968878885918,0.0001346703769521368
x,0.8311461067362327,3.4947541923963206e-05
x,0.8373953255838735,7.929729703358176e-05
x,0.8436445444315144,0.00024278043466659382
x,0.8498937632791552,0.00010430773565757525
x,0.8561429821267961,0.00025920795473358355
x,0.8623922009744369,0.0003892894404731704
x,0.8686414198220778,8.608265185812941e-05
x,0.8748906386697186,0.00036986421103352575
x,0.8811398575173595,0.00020102174329268796
x,0.8873890763650003,2.0226713539020647e-05
x,0.8936382952126412,0.0002159800201239817
x,0.899887514060282,0.00025548867138252385
x,0.9061367329079228,8.548883667002394e-05
x,0.9123859517555637,0.00013989167054968975
x,0.9186351706032045,0.0002890738496775051
x,0.9248843894508454,0.0008991312559942605
x,0.9311336082984862,0.000552337981573513
x,0.9373828271461271,0.00017152791632677234
x,0.9436320459937679,0.0009060884954313679
x,0.9498812648414088,0.00036791802851049313
x,0.9561304836890496,0.0005607332843188595
x,0.9623797025366905,0.0012782135119930272
x,0.9686289213843313,0.0005974835150761255
x,0.9748781402319722,0.0008373381690357615
x,0.981127359079613,0.0010127962847717136
x,0.9873765779272539,0.0004903928052658689
x,0.9936257967748947,0.0014573561315088062
x,0.9998750156225356,0.000650841588463684
x,1.0061242344701764,0.0003072998567685311
x,1.0123734533178173,0.0010136595267303294
x,1.018622672165458,0.0003539473831184617
x,1.024871891013099,0.00035934777018823316
x,1.0311211098607398,0.0009342779005078408
x,1.0373703287083806,0.0003756931467225094
x,1.0436195475560215,0.00020814942120437726
x,1.0498687664036623,9.741601894966859e-05
x,1.0561179852513032,0.00023916798491995788
x,1.062367204098944,0.0002277062924556415
x,1.0686164229465849,1.5599435844976013e-05
x,1.0748656417942257,0.00019763338602411958
x,1.0811148606418666,0.00042383512536502176
x,1.0873640794895074,0.00012073632780579231
x,1.0936132983371483,0.0003661062671041497
x,1.0998625171847891,0.00032901005747998916
x,1.10611173603243,8.186362047108992e-05
x,1.1123609548800708,0.00022549807722386465
x,1.1186101737277117,0.00011670214407565624
x,1.1248593925753525,6.057160797483508e-05
x,1.1311086114229933,0.00016405940742522838
x,1.1373578302706342,0.000205857443904538
x,1.143607049118275,0.0001797726052406522
x,1.149856267965916,0.00013941119328835416
x,1.1561054868135567,3.5967969896090094e-05
x,1.1623547056611976,4.0068062904202406e-05
x,1.1686039245088384,5.878568457872875e-05
x,1.1748531433564793,1.7623282746655598e-05
x,1.1811023622041201,6.854317595157744e-05
x,1.187351581051761,5.54496247983819e-05
x,1.1936007998994018,5.8388480645727494e-05
x,1.1998500187470427,0.000134128419864682
x,1.2060992375946835,3.835403643390237e-05
x,1.2123484564423244,2.8298644498063234e-05
x,1.2185976752899652,1.888351381836517e-05
x,1.224846894137606,6.38522354951156e-06
x,1.231096112985247,1.419583023545611e-05
x,1.2373453318328878,1.2992446457780972e-06
x,1.2435945506805286,7.892768947814532e-05
x,1.2498437695281694,9.117849232676199e-05
x,1.2560929883758103,0.00011328109534413655
x,1.2623422072234511,0.0001423524760223053
x,1.268591426071092,0.00018858829784964412
x,1.2748406449187328,4.383871621661887e-05
x,1.2810898637663737,2.363418491885951e-05
x,1.2873390826140145,5.283208801357069e-05
x,1.2935883014616554,2.1689676200683174e-05
x,1.2998375203092962,1.600821427979189e-06
x,1.306086739156937,3.0876252606762686e-06
x,1.312335958004578,9.394606712181151e-06
x,1.3185851768522188,5.116395739432961e-05
x,1.3248343956998596,1.2003437233882033e-05
x,1.3310836145475005,8.795443698087994e-06
x,1.3373328333951413,6.673065458995197e-06
x,1.3435820522427822,5.304643419533907e-05
x,1.349831271090423,4.859925922798851e-05
x,1.3560804899380638,6.3490289886193905e-06
x,1.3623297087857047,2.3586667617479506e-05
x,1.3685789276333455,7.4721385703061905e-06
x,1.3748281464809864,6.219464095351041e-05
x,1.3810773653286272,0.00021542415974372688
x,1.387326584176268,0.00039878304075407345
x,1.393575803023909,0.00012943390026792578
x,1.3998250218715498,2.567948158545139e-05
x,1.4060742407191906,7.014025597105331e-06
x,1.4123234595668315,3.366757629346586e-05
x,1.4185726784144723,8.027753510438059e-06
x,1.4248218972621132,2.4435583896809964e-05
x,1.431071116109754,3.179086808928763e-05
x,1.4373203349573949,3.087344519808089e-05
x,1.4435695538050357,7.910272723360461e-07
x,1.4498187726526766,1.046131566557736e-05
x,1.4560679915003174,1.5214810319911867e-05
x,1.4623172103479583,1.80768626986876e-05
x,1.468566429195599,5.125447622422133e-05
x,1.47481564804324,3.5861253544759936e-05
x,1.4810648668908808,3.224840791333862e-06
x,1.4873140857385216,3.6884751327696016e-05
x,1.4935633045861625,4.823525271552049e-05
x,1.4998125234338033,2.996430325907264e-05
x,1.5060617422814442,2.0551549468838396e-06
x,1.512310961129085,7.389606219320066e-06
x,1.5185601799767259,3.1522127232641436e-07
x,1.5248093988243667,5.0610799706902595e-06
x,1.5310586176720076,4.087557814635417e-05
x,1.5373078365196484,1.8073201961906723e-05
x,1.5435570553672893,3.075510969194971e-05
x,1.5498062742149301,4.000074622096854e-05
x,1.556055493062571,6.591462438596901e-07
x,1.5623047119102118,4.981743849322263e-05
x,1.5685539307578527,4.606193135534495e-05
x,1.5748031496054935,3.140376677721973e-05
x,1.5810523684531343,4.3987840103890877e-05
x,1.5873015873007752,2.396032158536139e-06
x,1.593550806148416,3.7381094128937046e-05
x,1.599800024996057,6.122560387689208e-05
x,1.6060492438436977,4.251242183532249e-05
x,1.6122984626913386,4.6598410695242405e-05
x,1.6185476815389794,4.063549912824721e-05
x,1.6247969003866203,4.420305125962316e-06
x,1.6310461192342611,2.3179833042168124e-05
x,1.637295338081902,7.326260097344483e-05
x,1.6435445569295428,3.658097627652368e-05
x,1.6497937757771837,0.0001983704072850326
x,1.6560429946248245,0.00011771524512197765
x,1.6622922134724654,7.442342282922032e-05
x,1.6685414323201062,5.7979394207121964e-05
x,1.674790651167747,2.8275334846354745e-05
x,1.681039870015388,8.742821027427075e-05
x,1.6872890888630288,6.236344831022923e-05
x,1.6935383077106696,3.428774113458862e-05
x,1.6997875265583104,5.331298215159537e-05
x,1.7060367454059513,6.574605250205624e-05
x,1.7122859642535921,1.1569339402992306e-05
x,1.718535183101233,6.152094684285135e-06
x,1.7247844019488738,1.015996397420676e-05
x,1.7310336207965147,3.1244288430644188e-06
x,1.7372828396441555,3.0149165035230547e-05
x,1.7435320584917964,1.6785725548167207e-05
x,1.7497812773394372,4.726632248218012e-06
x,1.756030496187078,7.985106200994344e-06
x,1.762279715034719,2.2246292744454803e-05
x,1.7685289338823598,0.00011141469826849709
x,1.7747781527300006,7.511845854081283e-05
x,1.7810273715776415,3.949011314623279e-05
x,1.7872765904252823,1.8075433353272577e-05
x,1.7935258092729232,1.0583925719326354e-05
x,1.799775028120564,1.2241085273552271e-05
x,1.8060242469682048,3.63203026855399e-05
x,1.8122734658158457,3.255581054036337e-08
x,1.8185226846634865,2.6783702230346468e-05
x,1.8247719035111274,1.5493370533499793e-05
x,1.8310211223587682,1.7140188411863302e-06
x,1.837270341206409,3.9306775646296526e-05
x,1.84351956005405,1.928463198185315e-05
x,1.8497687789016908,3.147776716813987e-05
x,1.8560179977493316,6.46305457990988e-05
x,1.8622672165969725,2.065370216825774e-05
x,1.8685164354446133,2.5061342126821902e-06
x,1.8747656542922542,1.8277009703422962e-05
x,1.881014873139895,8.331530548161938e-05
x,1.8872640919875359,0.00024167595763443142
x,1.8935133108351767,0.00016629966099822907
x,1.8997625296828176,5.165115282490859e-07
x,1.9060117485304584,5.6872844261129343e-05
x,1.9122609673780993,3.109112720174493e-05
x,1.91851018622574,5.600279611896675e-05
x,1.924759405073381,0.00016466386038852494
x,1.9310086239210218,0.00037226748183154815
x,1.9372578427686626,0.0003096854704959104
x,1.9435070616163035,0.0009626541215271878
x,1.9497562804639443,0.10038902470316126
x,1.9560054993115852,0.5942488619308235
x,1.962254718159226,0.2153922235257778
x,1.9685039370068669,0.0010037506753674858
x,1.9747531558545077,0.0003480604905673097
x,1.9810023747021486,0.00027675759189356235
x,1.9872515935497894,0.00011708205779503337
x,1.9935008123974303,8.081192148393768e-05
x,1.9997500312450711,6.157953442753813e-06
x,2.005999250092712,3.286472138943822e-05
x,2.012248468940353,2.066935004298136e-06
x,2.0184976877879937,5.209371588754079e-05
x,2.0247469066356345,0.00011069596376215465
x,2.0309961254832753,4.288923577902657e-05
x,2.037245344330916,8.032235395854632e-06
x,2.043494563178557,1.2972461324631024e-06
x,2.049743782026198,2.8703007780772472e-06
x,2.0559930008738387,1.376001660061672e-05
x,2.0622422197214796,1.1800383469836526e-05
x,2.0684914385691204,1.8769243483361183e-06
x,2.0747406574167613,7.4131463304970164e-06
x,2.080989876264402,1.3730027209036066e-06
x,2.087239095112043,2.0768075744577115e-06
x,2.093488313959684,4.303112396196756e-06
x,2.0997375328073247,5.760695369447111e-07
x,2.1059867516549655,3.903915043600031e-06
x,2.1122359705026064,2.321347639556119e-06
x,2.118485189350247,2.480424386542478e-06
x,2.124734408197888,1.3157230480107248e-06
x,2.130983627045529,5.1304845757908136e-06
x,2.1372328458931698,4.922400569618494e-06
x,2.1434820647408106,1.0136843642508364e-05
x,2.1497312835884514,3.881353590080323e-06
x,2.1559805024360923,5.187467528326469e-07
x,2.162229721283733,3.0678856250616924e-07
x,2.168478940131374,4.971654865299706e-07
x,2.174728158979015,1.5662659500168196e-06
x,2.1809773778266557,4.557374785278745e-07
x,2.1872265966742965,5.991631592548716e-07
x,2.1934758155219374,6.930690291607141e-07
x,2.1997250343695782,1.7991467368820925e-07
x,2.205974253217219,2.1627488202056402e-06
x,2.21222347206486,2.984395680263123e-06
x,2.2184726909125008,2.2622206026132164e-06
x,2.2247219097601416,3.572990128198564e-06
x,2.2309711286077825,5.520810987071227e-06
x,2.2372203474554233,3.6256917669291747e-06
x,2.243469566303064,1.6233758781824782e-06
x,2.249718785150705,3.7100563450197323e-06
x,2.255968003998346,3.983315043467289e-06
x,2.2622172228459867,8.742787006346308e-06
x,2.2684664416936275,2.9435059767389345e-06
x,2.2747156605412684,3.501862659667839e-06
x,2.2809648793889092,2.9540193034783515e-06
x,2.28721409823655,6.930031452909471e-09
x,2.293463317084191,1.1461871088045637e-06
x,2.299712535931832,2.2690348034798598e-06
x,2.3059617547794726,1.9738165865756752e-06
x,2.3122109736271135,2.8977175721099e-06
x,2.3184601924747543,2.8209247976896886e-06
x,2.324709411322395,5.353987483603083e-07
x,2.330958630170036,1.0569443087762453e-06
x,2.337207849017677,1.608859657938822e-06
x,2.3434570678653177,1.976760195964524e-06
x,2.3497062867129586,2.4053342562462285e-06
x,2.3559555055605994,3.4950485145407845e-07
x,2.3622047244082403,1.2179322595493846e-06
x,2.368453943255881,1.9670896916579025e-06
x,2.374703162103522,7.652800845135772e-07
x,2.380952380951163,2.356038350014804e-06
x,2.3872015997988036,9.084787678857588e-07
x,2.3934508186464445,8.199663069710115e-08
x,2.3997000374940853,4.1405572460871566e-07
x,2.405949256341726,1.8897934011462246e-07
x,2.412198475189367,9.964659769846004e-07
x,2.418447694037008,2.312717393803598e-06
x,2.4246969128846487,2.685103013375839e-06
x,2.4309461317322896,9.383638324917527e-07
x,2.4371953505799304,1.1613495752026015e-06
x,2.4434445694275713,3.555993671382978e-06
x,2.449693788275212,1.007864331914297e-06
x,2.455943007122853,6.942683863365529e-07
x,2.462192225970494,7.417974224008334e-07
x,2.4684414448181347,5.504921001138844e-09
x,2.4746906636657755,1.2549232714813177e-06
x,2.4809398825134164,2.092638680605613e-06
x,2.487189101361057,2.225896543941146e-06
x,2.493438320208698,1.3263095778454317e-06
x,2.499687539056339,1.7230397476415548e-06
x,2.5059367579039797,1.3802980981121101e-06
x,2.5121859767516206,3.1641422844500493e-06
x,2.5184351955992614,3.996318306785114e-06
x,2.5246844144469023,3.2787485928553834e-05
x,2.530933633294543,2.3167441807693495e-05
x,2.537182852142184,6.0530148898658985e-06
x,2.543432070989825,1.5503340062327694e-06
x,2.5496812898374657,3.4356638783840287e-07
x,2.5559305086851065,1.5603780537461336e-06
x,2.5621797275327474,2.089099820454821e-06
x,2.568428946380388,5.584141209464772e-06
x,2.574678165228029,9.125769953155575e-07
x,2.58092738407567,5.11186609616342e-07
x,2.5871766029233108,7.349070728179933e-07
x,2.5934258217709516,6.388745033887789e-06
x,2.5996750406185924,3.5883276015119375e-06
x,2.6059242594662333,5.44768428972744e-07
x,2.612173478313874,6.87394737869929e-09
x,2.618422697161515,1.149650084048644e-06
x,2.624671916009156,4.6050032409188536e-06
x,2.6309211348567967,3.414086952544911e-06
x,2.6371703537044375,2.40991912839398e-06
x,2.6434195725520784,1.833501288704057e-05
x,2.6496687913997192,1.878478058335623e-05
x,2.65591801024736,1.3384122975910482e-05
x,2.662167229095001,1.2937902735820839e-05
x,2.6684164479426418,1.261117310584537e-05
x,2.6746656667902826,1.1959419776548058e-06
x,2.6809148856379235,2.45091351862945e-06
x,2.6871641044855643,4.4103479187147063e-07
x,2.693413323333205,1.9569246978777573e-06
x,2.699662542180846,1.9788410051427365e-06
x,2.705911761028487,2.7837716901903486e-06
x,2.7121609798761277,1.977388145382143e-05
x,2.7184101987237685,1.1374443043314246e-05
x,2.7246594175714094,7.154210861400959e-06
x,2.7309086364190502,8.605438803293665e-06
x,2.737157855266691,2.8490726763195004e-06
x,2.743407074114332,6.1249362730510195e-06
x,2.749656292961973,1.045758414236341e-05
x,2.7559055118096136,2.8193399275485597e-06
x,2.7621547306572545,2.0680092856842243e-05
x,2.7684039495048953,2.8870999963195275e-05
x,2.774653168352536,2.3455074944395015e-05
x,2.780902387200177,2.0801299125641614e-05
x,2.787151606047818,4.033235807114523e-06
x,2.7934008248954587,9.507964537303997e-06
x,2.7996500437430996,4.670960688941667e-05
x,2.8058992625907404,2.621961465675526e-05
x,2.8121484814383813,3.8825590099518256e-05
x,2.818397700286022,7.567149462990533e-05
x,2.824646919133663,1.4618577358404358e-05
x,2.830896137981304,6.010603419239692e-05
x,2.8371453568289446,4.0092941637038324e-05
x,2.8433945756765855,4.8592862051266e-06
x,2.8496437945242263,3.9643551245643567e-05
x,2.855893013371867,5.273965001433933e-05
x,2.862142232219508,1.4956674252183066e-05
x,2.868391451067149,1.7694814094763824e-05
x,2.8746406699147897,3.9335961517863426e-05
x,2.8808898887624306,0.00015984773089583115
x,2.8871391076100714,0.0001436942941463066
x,2.8933883264577123,1.0889189054458198e-05
x,2.899637545305353,0.0001486463451384671
x,2.905886764152994,8.146364250309184e-05
x,2.912135983000635,9.733033241180455e-05
x,2.9183852018482757,0.00021069226370264317
x,2.9246344206959165,0.00013596536030167707
x,2.9308836395435574,0.00012654804813715267
x,2.937132858391198,0.0002234792932209976
x,2.943382077238839,7.861536180380975e-05
x,2.94963129608648,0.0003077840114391221
x,2.9558805149341207,0.0001506755489978735
x,2.9621297337817616,4.8057615260701176e-05
x,2.9683789526294024,0.0002068712399824178
x,2.9746281714770433,0.00011339280077164526
x,2.980877390324684,3.605057649756008e-05
x,2.987126609172325,0.00017658376637869912
x,2.993375828019966,8.600186956084785e-05
x,2.9996250468676067,5.657425648210183e-05
x,3.0058742657152475,2.203494734413578e-05
x,3.0121234845628884,4.188351352985959e-05
x,3.018372703410529,4.554099071778725e-05
x,3.02462192225817,2.0659751938646393e-06
x,3.030871141105811,3.728996323761918e-05
x,3.0371203599534518,8.791211257555338e-05
x,3.0433695788010926,3.419063410818461e-05
x,3.0496187976487334,6.038952884748249e-05
x,3.0558680164963743,7.534088749555495e-05
x,3.062117235344015,1.3503675140987581e-05
x,3.068366454191656,3.533439985904818e-05
x,3.074615673039297,2.9069387176640577e-05
x,3.0808648918869377,1.8557888811612677e-05
x,3.0871141107345785,3.64879193923465e-05
x,3.0933633295822194,4.8648380413548256e-05
x,3.0996125484298602,3.689499426601124e-05
x,3.105861767277501,2.7353838242262685e-05
x,3.112110986125142,9.524255280498121e-06
x,3.1183602049727828,5.297272870520751e-06
x,3.1246094238204236,1.3728928285002619e-05
x,3.1308586426680645,3.848466389995082e-06
x,3.1371078615157053,1.4900303344907305e-05
x,3.143357080363346,1.1907747630649516e-05
x,3.149606299210987,1.0282048195319777e-05
x,3.155855518058628,2.540079862460911e-05
x,3.1621047369062687,1.004797938616894e-05
x,3.1683539557539095,7.63190725598103e-06
x,3.1746031746015504,4.657324177841035e-06
x,3.1808523934491912,1.922840576415576e-06
x,3.187101612296832,2.4042464205971583e-06
x,3.193350831144473,1.6944706809960825e-07
x,3.199600049992114,1.392387074349965e-05
x,3.2058492688397546,1.8161242181366406e-05
x,3.2120984876873955,2.3442713573761417e-05
x,3.2183477065350363,2.8898678772400293e-05
x,3.224596925382677,4.240505240461305e-05
x,3.230846144230318,1.3225533990393064e-05
x,3.237095363077959,4.498674148139947e-06
x,3.2433445819255997,1.2151422888634683e-05
x,3.2495938007732406,6.929533588940301e-06
x,3.2558430196208814,6.563906041663209e-07
x,3.2620922384685223,4.7366040383172934e-07
x,3.268341457316163,6.679767704165807e-07
x,3.274590676163804,8.975283213459901e-06
x,3.280839895011445,3.1606953764156325e-06
x,3.2870891138590856,2.056868740536609e-06
x,3.2933383327067265,1.1558127830156006e-06
x,3.2995875515543673,1.0701798042487172e-05
x,3.305836770402008,1.3493128018667654e-05
x,3.312085989249649,4.964614496399378e-07
x,3.31833520809729,8.06029983880938e-06
x,3.3245844269449307,8.314978326653898e-07
x,3.3308336457925716,1.2630729268897082e-05
x,3.3370828646402124,4.2758785929163275e-05
x,3.3433320834878533,8.464467871707402e-05
x,3.349581302335494,3.828973987653031e-05
x,3.355830521183135,5.383467508883555e-06
x,3.362079740030776,1.982525089659068e-06
x,3.3683289588784167,7.729986946965917e-06
x,3.3745781777260575,1.6309527109449113e-06
x,3.3808273965736984,4.574827107707932e-06
x,3.387076615421339,6.94763222063659e-06
x,3.39332583426898,8.541789830739872e-06
x,3.399575053116621,5.393031717269558e-07
x,3.4058242719642617,2.4003480299211633e-06
x,3.4120734908119026,4.096316569270555e-06
x,3.4183227096595434,5.02750829663019e-06
x,3.4245719285071843,1.0664079808695888e-05
x,3.430821147354825,1.0116317461161508e-05
x,3.437070366202466,3.6691009253688666e-07
x,3.443319585050107,6.758983478544508e-06
x,3.4495688038977477,1.1890068824347671e-05
x,3.4558180227453885,8.513634001618862e-06
x,3.4620672415930294,1.0543065399776718e-06
x,3.46831646044067,1.541916122332311e-06
x,3.474565679288311,5.18680383944545e-09
x,3.480814898135952,4.398081089986986e-07
x,3.4870641169835928,8.681034353909586e-06
x,3.4933133358312336,5.080344358282487e-06
x,3.4995625546788744,6.2705085406066615e-06
x,3.5058117735265153,1.1294430743387108e-05
x,3.512060992374156,3.5204662440179896e-08
x,3.518310211221797,1.152008198759907e-05
x,3.524559430069438,1.1944136023291134e-05
x,3.5308086489170787,7.187743615376081e-06
x,3.5370578677647195,1.2977621229025449e-05
x,3.5433070866123604,1.1799075416125817e-06
x,3.5495563054600012,6.370605254161159e-06
x,3.555805524307642,1.4506591463077345e-05
x,3.562054743155283,1.0598985661195167e-05
x,3.5683039620029238,1.0770963240378478e-05
x,3.5745531808505646,1.2022450159438826e-05
x,3.5808023996982055,1.9574897739850866e-06
x,3.5870516185458463,2.6745109379108786e-06
x,3.593300837393487,1.6544385420477376e-05
x,3.599550056241128,6.455111047194292e-06
x,3.605799275088769,4.9212200371051296e-05
x,3.6120484939364097,3.566800990098071e-05
x,3.6182977127840505,1.8226401879342936e-05
x,3.6245469316316914,1.796058356417788e-05
x,3.6307961504793322,4.059886642123771e-06
x,3.637045369326973,1.904210364392988e-05
x,3.643294588174614,1.562667086242292e-05
x,3.649543807022255,7.670682921667182e-06
x,3.6557930258698956,1.303714159456038e-05
x,3.6620422447175365,1.9829006983104815e-05
x,3.6682914635651773,4.8558942697739414e-06
x,3.674540682412818,1.0897071659296822e-06
x,3.680789901260459,2.4801324620469244e-06
x,3.6870391201081,4.1955958206201006e-07
x,3.6932883389557407,8.1436767397182e-06
x,3.6995375578033816,6.0568326605153065e-06
x,3.7057867766510224,1.4383041408984113e-06
x,3.7120359954986633,2.634065768888421e-06
x,3.718285214346304,3.918236876162072e-06
x,3.724534433193945,2.6253088695502248e-05
x,3.730783652041586,2.266048426820488e-05
x,3.7370328708892266,9.053899658926281e-06
x,3.7432820897368675,5.190894021445149e-06
x,3.7495313085845083,1.5058391318859958e-06
x,3.755780527432149,2.538791928127251e-06
x,3.76202974627979,9.025135507447418e-06
x,3.768278965127431,2.7113164293817215e-07
x,3.7745281839750717,6.1685359009767295e-06
x,3.7807774028227126,4.219045369745191e-06
x,3.7870266216703534,9.378723532902911e-08
x,3.7932758405179943,9.012110547173291e-06
x,3.799525059365635,6.16024256973807e-06
x,3.805774278213276,5.610822335205463e-06
x,3.812023497060917,1.5093172037586938e-05
x,3.8182727159085577,6.422448819753858e-06
x,3.8245219347561985,6.992315212665691e-07
x,3.8307711536038394,3.5540199945001942e-06
x,3.83702037245148,1.6236863412356424e-05
x,3.843269591299121,4.792138390866821e-05
x,3.849518810146762,3.99413059921654e-05
x,3.8557680289944027,7.40671385814065e-07
x,3.8620172478420436,1.1103141446614086e-05
x,3.8682664666896844,9.447646120802728e-06
x,3.8745156855373253,6.340841733351829e-06
x,3.880764904384966,3.074268617371313e-05
x,3.887014123232607,7.351147315760409e-05
x,3.893263342080248,5.9472524261928306e-05
x,3.8995125609278887,0.00017831482756821223
x,3.9057617797755295,0.0030349461122162547
x,3.9120109986231704,0.027285039999047897
x,3.918260217470811,0.0141114683451758
x,3.924509436318452,0.00021866834837546708
x,3.930758655166093,8.167110244253512e-05
x,3.9370078740137338,5.14370880123466e-05
x,3.9432570928613746,2.2298477113103785e-05
x,3.9495063117090154,1.983634938119567e-05
x,3.9557555305566563,9.99160211381325e-07
x,3.962004749404297,6.022256457806627e-06
x,3.968253968251938,9.583567679707165e-07
x,3.974503187099579,7.523575663663264e-06
x,3.9807524059472197,2.013803526944753e-05
x,3.9870016247948605,8.714591028431279e-06
x,3.9932508436425014,1.565555016639791e-06
x,3.9995000624901422,3.257088316320109e-07
x,4.005749281337783,4.2916424071496493e-07
x,4.011998500185424,1.8812612713942141e-06
x,4.018247719033065,2.1824932801906485e-06
x,4.024496937880706,2.2851349514358934e-07
x,4.0307461567283465,1.0364557711181923e-06
x,4.036995375575987,3.1569598437416494e-07
x,4.043244594423628,2.9243146946586967e-07
x,4.049493813271269,6.51378466163284e-07
x,4.05574303211891,1.637919504654198e-07
x,4.061992250966551,4.62618646705012e-07
x,4.0682414698141915,4.282303472594029e-07
x,4.074490688661832,4.2548087704888537e-07
x,4.080739907509473,1.6272876395380128e-07
x,4.086989126357114,7.956711563538581e-07
x,4.093238345204755,6.046627234247373e-07
x,4.099487564052396,1.3121268188542757e-06
x,4.105736782900037,7.023802275908728e-07
x,4.1119860017476775,1.0528213671794178e-07
x,4.118235220595318,4.482235267123091e-08
x,4.124484439442959,3.933475041471767e-08
x,4.1307336582906,1.7227016630441113e-07
x,4.136982877138241,7.588669593034364e-08
x,4.143232095985882,7.775335329983065e-08
x,4.149481314833523,1.1832429893920955e-07
x,4.155730533681163,9.458766475251198e-09
x,4.161979752528804,2.1591770101680388e-07
x,4.168228971376445,4.2048705457044057e-07
x,4.174478190224086,3.6284454938118137e-07
x,4.180727409071727,5.794552560712888e-07
x,4.186976627919368,8.950418995058712e-07
x,4.1932258467670085,7.534663140669158e-07
x,4.199475065614649,1.9583900994887142e-07
x,4.20572428446229,5.431620448982244e-07
x,4.211973503309931,5.448866192800978e-07
x,4.218222722157572,1.3113719203956426e-06
x,4.224471941005213,5.898675717757369e-07
x,4.230721159852854,5.608412496745041e-07
x,4.236970378700494,6.857100790115058e-07
x,4.243219597548135,4.527994672567362e-09
x,4.249468816395776,1.5666718352803768e-07
x,4.255718035243417,3.8743498636774375e-07
x,4.261967254091058,3.5765317381328583e-07
x,4.268216472938699,5.224293934840968e-07
x,4.2744656917863395,5.997610042644925e-07
x,4.28071491063398,1.768069388864405e-07
x,4.286964129481621,1.258760044573979e-07
x,4.293213348329262,3.062143272990949e-07
x,4.299462567176903,3.6070655311394657e-07
x,4.305711786024544,4.4735561003092026e-07
x,4.311961004872185,1.10708903125656e-07
x,4.318210223719825,1.6819224930864788e-07
x,4.324459442567466,4.238556648694166e-07
x,4.330708661415107,1.615309720994976e-07
x,4.336957880262748,4.851200777907751e-07
x,4.343207099110389,2.8676217447734807e-07
x,4.34945631795803,2.399632388560273e-08
x,4.3557055368056705,9.155001044239846e-08
x,4.361954755653311,7.481238610778362e-08
x,4.368203974500952,1.5006665344292213e-07
x,4.374453193348593,4.555978263488448e-07
x,4.380702412196234,5.965609566275348e-07
x,4.386951631043875,3.3666629093874284e-07
x,4.393200849891516,1.6674477485074952e-07
x,4.3994500687391564,8.056635448446847e-07
x,4.405699287586797,2.4800434932159723e-07
x,4.411948506434438,1.257866104777245e-07
x,4.418197725282079,1.8871279117803726e-07
x,4.42444694412972,8.336625181463776e-09
x,4.430696162977361,2.0787360600859357e-07
x,4.4369453818250015,4.482375179320664e-07
x,4.443194600672642,5.664179884424299e-07
x,4.449443819520283,4.5666818021274597e-07
x,4.455693038367924,2.9718137039746705e-07
x,4.461942257215565,5.110369999152514e-07
x,4.468191476063206,1.0154524017990075e-06
x,4.474440694910847,4.142628254174191e-07
x,4.4806899137584875,7.782094632290654e-06
x,4.486939132606128,6.646392235936748e-06
x,4.493188351453769,1.6759278295672463e-06
x,4.49943757030141,4.865087510169917e-07
x,4.505686789149051,5.122915541523464e-09
x,4.511936007996692,4.7261682347203576e-07
x,4.5181852268443325,3.214583438429626e-07
x,4.524434445691973,1.4810985204685854e-06
x,4.530683664539614,2.6580461139469227e-07
x,4.536932883387255,8.378958051906081e-08
x,4.543182102234896,1.5004573315185506e-07
x,4.549431321082537,1.7190490594869492e-06
x,4.555680539930178,1.485358719333869e-06
x,4.5619297587778185,2.0578751755136076e-07
x,4.568178977625459,1.1115663430869143e-08
x,4.5744281964731,2.389352448570136e-07
x,4.580677415320741,1.049529368137003e-06
x,4.586926634168382,1.0355097748209792e-06
x,4.593175853016023,4.760479706730995e-07
x,4.599425071863664,4.425530786591244e-06
x,4.605674290711304,5.454070730251623e-06
x,4.611923509558945,3.6173109766378333e-06
x,4.618172728406586,3.873882403931205e-06
x,4.624421947254227,3.8534113847392624e-06
x,4.630671166101868,6.619155581362238e-07
x,4.636920384949509,7.294234487401842e-07
x,4.6431696037971495,1.479110497879588e-07
x,4.64941882264479,4.587830901350198e-07
x,4.655668041492431,3.9653276475571383e-07
x,4.661917260340072,5.400822002527889e-07
x,4.668166479187713,5.502901612325189e-06
x,4.674415698035354,3.788727794602899e-06
x,4.680664916882995,1.945027657363309e-06
x,4.686914135730635,2.271268923201044e-06
x,4.693163354578276,9.008051840280448e-07
x,4.699412573425917,1.4118863022789608e-06
x,4.705661792273558,3.597716573960043e-06
x,4.711911011121199,6.922638942547952e-07
x,4.71816022996884,5.519367002338573e-06
x,4.7244094488164805,8.544961738852156e-06
x,4.730658667664121,5.918177979224596e-06
x,4.736907886511762,5.1059510125596165e-06
x,4.743157105359403,9.086820703428828e-07
x,4.749406324207044,1.7610316458686893e-06
x,4.755655543054685,1.3714486949623396e-05
x,4.761904761902326,1.0349650061952833e-05
x,4.768153980749966,9.454040085386504e-06
x,4.774403199597607,2.2534527565552528e-05
x,4.780652418445248,4.941881759885247e-06
x,4.786901637292889,1.497588269301528e-05
x,4.79315085614053,1.2652048988267461e-05
x,4.799400074988171,1.8148891502817454e-06
x,4.8056492938358115,1.1374919770739974e-05
x,4.811898512683452,1.705000761118113e-05
x,4.818147731531093,4.115014552261092e-06
x,4.824396950378734,3.409440554821815e-06
x,4.830646169226375,7.44570118979215e-06
x,4.836895388074016,4.191165551880858e-05
x,4.843144606921657,5.221712097149801e-05
x,4.8493938257692975,7.37209302626698e-07
x,4.855643044616938,3.5040440071903956e-05
x,4.861892263464579,2.61026610646542e-05
x,4.86814148231222,2.668360172516197e-05
x,4.874390701159861,5.1326931214173144e-05
x,4.880639920007502,4.4137408626139545e-05
x,4.8868891388551425,2.7473601945498132e-05
x,4.893138357702783,6.941231015505068e-05
x,4.899387576550424,2.0852014067117543e-05
x,4.905636795398065,9.17830600438007e-05
x,4.911886014245706,5.272354930792059e-05
x,4.918135233093347,1.1335507094262805e-05
x,4.924384451940988,5.898033238195536e-05
x,4.9306336707886285,4.6649697562242175e-05
x,4.936882889636269,3.4584904716965112e-06
x,4.94313210848391,4.607027089976816e-05
x,4.949381327331551,2.6640828046107917e-05
x,4.955630546179192,2.1174184547419793e-05
x,4.961879765026833,7.550793302344151e-06
x,4.9681289838744735,1.019884038769731e-05
x,4.974378202722114,1.3098685769020238e-05
x,4.980627421569755,3.251916641405444e-07
x,4.986876640417396,1.0209899360500257e-05
x,4.993125859265037,2.49553955623962e-05
x,4.999375078112678,1.3445962324938628e-05
x,5.005624296960319,1.3049519399369251e-05
x,5.0118735158079595,2.320174618822585e-05
x,5.0181227346556,3.838092155577491e-06
x,5.024371953503241,6.836193914697255e-06
x,5.030621172350882,9.229617968834906e-06
x,5.036870391198523,7.382959129466496e-06
x,5.043119610046164,1.1309888651977984e-05
x,5.049368828893805,1.543296119660175e-05
x,5.055618047741445,1.066762706024619e-05
x,5.061867266589086,7.133076061826967e-06
x,5.068116485436727,3.1582217942939816e-06
x,5.074365704284368,8.007233845849925e-07
x,5.080614923132009,4.198122370374352e-06
x,5.08686414197965,1.24770801531571e-06
x,5.0931133608272905,4.3303574252787925e-06
x,5.099362579674931,3.4057010660088304e-06
x,5.105611798522572,2.4553128844951007e-06
x,5.111861017370213,6.194266534710692e-06
x,5.118110236217854,3.3325291895540605e-06
x,5.124359455065495,2.5882002417041253e-06
x,5.130608673913136,1.6356903850442209e-06
x,5.136857892760776,7.125717392214751e-07
x,5.143107111608417,5.256845291579177e-07
x,5.149356330456058,8.404441136434058e-08
x,5.155605549303699,3.091732413087744e-06
x,5.16185476815134,4.843436190922127e-06
x,5.168103986998981,6.182592925319428e-06
x,5.1743532058466215,7.766291132869131e-06
x,5.180602424694262,1.2098502790673001e-05
x,5.186851643541903,5.015938480217831e-06
x,5.193100862389544,1.147569214814979e-06
x,5.199350081237185,3.502599688251866e-06
x,5.205599300084826,2.7947662734199817e-06
x,5.211848518932467,3.2901345299055774e-07
x,5.218097737780107,7.170120547451191e-08
x,5.224346956627748,2.6082769783604763e-08
x,5.230596175475389,1.8523166153342564e-06
x,5.23684539432303,1.0215252603077764e-06
x,5.243094613170671,5.464678431116737e-07
x,5.249343832018312,2.6348703182894823e-07
x,5.2555930508659525,2.732079707917603e-06
x,5.261842269713593,4.378824273092646e-06
x,5.268091488561234,1.279561538325909e-07
x,5.274340707408875,2.9692964727218512e-06
x,5.280589926256516,2.3098801117654408e-07
x,5.286839145104157,3.1433353117521974e-06
x,5.293088363951798,1.0876653858002585e-05
x,5.2993375827994385,2.21045685112208e-05
x,5.305586801647079,1.3118275104192643e-05
x,5.31183602049472,1.6983055100914177e-06
x,5.318085239342361,1.1080233209602344e-06
x,5.324334458190002,1.9673578136046746e-06
x,5.330583677037643,6.155960258865485e-07
x,5.3368328958852835,1.017196247462406e-06
x,5.343082114732924,1.802633711088822e-06
x,5.349331333580565,2.8274569203844446e-06
x,5.355580552428206,3.3344760011106337e-07
x,5.361829771275847,6.855953978826668e-07
x,5.368078990123488,1.3544024311694307e-06
x,5.374328208971129,1.7756436287101974e-06
x,5.3805774278187695,2.7084644888936315e-06
x,5.38682664666641,3.311664641673532e-06
x,5.393075865514051,2.1357016070249395e-07
x,5.399325084361692,1.3625184271970683e-06
x,5.405574303209333,3.4913919664602904e-06
x,5.411823522056974,2.8946382420066088e-06
x,5.4180727409046145,6.41165905574457e-07
x,5.424321959752255,3.4165543268349937e-07
x,5.430571178599896,1.6879236818120987e-08
x,5.436820397447537,2.3706911994608348e-08
x,5.443069616295178,2.1343840851186067e-06
x,5.449318835142819,1.7692684255779347e-06
x,5.45556805399046,1.5545456885779492e-06
x,5.4618172728381005,3.74415716439444e-06
x,5.468066491685741,1.5710215380865997e-07
x,5.474315710533382,3.1213695208594245e-06
x,5.480564929381023,3.840320146797317e-06
x,5.486814148228664,2.064590231472322e-06
x,5.493063367076305,4.31485325816054e-06
x,5.499312585923946,9.530263239878586e-07
x,5.505561804771586,1.1855699376455749e-06
x,5.511811023619227,4.017914796807297e-06
x,5.518060242466868,3.2946227229690915e-06
x,5.524309461314509,3.0516226754437054e-06
x,5.53055868016215,4.146489425224576e-06
x,5.536807899009791,9.216119204129662e-07
x,5.5430571178574315,2.6122141407358673e-07
x,5.549306336705072,4.2776032699235304e-06
x,5.555555555552713,1.38401269513675e-06
x,5.561804774400354,1.442230954054037e-05
x,5.568053993247995,1.3087044280508498e-05
x,5.574303212095636,5.518622956948724e-06
x,5.580552430943277,6.3221902302927716e-06
x,5.586801649790917,8.735016776189065e-07
x,5.593050868638558,4.799632910201638e-06
x,5.599300087486199,4.9395552753485165e-06
x,5.60554930633384,2.0597403246619653e-06
x,5.611798525181481,3.837504086621979e-06
x,5.618047744029122,6.971153052700113e-06
x,5.6242969628767625,2.3000940378267805e-06
x,5.630546181724403,2.395846369950444e-07
x,5.636795400572044,6.998134576289564e-07
x,5.643044619419685,5.6673212672441076e-08
x,5.649293838267326,2.515030188421842e-06
x,5.655543057114967,2.541376652207971e-06
x,5.661792275962608,5.674887799072736e-07
x,5.668041494810248,1.0051405378768857e-06
x,5.674290713657889,9.308631931329834e-07
x,5.68053993250553,7.174194060831243e-06
x,5.686789151353171,8.064609084195502e-06
x,5.693038370200812,2.626612992283135e-06
x,5.699287589048453,1.7068393733042666e-06
x,5.7055368078960935,2.0484164972058474e-07
x,5.711786026743734,6.325347479372239e-07
x,5.718035245591375,2.5667181046545887e-06
x,5.724284464439016,3.063422229889458e-07
x,5.730533683286657,1.6223022528056016e-06
x,5.736782902134298,1.4001202974558661e-06
x,5.743032120981939,1.896074009776085e-09
x,5.7492813398295795,2.383726545938761e-06
x,5.75553055867722,2.204459349324011e-06
x,5.761779777524861,1.1937310346444945e-06
x,5.768028996372502,4.003510305728279e-06
x,5.774278215220143,2.253985914264457e-06
x,5.780527434067784,2.9800609253558525e-07
x,5.7867766529154245,8.00138607095285e-07
x,5.793025871763065,3.8080208899504524e-06
x,5.799275090610706,1.0888078941585505e-05
x,5.805524309458347,1.0933578027320476e-05
x,5.811773528305988,4.929645663501851e-07
x,5.818022747153629,2.464921296847898e-06
x,5.82427196600127,3.0152554876862366e-06
x,5.8305211848489105,6.665597934958345e-07
x,5.836770403696551,6.24030568081845e-06
x,5.843019622544192,1.5951193531933626e-05
x,5.849268841391833,1.3980895693519378e-05
x,5.855518060239474,3.632160093506995e-05
x,5.861767279087115,0.00016680612884085967
x,5.8680164979347555,0.002314928424550184
x,5.874265716782396,0.0016915030613839583
x,5.880514935630037,5.3020973378077404e-05
x,5.886764154477678,1.975540473191774e-05
x,5.893013373325319,1.0026834609094115e-05
x,5.89926259217296,4.3803119472104365e-06
x,5.905511811020601,4.7293427923015064e-06
x,5.9117610298682415,3.232709316440553e-07
x,5.918010248715882,1.0546303005279055e-06
x,5.924259467563523,3.295479061556937e-07
x,5.930508686411164,9.82102721590443e-07
x,5.936757905258805,3.407056819894719e-06
x,5.943007124106446,1.64400287459958e-06
x,5.949256342954087,2.8593123284881933e-07
x,5.955505561801727,7.469831268318944e-08
x,5.961754780649368,7.782490850476801e-08
x,5.968003999497009,2.0377927688618838e-07
x,5.97425321834465,3.215111053989185e-07
x,5.980502437192291,3.112780171463579e-08
x,5.986751656039932,1.0816901968071121e-07
x,5.9930008748875725,5.318615262406547e-08
x,5.999250093735213,3.310231412926355e-08
x,6.005499312582854,7.61756224178275e-08
x,6.011748531430495,2.6840679876457627e-08
x,6.017997750278136,3.754077315966779e-08
x,6.024246969125777,5.814943085204725e-08
x,6.030496187973418,4.624020563177754e-08
x,6.036745406821058,1.478840463672093e-08
x,6.042994625668699,8.366839709033603e-08
x,6.04924384451634,5.132041544310992e-08
x,6.055493063363981,9.94841761610952e-08
x,6.061742282211622,7.73817936411784e-08
x,6.067991501059263,1.7864367918894357e-08
x,6.0742407199069035,5.770074297801656e-09
x,6.080489938754544,1.4440467193616493e-09
x,6.086739157602185,1.162536984216119e-08
x,6.092988376449826,7.053026401873733e-09
x,6.099237595297467,6.000405610835727e-09
x,6.105486814145108,1.1093220596861782e-08
x,6.111736032992749,2.4037202650941224e-10
x,6.117985251840389,1.1944224804058745e-08
x,6.12423447068803,3.545351513959169e-08
x,6.130483689535671,3.5825671366529305e-08
x,6.136732908383312,5.96930032994603e-08
x,6.142982127230953,9.365210148363324e-08
x,6.149231346078594,9.428595110646018e-08
x,6.1554805649262345,1.8468797057793326e-08
x,6.161729783773875,4.861140093057093e-08
x,6.167979002621516,5.3251756556526885e-08
x,6.174228221469157,1.3122492257741026e-07
x,6.180477440316798,7.530963618180811e-08
x,6.186726659164439,5.967638913035577e-08
x,6.19297587801208,1.0204200345257201e-07
x,6.1992250968597205,3.80309180222596e-09
x,6.205474315707361,1.5519423390649118e-08
x,6.211723534555002,4.5116863852008524e-08
x,6.217972753402643,4.513103552026468e-08
x,6.224221972250284,6.874053745537335e-08
x,6.230471191097925,8.58266182849442e-08
x,6.2367204099455655,3.6044952249944256e-08
x,6.242969628793206,1.1629329666113518e-08
x,6.249218847640847,3.796308902705613e-08
x,6.255468066488488,4.584218932845379e-08
x,6.261717285336129,5.8234679245492315e-08
x,6.26796650418377,2.0952305336726585e-08
x,6.274215723031411,1.460372981514031e-08
x,6.2804649418790515,6.286003490542351e-08
x,6.286714160726692,2.6601460947407025e-08
x,6.292963379574333,7.301852328562133e-08
x,6.299212598421974,6.073607923491706e-08
x,6.305461817269615,4.874413115327143e-09
x,6.311711036117256,1.6549149550015838e-08
x,6.3179602549648965,1.7696523754396282e-08
x,6.324209473812537,1.4927123903899498e-08
x,6.330458692660178,6.637732315775472e-08
x,6.336707911507819,8.995786251261417e-08
x,6.34295713035546,7.732413864977391e-08
x,6.349206349203101,1.7500753630750135e-08
x,6.355455568050742,1.2873012434965395e-07
x,6.3617047868983825,4.80757951604156e-08
x,6.367954005746023,1.683477479980788e-08
x,6.374203224593664,3.854206024470988e-08
x,6.380452443441305,4.105284031218285e-09
x,6.386701662288946,2.3177475472784293e-08
x,6.392950881136587,6.953608777912566e-08
x,6.399200099984228,1.068100510904553e-07
x,6.405449318831868,1.1193105831992184e-07
x,6.411698537679509,4.070508438642793e-08
x,6.41794775652715,1.2666356174487934e-07
x,6.424196975374791,2.497389106647933e-07
x,6.430446194222432,1.489820508768702e-08
x,6.436695413070073,1.3918058809134544e-06
x,6.4429446319177135,1.4918605020041385e-06
x,6.449193850765354,3.768904907111414e-07
x,6.455443069612995,1.1162359162784014e-07
x,6.461692288460636,5.982195427978537e-09
x,6.467941507308277,9.810029430488478e-08
x,6.474190726155918,4.683616026345314e-08
x,6.480439945003559,3.02371590791218e-07
x,6.486689163851199,6.111743371808695e-08
x,6.49293838269884,9.446220017213425e-09
x,6.499187601546481,2.4461251921029865e-08
x,6.505436820394122,3.602003669356326e-07
x,6.511686039241763,4.5810288678030877e-07
x,6.517935258089404,7.140873164658787e-08
x,6.5241844769370445,1.3144011621967231e-08
x,6.530433695784685,4.264297039326959e-08
x,6.536682914632326,1.962945799967611e-07
x,6.542932133479967,2.601691078367947e-07
x,6.549181352327608,8.980998628098944e-08
x,6.555430571175249,8.791967001125764e-07
x,6.56167979002289,1.3263871414651767e-06
x,6.56792900887053,8.339479770714958e-07
x,6.574178227718171,9.700742876290791e-07
x,6.580427446565812,9.923496100503559e-07
x,6.586676665413453,2.6871546998706514e-07
x,6.592925884261094,1.7620893638349162e-07
x,6.599175103108735,5.937720173214583e-08
x,6.6054243219563755,8.320318581099985e-08
x,6.611673540804016,7.24462688924636e-08
x,6.617922759651657,8.891106325223306e-08
x,6.624171978499298,1.2906927143331925e-06
x,6.630421197346939,1.0854345308019303e-06
x,6.63667041619458,4.65606233649011e-07
x,6.642919635042221,5.204806286096534e-07
x,6.6491688538898615,2.4531781408048257e-07
x,6.655418072737502,2.774337590569904e-07
x,6.661667291585143,1.037324299420067e-06
x,6.667916510432784,2.103004634432661e-07
x,6.674165729280425,1.2418249405948403e-06
x,6.680414948128066,2.2209451732650684e-06
x,6.6866641669757065,1.3769400782967527e-06
x,6.692913385823347,1.0478265805309226e-06
x,6.699162604670988,2.2850519678002125e-07
x,6.705411823518629,3.144377873878893e-07
x,6.71166104236627,3.3735501250056955e-06
x,6.717910261213911,3.453612735918561e-06
x,6.724159480061552,2.1532455060983178e-06
x,6.7304086989091925,5.7375908091165305e-06
x,6.736657917756833,1.6847266782451186e-06
x,6.742907136604474,3.216448324511262e-06
x,6.749156355452115,3.546582764923781e-06
x,6.755405574299756,6.159777686602506e-07
x,6.761654793147397,2.901106879087631e-06
x,6.7679040119950375,4.972566722387521e-06
x,6.774153230842678,1.045496478337039e-06
x,6.780402449690319,5.922441710028003e-07
x,6.78665166853796,1.1101921610519488e-06
x,6.792900887385601,9.513301836813625e-06
x,6.799150106233242,1.6020589545248095e-05
x,6.805399325080883,6.407415131991086e-07
x,6.8116485439285235,6.992068753720483e-06
x,6.817897762776164,7.219071096335133e-06
x,6.824146981623805,6.9811844531143634e-06
x,6.830396200471446,1.1479849954768405e-05
x,6.836645419319087,1.2329687606820171e-05
x,6.842894638166728,5.488200862941361e-06
x,6.849143857014369,1.8729126907471626e-05
x,6.855393075862009,5.992404111125515e-06
x,6.86164229470965,2.401993930402869e-05
x,6.867891513557291,1.7176175037892603e-05
x,6.874140732404932,2.701700364985276e-06
x,6.880389951252573,1.483037572004052e-05
x,6.886639170100214,1.625023767629486e-05
x,6.8928883889478545,1.540020912902007e-07
x,6.899137607795495,1.050961370777941e-05
x,6.905386826643136,7.194129684308105e-06
x,6.911636045490777,7.009138707107701e-06
x,6.917885264338418,2.533863802714999e-06
x,6.924134483186059,2.226774194966107e-06
x,6.9303837020337,3.5178750802404384e-06
x,6.93663292088134,3.350790561355903e-08
x,6.942882139728981,2.6776911313836254e-06
x,6.949131358576622,6.46563117744646e-06
x,6.955380577424263,4.71183782036041e-06
x,6.961629796271904,2.4775259141066514e-06
x,6.967879015119545,6.375613172093323e-06
x,6.9741282339671855,1.215989920997749e-06
x,6.980377452814826,1.0596379863273822e-06
x,6.986626671662467,2.5176238598593e-06
x,6.992875890510108,2.585956580520348e-06
x,6.999125109357749,3.3757383204014096e-06
x,7.00537432820539,4.4695363164955695e-06
x,7.011623547053031,2.9752861710854364e-06
x,7.017872765900671,1.70776383137012e-06
x,7.024121984748312,9.028897938948544e-07
x,7.030371203595953,8.730518621789605e-08
x,7.036620422443594,1.1560386395680045e-06
x,7.042869641291235,4.1029718896003834e-07
x,7.049118860138876,1.1795312566099732e-06
x,7.0553680789865165,9.078177753134055e-07
x,7.061617297834157,5.596725748168909e-07
x,7.067866516681798,1.3688406029436259e-06
x,7.074115735529439,9.761876170277337e-07
x,7.08036495437708,7.851831461552694e-07
x,7.086614173224721,5.736371877233249e-07
x,7.092863392072362,2.3170260176798897e-07
x,7.0991126109200025,1.0752870246661227e-07
x,7.105361829767643,3.6942844129154484e-08
x,7.111611048615284,6.182238164284298e-07
x,7.117860267462925,1.233322052249825e-06
x,7.124109486310566,1.497025736396681e-06
x,7.130358705158207,1.993836266655393e-06
x,7.1366079240058475,3.175979908282398e-06
x,7.142857142853488,1.7294101800794424e-06
x,7.149106361701129,2.953088741328561e-07
x,7.15535558054877,9.266559762121165e-07
x,7.161604799396411,1.0148540822962738e-06
x,7.167854018244052,1.568259380382212e-07
x,7.174103237091693,5.15914658712145e-09
x,7.1803524559393335,2.998839293810103e-09
x,7.186601674786974,3.2683274211634e-07
x,7.192850893634615,2.937626958448145e-07
x,7.199100112482256,1.2182274541804905e-07
x,7.205349331329897,6.463206114632874e-08
x,7.211598550177538,6.561218312470135e-07
x,7.2178477690251786,1.262663295044382e-06
x,7.224096987872819,1.1823752996138749e-07
x,7.23034620672046,9.133104278431155e-07
x,7.236595425568101,1.5563318942814808e-07
x,7.242844644415742,7.070907072345452e-07
x,7.249093863263383,2.6686450981892133e-06
x,7.255343082111024,5.3913468605534e-06
x,7.2615923009586645,3.993949405574758e-06
x,7.267841519806305,5.779267053698548e-07
x,7.274090738653946,5.571610198735515e-07
x,7.280339957501587,4.185123651349985e-07
x,7.286589176349228,2.554077372916439e-07
x,7.292838395196869,2.0162938151268373e-07
x,7.29908761404451,4.2249643491666314e-07
x,7.30533683289215,8.579356340970627e-07
x,7.311586051739791,1.6714242460119167e-07
x,7.317835270587432,1.8268909201806143e-07
x,7.324084489435073,4.260664002270811e-07
x,7.330333708282714,5.984712910670015e-07
x,7.336582927130355,6.630317262811515e-07
x,7.3428321459779955,9.791989777899479e-07
x,7.349081364825636,1.4192310122401958e-07
x,7.355330583673277,2.2207127168911372e-07
x,7.361579802520918,9.39172553194649e-07
x,7.367829021368559,9.19097437715846e-07
x,7.3740782402162,3.1658487542606805e-07
x,7.380327459063841,5.854127158640772e-08
x,7.386576677911481,2.153335936294893e-08
x,7.392825896759122,1.1372912659087781e-09
x,7.399075115606763,4.687396209539871e-07
x,7.405324334454404,5.831714741278425e-07
x,7.411573553302045,3.7786667188569463e-07
x,7.417822772149686,1.1543239768422365e-06
x,7.4240719909973265,1.4543222153960232e-07
x,7.430321209844967,7.739829437228523e-07
x,7.436570428692608,1.2074344839865777e-06
x,7.442819647540249,5.961532625050921e-07
x,7.44906886638789,1.2918416509983246e-06
x,7.455318085235531,5.822177168683628e-07
x,7.461567304083172,1.7596564921325195e-07
x,7.467816522930812,1.0215559262358134e-06
x,7.474065741778453,1.0111881584111225e-06
x,7.480314960626094,8.601852429677912e-07
x,7.486564179473735,1.3316824197691332e-06
x,7.492813398321376,3.966044307301324e-07
x,7.499062617169017,8.360799094949121e-09
x,7.5053118360166575,1.0027082580805554e-06
x,7.511561054864298,3.115175089733805e-07
x,7.517810273711939,4.002584463636612e-06
x,7.52405949255958,4.653922304560369e-06
x,7.530308711407221,1.7102828813454668e-06
x,7.536557930254862,2.0655433447038137e-06
x,7.542807149102503,3.1900945113048497e-07
x,7.5490563679501435,1.1136193004743066e-06
x,7.555305586797784,1.5920762201817217e-06
x,7.561554805645425,5.414177615999818e-07
x,7.567804024493066,1.109693117393287e-06
x,7.574053243340707,2.3497360031529195e-06
x,7.580302462188348,1.0193143931427796e-06
x,7.5865516810359885,6.24976597723537e-08
x,7.592800899883629,1.8731241901462338e-07
x,7.59905011873127,1.0652609945934776e-08
x,7.605299337578911,7.289845333454278e-07
x,7.611548556426552,1.0235677062124617e-06
x,7.617797775274193,2.3795626906769232e-07
x,7.624046994121834,3.5965838136226846e-07
x,7.6302962129694745,2.819993497267806e-07
x,7.636545431817115,1.8924895864901477e-06
x,7.642794650664756,2.8026716571119035e-06
x,7.649043869512397,8.248778765517746e-07
x,7.655293088360038,5.372880914489284e-07
x,7.661542307207679,2.0947968859929874e-08
x,7.6677915260553196,1.531897386281086e-07
x,7.67404074490296,7.05843975902344e-07
x,7.680289963750601,1.9662158448700045e-07
x,7.686539182598242,4.0563931317460543e-07
x,7.692788401445883,4.779228063526504e-07
x,7.699037620293524,1.026329399957387e-08
x,7.705286839141165,6.243853510466618e-07
x,7.7115360579888055,7.643868443410539e-07
x,7.717785276836446,2.763034702219003e-07
x,7.724034495684087,1.0438927886822086e-06
x,7.730283714531728,7.711746547938114e-07
x,7.736532933379369,1.374530112538489e-07
x,7.74278215222701,1.8301413292824946e-07
x,7.749031371074651,9.43556788702082e-07
x,7.755280589922291,2.5036084043880966e-06
x,7.761529808769932,3.0124067568312088e-06
x,7.767779027617573,2.4211979343910896e-07
x,7.774028246465214,5.62163700789514e-07
x,7.780277465312855,9.212683637836714e-07
x,7.786526684160496,6.531820376470024e-08
x,7.7927759030081365,1.2384573178598369e-06
x,7.799025121855777,3.4723363113951636e-06
x,7.805274340703418,3.6080255785060194e-06
x,7.811523559551059,7.445027833037384e-06
x,7.8177727783987,1.1948600325979667e-05
x,7.824021997246341,0.00024104082804871836
x,7.830271216093982,0.00024745831884826164
x,7.836520434941622,1.3388578386134627e-05
x,7.842769653789263,4.617603140390465e-06
x,7.849018872636904,1.9914183225990334e-06
x,7.855268091484545,8.714034022857221e-07
x,7.861517310332186,1.069398168816076e-06
x,7.867766529179827,1.247716481761089e-07
x,7.8740157480274675,1.7328125350285066e-07
x,7.880264966875108,9.328295029983e-08
x,7.886514185722749,1.1362652592846335e-07
x,7.89276340457039,5.435018545821242e-07
x,7.899012623418031,2.90358225543158e-07
x,7.905261842265672,4.999362367822814e-08
x,7.911511061113313,1.6390951125849176e-08
x,7.917760279960953,1.6888239659736865e-08
x,7.924009498808594,1.8000550562409567e-08
x,7.930258717656235,4.07305371895797e-08
x,7.936507936503876,4.886985373602021e-09
x,7.942757155351517,9.726620381770665e-09
x,7.949006374199158,8.34686366267833e-09
x,7.9552555930467985,4.1967285656453865e-09
x,7.961504811894439,9.27331090939372e-09
x,7.96775403074208,3.5378160772727963e-09
x,7.974003249589721,3.5467618510373126e-09
x,7.980252468437362,9.983667808375783e-09
x,7.986501687285003,7.2287119036614055e-09
x,7.992750906132644,2.956876768042608e-09
x,7.9990001249802845,1.6320297969636882e-08
x,8.005249343827925,8.603411206785491e-09
x,8.011498562675566,1.5415542561160817e-08
x,8.017747781523207,1.7366544217581317e-08
x,8.023997000370848,6.59212103004936e-09
x,8.030246219218489,1.880301557520378e-09
x,8.03649543806613,4.7932182777769136e-11
x,8.04274465691377,2.551205341787681e-09
x,8.048993875761411,2.4535392561654572e-09
x,8.055243094609052,1.551703942545287e-09
x,8.061492313456693,3.87521605472722e-09
x,8.067741532304334,8.194875461845022e-11
x,8.073990751151975,2.685069341904683e-09
x,8.080239969999615,1.0487884401242404e-08
x,8.086489188847256,1.3738085750961684e-08
x,8.092738407694897,2.351453711480213e-08
x,8.098987626542538,3.639684000565049e-08
x,8.105236845390179,4.156010906771665e-08
x,8.11148606423782,9.872790325406347e-09
x,8.11773528308546,1.9216440022525828e-08
x,8.123984501933101,2.2579108684870367e-08
x,8.130233720780742,4.9354653633804836e-08
x,8.136482939628383,3.5477980382554644e-08
x,8.142732158476024,2.243136307676949e-08
x,8.148981377323665,5.270108956143717e-08
x,8.155230596171306,4.95202338836705e-09
x,8.161479815018946,5.037714008926916e-09
x,8.167729033866587,1.5219599606033582e-08
x,8.173978252714228,1.829735314451545e-08
x,8.180227471561869,2.7958305148159307e-08
x,8.18647669040951,3.391799049233523e-08
x,8.19272590925715,1.8554789364794067e-08
x,8.198975128104792,4.041450768337889e-09
x,8.205224346952432,1.141944458303085e-08
x,8.211473565800073,1.3224931909060942e-08
x,8.217722784647714,1.682810232817811e-08
x,8.223972003495355,8.36763027450791e-09
x,8.230221222342996,1.891946614496279e-09
x,8.236470441190637,1.8539426864324167e-08
x,8.242719660038277,8.805832577917266e-09
x,8.248968878885918,2.0230847656597317e-08
x,8.25521809773356,2.2293304731649382e-08
x,8.2614673165812,1.495456436955626e-09
x,8.26771653542884,5.0748043821416574e-09
x,8.273965754276482,5.9588457848325676e-09
x,8.280214973124123,1.7655672936533055e-09
x,8.286464191971763,1.5130352499296726e-08
x,8.292713410819404,1.9262786024624555e-08
x,8.298962629667045,2.221191882247594e-08
x,8.305211848514686,3.2289871891579137e-09
x,8.311461067362327,2.5325658106982417e-08
x,8.317710286209968,1.220740083964075e-08
x,8.323959505057609,2.965160321600465e-09
x,8.33020872390525,9.982213731882773e-09
x,8.33645794275289,1.6923730378591791e-09
x,8.342707161600531,2.541770517704872e-09
x,8.348956380448172,1.159291582212782e-08
x,8.355205599295813,2.1921951659986563e-08
x,8.361454818143454,2.823821644559762e-08
x,8.367704036991094,8.092753771757759e-09
x,8.373953255838735,2.9949207986735205e-08
x,8.380202474686376,6.268871019514623e-08
x,8.386451693534017,1.3408925669828513e-09
x,8.392700912381658,2.4559333583209223e-07
x,8.398950131229299,3.4158803749569395e-07
x,8.40519935007694,8.905903882716871e-08
x,8.41144856892458,2.4325485005985922e-08
x,8.417697787772221,6.537758236192778e-09
x,8.423947006619862,1.7094679024856055e-08
x,8.430196225467503,1.143393352369147e-08
x,8.436445444315144,5.776006704768585e-08
x,8.442694663162785,1.4077322296801476e-08
x,8.448943882010425,8.254251866709921e-10
x,8.455193100858066,3.6022636489216305e-09
x,8.461442319705707,6.864639415729535e-08
x,8.467691538553348,1.2491483802950951e-07
x,8.473940757400989,2.4605474531043068e-08
x,8.48018997624863,8.08242998120202e-09
x,8.48643919509627,6.564953022688613e-09
x,8.492688413943911,3.4598298456743093e-08
x,8.498937632791552,6.105601078419107e-08
x,8.505186851639193,1.976532329876423e-08
x,8.511436070486834,1.605729865102831e-07
x,8.517685289334475,3.0057549777133216e-07
x,8.523934508182116,1.841192861497343e-07
x,8.530183727029756,2.217564661183616e-07
x,8.536432945877397,2.3803694530349563e-07
x,8.542682164725038,9.145810019855551e-08
x,8.548931383572679,3.8002745209177785e-08
x,8.55518060242032,2.343739709949451e-08
x,8.56142982126796,1.1624310175786657e-08
x,8.567679040115602,1.3279910572957567e-08
x,8.573928258963242,1.3516361089527299e-08
x,8.580177477810883,2.7293594669901073e-07
x,8.586426696658524,2.8340842913003294e-07
x,8.592675915506165,1.0432113215159003e-07
x,8.598925134353806,1.090981837593084e-07
x,8.605174353201447,5.973500099092195e-08
x,8.611423572049087,4.853066238751957e-08
x,8.617672790896728,2.6516212921370437e-07
x,8.62392200974437,7.328840084147503e-08
x,8.63017122859201,2.4446413704916347e-07
x,8.63642044743965,5.237268373492069e-07
x,8.642669666287292,3.091478399123744e-07
x,8.648918885134933,1.8362941403336897e-07
x,8.655168103982573,5.9411165704556544e-08
x,8.661417322830214,7.312983029238775e-08
x,8.667666541677855,7.204356475987099e-07
x,8.673915760525496,9.973293758457926e-07
x,8.680164979373137,4.883912188334882e-07
x,8.686414198220778,1.2861143575801711e-06
x,8.692663417068418,5.315343273661898e-07
x,8.69891263591606,6.082909489227495e-07
x,8.7051618547637,8.936635956745532e-07
x,8.711411073611341,1.9451618812727897e-07
x,8.717660292458982,6.609513723704449e-07
x,8.723909511306623,1.3233624930360447e-06
x,8.730158730154264,2.557781844797907e-07
x,8.736407949001904,9.434958841360865e-08
x,8.742657167849545,1.2276924849264975e-07
x,8.748906386697186,1.8754362222384918e-06
x,8.755155605544827,4.245813093373035e-06
x,8.761404824392468,5.087958236509847e-07
x,8.767654043240109,1.1546084938625863e-06
x,8.77390326208775,1.7289481070452966e-06
x,8.78015248093539,1.7335889656000052e-06
x,8.786401699783031,2.411779589720266e-06
x,8.792650918630672,2.9707646320674895e-06
x,8.798900137478313,1.0828387197331743e-06
x,8.805149356325954,4.395642670799946e-06
x,8.811398575173595,1.792340481123776e-06
x,8.817647794021235,5.496119945178373e-06
x,8.823897012868876,5.121422580939788e-06
x,8.830146231716517,6.845148116469991e-07
x,8.836395450564158,3.2702246874755543e-06
x,8.842644669411799,4.879246494765527e-06
x,8.84889388825944,1.2788619012623442e-07
x,8.85514310710708,2.0586664822061933e-06
x,8.861392325954721,1.6881766931958266e-06
x,8.867641544802362,2.027412719668756e-06
x,8.873890763650003,8.072034055543239e-07
x,8.880139982497644,4.2699638585138353e-07
x,8.886389201345285,8.653835497801586e-07
x,8.892638420192926,1.0901100950829743e-09
x,8.898887639040566,6.603269584084784e-07
x,8.905136857888207,1.5254871807940613e-06
x,8.911386076735848,1.442398709971515e-06
x,8.917635295583489,4.2327547086216206e-07
x,8.92388451443113,1.5337083156951492e-06
x,8.93013373327877,3.774112180968277e-07
x,8.936382952126412,1.2327248764449979e-07
x,8.942632170974052,5.781224359810076e-07
x,8.948881389821693,7.864699732839114e-07
x,8.955130608669334,9.545970285942545e-07
x,8.961379827516975,1.1602922541563583e-06
x,8.967629046364616,7.797052659048099e-07
x,8.973878265212257,3.7087610860634405e-07
x,8.980127484059897,2.183119670243396e-07
x,8.986376702907538,6.559061748903134e-09
x,8.99262592175518,2.7846814078856545e-07
x,8.99887514060282,1.2832119082186956e-07
x,9.00512435945046,2.9533818266527203e-07
x,9.011373578298102,2.2097622387978233e-07
x,9.017622797145743,1.1825097878481172e-07
x,9.023872015993383,2.677796994310985e-07
x,9.030121234841024,2.4493782715750204e-07
x,9.036370453688665,2.0858580074059664e-07
x,9.042619672536306,1.878112332119264e-07
x,9.048868891383947,6.567205320857563e-08
x,9.055118110231588,2.0365555661988157e-08
x,9.061367329079228,1.1775357891970528e-08
x,9.06761654792687,1.0822698148911594e-07
x,9.07386576677451,2.875685587810622e-07
x,9.080114985622151,3.2464505178052104e-07
x,9.086364204469792,4.716817951913899e-07
x,9.092613423317433,7.454085489644607e-07
x,9.098862642165074,5.254642202315577e-07
x,9.105111861012714,7.729866535482487e-08
x,9.111361079860355,2.1948458014636022e-07
x,9.117610298707996,3.190526875165354e-07
x,9.123859517555637,6.823154659331294e-08
x,9.130108736403278,2.8953196593619763e-11
x,9.136357955250919,3.963386889895829e-09
x,9.14260717409856,4.692240827509793e-08
x,9.1488563929462,7.170664687066173e-08
x,9.155105611793841,2.1635879816340007e-08
x,9.161354830641482,1.6763314376271937e-08
x,9.167604049489123,1.4158933230202707e-07
x,9.173853268336764,3.170193775201539e-07
x,9.180102487184405,7.118789558866393e-08
x,9.186351706032045,2.2911466510015053e-07
x,9.192600924879686,8.928996071738124e-08
x,9.198850143727327,1.3476359632121543e-07
x,9.205099362574968,6.022005094764761e-07
x,9.211348581422609,1.1876876363143122e-06
x,9.21759780027025,1.0476444357174698e-06
x,9.22384701911789,1.8607543222226725e-07
x,9.230096237965531,2.2270522768109889e-07
x,9.236345456813172,7.259049601669075e-08
x,9.242594675660813,9.19517584744895e-08
x,9.248843894508454,3.341694486820981e-08
x,9.255093113356095,8.5203630255196e-08
x,9.261342332203736,2.282208402244853e-07
x,9.267591551051376,6.90160376491556e-08
x,9.273840769899017,4.232243245787083e-08
x,9.280089988746658,1.224981264130212e-07
x,9.286339207594299,1.815611674453845e-07
x,9.29258842644194,1.5394715294269237e-07
x,9.29883764528958,2.505339987402113e-07
x,9.305086864137222,6.71418391513518e-08
x,9.311336082984862,2.4524833778769096e-08
x,9.317585301832503,2.1864019030123586e-07
x,9.323834520680144,2.605140247042925e-07
x,9.330083739527785,1.2541033868418548e-07
x,9.336332958375426,7.388810283916342e-09
x,9.342582177223067,1.2584797344098064e-08
x,9.348831396070707,2.5817394029512225e-09
x,9.355080614918348,8.57079684521468e-08
x,9.36132983376599,1.7090108656542943e-07
x,9.36757905261363,8.925159489343394e-08
x,9.37382827146127,3.163930660604766e-07
x,9.380077490308912,8.053370684494267e-08
x,9.386326709156553,1.641997624453708e-07
x,9.392575928004193,3.5127300280751863e-07
x,9.398825146851834,1.6475739756854565e-07
x,9.405074365699475,3.325228287401763e-07
x,9.411323584547116,2.711279777152151e-07
x,9.417572803394757,1.5484128385461496e-08
x,9.423822022242398,2.2339378053441412e-07
x,9.430071241090038,2.8723378799911944e-07
x,9.43632045993768,2.3217433602521617e-07
x,9.44256967878532,3.800015187330183e-07
x,9.448818897632961,1.511026394141716e-07
x,9.455068116480602,1.2209498982050398e-09
x,9.461317335328243,1.9854667223815434e-07
x,9.467566554175884,7.580988814680909e-08
x,9.473815773023524,9.90918290763472e-07
x,9.480064991871165,1.5116817823243599e-06
x,9.486314210718806,5.230460451014966e-07
x,9.492563429566447,5.976618407674165e-07
x,9.498812648414088,1.451215616592073e-07
x,9.505061867261729,2.195758846528475e-07
x,9.51131108610937,4.910145783403415e-07
x,9.51756030495701,1.3402462511472738e-07
x,9.523809523804651,2.974013695301862e-07
x,9.530058742652292,7.226103483044103e-07
x,9.536307961499933,4.030376065466806e-07
x,9.542557180347574,2.122087289473896e-08
x,9.548806399195215,4.513533633660266e-08
x,9.555055618042855,5.437983221186688e-09
x,9.561304836890496,1.8660245153011953e-07
x,9.567554055738137,3.739858319960049e-07
x,9.573803274585778,9.766915814555838e-08
x,9.580052493433419,1.1426377686422883e-07
x,9.58630171228106,1.0181731220603098e-07
x,9.5925509311287,4.559755834490393e-07
x,9.598800149976341,8.958268081310271e-07
x,9.605049368823982,2.6714863970591545e-07
x,9.611298587671623,1.5365923993535784e-07
x,9.617547806519264,3.4805908292182556e-09
x,9.623797025366905,3.253727341197758e-08
x,9.630046244214546,1.776753335503786e-07
x,9.636295463062186,9.309338417255225e-08
x,9.642544681909827,8.912962847812981e-08
x,9.648793900757468,1.5720919108126312e-07
x,9.655043119605109,9.513351028213033e-09
x,9.66129233845275,1.5374570555683908e-07
x,9.66754155730039,2.450183602366493e-07
x,9.673790776148032,7.018457769879169e-08
x,9.680039994995672,2.5360417367608173e-07
x,9.686289213843313,2.441650232124552e-07
x,9.692538432690954,5.938215839119338e-08
x,9.698787651538595,4.1096272797936105e-08
x,9.705036870386236,2.325788469447305e-07
x,9.711286089233877,5.578015619577639e-07
x,9.717535308081517,7.94151076395937e-07
x,9.723784526929158,9.855253304583687e-08
x,9.7300337457768,1.2694608759607172e-07
x,9.73628296462444,2.616763879589058e-07
x,9.74253218347208,1.717164029075494e-08
x,9.748781402319722,2.28290559559068e-07
x,9.755030621167363,7.254984701284896e-07
x,9.761279840015003,9.483644253729015e-07
x,9.767529058862644,1.4792621404977245e-06
x,9.773778277710285,1.2454205629667698e-06
x,9.780027496557926,2.678546332862548e-05
x,9.786276715405567,3.8583879641866644e-05
x,9.792525934253208,3.3543339959143644e-06
x,9.798775153100848,1.0160772298860335e-06
x,9.80502437194849,4.0276453305731286e-07
x,9.81127359079613,1.7363782197879056e-07
x,9.817522809643771,2.2673520103112432e-07
x,9.823772028491412,4.405133834711536e-08
x,9.830021247339053,2.683265664629408e-08
x,9.836270466186694,2.310132554619106e-08
x,9.842519685034334,1.1468978379886967e-08
x,9.848768903881975,8.522852343979582e-08
x,9.855018122729616,5.013164779371012e-08
x,9.861267341577257,8.77760746166849e-09
x,9.867516560424898,3.7088558917261783e-09
x,9.873765779272539,4.254198627316283e-09
x,9.88001499812018,1.5240676156825457e-09
x,9.88626421696782,6.358156366538872e-09
x,9.892513435815461,1.024986276633236e-09
x,9.898762654663102,1.5440510329732605e-09
x,9.905011873510743,2.059710182095257e-09
x,9.911261092358384,1.2482943281873438e-09
x,9.917510311206025,2.4224045978590486e-09
x,9.923759530053665,1.0719601376136475e-09
x,9.930008748901306,6.442090385454055e-10
x,9.936257967748947,3.977953703720263e-09
x,9.942507186596588,3.4492807277251293e-09
x,9.948756405444229,2.5035332607920118e-09
x,9.95500562429187,8.34954385096925e-09
x,9.96125484313951,5.111722489845429e-09
x,9.967504061987151,7.422151394915813e-09
x,9.973753280834792,1.0543535028682169e-08
x,9.980002499682433,4.96430533934241e-09
x,9.986251718530074,1.4622769711414418e-09
x,9.992500937377715,4.9191315732500335e-12
x,9.998750156225356,9.66252832117866e-10
x,10.004999375072996,1.473209095572644e-09
x,10.011248593920637,8.75825126363538e-10
x,10.017497812768278,2.585005210650173e-09
x,10.023747031615919,6.92843031089295e-11
x,10.02999625046356,1.171200852972804e-09
x,10.0362454693112,5.012893544180159e-09
x,10.042494688158841,8.821078993893186e-09
x,10.048743907006482,1.555420302541804e-08
x,10.054993125854123,2.308481694730719e-08
x,10.061242344701764,2.819082665989919e-08
x,10.067491563549405,9.884362910358319e-09
x,10.073740782397046,9.860493659126518e-09
x,10.079990001244687,1.3788363828466608e-08
x,10.086239220092327,2.6856226225662734e-08
x,10.092488438939968,2.3727961976216854e-08
x,10.09873765778761,1.2307261216279619e-08
x,10.10498687663525,3.6788298828045315e-08
x,10.11123609548289,6.673395455432906e-09
x,10.117485314330532,2.5781544261255703e-09
x,10.123734533178173,7.000778349028913e-09
x,10.129983752025813,1.104851086696848e-08
x,10.136232970873454,1.764194574888473e-08
x,10.142482189721095,1.9884504613538945e-08
x,10.148731408568736,1.3713854765786931e-08
x,10.154980627416377,3.3078707330258083e-09
x,10.161229846264018,5.647587945686986e-09
x,10.167479065111658,6.668740722434675e-09
x,10.1737282839593,8.20772102055905e-09
x,10.17997750280694,5.057243328094218e-09
x,10.186226721654581,2.362277363775446e-10
x,10.192475940502222,8.989299656743094e-09
x,10.198725159349863,5.150567581113696e-09
x,10.204974378197504,9.060085209599572e-09
x,10.211223597045144,1.3127172938418755e-08
x,10.217472815892785,1.0623973690254448e-09
x,10.223722034740426,2.6693972236112658e-09
x,10.229971253588067,3.3002507924759808e-09
x,10.236220472435708,1.9057254871929875e-10
x,10.242469691283349,5.935203903568487e-09
x,10.24871891013099,7.407661704655414e-09
x,10.25496812897863,1.0295408999961945e-08
x,10.261217347826271,1.6943690284464781e-09
x,10.267466566673912,7.963340308616123e-09
x,10.273715785521553,5.22601575988657e-09
x,10.279965004369194,7.623322662995011e-10
x,10.286214223216835,3.8560960152574365e-09
x,10.292463442064475,8.758970170640279e-10
x,10.298712660912116,4.31820994380011e-10
x,10.304961879759757,2.687239773412943e-09
x,10.311211098607398,6.2194165828251635e-09
x,10.317460317455039,9.532798147417146e-09
x,10.32370953630268,3.282882894718185e-09
x,10.32995875515032,8.855720537666336e-09
x,10.336207973997961,2.007565138836242e-08
x,10.342457192845602,3.3262867973407292e-09
x,10.348706411693243,5.258360114465631e-08
x,10.354955630540884,9.921798615487079e-08
x,10.361204849388525,2.75767287349327e-08
x,10.367454068236166,6.186608868886239e-09
x,10.373703287083806,3.7723290021419276e-09
x,10.379952505931447,2.8738442550526543e-09
x,10.386201724779088,4.444706128592122e-09
x,10.392450943626729,1.2341527469287494e-08
x,10.39870016247437,4.170623014026992e-09
x,10.40494938132201,6.706040548584942e-11
x,10.411198600169651,5.067588291021154e-10
x,10.417447819017292,1.3560276833862029e-08
x,10.423697037864933,3.471282408943709e-08
x,10.429946256712574,8.898819767016699e-09
x,10.436195475560215,4.048928076939336e-09
x,10.442444694407856,7.900249904117865e-10
x,10.448693913255497,6.358013229419011e-09
x,10.454943132103137,1.4555620355005998e-08
x,10.461192350950778,5.5480153910277285e-09
x,10.467441569798419,2.964458903942481e-08
x,10.47369078864606,6.956191053801337e-08
x,10.4799400074937,4.3046380702040087e-08
x,10.486189226341342,4.987798927833039e-08
x,10.492438445188982,5.780988410540606e-08
x,10.498687664036623,2.8900181087651967e-08
x,10.504936882884264,8.041138247128946e-09
x,10.511186101731905,8.669951912568955e-09
x,10.517435320579546,1.1032207952298832e-09
x,10.523684539427187,2.4667785323993324e-09
x,10.529933758274828,2.055743454239717e-09
x,10.536182977122468,5.479178474073951e-08
x,10.54243219597011,7.051396747780651e-08
x,10.54868141481775,2.2936600431009777e-08
x,10.554930633665391,2.1674757390298666e-08
x,10.561179852513032,1.3423559754322476e-08
x,10.567429071360673,7.797455526835696e-09
x,10.573678290208314,6.267378323384158e-08
x,10.579927509055954,2.5003550398314635e-08
x,10.586176727903595,4.336149694687571e-08
x,10.592425946751236,1.1497663609505654e-07
x,10.598675165598877,6.862111855459893e-08
x,10.604924384446518,2.7937201440866602e-08
x,10.611173603294159,1.4298814075894003e-08
x,10.6174228221418,2.308447114704994e-08
x,10.62367204098944,1.381118561163333e-07
x,10.629921259837081,2.551547903624597e-07
x,10.636170478684722,1.1451721577552047e-07
x,10.642419697532363,2.60679998950858e-07
x,10.648668916380004,1.5075014167036118e-07
x,10.654918135227645,1.0379859144154127e-07
x,10.661167354075285,2.0508139955337218e-07
x,10.667416572922926,5.7546047427815586e-08
x,10.673665791770567,1.3526383688055046e-07
x,10.679915010618208,3.2469724354287437e-07
x,10.686164229465849,6.299214564962592e-08
x,10.69241344831349,1.3645575520638043e-08
x,10.69866266716113,8.564086045293465e-09
x,10.704911886008771,3.223000342630045e-07
x,10.711161104856412,9.925854501478149e-07
x,10.717410323704053,2.388114561006083e-07
x,10.723659542551694,1.5051868243638175e-07
x,10.729908761399335,3.6153374155963043e-07
x,10.736157980246976,4.065430677540182e-07
x,10.742407199094616,4.88456882317259e-07
x,10.748656417942257,6.246181366716438e-07
x,10.754905636789898,2.27698154579263e-07
x,10.761154855637539,9.046569212862392e-07
x,10.76740407448518,5.164332962131289e-07
x,10.77365329333282,1.1073670952968494e-06
x,10.779902512180461,1.388731690003359e-06
x,10.786151731028102,1.8591291049964281e-07
x,10.792400949875743,6.347699948592333e-07
x,10.798650168723384,1.2861616811642953e-06
x,10.804899387571025,1.0902360158568065e-07
x,10.811148606418666,3.420972095485108e-07
x,10.817397825266307,3.4693804422432006e-07
x,10.823647044113947,5.125377939656063e-07
x,10.829896262961588,2.38903539354235e-07
x,10.836145481809229,7.21643666325373e-08
x,10.84239470065687,1.9318195942961042e-07
x,10.84864391950451,5.259732920639536e-10
x,10.854893138352152,1.5194860640493356e-07
x,10.861142357199792,3.3243598951543626e-07
x,10.867391576047433,3.8755675848357064e-07
x,10.873640794895074,7.355605949049579e-08
x,10.879890013742715,3.219398810027073e-07
x,10.886139232590356,1.0621395347265495e-07
x,10.892388451437997,1.1947514467543997e-08
x,10.898637670285638,1.1087689107120141e-07
x,10.904886889133278,2.084297158283208e-07
x,10.91113610798092,2.532417408759333e-07
x,10.91738532682856,2.7127116627107734e-07
x,10.923634545676201,1.8954986822001035e-07
x,10.929883764523842,7.380348389837212e-08
x,10.936132983371483,4.45201040198018e-08
x,10.942382202219123,1.3638967151173029e-09
x,10.948631421066764,5.809748079327468e-08
x,10.954880639914405,3.6720998122267917e-08
x,10.961129858762046,6.804060071467682e-08
x,10.967379077609687,4.9373634224583e-08
x,10.973628296457328,2.2757585346672335e-08
x,10.979877515304969,4.642137539261681e-08
x,10.98612673415261,5.221490283802878e-08
x,10.99237595300025,4.848800959705713e-08
x,10.998625171847891,5.497446985934035e-08
x,11.004874390695532,1.664066370089484e-08
x,11.011123609543173,3.5937655135056516e-09
x,11.017372828390814,2.900251973969381e-09
x,11.023622047238455,1.6621846336510992e-08
x,11.029871266086095,6.020703751192377e-08
x,11.036120484933736,6.333155431317641e-08
x,11.042369703781377,1.0125556454771924e-07
x,11.048618922629018,1.559751164046308e-07
x,11.054868141476659,1.3981310138577163e-07
x,11.0611173603243,2.087620145736118e-08
x,11.06736657917194,4.669418842777594e-08
x,11.073615798019581,8.620180706735995e-08
x,11.079865016867222,2.6185495103812853e-08
x,11.086114235714863,6.557543770307355e-10
x,11.092363454562504,1.561996533371434e-09
x,11.098612673410145,5.571731897202496e-09
x,11.104861892257786,1.4588704377203069e-08
x,11.111111111105426,2.9444117775114993e-09
x,11.117360329953067,4.166441175363191e-09
x,11.123609548800708,2.6851435591919504e-08
x,11.129858767648349,6.97571521560472e-08
x,11.13610798649599,2.8927071944652136e-08
x,11.14235720534363,4.6761653359585336e-08
x,11.148606424191271,3.70983737885201e-08
x,11.154855643038912,2.0862038770803897e-08
x,11.161104861886553,1.222181225447254e-07
x,11.167354080734194,2.3556246096148436e-07
x,11.173603299581835,2.355607892261028e-07
x,11.179852518429476,5.267880639412592e-08
x,11.186101737277117,7.129200986577902e-08
x,11.192350956124757,1.1952054524507012e-08
x,11.198600174972398,2.6905414312638506e-08
x,11.204849393820039,4.463927253505356e-09
x,11.21109861266768,1.455421416733076e-08
x,11.21734783151532,5.2456687275875826e-08
x,11.223597050362962,2.3826723394920443e-08
x,11.229846269210602,8.14879376750425e-09
x,11.236095488058243,3.181979748630047e-08
x,11.242344706905884,4.87036698978471e-08
x,11.248593925753525,3.446322943189607e-08
x,11.254843144601166,5.4779670262709114e-08
x,11.261092363448807,2.384546025003429e-08
x,11.267341582296448,1.204971434754071e-09
x,11.273590801144088,4.286473962730261e-08
x,11.27984001999173,6.503742170068306e-08
x,11.28608923883937,4.067791115441438e-08
x,11.292338457687011,1.6614196331907947e-09
x,11.298587676534652,4.775378371696665e-09
x,11.304836895382293,1.5802753389477774e-09
x,11.311086114229933,1.2401756213820923e-08
x,11.317335333077574,4.352254419221146e-08
x,11.323584551925215,2.1123272197724946e-08
x,11.329833770772856,7.626014691092383e-08
x,11.336082989620497,3.291081061719699e-08
x,11.342332208468138,2.8542184733158074e-08
x,11.348581427315779,9.256300754020644e-08
x,11.35483064616342,4.2722188600544153e-08
x,11.36107986501106,7.263499619756657e-08
x,11.367329083858701,1.0048577984904144e-07
x,11.373578302706342,3.879082804903413e-10
x,11.379827521553983,4.0745263078044715e-08
x,11.386076740401624,7.306392402973954e-08
x,11.392325959249264,5.9524248378183373e-08
x,11.398575178096905,9.562449741180378e-08
x,11.404824396944546,5.023866074788762e-08
x,11.411073615792187,2.6670333098036163e-09
x,11.417322834639828,3.187398189860217e-08
x,11.423572053487469,1.9772287976256167e-08
x,11.42982127233511,2.134583072573009e-07
x,11.43607049118275,4.3904205007900103e-07
x,11.442319710030391,1.5561688437251811e-07
x,11.448568928878032,1.5133672644928423e-07
x,11.454818147725673,5.872750181103266e-08
x,11.461067366573314,3.506347165498774e-08
x,11.467316585420955,1.4084606877960033e-07
x,11.473565804268596,3.222191614766877e-08
x,11.479815023116236,7.200201537026567e-08
x,11.486064241963877,1.998177553017174e-07
x,11.492313460811518,1.4013433294562826e-07
x,11.498562679659159,8.561648031183648e-09
x,11.5048118985068,9.655115323172942e-09
x,11.51106111735444,3.034192993990754e-09
x,11.517310336202081,4.1002915826819276e-08
x,11.523559555049722,1.2115559274951633e-07
x,11.529808773897363,3.736460294557745e-08
x,11.536057992745004,3.189455590912466e-08
x,11.542307211592645,3.725814276179114e-08
x,11.548556430440286,9.843485785880588e-08
x,11.554805649287927,2.5623869744212934e-07
x,11.561054868135567,8.561119053454909e-08
x,11.567304086983208,3.9111348681301836e-08
x,11.573553305830849,2.195348308928477e-09
x,11.57980252467849,5.552445337831356e-09
x,11.58605174352613,3.979924296587834e-08
x,11.592300962373772,3.505482576312691e-08
x,11.598550181221412,1.6152522377867154e-08
x,11.604799400069053,4.7791420882793814e-08
x,11.611048618916694,5.0829131503192855e-09
x,11.617297837764335,3.4599223508262854e-08
x,11.623547056611976,7.058858220787232e-08
x,11.629796275459617,1.9271222588889068e-08
x,11.636045494307258,5.53555921465423e-08
x,11.642294713154898,6.91060781425962e-08
x,11.64854393200254,2.263237499098438e-08
x,11.65479315085018,9.118185627599383e-09
x,11.661042369697821,5.3896505813443406e-08
x,11.667291588545462,1.1679880122367827e-07
x,11.673540807393103,1.9175570197853927e-07
x,11.679790026240743,3.407013398267381e-08
x,11.686039245088384,2.730326105260541e-08
x,11.692288463936025,6.68929704234583e-08
x,11.698537682783666,9.334490193469034e-09
x,11.704786901631307,3.6853336548657333e-08
x,11.711036120478948,1.3716129070896198e-07
x,11.717285339326589,2.3344748727543498e-07
x,11.72353455817423,2.721863237929303e-07
x,11.72978377702187,2.0833223416460615e-07
x,11.736032995869511,2.8345406146325725e-06
x,11.742282214717152,5.749077440714985e-06
x,11.748531433564793,7.691775666195181e-07
x,11.754780652412434,1.965523241349463e-07
x,11.761029871260074,7.835095778310157e-08
x,11.767279090107715,3.178545648681856e-08
x,11.773528308955356,4.1772399251365123e-08
x,11.779777527802997,1.3037025427511793e-08
x,11.786026746650638,3.6217658958762903e-09
x,11.792275965498279,4.782323214016792e-09
x,11.79852518434592,8.862525623849596e-10
x,11.80477440319356,1.279385707176769e-08
x,11.811023622041201,8.338609821584452e-09
x,11.817272840888842,1.5187264909397122e-09
x,11.823522059736483,8.491562674701114e-10
x,11.829771278584124,1.1683050529150597e-09
x,11.836020497431765,1.6930284045625603e-10
x,11.842269716279406,1.7336502898725928e-09
x,11.848518935127046,4.5004653416273283e-10
x,11.854768153974687,4.782562891969838e-10
x,11.861017372822328,7.404301982350921e-10
x,11.867266591669969,6.158085388632959e-10
x,11.87351581051761,1.0080477982741184e-09
x,11.87976502936525,5.417621457945483e-10
x,11.886014248212891,9.739655859266749e-11
x,11.892263467060532,1.7396476253183776e-09
x,11.898512685908173,1.546207982116187e-09
x,11.904761904755814,1.7530093427673113e-09
x,11.911011123603455,3.661424995547508e-09
x,11.917260342451096,2.782199544895783e-09
x,11.923509561298737,2.635668732006428e-09
x,11.929758780146377,4.893089827409014e-09
x,11.936007998994018,2.9621086341634293e-09
x,11.942257217841659,1.0408806270912714e-09
x,11.9485064366893,4.8888760177758904e-11
x,11.95475565553694,2.3987389966894487e-10
x,11.961004874384582,5.568054581074397e-10
x,11.967254093232222,3.758723162728361e-10
x,11.973503312079863,1.110838356299391e-09
x,11.979752530927504,7.051351225212247e-11
x,11.986001749775145,4.655741997087899e-10
x,11.992250968622786,1.4988688213276364e-09
x,11.998500187470427,3.924128779871978e-09
x,12.004749406318068,7.267455816607971e-09
x,12.010998625165708,1.0647860948338113e-08
x,12.01724784401335,1.3185668711536996e-08
x,12.02349706286099,6.639839940075877e-09
x,12.029746281708631,3.1308669681614516e-09
x,12.035995500556272,6.20543630857966e-09
x,12.042244719403913,1.0654950249327762e-08
x,12.048493938251553,1.1068239598803414e-08
x,12.054743157099194,4.996276559527102e-09
x,12.060992375946835,1.7822124132102268e-08
x,12.067241594794476,5.3684884576952785e-09
x,12.073490813642117,9.783604999677998e-10
x,12.079740032489758,2.374956492444797e-09
x,12.085989251337399,4.86910588639452e-09
x,12.09223847018504,8.553487300287934e-09
x,12.09848768903268,8.8711455812686e-09
x,12.104736907880321,7.458912186734017e-09
x,12.110986126727962,2.3279300073270338e-09
x,12.117235345575603,2.2121069988630936e-09
x,12.123484564423244,2.777923805731103e-09
x,12.129733783270884,3.306230555728003e-09
x,12.135983002118525,2.311855013449916e-09
x,12.142232220966166,2.8219266194594804e-12
x,12.148481439813807,3.51682158622846e-09
x,12.154730658661448,2.664620065808936e-09
x,12.160979877509089,3.59070512222665e-09
x,12.16722909635673,6.5925622821404536e-09
x,12.17347831520437,8.429865617914542e-10
x,12.179727534052011,1.3461687427828793e-09
x,12.185976752899652,1.6438991011244476e-09
x,12.192225971747293,1.1713678072176107e-11
x,12.198475190594934,2.2426841335083418e-09
x,12.204724409442575,2.826733634583932e-09
x,12.210973628290215,4.6833189201724755e-09
x,12.217222847137856,1.1857111519876062e-09
x,12.223472065985497,2.5646496887443856e-09
x,12.229721284833138,2.4154788174792462e-09
x,12.235970503680779,1.7701256201641293e-10
x,12.24221972252842,1.6132899530692422e-09
x,12.24846894137606,4.860778163604151e-10
x,12.254718160223701,9.976777593624295e-11
x,12.260967379071342,6.719501437507702e-10
x,12.267216597918983,1.9450514318783295e-09
x,12.273465816766624,3.626949562761589e-09
x,12.279715035614265,1.8052423135180444e-09
x,12.285964254461906,2.895795638736646e-09
x,12.292213473309547,7.561234121869679e-09
x,12.298462692157187,2.9560706990166985e-09
x,12.304711911004828,1.2378739455695516e-08
x,12.310961129852469,3.39980314111063e-08
x,12.31721034870011,1.069626419828161e-08
x,12.32345956754775,1.8543024437892069e-09
x,12.329708786395392,1.7933926491844878e-09
x,12.335958005243032,5.127418387388533e-10
x,12.342207224090673,1.955919823052338e-09
x,12.348456442938314,3.011834348404362e-09
x,12.354705661785955,1.583964782217601e-09
x,12.360954880633596,1.759640789539112e-11
x,12.367204099481237,5.4741052493336194e-11
x,12.373453318328878,2.9175414914093537e-09
x,12.379702537176518,1.0377620264648516e-08
x,12.38595175602416,3.5000237586531513e-09
x,12.3922009748718,1.8220593727475802e-09
x,12.398450193719441,8.157084601231371e-11
x,12.404699412567082,1.2511320434024863e-09
x,12.410948631414723,3.5927333597057954e-09
x,12.417197850262363,1.8432062845070336e-09
x,12.423447069110004,5.8637621632124e-09
x,12.429696287957645,1.7306008125440933e-08
x,12.435945506805286,1.1287778527722687e-08
x,12.442194725652927,1.1618360582886584e-08
x,12.448443944500568,1.497822945882782e-08
x,12.454693163348209,9.10162608947675e-09
x,12.46094238219585,1.8547647930728423e-09
x,12.46719160104349,3.0589936530272572e-09
x,12.473440819891131,3.29539756635405e-11
x,12.479690038738772,4.4624528495046354e-10
x,12.485939257586413,3.3232545438897595e-10
x,12.492188476434054,1.0850733199032723e-08
x,12.498437695281694,1.7292516718422855e-08
x,12.504686914129335,5.141976382175503e-09
x,12.510936132976976,4.178621786114262e-09
x,12.517185351824617,2.860917043135792e-09
x,12.523434570672258,1.1777740228233782e-09
x,12.529683789519899,1.4175399608449319e-08
x,12.53593300836754,7.92565115556492e-09
x,12.54218222721518,7.152602001302601e-09
x,12.548431446062821,2.4046660321537605e-08
x,12.554680664910462,1.5235755273369805e-08
x,12.560929883758103,3.779741646842068e-09
x,12.567179102605744,3.0403333020926518e-09
x,12.573428321453385,7.73620603068602e-09
x,12.579677540301025,2.475197269472937e-08
x,12.585926759148666,5.9233290046702245e-08
x,12.592175977996307,2.780563999802269e-08
x,12.598425196843948,4.917986995820446e-08
x,12.604674415691589,3.869313837023463e-08
x,12.61092363453923,1.6598627837627552e-08
x,12.61717285338687,4.357459383625469e-08
x,12.623422072234511,1.5982332967307586e-08
x,12.629671291082152,2.5101591186980773e-08
x,12.635920509929793,7.430126266401627e-08
x,12.642169728777434,1.5951916004993493e-08
x,12.648418947625075,1.6809905789877922e-09
x,12.654668166472716,2.4872068401034896e-10
x,12.660917385320356,4.854726615421133e-08
x,12.667166604167997,2.0918470772522802e-07
x,12.673415823015638,8.315529478878744e-08
x,12.679665041863279,1.368509798039838e-08
x,12.68591426071092,6.674347409206838e-08
x,12.69216347955856,8.973301602997933e-08
x,12.698412698406202,9.759298045868158e-08
x,12.704661917253842,1.1695969161895457e-07
x,12.710911136101483,5.147208648493522e-08
x,12.717160354949124,1.6569060160551183e-07
x,12.723409573796765,1.3671272181677604e-07
x,12.729658792644406,2.0010154140745178e-07
x,12.735908011492047,3.4368536806430416e-07
x,12.742157230339688,5.2352560567471044e-08
x,12.748406449187328,1.0962967223386802e-07
x,12.75465566803497,3.0384455963269467e-07
x,12.76090488688261,5.096565808638998e-08
x,12.767154105730251,4.760878795183659e-08
x,12.773403324577892,6.342755091144664e-08
x,12.779652543425533,1.1424525520593515e-07
x,12.785901762273173,6.523695556272331e-08
x,12.792150981120814,1.1263040852105817e-08
x,12.798400199968455,3.907654365839668e-08
x,12.804649418816096,7.442963446051663e-10
x,12.810898637663737,3.264979194903497e-08
x,12.817147856511378,6.852052539611364e-08
x,12.823397075359019,9.317968752872624e-08
x,12.82964629420666,1.5750746325767656e-08
x,12.8358955130543,5.94044468235016e-08
x,12.842144731901941,2.6569450579370393e-08
x,12.848393950749582,2.4760383195620397e-09
x,12.854643169597223,1.7782907972970346e-08
x,12.860892388444864,4.8820953678885134e-08
x,12.867141607292504,6.28361806444784e-08
x,12.873390826140145,5.843883686997149e-08
x,12.879640044987786,4.267961739359845e-08
x,12.885889263835427,1.3819571940535663e-08
x,12.892138482683068,7.706498826826288e-09
x,12.898387701530709,7.25140105358574e-10
x,12.90463692037835,1.053689090938811e-08
x,12.91088613922599,9.505118456622086e-09
x,12.917135358073631,1.4630588945034485e-08
x,12.923384576921272,1.0376105423370423e-08
x,12.929633795768913,3.933729170229714e-09
x,12.935883014616554,7.2753442748829704e-09
x,12.942132233464195,9.527367957535007e-09
x,12.948381452311835,9.973519389666816e-09
x,12.954630671159476,1.4183339474199148e-08
x,12.960879890007117,3.936405753125365e-09
x,12.967129108854758,5.923425548207667e-10
x,12.973378327702399,5.961293079883601e-10
x,12.97962754655004,2.308911181410775e-09
x,12.98587676539768,1.1300560659276096e-08
x,12.992125984245321,1.1397181198178155e-08
x,12.998375203092962,1.9722407939017698e-08
x,13.004624421940603,2.9550616872453876e-08
x,13.010873640788244,3.2943374410122645e-08
x,13.017122859635885,5.757957502126579e-09
x,13.023372078483526,9.120689254682488e-09
x,13.029621297331166,2.0261786107638883e-08
x,13.035870516178807,8.772736206303868e-09
x,13.042119735026448,5.735236781136459e-10
x,13.048368953874089,3.3576669134298724e-10
x,13.05461817272173,6.787331192436405e-10
x,13.06086739156937,2.473746243146903e-09
x,13.067116610417012,2.9496832987089424e-10
x,13.073365829264652,9.075611369037168e-10
x,13.079615048112293,4.458369344717151e-09
x,13.085864266959934,1.3794965921728653e-08
x,13.092113485807575,8.92634775281353e-09
x,13.098362704655216,7.924595696918466e-09
x,13.104611923502857,1.1772958040432344e-08
x,13.110861142350497,2.576700434253659e-09
x,13.117110361198138,2.221598311726161e-08
x,13.12335958004578,4.276539140518159e-08
x,13.12960879889342,4.59969218433031e-08
x,13.13585801774106,1.2833858314732378e-08
x,13.142107236588702,1.8839462889676297e-08
x,13.148356455436343,2.824523677177948e-09
x,13.154605674283983,6.410304913903455e-09
x,13.160854893131624,4.796368674229679e-10
x,13.167104111979265,2.1333837967492115e-09
x,13.173353330826906,1.0483986368302259e-08
x,13.179602549674547,7.046597833581005e-09
x,13.185851768522188,1.2513142334872052e-09
x,13.192100987369829,7.519842962141684e-09
x,13.19835020621747,1.1664240068865858e-08
x,13.20459942506511,7.612872956270458e-09
x,13.210848643912751,1.0338411311051959e-08
x,13.217097862760392,6.787475009796339e-09
x,13.223347081608033,1.0528637562252063e-10
x,13.229596300455674,6.9981507517647535e-09
x,13.235845519303314,1.4419440225881133e-08
x,13.242094738150955,1.1166960908780842e-08
x,13.248343956998596,1.0276856206253075e-09
x,13.254593175846237,1.3151146289613632e-09
x,13.260842394693878,6.054900242199285e-10
x,13.267091613541519,1.334560378839123e-09
x,13.27334083238916,9.667579326952875e-09
x,13.2795900512368,5.157351425271105e-09
x,13.285839270084441,1.6410994137037585e-08
x,13.292088488932082,1.0898630911435134e-08
x,13.298337707779723,3.8979090054826965e-09
x,13.304586926627364,2.2183328631133996e-08
x,13.310836145475005,1.0445459632311454e-08
x,13.317085364322645,1.3636744979890038e-08
x,13.323334583170286,3.1015591359250565e-08
x,13.329583802017927,7.046880552507674e-10
x,13.335833020865568,6.14602857270573e-09
x,13.342082239713209,1.652486353874196e-08
x,13.34833145856085,1.4660337902002353e-08
x,13.35458067740849,2.1712259915509254e-08
x,13.360829896256131,1.4712392832967972e-08
x,13.367079115103772,1.4806804792037332e-09
x,13.373328333951413,4.082554098637725e-09
x,13.379577552799054,5.14097750470684e-09
x,13.385826771646695,4.009692653148312e-08
x,13.392075990494336,1.1505918473904859e-07
x,13.398325209341976,4.50507276137245e-08
x,13.404574428189617,3.4185683612547156e-08
x,13.410823647037258,1.984489467353813e-08
x,13.417072865884899,4.5528486345435976e-09
x,13.42332208473254,3.767033270859587e-08
x,13.42957130358018,8.277095081312171e-09
x,13.435820522427822,1.5763336840853493e-08
x,13.442069741275462,5.0509972308895503e-08
x,13.448318960123103,4.355327415367869e-08
x,13.454568178970744,3.493361560108981e-09
x,13.460817397818385,1.875487839729188e-09
x,13.467066616666026,1.321322107933515e-09
x,13.473315835513667,7.775710229283787e-09
x,13.479565054361307,3.5136237105222864e-08
x,13.485814273208948,1.3220903748123638e-08
x,13.49206349205659,8.082108692871194e-09
x,13.49831271090423,1.2582919762123744e-08
x,13.50456192975187,1.956352752049471e-08
x,13.510811148599512,6.612580461398494e-08
x,13.517060367447153,2.6598754477209882e-08
x,13.523309586294793,9.019615582826689e-09
x,13.529558805142434,1.1578994710426533e-09
x,13.535808023990075,7.027940029008696e-10
x,13.542057242837716,7.980278245185396e-09
x,13.548306461685357,1.107757082416983e-08
x,13.554555680532998,2.303155926093698e-09
x,13.560804899380638,1.3360308967780072e-08
x,13.56705411822828,2.092534240298739e-09
x,13.57330333707592,7.217798420779928e-09
x,13.579552555923561,1.846827319825909e-08
x,13.585801774771202,5.501369820812581e-09
x,13.592050993618843,1.0903617739924432e-08
x,13.598300212466484,1.7592762960197986e-08
x,13.604549431314124,7.645819748849416e-09
x,13.610798650161765,2.160224940221147e-09
x,13.617047869009406,1.1547739555574478e-08
x,13.623297087857047,2.3386056193964046e-08
x,13.629546306704688,4.240120790393265e-08
x,13.635795525552329,1.033325254335456e-08
x,13.64204474439997,5.6197061061288225e-09
x,13.64829396324761,1.5553347657059526e-08
x,13.654543182095251,4.057145827661635e-09
x,13.660792400942892,5.199452134007499e-09
x,13.667041619790533,2.313051794285871e-08
x,13.673290838638174,5.251765044225389e-08
x,13.679540057485815,4.7090175251324105e-08
x,13.685789276333455,4.316280636328561e-08
x,13.692038495181096,2.728065773550544e-07
x,13.698287714028737,7.863812757546104e-07
x,13.704536932876378,1.572007681520022e-07
x,13.710786151724019,3.289470624151719e-08
x,13.71703537057166,1.4250548521377404e-08
x,13.7232845894193,5.11774673633792e-09
x,13.729533808266941,6.5363148238000145e-09
x,13.735783027114582,3.260462366873541e-09
x,13.742032245962223,4.3988730299711574e-10
x,13.748281464809864,8.501187817955746e-10
x,13.754530683657505,5.727341726157916e-11
x,13.760779902505146,2.1694259090672986e-09
x,13.767029121352786,1.6627767768545403e-09
x,13.773278340200427,3.2687970461874216e-10
x,13.779527559048068,2.1178021879290116e-10
x,13.785776777895709,3.6386581175438737e-10
x,13.79202599674335,4.673843632852865e-11
x,13.79827521559099,6.275532991657879e-10
x,13.804524434438632,2.865080916055391e-10
x,13.810773653286272,1.4447538819887668e-10
x,13.817022872133913,2.67437010581683e-10
x,13.823272090981554,2.978956303817037e-10
x,13.829521309829195,4.124129566868589e-10
x,13.835770528676836,2.436869963280685e-10
x,13.842019747524477,1.1158962207002226e-11
x,13.848268966372117,6.188074810228941e-10
x,13.854518185219758,5.527711868865758e-10
x,13.8607674040674,9.039442728811707e-10
x,13.86701662291504,1.25882726215668e-09
x,13.87326584176268,1.2251605902854628e-09
x,13.879515060610322,6.845818171827928e-10
x,13.885764279457963,1.6734411752506782e-09
x,13.892013498305603,1.349774685117909e-09
x,13.898262717153244,5.927587006667811e-10
x,13.904511936000885,6.365486188280581e-11
x,13.910761154848526,4.4530721591993296e-11
x,13.917010373696167,1.467334445365165e-10
x,13.923259592543808,1.3289032540126078e-10
x,13.929508811391448,3.5131729507631644e-10
x,13.93575803023909,4.736349031431509e-11
x,13.94200724908673,1.9015392998373188e-10
x,13.948256467934371,2.874945552573481e-10
x,13.954505686782012,1.3460002091259604e-09
x,13.960754905629653,2.6430702393363144e-09
x,13.967004124477294,3.9409425547687014e-09
x,13.973253343324934,4.7345148735906045e-09
x,13.979502562172575,3.247505192068053e-09
x,13.985751781020216,6.721489917517252e-10
x,13.992000999867857,2.2611332314516905e-09
x,13.998250218715498,3.4424798921106465e-09
x,14.004499437563139,3.98907382425217e-09
x,14.01074865641078,1.6660055791802231e-09
x,14.01699787525842,6.590239623625944e-09
x,14.023247094106061,3.029284387118645e-09
x,14.029496312953702,2.792894271695322e-10
x,14.035745531801343,6.910020148069984e-10
x,14.041994750648984,1.6427625157942182e-09
x,14.048243969496625,3.305344085712794e-09
x,14.054493188344265,3.2257847767514332e-09
x,14.060742407191906,3.1186836890411404e-09
x,14.066991626039547,1.2447146300277404e-09
x,14.073240844887188,7.498475753000621e-10
x,14.079490063734829,9.416427830485047e-10
x,14.08573928258247,1.0784497337239824e-09
x,14.09198850143011,8.058588095332028e-10
x,14.098237720277751,2.6849518178357475e-11
x,14.104486939125392,1.0517797292539928e-09
x,14.110736157973033,1.12462096401266e-09
x,14.116985376820674,1.1940046025112693e-09
x,14.123234595668315,2.6501261432980713e-09
x,14.129483814515956,5.414689579679359e-10
x,14.135733033363596,5.585938854506782e-10
x,14.141982252211237,6.715501051266873e-10
x,14.148231471058878,3.9908804842513726e-11
x,14.154480689906519,7.041232587281889e-10
x,14.16072990875416,9.276848005169722e-10
x,14.1669791276018,1.7493351875797274e-09
x,14.173228346449442,7.0358819285419e-10
x,14.179477565297082,6.772306426116614e-10
x,14.185726784144723,9.672282045952737e-10
x,14.191976002992364,3.0676054505403846e-11
x,14.198225221840005,6.114187906492542e-10
x,14.204474440687646,2.439575894270754e-10
x,14.210723659535287,2.930627698132181e-11
x,14.216972878382927,1.4007974263564525e-10
x,14.223222097230568,5.435052904598302e-10
x,14.22947131607821,1.276076212395874e-09
x,14.23572053492585,9.242373880778422e-10
x,14.24196975377349,8.800653731126405e-10
x,14.248218972621132,2.817180896488401e-09
x,14.254468191468773,1.7959574611225643e-09
x,14.260717410316413,2.597794072386222e-09
x,14.266966629164054,1.1477371543798289e-08
x,14.273215848011695,4.33965730027536e-09
x,14.279465066859336,6.004903927783293e-10
x,14.285714285706977,7.235629220036247e-10
x,14.291963504554618,1.430049788869456e-10
x,14.298212723402258,8.095804623711043e-10
x,14.3044619422499,7.741185194733994e-10
x,14.31071116109754,6.247798263392652e-10
x,14.316960379945181,1.4642344354089596e-11
x,14.323209598792822,1.3937450929113055e-12
x,14.329458817640463,6.581105286594979e-10
x,14.335708036488104,3.196015939327898e-09
x,14.341957255335744,1.45122255536347e-09
x,14.348206474183385,7.376715570114664e-10
x,14.354455693031026,5.294779525586956e-11
x,14.360704911878667,2.537051342605242e-10
x,14.366954130726308,8.85942820713641e-10
x,14.373203349573949,6.411361586997508e-10
x,14.37945256842159,1.246478417391913e-09
x,14.38570178726923,4.591642411291718e-09
x,14.391951006116871,3.282684817467223e-09
x,14.398200224964512,2.838674082758076e-09
x,14.404449443812153,4.15232963703926e-09
x,14.410698662659794,2.937793425160318e-09
x,14.416947881507435,5.171131449635894e-10
x,14.423197100355075,1.0392831845663063e-09
x,14.429446319202716,9.340525612629624e-12
x,14.435695538050357,7.95131915259077e-11
x,14.441944756897998,5.656678252865375e-11
x,14.448193975745639,2.168255059792665e-09
x,14.45444319459328,4.264690100198725e-09
x,14.46069241344092,1.2085480189880115e-09
x,14.466941632288561,7.909597460203407e-10
x,14.473190851136202,5.902004755686559e-10
x,14.479440069983843,1.6913525339582985e-10
x,14.485689288831484,3.148658362057177e-09
x,14.491938507679125,2.3508158400907426e-09
x,14.498187726526766,1.1506909639360178e-09
x,14.504436945374406,4.877006019852765e-09
x,14.510686164222047,3.4038798208685587e-09
x,14.516935383069688,4.830926439981551e-10
x,14.523184601917329,5.705861963798411e-10
x,14.52943382076497,2.416688455304812e-09
x,14.53568303961261,4.3726047822580796e-09
x,14.541932258460252,1.2750878053898647e-08
x,14.548181477307892,6.841981181730625e-09
x,14.554430696155533,8.897862237803916e-09
x,14.560679915003174,9.147851178011689e-09
x,14.566929133850815,2.64410688756325e-09
x,14.573178352698456,8.706520839275165e-09
x,14.579427571546097,4.170506583797121e-09
x,14.585676790393737,4.274995232191186e-09
x,14.591926009241378,1.5984498076491343e-08
x,14.59817522808902,4.09724057615758e-09
x,14.60442444693666,1.4679044476431332e-10
x,14.6106736657843,9.29522105359758e-11
x,14.616922884631942,6.4394568321470045e-09
x,14.623172103479583,4.042537464518184e-08
x,14.629421322327223,2.3849991993823766e-08
x,14.635670541174864,5.240159657321194e-10
x,14.641919760022505,1.0924324424262693e-08
x,14.648168978870146,1.852053333271362e-08
x,14.654418197717787,1.9436941060425218e-08
x,14.660667416565428,1.996162558365385e-08
x,14.666916635413068,1.1732937363596258e-08
x,14.67316585426071,2.7398901043800902e-08
x,14.67941507310835,3.2697994746527966e-08
x,14.685664291955991,3.322953618138973e-08
x,14.691913510803632,7.794859653344231e-08
x,14.698162729651273,1.4649781741720233e-08
x,14.704411948498914,1.6960287361998773e-08
x,14.710661167346554,6.52909122595834e-08
x,14.716910386194195,1.7517357025814982e-08
x,14.723159605041836,5.371846193463636e-09
x,14.729408823889477,1.0448436578285103e-08
x,14.735658042737118,2.2578991587899893e-08
x,14.741907261584759,1.6389825169586035e-08
x,14.7481564804324,1.8215801379932907e-09
x,14.75440569928004,7.129159555379752e-09
x,14.760654918127681,4.32423740820837e-10
x,14.766904136975322,6.528508203344281e-09
x,14.773153355822963,1.3578743282802365e-08
x,14.779402574670604,2.0440405794786542e-08
x,14.785651793518245,4.2154023321525866e-09
x,14.791901012365885,9.674898378816472e-09
x,14.798150231213526,5.907841643655224e-09
x,14.804399450061167,1.05394657060845e-09
x,14.810648668908808,2.4040881440128307e-09
x,14.816897887756449,1.0207142745048571e-08
x,14.82314710660409,1.4516111672758074e-08
x,14.82939632545173,1.1908340874861957e-08
x,14.835645544299371,8.882157505279438e-09
x,14.841894763147012,2.4986423350690184e-09
x,14.848143981994653,1.1297443452940194e-09
x,14.854393200842294,2.621331252902058e-10
x,14.860642419689935,1.665339650484304e-09
x,14.866891638537576,2.2211577795323707e-09
x,14.873140857385216,2.9658062129685452e-09
x,14.879390076232857,2.102659138373699e-09
x,14.885639295080498,5.937011332065943e-10
x,14.891888513928139,1.0576094748241851e-09
x,14.89813773277578,1.5011212777819801e-09
x,14.90438695162342,1.822120282455102e-09
x,14.910636170471061,3.2108481870861342e-09
x,14.916885389318702,8.939642298532054e-10
x,14.923134608166343,8.938824320806468e-11
x,14.929383827013984,1.106395344780069e-10
x,14.935633045861625,3.038977434289964e-10
x,14.941882264709266,1.9019919850783754e-09
x,14.948131483556907,1.9389734705092044e-09
x,14.954380702404547,3.484239586564995e-09
x,14.960629921252188,5.1442191168277306e-09
x,14.96687914009983,6.9470554788301035e-09
x,14.97312835894747,1.5621312986857916e-09
x,14.97937757779511,1.6703384270905118e-09
x,14.985626796642752,4.194702917831179e-09
x,14.991876015490393,2.5654664486235747e-09
x,14.998125234338033,2.829859150655406e-10
x,15.004374453185674,4.137992133019355e-11
x,15.010623672033315,1.242372072913633e-10
x,15.016872890880956,3.491169575945805e-10
x,15.023122109728597,2.1001796433917728e-11
x,15.029371328576238,1.6725044352138576e-10
x,15.035620547423878,6.453494615653339e-10
x,15.04186976627152,2.5060529159390856e-09
x,15.04811898511916,2.240387982758466e-09
x,15.054368203966801,1.1654155506961034e-09
x,15.060617422814442,2.9687082941552713e-09
x,15.066866641662083,2.783148732107644e-10
x,15.073115860509724,3.5903503213430567e-09
x,15.079365079357364,7.190581222005914e-09
x,15.085614298205005,7.880426898202477e-09
x,15.091863517052646,2.667783569773673e-09
x,15.098112735900287,4.190881566332381e-09
x,15.104361954747928,9.459712464568165e-10
x,15.110611173595569,1.2540417263968443e-09
x,15.11686039244321,4.573111766545273e-11
x,15.12310961129085,2.782914282034609e-10
x,15.129358830138491,1.8295385855107742e-09
x,15.135608048986132,1.81654784656482e-09
x,15.141857267833773,1.3962577618861238e-10
x,15.148106486681414,1.620492971753808e-09
x,15.154355705529055,2.522601244029158e-09
x,15.160604924376695,1.6547294688089034e-09
x,15.166854143224336,1.701564739501873e-09
x,15.173103362071977,1.6117234939831788e-09
x,15.179352580919618,1.6048090937505558e-10
x,15.185601799767259,9.259151017952187e-10
x,15.1918510186149,2.858053087604801e-09
x,15.19810023746254,2.6620183920249563e-09
x,15.204349456310181,5.302431799319901e-10
x,15.210598675157822,2.7152716569510787e-10
x,15.216847894005463,1.894803371158102e-10
x,15.223097112853104,9.000026074466589e-11
x,15.229346331700745,1.882150305050885e-09
x,15.235595550548386,1.2806445021598761e-09
x,15.241844769396026,3.2117312707459094e-09
x,15.248093988243667,3.0807117005095953e-09
x,15.254343207091308,3.752999334657542e-10
x,15.260592425938949,4.860658278178367e-09
x,15.26684164478659,2.4282155203086046e-09
x,15.27309086363423,2.2349001856005212e-09
x,15.279340082481871,8.24006091139139e-09
x,15.285589301329512,6.933549474481043e-10
x,15.291838520177153,7.545269582917875e-10
x,15.298087739024794,3.30299934426113e-09
x,15.304336957872435,3.486989680558068e-09
x,15.310586176720076,4.573094332505281e-09
x,15.316835395567717,3.843469420514539e-09
x,15.323084614415357,5.567902467843045e-10
x,15.329333833262998,4.292084679899916e-10
x,15.335583052110639,1.2378078478672395e-09
x,15.34183227095828,6.57674382614891e-09
x,15.34808148980592,2.754209839594315e-08
x,15.354330708653562,1.2619211562742763e-08
x,15.360579927501202,7.067745367594759e-09
x,15.366829146348843,5.6988500671205e-09
x,15.373078365196484,6.003808220227414e-10
x,15.379327584044125,9.469118519874404e-09
x,15.385576802891766,2.429171802630049e-09
x,15.391826021739407,3.1109230065459244e-09
x,15.398075240587048,1.189384805689727e-08
x,15.404324459434688,1.23376931558201e-08
x,15.41057367828233,1.3322879921606234e-09
x,15.41682289712997,3.4140026074434106e-10
x,15.423072115977611,4.704518786270567e-10
x,15.429321334825252,1.2994984690132642e-09
x,15.435570553672893,9.245545885607062e-09
x,15.441819772520534,4.344469150176862e-09
x,15.448068991368174,1.95037020174561e-09
x,15.454318210215815,3.82307810111437e-09
x,15.460567429063456,3.7831309764124405e-09
x,15.466816647911097,1.5614358349865323e-08
x,15.473065866758738,7.900705779457307e-09
x,15.479315085606379,1.9464701613178564e-09
x,15.48556430445402,4.377940170874474e-10
x,15.49181352330166,6.301923016208963e-11
x,15.498062742149301,1.4441614292794598e-09
x,15.504311960996942,3.0533605070686256e-09
x,15.510561179844583,2.387922273243964e-10
x,15.516810398692224,3.4460590253637387e-09
x,15.523059617539865,7.458272595747906e-10
x,15.529308836387505,1.4319224244185643e-09
x,15.535558055235146,4.469793697792103e-09
x,15.541807274082787,1.5546798952661238e-09
x,15.548056492930428,1.9670035905499924e-09
x,15.554305711778069,4.090435509248474e-09
x,15.56055493062571,2.3350687992662522e-09
x,15.56680414947335,5.826693843244988e-10
x,15.573053368320991,2.275482838061426e-09
x,15.579302587168632,4.618665270984903e-09
x,15.585551806016273,8.702750003994606e-09
x,15.591801024863914,2.8341908800074627e-09
x,15.598050243711555,1.1254958173548268e-09
x,15.604299462559196,3.3669408059553044e-09
x,15.610548681406836,1.381198588288487e-09
x,15.616797900254477,6.817770588961738e-10
x,15.623047119102118,3.471658960588823e-09
x,15.629296337949759,1.0837491488538025e-08
x,15.6355455567974,8.028520823563335e-09
x,15.64179477564504,8.681711550381244e-09
x,15.648043994492681,2.34652307288261e-08
x,15.654293213340322,9.763673314331318e-08
x,15.660542432187963,2.8508825936270864e-08
x,15.666791651035604,4.853194977639835e-09
x,15.673040869883245,2.3531905536579345e-09
x,15.679290088730886,7.062775443853118e-10
x,15.685539307578527,8.780751438740262e-10
x,15.691788526426167,7.232322121482754e-10
x,15.698037745273808,6.781794478526991e-11
x,15.704286964121449,1.5905024904486968e-10
x,15.71053618296909,7.413548811667615e-12
x,15.71678540181673,5.203456996920287e-10
x,15.723034620664372,5.049067173214913e-10
x,15.729283839512012,1.1068241773847747e-10
x,15.735533058359653,6.16866535220383e-11
x,15.741782277207294,1.2696796720096252e-10
x,15.748031496054935,2.6326445683550174e-11
x,15.754280714902576,1.9973304882223634e-10
x,15.760529933750217,1.5535375307465034e-10
x,15.766779152597858,3.3260411899529656e-11
x,15.773028371445498,8.270361636811901e-11
x,15.77927759029314,1.2370800660691666e-10
x,15.78552680914078,1.499080686216532e-10
x,15.791776027988421,9.339789993403002e-11
x,15.798025246836062,5.878848273104149e-12
x,15.804274465683703,1.764076395444133e-10
x,15.810523684531343,1.716024901899909e-10
x,15.816772903378984,3.6500458315266667e-10
x,15.823022122226625,3.613497721351871e-10
x,15.829271341074266,4.5556070050822545e-10
x,15.835520559921907,1.4390270924193644e-10
x,15.841769778769548,4.454603581859044e-10
x,15.848018997617189,4.962485548627765e-10
x,15.85426821646483,2.751417858245648e-10
x,15.86051743531247,4.665695157925086e-11
x,15.866766654160111,9.550916003758548e-12
x,15.873015873007752,2.8150208403144862e-11
x,15.879265091855393,4.0236645816506684e-11
x,15.885514310703034,9.117149921416494e-11
x,15.891763529550675,2.277864159242879e-11
x,15.898012748398315,7.11904826734653e-11
x,15.904261967245956,3.159901487641234e-11
x,15.910511186093597,3.8314435375061094e-10
x,15.916760404941238,8.022291281217092e-10
x,15.923009623788879,1.259332286872343e-09
x,15.92925884263652,1.4223699356841193e-09
x,15.93550806148416,1.2486572179481182e-09
x,15.941757280331801,1.0352403753869666e-10
x,15.948006499179442,7.070892469400044e-10
x,15.954255718027083,9.881051195253147e-10
x,15.960504936874724,1.2005764293113192e-09
x,15.966754155722365,4.957562600957489e-10
x,15.973003374570006,2.0033709933571637e-09
x,15.979252593417646,1.3319244848466113e-09
x,15.985501812265287,6.681902207856536e-11
x,15.991751031112928,2.0835558526193907e-10
x,15.998000249960569,4.43436865139187e-10
x,16.00424946880821,1.0732621184215545e-09
x,16.01049868765585,1.0414165637753252e-09
x,16.01674790650349,1.0682068324271174e-09
x,16.022997125351132,5.266404019859035e-10
x,16.029246344198775,2.523051820556654e-10
x,16.035495563046414,2.7571869243227135e-10
x,16.041744781894053,2.996145543483942e-10
x,16.047994000741696,2.2822701988324876e-10
x,16.05424321958934,2.890208712259987e-11
x,16.060492438436977,2.468769574664494e-10
x,16.066741657284616,3.9776649495214844e-10
x,16.07299087613226,3.4900138367199125e-10
x,16.0792400949799,8.899265001681455e-10
x,16.08548931382754,2.77704363932669e-10
x,16.09173853267518,1.9154736917473363e-10
x,16.097987751522822,2.375299229029008e-10
x,16.104236970370465,4.068358837603316e-11
x,16.110486189218104,1.8306967929315808e-10
x,16.116735408065743,2.7431734872988627e-10
x,16.122984626913386,5.384302215451763e-10
x,16.12923384576103,3.3368211744972826e-10
x,16.135483064608668,1.4132985195944614e-10
x,16.141732283456307,3.290026540021555e-10
x,16.14798150230395,4.5189747238261455e-12
x,16.154230721151592,2.0389685868240084e-10
x,16.16047993999923,1.0668167369713485e-10
x,16.16672915884687,1.2466738985148511e-11
x,16.172978377694513,2.0941695211310988e-11
x,16.179227596542155,1.2829297926254537e-10
x,16.185476815389794,3.930475563739834e-10
x,16.191726034237433,3.9599889962183224e-10
x,16.197975253085076,2.4593006587990064e-10
x,16.20422447193272,9.583644308571017e-10
x,16.210473690780358,8.429401136968993e-10
x,16.216722909627997,4.194409953886957e-10
x,16.22297212847564,3.489953471764491e-09
x,16.229221347323282,1.6595390530851553e-09
x,16.23547056617092,1.9955563994800394e-10
x,16.24171978501856,2.481631676516389e-10
x,16.247969003866203,7.311135420258546e-11
x,16.254218222713845,2.9082606932997614e-10
x,16.260467441561484,2.082890854840652e-10
x,16.266716660409124,2.2261591223633904e-10
x,16.272965879256766,1.1184656729988558e-11
x,16.27921509810441,2.526400632696686e-12
x,16.285464316952048,1.4684158694254442e-10
x,16.291713535799687,9.469568577285073e-10
x,16.29796275464733,5.884211676695564e-10
x,16.304211973494972,2.677250993389952e-10
x,16.31046119234261,5.293453391672602e-11
x,16.31671041119025,4.928449335130104e-11
x,16.322959630037893,2.077815126700159e-10
x,16.329208848885536,2.1464121308808477e-10
x,16.335458067733175,2.7596461596462647e-10
x,16.341707286580814,1.2415262113855886e-09
x,16.347956505428456,1.0005368650871428e-09
x,16.3542057242761,7.124375770125076e-10
x,16.360454943123738,1.1843390350549542e-09
x,16.366704161971377,9.57713215024693e-10
x,16.37295338081902,1.7820384855764008e-10
x,16.379202599666662,3.3654455792416125e-10
x,16.3854518185143,2.1386184491272658e-11
x,16.39170103736194,1.750967949148014e-11
x,16.397950256209583,8.918095605042809e-12
x,16.404199475057226,4.387719825095283e-10
x,16.410448693904865,1.0612225165038389e-09
x,16.416697912752504,3.0177653430623523e-10
x,16.422947131600147,1.467846475449801e-10
x,16.42919635044779,1.1882879171338866e-10
x,16.435445569295428,2.294827835747142e-11
x,16.441694788143067,6.967736307092809e-10
x,16.44794400699071,6.645624838765633e-10
x,16.454193225838353,1.973796144908622e-10
x,16.46044244468599,9.675835644854992e-10
x,16.46669166353363,7.675245102059054e-10
x,16.472940882381273,6.864721308147148e-11
x,16.479190101228916,9.781346666087742e-11
x,16.485439320076555,6.914164829455945e-10
x,16.491688538924194,8.144246035697295e-10
x,16.497937757771837,2.593713372828098e-09
x,16.50418697661948,1.6687721297886806e-09
x,16.51043619546712,1.592916012767375e-09
x,16.516685414314757,2.0296069683921296e-09
x,16.5229346331624,4.5885021351764886e-10
x,16.529183852010043,1.6584802567644284e-09
x,16.53543307085768,1.0248596723510275e-09
x,16.54168228970532,6.827633732441856e-10
x,16.547931508552963,3.2439818951434096e-09
x,16.554180727400606,1.0382774853560962e-09
x,16.560429946248245,4.48416433228032e-12
x,16.566679165095884,6.926862595954323e-11
x,16.572928383943527,7.667304157680266e-10
x,16.57917760279117,7.250514317264633e-09
x,16.58542682163881,5.947471767473514e-09
x,16.591676040486448,1.4240510397936801e-11
x,16.59792525933409,1.572109696962711e-09
x,16.604174478181733,3.5419768010808757e-09
x,16.610423697029372,3.855696289002693e-09
x,16.61667291587701,3.193733430279208e-09
x,16.622922134724654,2.5243984380959015e-09
x,16.629171353572296,4.157048845782872e-09
x,16.635420572419935,7.047605654074294e-09
x,16.641669791267574,5.250101592292953e-09
x,16.647919010115217,1.6236197974922588e-08
x,16.65416822896286,3.948130599508103e-09
x,16.6604174478105,2.3468578674344622e-09
x,16.666666666658138,1.286296526995383e-08
x,16.67291588550578,4.960934019982869e-09
x,16.679165104353423,4.588811056598582e-10
x,16.685414323201062,1.5652997645961136e-09
x,16.6916635420487,3.95250189858411e-09
x,16.697912760896344,3.774491335100392e-09
x,16.704161979743986,3.546192624742373e-10
x,16.710411198591625,1.1608899113797492e-09
x,16.716660417439265,1.7281638669896785e-10
x,16.722909636286907,1.2005682015316008e-09
x,16.72915885513455,2.5939482742964986e-09
x,16.73540807398219,4.157243605272367e-09
x,16.741657292829828,1.1913698248539587e-09
x,16.74790651167747,1.3871529624502248e-09
x,16.754155730525113,1.1699755917517062e-09
x,16.760404949372752,3.777293824208227e-10
x,16.76665416822039,2.9314642849136027e-10
x,16.772903387068034,1.907042072590593e-09
x,16.779152605915677,3.0993936395895365e-09
x,16.785401824763316,2.3483008530653855e-09
x,16.791651043610955,1.7018543678213127e-09
x,16.797900262458597,4.4352966828586474e-10
x,16.80414948130624,1.3708204980451942e-10
x,16.81039870015388,6.640950324835224e-11
x,16.816647919001518,2.291548566433028e-10
x,16.82289713784916,4.691511158098197e-10
x,16.829146356696803,5.661346720988987e-10
x,16.835395575544442,4.168891383971679e-10
x,16.84164479439208,7.459788307208191e-11
x,16.847894013239724,1.4771016641274012e-10
x,16.854143232087367,2.0741102234897584e-10
x,16.860392450935006,2.9251952861115544e-10
x,16.866641669782645,6.349160026376401e-10
x,16.872890888630288,1.9359182598788776e-10
x,16.87914010747793,1.2089549251869084e-11
x,16.88538932632557,2.0352329292141057e-11
x,16.89163854517321,4.010476335892928e-11
x,16.89788776402085,2.865681108256954e-10
x,16.904136982868494,3.1637335473136505e-10
x,16.910386201716133,5.564024007792285e-10
x,16.91663542056377,8.286087006811754e-10
x,16.922884639411414,1.3168122931731262e-09
x,16.929133858259057,3.9992067988379423e-10
x,16.935383077106696,2.914144205185418e-10
x,16.941632295954335,7.712093733087122e-10
x,16.947881514801978,6.561563354306712e-10
x,16.95413073364962,1.0599919074712125e-10
x,16.96037995249726,1.7949395622241165e-12
x,16.9666291713449,2.8964605156449686e-11
x,16.97287839019254,4.0838351436096194e-11
x,16.979127609040184,1.6965426937101185e-12
x,16.985376827887823,2.7253824858893955e-11
x,16.991626046735462,8.047720206079625e-11
x,16.997875265583104,4.231037244432966e-10
x,17.004124484430747,4.753126067550224e-10
x,17.010373703278386,1.6500048471818695e-10
x,17.016622922126025,6.00753663090802e-10
x,17.022872140973668,4.375687267584103e-11
x,17.02912135982131,5.059663798719143e-10
x,17.03537057866895,1.1154964328301982e-09
x,17.04161979751659,1.1863633423917719e-09
x,17.04786901636423,4.65272194861355e-10
x,17.054118235211874,7.851078390220637e-10
x,17.060367454059513,3.000727540225203e-10
x,17.066616672907152,2.0202865918400297e-10
x,17.072865891754795,5.244159452362064e-12
x,17.079115110602437,3.546670877485116e-11
x,17.085364329450076,2.7723116232282705e-10
x,17.091613548297715,4.1064182001614034e-10
x,17.097862767145358,8.589916142463218e-12
x,17.104111985993,3.1518051523390833e-10
x,17.11036120484064,4.946026215606938e-10
x,17.11661042368828,3.4487897091253186e-10
x,17.12285964253592,2.46200658679229e-10
x,17.129108861383564,3.254152681375355e-10
x,17.135358080231203,8.424943923317688e-11
x,17.141607299078842,9.222871210480878e-11
x,17.147856517926485,5.06008359448685e-10
x,17.154105736774127,5.592552184546966e-10
x,17.160354955621766,2.007453210722178e-10
x,17.166604174469406,4.0892390941067405e-11
x,17.172853393317048,5.3315623450034175e-11
x,17.17910261216469,1.9899462294227767e-12
x,17.18535183101233,3.2053246915825115e-10
x,17.19160104985997,3.1046691200460563e-10
x,17.19785026870761,5.818443338412923e-10
x,17.204099487555254,7.656879887959731e-10
x,17.210348706402893,1.789708094822531e-11
x,17.216597925250532,9.739491413484089e-10
x,17.222847144098175,5.399839895405147e-10
x,17.229096362945818,3.253092154455164e-10
x,17.235345581793457,1.9231516581847107e-09
x,17.241594800641096,3.597175897060226e-10
x,17.24784401948874,7.329198745755665e-11
x,17.25409323833638,5.756291777000008e-10
x,17.26034245718402,7.966019531764727e-10
x,17.26659167603166,9.163360523769166e-10
x,17.2728408948793,9.050106729663914e-10
x,17.279090113726944,1.7672062445230046e-10
x,17.285339332574583,5.092599518545517e-11
x,17.291588551422223,2.6574909263595047e-10
x,17.297837770269865,9.344911459748381e-10
x,17.304086989117508,6.0667755699418954e-09
x,17.310336207965147,3.3849843999590254e-09
x,17.316585426812786,1.3756271707816101e-09
x,17.32283464566043,1.4221631030369925e-09
x,17.32908386450807,1.5143352736829104e-10
x,17.33533308335571,2.251802188861315e-09
x,17.34158230220335,7.848193845843984e-10
x,17.347831521050992,5.425289362198354e-10
x,17.354080739898635,2.641274310494905e-09
x,17.360329958746274,3.2308038043693368e-09
x,17.366579177593913,4.657614368950766e-10
x,17.372828396441555,6.011072227776657e-11
x,17.379077615289198,1.4512553472130208e-10
x,17.385326834136837,2.037508276884094e-10
x,17.391576052984476,2.2255864268826396e-09
x,17.39782527183212,1.3310432062520962e-09
x,17.40407449067976,4.711657431677835e-10
x,17.4103237095274,1.045346747336771e-09
x,17.41657292837504,7.681630258680403e-10
x,17.422822147222682,3.4061063966414693e-09
x,17.429071366070325,2.2196726672085357e-09
x,17.435320584917964,4.1038221875540063e-10
x,17.441569803765603,1.307184139198675e-10
x,17.447819022613245,1.1188503920338994e-11
x,17.454068241460888,2.3506204500805976e-10
x,17.460317460308527,7.520995936828664e-10
x,17.466566679156166,1.8335660992868612e-11
x,17.47281589800381,8.20514266789673e-10
x,17.47906511685145,2.4303631571186155e-10
x,17.48531433569909,2.7642137702007337e-10
x,17.49156355454673,1.014105743767403e-09
x,17.497812773394372,4.209339819716335e-10
x,17.504061992242015,3.290523768604376e-10
x,17.510311211089654,8.769029715604868e-10
x,17.516560429937293,6.541837761256811e-10
x,17.522809648784936,1.7502384532427007e-10
x,17.52905886763258,4.085152483724178e-10
x,17.535308086480217,9.181426375882419e-10
x,17.541557305327856,1.6789021631524757e-09
x,17.5478065241755,7.171901905713898e-10
x,17.55405574302314,2.21540299013231e-10
x,17.56030496187078,6.902811483566536e-10
x,17.56655418071842,3.9574353805038226e-10
x,17.572803399566062,1.0142908149207197e-10
x,17.579052618413705,4.5661033088933596e-10
x,17.585301837261344,2.064542677960157e-09
x,17.591551056108983,1.412009720533989e-09
x,17.597800274956626,1.5800574006575794e-09
x,17.60404949380427,1.7827530622987859e-09
x,17.610298712651907,1.0850695115089931e-08
x,17.616547931499547,4.543333484643155e-09
x,17.62279715034719,6.528097147358491e-10
x,17.629046369194832,3.325686357568422e-10
x,17.63529558804247,7.96405482377015e-11
x,17.64154480689011,1.0340366395561624e-10
x,17.647794025737753,1.5096279890078828e-10
x,17.654043244585395,2.0347917992471735e-11
x,17.660292463433034,4.253053916080639e-11
x,17.666541682280673,3.6190256245942486e-12
x,17.672790901128316,1.523282372214055e-10
x,17.67904011997596,1.8425674093548e-10
x,17.685289338823598,4.456686641407062e-11
x,17.691538557671237,1.969007628456389e-11
x,17.69778777651888,4.441972069891372e-11
x,17.704036995366522,1.5670022873530356e-11
x,17.71028621421416,4.997812851207217e-11
x,17.7165354330618,6.655773592316022e-11
x,17.722784651909443,5.5758482156146005e-12
x,17.729033870757085,2.1441849771565528e-11
x,17.735283089604724,4.3295085496778977e-11
x,17.741532308452364,4.870271213996592e-11
x,17.747781527300006,3.1930337810885846e-11
x,17.75403074614765,4.149724823527939e-12
x,17.760279964995288,4.0960310708935413e-11
x,17.766529183842927,4.963711497997027e-11
x,17.77277840269057,1.2012381127285757e-10
x,17.779027621538212,9.16760145225981e-11
x,17.78527684038585,1.468691786475546e-10
x,17.79152605923349,2.765294098895744e-11
x,17.797775278081133,9.418159541819134e-11
x,17.804024496928776,1.5254632602478307e-10
x,17.810273715776415,1.067212371088896e-10
x,17.816522934624054,2.4928670049863755e-11
x,17.822772153471696,3.93265068167903e-12
x,17.82902137231934,3.699408906086149e-12
x,17.835270591166978,1.0309652771364726e-11
x,17.841519810014617,2.144373825874983e-11
x,17.84776902886226,8.869145290249762e-12
x,17.854018247709902,2.246077098316434e-11
x,17.86026746655754,9.062757003109489e-13
x,17.86651668540518,9.374341931226634e-11
x,17.872765904252823,2.0984024396076355e-10
x,17.879015123100466,3.601854577629109e-10
x,17.885264341948105,3.7814746339053324e-10
x,17.891513560795744,3.960017716498834e-10
x,17.897762779643386,1.627608098075774e-11
x,17.90401199849103,1.949376915033863e-10
x,17.910261217338668,2.6509916011765975e-10
x,17.916510436186307,3.1592150203596595e-10
x,17.92275965503395,1.3706063716968195e-10
x,17.929008873881592,5.221349739823923e-10
x,17.93525809272923,4.84923114047554e-10
x,17.94150731157687,1.84834064474471e-11
x,17.947756530424513,6.824457129303979e-11
x,17.954005749272156,9.646851834090354e-11
x,17.960254968119795,3.0120190856070344e-10
x,17.966504186967434,3.124285189613115e-10
x,17.972753405815077,3.1141172076148476e-10
x,17.97900262466272,1.842523772146336e-10
x,17.98525184351036,8.69267186955995e-11
x,17.991501062357997,7.394724367189055e-11
x,17.99775028120564,7.412766534684161e-11
x,18.003999500053283,5.532097163156912e-11
x,18.01024871890092,1.4609054966786316e-11
x,18.01649793774856,4.571463064976306e-11
x,18.022747156596203,1.2057763347958328e-10
x,18.028996375443846,9.333986064472756e-11
x,18.035245594291485,2.58916936029914e-10
x,18.041494813139124,1.1756592301594036e-10
x,18.047744031986767,5.578738342299046e-11
x,18.05399325083441,7.681031054823865e-11
x,18.06024246968205,2.338202327936153e-11
x,18.066491688529688,3.9394057803193236e-11
x,18.07274090737733,7.73142137259476e-11
x,18.078990126224973,1.3984807984017357e-10
x,18.085239345072612,1.3027047787167661e-10
x,18.09148856392025,2.3530912631208974e-11
x,18.097737782767894,9.621258896697377e-11
x,18.103987001615536,1.254826266452924e-12
x,18.110236220463175,6.050157980235171e-11
x,18.116485439310814,4.125204097996834e-11
x,18.122734658158457,6.293675581263165e-12
x,18.1289838770061,1.6967724803048362e-12
x,18.13523309585374,2.58313238538882e-11
x,18.141482314701378,1.06945963214649e-10
x,18.14773153354902,1.4172851156891853e-10
x,18.153980752396663,6.909330389087293e-11
x,18.160229971244302,2.925831443315922e-10
x,18.16647919009194,3.241497276530868e-10
x,18.172728408939584,4.5025142568444817e-11
x,18.178977627787226,9.319015643829209e-10
x,18.185226846634865,5.789673900650184e-10
x,18.191476065482505,6.682621367024707e-11
x,18.197725284330147,7.415069136196213e-11
x,18.20397450317779,3.8938576596271266e-11
x,18.21022372202543,8.872162843843611e-11
x,18.216472940873068,6.299693264068748e-11
x,18.22272215972071,6.803304020658467e-11
x,18.228971378568353,7.140104420556586e-12
x,18.235220597415992,4.167762658715352e-12
x,18.24146981626363,3.1611467998887334e-11
x,18.247719035111274,2.596011008325542e-10
x,18.253968253958917,2.2021620990674476e-10
x,18.260217472806556,8.814108625216677e-11
x,18.266466691654195,3.507626097615026e-11
x,18.272715910501837,8.37824077804013e-12
x,18.27896512934948,4.4959916813501904e-11
x,18.28521434819712,6.630383017558719e-11
x,18.291463567044758,6.219743075424096e-11
x,18.2977127858924,3.2770185163164916e-10
x,18.303962004740043,3.0301582854620437e-10
x,18.310211223587682,1.7901824725059516e-10
x,18.31646044243532,3.305783546451591e-10
x,18.322709661282964,3.049289916415493e-10
x,18.328958880130607,6.870953370991685e-11
x,18.335208098978246,1.0191447058157369e-10
x,18.341457317825885,1.5506539743519926e-11
x,18.347706536673527,6.41070078058322e-12
x,18.35395575552117,9.165945560144137e-13
x,18.36020497436881,8.857804399154178e-11
x,18.36645419321645,2.6459149494118116e-10
x,18.37270341206409,8.036820561301076e-11
x,18.378952630911733,2.6241848116695402e-11
x,18.385201849759373,2.3031005955428978e-11
x,18.39145106860701,2.890521569663217e-12
x,18.397700287454654,1.5377609138007275e-10
x,18.403949506302297,1.814970101859984e-10
x,18.410198725149936,4.08973291358164e-11
x,18.416447943997575,1.8757820205385183e-10
x,18.422697162845218,1.742286798225338e-10
x,18.42894638169286,1.3363960329487612e-11
x,18.4351956005405,1.6922698947535348e-11
x,18.44144481938814,1.8301786051470976e-10
x,18.44769403823578,1.70090138131646e-10
x,18.453943257083424,5.060462262181206e-10
x,18.460192475931063,3.9797015146210064e-10
x,18.466441694778702,2.9114423276726813e-10
x,18.472690913626344,4.296007601795373e-10
x,18.478940132473987,9.366009505120248e-11
x,18.485189351321626,3.0522104429209165e-10
x,18.491438570169265,2.381485445585076e-10
x,18.497687789016908,1.0676090960881178e-10
x,18.50393700786455,6.204524635398099e-10
x,18.51018622671219,2.5415145430718305e-10
x,18.51643544555983,8.327376014000897e-13
x,18.52268466440747,2.6845696363070877e-11
x,18.528933883255114,8.962600593518122e-11
x,18.535183102102753,1.2170066301814452e-09
x,18.541432320950392,1.3318782181887306e-09
x,18.547681539798035,5.858337217183907e-11
x,18.553930758645677,1.9302096240851423e-10
x,18.560179977493316,6.209571410116776e-10
x,18.566429196340955,7.561244209813047e-10
x,18.572678415188598,4.969080060335074e-10
x,18.57892763403624,4.94611493342502e-10
x,18.58517685288388,5.93304037109857e-10
x,18.59142607173152,1.371219326196077e-09
x,18.59767529057916,8.289960834200303e-10
x,18.603924509426804,3.107511647666911e-09
x,18.610173728274443,1.0034484615527938e-09
x,18.616422947122082,2.8692101475897953e-10
x,18.622672165969725,2.32883511749856e-09
x,18.628921384817367,1.2164546026459548e-09
x,18.635170603665006,2.8175902958289127e-11
x,18.641419822512646,2.1547874456985417e-10
x,18.647669041360288,6.082623594802052e-10
x,18.65391826020793,7.916571312056818e-10
x,18.66016747905557,8.310460604145412e-11
x,18.66641669790321,1.663100452648137e-10
x,18.67266591675085,5.494416877486815e-11
x,18.678915135598494,1.9841153341021785e-10
x,18.685164354446133,4.727985902215336e-10
x,18.691413573293772,7.942671211969571e-10
x,18.697662792141415,3.169971259821902e-10
x,18.703912010989058,1.7438034771251844e-10
x,18.710161229836697,2.0659927085381076e-10
x,18.716410448684336,1.0397247729151603e-10
x,18.72265966753198,4.2224806589567656e-11
x,18.72890888637962,3.157498121965529e-10
x,18.73515810522726,6.049033819355712e-10
x,18.7414073240749,4.538680647407076e-10
x,18.74765654292254,3.0007453690520847e-10
x,18.753905761770184,7.773230854330109e-11
x,18.760154980617823,1.2751585958407083e-11
x,18.766404199465462,1.2856880450028152e-11
x,18.772653418313105,2.7345774430937655e-11
x,18.778902637160748,9.022222708020353e-11
x,18.785151856008387,9.983839159526146e-11
x,18.791401074856026,8.015777074992206e-11
x,18.79765029370367,7.500462763297835e-12
x,18.80389951255131,2.1172722586024888e-11
x,18.81014873139895,2.6689493672270304e-11
x,18.81639795024659,3.9857519524075574e-11
x,18.822647169094232,1.0904987615904684e-10
x,18.828896387941874,3.89104037735467e-11
x,18.835145606789514,1.6011825376444885e-12
x,18.841394825637153,4.134110836324218e-12
x,18.847644044484795,5.5353046998468e-12
x,18.853893263332438,3.869748897748946e-11
x,18.860142482180077,5.002871936446966e-11
x,18.866391701027716,8.026139002048333e-11
x,18.87264091987536,1.232829774522722e-10
x,18.878890138723,2.2299403293680476e-10
x,18.88513935757064,9.270481484491259e-11
x,18.89138857641828,4.9510244793106624e-11
x,18.897637795265922,1.2733052934673576e-10
x,18.903887014113565,1.4769123200064285e-10
x,18.910136232961204,3.3568463923467084e-11
x,18.916385451808843,1.1022830358116546e-13
x,18.922634670656485,5.5959685694966596e-12
x,18.928883889504128,3.9051506223695226e-12
x,18.935133108351767,4.827571409708426e-13
x,18.941382327199406,4.633756572617405e-12
x,18.94763154604705,8.668237077954365e-12
x,18.95388076489469,6.687848387482106e-11
x,18.96012998374233,8.676458198188238e-11
x,18.96637920258997,2.5495627717186647e-11
x,18.972628421437612,9.556167820017243e-11
x,18.978877640285255,1.1641252082924222e-11
x,18.985126859132894,5.990237093760743e-11
x,18.991376077980533,1.5512748361499112e-10
x,18.997625296828176,1.551266348557027e-10
x,19.003874515675818,6.508257455664146e-11
x,19.010123734523457,1.2095224345667402e-10
x,19.016372953371096,7.637476603711969e-11
x,19.02262217221874,2.7098337119087495e-11
x,19.02887139106638,7.382019270889962e-13
x,19.03512060991402,5.120245942568104e-12
x,19.04136982876166,3.5649592378934804e-11
x,19.047619047609302,8.088667103973926e-11
x,19.053868266456945,2.0588957719093364e-13
x,19.060117485304584,5.381247734610143e-11
x,19.066366704152223,8.692482694218002e-11
x,19.072615922999866,6.663972812615085e-11
x,19.07886514184751,3.194653199330096e-11
x,19.085114360695147,5.654934268539307e-11
x,19.091363579542787,2.7878669395568492e-11
x,19.09761279839043,5.559600868701907e-12
x,19.10386201723807,7.937288673008811e-11
x,19.11011123608571,1.0420181561641262e-10
x,19.11636045493335,5.94772181261882e-11
x,19.122609673780993,4.066421700853333e-12
x,19.128858892628635,1.3693935503859465e-11
x,19.135108111476274,5.44646758153525e-13
x,19.141357330323913,4.7240792644655476e-11
x,19.147606549171556,7.07271922216959e-11
x,19.1538557680192,9.973315012529544e-11
x,19.160104986866838,1.7053965917928194e-10
x,19.166354205714477,1.087111198048421e-12
x,19.17260342456212,1.7803001868652553e-10
x,19.178852643409762,1.1535308289495859e-10
x,19.1851018622574,4.3543669497756597e-11
x,19.19135108110504,3.99551357099877e-10
x,19.197600299952683,1.3758979285927612e-10
x,19.203849518800325,5.932443321621319e-12
x,19.210098737647964,8.538234558487457e-11
x,19.216347956495603,1.7261039090755407e-10
x,19.222597175343246,1.7879092422357728e-10
x,19.22884639419089,1.938244554718861e-10
x,19.235095613038528,5.1053409672503994e-11
x,19.241344831886167,1.2013312188334903e-11
x,19.24759405073381,5.0436428546177e-11
x,19.253843269581452,1.1367931279248033e-10
x,19.26009248842909,1.2355431166371718e-09
x,19.26634170727673,8.620385924915239e-10
x,19.272590926124373,2.615459725501242e-10
x,19.278840144972015,3.133923629629535e-10
x,19.285089363819655,6.01818855511426e-11
x,19.291338582667294,5.098256739731705e-10
x,19.297587801514936,2.5601228179314507e-10
x,19.30383702036258,8.005841314648067e-11
x,19.310086239210218,5.573328998633582e-10
x,19.316335458057857,7.90024689017098e-10
x,19.3225846769055,1.4911281778238465e-10
x,19.328833895753142,1.0610400554745433e-11
x,19.33508311460078,4.0355493352864806e-11
x,19.34133233344842,3.565901344425584e-11
x,19.347581552296063,4.922662236440394e-10
x,19.353830771143706,3.814734361742025e-10
x,19.360079989991345,1.184074171238354e-10
x,19.366329208838984,2.5939394955168066e-10
x,19.372578427686626,1.741753824052876e-10
x,19.37882764653427,6.899236851498215e-10
x,19.385076865381908,5.857192862432599e-10
x,19.391326084229547,8.928552192657368e-11
x,19.39757530307719,3.279864138906515e-11
x,19.403824521924832,7.043044751760387e-12
x,19.41007374077247,3.3827992486704916e-11
x,19.41632295962011,1.6803957927831396e-10
x,19.422572178467753,4.49327041769128e-12
x,19.428821397315396,1.8003656887997114e-10
x,19.435070616163035,7.392545668760624e-11
x,19.441319835010674,5.306767647911403e-11
x,19.447569053858317,2.1741881706107756e-10
x,19.45381827270596,1.0790609775913657e-10
x,19.4600674915536,5.168774578751089e-11
x,19.466316710401237,1.7362143354297098e-10
x,19.47256592924888,1.6924706570295092e-10
x,19.478815148096523,5.452738827061728e-11
x,19.48506436694416,6.575888796166104e-11
x,19.4913135857918,1.837478561285637e-10
x,19.497562804639443,3.0876149771813174e-10
x,19.503812023487086,1.6973237224162694e-10
x,19.510061242334725,4.3139807346113743e-11
x,19.516310461182364,1.3483582856409467e-10
x,19.522559680030007,9.92574836543992e-11
x,19.52880889887765,2.216797897133782e-11
x,19.53505811772529,5.047102848225073e-11
x,19.541307336572928,3.638584060891249e-10
x,19.54755655542057,2.6105477655064737e-10
x,19.553805774268213,2.596301040757085e-10
x,19.560054993115852,1.243720099744762e-10
x,19.56630421196349,1.0543502127419797e-09
x,19.572553430811134,6.243949184762272e-10
x,19.578802649658776,8.430932904795143e-11
x,19.585051868506415,3.6244062112106394e-11
x,19.591301087354054,6.76838574716702e-12
x,19.597550306201697,1.1220802002807913e-11
x,19.60379952504934,3.161606803196536e-11
x,19.61004874389698,8.454892140735182e-12
x,19.616297962744618,1.5111293148419515e-11
x,19.62254718159226,2.863211958322124e-12
x,19.628796400439903,4.2678278722369187e-11
x,19.635045619287542,6.201597611373439e-11
x,19.64129483813518,1.6254309737748124e-11
x,19.647544056982824,6.126342860790396e-12
x,19.653793275830466,1.3713685629718645e-11
x,19.660042494678105,7.545671773387039e-12
x,19.666291713525744,9.584685580057095e-12
x,19.672540932373387,2.2826737497945058e-11
x,19.67879015122103,7.094879307925336e-13
x,19.68503937006867,4.813287990480794e-12
x,19.691288588916308,1.2501943873366639e-11
x,19.69753780776395,1.4114969008181955e-11
x,19.703787026611593,9.884569302677623e-12
x,19.710036245459232,2.0492618374584155e-12
x,19.71628546430687,7.773019747088624e-12
x,19.722534683154514,1.3757674581074427e-11
x,19.728783902002156,3.256322241362558e-11
x,19.735033120849796,2.148542374499979e-11
x,19.741282339697435,4.144714908673308e-11
x,19.747531558545077,5.675398263207475e-12
x,19.75378077739272,1.5758470554225255e-11
x,19.76002999624036,4.002848196617205e-11
x,19.766279215087998,3.49539623599163e-11
x,19.77252843393564,1.0523864808714061e-11
x,19.778777652783283,2.1337156485235224e-12
x,19.785026871630922,2.1561671688026926e-13
x,19.79127609047856,2.0976951299537616e-12
x,19.797525309326204,5.1055042274986824e-12
x,19.803774528173847,3.139096156786129e-12
x,19.810023747021486,5.734008239300481e-12
x,19.816272965869125,1.906350530512869e-13
x,19.822522184716767,1.9986682123210127e-11
x,19.82877140356441,4.7603068865252954e-11
x,19.83502062241205,9.370753629559658e-11
x,19.841269841259688,9.380106161957304e-11
x,19.84751906010733,1.0744127832568253e-10
x,19.853768278954973,5.798817221748174e-12
x,19.860017497802612,4.836078301549876e-11
x,19.86626671665025,6.828210142093925e-11
x,19.872515935497894,7.505259526440678e-11
x,19.878765154345537,3.5608872753171376e-11
x,19.885014373193176,1.198171793140861e-10
x,19.891263592040815,1.5305422465430319e-10
x,19.897512810888458,8.090322798053449e-12
x,19.9037620297361,2.1728294091838422e-11
x,19.91001124858374,1.6514374067321863e-11
x,19.91626046743138,7.346872013037494e-11
x,19.92250968627902,8.737339732282632e-11
x,19.928758905126664,7.915854361065308e-11
x,19.935008123974303,5.4110943022596994e-11
x,19.94125734282194,2.81438081028666e-11
x,19.947506561669584,1.9596003003400367e-11
x,19.953755780517227,1.765221669380354e-11
x,19.960004999364866,1.2596985051935733e-11
x,19.966254218212505,4.764871898124599e-12
x,19.972503437060148,6.695558335217059e-12
x,19.97875265590779,3.192935588069628e-11
x,19.98500187475543,2.3503624524316617e-11
x,19.99125109360307,6.69583531909257e-11
x,19.99750031245071,4.252592094537289e-11
x,20.003749531298354,1.4301518717794467e-11
x,20.009998750145993,2.3828033289030343e-11
x,20.016247968993632,1.0283210705751218e-11
x,20.022497187841275,6.895925848195953e-12
x,20.028746406688917,2.163645714723101e-11
x,20.034995625536556,3.103101137450427e-11
x,20.041244844384195,4.360622855754135e-11
x,20.047494063231838,3.8573905296433286e-12
x,20.05374328207948,2.4079880208128653e-11
x,20.05999250092712,5.63047499406984e-13
x,20.06624171977476,1.650516108604398e-11
x,20.0724909386224,1.4841723712450264e-11
x,20.078740157470044,3.3875929329220184e-12
x,20.084989376317683,1.1075169887007771e-13
x,20.091238595165322,4.761301664319714e-12
x,20.097487814012965,2.727531415994859e-11
x,20.103737032860607,4.374772590257731e-11
x,20.109986251708246,2.094002167770234e-11
x,20.116235470555885,8.123689431423132e-11
x,20.122484689403528,1.0680378241270614e-10
x,20.12873390825117,3.5701787275574414e-12
x,20.13498312709881,2.174940975155838e-10
x,20.14123234594645,1.838337000661464e-10
x,20.14748156479409,2.2558779166374718e-11
x,20.153730783641734,2.0355040485463155e-11
x,20.159980002489373,1.6929070052168407e-11
x,20.166229221337012,2.3030986454165232e-11
x,20.172478440184655,2.174796005006077e-11
x,20.178727659032297,1.7370331992987907e-11
x,20.184976877879937,3.828267168994982e-12
x,20.191226096727576,3.1254334211008543e-12
x,20.19747531557522,6.715286726276708e-12
x,20.20372453442286,6.576238443623052e-11
x,20.2099737532705,7.434121792965335e-11
x,20.21622297211814,2.700562469678599e-11
x,20.22247219096578,1.7415704029872052e-11
x,20.228721409813424,1.269826051000511e-12
x,20.234970628661063,9.097640038026103e-12
x,20.241219847508702,1.874411050629089e-11
x,20.247469066356345,1.423654967985596e-11
x,20.253718285203988,8.234273866379037e-11
x,20.259967504051627,8.877307638883053e-11
x,20.266216722899266,4.477156154941277e-11
x,20.27246594174691,8.64733061230265e-11
x,20.27871516059455,9.132080089081768e-11
x,20.28496437944219,2.5849991160089933e-11
x,20.29121359828983,2.8224815180069372e-11
x,20.297462817137472,7.2108198101084315e-12
x,20.303712035985114,2.86766695211178e-12
x,20.309961254832753,3.4744987501158326e-15
x,20.316210473680393,1.707053607141078e-11
x,20.322459692528035,6.63714892504685e-11
x,20.328708911375678,2.356717007484123e-11
x,20.334958130223317,4.295356301337654e-12
x,20.341207349070956,3.9765611830838496e-12
x,20.3474565679186,3.682901174203851e-13
x,20.35370578676624,3.353918466120217e-11
x,20.35995500561388,4.835567185893796e-11
x,20.36620422446152,1.0538281208126169e-11
x,20.372453443309162,3.5835454815554035e-11
x,20.378702662156805,3.9589884975179374e-11
x,20.384951881004444,3.1020246941171404e-12
x,20.391201099852083,3.4524591890629593e-12
x,20.397450318699725,4.5110374866248866e-11
x,20.403699537547368,4.028306400318387e-11
x,20.409948756395007,9.524998777297033e-11
x,20.416197975242646,9.201566523125149e-11
x,20.42244719409029,5.558114496454607e-11
x,20.42869641293793,8.784477133680087e-11
x,20.43494563178557,2.2319663672010085e-11
x,20.44119485063321,5.52992632917605e-11
x,20.447444069480852,5.235375640387471e-11
x,20.453693288328495,1.709747519297456e-11
x,20.459942507176134,1.1092529679377727e-10
x,20.466191726023773,5.926579656612079e-11
x,20.472440944871416,1.3762666814168395e-12
x,20.478690163719058,7.583833838115813e-12
x,20.484939382566697,1.2880088416832026e-11
x,20.491188601414336,1.9128316317121952e-10
x,20.49743782026198,2.7339460974577057e-10
x,20.50368703910962,3.387858071498535e-11
x,20.50993625795726,1.8546934571145385e-11
x,20.5161854768049,9.808702921806403e-11
x,20.522434695652542,1.4407164988284246e-10
x,20.528683914500185,7.790618184840011e-11
x,20.534933133347824,8.73760307263952e-11
x,20.541182352195463,8.252333281180694e-11
x,20.547431571043106,2.4036507561766305e-10
x,20.55368078989075,1.3763091972920724e-10
x,20.559930008738387,5.444294887374402e-10
x,20.566179227586026,2.3566293727233487e-10
x,20.57242844643367,3.004232981880032e-11
x,20.57867766528131,3.8460654669381473e-10
x,20.58492688412895,2.610245933800174e-10
x,20.59117610297659,3.2139092681355686e-12
x,20.597425321824232,2.739852549179303e-11
x,20.603674540671875,8.131370298596719e-11
x,20.609923759519514,1.490818391697154e-10
x,20.616172978367153,1.971582943274548e-11
x,20.622422197214796,2.0767188259461363e-11
x,20.62867141606244,1.4997949343957792e-11
x,20.634920634910078,2.7916775643164112e-11
x,20.641169853757717,8.065304903152508e-11
x,20.64741907260536,1.4405633762040848e-10
x,20.653668291453002,7.694354302465808e-11
x,20.65991751030064,1.972036575377238e-11
x,20.66616672914828,3.306071467620384e-11
x,20.672415947995923,2.18579332360958e-11
x,20.678665166843565,8.971447989892531e-12
x,20.684914385691204,4.525830217432109e-11
x,20.691163604538843,1.0497311182236367e-10
x,20.697412823386486,8.467966006600503e-11
x,20.70366204223413,4.9460418800053895e-11
x,20.709911261081768,1.3647631338452852e-11
x,20.716160479929407,6.42840018780781e-13
x,20.72240969877705,2.1541037188390304e-12
x,20.728658917624692,2.605685849943417e-12
x,20.73490813647233,1.6122613831044856e-11
x,20.74115735531997,1.508876898794086e-11
x,20.747406574167613,1.3720485782986717e-11
x,20.753655793015255,7.159400094788817e-13
x,20.759905011862894,3.5766149670851337e-12
x,20.766154230710534,4.079638290602369e-12
x,20.772403449558176,3.970592274564462e-12
x,20.77865266840582,1.6311791192590794e-11
x,20.784901887253458,7.542649841353772e-12
x,20.791151106101097,3.889724663073344e-13
x,20.79740032494874,1.0468182320096523e-12
x,20.803649543796382,7.211468567741424e-13
x,20.80989876264402,4.782786310487813e-12
x,20.81614798149166,8.094400746336894e-12
x,20.822397200339303,1.0748472141984523e-11
x,20.828646419186946,1.6937208877108203e-11
x,20.834895638034585,3.2129774415571645e-11
x,20.841144856882224,1.765361273899829e-11
x,20.847394075729866,8.791729211074119e-12
x,20.85364329457751,1.9792314867422366e-11
x,20.859892513425148,3.037252503668645e-11
x,20.866141732272787,9.99045600193605e-12
x,20.87239095112043,5.23924194136971e-13
x,20.878640169968072,5.727484077706463e-13
x,20.88488938881571,2.2072780018702267e-13
x,20.89113860766335,1.7061343864923466e-13
x,20.897387826510993,7.872350874946034e-13
x,20.903637045358636,1.2639634501527713e-12
x,20.909886264206275,1.041249200827219e-11
x,20.916135483053914,1.3397271831887162e-11
x,20.922384701901557,3.27553128739593e-12
x,20.9286339207492,1.1458594108216132e-11
x,20.934883139596838,2.4775511532089126e-12
x,20.941132358444477,5.609601711166278e-12
x,20.94738157729212,1.7412882653439265e-11
x,20.953630796139763,1.6288941192052596e-11
x,20.9598800149874,6.314474071944617e-12
x,20.96612923383504,1.4291694015329206e-11
x,20.972378452682683,1.481627479420244e-11
x,20.978627671530326,3.1125775152921165e-12
x,20.984876890377965,1.2783144251571044e-13
x,20.991126109225604,7.504687923082363e-13
x,20.997375328073247,3.460164015225419e-12
x,21.00362454692089,1.3358389275015042e-11
x,21.00987376576853,2.7766546705597387e-13
x,21.016122984616167,7.504159195588929e-12
x,21.02237220346381,1.2678844197990205e-11
x,21.028621422311453,1.1322916805607578e-11
x,21.03487064115909,4.04722977931929e-12
x,21.04111986000673,8.919987828134855e-12
x,21.047369078854373,7.15649452097724e-12
x,21.053618297702016,5.235498722034584e-14
x,21.059867516549655,1.0683147435075284e-11
x,21.066116735397294,1.704034659746533e-11
x,21.072365954244937,1.4080482121015134e-11
x,21.07861517309258,3.1622627710750133e-13
x,21.08486439194022,3.1118021061173005e-12
x,21.091113610787858,4.104160229844181e-13
x,21.0973628296355,5.823390170551237e-12
x,21.103612048483143,1.4515581676206908e-11
x,21.109861267330782,1.6539386559917868e-11
x,21.11611048617842,3.4525302492968204e-11
x,21.122359705026064,1.6197355620103365e-12
x,21.128608923873706,2.967910384759295e-11
x,21.134858142721345,2.3759259217629907e-11
x,21.141107361568984,5.790300886557126e-12
x,21.147356580416627,7.447405281239914e-11
x,21.15360579926427,4.3227477357700866e-11
x,21.15985501811191,7.627506207820038e-13
x,21.166104236959548,1.0267512760578791e-11
x,21.17235345580719,3.465738686671381e-11
x,21.178602674654833,3.454515901680437e-11
x,21.184851893502472,3.793805447748396e-11
x,21.19110111235011,1.3464196772737436e-11
x,21.197350331197754,3.7314744390908894e-12
x,21.203599550045396,8.673634373209317e-12
x,21.209848768893035,1.2023092216987736e-11
x,21.216097987740675,2.3379125652209554e-10
x,21.222347206588317,2.0708490393235432e-10
x,21.22859642543596,5.0758920548448306e-11
x,21.2348456442836,6.155851110987296e-11
x,21.241094863131238,2.217787795546546e-11
x,21.24734408197888,1.1055611400403651e-10
x,21.253593300826523,7.895305620362113e-11
x,21.259842519674162,9.226422940819869e-12
x,21.2660917385218,1.1255489399402557e-10
x,21.272340957369444,1.8160891890315089e-10
x,21.278590176217087,4.358845669741323e-11
x,21.284839395064726,1.974849640166964e-12
x,21.291088613912365,1.0397569822567526e-11
x,21.297337832760007,8.534575007398592e-12
x,21.30358705160765,1.0035135152636816e-10
x,21.30983627045529,1.0278947340624233e-10
x,21.316085489302928,3.1512402060269394e-11
x,21.32233470815057,5.933482140420561e-11
x,21.328583926998213,4.364659727155302e-11
x,21.334833145845852,1.2911571548633847e-10
x,21.34108236469349,1.4407124587397416e-10
x,21.347331583541134,2.100189274314023e-11
x,21.353580802388777,7.2823559811417e-12
x,21.359830021236416,3.5995636353802476e-12
x,21.366079240084055,4.1821294402385605e-12
x,21.372328458931698,3.4278406768618766e-11
x,21.37857767777934,2.6929568978726547e-12
x,21.38482689662698,3.6383729380274207e-11
x,21.39107611547462,2.1075821426742844e-11
x,21.39732533432226,1.0480885325058168e-11
x,21.403574553169904,4.408847022585272e-11
x,21.409823772017543,2.6375850772537874e-11
x,21.41607299086518,7.802304137870436e-12
x,21.422322209712824,3.128180292012438e-11
x,21.428571428560467,3.9959398436396986e-11
x,21.434820647408106,1.655830231886996e-11
x,21.441069866255745,9.203303639941137e-12
x,21.447319085103388,3.623799727392292e-11
x,21.45356830395103,5.5387875157315655e-11
x,21.45981752279867,3.809449279970512e-11
x,21.46606674164631,8.58376007134934e-12
x,21.47231596049395,2.4795966018340945e-11
x,21.478565179341594,2.1196373497886006e-11
x,21.484814398189233,6.017234327780966e-12
x,21.491063617036872,4.374215908105509e-12
x,21.497312835884514,5.829616320912883e-11
x,21.503562054732157,4.9334743559289205e-11
x,21.509811273579796,4.000644132159391e-11
x,21.516060492427435,1.0671353725481688e-11
x,21.522309711275078,8.881085851904999e-11
x,21.52855893012272,7.394377031654603e-11
x,21.53480814897036,1.1475046338826191e-11
x,21.541057367818,2.6462709362318456e-12
x,21.54730658666564,6.055047022258167e-13
x,21.553555805513284,1.2946289828714003e-12
x,21.559805024360923,6.7726556608948405e-12
x,21.566054243208562,3.453719458746115e-12
x,21.572303462056205,5.567144272641658e-12
x,21.578552680903847,1.843435368889032e-12
x,21.584801899751486,1.018697485042958e-11
x,21.591051118599125,1.610962360234801e-11
x,21.597300337446768,4.352900461084221e-12
x,21.60354955629441,1.6430730188934386e-12
x,21.60979877514205,2.69728423655725e-12
x,21.61604799398969,2.500032619851942e-12
x,21.62229721283733,1.5592479661070225e-12
x,21.628546431684974,5.844049545341376e-12
x,21.634795650532613,9.903849634204107e-14
x,21.641044869380252,1.1242730222445082e-12
x,21.647294088227895,2.5508594237986595e-12
x,21.653543307075537,3.1830731382103077e-12
x,21.659792525923176,2.56104253932622e-12
x,21.666041744770816,9.320148664886101e-13
x,21.672290963618458,1.128633472235371e-12
x,21.6785401824661,3.709863635100859e-12
x,21.68478940131374,6.5772546124119015e-12
x,21.69103862016138,4.626982012724822e-12
x,21.69728783900902,9.963195413471287e-12
x,21.703537057856664,1.2368299608284569e-12
x,21.709786276704303,2.0798391227796356e-12
x,21.716035495551942,9.047906697347305e-12
x,21.722284714399585,9.281576398342971e-12
x,21.728533933247228,3.4673141498352376e-12
x,21.734783152094867,1.2425871518419695e-12
x,21.741032370942506,5.113398563305064e-14
x,21.74728158979015,3.023014818035232e-13
x,21.75353080863779,1.337364426036152e-12
x,21.75978002748543,1.2134592729248112e-12
x,21.76602924633307,9.465244101420163e-13
x,21.77227846518071,2.346819625424918e-13
x,21.778527684028354,3.6557004169103615e-12
x,21.784776902875993,8.930445011376252e-12
x,21.791026121723633,2.2002294787216323e-11
x,21.797275340571275,2.3555300087489318e-11
x,21.803524559418918,2.626174669433211e-11
x,21.809773778266557,2.62058541051149e-12
x,21.816022997114196,1.1419855661555267e-11
x,21.82227221596184,1.6986304497374943e-11
x,21.82852143480948,1.6487312926460606e-11
x,21.83477065365712,8.540505444469322e-12
x,21.84101987250476,2.4610766434746248e-11
x,21.847269091352402,4.458682022366463e-11
x,21.853518310200045,4.763535082263872e-12
x,21.859767529047684,5.7988818821478336e-12
x,21.866016747895323,2.1275490995839815e-12
x,21.872265966742965,1.4857235108595755e-11
x,21.878515185590608,2.1572501960094564e-11
x,21.884764404438247,1.773043118139986e-11
x,21.891013623285886,1.2495500134695263e-11
x,21.89726284213353,7.067843326404776e-12
x,21.90351206098117,5.597084704526439e-12
x,21.90976127982881,5.040687703028952e-12
x,21.91601049867645,3.86722894371807e-12
x,21.922259717524092,1.0621504579419163e-12
x,21.928508936371735,9.46147721275533e-13
x,21.934758155219374,7.785915219886376e-12
x,21.941007374067013,5.745700843440603e-12
x,21.947256592914655,1.569105847502839e-11
x,21.953505811762298,1.3674651276425002e-11
x,21.959755030609937,3.5090652546139264e-12
x,21.966004249457576,7.779152977218288e-12
x,21.97225346830522,4.422370535257603e-12
x,21.97850268715286,9.628058897306065e-13
x,21.9847519060005,6.36881522805624e-12
x,21.99100112484814,5.735205569920815e-12
x,21.997250343695782,1.3057634070324992e-11
x,22.003499562543425,1.548974967521468e-12
x,22.009748781391064,4.776838927917675e-12
x,22.015998000238703,1.179328240128022e-13
x,22.022247219086346,4.625119902253022e-12
x,22.02849643793399,5.702737057462114e-12
x,22.034745656781627,2.6824705395468304e-12
x,22.040994875629266,3.4967707862651213e-13
x,22.04724409447691,1.0050062227435539e-12
x,22.05349331332455,8.122944416467707e-12
x,22.05974253217219,1.2843561611625594e-11
x,22.06599175101983,6.402433007211036e-12
x,22.072240969867472,2.1788994481400296e-11
x,22.078490188715115,3.180090523500291e-11
x,22.084739407562754,1.6210092208808804e-12
x,22.090988626410393,4.431881863023378e-11
x,22.097237845258036,5.3884901006228674e-11
x,22.10348706410568,8.0885239841194e-12
x,22.109736282953317,5.766907258000688e-12
x,22.115985501800957,5.779487507996217e-12
x,22.1222347206486,4.9786925267445254e-12
x,22.128483939496242,8.146308862687179e-12
x,22.13473315834388,3.685864130307651e-12
x,22.14098237719152,1.6843214839554585e-12
x,22.147231596039163,1.892338373872652e-12
x,22.153480814886805,1.5178730443654099e-12
x,22.159730033734444,1.6259002661945685e-11
x,22.165979252582083,2.2849042090667293e-11
x,22.172228471429726,7.98136313701856e-12
x,22.17847769027737,7.183815964440146e-12
x,22.184726909125008,4.550515624769501e-13
x,22.190976127972647,1.9976035406439607e-12
x,22.19722534682029,5.155850216648443e-12
x,22.203474565667932,3.2937400745786663e-12
x,22.20972378451557,1.938990240731708e-11
x,22.21597300336321,2.5390845807851895e-11
x,22.222222222210853,1.1623432456626557e-11
x,22.228471441058495,2.0337604282165363e-11
x,22.234720659906134,2.401634462365754e-11
x,22.240969878753774,8.148457892817257e-12
x,22.247219097601416,6.904427591954509e-12
x,22.25346831644906,2.012206491466718e-12
x,22.259717535296698,8.66301676163337e-13
x,22.265966754144337,9.888719368067993e-14
x,22.27221597299198,2.6193035790234836e-12
x,22.278465191839622,1.7803639871367777e-11
x,22.28471441068726,9.074099482011325e-12
x,22.2909636295349,6.006301348646783e-13
x,22.297212848382543,3.9494767346764223e-13
x,22.303462067230186,1.7784146115753846e-13
x,22.309711286077825,7.221270125554784e-12
x,22.315960504925464,1.2920238219234842e-11
x,22.322209723773106,2.886693706504775e-12
x,22.32845894262075,7.751887894275608e-12
x,22.334708161468388,9.579339675420062e-12
x,22.340957380316027,4.1561992331853175e-13
x,22.34720659916367,7.092573022849618e-13
x,22.353455818011312,1.0203375197752789e-11
x,22.35970503685895,1.0136917166860058e-11
x,22.36595425570659,1.6887902178723367e-11
x,22.372203474554233,2.0426114255742025e-11
x,22.378452693401876,1.1045870611675639e-11
x,22.384701912249515,1.7442076232064464e-11
x,22.390951131097154,5.771172433518289e-12
x,22.397200349944796,1.0377441016563721e-11
x,22.40344956879244,1.0612776585973419e-11
x,22.409698787640078,2.392806401479552e-12
x,22.415948006487717,1.8080078684019185e-11
x,22.42219722533536,1.286796579443328e-11
x,22.428446444183002,6.340038044236393e-13
x,22.43469566303064,1.5257621078567672e-12
x,22.44094488187828,2.521297258767282e-12
x,22.447194100725923,2.6926470558745487e-11
x,22.453443319573566,5.189224140348262e-11
x,22.459692538421205,1.195097756490504e-11
x,22.465941757268844,1.050046264484376e-12
x,22.472190976116487,1.3217112269674427e-11
x,22.47844019496413,2.5225217288577865e-11
x,22.48468941381177,1.2044273114447544e-11
x,22.490938632659407,1.4238907067797093e-11
x,22.49718785150705,1.133963367901315e-11
x,22.503437070354693,3.6773279272379543e-11
x,22.50968628920233,2.467959935162297e-11
x,22.51593550804997,8.518659249601709e-11
x,22.522184726897613,4.881489192649896e-11
x,22.528433945745256,2.4420219256813234e-12
x,22.534683164592895,5.5225328603116065e-11
x,22.540932383440534,4.568053674851313e-11
x,22.547181602288177,1.2985473984410667e-12
x,22.55343082113582,3.0144425908394712e-12
x,22.55968003998346,9.712871716582733e-12
x,22.565929258831098,2.4336559204627993e-11
x,22.57217847767874,3.749873443247921e-12
x,22.578427696526383,2.394358959962476e-12
x,22.584676915374022,3.887227239255117e-12
x,22.59092613422166,2.7689164939353317e-12
x,22.597175353069304,1.286793011140165e-11
x,22.603424571916946,2.5729432010142546e-11
x,22.609673790764585,1.7504291053210354e-11
x,22.615923009612224,2.5428818439906092e-12
x,22.622172228459867,5.706542748647635e-12
x,22.62842144730751,2.5873654134498217e-12
x,22.63467066615515,1.5371256246486201e-12
x,22.640919885002788,5.385104142238317e-12
x,22.64716910385043,1.4465749492355854e-11
x,22.653418322698073,1.3539551333192046e-11
x,22.659667541545712,8.13511529398193e-12
x,22.66591676039335,2.7907041242999784e-12
x,22.672165979240994,2.6470249485366487e-13
x,22.678415198088636,7.649135337812178e-13
x,22.684664416936275,6.703624039574592e-14
x,22.690913635783915,2.760014273628401e-12
x,22.697162854631557,1.4474194379367027e-12
x,22.7034120734792,1.1812640766501493e-12
x,22.70966129232684,4.469947860921625e-14
x,22.715910511174478,9.012651443119856e-13
x,22.72215973002212,1.4354114640565084e-12
x,22.728408948869763,3.6691836870113026e-14
x,22.734658167717402,2.3553744819773065e-12
x,22.74090738656504,2.1172128871357058e-12
x,22.747156605412684,4.294059539900895e-13
x,22.753405824260327,4.320213035255958e-13
x,22.759655043107966,9.368540493118546e-14
x,22.765904261955605,5.916792894210267e-13
x,22.772153480803247,1.7524218751440197e-12
x,22.77840269965089,1.6506685044122874e-12
x,22.78465191849853,2.5782096651187e-12
x,22.790901137346168,3.581688807181789e-12
x,22.79715035619381,1.5238650113293056e-12
x,22.803399575041453,2.386382906329627e-12
x,22.809648793889092,3.974183294324088e-12
x,22.81589801273673,7.129479350266928e-12
x,22.822147231584374,4.3655610980759085e-12
x,22.828396450432017,9.64749703631997e-13
x,22.834645669279656,3.5349998738359086e-14
x,22.840894888127295,3.1390744386145606e-14
x,22.847144106974937,6.751665468890844e-14
x,22.85339332582258,2.4591955272926165e-13
x,22.85964254467022,1.7563485054646375e-12
x,22.86589176351786,2.734364384694961e-12
x,22.8721409823655,1.54809982120576e-12
x,22.878390201213143,4.020475228829453e-14
x,22.884639420060783,1.9720457631771166e-12
x,22.89088863890842,4.477865871155246e-13
x,22.897137857756064,6.061113040417374e-13
x,22.903387076603707,1.0078596004846166e-12
x,22.909636295451346,1.6835086909651178e-12
x,22.915885514298985,1.0087228182709295e-12
x,22.922134733146628,1.037047553759738e-12
x,22.92838395199427,2.173281054833001e-12
x,22.93463317084191,2.112183627555606e-13
x,22.94088238968955,1.114870532549347e-13
x,22.94713160853719,4.749993541144239e-14
x,22.953380827384834,1.1496692390073715e-13
x,22.959630046232473,1.5077508024615582e-12
x,22.965879265080112,1.0629570871490058e-13
x,22.972128483927754,6.609410152249312e-13
x,22.978377702775397,1.155952061846807e-12
x,22.984626921623036,1.4977935364693647e-12
x,22.990876140470675,6.941825617015774e-13
x,22.997125359318318,1.786310777759586e-12
x,23.00337457816596,1.7468980716990817e-12
x,23.0096237970136,1.343280459160423e-13
x,23.01587301586124,1.1227744692980773e-12
x,23.02212223470888,2.237142672954621e-12
x,23.028371453556524,2.351728683121401e-12
x,23.034620672404163,1.3810123559138595e-13
x,23.040869891251802,5.700535503912662e-13
x,23.047119110099445,1.0187255058826188e-13
x,23.053368328947087,5.433822790549043e-13
x,23.059617547794726,2.288650562643969e-12
x,23.065866766642365,2.5572292044104716e-12
x,23.072115985490008,6.3344691467393304e-12
x,23.07836520433765,9.179554135416198e-13
x,23.08461442318529,4.672927824531187e-12
x,23.09086364203293,4.879078969987435e-12
x,23.09711286088057,9.085171563090129e-13
x,23.103362079728214,1.2250117062285244e-11
x,23.109611298575853,1.1323139735181047e-11
x,23.115860517423492,2.1697706389796494e-13
x,23.122109736271135,8.46893816700257e-13
x,23.128358955118777,5.965853196625978e-12
x,23.134608173966416,6.4949135003969314e-12
x,23.140857392814056,6.627992614709037e-12
x,23.147106611661698,3.0697026247371416e-12
x,23.15335583050934,9.132397077844615e-13
x,23.15960504935698,1.5914192478916787e-12
x,23.16585426820462,1.2590135930509962e-12
x,23.17210348705226,4.1366154267295535e-11
x,23.178352705899904,4.605429154222052e-11
x,23.184601924747543,1.0147413471898804e-11
x,23.190851143595182,1.0783561477733034e-11
x,23.197100362442825,6.934091228897472e-12
x,23.203349581290468,2.3142565017209533e-11
x,23.209598800138107,2.1583131885592698e-11
x,23.215848018985746,7.330009871970106e-13
x,23.22209723783339,2.2260435084226094e-11
x,23.22834645668103,3.930601547709317e-11
x,23.23459567552867,1.1281883981823964e-11
x,23.24084489437631,4.1402938092052817e-13
x,23.24709411322395,2.5132999642725077e-12
x,23.253343332071594,2.538129265235422e-12
x,23.259592550919233,1.9041891287613393e-11
x,23.265841769766872,2.6521182279952024e-11
x,23.272090988614515,9.327788515975513e-12
x,23.278340207462158,1.3119665668822086e-11
x,23.284589426309797,1.1340535130010593e-11
x,23.290838645157436,2.087207312310491e-11
x,23.29708786400508,3.2050634810502835e-11
x,23.30333708285272,5.432046478143804e-12
x,23.30958630170036,1.645414699547155e-12
x,23.315835520548,1.5422265038532262e-12
x,23.322084739395642,4.463023131406552e-13
x,23.328333958243284,6.2763252319536815e-12
x,23.334583177090924,1.2023017841985502e-12
x,23.340832395938563,6.89236516770744e-12
x,23.347081614786205,5.822421341505528e-12
x,23.353330833633848,2.317907595293115e-12
x,23.359580052481487,8.203407970675663e-12
x,23.365829271329126,6.453683068232593e-12
x,23.37207849017677,1.283646756565362e-12
x,23.37832770902441,4.733161474955558e-12
x,23.38457692787205,7.754537445321914e-12
x,23.39082614671969,4.481712478625731e-12
x,23.397075365567332,1.0703726910137192e-12
x,23.403324584414975,6.654647851797703e-12
x,23.409573803262614,1.009699332457362e-11
x,23.415823022110253,8.276497347844634e-12
x,23.422072240957895,2.126286879500298e-12
x,23.428321459805538,4.32657814456365e-12
x,23.434570678653177,2.744837671010443e-12
x,23.440819897500816,9.768309428370088e-13
x,23.44706911634846,4.5261321465110173e-13
x,23.4533183351961,7.355381682083013e-12
x,23.45956755404374,8.266171617771826e-12
x,23.46581677289138,6.911569297012996e-12
x,23.472065991739022,1.9089277200786513e-12
x,23.478315210586665,8.756879653219848e-12
x,23.484564429434304,1.0047968885974919e-11
x,23.490813648281943,2.3998379538497596e-12
x,23.497062867129586,2.1538377006550004e-13
x,23.503312085977228,5.086217210587794e-13
x,23.509561304824867,2.6929829629911215e-13
x,23.515810523672506,1.1959142413518826e-12
x,23.52205974252015,1.4745861347975362e-12
x,23.52830896136779,2.1874067161989493e-12
x,23.53455818021543,8.107668857176839e-13
x,23.54080739906307,1.8782744376559918e-12
x,23.547056617910712,1.2929284727490632e-12
x,23.553305836758355,2.9122273278717174e-13
x,23.559555055605994,2.69295994783564e-13
x,23.565804274453633,1.8943655391697195e-13
x,23.572053493301276,1.0176995247252649e-12
x,23.57830271214892,1.1986157988878989e-12
x,23.584551930996557,8.213774068824295e-13
x,23.590801149844197,9.119391873722944e-14
x,23.59705036869184,7.369375325374234e-13
x,23.60329958753948,7.301329584496138e-14
x,23.60954880638712,3.481568416337638e-13
x,23.61579802523476,3.675588390210049e-13
x,23.622047244082403,4.570253540928865e-13
x,23.628296462930045,5.680570089083545e-13
x,23.634545681777684,2.1356690072757475e-12
x,23.640794900625323,3.0128915401947707e-13
x,23.647044119472966,8.516205148513842e-13
x,23.65329333832061,1.7253987068497839e-12
x,23.659542557168248,1.887021995802551e-13
x,23.665791776015887,5.460797087229553e-13
x,23.67204099486353,1.9736300730118928e-12
x,23.678290213711172,1.4927560532329039e-12
x,23.68453943255881,9.495629851147261e-13
x,23.69078865140645,1.1028489144388014e-12
x,23.697037870254093,3.873910704386902e-13
x,23.703287089101735,5.072622865358112e-13
x,23.709536307949374,6.857029135249281e-13
x,23.715785526797013,1.1711140631675121e-12
x,23.722034745644656,1.1443380212918314e-13
x,23.7282839644923,3.9649346915912335e-13
x,23.734533183339938,7.711090012100248e-13
x,23.740782402187577,1.028798494057344e-12
x,23.74703162103522,4.248027993913871e-12
x,23.753280839882862,7.126206337645728e-12
x,23.7595300587305,6.908311541145504e-12
x,23.76577927757814,9.193310487650002e-13
x,23.772028496425783,3.5878060366007254e-12
x,23.778277715273425,4.207696003839979e-12
x,23.784526934121065,3.4058929947171127e-12
x,23.790776152968704,1.6903066350988403e-12
x,23.797025371816346,4.496095875361223e-12
x,23.80327459066399,1.4048281580649796e-11
x,23.809523809511628,3.938859463749147e-12
x,23.815773028359267,8.936709868676753e-13
x,23.82202224720691,2.963605638605795e-13
x,23.828271466054552,1.8849375290487236e-12
x,23.83452068490219,3.803839281986255e-12
x,23.84076990374983,3.5679020534529747e-12
x,23.847019122597473,1.6938466371075555e-12
x,23.853268341445116,1.1131334322062043e-12
x,23.859517560292755,2.2279297049247143e-12
x,23.865766779140394,2.6955329958765406e-12
x,23.872015997988036,3.3794746239747304e-12
x,23.87826521683568,7.909501129717721e-13
x,23.884514435683318,3.681201708443755e-13
x,23.890763654530957,2.3069459378261156e-12
x,23.8970128733786,1.5509397617178483e-12
x,23.903262092226242,3.4578041742492375e-12
x,23.90951131107388,4.5471436899450724e-12
x,23.91576052992152,1.4061423646920147e-12
x,23.922009748769163,4.070414199280937e-12
x,23.928258967616806,2.9205776765917794e-12
x,23.934508186464445,2.0248327366657744e-13
x,23.940757405312084,2.324490065594544e-12
x,23.947006624159727,8.787301902226548e-13
x,23.95325584300737,3.647411227376534e-12
x,23.95950506185501,1.8065258082058855e-12
x,23.965754280702647,5.434156056375865e-13
x,23.97200349955029,1.4630461005720828e-13
x,23.978252718397933,1.9655456214356837e-12
x,23.98450193724557,3.2140937962898282e-12
x,23.99075115609321,4.883936572528322e-12
x,23.997000374940853,1.3740778298878186e-12
x,24.003249593788496,5.592779624479449e-13
x,24.009498812636135,5.118358946770119e-12
x,24.015748031483774,5.400422405629162e-12
x,24.021997250331417,1.8904845424690892e-12
x,24.02824646917906,7.08743909079552e-12
x,24.0344956880267,9.865352112256892e-12
x,24.040744906874338,1.0351666260541042e-12
x,24.04699412572198,7.934866492254134e-12
x,24.053243344569623,1.527172057368474e-11
x,24.059492563417262,3.746354364379563e-12
x,24.0657417822649,2.2336702198183292e-12
x,24.071991001112544,1.4058257004052878e-12
x,24.078240219960186,7.114257811799381e-13
x,24.084489438807825,3.384354500477369e-12
x,24.090738657655464,1.3950599396897913e-12
x,24.096987876503107,6.042829691348767e-13
x,24.10323709535075,1.4804422685669798e-12
x,24.10948631419839,4.0191569294428933e-13
x,24.115735533046028,4.865316017345976e-12
x,24.12198475189367,7.126574104447908e-12
x,24.128233970741313,2.4729506159659246e-12
x,24.134483189588952,3.349540725803921e-12
x,24.14073240843659,8.692732229932805e-13
x,24.146981627284234,8.651213054549808e-13
x,24.153230846131876,1.9359409826981035e-12
x,24.159480064979515,8.021877276884679e-13
x,24.165729283827154,4.123131872284184e-12
x,24.171978502674797,7.741671644523553e-12
x,24.17822772152244,3.855215857444299e-12
x,24.18447694037008,4.4033491527759165e-12
x,24.190726159217718,4.4453698117587666e-12
x,24.19697537806536,1.5536369023354815e-12
x,24.203224596913003,1.826938572775093e-12
x,24.209473815760642,3.4737988120167775e-13
x,24.21572303460828,5.038896909064806e-15
x,24.221972253455924,1.762935997165996e-13
x,24.228221472303566,6.401069903446546e-14
x,24.234470691151206,6.233754944759489e-12
x,24.240719909998845,7.13413246898824e-12
x,24.246969128846487,6.935273358201575e-13
x,24.25321834769413,1.2685811383243395e-13
x,24.25946756654177,6.796189779956339e-13
x,24.265716785389408,2.222566288967844e-12
x,24.27196600423705,4.1244227023851065e-12
x,24.278215223084693,8.010500699537273e-13
x,24.284464441932332,3.6404288065041545e-12
x,24.29071366077997,4.246793002488228e-12
x,24.296962879627614,3.897295403429817e-13
x,24.303212098475257,3.978623928601958e-15
x,24.309461317322896,2.009006852998857e-12
x,24.315710536170535,2.330610885159426e-12
x,24.321959755018177,2.401872108192181e-12
x,24.32820897386582,4.358766932747389e-12
x,24.33445819271346,2.2220469840822005e-12
x,24.340707411561098,3.2813290417324525e-12
x,24.34695663040874,1.5240406949473014e-12
x,24.353205849256383,2.4171892730986544e-12
x,24.359455068104023,1.8477370131132056e-12
x,24.36570428695166,1.4491312019843705e-14
x,24.371953505799304,2.748173327023663e-12
x,24.378202724646947,2.448017102925925e-12
x,24.384451943494586,1.257264350911799e-13
x,24.390701162342225,2.1981794894030527e-13
x,24.396950381189868,5.538913910607044e-13
x,24.40319960003751,2.284097448596615e-12
x,24.40944881888515,9.109759886422559e-12
x,24.41569803773279,3.056567999082876e-12
x,24.42194725658043,1.6363937612989728e-13
x,24.428196475428074,1.1537400613729603e-12
x,24.434445694275713,3.1895465146441393e-12
x,24.44069491312335,1.2875971085570857e-12
x,24.446944131970994,2.444309428711002e-12
x,24.453193350818637,1.3600165229585836e-12
x,24.459442569666276,4.006612301357161e-12
x,24.465691788513915,4.864195974322463e-12
x,24.471941007361558,1.0579776618828496e-11
x,24.4781902262092,7.29645801836839e-12
x,24.48443944505684,7.266709918441564e-14
x,24.49068866390448,5.195038673367811e-12
x,24.49693788275212,3.766236043597496e-12
x,24.503187101599764,5.42755322351435e-13
x,24.509436320447403,3.90805528635717e-13
x,24.515685539295042,1.8568529318887373e-12
x,24.521934758142685,3.437346323213752e-12
x,24.528183976990327,4.1415021564566864e-13
x,24.534433195837966,3.825683240849451e-13
x,24.540682414685605,1.1692172408841881e-12
x,24.546931633533248,9.081965167204364e-14
x,24.55318085238089,2.5661112922398893e-12
x,24.55943007122853,6.581186940500185e-12
x,24.56567929007617,5.14494365797267e-12
x,24.57192850892381,9.480986343212737e-13
x,24.578177727771454,2.645102852317723e-12
x,24.584426946619093,5.096476947172935e-13
x,24.590676165466732,2.002315731784193e-13
x,24.596925384314375,6.379321338491335e-13
x,24.603174603162017,8.032994799973005e-13
x,24.609423822009656,9.141207215235454e-13
x,24.615673040857295,1.978140998164315e-12
x,24.621922259704938,1.2352459110276273e-12
x,24.62817147855258,1.7491456502248532e-12
x,24.63442069740022,2.043057883150068e-12
x,24.64066991624786,8.80189163508122e-13
x,24.6469191350955,5.022993066215696e-13
x,24.653168353943144,7.795300566382677e-13
x,24.659417572790783,5.155660978197716e-13
x,24.665666791638422,3.934682819576046e-13
x,24.671916010486065,4.983688764592116e-13
x,24.678165229333707,1.9727304262744754e-12
x,24.684414448181347,1.0735027267266943e-12
x,24.690663667028986,8.835228888430502e-13
x,24.69691288587663,2.0572489080719743e-12
x,24.70316210472427,1.3784333997182557e-12
x,24.70941132357191,5.060929564037493e-13
x,24.71566054241955,9.022426013024554e-13
x,24.72190976126719,1.2275024133724925e-13
x,24.728158980114834,9.499692886038895e-13
x,24.734408198962473,7.117560560770359e-13
x,24.740657417810112,1.7759885190805965e-12
x,24.746906636657755,5.656760123555704e-12
x,24.753155855505398,1.6588413248033776e-12
x,24.759405074353037,3.2039548749656367e-12
x,24.765654293200676,3.6318667061903488e-12
x,24.77190351204832,4.314468374784884e-12
x,24.77815273089596,7.3720202168431e-12
x,24.7844019497436,3.6090431300685314e-12
x,24.79065116859124,6.563392446926548e-13
x,24.796900387438882,5.234114287307837e-13
x,24.803149606286524,1.0676033616003141e-13
x,24.809398825134164,2.2399982394358982e-12
x,24.815648043981803,8.040560470746549e-12
x,24.821897262829445,4.901033273672723e-12
x,24.828146481677088,1.1708590636386355e-13
x,24.834395700524727,4.166165611751666e-12
x,24.840644919372366,4.887114688036936e-12
x,24.84689413822001,1.7187322529171293e-12
x,24.85314335706765,1.6868211414762636e-12
x,24.85939257591529,1.6212864586033428e-12
x,24.86564179476293,8.490346322320663e-12
x,24.871891013610572,6.714385026173396e-12
x,24.878140232458215,1.3640584874454882e-13
x,24.884389451305854,6.115966824990485e-13
x,24.890638670153493,6.38026565944999e-14
x,24.896887889001135,5.522237838418953e-13
x,24.903137107848778,8.482632995518295e-13
x,24.909386326696417,9.525463709162735e-13
x,24.915635545544056,6.53955382621587e-13
x,24.9218847643917,5.592911821361501e-15
x,24.92813398323934,3.4113125681627974e-14
x,24.93438320208698,2.052146881150566e-12
x,24.94063242093462,1.6022827289111546e-12
x,24.946881639782262,3.3538291041208067e-13
x,24.953130858629905,1.3936927643854288e-12
x,24.959380077477544,1.0949231196978873e-12
x,24.965629296325183,3.8339614490333374e-13
x,24.971878515172826,9.766565000396869e-13
x,24.978127734020468,4.247218893048226e-13
x,24.984376952868107,2.490043829482099e-13
x,24.990626171715746,9.075392207140229e-14
x,24.99687539056339,6.788933090772511e-14
y,0.0,0.0
y,0.006249218847640847,1.166712596516335e-06
y,0.012498437695281694,5.802327542831703e-08
y,0.01874765654292254,3.1269310262309854e-09
y,0.02499687539056339,9.885559243459068e-10
y,0.031246094238204236,1.0885010145240745e-10
y,0.03749531308584508,7.873739112174565e-11
y,0.04374453193348593,8.477452373339532e-11
y,0.04999375078112678,1.1013953945958021e-10
y,0.056242969628767625,6.388126389155191e-13
y,0.06249218847640847,1.000835348057195e-09
y,0.06874140732404932,1.784939579654379e-09
y,0.07499062617169017,9.082482759300425e-10
y,0.08123984501933101,2.176585171927031e-10
y,0.08748906386697186,5.565202200648948e-11
y,0.09373828271461271,3.723494646785088e-10
y,0.09998750156225356,1.698925293894364e-09
y,0.1062367204098944,1.2002149961808685e-09
y,0.11248593925753525,6.016888785898282e-10
y,0.1187351581051761,1.8331820224808794e-09
y,0.12498437695281694,1.645360875966584e-10
y,0.1312335958004578,9.903463550351556e-10
y,0.13748281464809864,2.093660485844082e-09
y,0.1437320334957395,3.4346017559856904e-11
y,0.14998125234338033,3.5770122264662245e-09
y,0.15623047119102118,1.6584255730798014e-09
y,0.16247969003866203,1.9422222285311557e-09
y,0.16872890888630288,2.4725794542183883e-09
y,0.17497812773394372,7.055695779207685e-09
y,0.18122734658158457,1.1872780832118447e-08
y,0.18747656542922542,2.3029702912590038e-08
y,0.19372578427686626,6.6957263583867665e-09
y,0.1999750031245071,1.6369355976238197e-09
y,0.20622422197214796,1.0595073359932026e-09
y,0.2124734408197888,3.5645772720323507e-09
y,0.21872265966742965,8.798135830008902e-09
y,0.2249718785150705,1.6041696938812544e-09
y,0.23122109736271135,4.098084786131401e-09
y,0.2374703162103522,3.4005635665668994e-09
y,0.24371953505799304,3.1414898121167133e-09
y,0.2499687539056339,2.693571400227229e-08
y,0.25621797275327474,2.845770213278695e-08
y,0.2624671916009156,2.2277769727361802e-08
y,0.26871641044855643,4.096677558627307e-08
y,0.2749656292961973,6.527118530511052e-08
y,0.2812148481438381,3.2410346752563027e-08
y,0.287464066991479,3.4427698931335614e-08
y,0.2937132858391198,6.080518995759821e-08
y,0.29996250468676067,8.734403745745247e-08
y,0.3062117235344015,1.8049502777931136e-07
y,0.31246094238204236,4.745618532516298e-08
y,0.3187101612296832,8.249928074336546e-08
y,0.32495938007732406,4.348022658106433e-08
y,0.3312085989249649,2.222642334534921e-09
y,0.33745781777260575,4.2398501193329226e-08
y,0.3437070366202466,6.439326792527351e-08
y,0.34995625546788744,6.065526319552145e-08
y,0.3562054743155283,9.17338726881763e-08
y,0.36245469316316914,7.653059529906154e-08
y,0.36870391201081,7.58259690561686e-09
y,0.37495313085845083,5.862989170907042e-08
y,0.3812023497060917,6.024051816205869e-08
y,0.38745156855373253,8.418100778132362e-08
y,0.3937007874013734,1.0037880063111296e-07
y,0.3999500062490142,5.976203693619327e-09
y,0.40619922509665507,7.297963604077333e-08
y,0.4124484439442959,8.072787204418067e-08
y,0.41869766279193676,3.9866113533583674e-08
y,0.4249468816395776,1.1239734570355964e-07
y,0.43119610048721846,2.5915503822277247e-08
y,0.4374453193348593,2.478327836259158e-09
y,0.44369453818250015,2.2587010737172674e-08
y,0.449943757030141,5.787301248151161e-09
y,0.45619297587778185,7.684226978036108e-08
y,0.4624421947254227,1.4877022783999384e-07
y,0.46869141357306354,1.4801363276762838e-07
y,0.4749406324207044,2.7983452561912623e-08
y,0.48118985126834524,1.0489035911248355e-07
y,0.4874390701159861,2.1403470005010753e-07
y,0.49368828896362693,6.430827477067855e-08
y,0.4999375078112678,5.3722759852273656e-08
y,0.5061867266589086,4.6784369016799296e-08
y,0.5124359455065495,6.639109966434996e-10
y,0.5186851643541903,1.1674573247403685e-07
y,0.5249343832018312,1.541710273701562e-07
y,0.531183602049472,1.4536661013564867e-07
y,0.5374328208971129,6.134886827810535e-08
y,0.5436820397447537,1.6456804669344007e-07
y,0.5499312585923946,6.394511998118504e-08
y,0.5561804774400354,1.8308700733685643e-07
y,0.5624296962876763,5.52682499932273e-07
y,0.5686789151353171,2.5809110703288528e-06
y,0.574928133982958,1.5851346703208678e-06
y,0.5811773528305988,4.4863921397489075e-07
y,0.5874265716782396,8.842579480320067e-08
y,0.5936757905258805,9.006662244635788e-08
y,0.5999250093735213,8.734064969238895e-08
y,0.6061742282211622,2.7532457239621996e-07
y,0.612423447068803,4.5134365122663984e-07
y,0.6186726659164439,6.628028643582781e-08
y,0.6249218847640847,6.2213135358793e-08
y,0.6311711036117256,8.692593593763561e-08
y,0.6374203224593664,5.348578758797471e-07
y,0.6436695413070073,1.8417551796308166e-07
y,0.6499187601546481,3.8685217890891795e-08
y,0.656167979002289,6.549577072539953e-09
y,0.6624171978499298,1.5457370858666954e-07
y,0.6686664166975707,5.060454573377345e-07
y,0.6749156355452115,2.8954733296396643e-07
y,0.6811648543928523,3.49963421521519e-07
y,0.6874140732404932,2.0222870241224586e-06
y,0.693663292088134,1.7840107534650318e-06
y,0.6999125109357749,1.3937000575507228e-06
y,0.7061617297834157,1.2389583314393516e-06
y,0.7124109486310566,1.1765037883772986e-06
y,0.7186601674786974,4.8282517355521855e-08
y,0.7249093863263383,2.3073065519147926e-07
y,0.7311586051739791,6.142065955650254e-08
y,0.73740782402162,2.428389293617609e-07
y,0.7436570428692608,3.090509199734576e-07
y,0.7499062617169017,4.5370603057380945e-07
y,0.7561554805645425,2.2221281485700023e-06
y,0.7624046994121834,1.1065467682235662e-06
y,0.7686539182598242,8.807998504713362e-07
y,0.7749031371074651,1.0941538581164564e-06
y,0.7811523559551059,3.086144161838649e-07
y,0.7874015748027468,9.124817828262534e-07
y,0.7936507936503876,1.0041236959504973e-06
y,0.7999000124980284,4.983036343532385e-07
y,0.8061492313456693,2.7172520809623523e-06
y,0.8123984501933101,3.6226576210759216e-06
y,0.818647669040951,3.5664942092464266e-06
y,0.8248968878885918,3.0865420813425673e-06
y,0.8311461067362327,8.150779160269718e-07
y,0.8373953255838735,1.930048496670874e-06
y,0.8436445444315144,5.933122978652596e-06
y,0.8498937632791552,2.576291004501291e-06
y,0.8561429821267961,6.658684272793303e-06
y,0.8623922009744369,1.0035078247268948e-05
y,0.8686414198220778,2.2887395742903133e-06
y,0.8748906386697186,9.961752560934314e-06
y,0.8811398575173595,5.485365101197616e-06
y,0.8873890763650003,5.494720291029784e-07
y,0.8936382952126412,6.223712771379672e-06
y,0.899887514060282,7.371587310013241e-06
y,0.9061367329079228,2.525359824918596e-06
y,0.9123859517555637,4.228703903688921e-06
y,0.9186351706032045,8.975968619998476e-06
y,0.9248843894508454,2.835049761695909e-05
y,0.9311336082984862,1.7410406737191214e-05
y,0.9373828271461271,5.72305208750881e-06
y,0.9436320459937679,3.005568167161682e-05
y,0.9498812648414088,1.234029131721559e-05
y,0.9561304836890496,1.9427309199634465e-05
y,0.9623797025366905,4.4966374303294925e-05
y,0.9686289213843313,2.106253018652804e-05
y,0.9748781402319722,3.0790803181970505e-05
y,0.981127359079613,3.726919667583528e-05
y,0.9873765779272539,1.8830764486518358e-05
y,0.9936257967748947,5.5927901526359406e-05
y,0.9998750156225356,2.530095311907672e-05
y,1.0061242344701764,1.2407820829178597e-05
y,1.0123734533178173,4.129601102706617e-05
y,1.018622672165458,1.4423969788782323e-05
y,1.024871891013099,1.5445476426984532e-05
y,1.0311211098607398,4.002687665246429e-05
y,1.0373703287083806,1.6365296429906978e-05
y,1.0436195475560215,9.238533844231093e-06
y,1.0498687664036623,4.419681246192299e-06
y,1.0561179852513032,1.1117036130152617e-05
y,1.062367204098944,1.0620346577051097e-05
y,1.0686164229465849,7.669532529271022e-07
y,1.0748656417942257,9.680692122490927e-06
y,1.0811148606418666,2.1104104725970266e-05
y,1.0873640794895074,6.00986014435312e-06
y,1.0936132983371483,1.902487630515089e-05
y,1.0998625171847891,1.7113939070527194e-05
y,1.10611173603243,4.390822391137519e-06
y,1.1123609548800708,1.2315867197095217e-05
y,1.1186101737277117,6.414801744454024e-06
y,1.1248593925753525,3.4251368655814752e-06
y,1.1311086114229933,9.486274894364076e-06
y,1.1373578302706342,1.2015810404571537e-05
y,1.143607049118275,1.0703637837867685e-05
y,1.149856267965916,8.450808508959215e-06
y,1.1561054868135567,2.19047531625633e-06
y,1.1623547056611976,2.56381627445885e-06
y,1.1686039245088384,3.7292685879097914e-06
y,1.1748531433564793,1.1720101215670254e-06
y,1.1811023622041201,4.552391686926715e-06
y,1.187351581051761,3.741849342233019e-06
y,1.1936007998994018,4.036651968074484e-06
y,1.1998500187470427,9.448245260769886e-06
y,1.2060992375946835,2.7025908949692873e-06
y,1.2123484564423244,2.062681748223286e-06
y,1.2185976752899652,1.3976013223652375e-06
y,1.224846894137606,4.725961907243995e-07
y,1.231096112985247,1.1030955376971768e-06
y,1.2373453318328878,1.0492779736003706e-07
y,1.2435945506805286,6.337777923100417e-06
y,1.2498437695281694,7.43733592565489e-06
y,1.2560929883758103,9.392689167574507e-06
y,1.2623422072234511,1.2070204655899954e-05
y,1.268591426071092,1.6199821805333242e-05
y,1.2748406449187328,3.7812140444694888e-06
y,1.2810898637663737,2.128849505218086e-06
y,1.2873390826140145,4.802637825462684e-06
y,1.2935883014616554,1.9939304990992565e-06
y,1.2998375203092962,1.4591315387225043e-07
y,1.306086739156937,2.9955332280872407e-07
y,1.312335958004578,9.433682383447882e-07
y,1.3185851768522188,5.106710416008817e-06
y,1.3248343956998596,1.2031965398012803e-06
y,1.3310836145475005,9.111001326753903e-07
y,1.3373328333951413,7.121319720453538e-07
y,1.3435820522427822,5.761127148193543e-06
y,1.349831271090423,5.277729947256658e-06
y,1.3560804899380638,7.428346449716816e-07
y,1.3623297087857047,2.645436574119072e-06
y,1.3685789276333455,8.824398289202441e-07
y,1.3748281464809864,7.413060257521337e-06
y,1.3810773653286272,2.6146428261554146e-05
y,1.387326584176268,4.906879936284289e-05
y,1.393575803023909,1.6012707027678105e-05
y,1.3998250218715498,3.35364049985434e-06
y,1.4060742407191906,8.953674050244987e-07
y,1.4123234595668315,4.448428697474496e-06
y,1.4185726784144723,1.0977704258074831e-06
y,1.4248218972621132,3.373766493664959e-06
y,1.431071116109754,4.498706772671654e-06
y,1.4373203349573949,4.42778546869577e-06
y,1.4435695538050357,1.0625778996790438e-07
y,1.4498187726526766,1.5681320960977195e-06
y,1.4560679915003174,2.3292961339299225e-06
y,1.4623172103479583,2.80502204795584e-06
y,1.468566429195599,8.185015731330645e-06
y,1.47481564804324,5.753380207462884e-06
y,1.4810648668908808,5.453865963425119e-07
y,1.4873140857385216,6.264575821183817e-06
y,1.4935633045861625,8.32281235393978e-06
y,1.4998125234338033,5.25308850837434e-06
y,1.5060617422814442,3.647927292895607e-07
y,1.512310961129085,1.3441939033626148e-06
y,1.5185601799767259,5.966910660037446e-08
y,1.5248093988243667,1.006817613986865e-06
y,1.5310586176720076,7.958551853898884e-06
y,1.5373078365196484,3.5715971612518326e-06
y,1.5435570553672893,6.323058864332473e-06
y,1.5498062742149301,8.24211482524888e-06
y,1.556055493062571,1.6077057805724279e-07
y,1.5623047119102118,1.0818073465212651e-05
y,1.5685539307578527,1.0113774336348539e-05
y,1.5748031496054935,7.168499824424709e-06
y,1.5810523684531343,1.012772478498168e-05
y,1.5873015873007752,5.468500304521432e-07
y,1.593550806148416,9.122592248449581e-06
y,1.599800024996057,1.50380780157315e-05
y,1.6060492438436977,1.0686370902160714e-05
y,1.6122984626913386,1.2139960251348904e-05
y,1.6185476815389794,1.0604720043813596e-05
y,1.6247969003866203,1.176282000422265e-06
y,1.6310461192342611,6.561223945684796e-06
y,1.637295338081902,2.0586687380902305e-05
y,1.6435445569295428,1.0818988751972172e-05
y,1.6497937757771837,5.871651247864844e-05
y,1.6560429946248245,3.511518755901781e-05
y,1.6622922134724654,2.3082587030154938e-05
y,1.6685414323201062,1.8083587147827705e-05
y,1.674790651167747,9.209466634025827e-06
y,1.681039870015388,2.8865808845063127e-05
y,1.6872890888630288,2.108052909685786e-05
y,1.6935383077106696,1.187871181196065e-05
y,1.6997875265583104,1.9198561183238224e-05
y,1.7060367454059513,2.385826470301743e-05
y,1.7122859642535921,4.216979495231204e-06
y,1.718535183101233,2.3971959304706373e-06
y,1.7247844019488738,3.9278849000280495e-06
y,1.7310336207965147,1.3091473775804498e-06
y,1.7372828396441555,1.2464063509844681e-05
y,1.7435320584917964,6.988627657375465e-06
y,1.7497812773394372,2.0571037796511723e-06
y,1.756030496187078,3.5085141540713374e-06
y,1.762279715034719,1.0270268845795857e-05
y,1.7685289338823598,5.232628726746772e-05
y,1.7747781527300006,3.5408068490700894e-05
y,1.7810273715776415,1.945452493108549e-05
y,1.7872765904252823,8.873415852345651e-06
y,1.7935258092729232,5.559294312147147e-06
y,1.799775028120564,6.650187501480051e-06
y,1.8060242469682048,1.9781421318326577e-05
y,1.8122734658158457,2.5493569590149763e-08
y,1.8185226846634865,1.5325253950722985e-05
y,1.8247719035111274,9.006039167602872e-06
y,1.8310211223587682,1.1244449507495007e-06
y,1.837270341206409,2.472626267029427e-05
y,1.84351956005405,1.2028926062937056e-05
y,1.8497687789016908,2.104934627687234e-05
y,1.8560179977493316,4.3494117766921216e-05
y,1.8622672165969725,1.4136324316569695e-05
y,1.8685164354446133,1.779252669800037e-06
y,1.8747656542922542,1.3725945736108682e-05
y,1.881014873139895,6.345314373082609e-05
y,1.8872640919875359,0.00018871227705493767
y,1.8935133108351767,0.00013217869589175158
y,1.8997625296828176,3.834417441565715e-07
y,1.9060117485304584,4.836060350458667e-05
y,1.9122609673780993,2.720378644005313e-05
y,1.91851018622574,5.26749581985819e-05
y,1.924759405073381,0.00015384256498838917
y,1.9310086239210218,0.00036235239152433875
y,1.9372578427686626,0.0002988911176909624
y,1.9435070616163035,0.0010006986400698413
y,1.9497562804639443,0.10863229517787135
y,1.9560054993115852,0.6442367951419035
y,1.962254718159226,0.2336152517371094
y,1.9685039370068669,0.0011581756479651607
y,1.9747531558545077,0.0003955678606282392
y,1.9810023747021486,0.00033273052634299344
y,1.9872515935497894,0.00015083117784878697
y,1.9935008123974303,0.00010460112589683661
y,1.9997500312450711,8.786024553526493e-06
y,2.005999250092712,4.462482949048092e-05
y,2.012248468940353,2.6294772750993708e-06
y,2.0184976877879937,7.767065989517913e-05
y,2.0247469066356345,0.00016676339557991627
y,2.0309961254832753,6.509598875212716e-05
y,2.037245344330916,1.2803270333011152e-05
y,2.043494563178557,2.1247608798538253e-06
y,2.049743782026198,4.974172601229666e-06
y,2.0559930008738387,2.4141195512124534e-05
y,2.0622422197214796,2.114505601831295e-05
y,2.0684914385691204,3.4161705371414614e-06
y,2.0747406574167613,1.433540936908e-05
y,2.080989876264402,2.7135487068990313e-06
y,2.087239095112043,4.333512355996558e-06
y,2.093488313959684,8.884126973666388e-06
y,2.0997375328073247,1.16966393493811e-06
y,2.1059867516549655,8.759730246036848e-06
y,2.1122359705026064,5.472021669114204e-06
y,2.118485189350247,5.833440835625336e-06
y,2.124734408197888,3.082482051289785e-06
y,2.130983627045529,1.2544588722724888e-05
y,2.1372328458931698,1.223082849810219e-05
y,2.1434820647408106,2.6276035468692565e-05
y,2.1497312835884514,1.0145616930569393e-05
y,2.1559805024360923,1.3529982305879782e-06
y,2.162229721283733,8.210318390255413e-07
y,2.168478940131374,1.4069809253630339e-06
y,2.174728158979015,4.5097022116043824e-06
y,2.1809773778266557,1.335984771873227e-06
y,2.1872265966742965,1.786639189060647e-06
y,2.1934758155219374,2.0453396877019106e-06
y,2.1997250343695782,5.214680703955367e-07
y,2.205974253217219,6.846487438184834e-06
y,2.21222347206486,9.443462195435881e-06
y,2.2184726909125008,7.104692254140247e-06
y,2.2247219097601416,1.1391936214707508e-05
y,2.2309711286077825,1.72270416814081e-05
y,2.2372203474554233,1.118168538757299e-05
y,2.243469566303064,4.822648480913672e-06
y,2.249718785150705,1.172304652797759e-05
y,2.255968003998346,1.2398026432034925e-05
y,2.2622172228459867,2.794913000164063e-05
y,2.2684664416936275,9.715309682057422e-06
y,2.2747156605412684,1.1275827815046962e-05
y,2.2809648793889092,9.290815493585889e-06
y,2.28721409823655,1.950095737271581e-08
y,2.293463317084191,3.6244819137587125e-06
y,2.299712535931832,7.054375743075558e-06
y,2.3059617547794726,6.0946810379138325e-06
y,2.3122109736271135,8.374497935235057e-06
y,2.3184601924747543,8.416367795426366e-06
y,2.324709411322395,1.540713868900535e-06
y,2.330958630170036,2.9540361276048936e-06
y,2.337207849017677,4.635358667225205e-06
y,2.3434570678653177,5.373869863179858e-06
y,2.3497062867129586,6.359085012135777e-06
y,2.3559555055605994,9.502415850367794e-07
y,2.3622047244082403,3.077823048227934e-06
y,2.368453943255881,5.030601946948207e-06
y,2.374703162103522,1.9492887677541394e-06
y,2.380952380951163,5.664027206466699e-06
y,2.3872015997988036,2.2215907097671426e-06
y,2.3934508186464445,1.882264191158843e-07
y,2.3997000374940853,9.031547035563283e-07
y,2.405949256341726,4.5387239257386744e-07
y,2.412198475189367,2.1633823863821137e-06
y,2.418447694037008,4.960753953928823e-06
y,2.4246969128846487,5.611707839106757e-06
y,2.4309461317322896,1.9224636349548774e-06
y,2.4371953505799304,2.212034517299565e-06
y,2.4434445694275713,6.831969155150183e-06
y,2.449693788275212,1.8532774885272079e-06
y,2.455943007122853,1.2457197158410548e-06
y,2.462192225970494,1.3142134665627356e-06
y,2.4684414448181347,1.0563659242788622e-08
y,2.4746906636657755,2.1130701670692462e-06
y,2.4809398825134164,3.4512794111665286e-06
y,2.487189101361057,3.5814004564883904e-06
y,2.493438320208698,2.1130987846314427e-06
y,2.499687539056339,2.548473698747571e-06
y,2.5059367579039797,2.156675343347159e-06
y,2.5121859767516206,4.67887332498672e-06
y,2.5184351955992614,5.517267314493869e-06
y,2.5246844144469023,4.5177880112517334e-05
y,2.530933633294543,3.1445773627973153e-05
y,2.537182852142184,8.044398470651916e-06
y,2.543432070989825,2.015837619442601e-06
y,2.5496812898374657,4.018692598476026e-07
y,2.5559305086851065,1.9154519297110635e-06
y,2.5621797275327474,2.4035360479253e-06
y,2.568428946380388,6.612977388256618e-06
y,2.574678165228029,1.0561949202506573e-06
y,2.58092738407567,5.552016306186616e-07
y,2.5871766029233108,8.114625299080354e-07
y,2.5934258217709516,6.75505924070041e-06
y,2.5996750406185924,3.817892578188732e-06
y,2.6059242594662333,5.610993884406705e-07
y,2.612173478313874,7.293410563438895e-09
y,2.618422697161515,1.1254951557569668e-06
y,2.624671916009156,4.372838120997517e-06
y,2.6309211348567967,3.1961388135107997e-06
y,2.6371703537044375,2.1818477062169718e-06
y,2.6434195725520784,1.6303379700336002e-05
y,2.6496687913997192,1.6553978296151525e-05
y,2.65591801024736,1.1509089003721984e-05
y,2.662167229095001,1.0948311844688021e-05
y,2.6684164479426418,1.0414965099502006e-05
y,2.6746656667902826,9.869477171649669e-07
y,2.6809148856379235,1.937478406389124e-06
y,2.6871641044855643,3.3547801920103014e-07
y,2.693413323333205,1.4746401328050355e-06
y,2.699662542180846,1.453646524805383e-06
y,2.705911761028487,2.0073151260726655e-06
y,2.7121609798761277,1.4100252232453755e-05
y,2.7184101987237685,8.000626747131486e-06
y,2.7246594175714094,4.881837915581857e-06
y,2.7309086364190502,5.768917902672694e-06
y,2.737157855266691,1.91788491103937e-06
y,2.743407074114332,3.91653246458774e-06
y,2.749656292961973,6.7192493488866985e-06
y,2.7559055118096136,1.7112672243884274e-06
y,2.7621547306572545,1.2678227470089668e-05
y,2.7684039495048953,1.7414882617105053e-05
y,2.774653168352536,1.3861662489200219e-05
y,2.780902387200177,1.2158189667096359e-05
y,2.787151606047818,2.3359350384720894e-06
y,2.7934008248954587,5.276225308438133e-06
y,2.7996500437430996,2.5813184131834104e-05
y,2.8058992625907404,1.434619922010468e-05
y,2.8121484814383813,2.0541370516031073e-05
y,2.818397700286022,3.989047325330991e-05
y,2.824646919133663,7.501414964622987e-06
y,2.830896137981304,3.052086937274414e-05
y,2.8371453568289446,2.008121650895477e-05
y,2.8433945756765855,2.4196562111173932e-06
y,2.8496437945242263,1.9035637986931073e-05
y,2.855893013371867,2.5226836041266553e-05
y,2.862142232219508,6.9840851566887535e-06
y,2.868391451067149,8.159551503444007e-06
y,2.8746406699147897,1.7794929755223135e-05
y,2.8808898887624306,7.143704466419954e-05
y,2.8871391076100714,6.383318433702338e-05
y,2.8933883264577123,4.522282541136655e-06
y,2.899637545305353,6.363892021413708e-05
y,2.905886764152994,3.461774921149638e-05
y,2.912135983000635,4.031055923141689e-05
y,2.9183852018482757,8.564585790438785e-05
y,2.9246344206959165,5.541811096812489e-05
y,2.9308836395435574,4.988074288345578e-05
y,2.937132858391198,8.777635205923774e-05
y,2.943382077238839,3.0296700453303242e-05
y,2.94963129608648,0.00011697527426483998
y,2.9558805149341207,5.685183406551408e-05
y,2.9621297337817616,1.7749247196540234e-05
y,2.9683789526294024,7.541972493314497e-05
y,2.9746281714770433,4.1154908206810714e-05
y,2.980877390324684,1.2497090461353463e-05
y,2.987126609172325,6.21026844261626e-05
y,2.993375828019966,2.990425705862492e-05
y,2.9996250468676067,1.9365294777985223e-05
y,3.0058742657152475,7.392587713070847e-06
y,3.0121234845628884,1.3801273440572889e-05
y,3.018372703410529,1.5034899152858967e-05
y,3.02462192225817,6.463362569735968e-07
y,3.030871141105811,1.1865388983251794e-05
y,3.0371203599534518,2.765813457126253e-05
y,3.0433695788010926,1.0741724749710017e-05
y,3.0496187976487334,1.842447116788206e-05
y,3.0558680164963743,2.3023155190390808e-05
y,3.062117235344015,4.046946192693967e-06
y,3.068366454191656,1.0432865552982936e-05
y,3.074615673039297,8.563431344660691e-06
y,3.0808648918869377,5.364842517105046e-06
y,3.0871141107345785,1.0368881625720888e-05
y,3.0933633295822194,1.3733284162691692e-05
y,3.0996125484298602,1.0292633670462548e-05
y,3.105861767277501,7.546539619069763e-06
y,3.112110986125142,2.6105069378858956e-06
y,3.1183602049727828,1.4019155315923092e-06
y,3.1246094238204236,3.674997415148796e-06
y,3.1308586426680645,9.988981648892652e-07
y,3.1371078615157053,3.8700568534464555e-06
y,3.143357080363346,3.0602227572597746e-06
y,3.149606299210987,2.6078698255094422e-06
y,3.155855518058628,6.370580082692358e-06
y,3.1621047369062687,2.5270029061797966e-06
y,3.1683539557539095,1.8731318594738685e-06
y,3.1746031746015504,1.1307230739307473e-06
y,3.1808523934491912,4.670380570834295e-07
y,3.187101612296832,5.683514292333635e-07
y,3.193350831144473,4.021176038199968e-08
y,3.199600049992114,3.228170689543341e-06
y,3.2058492688397546,4.194915742315836e-06
y,3.2120984876873955,5.347981992011264e-06
y,3.2183477065350363,6.518208559897099e-06
y,3.224596925382677,9.467259601063371e-06
y,3.230846144230318,2.9473058426719207e-06
y,3.237095363077959,9.788924054177214e-07
y,3.2433445819255997,2.6230870177779093e-06
y,3.2495938007732406,1.493857528852775e-06
y,3.2558430196208814,1.4101276493816724e-07
y,3.2620922384685223,9.863909849598231e-08
y,3.268341457316163,1.3706370702819874e-07
y,3.274590676163804,1.8423461541876566e-06
y,3.280839895011445,6.506113922651367e-07
y,3.2870891138590856,4.134447211144508e-07
y,3.2933383327067265,2.2835155881094385e-07
y,3.2995875515543673,2.1118167089600296e-06
y,3.305836770402008,2.6486778938281732e-06
y,3.312085989249649,9.295641347540292e-08
y,3.31833520809729,1.5536622875317617e-06
y,3.3245844269449307,1.5607134756459932e-07
y,3.3308336457925716,2.374904678764637e-06
y,3.3370828646402124,7.95675347977151e-06
y,3.3433320834878533,1.5644220458623607e-05
y,3.349581302335494,7.058347844624718e-06
y,3.355830521183135,9.71763169925095e-07
y,3.362079740030776,3.661782321882254e-07
y,3.3683289588784167,1.3784547803501199e-06
y,3.3745781777260575,2.875606274937443e-07
y,3.3808273965736984,8.024355483096987e-07
y,3.387076615421339,1.2026862088408527e-06
y,3.39332583426898,1.4701440663666838e-06
y,3.399575053116621,9.409958480977168e-08
y,3.4058242719642617,4.047883958217359e-07
y,3.4120734908119026,6.833444401031771e-07
y,3.4183227096595434,8.34074992771399e-07
y,3.4245719285071843,1.7479565700382393e-06
y,3.430821147354825,1.6557223649025374e-06
y,3.437070366202466,5.9255013977855046e-08
y,3.443319585050107,1.080437650273496e-06
y,3.4495688038977477,1.8906002271549965e-06
y,3.4558180227453885,1.3446724787546461e-06
y,3.4620672415930294,1.6706825400973552e-07
y,3.46831646044067,2.3912968619110214e-07
y,3.474565679288311,8.09962730729952e-10
y,3.480814898135952,6.549908189969288e-08
y,3.4870641169835928,1.30935067402652e-06
y,3.4933133358312336,7.646944292411189e-07
y,3.4995625546788744,9.277588157085199e-07
y,3.5058117735265153,1.6666064399550722e-06
y,3.512060992374156,5.734157040951575e-09
y,3.518310211221797,1.664925170870754e-06
y,3.524559430069438,1.720650850821368e-06
y,3.5308086489170787,1.0257390078056009e-06
y,3.5370578677647195,1.8371819626270028e-06
y,3.5433070866123604,1.6841465922742204e-07
y,3.5495563054600012,8.850403828699869e-07
y,3.555805524307642,2.0049713989548696e-06
y,3.562054743155283,1.4553909251758534e-06
y,3.5683039620029238,1.4628931113194582e-06
y,3.5745531808505646,1.6287592547494532e-06
y,3.5808023996982055,2.633763996463669e-07
y,3.5870516185458463,3.511987995310665e-07
y,3.593300837393487,2.1845486338373337e-06
y,3.599550056241128,8.427128091314652e-07
y,3.605799275088769,6.388518171725049e-06
y,3.6120484939364097,4.613029659145575e-06
y,3.6182977127840505,2.328026246203665e-06
y,3.6245469316316914,2.2861032908729783e-06
y,3.6307961504793322,5.085887193161763e-07
y,3.637045369326973,2.3802862866394653e-06
y,3.643294588174614,1.9471610908607814e-06
y,3.649543807022255,9.471533484681378e-07
y,3.6557930258698956,1.5928151244802355e-06
y,3.6620422447175365,2.413678810078573e-06
y,3.6682914635651773,5.898395981645573e-07
y,3.674540682412818,1.295393023673391e-07
y,3.680789901260459,2.954959550626365e-07
y,3.6870391201081,4.9191495424842116e-08
y,3.6932883389557407,9.531816469600801e-07
y,3.6995375578033816,7.079253813942764e-07
y,3.7057867766510224,1.6587687847808372e-07
y,3.7120359954986633,3.025972921431684e-07
y,3.718285214346304,4.443983027280584e-07
y,3.724534433193945,2.9661423013643282e-06
y,3.730783652041586,2.5549600371447167e-06
y,3.7370328708892266,1.0092521739474263e-06
y,3.7432820897368675,5.782167765518268e-07
y,3.7495313085845083,1.6452485410134707e-07
y,3.755780527432149,2.780062144145198e-07
y,3.76202974627979,9.803768419454975e-07
y,3.768278965127431,3.031480411794211e-08
y,3.7745281839750717,6.599609975360189e-07
y,3.7807774028227126,4.5042832627370436e-07
y,3.7870266216703534,9.571003668003749e-09
y,3.7932758405179943,9.447718557117163e-07
y,3.799525059365635,6.452859776614668e-07
y,3.805774278213276,5.78914091985185e-07
y,3.812023497060917,1.554617728420503e-06
y,3.8182727159085577,6.593279811835633e-07
y,3.8245219347561985,7.126917491810544e-08
y,3.8307711536038394,3.573133338443354e-07
y,3.83702037245148,1.6247736942522407e-06
y,3.843269591299121,4.769974357896549e-06
y,3.849518810146762,3.966224061237966e-06
y,3.8557680289944027,7.469716427559496e-08
y,3.8620172478420436,1.0825809669872167e-06
y,3.8682664666896844,9.217524551801063e-07
y,3.8745156855373253,6.08102515629775e-07
y,3.880764904384966,2.95149991780492e-06
y,3.887014123232607,6.997481183000968e-06
y,3.893263342080248,5.631359021461771e-06
y,3.8995125609278887,1.6776486907219205e-05
y,3.9057617797755295,0.00028187751277326903
y,3.9120109986231704,0.0025341457637176154
y,3.918260217470811,0.0013107126460925695
y,3.924509436318452,2.0208546324748573e-05
y,3.930758655166093,7.470061377259703e-06
y,3.9370078740137338,4.682467253964184e-06
y,3.9432570928613746,2.007857909932565e-06
y,3.9495063117090154,1.7854649635334516e-06
y,3.9557555305566563,9.020931861975671e-08
y,3.962004749404297,5.329551184954528e-07
y,3.968253968251938,8.543368610690401e-08
y,3.974503187099579,6.563603370884968e-07
y,3.9807524059472197,1.7523272896085277e-06
y,3.9870016247948605,7.56179335652418e-07
y,3.9932508436425014,1.3494737678797388e-07
y,3.9995000624901422,2.7929760266021803e-08
y,4.005749281337783,3.630460557820553e-08
y,4.011998500185424,1.586114651242487e-07
y,4.018247719033065,1.8377233311232372e-07
y,4.024496937880706,1.9056802011169135e-08
y,4.0307461567283465,8.608258552687038e-08
y,4.036995375575987,2.6203342539388512e-08
y,4.043244594423628,2.396744822535264e-08
y,4.049493813271269,5.311438786689664e-08
y,4.05574303211891,1.3415064900001537e-08
y,4.061992250966551,3.720046726619002e-08
y,4.0682414698141915,3.450734031754948e-08
y,4.074490688661832,3.395112226933603e-08
y,4.080739907509473,1.2847279419696167e-08
y,4.086989126357114,6.285597984424461e-08
y,4.093238345204755,4.737830229970041e-08
y,4.099487564052396,1.0239689658370883e-07
y,4.105736782900037,5.4670789636004266e-08
y,4.1119860017476775,8.136283458709526e-09
y,4.118235220595318,3.451559781661393e-09
y,4.124484439442959,2.986959896986437e-09
y,4.1307336582906,1.3081073572593753e-08
y,4.136982877138241,5.7531874219713e-09
y,4.143232095985882,5.820287988846238e-09
y,4.149481314833523,8.858880797689225e-09
y,4.155730533681163,6.979704567616104e-10
y,4.161979752528804,1.590528683593683e-08
y,4.168228971376445,3.096685363956878e-08
y,4.174478190224086,2.6538007487148273e-08
y,4.180727409071727,4.211718747212446e-08
y,4.186976627919368,6.474256950984305e-08
y,4.1932258467670085,5.424245021554371e-08
y,4.199475065614649,1.400350299470654e-08
y,4.20572428446229,3.872359737213997e-08
y,4.211973503309931,3.853661503180389e-08
y,4.218222722157572,9.239086376044476e-08
y,4.224471941005213,4.150362892384615e-08
y,4.230721159852854,3.905112789782977e-08
y,4.236970378700494,4.7690344605054854e-08
y,4.243219597548135,3.222957246312329e-10
y,4.249468816395776,1.0745043810313644e-08
y,4.255718035243417,2.6483762123168197e-08
y,4.261967254091058,2.4316737290556565e-08
y,4.268216472938699,3.531567641685317e-08
y,4.2744656917863395,4.040060016254775e-08
y,4.28071491063398,1.1879143267006872e-08
y,4.286964129481621,8.343440391935694e-09
y,4.293213348329262,2.033339325333638e-08
y,4.299462567176903,2.3771062830590474e-08
y,4.305711786024544,2.9349050225423366e-08
y,4.311961004872185,7.276821075591099e-09
y,4.318210223719825,1.0881662907144357e-08
y,4.324459442567466,2.7438185616452963e-08
y,4.330708661415107,1.0405323824227768e-08
y,4.336957880262748,3.101247834962303e-08
y,4.343207099110389,1.834280275578819e-08
y,4.34945631795803,1.5174218678176138e-09
y,4.3557055368056705,5.7558792978756645e-09
y,4.361954755653311,4.722715114147301e-09
y,4.368203974500952,9.34671120381345e-09
y,4.374453193348593,2.8336585236299942e-08
y,4.380702412196234,3.692734762843163e-08
y,4.386951631043875,2.0793963838538344e-08
y,4.393200849891516,1.016217795304428e-08
y,4.3994500687391564,4.916793436352429e-08
y,4.405699287586797,1.5096160864577044e-08
y,4.411948506434438,7.598343991345573e-09
y,4.418197725282079,1.1351607240134676e-08
y,4.42444694412972,5.080689253007771e-10
y,4.430696162977361,1.2356691083421026e-08
y,4.4369453818250015,2.6598576855013804e-08
y,4.443194600672642,3.340847449146941e-08
y,4.449443819520283,2.6885941425286734e-08
y,4.455693038367924,1.7282764880421432e-08
y,4.461942257215565,2.978831979819872e-08
y,4.468191476063206,5.8890490938813524e-08
y,4.474440694910847,2.3638830557088318e-08
y,4.4806899137584875,4.464217136919441e-07
y,4.486939132606128,3.8039620118160124e-07
y,4.493188351453769,9.55297151110988e-08
y,4.49943757030141,2.7569677016605523e-08
y,4.505686789149051,2.7648530454256743e-10
y,4.511936007996692,2.65188468764318e-08
y,4.5181852268443325,1.7829040568747555e-08
y,4.524434445691973,8.249670173288671e-08
y,4.530683664539614,1.4763808924469853e-08
y,4.536932883387255,4.589782382053842e-09
y,4.543182102234896,8.23353476610833e-09
y,4.549431321082537,9.374807079020708e-08
y,4.555680539930178,8.09846483195717e-08
y,4.5619297587778185,1.1147579542132916e-08
y,4.568178977625459,6.144409532292616e-10
y,4.5744281964731,1.2813283451278406e-08
y,4.580677415320741,5.602382615680854e-08
y,4.586926634168382,5.5147700205167026e-08
y,4.593175853016023,2.5157269475993524e-08
y,4.599425071863664,2.331012031105737e-07
y,4.605674290711304,2.866758878834982e-07
y,4.611923509558945,1.8912397545698866e-07
y,4.618172728406586,2.017832433622099e-07
y,4.624421947254227,1.9981162674686877e-07
y,4.630671166101868,3.4362254042021306e-08
y,4.636920384949509,3.74642259708786e-08
y,4.6431696037971495,7.603646153272702e-09
y,4.64941882264479,2.3350786206373162e-08
y,4.655668041492431,2.0100173202529446e-08
y,4.661917260340072,2.716947384213218e-08
y,4.668166479187713,2.7661955736013663e-07
y,4.674415698035354,1.901258903096179e-07
y,4.680664916882995,9.694422341361678e-08
y,4.686914135730635,1.1279288612850075e-07
y,4.693163354578276,4.472417315909392e-08
y,4.699412573425917,6.92750827031425e-08
y,4.705661792273558,1.7668249238680072e-07
y,4.711911011121199,3.36987055685909e-08
y,4.71816022996884,2.683415853014444e-07
y,4.7244094488164805,4.1394002068117027e-07
y,4.730658667664121,2.8568095531322947e-07
y,4.736907886511762,2.4544203681099734e-07
y,4.743157105359403,4.370295046403406e-08
y,4.749406324207044,8.354615030466673e-08
y,4.755655543054685,6.503950168837736e-07
y,4.761904761902326,4.900903379622417e-07
y,4.768153980749966,4.441922058119408e-07
y,4.774403199597607,1.0566567906783414e-06
y,4.780652418445248,2.3136722442599357e-07
y,4.786901637292889,6.959271095754935e-07
y,4.79315085614053,5.866437360974114e-07
y,4.799400074988171,8.405134424640898e-08
y,4.8056492938358115,5.215236890435673e-07
y,4.811898512683452,7.812916239560371e-07
y,4.818147731531093,1.8758465379475924e-07
y,4.824396950378734,1.5497735453892637e-07
y,4.830646169226375,3.359505492537322e-07
y,4.836895388074016,1.8857710815625728e-06
y,4.843144606921657,2.345990954984681e-06
y,4.8493938257692975,3.2795203640097874e-08
y,4.855643044616938,1.5595021715481516e-06
y,4.861892263464579,1.1588880506997181e-06
y,4.86814148231222,1.1783528160669539e-06
y,4.874390701159861,2.2553897904868945e-06
y,4.880639920007502,1.9383777171064427e-06
y,4.8868891388551425,1.196513326846284e-06
y,4.893138357702783,3.020053068744364e-06
y,4.899387576550424,9.034956690070609e-07
y,4.905636795398065,3.958527443392118e-06
y,4.911886014245706,2.270677450269403e-06
y,4.918135233093347,4.851606860191102e-07
y,4.924384451940988,2.514132530126023e-06
y,4.9306336707886285,1.985755615796018e-06
y,4.936882889636269,1.4480562464396396e-07
y,4.94313210848391,1.9437840422352014e-06
y,4.949381327331551,1.1203107046496342e-06
y,4.955630546179192,8.872824530892178e-07
y,4.961879765026833,3.148876009215842e-07
y,4.9681289838744735,4.2289094249722716e-07
y,4.974378202722114,5.430331034906679e-07
y,4.980627421569755,1.3279752799223414e-08
y,4.986876640417396,4.1910200176181587e-07
y,4.993125859265037,1.0203025362250114e-06
y,4.999375078112678,5.496697285356474e-07
y,5.005624296960319,5.284937202034413e-07
y,5.0118735158079595,9.40330575515514e-07
y,5.0181227346556,1.5504192369710592e-07
y,5.024371953503241,2.741489121614598e-07
y,5.030621172350882,3.69778744032964e-07
y,5.036870391198523,2.9445352434110633e-07
y,5.043119610046164,4.488117869548361e-07
y,5.049368828893805,6.111170957801491e-07
y,5.055618047741445,4.209198827766247e-07
y,5.061867266589086,2.804511020102391e-07
y,5.068116485436727,1.2381903118579235e-07
y,5.074365704284368,3.101761393778589e-08
y,5.080614923132009,1.6340049514465125e-07
y,5.08686414197965,4.821554094711001e-08
y,5.0931133608272905,1.6709404793775937e-07
y,5.099362579674931,1.3097236825892588e-07
y,5.105611798522572,9.409999478837665e-08
y,5.111861017370213,2.3626639297560506e-07
y,5.118110236217854,1.2712157223320003e-07
y,5.124359455065495,9.802956463018943e-08
y,5.130608673913136,6.182670288340146e-08
y,5.136857892760776,2.6903496873136347e-08
y,5.143107111608417,1.967311685564113e-08
y,5.149356330456058,3.1694636159677757e-09
y,5.155605549303699,1.1490779287738433e-07
y,5.16185476815134,1.7987655604899574e-07
y,5.168103986998981,2.286047711358586e-07
y,5.1743532058466215,2.861979405051751e-07
y,5.180602424694262,4.442398321679346e-07
y,5.186851643541903,1.8400887760894842e-07
y,5.193100862389544,4.179592679542917e-08
y,5.199350081237185,1.2717657461437604e-07
y,5.205599300084826,1.013832271048273e-07
y,5.211848518932467,1.191065797686439e-08
y,5.218097737780107,2.563890814656545e-09
y,5.224346956627748,9.293550967843349e-10
y,5.230596175475389,6.608505471742291e-08
y,5.23684539432303,3.6470121318985697e-08
y,5.243094613170671,1.9348324175060928e-08
y,5.249343832018312,9.299842215778278e-09
y,5.2555930508659525,9.618440195396527e-08
y,5.261842269713593,1.5380285215254223e-07
y,5.268091488561234,4.497877102898698e-09
y,5.274340707408875,1.0358409675729854e-07
y,5.280589926256516,8.056153558362723e-09
y,5.286839145104157,1.087711032560683e-07
y,5.293088363951798,3.7515143831585985e-07
y,5.2993375827994385,7.603458678455715e-07
y,5.305586801647079,4.5058422618709553e-07
y,5.31183602049472,5.795874859161025e-08
y,5.318085239342361,3.797722720083901e-08
y,5.324334458190002,6.671168638827872e-08
y,5.330583677037643,2.089649433077322e-08
y,5.3368328958852835,3.4321443652229305e-08
y,5.343082114732924,6.054928677052662e-08
y,5.349331333580565,9.47347582990851e-08
y,5.355580552428206,1.1209457210382091e-08
y,5.361829771275847,2.2798204171783168e-08
y,5.368078990123488,4.4890437176411245e-08
y,5.374328208971129,5.8730206464910494e-08
y,5.3805774278187695,8.915647570988666e-08
y,5.38682664666641,1.088903543759203e-07
y,5.393075865514051,7.0340654894805776e-09
y,5.399325084361692,4.439131120673307e-08
y,5.405574303209333,1.1356993388746831e-07
y,5.411823522056974,9.391667221264378e-08
y,5.4180727409046145,2.079597774494852e-08
y,5.424321959752255,1.0998255262367826e-08
y,5.430571178599896,5.523347502188616e-10
y,5.436820397447537,7.456227803135822e-10
y,5.443069616295178,6.802512477944308e-08
y,5.449318835142819,5.635980708347589e-08
y,5.45556805399046,4.919234299971975e-08
y,5.4618172728381005,1.1834615366548886e-07
y,5.468066491685741,5.006031929074098e-09
y,5.474315710533382,9.785465049364163e-08
y,5.480564929381023,1.2029817533553499e-07
y,5.486814148228664,6.443787010126192e-08
y,5.493063367076305,1.3412184691946235e-07
y,5.499312585923946,2.9702589207606666e-08
y,5.505561804771586,3.657622689891752e-08
y,5.511811023619227,1.2376728795842628e-07
y,5.518060242466868,1.0123909205256378e-07
y,5.524309461314509,9.33558595692622e-08
y,5.53055868016215,1.2666659570873356e-07
y,5.536807899009791,2.8087859426509826e-08
y,5.5430571178574315,7.863025955581237e-09
y,5.549306336705072,1.2929535604500587e-07
y,5.555555555552713,4.168667090594154e-08
y,5.561804774400354,4.3308312045249225e-07
y,5.568053993247995,3.924626925250909e-07
y,5.574303212095636,1.6473972800415896e-07
y,5.580552430943277,1.8831887047035256e-07
y,5.586801649790917,2.5921991447812442e-08
y,5.593050868638558,1.4189642036811788e-07
y,5.599300087486199,1.4588245831639574e-07
y,5.60554930633384,6.060190530996385e-08
y,5.611798525181481,1.1240633451494291e-07
y,5.618047744029122,2.0378992965750806e-07
y,5.6242969628767625,6.720122018855553e-08
y,5.630546181724403,6.936441662887688e-09
y,5.636795400572044,2.027906907316447e-08
y,5.643044619419685,1.6353376387948521e-09
y,5.649293838267326,7.231819775412411e-08
y,5.655543057114967,7.304645462676433e-08
y,5.661792275962608,1.6242012362503818e-08
y,5.668041494810248,2.866863259639548e-08
y,5.674290713657889,2.6450885200734903e-08
y,5.68053993250553,2.0322083770068808e-07
y,5.686789151353171,2.282813092757791e-07
y,5.693038370200812,7.403776153164002e-08
y,5.699287589048453,4.8045748112208934e-08
y,5.7055368078960935,5.713615730727013e-09
y,5.711786026743734,1.7679770724343808e-08
y,5.718035245591375,7.14712548880324e-08
y,5.724284464439016,8.57412896108234e-09
y,5.730533683286657,4.4874612627265774e-08
y,5.736782902134298,3.8710069760529925e-08
y,5.743032120981939,5.202804001193287e-11
y,5.7492813398295795,6.535945476076149e-08
y,5.75553055867722,6.042160057707485e-08
y,5.761779777524861,3.251370390301983e-08
y,5.768028996372502,1.0892845438208936e-07
y,5.774278215220143,6.122948831722348e-08
y,5.780527434067784,8.07739254092428e-09
y,5.7867766529154245,2.1533497180930203e-08
y,5.793025871763065,1.0232663646805249e-07
y,5.799275090610706,2.917711464635198e-07
y,5.805524309458347,2.926490622519183e-07
y,5.811773528305988,1.3232739851996778e-08
y,5.818022747153629,6.544501568839842e-08
y,5.82427196600127,8.002318187326443e-08
y,5.8305211848489105,1.7536203161350675e-08
y,5.836770403696551,1.644575632047513e-07
y,5.843019622544192,4.1889799221028566e-07
y,5.849268841391833,3.6657521215323936e-07
y,5.855518060239474,9.485892104178158e-07
y,5.861767279087115,4.331311557223347e-06
y,5.8680164979347555,6.0092493694130654e-05
y,5.874265716782396,4.390960109520527e-05
y,5.880514935630037,1.3740128125112348e-06
y,5.886764154477678,5.09423128880356e-07
y,5.893013373325319,2.5800447417218447e-07
y,5.89926259217296,1.1211486315303985e-07
y,5.905511811020601,1.209890941645434e-07
y,5.9117610298682415,8.285018731960196e-09
y,5.918010248715882,2.677003841054135e-08
y,5.924259467563523,8.380731234542948e-09
y,5.930508686411164,2.476111031677781e-08
y,5.936757905258805,8.582080401062174e-08
y,5.943007124106446,4.1361418231925585e-08
y,5.949256342954087,7.17056483944258e-09
y,5.955505561801727,1.867866481106199e-09
y,5.961754780649368,1.936070052441416e-09
y,5.968003999497009,5.05731315803724e-09
y,5.97425321834465,7.971873760500263e-09
y,5.980502437192291,7.708996865842431e-10
y,5.986751656039932,2.663949027788283e-09
y,5.9930008748875725,1.3093523923725655e-09
y,5.999250093735213,8.107367160537623e-10
y,6.005499312582854,1.8607685442209634e-09
y,6.011748531430495,6.561226913138316e-10
y,6.017997750278136,9.100511085754348e-10
y,6.024246969125777,1.4115516980973058e-09
y,6.030496187973418,1.1171171383440661e-09
y,6.036745406821058,3.5632446242478415e-10
y,6.042994625668699,2.011849790163376e-09
y,6.04924384451634,1.2305862278281037e-09
y,6.055493063363981,2.3777967965984683e-09
y,6.061742282211622,1.8471861409028793e-09
y,6.067991501059263,4.2527501234146025e-10
y,6.0742407199069035,1.3701172572439834e-10
y,6.080489938754544,3.4034438794880354e-11
y,6.086739157602185,2.742077645754519e-10
y,6.092988376449826,1.6616531961250305e-10
y,6.099237595297467,1.4058663982235702e-10
y,6.105486814145108,2.597820222088528e-10
y,6.111736032992749,5.565897943825693e-12
y,6.117985251840389,2.7748962170577686e-10
y,6.12423447068803,8.234412289507411e-10
y,6.130483689535671,8.296216835325376e-10
y,6.136732908383312,1.3779341749267768e-09
y,6.142982127230953,2.1567867804168884e-09
y,6.149231346078594,2.165744764576475e-09
y,6.1554805649262345,4.2387708154661713e-10
y,6.161729783773875,1.1109589520427502e-09
y,6.167979002621516,1.2129767796362064e-09
y,6.174228221469157,2.9816546232233647e-09
y,6.180477440316798,1.7098507107287092e-09
y,6.186726659164439,1.3478865027648139e-09
y,6.19297587801208,2.3030087578074934e-09
y,6.1992250968597205,8.618050473122845e-11
y,6.205474315707361,3.47989633913776e-10
y,6.211723534555002,1.0092195632177746e-09
y,6.217972753402643,1.0074401189175648e-09
y,6.224221972250284,1.5299616559695657e-09
y,6.230471191097925,1.906044109677083e-09
y,6.2367204099455655,7.992793751072217e-10
y,6.242969628793206,2.562611970232385e-10
y,6.249218847640847,8.368484603974581e-10
y,6.255468066488488,1.0070072894304468e-09
y,6.261717285336129,1.2761260169686747e-09
y,6.26796650418377,4.5916421777391483e-10
y,6.274215723031411,3.174089249212864e-10
y,6.2804649418790515,1.3677334816613922e-09
y,6.286714160726692,5.775509516383968e-10
y,6.292963379574333,1.5786854484464095e-09
y,6.299212598421974,1.312814520508512e-09
y,6.305461817269615,1.0482742587122764e-10
y,6.311711036117256,3.549997336732545e-10
y,6.3179602549648965,3.7977654748739065e-10
y,6.324209473812537,3.180898378151128e-10
y,6.330458692660178,1.41463681808184e-09
y,6.336707911507819,1.912084005264885e-09
y,6.34295713035546,1.6412584496532164e-09
y,6.349206349203101,3.691484328092499e-10
y,6.355455568050742,2.7156535063061927e-09
y,6.3617047868983825,1.0135667964524203e-09
y,6.367954005746023,3.5311821749319105e-10
y,6.374203224593664,8.070951172752096e-10
y,6.380452443441305,8.621500525421008e-11
y,6.386701662288946,4.820597972667208e-10
y,6.392950881136587,1.4456068433270562e-09
y,6.399200099984228,2.2132017991938504e-09
y,6.405449318831868,2.3162222440286253e-09
y,6.411698537679509,8.378098474671689e-10
y,6.41794775652715,2.6067281044372573e-09
y,6.424196975374791,5.126591815555839e-09
y,6.430446194222432,3.0071987494821036e-10
y,6.436695413070073,2.8410635821689965e-08
y,6.4429446319177135,3.0419859265671065e-08
y,6.449193850765354,7.670306122408055e-09
y,6.455443069612995,2.26321309612338e-09
y,6.461692288460636,1.2209371603197155e-10
y,6.467941507308277,1.9772730285975014e-09
y,6.474190726155918,9.399981677088286e-10
y,6.480439945003559,6.073952202261912e-09
y,6.486689163851199,1.2268324283300785e-09
y,6.49293838269884,1.8778378675620228e-10
y,6.499187601546481,4.879412788113227e-10
y,6.505436820394122,7.153178367997428e-09
y,6.511686039241763,9.095822042963748e-09
y,6.517935258089404,1.4139016468153072e-09
y,6.5241844769370445,2.609935992505967e-10
y,6.530433695784685,8.389629231108357e-10
y,6.536682914632326,3.853593827662525e-09
y,6.542932133479967,5.100423362420167e-09
y,6.549181352327608,1.7554466455026882e-09
y,6.555430571175249,1.7131845277286642e-08
y,6.56167979002289,2.5818592040876212e-08
y,6.56792900887053,1.6188258194854598e-08
y,6.574178227718171,1.8786529124459157e-08
y,6.580427446565812,1.9172876332415227e-08
y,6.586676665413453,5.191621317006384e-09
y,6.592925884261094,3.3845364542366418e-09
y,6.599175103108735,1.1427265836623247e-09
y,6.6054243219563755,1.5903909423506835e-09
y,6.611673540804016,1.3830065996458268e-09
y,6.617922759651657,1.6889489376486277e-09
y,6.624171978499298,2.4504319901609753e-08
y,6.630421197346939,2.0594638781065297e-08
y,6.63667041619458,8.801809360325378e-09
y,6.642919635042221,9.817931319427594e-09
y,6.6491688538898615,4.624796655547408e-09
y,6.655418072737502,5.195771531363652e-09
y,6.661667291585143,1.9437539719503862e-08
y,6.667916510432784,3.930079714580108e-09
y,6.674165729280425,2.314243890606486e-08
y,6.680414948128066,4.130851731302121e-08
y,6.6866641669757065,2.5569963306693337e-08
y,6.692913385823347,1.939977102534738e-08
y,6.699162604670988,4.232576259181339e-09
y,6.705411823518629,5.781050966761402e-09
y,6.71166104236627,6.197850516208291e-08
y,6.717910261213911,6.340553492306201e-08
y,6.724159480061552,3.937677231970948e-08
y,6.7304086989091925,1.0473527056579088e-07
y,6.736657917756833,3.075307809257788e-08
y,6.742907136604474,5.8410825675541485e-08
y,6.749156355452115,6.434560502923574e-08
y,6.755405574299756,1.1164554892412791e-08
y,6.761654793147397,5.229116550147387e-08
y,6.7679040119950375,8.9603612804736e-08
y,6.774153230842678,1.879053849238207e-08
y,6.780402449690319,1.0631177567635036e-08
y,6.78665166853796,1.9823057568236056e-08
y,6.792900887385601,1.6960142899614833e-07
y,6.799150106233242,2.853511031406221e-07
y,6.805399325080883,1.1456509142702735e-08
y,6.8116485439285235,1.2386434241087898e-07
y,6.817897762776164,1.2770355513922248e-07
y,6.824146981623805,1.2317694318245754e-07
y,6.830396200471446,2.0194561601537432e-07
y,6.836645419319087,2.1671039660835777e-07
y,6.842894638166728,9.606020989801494e-08
y,6.849143857014369,3.2745490749802286e-07
y,6.855393075862009,1.0464313477509313e-07
y,6.86164229470965,4.178199489536594e-07
y,6.867891513557291,2.986062139253839e-07
y,6.874140732404932,4.683730174627639e-08
y,6.880389951252573,2.5621359545009664e-07
y,6.886639170100214,2.805167870533167e-07
y,6.8928883889478545,2.6363337434693103e-09
y,6.899137607795495,1.8046730137342155e-07
y,6.905386826643136,1.2331599333440545e-07
y,6.911636045490777,1.1990755029104195e-07
y,6.917885264338418,4.324044304356879e-08
y,6.924134483186059,3.78598926602827e-08
y,6.9303837020337,5.979487960306963e-08
y,6.93663292088134,5.63739237320849e-10
y,6.942882139728981,4.526102144997659e-08
y,6.949131358576622,1.0901033531635139e-07
y,6.955380577424263,7.941804994070728e-08
y,6.961629796271904,4.1527980089104187e-08
y,6.967879015119545,1.0691988027047159e-07
y,6.9741282339671855,2.0369135824078406e-08
y,6.980377452814826,1.7655085344795504e-08
y,6.986626671662467,4.1925873161760506e-08
y,6.992875890510108,4.296422397988686e-08
y,6.999125109357749,5.5931433390412006e-08
y,7.00537432820539,7.394128395036286e-08
y,7.011623547053031,4.9124158485704165e-08
y,7.017872765900671,2.8136575525145772e-08
y,7.024121984748312,1.4842955663995496e-08
y,7.030371203595953,1.4229533737395215e-09
y,7.036620422443594,1.892286291144877e-08
y,7.042869641291235,6.695125077034687e-09
y,7.049118860138876,1.921323310661693e-08
y,7.0553680789865165,1.4758384197031322e-08
y,7.061617297834157,9.083033538491814e-09
y,7.067866516681798,2.2140953375960796e-08
y,7.074115735529439,1.5785265418407575e-08
y,7.08036495437708,1.2646243477654612e-08
y,7.086614173224721,9.231382855815788e-09
y,7.092863392072362,3.7240549359180807e-09
y,7.0991126109200025,1.7198988149759539e-09
y,7.105361829767643,5.924116898874188e-10
y,7.111611048615284,9.84059749114484e-09
y,7.117860267462925,1.9631825087883917e-08
y,7.124109486310566,2.376087767287579e-08
y,7.130358705158207,3.158926936462174e-08
y,7.1366079240058475,5.0198999976137174e-08
y,7.142857142853488,2.7315036015088765e-08
y,7.149106361701129,4.647244583433451e-09
y,7.15535558054877,1.4546433827635478e-08
y,7.161604799396411,1.5920120253891374e-08
y,7.167854018244052,2.456866029627086e-09
y,7.174103237091693,7.985761498933412e-11
y,7.1803524559393335,4.7320616687896695e-11
y,7.186601674786974,5.074306402355767e-09
y,7.192850893634615,4.562911647057129e-09
y,7.199100112482256,1.882339405547919e-09
y,7.205349331329897,9.986928863758496e-10
y,7.211598550177538,1.0107833832059223e-08
y,7.2178477690251786,1.941944620937984e-08
y,7.224096987872819,1.8228394741599025e-09
y,7.23034620672046,1.3982918281161186e-08
y,7.236595425568101,2.3874205941863734e-09
y,7.242844644415742,1.077611259493232e-08
y,7.249093863263383,4.059838542331579e-08
y,7.255343082111024,8.187231231303226e-08
y,7.2615923009586645,6.058498946453069e-08
y,7.267841519806305,8.74022374723391e-09
y,7.274090738653946,8.429674902866191e-09
y,7.280339957501587,6.292942985747524e-09
y,7.286589176349228,3.849385626561145e-09
y,7.292838395196869,3.0249866226147044e-09
y,7.29908761404451,6.3221161960476286e-09
y,7.30533683289215,1.2815177137894055e-08
y,7.311586051739791,2.500189256904473e-09
y,7.317835270587432,2.7157561272371027e-09
y,7.324084489435073,6.32359701370152e-09
y,7.330333708282714,8.86949563888984e-09
y,7.336582927130355,9.79880084277143e-09
y,7.3428321459779955,1.4455091407722876e-08
y,7.349081364825636,2.095951769017639e-09
y,7.355330583673277,3.2582020881670647e-09
y,7.361579802520918,1.377242780349019e-08
y,7.367829021368559,1.3456675377480465e-08
y,7.3740782402162,4.631561702728047e-09
y,7.380327459063841,8.52432270499141e-10
y,7.386576677911481,3.1492824928434053e-10
y,7.392825896759122,1.6555612885599826e-11
y,7.399075115606763,6.784118668757192e-09
y,7.405324334454404,8.440026768257786e-09
y,7.411573553302045,5.447143016646417e-09
y,7.417822772149686,1.6623875872901817e-08
y,7.4240719909973265,2.098430870010876e-09
y,7.430321209844967,1.1087011912960449e-08
y,7.436570428692608,1.7293414756343556e-08
y,7.442819647540249,8.520649057708152e-09
y,7.44906886638789,1.8404936435735646e-08
y,7.455318085235531,8.303780211730616e-09
y,7.461567304083172,2.4941773275605518e-09
y,7.467816522930812,1.4473416083241915e-08
y,7.474065741778453,1.4306704271145123e-08
y,7.480314960626094,1.213765910012975e-08
y,7.486564179473735,1.8765817612984597e-08
y,7.492813398321376,5.582583953513851e-09
y,7.499062617169017,1.1598589555840897e-10
y,7.5053118360166575,1.4031909197539715e-08
y,7.511561054864298,4.3566164379976795e-09
y,7.517810273711939,5.579391629396237e-08
y,7.52405949255958,6.482346821889756e-08
y,7.530308711407221,2.3762721852306762e-08
y,7.536557930254862,2.864391869055584e-08
y,7.542807149102503,4.422005064776552e-09
y,7.5490563679501435,1.53657412556856e-08
y,7.555305586797784,2.1961099487747302e-08
y,7.561554805645425,7.450639988446551e-09
y,7.567804024493066,1.5227841730770427e-08
y,7.574053243340707,3.219337538452591e-08
y,7.580302462188348,1.3961772899053338e-08
y,7.5865516810359885,8.516529262585975e-10
y,7.592800899883629,2.552056477725868e-09
y,7.59905011873127,1.455827307010338e-10
y,7.605299337578911,9.881110019307378e-09
y,7.611548556426552,1.3872606514038112e-08
y,7.617797775274193,3.218489381564177e-09
y,7.624046994121834,4.8492745276328625e-09
y,7.6302962129694745,3.798124227138649e-09
y,7.636545431817115,2.5407205663285173e-08
y,7.642794650664756,3.761103004917898e-08
y,7.649043869512397,1.1045986579930098e-08
y,7.655293088360038,7.183003032888533e-09
y,7.661542307207679,2.786435267764916e-10
y,7.6677915260553196,2.039025946133582e-09
y,7.67404074490296,9.37093702138175e-09
y,7.680289963750601,2.6149041598013675e-09
y,7.686539182598242,5.361007145875929e-09
y,7.692788401445883,6.31695871619549e-09
y,7.699037620293524,1.3621671062514373e-10
y,7.705286839141165,8.207141773395283e-09
y,7.7115360579888055,1.0044504234399435e-08
y,7.717785276836446,3.6179752889679527e-09
y,7.724034495684087,1.3652577309783302e-08
y,7.730283714531728,1.0074991633241482e-08
y,7.736532933379369,1.79345919981779e-09
y,7.74278215222701,2.3765845548645444e-09
y,7.749031371074651,1.2242662211911722e-08
y,7.755280589922291,3.242114454444677e-08
y,7.761529808769932,3.897756414922095e-08
y,7.767779027617573,3.135346410011801e-09
y,7.774028246465214,7.236078368325455e-09
y,7.780277465312855,1.1851318067501608e-08
y,7.786526684160496,8.357974438217787e-10
y,7.7927759030081365,1.5860283862664198e-08
y,7.799025121855777,4.437335642029501e-08
y,7.805274340703418,4.6069033538199687e-08
y,7.811523559551059,9.478466400986104e-08
y,7.8177727783987,1.5163326935098066e-07
y,7.824021997246341,3.0561856998383944e-06
y,7.830271216093982,3.1375125205301276e-06
y,7.836520434941622,1.696294188310598e-07
y,7.842769653789263,5.8293508120790546e-08
y,7.849018872636904,2.5111829047427967e-08
y,7.855268091484545,1.0949508878177789e-08
y,7.861517310332186,1.3428768437019563e-08
y,7.867766529179827,1.5673253213795169e-09
y,7.8740157480274675,2.164511919567532e-09
y,7.880264966875108,1.1661614809383084e-09
y,7.886514185722749,1.4129277552091742e-09
y,7.89276340457039,6.756021562921588e-09
y,7.899012623418031,3.606645230013663e-09
y,7.905261842265672,6.196620272604859e-10
y,7.911511061113313,2.0271570764532362e-10
y,7.917760279960953,2.0831051918310837e-10
y,7.924009498808594,2.2157304921404644e-10
y,7.930258717656235,5.009674022269828e-10
y,7.936507936503876,6.012273450775866e-11
y,7.942757155351517,1.190426774573033e-10
y,7.949006374199158,1.0216469739217857e-10
y,7.9552555930467985,5.122804850673789e-11
y,7.961504811894439,1.1293384189722471e-10
y,7.96775403074208,4.309574426782906e-11
y,7.974003249589721,4.2956071073225685e-11
y,7.980252468437362,1.2103297217796833e-10
y,7.986501687285003,8.739056230982459e-11
y,7.992750906132644,3.5696474093511046e-11
y,7.9990001249802845,1.966355767969248e-10
y,8.005249343827925,1.0355116210092615e-10
y,8.011498562675566,1.8495420627136162e-10
y,8.017747781523207,2.0824076670049466e-10
y,8.023997000370848,7.8896120617062e-11
y,8.030246219218489,2.2472226882261888e-11
y,8.03649543806613,5.681508777056259e-13
y,8.04274465691377,3.033572441699988e-11
y,8.048993875761411,2.916038181839074e-11
y,8.055243094609052,1.8381324932609193e-11
y,8.061492313456693,4.585109753487949e-11
y,8.067741532304334,9.666902385166408e-13
y,8.073990751151975,3.1633278275112495e-11
y,8.080239969999615,1.2341225125654172e-10
y,8.086489188847256,1.6140605063111352e-10
y,8.092738407694897,2.7568415523114707e-10
y,8.098987626542538,4.2601378200460914e-10
y,8.105236845390179,4.855341950122222e-10
y,8.11148606423782,1.1536623403581906e-10
y,8.11773528308546,2.2367093135577673e-10
y,8.123984501933101,2.624070263179817e-10
y,8.130233720780742,5.723676610063174e-10
y,8.136482939628383,4.1120516857161957e-10
y,8.142732158476024,2.5908242987279975e-10
y,8.148981377323665,6.083183331193017e-10
y,8.155230596171306,5.7229779510414195e-11
y,8.161479815018946,5.790550439111743e-11
y,8.167729033866587,1.7458462871993356e-10
y,8.173978252714228,2.097142837909675e-10
y,8.180227471561869,3.197570472617071e-10
y,8.18647669040951,3.8726585454506513e-10
y,8.19272590925715,2.1161867889156586e-10
y,8.198975128104792,4.5967047701166715e-11
y,8.205224346952432,1.297013174072428e-10
y,8.211473565800073,1.499072904920423e-10
y,8.217722784647714,1.9039391905812561e-10
y,8.223972003495355,9.463396830675971e-11
y,8.230221222342996,2.125470166704252e-11
y,8.236470441190637,2.087191427461084e-10
y,8.242719660038277,9.902195263226205e-11
y,8.248968878885918,2.2680001950234557e-10
y,8.25521809773356,2.4980975477472923e-10
y,8.2614673165812,1.6721782568727503e-11
y,8.26771653542884,5.661801613067012e-11
y,8.273965754276482,6.642571900726163e-11
y,8.280214973124123,1.9571706772785725e-11
y,8.286464191971763,1.679508187086927e-10
y,8.292713410819404,2.1342484000992415e-10
y,8.298962629667045,2.4581045731299517e-10
y,8.305211848514686,3.565195534873674e-11
y,8.311461067362327,2.791070437550361e-10
y,8.317710286209968,1.3451039371620497e-10
y,8.323959505057609,3.2537527512119704e-11
y,8.33020872390525,1.0947494340977207e-10
y,8.33645794275289,1.8570809606578314e-11
y,8.342707161600531,2.7732379191999623e-11
y,8.348956380448172,1.264899895209427e-10
y,8.355205599295813,2.3864095674758e-10
y,8.361454818143454,3.070555795447981e-10
y,8.367704036991094,8.784059327664722e-11
y,8.373953255838735,3.243919646838652e-10
y,8.380202474686376,6.779411182124281e-10
y,8.386451693534017,1.4585581886546144e-11
y,8.392700912381658,2.645544562720176e-09
y,8.398950131229299,3.6773489111817837e-09
y,8.40519935007694,9.576630368178582e-10
y,8.41144856892458,2.6082436257885547e-10
y,8.417697787772221,7.014561320960031e-11
y,8.423947006619862,1.8243164445450282e-10
y,8.430196225467503,1.2196355410796895e-10
y,8.436445444315144,6.15237015848039e-10
y,8.442694663162785,1.4997126162708758e-10
y,8.448943882010425,8.715642690817093e-12
y,8.455193100858066,3.820847632806199e-11
y,8.461442319705707,7.254293303232992e-10
y,8.467691538553348,1.319844882992042e-09
y,8.473940757400989,2.596091242414986e-10
y,8.48018997624863,8.525765452779266e-11
y,8.48643919509627,6.8893773468124e-11
y,8.492688413943911,3.6275113104281526e-10
y,8.498937632791552,6.394589012008113e-10
y,8.505186851639193,2.0677994780506675e-10
y,8.511436070486834,1.6745692061437664e-09
y,8.517685289334475,3.1325668641102346e-09
y,8.523934508182116,1.915492076512036e-09
y,8.530183727029756,2.3027272062444033e-09
y,8.536432945877397,2.4680229838744656e-09
y,8.542682164725038,9.47854345762698e-10
y,8.548931383572679,3.9221609662959755e-10
y,8.55518060242032,2.42273744072157e-10
y,8.56142982126796,1.1956899730524964e-10
y,8.567679040115602,1.3658347956979688e-10
y,8.573928258963242,1.3848781401574173e-10
y,8.580177477810883,2.794625748030159e-09
y,8.586426696658524,2.9011736388844406e-09
y,8.592675915506165,1.0653270767511366e-09
y,8.598925134353806,1.1122276481521917e-09
y,8.605174353201447,6.08603815021979e-10
y,8.611423572049087,4.921003114830146e-10
y,8.617672790896728,2.6901017655626672e-09
y,8.62392200974437,7.428388051428177e-10
y,8.63017122859201,2.470688761000085e-09
y,8.63642044743965,5.286330505920678e-09
y,8.642669666287292,3.117654012176138e-09
y,8.648918885134933,1.847219834304319e-09
y,8.655168103982573,5.97504332080587e-10
y,8.661417322830214,7.328849300482556e-10
y,8.667666541677855,7.207460407398366e-09
y,8.673915760525496,9.973259542483958e-09
y,8.680164979373137,4.872869954827642e-09
y,8.686414198220778,1.2808366115982513e-08
y,8.692663417068418,5.294274665355539e-09
y,8.69891263591606,6.035387488860914e-09
y,8.7051618547637,8.862643564816834e-09
y,8.711411073611341,1.927295819442871e-09
y,8.717660292458982,6.524066271665664e-09
y,8.723909511306623,1.3060153191714314e-08
y,8.730158730154264,2.52078232767612e-09
y,8.736407949001904,9.291256571136076e-10
y,8.742657167849545,1.2036826383338592e-09
y,8.748906386697186,1.8365402968332272e-08
y,8.755155605544827,4.155227304762959e-08
y,8.761404824392468,4.9849523686257675e-09
y,8.767654043240109,1.125430396497709e-08
y,8.77390326208775,1.68380050183748e-08
y,8.78015248093539,1.6856663475300698e-08
y,8.786401699783031,2.34014680358451e-08
y,8.792650918630672,2.8795695550261134e-08
y,8.798900137478313,1.0473473187414059e-08
y,8.805149356325954,4.2450108355229783e-08
y,8.811398575173595,1.730353479772356e-08
y,8.817647794021235,5.288343933267312e-08
y,8.823897012868876,4.926535165739748e-08
y,8.830146231716517,6.576666478724161e-09
y,8.836395450564158,3.131241409085059e-08
y,8.842644669411799,4.669528658707234e-08
y,8.84889388825944,1.2285664296254667e-09
y,8.85514310710708,1.962460969067513e-08
y,8.861392325954721,1.6076385852175193e-08
y,8.867641544802362,1.927822399133399e-08
y,8.873890763650003,7.663916775439383e-09
y,8.880139982497644,4.042667836861757e-09
y,8.886389201345285,8.190031327178345e-09
y,8.892638420192926,1.0299777424634062e-11
y,8.898887639040566,6.225787894701066e-09
y,8.905136857888207,1.4355393864085398e-08
y,8.911386076735848,1.3567555960313152e-08
y,8.917635295583489,3.966905742047005e-09
y,8.92388451443113,1.4374702461343439e-08
y,8.93013373327877,3.5354973179674134e-09
y,8.936382952126412,1.1497278097347038e-09
y,8.942632170974052,5.390693374735425e-09
y,8.948881389821693,7.322879240090439e-09
y,8.955130608669334,8.87264840770618e-09
y,8.961379827516975,1.0770100556799418e-08
y,8.967629046364616,7.227997898004425e-09
y,8.973878265212257,3.432984658865266e-09
y,8.980127484059897,2.0168591903978527e-09
y,8.986376702907538,6.028718613917624e-11
y,8.99262592175518,2.5644434228645432e-09
y,8.99887514060282,1.1799367195245898e-09
y,9.00512435945046,2.7108815316179864e-09
y,9.011373578298102,2.0255981388950593e-09
y,9.017622797145743,1.0828010667570504e-09
y,9.023872015993383,2.445496663881298e-09
y,9.030121234841024,2.2358168068736455e-09
y,9.036370453688665,1.898992327475287e-09
y,9.042619672536306,1.70895616544524e-09
y,9.048868891383947,5.968924963173348e-10
y,9.055118110231588,1.8454969008194694e-10
y,9.061367329079228,1.0676023503989934e-10
y,9.06761654792687,9.766393048575832e-10
y,9.07386576677451,2.5957633186501803e-09
y,9.080114985622151,2.9241764761653542e-09
y,9.086364204469792,4.243465441845329e-09
y,9.092613423317433,6.693776739707362e-09
y,9.098862642165074,4.715679080607374e-09
y,9.105111861012714,6.923329000793223e-10
y,9.111361079860355,1.9611519723597687e-09
y,9.117610298707996,2.8489710154976013e-09
y,9.123859517555637,6.087665495678531e-10
y,9.130108736403278,2.6734625981427287e-13
y,9.136357955250919,3.528802444847928e-11
y,9.14260717409856,4.157626699534382e-10
y,9.1488563929462,6.356675168062073e-10
y,9.155105611793841,1.9105638299778336e-10
y,9.161354830641482,1.4818324835357082e-10
y,9.167604049489123,1.2478422650007767e-09
y,9.173853268336764,2.790511467936014e-09
y,9.180102487184405,6.271325086097967e-10
y,9.186351706032045,2.0094122102120938e-09
y,9.192600924879686,7.841600846629223e-10
y,9.198850143727327,1.1782276194519322e-09
y,9.205099362574968,5.259259188641834e-09
y,9.211348581422609,1.0358630783359968e-08
y,9.21759780027025,9.1286480334926e-09
y,9.22384701911789,1.6186373161217157e-09
y,9.230096237965531,1.935771150248865e-09
y,9.236345456813172,6.280129205796853e-10
y,9.242594675660813,7.974368326778998e-10
y,9.248843894508454,2.8880516622279476e-10
y,9.255093113356095,7.351385062858926e-10
y,9.261342332203736,1.966200291948504e-09
y,9.267591551051376,5.950173622964243e-10
y,9.273840769899017,3.6325868577399634e-10
y,9.280089988746658,1.0506674252801455e-09
y,9.286339207594299,1.5553282363595587e-09
y,9.29258842644194,1.3164221940429395e-09
y,9.29883764528958,2.1397611544439675e-09
y,9.305086864137222,5.733470187799625e-10
y,9.311336082984862,2.0835651041140426e-10
y,9.317585301832503,1.8582902296832405e-09
y,9.323834520680144,2.21174832623164e-09
y,9.330083739527785,1.0637912596013917e-09
y,9.336332958375426,6.25219879544505e-11
y,9.342582177223067,1.065886515586443e-10
y,9.348831396070707,2.183531025154034e-11
y,9.355080614918348,7.212437326762367e-10
y,9.36132983376599,1.4384367854296305e-09
y,9.36757905261363,7.493439604995948e-10
y,9.37382827146127,2.6533772655267717e-09
y,9.380077490308912,6.757739949867063e-10
y,9.386326709156553,1.3713612292390313e-09
y,9.392575928004193,2.9342317713396235e-09
y,9.398825146851834,1.374407359234385e-09
y,9.405074365699475,2.7661618086069243e-09
y,9.411323584547116,2.256681822206456e-09
y,9.417572803394757,1.281728492999914e-10
y,9.423822022242398,1.8509162960602871e-09
y,9.430071241090038,2.3776684688302687e-09
y,9.43632045993768,1.918451609198987e-09
y,9.44256967878532,3.1357932576832743e-09
y,9.448818897632961,1.2461411413459342e-09
y,9.455068116480602,1.0121526813400727e-11
y,9.461317335328243,1.6295713552219271e-09
y,9.467566554175884,6.228263424658434e-10
y,9.473815773023524,8.111483831346161e-09
y,9.480064991871165,1.2368160891134497e-08
y,9.486314210718806,4.273041289842593e-09
y,9.492563429566447,4.873719104165901e-09
y,9.498812648414088,1.1833913994185518e-09
y,9.505061867261729,1.7833269243918497e-09
y,9.51131108610937,3.988423812030544e-09
y,9.51756030495701,1.0869912207815455e-09
y,9.523809523804651,2.4067234265961935e-09
y,9.530058742652292,5.839784255567073e-09
y,9.536307961499933,3.256500909210466e-09
y,9.542557180347574,1.7101545764384299e-10
y,9.548806399195215,3.632630305053772e-10
y,9.555055618042855,4.385107688917923e-11
y,9.561304836890496,1.4957866271069552e-09
y,9.567554055738137,2.9980723176352207e-09
y,9.573803274585778,7.820402590439303e-10
y,9.580052493433419,9.123789052694745e-10
y,9.58630171228106,8.128324399945033e-10
y,9.5925509311287,3.6294533118502733e-09
y,9.598800149976341,7.128370595317203e-09
y,9.605049368823982,2.1233407039558337e-09
y,9.611298587671623,1.2191851602236787e-09
y,9.617547806519264,2.76961242852339e-11
y,9.623797025366905,2.573160941760877e-10
y,9.630046244214546,1.4024235818968408e-09
y,9.636295463062186,7.353543726187701e-10
y,9.642544681909827,7.009624351950297e-10
y,9.648793900757468,1.236909881690475e-09
y,9.655043119605109,7.491539811433918e-11
y,9.66129233845275,1.2045759921383489e-09
y,9.66754155730039,1.9192088832098454e-09
y,9.673790776148032,5.48631570916136e-10
y,9.680039994995672,1.9795030697686387e-09
y,9.686289213843313,1.904208163262273e-09
y,9.692538432690954,4.626991936438076e-10
y,9.698787651538595,3.1911786858983294e-10
y,9.705036870386236,1.8047440995260625e-09
y,9.711286089233877,4.322020918033712e-09
y,9.717535308081517,6.14887758848987e-09
y,9.723784526929158,7.632438285062348e-10
y,9.7300337457768,9.792013737115058e-10
y,9.73628296462444,2.0170600766775166e-09
y,9.74253218347208,1.3234154508793603e-10
y,9.748781402319722,1.7538819858113337e-09
y,9.755030621167363,5.565306597277947e-09
y,9.761279840015003,7.270640155050555e-09
y,9.767529058862644,1.1314997299296008e-08
y,9.773778277710285,9.514381271894728e-09
y,9.780027496557926,2.0423160494616798e-07
y,9.786276715405567,2.941828642986408e-07
y,9.792525934253208,2.5566630953921565e-08
y,9.798775153100848,7.721891813845294e-09
y,9.80502437194849,3.059182911670667e-09
y,9.81127359079613,1.3154041956900134e-09
y,9.817522809643771,1.7161852879543283e-09
y,9.823772028491412,3.3339716464483485e-10
y,9.830021247339053,2.0229754981268367e-10
y,9.836270466186694,1.7422851609000286e-10
y,9.842519685034334,8.61501059382101e-11
y,9.848768903881975,6.402755014664763e-10
y,9.855018122729616,3.76409819092466e-10
y,9.861267341577257,6.580015691755057e-11
y,9.867516560424898,2.7751147861038647e-11
y,9.873765779272539,3.1780710971554095e-11
y,9.88001499812018,1.136844920795633e-11
y,9.88626421696782,4.737616579826008e-11
y,9.892513435815461,7.641968944226576e-12
y,9.898762654663102,1.1461705847960377e-11
y,9.905011873510743,1.5290278345198676e-11
y,9.911261092358384,9.25164349930775e-12
y,9.917510311206025,1.7919411909773896e-11
y,9.923759530053665,7.925608181956735e-12
y,9.930008748901306,4.7426102594176555e-12
y,9.936257967748947,2.931462188461776e-11
y,9.942507186596588,2.5368999305010255e-11
y,9.948756405444229,1.840464818054209e-11
y,9.95500562429187,6.124992836255473e-11
y,9.96125484313951,3.748263565652062e-11
y,9.967504061987151,5.4274882656999366e-11
y,9.973753280834792,7.706635529330084e-11
y,9.980002499682433,3.623909409953806e-11
y,9.986251718530074,1.066151863025362e-11
y,9.992500937377715,3.629545579053425e-14
y,9.998750156225356,7.01871464326656e-12
y,10.004999375072996,1.0694770000437535e-11
y,10.011248593920637,6.344613784299338e-12
y,10.017497812768278,1.8700775415505274e-11
y,10.023747031615919,5.039129557489246e-13
y,10.02999625046356,8.450367982626053e-12
y,10.0362454693112,3.6106633250629166e-11
y,10.042494688158841,6.349349926351444e-11
y,10.048743907006482,1.1176723138752998e-10
y,10.054993125854123,1.6567938587149836e-10
y,10.061242344701764,2.0200709769955802e-10
y,10.067491563549405,7.083633873151245e-11
y,10.073740782397046,7.043873270709625e-11
y,10.079990001244687,9.843758890052442e-11
y,10.086239220092327,1.9136623306146538e-10
y,10.092488438939968,1.689994043923524e-10
y,10.09873765778761,8.743872621426109e-11
y,10.10498687663525,2.6117404674524233e-10
y,10.11123609548289,4.73966697459758e-11
y,10.117485314330532,1.824408849687454e-11
y,10.123734533178173,4.946371193651286e-11
y,10.129983752025813,7.803342792336792e-11
y,10.136232970873454,1.2440241928501298e-10
y,10.142482189721095,1.4000777860453007e-10
y,10.148731408568736,9.648626788184477e-11
y,10.154980627416377,2.324104730341016e-11
y,10.161229846264018,3.959571883679686e-11
y,10.167479065111658,4.67010672551482e-11
y,10.1737282839593,5.7387630120517485e-11
y,10.17997750280694,3.534478108920961e-11
y,10.186226721654581,1.637647708797967e-12
y,10.192475940502222,6.260487775668734e-11
y,10.198725159349863,3.5853030832355986e-11
y,10.204974378197504,6.290553236047011e-11
y,10.211223597045144,9.109845933485323e-11
y,10.217472815892785,7.371047058375258e-12
y,10.223722034740426,1.846658890104844e-11
y,10.229971253588067,2.280491772523254e-11
y,10.236220472435708,1.3085424464453155e-12
y,10.242469691283349,4.089369049033165e-11
y,10.24871891013099,5.097228509268847e-11
y,10.25496812897863,7.076441337737195e-11
y,10.261217347826271,1.1642581765157085e-11
y,10.267466566673912,5.456300639324368e-11
y,10.273715785521553,3.5808622639172905e-11
y,10.279965004369194,5.2055663526366595e-12
y,10.286214223216835,2.6323759243217894e-11
y,10.292463442064475,5.977950285557227e-12
y,10.298712660912116,2.937165048148084e-12
y,10.304961879759757,1.8270094922218328e-11
y,10.311211098607398,4.221222631550216e-11
y,10.317460317455039,6.463472660237068e-11
y,10.32370953630268,2.2256931957502997e-11
y,10.32995875515032,5.98565432640463e-11
y,10.336207973997961,1.3557366470958332e-10
y,10.342457192845602,2.2502436204061858e-11
y,10.348706411693243,3.5397187784201117e-10
y,10.354955630540884,6.676882178639168e-10
y,10.361204849388525,1.8543435283387346e-10
y,10.367454068236166,4.15055182020267e-11
y,10.373703287083806,2.5295583570345468e-11
y,10.379952505931447,1.9198265956378404e-11
y,10.386201724779088,2.971626784821084e-11
y,10.392450943626729,8.23576652360145e-11
y,10.39870016247437,2.7847781737004282e-11
y,10.40494938132201,4.443978129940688e-13
y,10.411198600169651,3.370973991908705e-12
y,10.417447819017292,8.994299271131827e-11
y,10.423697037864933,2.3021391773173028e-10
y,10.429946256712574,5.896910849495238e-11
y,10.436195475560215,2.6804380897361377e-11
y,10.442444694407856,5.207892104755986e-12
y,10.448693913255497,4.192262538693207e-11
y,10.454943132103137,9.588296787979391e-11
y,10.461192350950778,3.653278345912243e-11
y,10.467441569798419,1.9462481943003703e-10
y,10.47369078864606,4.565102617256205e-10
y,10.4799400074937,2.8215046685212657e-10
y,10.486189226341342,3.2639767830065016e-10
y,10.492438445188982,3.778936310859008e-10
y,10.498687664036623,1.8880080157166044e-10
y,10.504936882884264,5.236031464140179e-11
y,10.511186101731905,5.65262000471291e-11
y,10.517435320579546,7.1620393940412386e-12
y,10.523684539427187,1.6024473832011632e-11
y,10.529933758274828,1.3316012172734128e-11
y,10.536182977122468,3.5462193986026605e-10
y,10.54243219597011,4.5634194199310193e-10
y,10.54868141481775,1.481874296080829e-10
y,10.554930633665391,1.3983344328782884e-10
y,10.561179852513032,8.654623394466432e-11
y,10.567429071360673,5.007342970269533e-11
y,10.573678290208314,4.0274871955708605e-10
y,10.579927509055954,1.6059551421004073e-10
y,10.586176727903595,2.778200068628366e-10
y,10.592425946751236,7.360224991375334e-10
y,10.598675165598877,4.3901256443494084e-10
y,10.604924384446518,1.783646221528066e-10
y,10.611173603294159,9.12048054741411e-11
y,10.6174228221418,1.47047646002913e-10
y,10.62367204098944,8.778818109273759e-10
y,10.629921259837081,1.6213549423633996e-09
y,10.636170478684722,7.266936344633046e-10
y,10.642419697532363,1.6511511247947823e-09
y,10.648668916380004,9.549077955137368e-10
y,10.654918135227645,6.554893218709378e-10
y,10.661167354075285,1.2948195246627735e-09
y,10.667416572922926,3.630138495538912e-10
y,10.673665791770567,8.508481603835973e-10
y,10.679915010618208,2.0422003512744847e-09
y,10.686164229465849,3.959295976736836e-10
y,10.69241344831349,8.570491250492443e-11
y,10.69866266716113,5.360075035999382e-11
y,10.704911886008771,2.0145481820769715e-09
y,10.711161104856412,6.201843831292135e-09
y,10.717410323704053,1.4924509785182378e-09
y,10.723659542551694,9.372120277443797e-10
y,10.729908761399335,2.250295781951465e-09
y,10.736157980246976,2.5276369397035118e-09
y,10.742407199094616,3.032263840827527e-09
y,10.748656417942257,3.873059289551114e-09
y,10.754905636789898,1.4106146995530772e-09
y,10.761154855637539,5.593541223447007e-09
y,10.76740407448518,3.1928178451500422e-09
y,10.77365329333282,6.827171556787779e-09
y,10.779902512180461,8.560800729421009e-09
y,10.786151731028102,1.1455152603834156e-09
y,10.792400949875743,3.8984061599361795e-09
y,10.798650168723384,7.89661249265799e-09
y,10.804899387571025,6.70063668170835e-10
y,10.811148606418666,2.0934684060520758e-09
y,10.817397825266307,2.1221011982248893e-09
y,10.823647044113947,3.1308578260871794e-09
y,10.829896262961588,1.4579374021503212e-09
y,10.836145481809229,4.393943520980358e-10
y,10.84239470065687,1.1756054983479088e-09
y,10.84864391950451,3.2510484283718514e-12
y,10.854893138352152,9.221398949569659e-10
y,10.861142357199792,2.0144164755636027e-09
y,10.867391576047433,2.3470947027635354e-09
y,10.873640794895074,4.4454618790602456e-10
y,10.879890013742715,1.9442348352173592e-09
y,10.886139232590356,6.412817992376351e-10
y,10.892388451437997,7.189945974162737e-11
y,10.898637670285638,6.668505031449128e-10
y,10.904886889133278,1.2524216663234162e-09
y,10.91113610798092,1.5197999418063896e-09
y,10.91738532682856,1.6260211676551224e-09
y,10.923634545676201,1.1350977287112453e-09
y,10.929883764523842,4.414806582074969e-10
y,10.936132983371483,2.658433361617099e-10
y,10.942382202219123,8.171453464421572e-12
y,10.948631421066764,3.459963370545619e-10
y,10.954880639914405,2.1854690578402159e-10
y,10.961129858762046,4.0426688255982135e-10
y,10.967379077609687,2.930714643665756e-10
y,10.973628296457328,1.3498090556691928e-10
y,10.979877515304969,2.747143565599897e-10
y,10.98612673415261,3.088264541218857e-10
y,10.99237595300025,2.8624909752612105e-10
y,10.998625171847891,3.2437666661312953e-10
y,11.004874390695532,9.808970705148514e-11
y,11.011123609543173,2.1147229034350005e-11
y,11.017372828390814,1.7058008335208317e-11
y,11.023622047238455,9.742320332420007e-11
y,11.029871266086095,3.5299068505071986e-10
y,11.036120484933736,3.7070596537498436e-10
y,11.042369703781377,5.921498753183285e-10
y,11.048618922629018,9.107949764494214e-10
y,11.054868141476659,8.159519908461707e-10
y,11.0611173603243,1.2171281713176295e-10
y,11.06736657917194,2.715795023940688e-10
y,11.073615798019581,5.010330019053109e-10
y,11.079865016867222,1.5211381445579551e-10
y,11.086114235714863,3.812967947910813e-12
y,11.092363454562504,9.049133123066021e-12
y,11.098612673410145,3.2185158911397936e-11
y,11.104861892257786,8.430812430101386e-11
y,11.111111111105426,1.6964993914834537e-11
y,11.117360329953067,2.4023649041440564e-11
y,11.123609548800708,1.5447011480676656e-10
y,11.129858767648349,4.009393825292546e-10
y,11.13610798649599,1.6628952280556188e-10
y,11.14235720534363,2.679266479383898e-10
y,11.148606424191271,2.1275988244802355e-10
y,11.154855643038912,1.1923804542533921e-10
y,11.161104861886553,6.9811825101948e-10
y,11.167354080734194,1.3440859722579976e-09
y,11.173603299581835,1.3429601598654909e-09
y,11.179852518429476,3.0000405811867617e-10
y,11.186101737277117,4.055458382319672e-10
y,11.192350956124757,6.77534188191068e-11
y,11.198600174972398,1.5279135199595762e-10
y,11.204849393820039,2.528428725733263e-11
y,11.21109861266768,8.234117093483858e-11
y,11.21734783151532,2.963819267793581e-10
y,11.223597050362962,1.3466456809981827e-10
y,11.229846269210602,4.5889017749816327e-11
y,11.236095488058243,1.7918399508474321e-10
y,11.242344706905884,2.73930709634614e-10
y,11.248593925753525,1.9362685360015846e-10
y,11.254843144601166,3.0736204140295095e-10
y,11.261092363448807,1.3374573559053528e-10
y,11.267341582296448,6.720055439715374e-12
y,11.273590801144088,2.395634343666244e-10
y,11.27984001999173,3.6320878407141164e-10
y,11.28608923883937,2.2697574634735282e-10
y,11.292338457687011,9.283608417873571e-12
y,11.298587676534652,2.659686729265039e-11
y,11.304836895382293,8.789944453459907e-12
y,11.311086114229933,6.874719323075051e-11
y,11.317335333077574,2.4135437576723695e-10
y,11.323584551925215,1.1696331054189984e-10
y,11.329833770772856,4.217058717297041e-10
y,11.336082989620497,1.8201604023423268e-10
y,11.342332208468138,1.572704227678593e-10
y,11.348581427315779,5.102572192497132e-10
y,11.35483064616342,2.352958546935997e-10
y,11.36107986501106,3.9903213134821035e-10
y,11.367329083858701,5.522051114295306e-10
y,11.373578302706342,2.1234836552811e-12
y,11.379827521553983,2.231476123707998e-10
y,11.386076740401624,3.998571228277527e-10
y,11.392325959249264,3.253608664405836e-10
y,11.398575178096905,5.219988808763869e-10
y,11.404824396944546,2.741434351139724e-10
y,11.411073615792187,1.4542107298860416e-11
y,11.417322834639828,1.7320809799745165e-10
y,11.423572053487469,1.0761794996596842e-10
y,11.42982127233511,1.1576874137383075e-09
y,11.43607049118275,2.3804113238319317e-09
y,11.442319710030391,8.429449896397397e-10
y,11.448568928878032,8.183380369247206e-10
y,11.454818147725673,3.1751072008302347e-10
y,11.461067366573314,1.8892014293111182e-10
y,11.467316585420955,7.592060668820439e-10
y,11.473565804268596,1.7354960685294693e-10
y,11.479815023116236,3.8700537529126106e-10
y,11.486064241963877,1.072732517455642e-09
y,11.492313460811518,7.521756321824251e-10
y,11.498562679659159,4.5899275228876235e-11
y,11.5048118985068,5.1664748488602896e-11
y,11.51106111735444,1.6235975719925537e-11
y,11.517310336202081,2.186624079151189e-10
y,11.523559555049722,6.462164083070778e-10
y,11.529808773897363,1.9914504148814382e-10
y,11.536057992745004,1.6957701253645046e-10
y,11.542307211592645,1.980885475557585e-10
y,11.548556430440286,5.220640414096054e-10
y,11.554805649287927,1.3585883568569563e-09
y,11.561054868135567,4.5364208638524383e-10
y,11.567304086983208,2.0688680231824776e-10
y,11.573553305830849,1.163899885371636e-11
y,11.57980252467849,2.929075662002855e-11
y,11.58605174352613,2.096468886350884e-10
y,11.592300962373772,1.8472164287804308e-10
y,11.598550181221412,8.480854992344947e-11
y,11.604799400069053,2.5112146055056505e-10
y,11.611048618916694,2.6710435904535403e-11
y,11.617297837764335,1.8118271891016078e-10
y,11.623547056611976,3.6955592074526883e-10
y,11.629796275459617,1.0077884134113399e-10
y,11.636045494307258,2.8899708516958575e-10
y,11.642294713154898,3.6053135319638984e-10
y,11.64854393200254,1.1798940957807624e-10
y,11.65479315085018,4.742191197577701e-11
y,11.661042369697821,2.8006391491595274e-10
y,11.667291588545462,6.062337701783073e-10
y,11.673540807393103,9.94605746334417e-10
y,11.679790026240743,1.7671602236618366e-10
y,11.686039245088384,1.4121001910832697e-10
y,11.692288463936025,3.4571484328966425e-10
y,11.698537682783666,4.8262094506555724e-11
y,11.704786901631307,1.8995268705125853e-10
y,11.711036120478948,7.061559827671849e-10
y,11.717285339326589,1.2012573901558973e-09
y,11.72353455817423,1.3981130628011893e-09
y,11.72978377702187,1.0698344661011397e-09
y,11.736032995869511,1.4520557903650879e-08
y,11.742282214717152,2.9449861357117688e-08
y,11.748531433564793,3.939508563874005e-09
y,11.754780652412434,1.0042095537731875e-09
y,11.761029871260074,4.0021017277382884e-10
y,11.767279090107715,1.620351358810889e-10
y,11.773528308955356,2.1271404704752786e-10
y,11.779777527802997,6.637859087532397e-11
y,11.786026746650638,1.8387586659416852e-11
y,11.792275965498279,2.427910744521944e-11
y,11.79852518434592,4.483489526384291e-12
y,11.80477440319356,6.476981905706292e-11
y,11.811023622041201,4.219470671229302e-11
y,11.817272840888842,7.675808509398914e-12
y,11.823522059736483,4.284117449362539e-12
y,11.829771278584124,5.889832440472881e-12
y,11.836020497431765,8.524208969611603e-13
y,11.842269716279406,8.716480829664665e-12
y,11.848518935127046,2.264900270143745e-12
y,11.854768153974687,2.398181220614868e-12
y,11.861017372822328,3.712112116033461e-12
y,11.867266591669969,3.084134010000993e-12
y,11.87351581051761,5.040968341664162e-12
y,11.87976502936525,2.7054373392146617e-12
y,11.886014248212891,4.849743092354232e-13
y,11.892263467060532,8.668129792421346e-12
y,11.898512685908173,7.69450707432571e-12
y,11.904761904755814,8.722802151017113e-12
y,11.911011123603455,1.8180614594702824e-11
y,11.917260342451096,1.3813900754985125e-11
y,11.923509561298737,1.3054052646890948e-11
y,11.929758780146377,2.422276948030695e-11
y,11.936007998994018,1.4651109076666666e-11
y,11.942257217841659,5.1438905612715125e-12
y,11.9485064366893,2.419135157844702e-13
y,11.95475565553694,1.182032533549693e-12
y,11.961004874384582,2.7424044078947513e-12
y,11.967254093232222,1.847522953141144e-12
y,11.973503312079863,5.452442721485296e-12
y,11.979752530927504,3.4701975928604666e-13
y,11.986001749775145,2.2818725422156405e-12
y,11.992250968622786,7.326739363870677e-12
y,11.998500187470427,1.9191148072213624e-11
y,12.004749406318068,3.548950795857179e-11
y,12.010998625165708,5.194206878565785e-11
y,12.01724784401335,6.423356450860835e-11
y,12.02349706286099,3.234536739203517e-11
y,12.029746281708631,1.5206831441402275e-11
y,12.035995500556272,3.0141613584289475e-11
y,12.042244719403913,5.167433486970811e-11
y,12.048493938251553,5.3654225905042555e-11
y,12.054743157099194,2.4176327881660227e-11
y,12.060992375946835,8.616349911570957e-11
y,12.067241594794476,2.5953464737984626e-11
y,12.073490813642117,4.7168045588261816e-12
y,12.079740032489758,1.1438859616632115e-11
y,12.085989251337399,2.344872731537085e-11
y,12.09223847018504,4.1139055289725364e-11
y,12.09848768903268,4.260815496417866e-11
y,12.104736907880321,3.580561326318711e-11
y,12.110986126727962,1.1165875902054244e-11
y,12.117235345575603,1.0583133419370924e-11
y,12.123484564423244,1.3281023940705205e-11
y,12.129733783270884,1.578554737057667e-11
y,12.135983002118525,1.1034220793328423e-11
y,12.142232220966166,1.3407744128276054e-14
y,12.148481439813807,1.673611714782649e-11
y,12.154730658661448,1.267990041803157e-11
y,12.160979877509089,1.705111769644552e-11
y,12.16722909635673,3.128590138840857e-11
y,12.17347831520437,4.0009234418102744e-12
y,12.179727534052011,6.371824001063211e-12
y,12.185976752899652,7.77094621494682e-12
y,12.192225971747293,5.561502824503502e-14
y,12.198475190594934,1.0579671485763918e-11
y,12.204724409442575,1.33237236712735e-11
y,12.210973628290215,2.2054233815465934e-11
y,12.217222847137856,5.581366390441811e-12
y,12.223472065985497,1.2045881409014301e-11
y,12.229721284833138,1.1350200832288442e-11
y,12.235970503680779,8.292489431982604e-13
y,12.24221972252842,7.553399291913196e-12
y,12.24846894137606,2.273410971024303e-12
y,12.254718160223701,4.667367241718176e-13
y,12.260967379071342,3.1355992227152666e-12
y,12.267216597918983,9.061420786918985e-12
y,12.273465816766624,1.6883700652562805e-11
y,12.279715035614265,8.407009927195675e-12
y,12.285964254461906,1.3444689335708904e-11
y,12.292213473309547,3.509579166637148e-11
y,12.298462692157187,1.3728747503275651e-11
y,12.304711911004828,5.729877888826759e-11
y,12.310961129852469,1.5735272116766762e-10
y,12.31721034870011,4.9478985139095e-11
y,12.32345956754775,8.560831854897662e-12
y,12.329708786395392,8.27338896053738e-12
y,12.335958005243032,2.3596451114655823e-12
y,12.342207224090673,9.004081970316065e-12
y,12.348456442938314,1.3841976188144115e-11
y,12.354705661785955,7.286997093732923e-12
y,12.360954880633596,8.06472447917657e-14
y,12.367204099481237,2.50940890847568e-13
y,12.373453318328878,1.3341042681655847e-11
y,12.379702537176518,4.745535850227898e-11
y,12.38595175602416,1.5997740004509204e-11
y,12.3922009748718,8.31860953402891e-12
y,12.398450193719441,3.710903964146207e-13
y,12.404699412567082,5.6948360967037105e-12
y,12.410948631414723,1.6339068689291728e-11
y,12.417197850262363,8.382292760728188e-12
y,12.423447069110004,2.6596143068582892e-11
y,12.429696287957645,7.847109413926988e-11
y,12.435945506805286,5.1139871392137823e-11
y,12.442194725652927,5.256114941996706e-11
y,12.448443944500568,6.770355887338999e-11
y,12.454693163348209,4.1114611401853667e-11
y,12.46094238219585,8.358356588643289e-12
y,12.46719160104349,1.379520603534114e-11
y,12.473440819891131,1.4742951290568492e-13
y,12.479690038738772,2.006596020196235e-12
y,12.485939257586413,1.4909324027102793e-12
y,12.492188476434054,4.8635905580231057e-11
y,12.498437695281694,7.750173536489207e-11
y,12.504686914129335,2.3019053320597587e-11
y,12.510936132976976,1.868348144646206e-11
y,12.517185351824617,1.2785627214967135e-11
y,12.523434570672258,5.242570003056677e-12
y,12.529683789519899,6.316406154321972e-11
y,12.53593300836754,3.530268955270879e-11
y,12.54218222721518,3.179887989996408e-11
y,12.548431446062821,1.0683496052564954e-10
y,12.554680664910462,6.766597218125192e-11
y,12.560929883758103,1.676036930351555e-11
y,12.567179102605744,1.3458703044058643e-11
y,12.573428321453385,3.4231055816500595e-11
y,12.579677540301025,1.0931785685806005e-10
y,12.585926759148666,2.615369545640835e-10
y,12.592175977996307,1.226659281136172e-10
y,12.598425196843948,2.1657974433236373e-10
y,12.604674415691589,1.7038666181934649e-10
y,12.61092363453923,7.291113137436049e-11
y,12.61717285338687,1.9138337899318727e-10
y,12.623422072234511,7.014290419451151e-11
y,12.629671291082152,1.0991793247651342e-10
y,12.635920509929793,3.2531920388846865e-10
y,12.642169728777434,6.98269512927275e-11
y,12.648418947625075,7.351594964548285e-12
y,12.654668166472716,1.085774854397773e-12
y,12.660917385320356,2.114435107165263e-10
y,12.667166604167997,9.108993695151739e-10
y,12.673415823015638,3.6205871084929837e-10
y,12.679665041863279,5.938498413420017e-11
y,12.68591426071092,2.8972894246318037e-10
y,12.69216347955856,3.8916763445275056e-10
y,12.698412698406202,4.228042993123229e-10
y,12.704661917253842,5.060650953028254e-10
y,12.710911136101483,2.2265231186705697e-10
y,12.717160354949124,7.152613345730858e-10
y,12.723409573796765,5.901229197738013e-10
y,12.729658792644406,8.617601930742568e-10
y,12.735908011492047,1.4799973047357614e-09
y,12.742157230339688,2.2541283618142644e-10
y,12.748406449187328,4.705855544466646e-10
y,12.75465566803497,1.3041318354658567e-09
y,12.76090488688261,2.1879820118406818e-10
y,12.767154105730251,2.0373355412417834e-10
y,12.773403324577892,2.7144697985740695e-10
y,12.779652543425533,4.882783796589069e-10
y,12.785901762273173,2.786457049994989e-10
y,12.792150981120814,4.8019906687521244e-11
y,12.798400199968455,1.6646699423942991e-10
y,12.804649418816096,3.1799266710456646e-12
y,12.810898637663737,1.3881785726837486e-10
y,12.817147856511378,2.9095035159447554e-10
y,12.823397075359019,3.9537064605974976e-10
y,12.82964629420666,6.678757015231081e-11
y,12.8358955130543,2.5146596259956754e-10
y,12.842144731901941,1.1247315112679817e-10
y,12.848393950749582,1.0470841828540857e-11
y,12.854643169597223,7.502018240786361e-11
y,12.860892388444864,2.0585952559066417e-10
y,12.867141607292504,2.647116125968984e-10
y,12.873390826140145,2.459028299884719e-10
y,12.879640044987786,1.7944373275584847e-10
y,12.885889263835427,5.8059819767595675e-11
y,12.892138482683068,3.232537781821286e-11
y,12.898387701530709,3.0470127398286034e-12
y,12.90463692037835,4.4092174925879804e-11
y,12.91088613922599,3.976785931469287e-11
y,12.917135358073631,6.112761736187911e-11
y,12.923384576921272,4.331642081116859e-11
y,12.929633795768913,1.6410435384814583e-11
y,12.935883014616554,3.028924381588636e-11
y,12.942132233464195,3.964217433737134e-11
y,12.948381452311835,4.1448477629885276e-11
y,12.954630671159476,5.889589612840898e-11
y,12.960879890007117,1.633087210723199e-11
y,12.967129108854758,2.456630801598349e-12
y,12.973378327702399,2.4680278556241297e-12
y,12.97962754655004,9.536690549532694e-12
y,12.98587676539768,4.667792441537205e-11
y,12.992125984245321,4.7019024361891184e-11
y,12.998375203092962,8.130532392815364e-11
y,13.004624421940603,1.2168113673386008e-10
y,13.010873640788244,1.3558207645251587e-10
y,13.017122859635885,2.3691022753365632e-11
y,13.023372078483526,3.742206236471331e-11
y,13.029621297331166,8.308152183155166e-11
y,13.035870516178807,3.5955092616690135e-11
y,13.042119735026448,2.3478832480322813e-12
y,13.048368953874089,1.3738622751325069e-12
y,13.05461817272173,2.7714565788725353e-12
y,13.06086739156937,1.0098509128681746e-11
y,13.067116610417012,1.2009346523905224e-12
y,13.073365829264652,3.692459845060479e-12
y,13.079615048112293,1.813061173817128e-11
y,13.085864266959934,5.606094352506214e-11
y,13.092113485807575,3.628003222804137e-11
y,13.098362704655216,3.212104497835863e-11
y,13.104611923502857,4.77462566780279e-11
y,13.110861142350497,1.0421587827193335e-11
y,13.117110361198138,8.981585943319574e-11
y,13.12335958004578,1.7273526521900663e-10
y,13.12960879889342,1.856365266759937e-10
y,13.13585801774106,5.176344175345851e-11
y,13.142107236588702,7.588806347574043e-11
y,13.148356455436343,1.136234273260934e-11
y,13.154605674283983,2.578098138433239e-11
y,13.160854893131624,1.926448762514438e-12
y,13.167104111979265,8.560454230606375e-12
y,13.173353330826906,4.200223364531055e-11
y,13.179602549674547,2.8232342523926174e-11
y,13.185851768522188,4.997423284502171e-12
y,13.192100987369829,3.004943188368018e-11
y,13.19835020621747,4.65491507381683e-11
y,13.20459942506511,3.036176162503718e-11
y,13.210848643912751,4.1173922265213776e-11
y,13.217097862760392,2.701839646948851e-11
y,13.223347081608033,4.202236373298818e-13
y,13.229596300455674,2.7775245814028526e-11
y,13.235845519303314,5.72039761787137e-11
y,13.242094738150955,4.426896011254795e-11
y,13.248343956998596,4.077942899543956e-12
y,13.254593175846237,5.203368142273395e-12
y,13.260842394693878,2.3936790432106112e-12
y,13.267091613541519,5.259338227904508e-12
y,13.27334083238916,3.812626864330048e-11
y,13.2795900512368,2.0319552165343715e-11
y,13.285839270084441,6.456998124538379e-11
y,13.292088488932082,4.288051810795722e-11
y,13.298337707779723,1.5282502331553533e-11
y,13.304586926627364,8.705338916429831e-11
y,13.310836145475005,4.096519091497161e-11
y,13.317085364322645,5.335559975009273e-11
y,13.323334583170286,1.2137151700049293e-10
y,13.329583802017927,2.762901661933225e-12
y,13.335833020865568,2.398646829991828e-11
y,13.342082239713209,6.445702026631863e-11
y,13.34833145856085,5.713208121200133e-11
y,13.35458067740849,8.451239679370828e-11
y,13.360829896256131,5.7253455179063264e-11
y,13.367079115103772,5.754988324432847e-12
y,13.373328333951413,1.5833277395861596e-11
y,13.379577552799054,1.9969761562113452e-11
y,13.385826771646695,1.5519498251442375e-10
y,13.392075990494336,4.4530941363983617e-10
y,13.398325209341976,1.742480919944058e-10
y,13.404574428189617,1.3202100990702446e-10
y,13.410823647037258,7.660291174895382e-11
y,13.417072865884899,1.7526573543708242e-11
y,13.42332208473254,1.4508501656011502e-10
y,13.42957130358018,3.187286670650858e-11
y,13.435820522427822,6.05672058387425e-11
y,13.442069741275462,1.9388424440549443e-10
y,13.448318960123103,1.6714887529111008e-10
y,13.454568178970744,1.3400094572067977e-11
y,13.460817397818385,7.180384028558718e-12
y,13.467066616666026,5.053602456277165e-12
y,13.473315835513667,2.9679289830710345e-11
y,13.479565054361307,1.3413822117976526e-10
y,13.485814273208948,5.044565168863141e-11
y,13.49206349205659,3.0772898390103075e-11
y,13.49831271090423,4.790846314327465e-11
y,13.50456192975187,7.434143901632672e-11
y,13.510811148599512,2.5118433689954395e-10
y,13.517060367447153,1.0100760129269854e-10
y,13.523309586294793,3.4196538458369865e-11
y,13.529558805142434,4.392841226625524e-12
y,13.535808023990075,2.658027743277883e-12
y,13.542057242837716,3.0147536609179127e-11
y,13.548306461685357,4.1858304576357105e-11
y,13.554555680532998,8.672657914963156e-12
y,13.560804899380638,5.0378082610769235e-11
y,13.56705411822828,7.889194680839003e-12
y,13.57330333707592,2.7131747997488375e-11
y,13.579552555923561,6.941455138772329e-11
y,13.585801774771202,2.0661653488395255e-11
y,13.592050993618843,4.088651485235431e-11
y,13.598300212466484,6.592982177928477e-11
y,13.604549431314124,2.8634301048840976e-11
y,13.610798650161765,8.078170134679815e-12
y,13.617047869009406,4.3132893149212817e-11
y,13.623297087857047,8.727237335274194e-11
y,13.629546306704688,1.5812041929842098e-10
y,13.635795525552329,3.8529574611824975e-11
y,13.64204474439997,2.091154806057915e-11
y,13.64829396324761,5.783684062510271e-11
y,13.654543182095251,1.5088175819310955e-11
y,13.660792400942892,1.9286276043003354e-11
y,13.667041619790533,8.573139309887262e-11
y,13.673290838638174,1.945508670359899e-10
y,13.679540057485815,1.742060543447394e-10
y,13.685789276333455,1.5963869920396918e-10
y,13.692038495181096,1.006726364333981e-09
y,13.698287714028737,2.9018125551255526e-09
y,13.704536932876378,5.800428495829571e-10
y,13.710786151724019,1.21126848298417e-10
y,13.71703537057166,5.247115880949694e-11
y,13.7232845894193,1.8815739438652724e-11
y,13.729533808266941,2.39983742367489e-11
y,13.735783027114582,1.1969542252054058e-11
y,13.742032245962223,1.6114082515857098e-12
y,13.748281464809864,3.1135495769543272e-12
y,13.754530683657505,2.0907952085414043e-13
y,13.760779902505146,7.929022762481157e-12
y,13.767029121352786,6.075153831238085e-12
y,13.773278340200427,1.193069992445826e-12
y,13.779527559048068,7.720893498910133e-13
y,13.785776777895709,1.3266136759156076e-12
y,13.79202599674335,1.6980444571714499e-13
y,13.79827521559099,2.28029382403045e-12
y,13.804524434438632,1.042312388925241e-12
y,13.810773653286272,5.23581399228376e-13
y,13.817022872133913,9.69791328765257e-13
y,13.823272090981554,1.0799267341016223e-12
y,13.829521309829195,1.4923117203171576e-12
y,13.835770528676836,8.795153465663781e-13
y,13.842019747524477,4.063226663654033e-14
y,13.848268966372117,2.2297154214517366e-12
y,13.854518185219758,1.992339999725063e-12
y,13.8607674040674,3.256801550117274e-12
y,13.86701662291504,4.527534741253115e-12
y,13.87326584176268,4.406483877662751e-12
y,13.879515060610322,2.455983229679061e-12
y,13.885764279457963,5.998974060146744e-12
y,13.892013498305603,4.8369361174286866e-12
y,13.898262717153244,2.1242423119646057e-12
y,13.904511936000885,2.2832856377172297e-13
y,13.910761154848526,1.5906838639556108e-13
y,13.917010373696167,5.250832418107928e-13
y,13.923259592543808,4.737372925953291e-13
y,13.929508811391448,1.2492069079856957e-12
y,13.93575803023909,1.6842184426843626e-13
y,13.94200724908673,6.771616238642407e-13
y,13.948256467934371,1.0168442292378882e-12
y,13.954505686782012,4.778443998223782e-12
y,13.960754905629653,9.373638996916857e-12
y,13.967004124477294,1.3953997995624635e-11
y,13.973253343324934,1.674330049519882e-11
y,13.979502562172575,1.1485241398339217e-11
y,13.985751781020216,2.367705489643306e-12
y,13.992000999867857,7.976455824658263e-12
y,13.998250218715498,1.2132593002847443e-11
y,14.004499437563139,1.4052520921275949e-11
y,14.01074865641078,5.860641959350978e-12
y,14.01699787525842,2.316060375375283e-11
y,14.023247094106061,1.0638724262009318e-11
y,14.029496312953702,9.798488089161461e-13
y,14.035745531801343,2.420688816616915e-12
y,14.041994750648984,5.759478986436381e-12
y,14.048243969496625,1.1574730725380388e-11
y,14.054493188344265,1.1279235603256507e-11
y,14.060742407191906,1.0899296792602838e-11
y,14.066991626039547,4.3514643722472885e-12
y,14.073240844887188,2.6097098933816953e-12
y,14.079490063734829,3.2757330250911615e-12
y,14.08573928258247,3.746097590234261e-12
y,14.09198850143011,2.8003905068311296e-12
y,14.098237720277751,9.439202313434203e-14
y,14.104486939125392,3.645235769691754e-12
y,14.110736157973033,3.9001187529735784e-12
y,14.116985376820674,4.134105593325631e-12
y,14.123234595668315,9.168229245954603e-12
y,14.129483814515956,1.8723711688346233e-12
y,14.135733033363596,1.9279946762155343e-12
y,14.141982252211237,2.311707684290028e-12
y,14.148231471058878,1.3738940714225575e-13
y,14.154480689906519,2.4227231460448955e-12
y,14.16072990875416,3.1893700745731504e-12
y,14.1669791276018,6.014960491066457e-12
y,14.173228346449442,2.4146034913521367e-12
y,14.179477565297082,2.3234579468199642e-12
y,14.185726784144723,3.3226730465255395e-12
y,14.191976002992364,1.0514132341592257e-13
y,14.198225221840005,2.0901458249414608e-12
y,14.204474440687646,8.309165803088433e-13
y,14.210723659535287,1.0054479500258915e-13
y,14.216972878382927,4.777325986383087e-13
y,14.223222097230568,1.8471775683576533e-12
y,14.22947131607821,4.33709634254875e-12
y,14.23572053492585,3.146282306534183e-12
y,14.24196975377349,2.9858547417088365e-12
y,14.248218972621132,9.562209628733244e-12
y,14.254468191468773,6.099776933156073e-12
y,14.260717410316413,8.797682437715636e-12
y,14.266966629164054,3.8874389009224354e-11
y,14.273215848011695,1.4691629200634835e-11
y,14.279465066859336,2.02879615417408e-12
y,14.285714285706977,2.4431336812641653e-12
y,14.291963504554618,4.835630635140419e-13
y,14.298212723402258,2.7292207097297285e-12
y,14.3044619422499,2.6056045370114924e-12
y,14.31071116109754,2.107904628164755e-12
y,14.316960379945181,4.9022660564010105e-14
y,14.323209598792822,4.7128728847689985e-15
y,14.329458817640463,2.2047197678184403e-12
y,14.335708036488104,1.0711998821432225e-11
y,14.341957255335744,4.864015204974198e-12
y,14.348206474183385,2.4696519041051233e-12
y,14.354455693031026,1.7753157903697387e-13
y,14.360704911878667,8.462714569654053e-13
y,14.366954130726308,2.95573834348137e-12
y,14.373203349573949,2.139929249116969e-12
y,14.37945256842159,4.152022075542678e-12
y,14.38570178726923,1.528609393656018e-11
y,14.391951006116871,1.0923685291223561e-11
y,14.398200224964512,9.4365551954879e-12
y,14.404449443812153,1.3791481089750174e-11
y,14.410698662659794,9.753173140503438e-12
y,14.416947881507435,1.7144918617636147e-12
y,14.423197100355075,3.44614076743811e-12
y,14.429446319202716,3.1334331702629075e-14
y,14.435695538050357,2.628788004765173e-13
y,14.441944756897998,1.8685774173555029e-13
y,14.448193975745639,7.1452781660611904e-12
y,14.45444319459328,1.4047085266052123e-11
y,14.46069241344092,3.9767347355080865e-12
y,14.466941632288561,2.6024483652249243e-12
y,14.473190851136202,1.942458020537824e-12
y,14.479440069983843,5.532058872089568e-13
y,14.485689288831484,1.0321619345426572e-11
y,14.491938507679125,7.70529130881702e-12
y,14.498187726526766,3.767874172072359e-12
y,14.504436945374406,1.5959130947561956e-11
y,14.510686164222047,1.114214265707609e-11
y,14.516935383069688,1.5806847249274391e-12
y,14.523184601917329,1.860001627180098e-12
y,14.52943382076497,7.877898758950146e-12
y,14.53568303961261,1.4234300448108256e-11
y,14.541932258460252,4.1496636788749215e-11
y,14.548181477307892,2.2253884956609454e-11
y,14.554430696155533,2.8893114230273293e-11
y,14.560679915003174,2.97003403767991e-11
y,14.566929133850815,8.566433167827797e-12
y,14.573178352698456,2.8200233625916246e-11
y,14.579427571546097,1.3504052730046785e-11
y,14.585676790393737,1.3818878032939052e-11
y,14.591926009241378,5.1651257186855085e-11
y,14.59817522808902,1.3240012959594032e-11
y,14.60442444693666,4.733711474035335e-13
y,14.6106736657843,2.989249596366109e-13
y,14.616922884631942,2.0715238823583302e-11
y,14.623172103479583,1.300185234314928e-10
y,14.629421322327223,7.668804078348026e-11
y,14.635670541174864,1.6774039413185062e-12
y,14.641919760022505,3.504568133828607e-11
y,14.648168978870146,5.936158800279454e-11
y,14.654418197717787,6.225884625641937e-11
y,14.660667416565428,6.384853467303837e-11
y,14.666916635413068,3.752343954357708e-11
y,14.67316585426071,8.747460253166251e-11
y,14.67941507310835,1.0437252559777841e-10
y,14.685664291955991,1.0587308380623583e-10
y,14.691913510803632,2.483278343358351e-10
y,14.698162729651273,4.6676141709113016e-11
y,14.704411948498914,5.387636620101266e-11
y,14.710661167346554,2.074325866287705e-10
y,14.716910386194195,5.566074225278142e-11
y,14.723159605041836,1.701784749200877e-11
y,14.729408823889477,3.313034194492666e-11
y,14.735658042737118,7.147353033319376e-11
y,14.741907261584759,5.186925512255235e-11
y,14.7481564804324,5.7558080922450105e-12
y,14.75440569928004,2.24936776568766e-11
y,14.760654918127681,1.3629588103457125e-12
y,14.766904136975322,2.0586599718905593e-11
y,14.773153355822963,4.2749070759085044e-11
y,14.779402574670604,6.428659002977446e-11
y,14.785651793518245,1.3257991846071907e-11
y,14.791901012365885,3.03588649974978e-11
y,14.798150231213526,1.8550057133365355e-11
y,14.804399450061167,3.3130859864676266e-12
y,14.810648668908808,7.524380213168572e-12
y,14.816897887756449,3.19483809956197e-11
y,14.82314710660409,4.540744260400763e-11
y,14.82939632545173,3.719913879067661e-11
y,14.835645544299371,2.7719131708625095e-11
y,14.841894763147012,7.793969766259119e-12
y,14.848143981994653,3.5211225482372746e-12
y,14.854393200842294,8.161002774498495e-13
y,14.860642419689935,5.1776303200778115e-12
y,14.866891638537576,6.905658286684376e-12
y,14.873140857385216,9.21923467964229e-12
y,14.879390076232857,6.5270811434089376e-12
y,14.885639295080498,1.8410711454624767e-12
y,14.891888513928139,3.2722689888273934e-12
y,14.89813773277578,4.641424638224992e-12
y,14.90438695162342,5.636322360276662e-12
y,14.910636170471061,9.91049123398148e-12
y,14.916885389318702,2.7541795879686286e-12
y,14.923134608166343,2.7627837728812585e-13
y,14.929383827013984,3.3997282914015375e-13
y,14.935633045861625,9.354361794789846e-13
y,14.941882264709266,5.843313169141516e-12
y,14.948131483556907,5.9513067799221045e-12
y,14.954380702404547,1.0691559690234443e-11
y,14.960629921252188,1.5775841244366397e-11
y,14.96687914009983,2.130292738576277e-11
y,14.97312835894747,4.794152898066286e-12
y,14.97937757779511,5.099777798210138e-12
y,14.985626796642752,1.280147350089335e-11
y,14.991876015490393,7.825609774013304e-12
y,14.998125234338033,8.602323726485156e-13
y,15.004374453185674,1.2699811311337104e-13
y,15.010623672033315,3.802909474860879e-13
y,15.016872890880956,1.063837169015359e-12
y,15.023122109728597,6.377816536995926e-14
y,15.029371328576238,5.042629907017357e-13
y,15.035620547423878,1.957632356768852e-12
y,15.04186976627152,7.597961618851344e-12
y,15.04811898511916,6.8026667245561375e-12
y,15.054368203966801,3.5320790179755894e-12
y,15.060617422814442,8.987231261825585e-12
y,15.066866641662083,8.42076833078552e-13
y,15.073115860509724,1.083792441089022e-11
y,15.079365079357364,2.16907437375502e-11
y,15.085614298205005,2.3742285415259254e-11
y,15.091863517052646,8.040612223093198e-12
y,15.098112735900287,1.260936173062639e-11
y,15.104361954747928,2.847979286684472e-12
y,15.110611173595569,3.764211890211098e-12
y,15.11686039244321,1.3765246266672842e-13
y,15.12310961129085,8.369106518209001e-13
y,15.129358830138491,5.483231171584451e-12
y,15.135608048986132,5.440768136628186e-12
y,15.141857267833773,4.1681796363750417e-13
y,15.148106486681414,4.8477153114990585e-12
y,15.154355705529055,7.530956768949576e-12
y,15.160604924376695,4.936203958719983e-12
y,15.166854143224336,5.069288650330399e-12
y,15.173103362071977,4.795785192967246e-12
y,15.179352580919618,4.784824214771566e-13
y,15.185601799767259,2.749175755600176e-12
y,15.1918510186149,8.486975904464044e-12
y,15.19810023746254,7.901156904653122e-12
y,15.204349456310181,1.574064297016305e-12
y,15.210598675157822,8.045374188559104e-13
y,15.216847894005463,5.611270957065675e-13
y,15.223097112853104,2.6553650999941635e-13
y,15.229346331700745,5.5610312272136085e-12
y,15.235595550548386,3.779881430534917e-12
y,15.241844769396026,9.469021757107958e-12
y,15.248093988243667,9.08255048670915e-12
y,15.254343207091308,1.1015475646974185e-12
y,15.260592425938949,1.4296494486783711e-11
y,15.26684164478659,7.140605470357315e-12
y,15.27309086363423,6.555503116180319e-12
y,15.279340082481871,2.4172597232714905e-11
y,15.285589301329512,2.0346033927125834e-12
y,15.291838520177153,2.208459741986917e-12
y,15.298087739024794,9.666892853433902e-12
y,15.304336957872435,1.0196635900941187e-11
y,15.310586176720076,1.3358520275382262e-11
y,15.316835395567717,1.1229536418370027e-11
y,15.323084614415357,1.625212010576576e-12
y,15.329333833262998,1.2523368592569612e-12
y,15.335583052110639,3.615719062600732e-12
y,15.34183227095828,1.9105617568556696e-11
y,15.34808148980592,8.005296445277513e-11
y,15.354330708653562,3.6661698911401283e-11
y,15.360579927501202,2.0510117066947037e-11
y,15.366829146348843,1.6519706140373506e-11
y,15.373078365196484,1.7389725668123208e-12
y,15.379327584044125,2.741536383787905e-11
y,15.385576802891766,7.0338867643796805e-12
y,15.391826021739407,8.983130009999697e-12
y,15.398075240587048,3.433013745194081e-11
y,15.404324459434688,3.5606586967306075e-11
y,15.41057367828233,3.8457126637245655e-12
y,15.41682289712997,9.834282898082952e-13
y,15.423072115977611,1.3523393390446068e-12
y,15.429321334825252,3.7335009793685835e-12
y,15.435570553672893,2.6564594046562222e-11
y,15.441819772520534,1.247553381338296e-11
y,15.448068991368174,5.590681404294041e-12
y,15.454318210215815,1.095785281155748e-11
y,15.460567429063456,1.0830083289494332e-11
y,15.466816647911097,4.466869451245632e-11
y,15.473065866758738,2.2600769655700365e-11
y,15.479315085606379,5.560838898295641e-12
y,15.48556430445402,1.249769408270239e-12
y,15.49181352330166,1.8006058137556285e-13
y,15.498062742149301,4.110708792335678e-12
y,15.504311960996942,8.696008915055832e-12
y,15.510561179844583,6.772098870500813e-13
y,15.516810398692224,9.800900361677867e-12
y,15.523059617539865,2.1218024030588782e-12
y,15.529308836387505,4.056950912606659e-12
y,15.535558055235146,1.267106032887437e-11
y,15.541807274082787,4.402855143409848e-12
y,15.548056492930428,5.565954483885794e-12
y,15.554305711778069,1.1566590553919553e-11
y,15.56055493062571,6.598795850405759e-12
y,15.56680414947335,1.6442044958700952e-12
y,15.573053368320991,6.4178050065058135e-12
y,15.579302587168632,1.3012183602626453e-11
y,15.585551806016273,2.449795310149602e-11
y,15.591801024863914,7.976304336674119e-12
y,15.598050243711555,3.164948530428547e-12
y,15.604299462559196,9.463687206655093e-12
y,15.610548681406836,3.882612573778867e-12
y,15.616797900254477,1.909244077657849e-12
y,15.623047119102118,9.728241742997507e-12
y,15.629296337949759,3.0343970237772324e-11
y,15.6355455567974,2.245349409274536e-11
y,15.64179477564504,2.4267028680042873e-11
y,15.648043994492681,6.545792066559721e-11
y,15.654293213340322,2.7233849762486254e-10
y,15.660542432187963,7.952071312195617e-11
y,15.666791651035604,1.3518869643347048e-11
y,15.673040869883245,6.554917099103207e-12
y,15.679290088730886,1.9659338337302533e-12
y,15.685539307578527,2.4385578298440533e-12
y,15.691788526426167,2.007997845060898e-12
y,15.698037745273808,1.876536410868631e-13
y,15.704286964121449,4.4102569249034497e-13
y,15.71053618296909,2.0472143029597716e-14
y,15.71678540181673,1.4410689393137872e-12
y,15.723034620664372,1.3992146760808877e-12
y,15.729283839512012,3.0630370246757916e-13
y,15.735533058359653,1.7091374704886504e-13
y,15.741782277207294,3.527119653765235e-13
y,15.748031496054935,7.234809919654372e-14
y,15.754280714902576,5.506672102025404e-13
y,15.760529933750217,4.292833898640279e-13
y,15.766779152597858,9.1138058230795e-14
y,15.773028371445498,2.2775905033412264e-13
y,15.77927759029314,3.4151374215709143e-13
y,15.78552680914078,4.123329310810598e-13
y,15.791776027988421,2.5525851516969924e-13
y,15.798025246836062,1.631544550346522e-14
y,15.804274465683703,4.812291781091439e-13
y,15.810523684531343,4.702819494802186e-13
y,15.816772903378984,9.995385200292115e-13
y,15.823022122226625,9.886636047886942e-13
y,15.829271341074266,1.24527712683375e-12
y,15.835520559921907,3.9245547216414343e-13
y,15.841769778769548,1.2103655605805794e-12
y,15.848018997617189,1.3503982529298699e-12
y,15.85426821646483,7.50682851304451e-13
y,15.86051743531247,1.2769297254054916e-13
y,15.866766654160111,2.5652042302045934e-14
y,15.873015873007752,7.74599602698557e-14
y,15.879265091855393,1.0924885775079303e-13
y,15.885514310703034,2.4510056146210786e-13
y,15.891763529550675,6.104218896648635e-14
y,15.898012748398315,1.9392104711828808e-13
y,15.904261967245956,8.334712704223562e-14
y,15.910511186093597,1.0347534780450124e-12
y,15.916760404941238,2.1670580939741766e-12
y,15.923009623788879,3.3879082753724006e-12
y,15.92925884263652,3.818812372808525e-12
y,15.93550806148416,3.356639117304978e-12
y,15.941757280331801,2.751298380556994e-13
y,15.948006499179442,1.894640504176085e-12
y,15.954255718027083,2.649494754680483e-12
y,15.960504936874724,3.2184190283861428e-12
y,15.966754155722365,1.327067796567065e-12
y,15.973003374570006,5.356360979823342e-12
y,15.979252593417646,3.5524826536002573e-12
y,15.985501812265287,1.7931705039661415e-13
y,15.991751031112928,5.551024462512213e-13
y,15.998000249960569,1.1869232579751601e-12
y,16.00424946880821,2.8695392766394775e-12
y,16.01049868765585,2.77714584866936e-12
y,16.01674790650349,2.8465635396409647e-12
y,16.022997125351132,1.408950386592785e-12
y,16.029246344198775,6.687702411154053e-13
y,16.035495563046414,7.276690024231252e-13
y,16.041744781894053,7.886767315134902e-13
y,16.047994000741696,6.02539956439091e-13
y,16.05424321958934,7.788937643491295e-14
y,16.060492438436977,6.500960936848738e-13
y,16.066741657284616,1.0513355338217228e-12
y,16.07299087613226,9.216064390294027e-13
y,16.0792400949799,2.3476614678418207e-12
y,16.08548931382754,7.310276516991595e-13
y,16.09173853267518,5.041951885616277e-13
y,16.097987751522822,6.199436716606728e-13
y,16.104236970370465,1.0582938356771519e-13
y,16.110486189218104,4.801452007221001e-13
y,16.116735408065743,7.1717935815632e-13
y,16.122984626913386,1.415508487545851e-12
y,16.12923384576103,8.711983138946173e-13
y,16.135483064608668,3.7056491978303615e-13
y,16.141732283456307,8.66592935518726e-13
y,16.14798150230395,1.211609149631703e-14
y,16.154230721151592,5.310608201081175e-13
y,16.16047993999923,2.745703744531593e-13
y,16.16672915884687,3.2426841402077255e-14
y,16.172978377694513,5.469449299712586e-14
y,16.179227596542155,3.300623691034167e-13
y,16.185476815389794,1.0142039894626695e-12
y,16.191726034237433,1.0295397805540916e-12
y,16.197975253085076,6.359284242603337e-13
y,16.20422447193272,2.4827162832328398e-12
y,16.210473690780358,2.1884264967908876e-12
y,16.216722909627997,1.0853042961832256e-12
y,16.22297212847564,9.038120058015565e-12
y,16.229221347323282,4.2938615561278236e-12
y,16.23547056617092,5.142896988698186e-13
y,16.24171978501856,6.401034115944848e-13
y,16.247969003866203,1.900907175825929e-13
y,16.254218222713845,7.503634056390375e-13
y,16.260467441561484,5.349910972446412e-13
y,16.266716660409124,5.772081131140896e-13
y,16.272965879256766,2.8394022424519963e-14
y,16.27921509810441,6.389549891216167e-15
y,16.285464316952048,3.7554361340141437e-13
y,16.291713535799687,2.4271269801422336e-12
y,16.29796275464733,1.5101061121703987e-12
y,16.304211973494972,6.865422871709875e-13
y,16.31046119234261,1.362340977568565e-13
y,16.31671041119025,1.2487762705098492e-13
y,16.322959630037893,5.299784331844003e-13
y,16.329208848885536,5.488993269590717e-13
y,16.335458067733175,7.059162535668507e-13
y,16.341707286580814,3.168890989744121e-12
y,16.347956505428456,2.5532240285023576e-12
y,16.3542057242761,1.8195029031880685e-12
y,16.360454943123738,3.0219975066909824e-12
y,16.366704161971377,2.4435594829811954e-12
y,16.37295338081902,4.551213958707216e-13
y,16.379202599666662,8.589503191955349e-13
y,16.3854518185143,5.550999108062127e-14
y,16.39170103736194,4.4598579707101724e-14
y,16.397950256209583,2.2843028851884525e-14
y,16.404199475057226,1.109441905080229e-12
y,16.410448693904865,2.6739992388344e-12
y,16.416697912752504,7.583622616351689e-13
y,16.422947131600147,3.714819846433433e-13
y,16.42919635044779,3.01706391107551e-13
y,16.435445569295428,5.716309732599268e-14
y,16.441694788143067,1.7511714101251127e-12
y,16.44794400699071,1.6709988525823474e-12
y,16.454193225838353,4.972361556874454e-13
y,16.46044244468599,2.4329623760874468e-12
y,16.46669166353363,1.936629384160478e-12
y,16.472940882381273,1.7432295291734235e-13
y,16.479190101228916,2.451899059387621e-13
y,16.485439320076555,1.7320502477623054e-12
y,16.491688538924194,2.0384867050331027e-12
y,16.497937757771837,6.491198384793141e-12
y,16.50418697661948,4.1740206714730905e-12
y,16.51043619546712,3.978434157031597e-12
y,16.516685414314757,5.066703009382803e-12
y,16.5229346331624,1.1429790204022396e-12
y,16.529183852010043,4.1269408337225794e-12
y,16.53543307085768,2.554062778250908e-12
y,16.54168228970532,1.7018312772357967e-12
y,16.547931508552963,8.069702168458715e-12
y,16.554180727400606,2.583154589217207e-12
y,16.560429946248245,1.1090707694824396e-14
y,16.566679165095884,1.7172081375689543e-13
y,16.572928383943527,1.9025391720552047e-12
y,16.57917760279117,1.7959912578543497e-11
y,16.58542682163881,1.4727543491391355e-11
y,16.591676040486448,3.539428463438323e-14
y,16.59792525933409,3.8880626274841924e-12
y,16.604174478181733,8.74741997979684e-12
y,16.610423697029372,9.523376640107641e-12
y,16.61667291587701,7.872265050049062e-12
y,16.622922134724654,6.21794137507178e-12
y,16.629171353572296,1.0235407851783334e-11
y,16.635420572419935,1.7341101734173934e-11
y,16.641669791267574,1.2898497540677798e-11
y,16.647919010115217,3.9889231177690816e-11
y,16.65416822896286,9.70608379282235e-12
y,16.6604174478105,5.748938973049458e-12
y,16.666666666658138,3.153264827090909e-11
y,16.67291588550578,1.21722014992774e-11
y,16.679165104353423,1.1205937831290697e-12
y,16.685414323201062,3.840414189793826e-12
y,16.6916635420487,9.656226342612153e-12
y,16.697912760896344,9.229100321074288e-12
y,16.704161979743986,8.662393121017988e-13
y,16.710411198591625,2.8225171572463303e-12
y,16.716660417439265,4.1703962260474273e-13
y,16.722909636286907,2.931797383020819e-12
y,16.72915885513455,6.308770274470967e-12
y,16.73540807398219,1.0090442754700465e-11
y,16.741657292829828,2.892531559926335e-12
y,16.74790651167747,3.3543700061927733e-12
y,16.754155730525113,2.837295174646764e-12
y,16.760404949372752,9.237067738020454e-13
y,16.76665416822039,7.093117045812021e-13
y,16.772903387068034,4.618510543635908e-12
y,16.779152605915677,7.507018561808972e-12
y,16.785401824763316,5.6738382460555034e-12
y,16.791651043610955,4.100398945318587e-12
y,16.797900262458597,1.068151177194356e-12
y,16.80414948130624,3.3192912992219163e-13
y,16.81039870015388,1.5883781161518696e-13
y,16.816647919001518,5.52688729525846e-13
y,16.82289713784916,1.1285889306525267e-12
y,16.829146356696803,1.3699573288736866e-12
y,16.835395575544442,1.0050843465151481e-12
y,16.84164479439208,1.7881717904085777e-13
y,16.847894013239724,3.5242674917562227e-13
y,16.854143232087367,4.939530759959317e-13
y,16.860392450935006,7.042841652646824e-13
y,16.866641669782645,1.513412133212389e-12
y,16.872890888630288,4.572030627001664e-13
y,16.87914010747793,2.914256674045457e-14
y,16.88538932632557,4.7750278398904965e-14
y,16.89163854517321,9.656269161967197e-14
y,16.89788776402085,6.796193208063495e-13
y,16.904136982868494,7.48865729775339e-13
y,16.910386201716133,1.3208812914317064e-12
y,16.91663542056377,1.9693335848039026e-12
y,16.922884639411414,3.139164859800389e-12
y,16.929133858259057,9.579694019102206e-13
y,16.935383077106696,6.850468977069131e-13
y,16.941632295954335,1.8157170840706144e-12
y,16.947881514801978,1.5432827933026167e-12
y,16.95413073364962,2.468819753517185e-13
y,16.96037995249726,4.67270156439423e-15
y,16.9666291713449,7.042307762020363e-14
y,16.97287839019254,9.737407945759946e-14
y,16.979127609040184,4.134053610885924e-15
y,16.985376827887823,6.24966132632147e-14
y,16.991626046735462,1.8857225876094054e-13
y,16.997875265583104,9.942702351483618e-13
y,17.004124484430747,1.1272996285173667e-12
y,17.010373703278386,3.9490089961823835e-13
y,17.016622922126025,1.412921373897991e-12
y,17.022872140973668,1.0460428809306523e-13
y,17.02912135982131,1.1859855326535073e-12
y,17.03537057866895,2.6180209992256272e-12
y,17.04161979751659,2.7736092857797744e-12
y,17.04786901636423,1.0922670689649226e-12
y,17.054118235211874,1.8342296122942244e-12
y,17.060367454059513,7.037636790437156e-13
y,17.066616672907152,4.689988511548945e-13
y,17.072865891754795,1.2083293346216272e-14
y,17.079115110602437,8.428221535477855e-14
y,17.085364329450076,6.486307889972884e-13
y,17.091613548297715,9.56679823142544e-13
y,17.097862767145358,1.9784204531917087e-14
y,17.104111985993,7.366236170719806e-13
y,17.11036120484064,1.1506967452025937e-12
y,17.11661042368828,7.994913878765097e-13
y,17.12285964253592,5.69309365002278e-13
y,17.129108861383564,7.492314768978146e-13
y,17.135358080231203,1.9485444675223657e-13
y,17.141607299078842,2.1275462280432136e-13
y,17.147856517926485,1.1693396782763036e-12
y,17.154105736774127,1.2925981559105067e-12
y,17.160354955621766,4.637925832111178e-13
y,17.166604174469406,9.438301280412285e-14
y,17.172853393317048,1.2296805596744342e-13
y,17.17910261216469,4.52770221295751e-15
y,17.18535183101233,7.379860779727214e-13
y,17.19160104985997,7.126758482892783e-13
y,17.19785026870761,1.3352136901081712e-12
y,17.204099487555254,1.7562785696660384e-12
y,17.210348706402893,4.059349734542663e-14
y,17.216597925250532,2.2284589435663118e-12
y,17.222847144098175,1.2368628086326617e-12
y,17.229096362945818,7.422667036345547e-13
y,17.235345581793457,4.388311197285607e-12
y,17.241594800641096,8.207373617533274e-13
y,17.24784401948874,1.6692155630067365e-13
y,17.25409323833638,1.3131912674569298e-12
y,17.26034245718402,1.8150841823076617e-12
y,17.26659167603166,2.0852376610880386e-12
y,17.2728408948793,2.0631852246098812e-12
y,17.279090113726944,4.033621031519013e-13
y,17.285339332574583,1.1612586149206534e-13
y,17.291588551422223,6.092767756061879e-13
y,17.297837770269865,2.109082890017127e-12
y,17.304086989117508,1.3739451509140807e-11
y,17.310336207965147,7.663461217404973e-12
y,17.316585426812786,3.1140275064945613e-12
y,17.32283464566043,3.210724602757807e-12
y,17.32908386450807,3.4092291172672107e-13
y,17.33533308335571,5.089783453784042e-12
y,17.34158230220335,1.7740864579694776e-12
y,17.347831521050992,1.2196140624539956e-12
y,17.354080739898635,5.946232114240937e-12
y,17.360329958746274,7.277634301225233e-12
y,17.366579177593913,1.0508098441765083e-12
y,17.372828396441555,1.3507539728987592e-13
y,17.379077615289198,3.248913032787656e-13
y,17.385326834136837,4.573644528200372e-13
y,17.391576052984476,4.994543801353406e-12
y,17.39782527183212,2.9837697078890927e-12
y,17.40407449067976,1.05430696514152e-12
y,17.4103237095274,2.339714451985438e-12
y,17.41657292837504,1.7204776573494757e-12
y,17.422822147222682,7.615735285062313e-12
y,17.429071366070325,4.964280384146129e-12
y,17.435320584917964,9.17339900649352e-13
y,17.441569803765603,2.9106082339741733e-13
y,17.447819022613245,2.5403044368387698e-14
y,17.454068241460888,5.225729528366092e-13
y,17.460317460308527,1.6752646224898616e-12
y,17.466566679156166,4.0393593052257436e-14
y,17.47281589800381,1.8275752740192084e-12
y,17.47906511685145,5.427683533873262e-13
y,17.48531433569909,6.101958310652054e-13
y,17.49156355454673,2.249191338926546e-12
y,17.497812773394372,9.310345804767105e-13
y,17.504061992242015,7.293257585311914e-13
y,17.510311211089654,1.941728869673801e-12
y,17.516560429937293,1.4473476385950102e-12
y,17.522809648784936,3.8567183835282327e-13
y,17.52905886763258,9.036800327085575e-13
y,17.535308086480217,2.024153401635596e-12
y,17.541557305327856,3.696395183263738e-12
y,17.5478065241755,1.5780472620719396e-12
y,17.55405574302314,4.88417654688652e-13
y,17.56030496187078,1.5246697581571845e-12
y,17.56655418071842,8.755431180167505e-13
y,17.572803399566062,2.2135248864220264e-13
y,17.579052618413705,1.0050478002667544e-12
y,17.585301837261344,4.534104481006311e-12
y,17.591551056108983,3.096167366133565e-12
y,17.597800274956626,3.4582541914404923e-12
y,17.60404949380427,3.8918422074897094e-12
y,17.610298712651907,2.368082849730158e-11
y,17.616547931499547,9.91665203647817e-12
y,17.62279715034719,1.425800843133193e-12
y,17.629046369194832,7.270954975255541e-13
y,17.63529558804247,1.746614705591332e-13
y,17.64154480689011,2.2494828949230286e-13
y,17.647794025737753,3.279196849150133e-13
y,17.654043244585395,4.348914145350994e-14
y,17.660292463433034,9.237436949370594e-14
y,17.666541682280673,7.78854566773599e-15
y,17.672790901128316,3.323443384699003e-13
y,17.67904011997596,4.0463886565332425e-13
y,17.685289338823598,9.772858333958605e-14
y,17.691538557671237,4.337983284358208e-14
y,17.69778777651888,9.973521024102257e-14
y,17.704036995366522,3.400808293425353e-14
y,17.71028621421416,1.0875094665139584e-13
y,17.7165354330618,1.4604285799815548e-13
y,17.722784651909443,1.1787925720172185e-14
y,17.729033870757085,4.664695748651545e-14
y,17.735283089604724,9.563671504325539e-14
y,17.741532308452364,1.0674315732008935e-13
y,17.747781527300006,6.851402696106736e-14
y,17.75403074614765,8.816061337484161e-15
y,17.760279964995288,8.748993813993174e-14
y,17.766529183842927,1.0765657518161705e-13
y,17.77277840269057,2.6092155986659384e-13
y,17.779027621538212,1.9937346744296108e-13
y,17.78527684038585,3.1755992384409135e-13
y,17.79152605923349,6.009167358690029e-14
y,17.797775278081133,1.9963448913841563e-13
y,17.804024496928776,3.2646711101836637e-13
y,17.810273715776415,2.3142487563294304e-13
y,17.816522934624054,5.4570094300576096e-14
y,17.822772153471696,7.877939421478599e-15
y,17.82902137231934,8.711026012811584e-15
y,17.835270591166978,2.244103892484551e-14
y,17.841519810014617,4.4537533089108454e-14
y,17.84776902886226,1.822678768455304e-14
y,17.854018247709902,4.956518902291191e-14
y,17.86026746655754,1.3883477165325039e-15
y,17.86651668540518,1.999352598143047e-13
y,17.872765904252823,4.4984399523067446e-13
y,17.879015123100466,7.614571342637938e-13
y,17.885264341948105,7.924078731832488e-13
y,17.891513560795744,8.363127441946785e-13
y,17.897762779643386,3.2898353821014135e-14
y,17.90401199849103,4.086640946873549e-13
y,17.910261217338668,5.597553738540946e-13
y,17.916510436186307,6.673639074400403e-13
y,17.92275965503395,2.8889277457640187e-13
y,17.929008873881592,1.0983280572631498e-12
y,17.93525809272923,1.010361358681204e-12
y,17.94150731157687,3.9234727268431e-14
y,17.947756530424513,1.430957836102545e-13
y,17.954005749272156,2.0553785649434905e-13
y,17.960254968119795,6.411113594407091e-13
y,17.966504186967434,6.609136130290409e-13
y,17.972753405815077,6.565240153820401e-13
y,17.97900262466272,3.9558336372070385e-13
y,17.98525184351036,1.83648182597813e-13
y,17.991501062357997,1.5084480824096347e-13
y,17.99775028120564,1.495814905789984e-13
y,18.003999500053283,1.1255741059387614e-13
y,18.01024871890092,3.199704120028638e-14
y,18.01649793774856,9.308863412884964e-14
y,18.022747156596203,2.505121626552388e-13
y,18.028996375443846,1.943947753035016e-13
y,18.035245594291485,5.386352411008847e-13
y,18.041494813139124,2.4297671172354035e-13
y,18.047744031986767,1.1596076528779148e-13
y,18.05399325083441,1.546561052874716e-13
y,18.06024246968205,4.6571001186432647e-14
y,18.066491688529688,8.132135619932306e-14
y,18.07274090737733,1.5675209987525775e-13
y,18.078990126224973,2.928270789011572e-13
y,18.085239345072612,2.6564846450217543e-13
y,18.09148856392025,4.845060957833978e-14
y,18.097737782767894,2.0341039046361328e-13
y,18.103987001615536,3.1120100984369362e-15
y,18.110236220463175,1.2299699196063768e-13
y,18.116485439310814,8.072692652193439e-14
y,18.122734658158457,1.2144146813454045e-14
y,18.1289838770061,3.707918455966709e-15
y,18.13523309585374,5.0316308795855573e-14
y,18.141482314701378,2.114244111294764e-13
y,18.14773153354902,2.898374536650978e-13
y,18.153980752396663,1.404653201286845e-13
y,18.160229971244302,5.943849651203469e-13
y,18.16647919009194,6.644245293235081e-13
y,18.172728408939584,9.175630786169119e-14
y,18.178977627787226,1.9062754020390842e-12
y,18.185226846634865,1.1807961310943363e-12
y,18.191476065482505,1.342895756293282e-13
y,18.197725284330147,1.5011847810347922e-13
y,18.20397450317779,8.089610305173594e-14
y,18.21022372202543,1.814913258435018e-13
y,18.216472940873068,1.2576742229031692e-13
y,18.22272215972071,1.4187827175937113e-13
y,18.228971378568353,1.4047270413486917e-14
y,18.235220597415992,8.134611448070178e-15
y,18.24146981626363,6.315959327551905e-14
y,18.247719035111274,5.231782610456463e-13
y,18.253968253958917,4.467330295882616e-13
y,18.260217472806556,1.7878951597229874e-13
y,18.266466691654195,7.17873261790167e-14
y,18.272715910501837,1.589372969629681e-14
y,18.27896512934948,8.946402594508711e-14
y,18.28521434819712,1.3373948295394364e-13
y,18.291463567044758,1.271060074131121e-13
y,18.2977127858924,6.627270421167006e-13
y,18.303962004740043,6.119042412496724e-13
y,18.310211223587682,3.6402138470205097e-13
y,18.31646044243532,6.736258028013658e-13
y,18.322709661282964,6.222507141949663e-13
y,18.328958880130607,1.414448191001384e-13
y,18.335208098978246,2.0896244546492862e-13
y,18.341457317825885,3.3433707177299294e-14
y,18.347706536673527,1.3407041250904603e-14
y,18.35395575552117,2.026714299341466e-15
y,18.36020497436881,1.782318699222101e-13
y,18.36645419321645,5.204758493421549e-13
y,18.37270341206409,1.5569962648212698e-13
y,18.378952630911733,5.328842079857901e-14
y,18.385201849759373,4.764946007841538e-14
y,18.39145106860701,5.4584169960936e-15
y,18.397700287454654,3.0494583444937355e-13
y,18.403949506302297,3.6036347286048233e-13
y,18.410198725149936,8.247295927170998e-14
y,18.416447943997575,3.726237943152613e-13
y,18.422697162845218,3.5285410574036e-13
y,18.42894638169286,2.8377468705353004e-14
y,18.4351956005405,3.414105120353116e-14
y,18.44144481938814,3.642705563346771e-13
y,18.44769403823578,3.384199002509792e-13
y,18.453943257083424,1.0074325074235242e-12
y,18.460192475931063,7.910344037703111e-13
y,18.466441694778702,5.782415098713654e-13
y,18.472690913626344,8.51105822412171e-13
y,18.478940132473987,1.8501813749731602e-13
y,18.485189351321626,5.993522754825608e-13
y,18.491438570169265,4.725855127223744e-13
y,18.497687789016908,2.1473292914998612e-13
y,18.50393700786455,1.2292944184544988e-12
y,18.51018622671219,5.035165931591432e-13
y,18.51643544555983,1.882894567560472e-15
y,18.52268466440747,5.3543478836016325e-14
y,18.528933883255114,1.7915910555816892e-13
y,18.535183102102753,2.4013987364813173e-12
y,18.541432320950392,2.624906071255675e-12
y,18.547681539798035,1.1506709362393664e-13
y,18.553930758645677,3.8220281606018807e-13
y,18.560179977493316,1.2216887899590183e-12
y,18.566429196340955,1.4920384883819206e-12
y,18.572678415188598,9.76097515552741e-13
y,18.57892763403624,9.66670563000562e-13
y,18.58517685288388,1.1668308967561368e-12
y,18.59142607173152,2.688972742537193e-12
y,18.59767529057916,1.6212448062251072e-12
y,18.603924509426804,6.0881443202785944e-12
y,18.610173728274443,1.971425869186294e-12
y,18.616422947122082,5.599881748129069e-13
y,18.622672165969725,4.559142294720136e-12
y,18.628921384817367,2.393099056356253e-12
y,18.635170603665006,5.3546167766066755e-14
y,18.641419822512646,4.2830137145816604e-13
y,18.647669041360288,1.1839634180409013e-12
y,18.65391826020793,1.5501119690699366e-12
y,18.66016747905557,1.6388897567331592e-13
y,18.66641669790321,3.1943903715972736e-13
y,18.67266591675085,1.0294273071356885e-13
y,18.678915135598494,3.9231705619626846e-13
y,18.685164354446133,9.182792003762227e-13
y,18.691413573293772,1.5339979717755758e-12
y,18.697662792141415,6.12594946235151e-13
y,18.703912010989058,3.3163868441569425e-13
y,18.710161229836697,3.9790670356289584e-13
y,18.716410448684336,2.0907606575697558e-13
y,18.72265966753198,8.283043138086283e-14
y,18.72890888637962,6.131350167912962e-13
y,18.73515810522726,1.1796878613590091e-12
y,18.7414073240749,8.796779717578279e-13
y,18.74765654292254,5.728109588781861e-13
y,18.753905761770184,1.4786960586439752e-13
y,18.760154980617823,2.574540540356578e-14
y,18.766404199465462,2.3772382223126205e-14
y,18.772653418313105,5.43339522997137e-14
y,18.778902637160748,1.732831505806281e-13
y,18.785151856008387,1.9937893354064216e-13
y,18.791401074856026,1.5858520822572392e-13
y,18.79765029370367,1.4239407500496475e-14
y,18.80389951255131,3.935231401623635e-14
y,18.81014873139895,4.858063508037488e-14
y,18.81639795024659,7.976454320710337e-14
y,18.822647169094232,2.0553382846223554e-13
y,18.828896387941874,6.940629815067574e-14
y,18.835145606789514,3.0420537005806323e-15
y,18.841394825637153,7.231074362710938e-15
y,18.847644044484795,1.1432464857899148e-14
y,18.853893263332438,7.214600334981523e-14
y,18.860142482180077,9.2092673801066e-14
y,18.866391701027716,1.5083466964666658e-13
y,18.87264091987536,2.3401497006991497e-13
y,18.878890138723,4.3393705563591496e-13
y,18.88513935757064,1.8435367573906517e-13
y,18.89138857641828,8.996715499802002e-14
y,18.897637795265922,2.341726015033619e-13
y,18.903887014113565,2.706702393849823e-13
y,18.910136232961204,5.966645041728285e-14
y,18.916385451808843,6.839882684150213e-17
y,18.922634670656485,1.2212705342481855e-14
y,18.928883889504128,8.079263766952697e-15
y,18.935133108351767,1.0985502275469083e-15
y,18.941382327199406,8.817903639332724e-15
y,18.94763154604705,1.50922503136149e-14
y,18.95388076489469,1.2448745772051648e-13
y,18.96012998374233,1.6955407124479454e-13
y,18.96637920258997,5.5537532770199314e-14
y,18.972628421437612,1.8002862722558185e-13
y,18.978877640285255,2.3912100711319422e-14
y,18.985126859132894,1.1231369329626022e-13
y,18.991376077980533,2.9710081370290245e-13
y,18.997625296828176,2.926308949576904e-13
y,19.003874515675818,1.250519781743956e-13
y,19.010123734523457,2.2598000798582848e-13
y,19.016372953371096,1.4476867668585383e-13
y,19.02262217221874,4.96211519217001e-14
y,19.02887139106638,1.0326751703004544e-15
y,19.03512060991402,1.080222143713929e-14
y,19.04136982876166,6.89563915268326e-14
y,19.047619047609302,1.522450054100148e-13
y,19.053868266456945,2.846774681941039e-16
y,19.060117485304584,1.0329554705238575e-13
y,19.066366704152223,1.6583700671067744e-13
y,19.072615922999866,1.241283378499164e-13
y,19.07886514184751,5.826490839457415e-14
y,19.085114360695147,1.0136578455131247e-13
y,19.091363579542787,5.109365028614199e-14
y,19.09761279839043,1.0421473609575419e-14
y,19.10386201723807,1.4815043025125741e-13
y,19.11011123608571,1.9463156432622877e-13
y,19.11636045493335,1.1104222016078065e-13
y,19.122609673780993,7.517148987147368e-15
y,19.128858892628635,2.5442353171783568e-14
y,19.135108111476274,1.0093374369817316e-15
y,19.141357330323913,8.814194052767815e-14
y,19.147606549171556,1.3044252606168484e-13
y,19.1538557680192,1.8388274955435485e-13
y,19.160104986866838,3.1298051999312386e-13
y,19.166354205714477,1.966997531008211e-15
y,19.17260342456212,3.2549354077843416e-13
y,19.178852643409762,2.1216238475159247e-13
y,19.1851018622574,7.9487541235983e-14
y,19.19135108110504,7.286675400762755e-13
y,19.197600299952683,2.512036844213341e-13
y,19.203849518800325,1.0920572194889613e-14
y,19.210098737647964,1.569786180596773e-13
y,19.216347956495603,3.164405786090674e-13
y,19.222597175343246,3.2650384173339175e-13
y,19.22884639419089,3.5645354150143637e-13
y,19.235095613038528,9.505042161714905e-14
y,19.241344831886167,2.148152582214651e-14
y,19.24759405073381,9.510615196612772e-14
y,19.253843269581452,2.0202891674070567e-13
y,19.26009248842909,2.2400668508918747e-12
y,19.26634170727673,1.5639186923282865e-12
y,19.272590926124373,4.75658021583673e-13
y,19.278840144972015,5.660319254825333e-13
y,19.285089363819655,1.065575216348037e-13
y,19.291338582667294,9.286124858100226e-13
y,19.297587801514936,4.663837867578688e-13
y,19.30383702036258,1.4289769882870714e-13
y,19.310086239210218,1.0048383990368397e-12
y,19.316335458057857,1.4310677693350887e-12
y,19.3225846769055,2.7188476707122733e-13
y,19.328833895753142,1.905937842979038e-14
y,19.33508311460078,7.201242047880211e-14
y,19.34133233344842,6.417480531283028e-14
y,19.347581552296063,8.886172284733867e-13
y,19.353830771143706,6.859997896415357e-13
y,19.360079989991345,2.121333385986282e-13
y,19.366329208838984,4.657980492430805e-13
y,19.372578427686626,3.152379545581343e-13
y,19.37882764653427,1.2448153291947244e-12
y,19.385076865381908,1.0562989120595062e-12
y,19.391326084229547,1.6131488112468488e-13
y,19.39757530307719,5.827207324983428e-14
y,19.403824521924832,1.2866747712843227e-14
y,19.41007374077247,6.030465218919928e-14
y,19.41632295962011,3.0178792354204634e-13
y,19.422572178467753,7.833011651999794e-15
y,19.428821397315396,3.2399986955595226e-13
y,19.435070616163035,1.3448196987670125e-13
y,19.441319835010674,9.2429037590667e-14
y,19.447569053858317,3.889602632034967e-13
y,19.45381827270596,1.9081833617101577e-13
y,19.4600674915536,9.27215684449486e-14
y,19.466316710401237,3.1142840517009613e-13
y,19.47256592924888,3.0326852192231134e-13
y,19.478815148096523,9.616535279982404e-14
y,19.48506436694416,1.1863210687639393e-13
y,19.4913135857918,3.2623028781760487e-13
y,19.497562804639443,5.453810713615416e-13
y,19.503812023487086,2.993731101883714e-13
y,19.510061242334725,7.642976074276733e-14
y,19.516310461182364,2.4386440250169467e-13
y,19.522559680030007,1.8215854436712177e-13
y,19.52880889887765,3.894966576611938e-14
y,19.53505811772529,9.049816062180162e-14
y,19.541307336572928,6.502407668345661e-13
y,19.54755655542057,4.639163300212048e-13
y,19.553805774268213,4.561071002967142e-13
y,19.560054993115852,2.1649418597199492e-13
y,19.56630421196349,1.8324671206083516e-12
y,19.572553430811134,1.0853932335907137e-12
y,19.578802649658776,1.472024943055811e-13
y,19.585051868506415,6.435679987143376e-14
y,19.591301087354054,1.2417051243049736e-14
y,19.597550306201697,1.965204499210441e-14
y,19.60379952504934,5.514158497479025e-14
y,19.61004874389698,1.3932494676276842e-14
y,19.616297962744618,2.6076848297561303e-14
y,19.62254718159226,4.950712558897051e-15
y,19.628796400439903,7.669821854487137e-14
y,19.635045619287542,1.1616403803477539e-13
y,19.64129483813518,3.063539068793265e-14
y,19.647544056982824,1.1477292102763716e-14
y,19.653793275830466,2.8770392539942756e-14
y,19.660042494678105,1.415316256907613e-14
y,19.666291713525744,1.70765595421667e-14
y,19.672540932373387,4.268823119237917e-14
y,19.67879015122103,1.1419745710085063e-15
y,19.68503937006867,8.495353728514967e-15
y,19.691288588916308,2.4293107694229746e-14
y,19.69753780776395,2.702059868763687e-14
y,19.703787026611593,1.7532365128093406e-14
y,19.710036245459232,3.1404875335228835e-15
y,19.71628546430687,1.368912308530884e-14
y,19.722534683154514,2.4752969655249565e-14
y,19.728783902002156,6.013335967853799e-14
y,19.735033120849796,3.968632626740142e-14
y,19.741282339697435,7.441316810473337e-14
y,19.747531558545077,1.0858604568692456e-14
y,19.75378077739272,2.603951724984708e-14
y,19.76002999624036,6.926285407691701e-14
y,19.766279215087998,6.400104502415284e-14
y,19.77252843393564,1.982210173046971e-14
y,19.778777652783283,2.9415963159715522e-15
y,19.785026871630922,8.429519974326766e-16
y,19.79127609047856,4.185495733469331e-15
y,19.797525309326204,8.191895796828739e-15
y,19.803774528173847,4.869781975217912e-15
y,19.810023747021486,1.1777182601084594e-14
y,19.816272965869125,8.190194681792581e-16
y,19.822522184716767,3.512561008785975e-14
y,19.82877140356441,8.57612998334611e-14
y,19.83502062241205,1.6027865657897888e-13
y,19.841269841259688,1.5284713832287143e-13
y,19.84751906010733,1.81374327060657e-13
y,19.853768278954973,9.45057184349274e-15
y,19.860017497802612,7.981053694423854e-14
y,19.86626671665025,1.168171916824513e-13
y,19.872515935497894,1.2873435348868195e-13
y,19.878765154345537,6.091157773017905e-14
y,19.885014373193176,2.0351029094084885e-13
y,19.891263592040815,2.4966671285418997e-13
y,19.897512810888458,1.288941814852961e-14
y,19.9037620297361,3.737633584418633e-14
y,19.91001124858374,2.963260865960919e-14
y,19.91626046743138,1.3210052917322788e-13
y,19.92250968627902,1.5448588248041887e-13
y,19.928758905126664,1.3719211548435827e-13
y,19.935008123974303,1.0118198496360239e-13
y,19.94125734282194,5.2124971791758604e-14
y,19.947506561669584,3.0214636335045044e-14
y,19.953755780517227,2.5066638387280388e-14
y,19.960004999364866,1.7802749182777132e-14
y,19.966254218212505,9.476491756308492e-15
y,19.972503437060148,9.709015209969021e-15
y,19.97875265590779,5.254116361810952e-14
y,19.98500187475543,3.948800698317563e-14
y,19.99125109360307,1.1287512330475768e-13
y,19.99750031245071,7.029299763830575e-14
y,20.003749531298354,2.426474035015995e-14
y,20.009998750145993,3.593680433062055e-14
y,20.016247968993632,1.4768191558189195e-14
y,20.022497187841275,1.150729059300548e-14
y,20.028746406688917,3.3008756685916563e-14
y,20.034995625536556,5.5057552493844275e-14
y,20.041244844384195,6.977046742663827e-14
y,20.047494063231838,5.571812901917672e-15
y,20.05374328207948,4.40502597500404e-14
y,20.05999250092712,1.7454248219588844e-15
y,20.06624171977476,2.569692528549217e-14
y,20.0724909386224,2.0465217691424577e-14
y,20.078740157470044,3.990803935059624e-15
y,20.084989376317683,3.3423553970206853e-16
y,20.091238595165322,6.351717627292389e-15
y,20.097487814012965,3.772609822862414e-14
y,20.103737032860607,7.050059556427288e-14
y,20.109986251708246,3.5026248307526945e-14
y,20.116235470555885,1.2924369505121013e-13
y,20.122484689403528,1.7616856032036823e-13
y,20.12873390825117,5.994889791257914e-15
y,20.13498312709881,3.601542542174347e-13
y,20.14123234594645,3.008527127383393e-13
y,20.14748156479409,3.467711272564955e-14
y,20.153730783641734,3.2121546077635695e-14
y,20.159980002489373,2.9556930083319634e-14
y,20.166229221337012,3.898399356952728e-14
y,20.172478440184655,3.2949312298693856e-14
y,20.178727659032297,3.130854082784398e-14
y,20.184976877879937,5.918461080671966e-15
y,20.191226096727576,4.503078908437036e-15
y,20.19747531557522,1.0402671196118349e-14
y,20.20372453442286,1.0436413258850981e-13
y,20.2099737532705,1.218291185210763e-13
y,20.21622297211814,4.4326309293020295e-14
y,20.22247219096578,2.9256942390618085e-14
y,20.228721409813424,1.2741047653799439e-15
y,20.234970628661063,1.3513292377444745e-14
y,20.241219847508702,2.978363520855888e-14
y,20.247469066356345,2.4508673804826977e-14
y,20.253718285203988,1.3562193593269925e-13
y,20.259967504051627,1.4430205871072934e-13
y,20.266216722899266,7.438382978100526e-14
y,20.27246594174691,1.4774766061460508e-13
y,20.27871516059455,1.579868713437502e-13
y,20.28496437944219,4.641853915829873e-14
y,20.29121359828983,4.9592494551954444e-14
y,20.297462817137472,1.5122245511111316e-14
y,20.303712035985114,5.765743994427565e-15
y,20.309961254832753,4.1861076318706476e-17
y,20.316210473680393,2.9240552952397475e-14
y,20.322459692528035,9.932701812635696e-14
y,20.328708911375678,3.213284169744436e-14
y,20.334958130223317,7.651199880458419e-15
y,20.341207349070956,7.84440301078657e-15
y,20.3474565679186,4.2803066106418964e-16
y,20.35370578676624,5.3512739865074306e-14
y,20.35995500561388,7.668882668315103e-14
y,20.36620422446152,1.8149302686933162e-14
y,20.372453443309162,5.5165259147296495e-14
y,20.378702662156805,6.690914045885656e-14
y,20.384951881004444,6.905448730660298e-15
y,20.391201099852083,6.358203765398201e-15
y,20.397450318699725,7.393894512022286e-14
y,20.403699537547368,6.599324297912271e-14
y,20.409948756395007,1.5660207156156948e-13
y,20.416197975242646,1.4975713685757515e-13
y,20.42244719409029,9.080085256883981e-14
y,20.42869641293793,1.416620976978651e-13
y,20.43494563178557,3.579314751635974e-14
y,20.44119485063321,8.581314465192747e-14
y,20.447444069480852,8.604152571530687e-14
y,20.453693288328495,3.112482527179317e-14
y,20.459942507176134,1.8166974298529682e-13
y,20.466191726023773,9.6898011264567e-14
y,20.472440944871416,2.6533747013612563e-15
y,20.478690163719058,1.3367477612331031e-14
y,20.484939382566697,2.241157480944913e-14
y,20.491188601414336,3.133822676608756e-13
y,20.49743782026198,4.425126528642579e-13
y,20.50368703910962,5.446154943678777e-14
y,20.50993625795726,3.160362642945156e-14
y,20.5161854768049,1.5964225480945598e-13
y,20.522434695652542,2.3782387352694027e-13
y,20.528683914500185,1.2729345974169674e-13
y,20.534933133347824,1.3759125235311666e-13
y,20.541182352195463,1.3571151945868896e-13
y,20.547431571043106,3.9018735979773106e-13
y,20.55368078989075,2.1922768346649047e-13
y,20.559930008738387,8.830363758445098e-13
y,20.566179227586026,3.8655834977497307e-13
y,20.57242844643367,4.8610080130373457e-14
y,20.57867766528131,6.279174983282232e-13
y,20.58492688412895,4.3683464547093313e-13
y,20.59117610297659,4.05158520065537e-15
y,20.597425321824232,4.906019918706429e-14
y,20.603674540671875,1.2870423096937622e-13
y,20.609923759519514,2.445485065211717e-13
y,20.616172978367153,3.421661040241975e-14
y,20.622422197214796,3.110671002454874e-14
y,20.62867141606244,2.0996173920437168e-14
y,20.634920634910078,4.921078514062623e-14
y,20.641169853757717,1.2876241414927208e-13
y,20.64741907260536,2.2638436309768155e-13
y,20.653668291453002,1.210020988239033e-13
y,20.65991751030064,2.8166440808521586e-14
y,20.66616672914828,4.9933337337455864e-14
y,20.672415947995923,4.195237766244555e-14
y,20.678665166843565,1.660851212385744e-14
y,20.684914385691204,7.36254947922834e-14
y,20.691163604538843,1.7634724394010316e-13
y,20.697412823386486,1.4027376001656883e-13
y,20.70366204223413,7.48955856740226e-14
y,20.709911261081768,1.9814407399196518e-14
y,20.716160479929407,1.6766073271977605e-15
y,20.72240969877705,2.67011009336823e-15
y,20.728658917624692,5.67439590425372e-15
y,20.73490813647233,2.5466538862546707e-14
y,20.74115735531997,2.938988066038147e-14
y,20.747406574167613,2.6688746282504582e-14
y,20.753655793015255,1.3257795932561201e-15
y,20.759905011862894,4.725006706389267e-15
y,20.766154230710534,4.28306577410533e-15
y,20.772403449558176,8.879616457675727e-15
y,20.77865266840582,2.4179224221594148e-14
y,20.784901887253458,7.941266918154234e-15
y,20.791151106101097,3.037833417165931e-16
y,20.79740032494874,1.1415934587958524e-15
y,20.803649543796382,1.9090672204006303e-15
y,20.80989876264402,6.779291775148415e-15
y,20.81614798149166,1.0440245733098634e-14
y,20.822397200339303,1.545720264766728e-14
y,20.828646419186946,2.5937656129352524e-14
y,20.834895638034585,5.882773899525667e-14
y,20.841144856882224,3.553306578318537e-14
y,20.847394075729866,1.128559678537805e-14
y,20.85364329457751,2.6336891419692397e-14
y,20.859892513425148,4.0090858480891545e-14
y,20.866141732272787,1.1965482449997226e-14
y,20.87239095112043,2.0608904068252405e-16
y,20.878640169968072,2.0130203559231002e-15
y,20.88488938881571,8.123992610874576e-16
y,20.89113860766335,4.242405239703653e-16
y,20.897387826510993,2.4851430018709495e-15
y,20.903637045358636,8.612177628483159e-16
y,20.909886264206275,1.4412340616485284e-14
y,20.916135483053914,2.435846895739478e-14
y,20.922384701901557,1.2220917713930672e-14
y,20.9286339207492,1.7036210127091718e-14
y,20.934883139596838,5.504280364117805e-15
y,20.941132358444477,8.467942930105048e-15
y,20.94738157729212,3.188220804003668e-14
y,20.953630796139763,2.9279521443154466e-14
y,20.9598800149874,1.182342337847706e-14
y,20.96612923383504,2.1881226392334355e-14
y,20.972378452682683,2.360431276795978e-14
y,20.978627671530326,4.80338080266527e-15
y,20.984876890377965,2.3307829659207584e-18
y,20.991126109225604,2.220037864313743e-15
y,20.997375328073247,7.070904427880504e-15
y,21.00362454692089,2.2069130317105833e-14
y,21.00987376576853,4.532052288087148e-16
y,21.016122984616167,1.3358513748148241e-14
y,21.02237220346381,2.369847106321715e-14
y,21.028621422311453,1.82788168755595e-14
y,21.03487064115909,5.326552849438351e-15
y,21.04111986000673,1.0989872214889936e-14
y,21.047369078854373,1.013327365978254e-14
y,21.053618297702016,1.65239905354946e-16
y,21.059867516549655,1.762733781790299e-14
y,21.066116735397294,2.7672590637463226e-14
y,21.072365954244937,2.2972478492324706e-14
y,21.07861517309258,3.8746791219773813e-16
y,21.08486439194022,4.902295301069349e-15
y,21.091113610787858,6.864788681930369e-16
y,21.0973628296355,9.572884410148589e-15
y,21.103612048483143,2.2995283501456496e-14
y,21.109861267330782,2.5727176574350555e-14
y,21.11611048617842,5.1867648968470376e-14
y,21.122359705026064,2.3772007202419376e-15
y,21.128608923873706,4.385497237379657e-14
y,21.134858142721345,3.59586898999441e-14
y,21.141107361568984,8.688541047972518e-15
y,21.147356580416627,1.1112001715977731e-13
y,21.15360579926427,6.519394542287546e-14
y,21.15985501811191,1.3163162534219456e-15
y,21.166104236959548,1.6047688434405554e-14
y,21.17235345580719,5.3574034494313167e-14
y,21.178602674654833,5.233219776631486e-14
y,21.184851893502472,5.880780811752486e-14
y,21.19110111235011,2.1998410857450392e-14
y,21.197350331197754,5.217127433234339e-15
y,21.203599550045396,1.4198845876782045e-14
y,21.209848768893035,1.595376022294613e-14
y,21.216097987740675,3.4526848997871505e-13
y,21.222347206588317,3.0879218850584525e-13
y,21.22859642543596,7.62553057109518e-14
y,21.2348456442836,9.084305299447435e-14
y,21.241094863131238,3.057719518373418e-14
y,21.24734408197888,1.6770850888135904e-13
y,21.253593300826523,1.208261992443142e-13
y,21.259842519674162,1.2729784011817861e-14
y,21.2660917385218,1.644263559500798e-13
y,21.272340957369444,2.722239070149453e-13
y,21.278590176217087,6.720619811412177e-14
y,21.284839395064726,2.8566233207132045e-15
y,21.291088613912365,1.4907564353507065e-14
y,21.297337832760007,1.2462318609794213e-14
y,21.30358705160765,1.4933150939276042e-13
y,21.30983627045529,1.5073188125703397e-13
y,21.316085489302928,4.5169042966634365e-14
y,21.32233470815057,8.652615780586978e-14
y,21.328583926998213,6.606210657437412e-14
y,21.334833145845852,1.9720856842908816e-13
y,21.34108236469349,2.1727444076326799e-13
y,21.347331583541134,3.16707576321384e-14
y,21.353580802388777,1.0193993304564205e-14
y,21.359830021236416,5.2242655333427145e-15
y,21.366079240084055,6.0968732931284395e-15
y,21.372328458931698,5.135083111019683e-14
y,21.37857767777934,3.8067813512151665e-15
y,21.38482689662698,5.4274737420283076e-14
y,21.39107611547462,3.244735364086825e-14
y,21.39732533432226,1.3833931467887767e-14
y,21.403574553169904,6.596650562755551e-14
y,21.409823772017543,3.7334576202249976e-14
y,21.41607299086518,1.1676408145628037e-14
y,21.422322209712824,4.8079759526257227e-14
y,21.428571428560467,6.169921282774071e-14
y,21.434820647408106,2.41070368818095e-14
y,21.441069866255745,1.4796435155227362e-14
y,21.447319085103388,5.3448524415917045e-14
y,21.45356830395103,7.943428706325306e-14
y,21.45981752279867,5.4498622814466014e-14
y,21.46606674164631,1.182862691541716e-14
y,21.47231596049395,3.9483372762976484e-14
y,21.478565179341594,3.783354975414643e-14
y,21.484814398189233,1.0045737028707039e-14
y,21.491063617036872,6.388082708897972e-15
y,21.497312835884514,9.173765368847854e-14
y,21.503562054732157,7.560065309900052e-14
y,21.509811273579796,5.593432527477305e-14
y,21.516060492427435,1.4232631234401706e-14
y,21.522309711275078,1.1444155490813892e-13
y,21.52855893012272,9.53282345248038e-14
y,21.53480814897036,1.4539542052098644e-14
y,21.541057367818,4.093791911470304e-15
y,21.54730658666564,9.322175625679292e-16
y,21.553555805513284,1.8660980784757535e-15
y,21.559805024360923,1.0216508007369007e-14
y,21.566054243208562,4.4030268084055455e-15
y,21.572303462056205,7.275893151587708e-15
y,21.578552680903847,2.7613532964974355e-15
y,21.584801899751486,1.6621391382751555e-14
y,21.591051118599125,3.3819604688441137e-14
y,21.597300337446768,9.993290950241997e-15
y,21.60354955629441,3.1300522122432132e-15
y,21.60979877514205,9.876587156146639e-15
y,21.61604799398969,6.0525518277075755e-15
y,21.62229721283733,2.0022393997673374e-15
y,21.628546431684974,1.1899571976482565e-14
y,21.634795650532613,3.6052801576769254e-16
y,21.641044869380252,1.3422668574948012e-15
y,21.647294088227895,6.285942589668914e-15
y,21.653543307075537,7.66172598964008e-15
y,21.659792525923176,4.557395444065229e-15
y,21.666041744770816,7.67271420094918e-16
y,21.672290963618458,2.3193197329680375e-15
y,21.6785401824661,6.1537791545533585e-15
y,21.68478940131374,1.3618812379747481e-14
y,21.69103862016138,8.585049232591068e-15
y,21.69728783900902,1.6658719239476637e-14
y,21.703537057856664,2.7925120549136995e-15
y,21.709786276704303,2.56136795470939e-15
y,21.716035495551942,1.3074172595319339e-14
y,21.722284714399585,1.686808677820872e-14
y,21.728533933247228,6.786477145309411e-15
y,21.734783152094867,8.011107904876408e-16
y,21.741032370942506,2.365114878437589e-16
y,21.74728158979015,9.427442082398894e-16
y,21.75353080863779,1.7652227224327693e-15
y,21.75978002748543,1.3993816044215192e-15
y,21.76602924633307,3.2696498345355252e-15
y,21.77227846518071,1.3950051536746968e-15
y,21.778527684028354,5.9899132518589726e-15
y,21.784776902875993,1.5840895341962593e-14
y,21.791026121723633,3.215140190520107e-14
y,21.797275340571275,2.6869992254903742e-14
y,21.803524559418918,3.399904546532392e-14
y,21.809773778266557,4.0567766121275526e-15
y,21.816022997114196,1.3681173722085666e-14
y,21.82227221596184,2.4312271126179628e-14
y,21.82852143480948,2.3739144679102227e-14
y,21.83477065365712,1.253856975944351e-14
y,21.84101987250476,3.4615619344373715e-14
y,21.847269091352402,5.24744901150842e-14
y,21.853518310200045,4.254962951164081e-15
y,21.859767529047684,9.299593422568349e-15
y,21.866016747895323,3.578351717035284e-15
y,21.872265966742965,2.6496683646329408e-14
y,21.878515185590608,3.651365375347065e-14
y,21.884764404438247,2.7245068656989216e-14
y,21.891013623285886,2.604117614930542e-14
y,21.89726284213353,1.631828501601489e-14
y,21.90351206098117,6.262862011970516e-15
y,21.90976127982881,3.0316514296824567e-15
y,21.91601049867645,1.7061455943153379e-15
y,21.922259717524092,2.6083231691503802e-15
y,21.928508936371735,4.0457993025274036e-16
y,21.934758155219374,9.208256217772275e-15
y,21.941007374067013,7.666861323368331e-15
y,21.947256592914655,2.1968803687335653e-14
y,21.953505811762298,1.8125777995268602e-14
y,21.959755030609937,5.000091648429073e-15
y,21.966004249457576,7.53085778268009e-15
y,21.97225346830522,3.200277284181727e-15
y,21.97850268715286,1.3358624188465064e-15
y,21.9847519060005,6.054222829222627e-15
y,21.99100112484814,1.0206442363575081e-14
y,21.997250343695782,1.5883063748552557e-14
y,22.003499562543425,5.905376079407327e-16
y,22.009748781391064,9.450798683582782e-15
y,22.015998000238703,1.216145176122823e-15
y,22.022247219086346,4.455402143898437e-15
y,22.02849643793399,3.800869186088949e-15
y,22.034745656781627,1.09550533340704e-15
y,22.040994875629266,4.344796767639253e-16
y,22.04724409447691,8.082560065434711e-16
y,22.05349331332455,4.494642907990896e-15
y,22.05974253217219,1.431653149535336e-14
y,22.06599175101983,1.0163707476514217e-14
y,22.072240969867472,2.4457127406583477e-14
y,22.078490188715115,4.1113489359137703e-14
y,22.084739407562754,2.606454052856281e-15
y,22.090988626410393,6.041609013418444e-14
y,22.097237845258036,7.007570858627183e-14
y,22.10348706410568,8.074036988443388e-15
y,22.109736282953317,6.1289739768959214e-15
y,22.115985501800957,9.481130484611368e-15
y,22.1222347206486,8.018356591202957e-15
y,22.128483939496242,8.227225340241386e-15
y,22.13473315834388,6.566942122182526e-15
y,22.14098237719152,2.2419444800352426e-15
y,22.147231596039163,1.5334107271863833e-15
y,22.153480814886805,1.6986906250994115e-15
y,22.159730033734444,1.838601960972184e-14
y,22.165979252582083,3.0151952020116273e-14
y,22.172228471429726,1.0725851259386752e-14
y,22.17847769027737,1.011485157360308e-14
y,22.184726909125008,7.626523633026613e-17
y,22.190976127972647,1.5355448254390175e-15
y,22.19722534682029,5.569825553911133e-15
y,22.203474565667932,5.239307006852216e-15
y,22.20972378451557,2.6917165259013778e-14
y,22.21597300336321,3.2276014734719785e-14
y,22.222222222210853,1.5192900497920226e-14
y,22.228471441058495,3.194952153996971e-14
y,22.234720659906134,4.128854870896311e-14
y,22.240969878753774,1.6222113480910712e-14
y,22.247219097601416,1.2187137759880775e-14
y,22.25346831644906,6.989412672382841e-15
y,22.259717535296698,2.999865893838815e-15
y,22.265966754144337,2.213474033132336e-17
y,22.27221597299198,5.3373620721545835e-15
y,22.278465191839622,1.6772559970217702e-14
y,22.28471441068726,5.018870914345997e-15
y,22.2909636295349,1.3260904527137047e-15
y,22.297212848382543,1.6836611910598035e-15
y,22.303462067230186,1.464366700809244e-16
y,22.309711286077825,9.504619421403821e-15
y,22.315960504925464,1.5614758229968672e-14
y,22.322209723773106,5.062734582197501e-15
y,22.32845894262075,6.660111617597203e-15
y,22.334708161468388,1.2770964476883624e-14
y,22.340957380316027,2.5424781042859584e-15
y,22.34720659916367,2.046929318974318e-15
y,22.353455818011312,1.4843177404097964e-14
y,22.35970503685895,1.4756025872771447e-14
y,22.36595425570659,2.5130160632405954e-14
y,22.372203474554233,2.8255865142762358e-14
y,22.378452693401876,1.5742842868620675e-14
y,22.384701912249515,2.3527364082107675e-14
y,22.390951131097154,7.631272070083164e-15
y,22.397200349944796,1.1612428458647064e-14
y,22.40344956879244,1.6016805770726942e-14
y,22.409698787640078,6.586960829294316e-15
y,22.415948006487717,2.6339828996256313e-14
y,22.42219722533536,1.8588538267590944e-14
y,22.428446444183002,1.4456393146050525e-15
y,22.43469566303064,3.5759030985001055e-15
y,22.44094488187828,4.585858039873062e-15
y,22.447194100725923,4.1954292393952325e-14
y,22.453443319573566,7.234036129724997e-14
y,22.459692538421205,1.6615534960565943e-14
y,22.465941757268844,2.176384885222639e-15
y,22.472190976116487,1.9803923969612483e-14
y,22.47844019496413,3.9576449094220924e-14
y,22.48468941381177,1.8858982062545775e-14
y,22.490938632659407,1.7396601774307618e-14
y,22.49718785150705,1.756883764733143e-14
y,22.503437070354693,5.480262066251519e-14
y,22.50968628920233,3.184755403705541e-14
y,22.51593550804997,1.246931060053599e-13
y,22.522184726897613,7.478989502746583e-14
y,22.528433945745256,3.963891594649165e-15
y,22.534683164592895,8.526000418627987e-14
y,22.540932383440534,7.983818271148923e-14
y,22.547181602288177,1.4369142078383353e-15
y,22.55343082113582,7.040182393889157e-15
y,22.55968003998346,1.1625865537982832e-14
y,22.565929258831098,3.681713645259605e-14
y,22.57217847767874,7.663213368583491e-15
y,22.578427696526383,2.2320485770923683e-15
y,22.584676915374022,3.297827123393072e-15
y,22.59092613422166,6.396978190735827e-15
y,22.597175353069304,1.6516312910427848e-14
y,22.603424571916946,3.1467171142369125e-14
y,22.609673790764585,2.169557884448523e-14
y,22.615923009612224,1.692243798805901e-15
y,22.622172228459867,4.7796831302528976e-15
y,22.62842144730751,9.622896816546091e-15
y,22.63467066615515,5.4366749793336144e-15
y,22.640919885002788,7.827846975040524e-15
y,22.64716910385043,2.6775430859695547e-14
y,22.653418322698073,2.498567461041144e-14
y,22.659667541545712,9.265717658022538e-15
y,22.66591676039335,2.0768662249000155e-15
y,22.672165979240994,4.0655335193821533e-16
y,22.678415198088636,3.356687657707107e-16
y,22.684664416936275,1.2524092909122264e-15
y,22.690913635783915,3.895809555749674e-15
y,22.697162854631557,5.479928774426829e-15
y,22.7034120734792,6.343722470173057e-15
y,22.70966129232684,7.087404680029118e-16
y,22.715910511174478,5.4076292451674e-16
y,22.72215973002212,8.850227632836715e-17
y,22.728408948869763,1.8657921938274347e-15
y,22.734658167717402,2.355630184307769e-15
y,22.74090738656504,1.709301914207877e-16
y,22.747156605412684,2.862394777895871e-17
y,22.753405824260327,1.9687291385887e-16
y,22.759655043107966,7.864861183333993e-16
y,22.765904261955605,5.298800340480563e-16
y,22.772153480803247,7.989983768446994e-16
y,22.77840269965089,1.1571635538042752e-15
y,22.78465191849853,2.8544716794325555e-15
y,22.790901137346168,1.1246341496679361e-14
y,22.79715035619381,9.329799842610907e-15
y,22.803399575041453,1.8409282488506206e-15
y,22.809648793889092,2.154504101828772e-15
y,22.81589801273673,3.986514506386152e-15
y,22.822147231584374,2.4228460661751793e-15
y,22.828396450432017,3.4963279658910213e-16
y,22.834645669279656,6.329841981104278e-16
y,22.840894888127295,2.632901144960509e-16
y,22.847144106974937,1.8245698850018327e-16
y,22.85339332582258,2.1154260703726666e-15
y,22.85964254467022,1.5422180095391776e-15
y,22.86589176351786,1.4447709353070921e-15
y,22.8721409823655,3.807429587762033e-15
y,22.878390201213143,6.028809823576474e-15
y,22.884639420060783,1.58843306783907e-15
y,22.89088863890842,1.3690402172600086e-15
y,22.897137857756064,6.16408249563567e-16
y,22.903387076603707,4.511974200954337e-15
y,22.909636295451346,6.2312344664940095e-15
y,22.915885514298985,1.9838870154464654e-15
y,22.922134733146628,1.4271097866396674e-15
y,22.92838395199427,2.7710181539755286e-15
y,22.93463317084191,7.423644336989287e-16
y,22.94088238968955,3.359853700468474e-16
y,22.94713160853719,1.0503845079374797e-15
y,22.953380827384834,1.3838795904074681e-15
y,22.959630046232473,3.5225926444885975e-15
y,22.965879265080112,2.998078898820839e-16
y,22.972128483927754,1.7866586466992285e-15
y,22.978377702775397,4.9753963344530325e-15
y,22.984626921623036,3.200096143867998e-15
y,22.990876140470675,3.0973905441151775e-16
y,22.997125359318318,5.775698524628529e-16
y,23.00337457816596,1.4755273520486554e-15
y,23.0096237970136,8.446988018260942e-17
y,23.01587301586124,2.53597146824969e-15
y,23.02212223470888,4.335524056925157e-15
y,23.028371453556524,4.8239078229999066e-15
y,23.034620672404163,1.1092404282826124e-16
y,23.040869891251802,9.08389544591196e-16
y,23.047119110099445,2.4515451182971704e-16
y,23.053368328947087,1.0671753769727472e-15
y,23.059617547794726,4.473911089128726e-15
y,23.065866766642365,4.2033681580073956e-15
y,23.072115985490008,8.260636806982916e-15
y,23.07836520433765,1.0102208498309265e-15
y,23.08461442318529,5.2209658321463115e-15
y,23.09086364203293,5.859326496699108e-15
y,23.09711286088057,1.0672195934522688e-15
y,23.103362079728214,1.6010417803406156e-14
y,23.109611298575853,1.5686004617812524e-14
y,23.115860517423492,4.970591994275573e-16
y,23.122109736271135,1.4792885881677628e-15
y,23.128358955118777,9.189903841005498e-15
y,23.134608173966416,8.977768939841339e-15
y,23.140857392814056,9.76235626195732e-15
y,23.147106611661698,5.226423584515057e-15
y,23.15335583050934,1.1984609680042631e-15
y,23.15960504935698,2.0157663898797345e-15
y,23.16585426820462,1.0339143665475414e-15
y,23.17210348705226,5.000153653297037e-14
y,23.178352705899904,5.962592630886124e-14
y,23.184601924747543,1.3630980069573191e-14
y,23.190851143595182,1.332578551721277e-14
y,23.197100362442825,7.218569295478044e-15
y,23.203349581290468,3.031003801534301e-14
y,23.209598800138107,3.1223947236996126e-14
y,23.215848018985746,7.130376419600195e-16
y,23.22209723783339,2.524653394137991e-14
y,23.22834645668103,5.063996253637279e-14
y,23.23459567552867,1.649634737784484e-14
y,23.24084489437631,4.913169159969587e-16
y,23.24709411322395,2.9002872913925353e-15
y,23.253343332071594,3.1258180824182925e-15
y,23.259592550919233,2.3552173889015425e-14
y,23.265841769766872,3.111924786367968e-14
y,23.272090988614515,9.253904765436073e-15
y,23.278340207462158,1.4676975215614248e-14
y,23.284589426309797,1.486402102497415e-14
y,23.290838645157436,3.2599730228735034e-14
y,23.29708786400508,4.4491633413858226e-14
y,23.30333708285272,6.943356132476484e-15
y,23.30958630170036,1.4226205086862466e-15
y,23.315835520548,1.4447543322917743e-15
y,23.322084739395642,5.533239455257174e-16
y,23.328333958243284,8.503213229579006e-15
y,23.334583177090924,1.3223742398063852e-15
y,23.340832395938563,8.426817526328047e-15
y,23.347081614786205,7.413991187150695e-15
y,23.353330833633848,1.897463925971559e-15
y,23.359580052481487,1.1368716243463226e-14
y,23.365829271329126,6.643350515560986e-15
y,23.37207849017677,1.4550485040883276e-15
y,23.37832770902441,7.580950956073678e-15
y,23.38457692787205,1.3371894141226988e-14
y,23.39082614671969,6.324438364483378e-15
y,23.397075365567332,2.167919787992438e-15
y,23.403324584414975,8.885467162181302e-15
y,23.409573803262614,1.1490752243746099e-14
y,23.415823022110253,9.470020332928405e-15
y,23.422072240957895,1.4649453374151753e-15
y,23.428321459805538,6.873949780104556e-15
y,23.434570678653177,1.02690651271967e-14
y,23.440819897500816,4.163293462212721e-15
y,23.44706911634846,1.3088052709098136e-16
y,23.4533183351961,1.4596025748026945e-14
y,23.45956755404374,1.4553309132704137e-14
y,23.46581677289138,5.906376096719747e-15
y,23.472065991739022,1.5144237236424646e-15
y,23.478315210586665,2.958569862659122e-15
y,23.484564429434304,3.627404374831436e-15
y,23.490813648281943,6.879960245518392e-16
y,23.497062867129586,6.995279309714622e-16
y,23.503312085977228,1.6201178715575095e-16
y,23.509561304824867,2.0504901071965611e-16
y,23.515810523672506,2.6918665440662876e-15
y,23.52205974252015,2.0502623498920715e-15
y,23.52830896136779,1.5533592486634109e-15
y,23.53455818021543,1.5363536874684029e-15
y,23.54080739906307,3.68293866514502e-15
y,23.547056617910712,1.4578009209793596e-14
y,23.553305836758355,5.826590038475918e-15
y,23.559555055605994,1.0305785427967854e-15
y,23.565804274453633,7.08229076661107e-15
y,23.572053493301276,5.561916535718917e-15
y,23.57830271214892,5.829202906223537e-16
y,23.584551930996557,4.951139721994473e-15
y,23.590801149844197,7.746981660042586e-16
y,23.59705036869184,1.7324924071973743e-16
y,23.60329958753948,2.6480759551670576e-15
y,23.60954880638712,4.063135558112611e-15
y,23.61579802523476,1.7151819728761236e-15
y,23.622047244082403,1.145499424159999e-16
y,23.628296462930045,1.5491300208357283e-15
y,23.634545681777684,3.528427499945249e-15
y,23.640794900625323,4.903602733516391e-15
y,23.647044119472966,2.4641597974292244e-15
y,23.65329333832061,4.1493112168071945e-15
y,23.659542557168248,1.1087234200325048e-15
y,23.665791776015887,9.402600910720908e-16
y,23.67204099486353,2.8116573888555802e-15
y,23.678290213711172,5.190596917828735e-15
y,23.68453943255881,2.9549926718408876e-15
y,23.69078865140645,7.536572334325041e-17
y,23.697037870254093,4.2109339372667574e-16
y,23.703287089101735,9.296429155686475e-16
y,23.709536307949374,1.036273353923516e-15
y,23.715785526797013,1.3186634055652798e-15
y,23.722034745644656,2.0214168904456695e-15
y,23.7282839644923,1.680723187578698e-15
y,23.734533183339938,1.7542780534085297e-15
y,23.740782402187577,3.4570545339311373e-15
y,23.74703162103522,6.77162047001483e-15
y,23.753280839882862,3.897693388245702e-15
y,23.7595300587305,4.64512558804239e-15
y,23.76577927757814,1.9526118815537582e-15
y,23.772028496425783,2.1184489988003778e-15
y,23.778277715273425,5.328566370045122e-15
y,23.784526934121065,4.317101194774928e-15
y,23.790776152968704,2.75473067724119e-15
y,23.797025371816346,5.6030043588250735e-15
y,23.80327459066399,7.654289791447918e-15
y,23.809523809511628,6.558400780120747e-16
y,23.815773028359267,2.6492196709032995e-15
y,23.82202224720691,3.971086929348214e-16
y,23.828271466054552,6.21960571240551e-15
y,23.83452068490219,1.0194058244748744e-14
y,23.84076990374983,6.333480874235998e-15
y,23.847019122597473,9.14943008708971e-15
y,23.853268341445116,8.685604720767812e-15
y,23.859517560292755,2.7661053236964215e-15
y,23.865766779140394,1.5122433205242951e-16
y,23.872015997988036,4.576296345377037e-16
y,23.87826521683568,1.665295579163675e-15
y,23.884514435683318,1.5018807385187982e-16
y,23.890763654530957,9.65862260952492e-16
y,23.8970128733786,1.25089639168991e-15
y,23.903262092226242,4.055023389304834e-15
y,23.90951131107388,4.87598473345519e-15
y,23.91576052992152,1.6045300264340472e-15
y,23.922009748769163,2.3358635727080126e-15
y,23.928258967616806,1.9176514469632234e-16
y,23.934508186464445,1.8236468821975646e-16
y,23.940757405312084,6.297127993352422e-16
y,23.947006624159727,2.338268433287441e-15
y,23.95325584300737,3.332655587021808e-15
y,23.95950506185501,2.4764669437348483e-17
y,23.965754280702647,2.661809718008262e-15
y,23.97200349955029,1.387443374638125e-15
y,23.978252718397933,3.915483571534872e-16
y,23.98450193724557,1.1881822916934436e-16
y,23.99075115609321,2.329324939142639e-15
y,23.997000374940853,1.284243634868226e-15
y,24.003249593788496,7.326895800225131e-16
y,24.009498812636135,5.73021792875646e-16
y,24.015748031483774,2.0765936146423015e-15
y,24.021997250331417,4.103066269905623e-15
y,24.02824646917906,3.374452674416515e-15
y,24.0344956880267,7.616144336087884e-15
y,24.040744906874338,1.6291460101122263e-15
y,24.04699412572198,8.917388628968507e-15
y,24.053243344569623,1.4314213273580534e-14
y,24.059492563417262,1.106450493750081e-15
y,24.0657417822649,7.558545184473899e-16
y,24.071991001112544,3.068988165920772e-15
y,24.078240219960186,2.3380094950240062e-15
y,24.084489438807825,1.432952238643887e-15
y,24.090738657655464,1.8627740384648405e-15
y,24.096987876503107,1.216566298991846e-15
y,24.10323709535075,1.9799763459690312e-16
y,24.10948631419839,2.9607252650271074e-16
y,24.115735533046028,2.1809970399462394e-15
y,24.12198475189367,6.685725153483447e-15
y,24.128233970741313,2.759713110210623e-15
y,24.134483189588952,3.8082582531036206e-15
y,24.14073240843659,7.064108344033854e-16
y,24.146981627284234,1.2578092286980187e-16
y,24.153230846131876,5.61944390384954e-16
y,24.159480064979515,1.210785871526126e-15
y,24.165729283827154,5.397080377451759e-15
y,24.171978502674797,6.084200653857043e-15
y,24.17822772152244,2.5853309749299937e-15
y,24.18447694037008,7.274501012470237e-15
y,24.190726159217718,1.3302470810096983e-14
y,24.19697537806536,7.830158187414011e-15
y,24.203224596913003,4.350331775535736e-15
y,24.209473815760642,5.2974975714467845e-15
y,24.21572303460828,2.701634648764205e-15
y,24.221972253455924,6.390544337445188e-17
y,24.228221472303566,1.8454555492713184e-15
y,24.234470691151206,1.6546073862324232e-15
y,24.240719909998845,1.2501234017403968e-16
y,24.246969128846487,1.1317077034403074e-15
y,24.25321834769413,1.0480682094192787e-15
y,24.25946756654177,7.893836545078191e-16
y,24.265716785389408,2.6634549394489864e-15
y,24.27196600423705,2.863017523188493e-15
y,24.278215223084693,2.0293825722215173e-15
y,24.284464441932332,2.928481165234673e-16
y,24.29071366077997,2.330816995650841e-15
y,24.296962879627614,2.322047913775675e-15
y,24.303212098475257,1.5190658946051321e-15
y,24.309461317322896,3.319683130832969e-15
y,24.315710536170535,3.944103902174122e-15
y,24.321959755018177,4.8583120666551314e-15
y,24.32820897386582,5.416237203827412e-15
y,24.33445819271346,3.1591488653513917e-15
y,24.340707411561098,4.03203263059734e-15
y,24.34695663040874,1.6813512149942078e-15
y,24.353205849256383,1.1662332656058468e-15
y,24.359455068104023,3.911439497914071e-15
y,24.36570428695166,3.236144463910274e-15
y,24.371953505799304,4.254496401356822e-15
y,24.378202724646947,3.740204732599957e-15
y,24.384451943494586,8.697905056275631e-16
y,24.390701162342225,1.9933555337517745e-15
y,24.396950381189868,1.7684250563637641e-15
y,24.40319960003751,7.717210993115645e-15
y,24.40944881888515,1.2300229824528011e-14
y,24.41569803773279,4.441396486159636e-15
y,24.42194725658043,1.7729918937461826e-16
y,24.428196475428074,2.973369431413571e-15
y,24.434445694275713,8.231989786339387e-15
y,24.44069491312335,4.103239374281995e-15
y,24.446944131970994,1.6946255400790451e-15
y,24.453193350818637,2.940314555130996e-15
y,24.459442569666276,9.320122183083608e-15
y,24.465691788513915,4.504250791352606e-15
y,24.471941007361558,1.9491659215879955e-14
y,24.4781902262092,1.6609403950989522e-14
y,24.48443944505684,7.453664320160357e-16
y,24.49068866390448,1.4038836457704477e-14
y,24.49693788275212,2.0024600510937182e-14
y,24.503187101599764,1.2177901975546513e-15
y,24.509436320447403,1.8725056433280505e-15
y,24.515685539295042,7.753041708433894e-16
y,24.521934758142685,5.845365781231925e-15
y,24.528183976990327,2.4673095030172166e-15
y,24.534433195837966,3.045724216463805e-17
y,24.540682414685605,2.9512126886361334e-16
y,24.546931633533248,1.3092247007548432e-15
y,24.55318085238089,1.2772057748595146e-15
y,24.55943007122853,2.368230068279216e-15
y,24.56567929007617,2.3228656971931984e-15
y,24.57192850892381,1.0544431179886115e-16
y,24.578177727771454,2.646824236309276e-16
y,24.584426946619093,5.575655585182341e-15
y,24.590676165466732,4.495727330881584e-15
y,24.596925384314375,5.667873038447466e-16
y,24.603174603162017,5.845063310288532e-15
y,24.609423822009656,7.891302005250985e-15
y,24.615673040857295,2.2586344600315404e-15
y,24.621922259704938,7.220976053954471e-19
y,24.62817147855258,1.5865272360075017e-15
y,24.63442069740022,1.5789770314987614e-15
y,24.64066991624786,1.81655653350937e-15
y,24.6469191350955,1.065236099588909e-15
y,24.653168353943144,2.7939328391214084e-15
y,24.659417572790783,4.74890090408125e-15
y,24.665666791638422,1.5750106992878118e-15
y,24.671916010486065,1.6887355530397714e-16
y,24.678165229333707,7.478396634678146e-16
y,24.684414448181347,2.510062945421074e-15
y,24.690663667028986,3.5272624102494903e-16
y,24.69691288587663,1.1532982640113647e-15
y,24.70316210472427,1.0492849100125554e-15
y,24.70941132357191,3.2813604708379133e-16
y,24.71566054241955,1.6279966730008289e-15
y,24.72190976126719,9.28315960270342e-17
y,24.728158980114834,1.6923584244401084e-16
y,24.734408198962473,4.61659685783862e-17
y,24.740657417810112,1.7665172839470948e-15
y,24.746906636657755,1.1386442401370517e-14
y,24.753155855505398,8.492903787762309e-15
y,24.759405074353037,3.4067691411504697e-15
y,24.765654293200676,1.9309145842548444e-15
y,24.77190351204832,1.29249402066484e-15
y,24.77815273089596,5.737556513327722e-15
y,24.7844019497436,3.307032228220102e-15
y,24.79065116859124,9.462899091420742e-16
y,24.796900387438882,5.851965751141594e-16
y,24.803149606286524,1.5183377672000908e-16
y,24.809398825134164,4.625927956304607e-15
y,24.815648043981803,9.307188678771587e-15
y,24.821897262829445,3.1824691944348375e-15
y,24.828146481677088,7.391876908022121e-16
y,24.834395700524727,9.590245679226692e-15
y,24.840644919372366,5.327593279358535e-15
y,24.84689413822001,1.634131864307817e-15
y,24.85314335706765,1.804341052829301e-15
y,24.85939257591529,3.5488099137202453e-15
y,24.86564179476293,1.2665113313749474e-14
y,24.871891013610572,6.956739802527013e-15
y,24.878140232458215,1.7731153059707266e-16
y,24.884389451305854,3.318841924624158e-16
y,24.890638670153493,4.723678801401485e-16
y,24.896887889001135,1.3645581684896394e-15
y,24.903137107848778,2.0241987912816953e-15
y,24.909386326696417,2.011497261943888e-15
y,24.915635545544056,2.2923236295595355e-15
y,24.9218847643917,2.7434536865497067e-16
y,24.92813398323934,4.495273295788996e-16
y,24.93438320208698,4.727133283132921e-15
y,24.94063242093462,2.9274138557258976e-15
y,24.946881639782262,8.548600062759989e-17
y,24.953130858629905,6.52679535572867e-16
y,24.959380077477544,5.521049347371946e-16
y,24.965629296325183,2.6456004774268147e-16
y,24.971878515172826,1.769474030149965e-15
y,24.978127734020468,1.6363675594876944e-15
y,24.984376952868107,2.0405629937550004e-15
y,24.990626171715746,1.9509149329682698e-16
y,24.99687539056339,2.2759617296373744e-16
z,0.0,0.0
z,0.006249218847640847,4.953287698970883e-07
z,0.012498437695281694,3.455303179610578e-07
z,0.01874765654292254,2.0229742790408884e-07
z,0.02499687539056339,3.26427728905017e-07
z,0.031246094238204236,3.053131656736304e-07
z,0.03749531308584508,1.608541351929307e-07
z,0.04374453193348593,6.957398213453158e-08
z,0.04999375078112678,2.086841979878908e-07
z,0.056242969628767625,3.868620521707514e-10
z,0.06249218847640847,8.167432807426875e-07
z,0.06874140732404932,1.5493703362080327e-06
z,0.07499062617169017,6.177005257404498e-07
z,0.08123984501933101,1.508542186816573e-07
z,0.08748906386697186,2.414799006292821e-08
z,0.09373828271461271,1.4905128713291293e-07
z,0.09998750156225356,6.394118676625677e-07
z,0.1062367204098944,4.2762624120674607e-07
z,0.11248593925753525,1.7028420591894887e-07
z,0.1187351581051761,5.012297874556847e-07
z,0.12498437695281694,4.987495245249902e-08
z,0.1312335958004578,2.1081912889645406e-07
z,0.13748281464809864,4.237415297284137e-07
z,0.1437320334957395,1.1140921435535539e-08
z,0.14998125234338033,5.933931277041988e-07
z,0.15623047119102118,2.670609459209028e-07
z,0.16247969003866203,2.9335758841277404e-07
z,0.16872890888630288,3.099019073340752e-07
z,0.17497812773394372,8.958311186797262e-07
z,0.18122734658158457,1.3438933695446163e-06
z,0.18747656542922542,2.527513341532211e-06
z,0.19372578427686626,7.170545937206533e-07
z,0.1999750031245071,1.5295432636566116e-07
z,0.20622422197214796,9.950963335579812e-08
z,0.2124734408197888,2.9272985725830276e-07
z,0.21872265966742965,7.057914105248786e-07
z,0.2249718785150705,1.2966165347873519e-07
z,0.23122109736271135,2.8641236840069e-07
z,0.2374703162103522,2.392161112399711e-07
z,0.24371953505799304,1.9228878805813124e-07
z,0.2499687539056339,1.6207284974752284e-06
z,0.25621797275327474,1.691655367837214e-06
z,0.2624671916009156,1.233148393048338e-06
z,0.26871641044855643,2.155165189478445e-06
z,0.2749656292961973,3.300890286469658e-06
z,0.2812148481438381,1.6022148550222974e-06
z,0.287464066991479,1.5614417814574944e-06
z,0.2937132858391198,2.7345357335953224e-06
z,0.29996250468676067,3.654608865531099e-06
z,0.3062117235344015,7.392011993663227e-06
z,0.31246094238204236,1.9163052434329226e-06
z,0.3187101612296832,3.073207221601109e-06
z,0.32495938007732406,1.634258920361295e-06
z,0.3312085989249649,7.351513474094799e-08
z,0.33745781777260575,1.3975527707806937e-06
z,0.3437070366202466,2.1097210132989507e-06
z,0.34995625546788744,1.889462157374336e-06
z,0.3562054743155283,2.758422438673447e-06
z,0.36245469316316914,2.257579735497829e-06
z,0.36870391201081,2.2147920579163042e-07
z,0.37495313085845083,1.5752333942679497e-06
z,0.3812023497060917,1.6053880003035544e-06
z,0.38745156855373253,2.1329777898649138e-06
z,0.3937007874013734,2.492192759352498e-06
z,0.3999500062490142,1.5715980585078135e-07
z,0.40619922509665507,1.671942880324814e-06
z,0.4124484439442959,1.8427770794386387e-06
z,0.41869766279193676,8.631510045295514e-07
z,0.4249468816395776,2.376746387890038e-06
z,0.43119610048721846,5.564490836085441e-07
z,0.4374453193348593,4.974135823170179e-08
z,0.44369453818250015,4.3256427400479976e-07
z,0.449943757030141,1.113388749716177e-07
z,0.45619297587778185,1.4016307416885765e-06
z,0.4624421947254227,2.6638849216216865e-06
z,0.46869141357306354,2.5903889130887823e-06
z,0.4749406324207044,4.909657618726484e-07
z,0.48118985126834524,1.7044572327971368e-06
z,0.4874390701159861,3.4732433850219625e-06
z,0.49368828896362693,1.016204312836728e-06
z,0.4999375078112678,8.284357567407354e-07
z,0.5061867266589086,7.009588646066481e-07
z,0.5124359455065495,8.03607235995377e-09
z,0.5186851643541903,1.6513248474969305e-06
z,0.5249343832018312,2.1542476510935194e-06
z,0.531183602049472,1.9661590614770718e-06
z,0.5374328208971129,8.310904439089526e-07
z,0.5436820397447537,2.102293346740542e-06
z,0.5499312585923946,8.04843563404825e-07
z,0.5561804774400354,2.3033958746240646e-06
z,0.5624296962876763,6.546173391701979e-06
z,0.5686789151353171,3.0573521897288054e-05
z,0.574928133982958,1.8522349198476633e-05
z,0.5811773528305988,5.128474051356548e-06
z,0.5874265716782396,9.94281668920293e-07
z,0.5936757905258805,9.522177473689346e-07
z,0.5999250093735213,9.560249474728816e-07
z,0.6061742282211622,2.8260911299012946e-06
z,0.612423447068803,4.652089314456471e-06
z,0.6186726659164439,6.734444041396059e-07
z,0.6249218847640847,6.064765784166698e-07
z,0.6311711036117256,8.228783774758702e-07
z,0.6374203224593664,5.03512088787139e-06
z,0.6436695413070073,1.7338169691834329e-06
z,0.6499187601546481,3.514015400273398e-07
z,0.656167979002289,5.454036970843723e-08
z,0.6624171978499298,1.3387368481857901e-06
z,0.6686664166975707,4.333495572479878e-06
z,0.6749156355452115,2.4572395698435565e-06
z,0.6811648543928523,2.841155297044243e-06
z,0.6874140732404932,1.6367462230221012e-05
z,0.693663292088134,1.4265238299487553e-05
z,0.6999125109357749,1.0892929332072814e-05
z,0.7061617297834157,9.538054952816554e-06
z,0.7124109486310566,8.911324919391431e-06
z,0.7186601674786974,3.7500355238323686e-07
z,0.7249093863263383,1.6934269937488364e-06
z,0.7311586051739791,4.3463897949697465e-07
z,0.73740782402162,1.7113876028330012e-06
z,0.7436570428692608,2.140252425726435e-06
z,0.7499062617169017,3.0384545595225035e-06
z,0.7561554805645425,1.4912698128815964e-05
z,0.7624046994121834,7.335654099801942e-06
z,0.7686539182598242,5.700702594026371e-06
z,0.7749031371074651,6.984896172574657e-06
z,0.7811523559551059,1.9751385497835757e-06
z,0.7874015748027468,5.5799675008176225e-06
z,0.7936507936503876,6.173689004555457e-06
z,0.7999000124980284,2.9375156246270748e-06
z,0.8061492313456693,1.601009939712315e-05
z,0.8123984501933101,2.103241859088158e-05
z,0.818647669040951,2.038588438434128e-05
z,0.8248968878885918,1.746689773492271e-05
z,0.8311461067362327,4.5491767138304405e-06
z,0.8373953255838735,1.0438873319567076e-05
z,0.8436445444315144,3.1976131746809886e-05
z,0.8498937632791552,1.376446991427508e-05
z,0.8561429821267961,3.455249479771969e-05
z,0.8623922009744369,5.194495899834134e-05
z,0.8686414198220778,1.1553145641533426e-05
z,0.8748906386697186,4.989981852410103e-05
z,0.8811398575173595,2.7193382559129983e-05
z,0.8873890763650003,2.729288456121694e-06
z,0.8936382952126412,2.966163194929901e-05
z,0.899887514060282,3.5076370207780766e-05
z,0.9061367329079228,1.180547246017371e-05
z,0.9123859517555637,1.945387858820405e-05
z,0.9186351706032045,4.054580739593208e-05
z,0.9248843894508454,0.00012664427051064815
z,0.9311336082984862,7.773817489996516e-05
z,0.9373828271461271,2.452764912542591e-05
z,0.9436320459937679,0.000129459054489202
z,0.9498812648414088,5.276422385787604e-05
z,0.9561304836890496,8.112472399345276e-05
z,0.9623797025366905,0.00018568130561922918
z,0.9686289213843313,8.695473444749357e-05
z,0.9748781402319722,0.00012337205690208364
z,0.981127359079613,0.00014922703346287251
z,0.9873765779272539,7.332081358375035e-05
z,0.9936257967748947,0.00021750055771208363
z,0.9998750156225356,9.755654614784732e-05
z,1.0061242344701764,4.668906234108873e-05
z,1.0123734533178173,0.00015434669180143762
z,1.018622672165458,5.387534275198262e-05
z,1.024871891013099,5.5672634068408684e-05
z,1.0311211098607398,0.00014471042340995016
z,1.0373703287083806,5.853185309080625e-05
z,1.0436195475560215,3.260474624984758e-05
z,1.0498687664036623,1.536226824063982e-05
z,1.0561179852513032,3.8048343182635615e-05
z,1.062367204098944,3.630280317124444e-05
z,1.0686164229465849,2.527252007205763e-06
z,1.0748656417942257,3.2038459069723005e-05
z,1.0811148606418666,6.916291881395305e-05
z,1.0873640794895074,1.9672701570596364e-05
z,1.0936132983371483,6.069499579052628e-05
z,1.0998625171847891,5.456789470749353e-05
z,1.10611173603243,1.3721788343969135e-05
z,1.1123609548800708,3.80981694792428e-05
z,1.1186101737277117,1.9777504936786736e-05
z,1.1248593925753525,1.0366659706496408e-05
z,1.1311086114229933,2.8326507142577075e-05
z,1.1373578302706342,3.566174664857829e-05
z,1.143607049118275,3.140284219952987e-05
z,1.149856267965916,2.4530958959309856e-05
z,1.1561054868135567,6.339435066318222e-06
z,1.1623547056611976,7.20544235833982e-06
z,1.1686039245088384,1.0539149634645195e-05
z,1.1748531433564793,3.218268420310731e-06
z,1.1811023622041201,1.2514468398258469e-05
z,1.187351581051761,1.019223585416478e-05
z,1.1936007998994018,1.0842706845773724e-05
z,1.1998500187470427,2.5128168301951166e-05
z,1.2060992375946835,7.195897680234102e-06
z,1.2123484564423244,5.378783497746403e-06
z,1.2185976752899652,3.6100307232364974e-06
z,1.224846894137606,1.2207990530571807e-06
z,1.231096112985247,2.7768902247126996e-06
z,1.2373453318328878,2.565177047031232e-07
z,1.2435945506805286,1.5672539673680586e-05
z,1.2498437695281694,1.8251628957684215e-05
z,1.2560929883758103,2.2835884893780074e-05
z,1.2623422072234511,2.899650427190748e-05
z,1.268591426071092,3.8625344859716816e-05
z,1.2748406449187328,9.0008731675755e-06
z,1.2810898637663737,4.949746557296913e-06
z,1.2873390826140145,1.1108952939168011e-05
z,1.2935883014616554,4.592333900620672e-06
z,1.2998375203092962,3.3747013911630074e-07
z,1.306086739156937,6.708455812993944e-07
z,1.312335958004578,2.077293743435313e-06
z,1.3185851768522188,1.126069710013083e-05
z,1.3248343956998596,2.6520928803857155e-06
z,1.3310836145475005,1.9718211622618033e-06
z,1.3373328333951413,1.516140337023504e-06
z,1.3435820522427822,1.2193631536411941e-05
z,1.349831271090423,1.115881001784207e-05
z,1.3560804899380638,1.5147085139839143e-06
z,1.3623297087857047,5.505981194852878e-06
z,1.3685789276333455,1.7908046792416225e-06
z,1.3748281464809864,1.4996374082619524e-05
z,1.3810773653286272,5.24084667502734e-05
z,1.387326584176268,9.774581055017199e-05
z,1.393575803023909,3.183798951093119e-05
z,1.3998250218715498,6.509195410798654e-06
z,1.4060742407191906,1.7626635845200178e-06
z,1.4123234595668315,8.578541509140085e-06
z,1.4185726784144723,2.078745819213365e-06
z,1.4248218972621132,6.381651829874687e-06
z,1.431071116109754,8.408763516776086e-06
z,1.4373203349573949,8.23255214934314e-06
z,1.4435695538050357,2.02895607614307e-07
z,1.4498187726526766,2.8584019713215728e-06
z,1.4560679915003174,4.2033558245355985e-06
z,1.4623172103479583,5.030454634059619e-06
z,1.468566429195599,1.451702850771607e-05
z,1.47481564804324,1.019017048110882e-05
z,1.4810648668908808,9.417857433675864e-07
z,1.4873140857385216,1.0839012311735066e-05
z,1.4935633045861625,1.4309278204840471e-05
z,1.4998125234338033,8.97408310464589e-06
z,1.5060617422814442,6.225873207720557e-07
z,1.512310961129085,2.2604559953989893e-06
z,1.5185601799767259,9.80950014962151e-08
z,1.5248093988243667,1.6352306771043596e-06
z,1.5310586176720076,1.3019930193602097e-05
z,1.5373078365196484,5.816469112432182e-06
z,1.5435570553672893,1.0135349659546655e-05
z,1.5498062742149301,1.3190921317976043e-05
z,1.556055493062571,2.4267911152329934e-07
z,1.5623047119102118,1.6966173670896542e-05
z,1.5685539307578527,1.579589182911105e-05
z,1.5748031496054935,1.1061183204264564e-05
z,1.5810523684531343,1.5559798935919705e-05
z,1.5873015873007752,8.366787779386738e-07
z,1.593550806148416,1.3733697319707621e-05
z,1.599800024996057,2.2546617296760844e-05
z,1.6060492438436977,1.5906023314041557e-05
z,1.6122984626913386,1.7859812923781492e-05
z,1.6185476815389794,1.5583758663602548e-05
z,1.6247969003866203,1.7168323432417325e-06
z,1.6310461192342611,9.37209323504044e-06
z,1.637295338081902,2.949493332820871e-05
z,1.6435445569295428,1.5269339579671104e-05
z,1.6497937757771837,8.265258668870586e-05
z,1.6560429946248245,4.925741946481649e-05
z,1.6622922134724654,3.19642237818615e-05
z,1.6685414323201062,2.4985802358301885e-05
z,1.674790651167747,1.2531637609059895e-05
z,1.681039870015388,3.91655105297435e-05
z,1.6872890888630288,2.844512618922566e-05
z,1.6935383077106696,1.5894192476049222e-05
z,1.6997875265583104,2.5405353658876288e-05
z,1.7060367454059513,3.149285045336245e-05
z,1.7122859642535921,5.552430780650247e-06
z,1.718535183101233,3.093437274927965e-06
z,1.7247844019488738,5.078049598237758e-06
z,1.7310336207965147,1.6595108815872009e-06
z,1.7372828396441555,1.5816473660946954e-05
z,1.7435320584917964,8.851242860223504e-06
z,1.7497812773394372,2.5663134983145918e-06
z,1.756030496187078,4.372262742899547e-06
z,1.762279715034719,1.2615282957313034e-05
z,1.7685289338823598,6.405078765069476e-05
z,1.7747781527300006,4.3249926644163744e-05
z,1.7810273715776415,2.347618199720533e-05
z,1.7872765904252823,1.0718084266108312e-05
z,1.7935258092729232,6.595271757464348e-06
z,1.799775028120564,7.858214475573108e-06
z,1.8060242469682048,2.3268655050158384e-05
z,1.8122734658158457,2.9112237443414646e-08
z,1.8185226846634865,1.77647817105328e-05
z,1.8247719035111274,1.0405250226700687e-05
z,1.8310211223587682,1.2650536416137118e-06
z,1.837270341206409,2.8039279969741574e-05
z,1.84351956005405,1.3641379071011304e-05
z,1.8497687789016908,2.3489884871126948e-05
z,1.8560179977493316,4.845478237632202e-05
z,1.8622672165969725,1.5693051830045505e-05
z,1.8685164354446133,1.9545046040357828e-06
z,1.8747656542922542,1.4914642919750122e-05
z,1.881014873139895,6.857330899110802e-05
z,1.8872640919875359,0.00020296684473451894
z,1.8935133108351767,0.00014173791488434454
z,1.8997625296828176,4.2747865501876814e-07
z,1.9060117485304584,5.0943410037935e-05
z,1.9122609673780993,2.8644765662199135e-05
z,1.91851018622574,5.454697515527253e-05
z,1.924759405073381,0.00015935853538591324
z,1.9310086239210218,0.0003716892292373033
z,1.9372578427686626,0.0003050992064845891
z,1.9435070616163035,0.0010139661264321035
z,1.9497562804639443,0.10879458926793258
z,1.9560054993115852,0.6451606939387253
z,1.962254718159226,0.23395689450274687
z,1.9685039370068669,0.0011500497276113924
z,1.9747531558545077,0.000389995804526045
z,1.9810023747021486,0.00032602968648872945
z,1.9872515935497894,0.00014613610401735443
z,1.9935008123974303,0.00010131597135542893
z,1.9997500312450711,8.424652986703177e-06
z,2.005999250092712,4.253262270784914e-05
z,2.012248468940353,2.5464169673328858e-06
z,2.0184976877879937,7.286658288599872e-05
z,2.0247469066356345,0.0001560126657298989
z,2.0309961254832753,6.070595824899105e-05
z,2.037245344330916,1.1860883878433159e-05
z,2.043494563178557,1.9562035135751374e-06
z,2.049743782026198,4.518621937048531e-06
z,2.0559930008738387,2.186084459459253e-05
z,2.0622422197214796,1.9117374282886463e-05
z,2.0684914385691204,3.0488160027011846e-06
z,2.0747406574167613,1.2774204689659475e-05
z,2.080989876264402,2.418326908694866e-06
z,2.087239095112043,3.8042106011897444e-06
z,2.093488313959684,7.76662856269033e-06
z,2.0997375328073247,1.03241284237911e-06
z,2.1059867516549655,7.5531527977409045e-06
z,2.1122359705026064,4.7166474000254236e-06
z,2.118485189350247,4.988673751862712e-06
z,2.124734408197888,2.6009132564937454e-06
z,2.130983627045529,1.060594261948518e-05
z,2.1372328458931698,1.0244120053462458e-05
z,2.1434820647408106,2.1932039615661977e-05
z,2.1497312835884514,8.447495530480036e-06
z,2.1559805024360923,1.1151142523527466e-06
z,2.162229721283733,6.764150235985679e-07
z,2.168478940131374,1.1423591582546193e-06
z,2.174728158979015,3.6558959966624707e-06
z,2.1809773778266557,1.0822797997163164e-06
z,2.1872265966742965,1.4272669032528035e-06
z,2.1934758155219374,1.6345891754324664e-06
z,2.1997250343695782,4.1079945185038547e-07
z,2.205974253217219,5.377668077086946e-06
z,2.21222347206486,7.412796181866167e-06
z,2.2184726909125008,5.533455817020467e-06
z,2.2247219097601416,8.817113458284086e-06
z,2.2309711286077825,1.3267875376568807e-05
z,2.2372203474554233,8.578524568839133e-06
z,2.243469566303064,3.6645584943278746e-06
z,2.249718785150705,8.894284279798667e-06
z,2.255968003998346,9.321437902592842e-06
z,2.2622172228459867,2.0937787310114482e-05
z,2.2684664416936275,7.264704377205469e-06
z,2.2747156605412684,8.33765916280974e-06
z,2.2809648793889092,6.870850381589751e-06
z,2.28721409823655,1.3575079764935938e-08
z,2.293463317084191,2.6348025704171963e-06
z,2.299712535931832,5.118219337766395e-06
z,2.3059617547794726,4.39241513742927e-06
z,2.3122109736271135,6.002472514275922e-06
z,2.3184601924747543,6.011544184156525e-06
z,2.324709411322395,1.0983108774366145e-06
z,2.330958630170036,2.0765434830674435e-06
z,2.337207849017677,3.2591151754838434e-06
z,2.3434570678653177,3.748152153108733e-06
z,2.3497062867129586,4.417064426637717e-06
z,2.3559555055605994,6.627745311613908e-07
z,2.3622047244082403,2.107811171894187e-06
z,2.368453943255881,3.444510422972583e-06
z,2.374703162103522,1.324756411697383e-06
z,2.380952380951163,3.826105479057859e-06
z,2.3872015997988036,1.502869280672144e-06
z,2.3934508186464445,1.2563668255032e-07
z,2.3997000374940853,5.991834111709085e-07
z,2.405949256341726,3.024876005854075e-07
z,2.412198475189367,1.4217183241706613e-06
z,2.418447694037008,3.2514973304404287e-06
z,2.4246969128846487,3.6604010633580072e-06
z,2.4309461317322896,1.2527044603139512e-06
z,2.4371953505799304,1.4207958548256185e-06
z,2.4434445694275713,4.391011946713938e-06
z,2.449693788275212,1.1867721936276246e-06
z,2.455943007122853,7.924220062789313e-07
z,2.462192225970494,8.314587430144872e-07
z,2.4684414448181347,6.959425068274127e-09
z,2.4746906636657755,1.320056579981063e-06
z,2.4809398825134164,2.1519123857875048e-06
z,2.487189101361057,2.217575158096856e-06
z,2.493438320208698,1.30741918026004e-06
z,2.499687539056339,1.5562489368852266e-06
z,2.5059367579039797,1.3179407138870818e-06
z,2.5121859767516206,2.8477421260005887e-06
z,2.5184351955992614,3.310771489370492e-06
z,2.5246844144469023,2.7164002064790114e-05
z,2.530933633294543,1.8855072909539613e-05
z,2.537182852142184,4.800447483135179e-06
z,2.543432070989825,1.1964801005859e-06
z,2.5496812898374657,2.3398634239250221e-07
z,2.5559305086851065,1.127370769354631e-06
z,2.5621797275327474,1.3957582653642294e-06
z,2.568428946380388,3.850976417685323e-06
z,2.574678165228029,6.12870228245863e-07
z,2.58092738407567,3.1831265412090627e-07
z,2.5871766029233108,4.6364991635640824e-07
z,2.5934258217709516,3.846326432713667e-06
z,2.5996750406185924,2.1731753700214096e-06
z,2.6059242594662333,3.1664788866637827e-07
z,2.612173478313874,4.022237151136796e-09
z,2.618422697161515,6.283970022351653e-07
z,2.624671916009156,2.4319162753711324e-06
z,2.6309211348567967,1.7736174007922507e-06
z,2.6371703537044375,1.1976581919559743e-06
z,2.6434195725520784,8.937399882421832e-06
z,2.6496687913997192,9.049716883128785e-06
z,2.65591801024736,6.253753508985665e-06
z,2.662167229095001,5.926004365932106e-06
z,2.6684164479426418,5.610385773205693e-06
z,2.6746656667902826,5.338726984886184e-07
z,2.6809148856379235,1.0342695253194736e-06
z,2.6871641044855643,1.7831807209646916e-07
z,2.693413323333205,7.790196671487233e-07
z,2.699662542180846,7.643403792992003e-07
z,2.705911761028487,1.0457170393314104e-06
z,2.7121609798761277,7.34783508359632e-06
z,2.7184101987237685,4.159012526810934e-06
z,2.7246594175714094,2.5195399527686395e-06
z,2.7309086364190502,2.9659451842430407e-06
z,2.737157855266691,9.862568103643298e-07
z,2.743407074114332,1.987978554928175e-06
z,2.749656292961973,3.413993606559051e-06
z,2.7559055118096136,8.595454939414654e-07
z,2.7621547306572545,6.36896674022971e-06
z,2.7684039495048953,8.711452191029084e-06
z,2.774653168352536,6.905594111395618e-06
z,2.780902387200177,6.0334892741738855e-06
z,2.787151606047818,1.1574004985041305e-06
z,2.7934008248954587,2.5816935841988077e-06
z,2.7996500437430996,1.2622672264718872e-05
z,2.8058992625907404,7.001894006706455e-06
z,2.8121484814383813,9.936254738976894e-06
z,2.818397700286022,1.9266777260351755e-05
z,2.824646919133663,3.6094021984252244e-06
z,2.830896137981304,1.4596336529221137e-05
z,2.8371453568289446,9.578275014881426e-06
z,2.8433945756765855,1.1538646817493942e-06
z,2.8496437945242263,8.966975956587058e-06
z,2.855893013371867,1.1877264466070935e-05
z,2.862142232219508,3.2701756584460603e-06
z,2.868391451067149,3.8044281307445256e-06
z,2.8746406699147897,8.237494452824638e-06
z,2.8808898887624306,3.29616944871498e-05
z,2.8871391076100714,2.942423644349235e-05
z,2.8933883264577123,2.0499448123447246e-06
z,2.899637545305353,2.9018760426721194e-05
z,2.905886764152994,1.57438217188506e-05
z,2.912135983000635,1.8209104423440253e-05
z,2.9183852018482757,3.851584330623299e-05
z,2.9246344206959165,2.4914228600288546e-05
z,2.9308836395435574,2.220354981632941e-05
z,2.937132858391198,3.9060235013487914e-05
z,2.943382077238839,1.3376746012265331e-05
z,2.94963129608648,5.155242309091971e-05
z,2.9558805149341207,2.5001957236905084e-05
z,2.9621297337817616,7.740667962161062e-06
z,2.9683789526294024,3.280133927961565e-05
z,2.9746281714770433,1.7878176535448478e-05
z,2.980877390324684,5.356080768772792e-06
z,2.987126609172325,2.670372336991313e-05
z,2.993375828019966,1.2808829062397362e-05
z,2.9996250468676067,8.262206201361919e-06
z,3.0058742657152475,3.1371494698048657e-06
z,3.0121234845628884,5.823428524433467e-06
z,3.018372703410529,6.340706291632936e-06
z,3.02462192225817,2.6888540790433847e-07
z,3.030871141105811,4.948757671046934e-06
z,3.0371203599534518,1.1489424859536954e-05
z,3.0433695788010926,4.4625151789799805e-06
z,3.0496187976487334,7.577510648178388e-06
z,3.0558680164963743,9.471333154798357e-06
z,3.062117235344015,1.6559867763294336e-06
z,3.068366454191656,4.243875729509421e-06
z,3.074615673039297,3.478886061137853e-06
z,3.0808648918869377,2.1672948495565377e-06
z,3.0871141107345785,4.1661878688914756e-06
z,3.0933633295822194,5.506338234278711e-06
z,3.0996125484298602,4.109426794398742e-06
z,3.105861767277501,3.0011532676858732e-06
z,3.112110986125142,1.0357796186918968e-06
z,3.1183602049727828,5.498974058940149e-07
z,3.1246094238204236,1.4461449720029562e-06
z,3.1308586426680645,3.893895760680374e-07
z,3.1371078615157053,1.5079221624393104e-06
z,3.143357080363346,1.1881214835362235e-06
z,3.149606299210987,1.007906492902696e-06
z,3.155855518058628,2.450631069821148e-06
z,3.1621047369062687,9.722682350003545e-07
z,3.1683539557539095,7.150168122023848e-07
z,3.1746031746015504,4.3045766985616186e-07
z,3.1808523934491912,1.7771417775068142e-07
z,3.187101612296832,2.1406231331667385e-07
z,3.193350831144473,1.5255749864093343e-08
z,3.199600049992114,1.2071665176905608e-06
z,3.2058492688397546,1.5654729350083664e-06
z,3.2120984876873955,1.9874479045216448e-06
z,3.2183477065350363,2.4119644533433906e-06
z,3.224596925382677,3.491369064579197e-06
z,3.230846144230318,1.0859990374747906e-06
z,3.237095363077959,3.574984676106091e-07
z,3.2433445819255997,9.557008557306085e-07
z,3.2495938007732406,5.435273092758002e-07
z,3.2558430196208814,5.1241739336215054e-08
z,3.2620922384685223,3.541992406608019e-08
z,3.268341457316163,4.889240508028068e-08
z,3.274590676163804,6.583958718358936e-07
z,3.280839895011445,2.325993213085974e-07
z,3.2870891138590856,1.4654111022036898e-07
z,3.2933383327067265,8.053851697079588e-08
z,3.2995875515543673,7.42857724736021e-07
z,3.305836770402008,9.302534408018658e-07
z,3.312085989249649,3.19732605221092e-08
z,3.31833520809729,5.418521116349116e-07
z,3.3245844269449307,5.395700480757684e-08
z,3.3308336457925716,8.19851227472122e-07
z,3.3370828646402124,2.736687528928479e-06
z,3.3433320834878533,5.3655985980945985e-06
z,3.349581302335494,2.417591751132385e-06
z,3.355830521183135,3.2973719517225254e-07
z,3.362079740030776,1.2540079325002042e-07
z,3.3683289588784167,4.658764075488576e-07
z,3.3745781777260575,9.692531392967713e-08
z,3.3808273965736984,2.6932954010142464e-07
z,3.387076615421339,4.0168941190090903e-07
z,3.39332583426898,4.897304104030533e-07
z,3.399575053116621,3.15340896943966e-08
z,3.4058242719642617,1.337324506800574e-07
z,3.4120734908119026,2.2485339406652068e-07
z,3.4183227096595434,2.738300414423041e-07
z,3.4245719285071843,5.708337964278766e-07
z,3.430821147354825,5.40166350194059e-07
z,3.437070366202466,1.927682278594122e-08
z,3.443319585050107,3.4896086064279453e-07
z,3.4495688038977477,6.092290556847863e-07
z,3.4558180227453885,4.32037866245088e-07
z,3.4620672415930294,5.371770733979737e-08
z,3.46831646044067,7.623993299739591e-08
z,3.474565679288311,2.633737495906731e-10
z,3.480814898135952,2.051847276743583e-08
z,3.4870641169835928,4.126878167641871e-07
z,3.4933133358312336,2.407299173125327e-07
z,3.4995625546788744,2.898859747826435e-07
z,3.5058117735265153,5.203057028606403e-07
z,3.512060992374156,1.8565678317789762e-09
z,3.518310211221797,5.151328664634614e-07
z,3.524559430069438,5.316696084821678e-07
z,3.5308086489170787,3.1536024534240775e-07
z,3.5370578677647195,5.630441062866692e-07
z,3.5433070866123604,5.185219163878776e-08
z,3.5495563054600012,2.68913601125864e-07
z,3.555805524307642,6.081070476507201e-07
z,3.562054743155283,4.401092470104121e-07
z,3.5683039620029238,4.399900991993076e-07
z,3.5745531808505646,4.894875748178919e-07
z,3.5808023996982055,7.888373656427852e-08
z,3.5870516185458463,1.04063351993591e-07
z,3.593300837393487,6.488959148545066e-07
z,3.599550056241128,2.487874134600999e-07
z,3.605799275088769,1.8829885789695608e-06
z,3.6120484939364097,1.3576428800473068e-06
z,3.6182977127840505,6.8135879617101e-07
z,3.6245469316316914,6.679265733668487e-07
z,3.6307961504793322,1.4763822124034033e-07
z,3.637045369326973,6.897642714813342e-07
z,3.643294588174614,5.630943228942037e-07
z,3.649543807022255,2.7278707033807383e-07
z,3.6557930258698956,4.5641142282830274e-07
z,3.6620422447175365,6.904418120823415e-07
z,3.6682914635651773,1.685881966094291e-07
z,3.674540682412818,3.665693249554875e-08
z,3.680789901260459,8.372046837095325e-08
z,3.6870391201081,1.3809226034782462e-08
z,3.6932883389557407,2.6769714053325075e-07
z,3.6995375578033816,1.9867004997187926e-07
z,3.7057867766510224,4.62840160452108e-08
z,3.7120359954986633,8.42303413565738e-08
z,3.718285214346304,1.2299791269769103e-07
z,3.724534433193945,8.190133573459983e-07
z,3.730783652041586,7.048980635947283e-07
z,3.7370328708892266,2.7696613759521327e-07
z,3.7432820897368675,1.5858142948124228e-07
z,3.7495313085845083,4.4717049536545445e-08
z,3.755780527432149,7.554683010200431e-08
z,3.76202974627979,2.6556736151678557e-07
z,3.768278965127431,8.326728239208874e-09
z,3.7745281839750717,1.7750766410404373e-07
z,3.7807774028227126,1.2102506180963866e-07
z,3.7870266216703534,2.512534580302193e-09
z,3.7932758405179943,2.5149349536071677e-07
z,3.799525059365635,1.7174359863202388e-07
z,3.805774278213276,1.5293328057097469e-07
z,3.812023497060917,4.102790343546112e-07
z,3.8182727159085577,1.7370295204979634e-07
z,3.8245219347561985,1.8712570373065546e-08
z,3.8307711536038394,9.315170331915867e-08
z,3.83702037245148,4.226992665631709e-07
z,3.843269591299121,1.23748271359358e-06
z,3.849518810146762,1.0275194599188585e-06
z,3.8557680289944027,1.9489242837622432e-08
z,3.8620172478420436,2.7795792210655014e-07
z,3.8682664666896844,2.3660705827165677e-07
z,3.8745156855373253,1.5470453936444075e-07
z,3.880764904384966,7.51451381440638e-07
z,3.887014123232607,1.7738932562075768e-06
z,3.893263342080248,1.4249337645410603e-06
z,3.8995125609278887,4.227303653731575e-06
z,3.9057617797755295,7.058022293680991e-05
z,3.9120109986231704,0.0006344474151417908
z,3.918260217470811,0.00032815478855220627
z,3.924509436318452,5.04353715092752e-06
z,3.930758655166093,1.8564668507446692e-06
z,3.9370078740137338,1.1602760882204672e-06
z,3.9432570928613746,4.944864785372557e-07
z,3.9495063117090154,4.3961741133168973e-07
z,3.9557555305566563,2.222727802550671e-08
z,3.962004749404297,1.3014193314367515e-07
z,3.968253968251938,2.0940613599926654e-08
z,3.974503187099579,1.5903167661202258e-07
z,3.9807524059472197,4.2400228632225275e-07
z,3.9870016247948605,1.827206355761155e-07
z,3.9932508436425014,3.248571664408049e-08
z,3.9995000624901422,6.704705899687016e-09
z,4.005749281337783,8.654898657805205e-09
z,4.011998500185424,3.7747250674099446e-08
z,4.018247719033065,4.3691601562724e-08
z,4.024496937880706,4.511400108089082e-09
z,4.0307461567283465,2.0315061976269787e-08
z,4.036995375575987,6.179517398360946e-09
z,4.043244594423628,5.614414528844338e-09
z,4.049493813271269,1.2414847843409995e-08
z,4.05574303211891,3.142299823825261e-09
z,4.061992250966551,8.627535617007307e-09
z,4.0682414698141915,8.008343767487074e-09
z,4.074490688661832,7.838910194089516e-09
z,4.080739907509473,2.952408418814785e-09
z,4.086989126357114,1.4435943611938125e-08
z,4.093238345204755,1.0835776903708866e-08
z,4.099487564052396,2.3359792365659205e-08
z,4.105736782900037,1.2453355444388899e-08
z,4.1119860017476775,1.8469148592209327e-09
z,4.118235220595318,7.816148968685795e-10
z,4.124484439442959,6.713341094438775e-10
z,4.1307336582906,2.93921286947638e-09
z,4.136982877138241,1.2914932539488368e-09
z,4.143232095985882,1.297285204840083e-09
z,4.149481314833523,1.9753498595616935e-09
z,4.155730533681163,1.545453923437593e-10
z,4.161979752528804,3.513035617692378e-09
z,4.168228971376445,6.839202736769898e-09
z,4.174478190224086,5.839363047495841e-09
z,4.180727409071727,9.234667219066617e-09
z,4.186976627919368,1.4159570194152502e-08
z,4.1932258467670085,1.1832295431272886e-08
z,4.199475065614649,3.0447662653324036e-09
z,4.20572428446229,8.399767772643105e-09
z,4.211973503309931,8.32218810829945e-09
z,4.218222722157572,1.9904148195923672e-08
z,4.224471941005213,8.932500416421496e-09
z,4.230721159852854,8.355093740356542e-09
z,4.236970378700494,1.0198888226541498e-08
z,4.243219597548135,6.973882870921741e-11
z,4.249468816395776,2.2788633327860145e-09
z,4.255718035243417,5.607151627203705e-09
z,4.261967254091058,5.131468732951837e-09
z,4.268216472938699,7.4321168128557375e-09
z,4.2744656917863395,8.482035206664165e-09
z,4.28071491063398,2.490495293008082e-09
z,4.286964129481621,1.7358502038995189e-09
z,4.293213348329262,4.233276235357312e-09
z,4.299462567176903,4.928006230386331e-09
z,4.305711786024544,6.069849908839008e-09
z,4.311961004872185,1.5064935466576946e-09
z,4.318210223719825,2.2321233395877133e-09
z,4.324459442567466,5.6292874210840365e-09
z,4.330708661415107,2.1280687597377973e-09
z,4.336957880262748,6.316228355609077e-09
z,4.343207099110389,3.736842340801011e-09
z,4.34945631795803,3.0697868076324407e-10
z,4.3557055368056705,1.1611901560571825e-09
z,4.361954755653311,9.54471199783456e-10
z,4.368203974500952,1.8741678567560193e-09
z,4.374453193348593,5.67703060160319e-09
z,4.380702412196234,7.3775736325576185e-09
z,4.386951631043875,4.149376431536966e-09
z,4.393200849891516,2.012402463112591e-09
z,4.3994500687391564,9.741750639696757e-09
z,4.405699287586797,2.9873724711662455e-09
z,4.411948506434438,1.496802327874694e-09
z,4.418197725282079,2.2299317753433123e-09
z,4.42444694412972,1.0058115727368365e-10
z,4.430696162977361,2.409748996091932e-09
z,4.4369453818250015,5.182446528549961e-09
z,4.443194600672642,6.48503256726742e-09
z,4.449443819520283,5.212824776885917e-09
z,4.455693038367924,3.3276963807638024e-09
z,4.461942257215565,5.738571669903439e-09
z,4.468191476063206,1.1314439557027905e-08
z,4.474440694910847,4.496843260130936e-09
z,4.4806899137584875,8.521824291238876e-08
z,4.486939132606128,7.251402698392336e-08
z,4.493188351453769,1.8165212233970057e-08
z,4.49943757030141,5.223168099939278e-09
z,4.505686789149051,5.093386285619277e-11
z,4.511936007996692,4.995222478897824e-09
z,4.5181852268443325,3.3354715177877766e-09
z,4.524434445691973,1.5466393499247192e-08
z,4.530683664539614,2.7629369083836594e-09
z,4.536932883387255,8.519293291720584e-10
z,4.543182102234896,1.5285779311615214e-09
z,4.549431321082537,1.7349670582823744e-08
z,4.555680539930178,1.4983486909287353e-08
z,4.5619297587778185,2.0535553412049093e-09
z,4.568178977625459,1.1459498643363718e-10
z,4.5744281964731,2.346071693546499e-09
z,4.580677415320741,1.023058647834703e-08
z,4.586926634168382,1.0057828134969914e-08
z,4.593175853016023,4.563718492363023e-09
z,4.599425071863664,4.221660708226228e-08
z,4.605674290711304,5.1848620903458756e-08
z,4.611923509558945,3.408741967322517e-08
z,4.618172728406586,3.6284373548653117e-08
z,4.624421947254227,3.582961039304533e-08
z,4.630671166101868,6.168667183996521e-09
z,4.636920384949509,6.678958172516035e-09
z,4.6431696037971495,1.3568947704241598e-09
z,4.64941882264479,4.1391663798662245e-09
z,4.655668041492431,3.5548817622179525e-09
z,4.661917260340072,4.7785157368715415e-09
z,4.668166479187713,4.8648856798999715e-08
z,4.674415698035354,3.340419361943494e-08
z,4.680664916882995,1.695970690442751e-08
z,4.686914135730635,1.9688349582059173e-08
z,4.693163354578276,7.804430069380045e-09
z,4.699412573425917,1.1997880902684866e-08
z,4.705661792273558,3.06151293907857e-08
z,4.711911011121199,5.8101360406335725e-09
z,4.71816022996884,4.620358611673004e-08
z,4.7244094488164805,7.110541833485766e-08
z,4.730658667664121,4.897052337207168e-08
z,4.736907886511762,4.19535442260102e-08
z,4.743157105359403,7.472385615249589e-09
z,4.749406324207044,1.4160453226088932e-08
z,4.755655543054685,1.1020574592916747e-07
z,4.761904761902326,8.296949128421329e-08
z,4.768153980749966,7.482571822912618e-08
z,4.774403199597607,1.7774328571972133e-07
z,4.780652418445248,3.889739932141623e-08
z,4.786901637292889,1.1638558221540432e-07
z,4.79315085614053,9.798507192016108e-08
z,4.799400074988171,1.4030512006311628e-08
z,4.8056492938358115,8.646286743395865e-08
z,4.811898512683452,1.2948721813420964e-07
z,4.818147731531093,3.0992571441201936e-08
z,4.824396950378734,2.5554817197528253e-08
z,4.830646169226375,5.510817364259016e-08
z,4.836895388074016,3.0878301901188925e-07
z,4.843144606921657,3.838084787138233e-07
z,4.8493938257692975,5.341579812340789e-09
z,4.855643044616938,2.5355837872174295e-07
z,4.861892263464579,1.8810362350112945e-07
z,4.86814148231222,1.9060541404137774e-07
z,4.874390701159861,3.6371866199064547e-07
z,4.880639920007502,3.1243098441861996e-07
z,4.8868891388551425,1.9176590481098404e-07
z,4.893138357702783,4.838336416461545e-07
z,4.899387576550424,1.4428101928398647e-07
z,4.905636795398065,6.305151849144358e-07
z,4.911886014245706,3.613523719631363e-07
z,4.918135233093347,7.685509044279707e-08
z,4.924384451940988,3.9732053015943344e-07
z,4.9306336707886285,3.1353075540030535e-07
z,4.936882889636269,2.2622597079519507e-08
z,4.94313210848391,3.050784295418533e-07
z,4.949381327331551,1.7542792163754553e-07
z,4.955630546179192,1.3863810545527024e-07
z,4.961879765026833,4.905286382924355e-08
z,4.9681289838744735,6.562921792397282e-08
z,4.974378202722114,8.424261423514826e-08
z,4.980627421569755,2.041667141133905e-09
z,4.986876640417396,6.45933691588534e-08
z,4.993125859265037,1.5682993176486058e-07
z,4.999375078112678,8.448288535102889e-08
z,5.005624296960319,8.072063238249193e-08
z,5.0118735158079595,1.4367665916091588e-07
z,5.0181227346556,2.3641441716585673e-08
z,5.024371953503241,4.1592702720080944e-08
z,5.030621172350882,5.6058631428212845e-08
z,5.036870391198523,4.4506765388301374e-08
z,5.043119610046164,6.761782909871328e-08
z,5.049368828893805,9.193620098050982e-08
z,5.055618047741445,6.316984956440592e-08
z,5.061867266589086,4.1984806152957586e-08
z,5.068116485436727,1.8499873252065543e-08
z,5.074365704284368,4.59798664449458e-09
z,5.080614923132009,2.4293396550058708e-08
z,5.08686414197965,7.1358510410203074e-09
z,5.0931133608272905,2.4699438895292996e-08
z,5.099362579674931,1.9316772561132398e-08
z,5.105611798522572,1.3846587674582435e-08
z,5.111861017370213,3.464606949528664e-08
z,5.118110236217854,1.8639326874963925e-08
z,5.124359455065495,1.4305103445177868e-08
z,5.130608673913136,9.012848981083853e-09
z,5.136857892760776,3.918047360089347e-09
z,5.143107111608417,2.8476194107649115e-09
z,5.149356330456058,4.613846476022681e-10
z,5.155605549303699,1.655309820118393e-08
z,5.16185476815134,2.5894382349595468e-08
z,5.168103986998981,3.281228543398762e-08
z,5.1743532058466215,4.0982550978035314e-08
z,5.180602424694262,6.346066543581549e-08
z,5.186851643541903,2.626937416281913e-08
z,5.193100862389544,5.936554883826547e-09
z,5.199350081237185,1.8029834855918697e-08
z,5.205599300084826,1.4361221668496037e-08
z,5.211848518932467,1.684669141034991e-09
z,5.218097737780107,3.595124425314266e-10
z,5.224346956627748,1.298849903860452e-10
z,5.230596175475389,9.254729748659772e-09
z,5.23684539432303,5.109231986352781e-09
z,5.243094613170671,2.69501865758188e-09
z,5.249343832018312,1.2933259506773268e-09
z,5.2555930508659525,1.3343826996526552e-08
z,5.261842269713593,2.1304583822708924e-08
z,5.268091488561234,6.226566398652445e-10
z,5.274340707408875,1.4280729577900135e-08
z,5.280589926256516,1.1111933591030809e-09
z,5.286839145104157,1.490937791457716e-08
z,5.293088363951798,5.131224956018536e-08
z,5.2993375827994385,1.0379765870982019e-07
z,5.305586801647079,6.14437510904697e-08
z,5.31183602049472,7.86506224639615e-09
z,5.318085239342361,5.170914201769332e-09
z,5.324334458190002,9.015163224275975e-09
z,5.330583677037643,2.8271027676904663e-09
z,5.3368328958852835,4.621648606437332e-09
z,5.343082114732924,8.1282911567858e-09
z,5.349331333580565,1.2694443651388846e-08
z,5.355580552428206,1.5056120760467693e-09
z,5.361829771275847,3.038673241091748e-09
z,5.368078990123488,5.970374775415452e-09
z,5.374328208971129,7.799191515783126e-09
z,5.3805774278187695,1.1799730828027981e-08
z,5.38682664666641,1.4398020524403432e-08
z,5.393075865514051,9.314092779787801e-10
z,5.399325084361692,5.831353376668014e-09
z,5.405574303209333,1.4901582211748912e-08
z,5.411823522056974,1.2300030743648886e-08
z,5.4180727409046145,2.7227648665565457e-09
z,5.424321959752255,1.4322239267679514e-09
z,5.430571178599896,7.273882455644424e-11
z,5.436820397447537,9.550522610848803e-11
z,5.443069616295178,8.797651084912512e-09
z,5.449318835142819,7.2858982092614695e-09
z,5.45556805399046,6.328691070449716e-09
z,5.4618172728381005,1.5215052505533758e-08
z,5.468066491685741,6.472655821194386e-10
z,5.474315710533382,1.2507128850450366e-08
z,5.480564929381023,1.536754158606482e-08
z,5.486814148228664,8.208183668714288e-09
z,5.493063367076305,1.703583341237683e-08
z,5.499312585923946,3.780280839612437e-09
z,5.505561804771586,4.620458569724608e-09
z,5.511811023619227,1.5619508334155536e-08
z,5.518060242466868,1.2754336887093858e-08
z,5.524309461314509,1.1721419839377865e-08
z,5.53055868016215,1.588908276332174e-08
z,5.536807899009791,3.5170368452641155e-09
z,5.5430571178574315,9.75839379779263e-10
z,5.549306336705072,1.6094767058576532e-08
z,5.555555555552713,5.173909606971797e-09
z,5.561804774400354,5.365457134081926e-08
z,5.568053993247995,4.8577460288548384e-08
z,5.574303212095636,2.032526591601508e-08
z,5.580552430943277,2.3195421584632585e-08
z,5.586801649790917,3.185550229289019e-09
z,5.593050868638558,1.7384158483190335e-08
z,5.599300087486199,1.7855599238366022e-08
z,5.60554930633384,7.3972452584311554e-09
z,5.611798525181481,1.3676081613674674e-08
z,5.618047744029122,2.4758379318015272e-08
z,5.6242969628767625,8.161180498986271e-09
z,5.630546181724403,8.36943055829544e-10
z,5.636795400572044,2.4483220417761488e-09
z,5.643044619419685,1.9668075008994464e-10
z,5.649293838267326,8.68085631582467e-09
z,5.655543057114967,8.765371184689843e-09
z,5.661792275962608,1.943300896085733e-09
z,5.668041494810248,3.420886204419096e-09
z,5.674290713657889,3.1481770049402225e-09
z,5.68053993250553,2.4126889278712098e-08
z,5.686789151353171,2.7088683959711246e-08
z,5.693038370200812,8.759404878395158e-09
z,5.699287589048453,5.677737728572284e-09
z,5.7055368078960935,6.708668273630509e-10
z,5.711786026743734,2.0779305998843182e-09
z,5.718035245591375,8.378426832338187e-09
z,5.724284464439016,1.0090057289116464e-09
z,5.730533683286657,5.235461457661913e-09
z,5.736782902134298,4.514764322622987e-09
z,5.743032120981939,6.065997868791659e-12
z,5.7492813398295795,7.57545468794013e-09
z,5.75553055867722,7.00135169713208e-09
z,5.761779777524861,3.750421560533841e-09
z,5.768028996372502,1.2553551789529035e-08
z,5.774278215220143,7.047936203221997e-09
z,5.780527434067784,9.282641943645756e-10
z,5.7867766529154245,2.461510920390838e-09
z,5.793025871763065,1.1684849243458165e-08
z,5.799275090610706,3.324850651858384e-08
z,5.805524309458347,3.331699634583322e-08
z,5.811773528305988,1.5095110575204362e-09
z,5.818022747153629,7.4065525167832574e-09
z,5.82427196600127,9.052334426572657e-09
z,5.8305211848489105,1.9703879693795518e-09
z,5.836770403696551,1.8505846171880148e-08
z,5.843019622544192,4.7013785255252486e-08
z,5.849268841391833,4.1103599971423266e-08
z,5.855518060239474,1.060273085360276e-07
z,5.861767279087115,4.821080048263018e-07
z,5.8680164979347555,6.686585437395996e-06
z,5.874265716782396,4.885896417989276e-06
z,5.880514935630037,1.5266470357175617e-07
z,5.886764154477678,5.6412151402677856e-08
z,5.893013373325319,2.8521677279581497e-08
z,5.89926259217296,1.234223950531731e-08
z,5.905511811020601,1.3314422706864492e-08
z,5.9117610298682415,9.128897430478388e-10
z,5.918010248715882,2.9292285459142383e-09
z,5.924259467563523,9.183173938015495e-10
z,5.930508686411164,2.6954855426560217e-09
z,5.936757905258805,9.335849488376645e-09
z,5.943007124106446,4.495479297304303e-09
z,5.949256342954087,7.774223866123534e-10
z,5.955505561801727,2.0205219334035965e-10
z,5.961754780649368,2.0866032727198031e-10
z,5.968003999497009,5.440828080376943e-10
z,5.97425321834465,8.568974096770877e-10
z,5.980502437192291,8.281794176687585e-11
z,5.986751656039932,2.848853820847147e-10
z,5.9930008748875725,1.3996660227210944e-10
z,5.999250093735213,8.632253365605837e-11
z,6.005499312582854,1.9778843466231257e-10
z,6.011748531430495,6.976968558482932e-11
z,6.017997750278136,9.615909035421753e-11
z,6.024246969125777,1.4929697238838922e-10
z,6.030496187973418,1.177231214085655e-10
z,6.036745406821058,3.749569712468907e-11
z,6.042994625668699,2.112652237035757e-10
z,6.04924384451634,1.2897347120900842e-10
z,6.055493063363981,2.485584753529465e-10
z,6.061742282211622,1.9290246395656346e-10
z,6.067991501059263,4.432290241996712e-11
z,6.0742407199069035,1.4250056528742842e-11
z,6.080489938754544,3.5213862683715445e-12
z,6.086739157602185,2.837247806287821e-11
z,6.092988376449826,1.718119141018336e-11
z,6.099237595297467,1.4471295584656418e-11
z,6.105486814145108,2.6737979289163177e-11
z,6.111736032992749,5.683097080132742e-13
z,6.117985251840389,2.8381304500683645e-11
z,6.12423447068803,8.419853136725439e-11
z,6.130483689535671,8.46482587712752e-11
z,6.136732908383312,1.4024821363810866e-10
z,6.142982127230953,2.1914335827885834e-10
z,6.149231346078594,2.1961349215074496e-10
z,6.1554805649262345,4.2968788633262335e-11
z,6.161729783773875,1.12219668706507e-10
z,6.167979002621516,1.2220827885777661e-10
z,6.174228221469157,2.9982181495591063e-10
z,6.180477440316798,1.718098099518571e-10
z,6.186726659164439,1.3489700639444496e-10
z,6.19297587801208,2.3038011191289703e-10
z,6.1992250968597205,8.644878142293312e-12
z,6.205474315707361,3.4628806855396864e-11
z,6.211723534555002,1.0025887249879715e-10
z,6.217972753402643,9.991044697634196e-11
z,6.224221972250284,1.5141812532984442e-10
z,6.230471191097925,1.883013580931549e-10
z,6.2367204099455655,7.886669732909865e-11
z,6.242969628793206,2.5166567477535194e-11
z,6.249218847640847,8.220007685661858e-11
z,6.255468066488488,9.864138620175312e-11
z,6.261717285336129,1.247903359379553e-10
z,6.26796650418377,4.489739557140643e-11
z,6.274215723031411,3.083820059868833e-11
z,6.2804649418790515,1.3299855211690928e-10
z,6.286714160726692,5.605578676788089e-11
z,6.292963379574333,1.5275422557744798e-10
z,6.299212598421974,1.26992507540464e-10
z,6.305461817269615,1.009824316307816e-11
z,6.311711036117256,3.414394935719969e-11
z,6.3179602549648965,3.65345613619144e-11
z,6.324209473812537,3.043188997514418e-11
z,6.330458692660178,1.3533774033682203e-10
z,6.336707911507819,1.8254977271708223e-10
z,6.34295713035546,1.5653642003749533e-10
z,6.349206349203101,3.504626726302466e-11
z,6.355455568050742,2.5775729712159646e-10
z,6.3617047868983825,9.617291199522089e-11
z,6.367954005746023,3.3372448784563784e-11
z,6.374203224593664,7.616650986652684e-11
z,6.380452443441305,8.154999072175873e-12
z,6.386701662288946,4.524818279427629e-11
z,6.392950881136587,1.356531586751708e-10
z,6.399200099984228,2.0714056260667597e-10
z,6.405449318831868,2.1654866663423038e-10
z,6.411698537679509,7.802443345422623e-11
z,6.41794775652715,2.426324496008117e-10
z,6.424196975374791,4.762614509377695e-10
z,6.430446194222432,2.7567975118167238e-11
z,6.436695413070073,2.628011877513021e-09
z,6.4429446319177135,2.81140084240822e-09
z,6.449193850765354,7.078401016991531e-10
z,6.455443069612995,2.08220027769285e-10
z,6.461692288460636,1.129465684693948e-11
z,6.467941507308277,1.8109294891501162e-10
z,6.474190726155918,8.582823402870402e-11
z,6.480439945003559,5.547686469359238e-10
z,6.486689163851199,1.1198709827631832e-10
z,6.49293838269884,1.70122994603746e-11
z,6.499187601546481,4.431209952957158e-11
z,6.505436820394122,6.47449175939741e-10
z,6.511686039241763,8.231689982173794e-10
z,6.517935258089404,1.2765068511540841e-10
z,6.5241844769370445,2.3619296556299708e-11
z,6.530433695784685,7.536673240923192e-11
z,6.536682914632326,3.456247686636233e-10
z,6.542932133479967,4.569692855239321e-10
z,6.549181352327608,1.5687530903725183e-10
z,6.555430571175249,1.52751352194232e-09
z,6.56167979002289,2.300078051212351e-09
z,6.56792900887053,1.4389041907485425e-09
z,6.574178227718171,1.6667280503196233e-09
z,6.580427446565812,1.697857152558836e-09
z,6.586676665413453,4.5979419376445345e-10
z,6.592925884261094,2.983548467578749e-10
z,6.599175103108735,1.0089246745581021e-10
z,6.6054243219563755,1.396416849769264e-10
z,6.611673540804016,1.2133791937945425e-10
z,6.617922759651657,1.4753651557525888e-10
z,6.624171978499298,2.1401059383163376e-09
z,6.630421197346939,1.7977842457420045e-09
z,6.63667041619458,7.661208930683693e-10
z,6.642919635042221,8.531084363397414e-10
z,6.6491688538898615,4.0164487659832147e-10
z,6.655418072737502,4.4886711980030476e-10
z,6.661667291585143,1.679848887101216e-09
z,6.667916510432784,3.3900881650394323e-10
z,6.674165729280425,1.9914058807729003e-09
z,6.680414948128066,3.5489009680862523e-09
z,6.6866641669757065,2.1941438826062082e-09
z,6.692913385823347,1.660588843937097e-09
z,6.699162604670988,3.6239307407413134e-10
z,6.705411823518629,4.921196472040608e-10
z,6.71166104236627,5.272387849432016e-09
z,6.717910261213911,5.3908948017910814e-09
z,6.724159480061552,3.3375322053469286e-09
z,6.7304086989091925,8.863786917584641e-09
z,6.736657917756833,2.602934262767347e-09
z,6.742907136604474,4.922866526709482e-09
z,6.749156355452115,5.419256546369426e-09
z,6.755405574299756,9.395865053196686e-10
z,6.761654793147397,4.380711233242097e-09
z,6.7679040119950375,7.504755088584113e-09
z,6.774153230842678,1.5707414398838673e-09
z,6.780402449690319,8.877791253117013e-10
z,6.78665166853796,1.6479233383867704e-09
z,6.792900887385601,1.408225507668286e-08
z,6.799150106233242,2.3676218749575566e-08
z,6.805399325080883,9.537659071852037e-10
z,6.8116485439285235,1.0232317284792422e-08
z,6.817897762776164,1.0536810749062634e-08
z,6.824146981623805,1.0142273744679944e-08
z,6.830396200471446,1.658984919104047e-08
z,6.836645419319087,1.7789475785698415e-08
z,6.842894638166728,7.857796240056236e-09
z,6.849143857014369,2.676630998605096e-08
z,6.855393075862009,8.543530992500307e-09
z,6.86164229470965,3.4011348176396766e-08
z,6.867891513557291,2.429697204425641e-08
z,6.874140732404932,3.8015788990766916e-09
z,6.880389951252573,2.07405805819987e-08
z,6.886639170100214,2.2693006262068995e-08
z,6.8928883889478545,2.1206388289732622e-10
z,6.899137607795495,1.4536574967455866e-08
z,6.905386826643136,9.918097397112623e-09
z,6.911636045490777,9.629400407016508e-09
z,6.917885264338418,3.465780357956144e-09
z,6.924134483186059,3.02556446557028e-09
z,6.9303837020337,4.776893015246173e-09
z,6.93663292088134,4.470354523016899e-11
z,6.942882139728981,3.5994575902276373e-09
z,6.949131358576622,8.651600689663834e-09
z,6.955380577424263,6.301256643038222e-09
z,6.961629796271904,3.2803587996333676e-09
z,6.967879015119545,8.448350636406386e-09
z,6.9741282339671855,1.6080473185188242e-09
z,6.980377452814826,1.387708703391897e-09
z,6.986626671662467,3.293788396261712e-09
z,6.992875890510108,3.369086364085378e-09
z,6.999125109357749,4.376398884977027e-09
z,7.00537432820539,5.778370273461273e-09
z,7.011623547053031,3.832724589594131e-09
z,7.017872765900671,2.1913993368973118e-09
z,7.024121984748312,1.1539099932206769e-09
z,7.030371203595953,1.0987493215079605e-10
z,7.036620422443594,1.4659243250922323e-09
z,7.042869641291235,5.174167754917911e-10
z,7.049118860138876,1.4825105636097547e-09
z,7.0553680789865165,1.1370242754775717e-09
z,7.061617297834157,6.987999385250621e-10
z,7.067866516681798,1.698563302442058e-09
z,7.074115735529439,1.2106334788293692e-09
z,7.08036495437708,9.667402237191648e-10
z,7.086614173224721,7.053245159006227e-10
z,7.092863392072362,2.842224639240737e-10
z,7.0991126109200025,1.3074780054401512e-10
z,7.105361829767643,4.512811975823481e-11
z,7.111611048615284,7.450475317397951e-10
z,7.117860267462925,1.4863138686970159e-09
z,7.124109486310566,1.7946722261787494e-09
z,7.130358705158207,2.382414520078198e-09
z,7.1366079240058475,3.778664505830006e-09
z,7.142857142853488,2.0548806824374605e-09
z,7.149106361701129,3.48535605471008e-10
z,7.15535558054877,1.0888716425666844e-09
z,7.161604799396411,1.1909619677524536e-09
z,7.167854018244052,1.8357777179661982e-10
z,7.174103237091693,5.906459546655254e-12
z,7.1803524559393335,3.557301709151262e-12
z,7.186601674786974,3.763928539357225e-10
z,7.192850893634615,3.385654691685698e-10
z,7.199100112482256,1.3905685341233e-10
z,7.205349331329897,7.380752638566982e-11
z,7.211598550177538,7.44918090597742e-10
z,7.2178477690251786,1.429178811849125e-09
z,7.224096987872819,1.3438913983279757e-10
z,7.23034620672046,1.0252670470168137e-09
z,7.236595425568101,1.7534854950360992e-10
z,7.242844644415742,7.870983289732559e-10
z,7.249093863263383,2.9611807322200473e-09
z,7.255343082111024,5.962774120548833e-09
z,7.2615923009586645,4.408263797797142e-09
z,7.267841519806305,6.342502625471995e-10
z,7.274090738653946,6.120281995898824e-10
z,7.280339957501587,4.545553457712586e-10
z,7.286589176349228,2.7862861125568e-10
z,7.292838395196869,2.1809020032803634e-10
z,7.29908761404451,4.548378588008541e-10
z,7.30533683289215,9.20596084218981e-10
z,7.311586051739791,1.798207004116335e-10
z,7.317835270587432,1.943140969459923e-10
z,7.324084489435073,4.518895299908167e-10
z,7.330333708282714,6.330337122214754e-10
z,7.336582927130355,6.977668774909681e-10
z,7.3428321459779955,1.028263683352795e-09
z,7.349081364825636,1.4915482600565215e-10
z,7.355330583673277,2.3059498952083428e-10
z,7.361579802520918,9.743007390258379e-10
z,7.367829021368559,9.50675419712513e-10
z,7.3740782402162,3.2699747175786826e-10
z,7.380327459063841,5.994287090595887e-11
z,7.386576677911481,2.2224499539599748e-11
z,7.392825896759122,1.1653900034679688e-12
z,7.399075115606763,4.747162167946977e-10
z,7.405324334454404,5.905864544337378e-10
z,7.411573553302045,3.7986423878564875e-10
z,7.417822772149686,1.1584621271330953e-09
z,7.4240719909973265,1.464608550119535e-10
z,7.430321209844967,7.691701572018156e-10
z,7.436570428692608,1.1996487247819402e-09
z,7.442819647540249,5.899816126291235e-10
z,7.44906886638789,1.2710274763044166e-09
z,7.455318085235531,5.739659579079402e-10
z,7.461567304083172,1.7150566023719002e-10
z,7.467816522930812,9.94882587457218e-10
z,7.474065741778453,9.823346585623009e-10
z,7.480314960626094,8.314425641356574e-10
z,7.486564179473735,1.2841558692465014e-09
z,7.492813398321376,3.8162783636388355e-10
z,7.499062617169017,7.831720728793955e-12
z,7.5053118360166575,9.546063909020123e-10
z,7.511561054864298,2.9615859641148175e-10
z,7.517810273711939,3.783248139471469e-09
z,7.52405949255958,4.392823573926999e-09
z,7.530308711407221,1.607015752127779e-09
z,7.536557930254862,1.9339058033664947e-09
z,7.542807149102503,2.984996353083491e-10
z,7.5490563679501435,1.0331116770418733e-09
z,7.555305586797784,1.4760665508625877e-09
z,7.561554805645425,4.997621441133674e-10
z,7.567804024493066,1.019061456297775e-09
z,7.574053243340707,2.1514815196139828e-09
z,7.580302462188348,9.32884779127625e-10
z,7.5865516810359885,5.6663901757542465e-11
z,7.592800899883629,1.6977098300181882e-10
z,7.59905011873127,9.70567603485992e-12
z,7.605299337578911,6.544429946508577e-10
z,7.611548556426552,9.186918076974957e-10
z,7.617797775274193,2.1279433879339207e-10
z,7.624046994121834,3.1973660171916263e-10
z,7.6302962129694745,2.5023436360151027e-10
z,7.636545431817115,1.6691934401084394e-09
z,7.642794650664756,2.470103400902463e-09
z,7.649043869512397,7.241910008276662e-10
z,7.655293088360038,4.702244426835212e-10
z,7.661542307207679,1.81720352073746e-11
z,7.6677915260553196,1.3297302861296242e-10
z,7.67404074490296,6.098568703055527e-10
z,7.680289963750601,1.7042738450555251e-10
z,7.686539182598242,3.475688744574991e-10
z,7.692788401445883,4.0960613442255317e-10
z,7.699037620293524,8.865795094026614e-12
z,7.705286839141165,5.296412215991087e-10
z,7.7115360579888055,6.480645987720213e-10
z,7.717785276836446,2.3275477111834247e-10
z,7.724034495684087,8.773191509735174e-10
z,7.730283714531728,6.468409654112678e-10
z,7.736532933379369,1.1501450702734153e-10
z,7.74278215222701,1.5180872281436044e-10
z,7.749031371074651,7.8146716147665e-10
z,7.755280589922291,2.066076932031451e-09
z,7.761529808769932,2.4820442186025793e-09
z,7.767779027617573,1.997793796143807e-10
z,7.774028246465214,4.5875848221280247e-10
z,7.780277465312855,7.509664476700255e-10
z,7.786526684160496,5.270698598283019e-11
z,7.7927759030081365,1.0011082496936195e-09
z,7.799025121855777,2.7958324499716742e-09
z,7.805274340703418,2.9009501127399538e-09
z,7.811523559551059,5.953429906161811e-09
z,7.8177727783987,9.499066827828436e-09
z,7.824021997246341,1.9128907888485406e-07
z,7.830271216093982,1.963764580089369e-07
z,7.836520434941622,1.060963114851273e-08
z,7.842769653789263,3.6354516877289493e-09
z,7.849018872636904,1.5645606617746923e-09
z,7.855268091484545,6.800479297316066e-10
z,7.861517310332186,8.336029964290658e-10
z,7.867766529179827,9.731797271492571e-11
z,7.8740157480274675,1.3376804618790668e-10
z,7.880264966875108,7.212313325956275e-11
z,7.886514185722749,8.698771409539255e-11
z,7.89276340457039,4.157910495593708e-10
z,7.899012623418031,2.2183296853689766e-10
z,7.905261842265672,3.804325426856738e-11
z,7.911511061113313,1.242168720371508e-11
z,7.917760279960953,1.2736678273620061e-11
z,7.924009498808594,1.3523396987406565e-11
z,7.930258717656235,3.0555162612920414e-11
z,7.936507936503876,3.6677149752661886e-12
z,7.942757155351517,7.2289538602817314e-12
z,7.949006374199158,6.205268652913709e-12
z,7.9552555930467985,3.1042179469923777e-12
z,7.961504811894439,6.829467095046708e-12
z,7.96775403074208,2.6071572853402957e-12
z,7.974003249589721,2.585527361861251e-12
z,7.980252468437362,7.2907515851149e-12
z,7.986501687285003,5.252072392805112e-12
z,7.992750906132644,2.142794915046164e-12
z,7.9990001249802845,1.178272474336077e-11
z,8.005249343827925,6.20040701671468e-12
z,8.011498562675566,1.1042297612396028e-11
z,8.017747781523207,1.2427899342083127e-11
z,8.023997000370848,4.700260931482707e-12
z,8.030246219218489,1.3375835218941437e-12
z,8.03649543806613,3.3607624226137694e-14
z,8.04274465691377,1.796999409570403e-12
z,8.048993875761411,1.7272103985783826e-12
z,8.055243094609052,1.0856783822475093e-12
z,8.061492313456693,2.705045843601399e-12
z,8.067741532304334,5.687559457695423e-14
z,8.073990751151975,1.859688142980995e-12
z,8.080239969999615,7.246624526547208e-12
z,8.086489188847256,9.464288022324321e-12
z,8.092738407694897,1.6138133716303847e-11
z,8.098987626542538,2.4901383989563126e-11
z,8.105236845390179,2.8336970391731294e-11
z,8.11148606423782,6.735042325156011e-12
z,8.11773528308546,1.3011818335489567e-11
z,8.123984501933101,1.5245812466380845e-11
z,8.130233720780742,3.319216630541581e-11
z,8.136482939628383,2.3833335739129362e-11
z,8.142732158476024,1.496968067085041e-11
z,8.148981377323665,3.513580816580965e-11
z,8.155230596171306,3.308422920184932e-12
z,8.161479815018946,3.3318628520101276e-12
z,8.167729033866587,1.0028450493299298e-11
z,8.173978252714228,1.2038183479930255e-11
z,8.180227471561869,1.832108396758813e-11
z,8.18647669040951,2.215932089694357e-11
z,8.19272590925715,1.2094910815678825e-11
z,8.198975128104792,2.621929260586657e-12
z,8.205224346952432,7.387555042400526e-12
z,8.211473565800073,8.524194885334008e-12
z,8.217722784647714,1.0809005837855921e-11
z,8.223972003495355,5.370478500371387e-12
z,8.230221222342996,1.1992001458982822e-12
z,8.236470441190637,1.1798949934508872e-11
z,8.242719660038277,5.590906733777518e-12
z,8.248968878885918,1.2773145518180725e-11
z,8.25521809773356,1.4063519150428942e-11
z,8.2614673165812,9.39228923347237e-13
z,8.26771653542884,3.176223136280766e-12
z,8.273965754276482,3.722729747049905e-12
z,8.280214973124123,1.0914770041416489e-12
z,8.286464191971763,9.378737576835152e-12
z,8.292713410819404,1.1896846450747764e-11
z,8.298962629667045,1.3690394605710601e-11
z,8.305211848514686,1.981753565355772e-12
z,8.311461067362327,1.548866103218231e-11
z,8.317710286209968,7.463055857319274e-12
z,8.323959505057609,1.7985607673180106e-12
z,8.33020872390525,6.049966455109417e-12
z,8.33645794275289,1.026578630299352e-12
z,8.342707161600531,1.5251347448348584e-12
z,8.348956380448172,6.9593843002986246e-12
z,8.355205599295813,1.3101976105200543e-11
z,8.361454818143454,1.684240364815185e-11
z,8.367704036991094,4.810966477578799e-12
z,8.373953255838735,1.773322611454681e-11
z,8.380202474686376,3.7006612677005474e-11
z,8.386451693534017,8.009317474322011e-13
z,8.392700912381658,1.4393176269629227e-10
z,8.398950131229299,1.9995940407865243e-10
z,8.40519935007694,5.202276416249965e-11
z,8.41144856892458,1.4132837940132297e-11
z,8.417697787772221,3.803100417275799e-12
z,8.423947006619862,9.845260649409498e-12
z,8.430196225467503,6.5797423793233214e-12
z,8.436445444315144,3.3147237108830264e-11
z,8.442694663162785,8.080598416808405e-12
z,8.448943882010425,4.658643588868078e-13
z,8.455193100858066,2.0509819725914328e-12
z,8.461442319705707,3.881569256279629e-11
z,8.467691538553348,7.060895150239718e-11
z,8.473940757400989,1.3870988798572967e-11
z,8.48018997624863,4.554141775194706e-12
z,8.48643919509627,3.663764826818937e-12
z,8.492688413943911,1.9275032802620378e-11
z,8.498937632791552,3.3949975826108103e-11
z,8.505186851639193,1.0965364692912788e-11
z,8.511436070486834,8.857348538536313e-11
z,8.517685289334475,1.6559090364859504e-10
z,8.523934508182116,1.0109752152413827e-10
z,8.530183727029756,1.2133755675347515e-10
z,8.536432945877397,1.298702432086671e-10
z,8.542682164725038,4.9864400824471476e-11
z,8.548931383572679,2.0558787628746516e-11
z,8.55518060242032,1.271548472494164e-11
z,8.56142982126796,6.248731629634924e-12
z,8.567679040115602,7.1381058343921756e-12
z,8.573928258963242,7.212353868258882e-12
z,8.580177477810883,1.454645583442403e-10
z,8.586426696658524,1.5098497295193848e-10
z,8.592675915506165,5.532635464133618e-11
z,8.598925134353806,5.7674749666313785e-11
z,8.605174353201447,3.154312674029833e-11
z,8.611423572049087,2.540006064530289e-11
z,8.617672790896728,1.38895583184421e-10
z,8.62392200974437,3.8330488798909494e-11
z,8.63017122859201,1.2714896167515584e-10
z,8.63642044743965,2.717370327791871e-10
z,8.642669666287292,1.6013992573664968e-10
z,8.648918885134933,9.467229668109755e-11
z,8.655168103982573,3.061514688519154e-11
z,8.661417322830214,3.744041919491223e-11
z,8.667666541677855,3.6762356053359556e-10
z,8.673915760525496,5.084927110269147e-10
z,8.680164979373137,2.479706665046819e-10
z,8.686414198220778,6.506927039039523e-10
z,8.692663417068418,2.69009066287271e-10
z,8.69891263591606,3.056192836945768e-10
z,8.7051618547637,4.4859730161313387e-10
z,8.711411073611341,9.74806715405674e-11
z,8.717660292458982,3.2887293940371614e-10
z,8.723909511306623,6.582136561621596e-10
z,8.730158730154264,1.2690615956009326e-10
z,8.736407949001904,4.674266254312069e-11
z,8.742657167849545,6.031230854267199e-11
z,8.748906386697186,9.192884528693578e-10
z,8.755155605544827,2.0788419128192853e-09
z,8.761404824392468,2.496461872077038e-10
z,8.767654043240109,5.61054082519979e-10
z,8.77390326208775,8.387583213794733e-10
z,8.78015248093539,8.385319349471813e-10
z,8.786401699783031,1.1620133425984365e-09
z,8.792650918630672,1.4285481446870547e-09
z,8.798900137478313,5.185468944138338e-10
z,8.805149356325954,2.099131200579133e-09
z,8.811398575173595,8.553182090317428e-10
z,8.817647794021235,2.60657363142608e-09
z,8.823897012868876,2.42774828536506e-09
z,8.830146231716517,3.2371212424183563e-10
z,8.836395450564158,1.536722954867002e-09
z,8.842644669411799,2.2906297934275226e-09
z,8.84889388825944,6.047678990705747e-11
z,8.85514310710708,9.593521610361042e-10
z,8.861392325954721,7.851354978626968e-10
z,8.867641544802362,9.403410579458928e-10
z,8.873890763650003,3.733378757334765e-10
z,8.880139982497644,1.9645882334966668e-10
z,8.886389201345285,3.9783354089514297e-10
z,8.892638420192926,5.004864530814394e-13
z,8.898887639040566,3.014108716267387e-10
z,8.905136857888207,6.938455134662537e-10
z,8.911386076735848,6.554973521536445e-10
z,8.917635295583489,1.9105796526926768e-10
z,8.92388451443113,6.922813807136499e-10
z,8.93013373327877,1.701958200102062e-10
z,8.936382952126412,5.513354370710367e-11
z,8.942632170974052,2.584400173037662e-10
z,8.948881389821693,3.506172204740204e-10
z,8.955130608669334,4.2419106099635567e-10
z,8.961379827516975,5.142895747862582e-10
z,8.967629046364616,3.4475401978401274e-10
z,8.973878265212257,1.635276409880647e-10
z,8.980127484059897,9.590149898443008e-11
z,8.986376702907538,2.855293803041434e-12
z,8.99262592175518,1.2160018100669452e-10
z,8.99887514060282,5.58775673714394e-11
z,9.00512435945046,1.281734616049526e-10
z,9.011373578298102,9.566129760402967e-11
z,9.017622797145743,5.108724159340512e-11
z,9.023872015993383,1.1510778212140812e-10
z,9.030121234841024,1.0518545675926645e-10
z,9.036370453688665,8.913241869719627e-11
z,9.042619672536306,8.018410600380819e-11
z,9.048868891383947,2.797845974073535e-11
z,9.055118110231588,8.627434382704473e-12
z,9.061367329079228,4.992600847299731e-12
z,9.06761654792687,4.5484117689797e-11
z,9.07386576677451,1.2091873112995207e-10
z,9.080114985622151,1.3596125424044636e-10
z,9.086364204469792,1.9708604224827373e-10
z,9.092613423317433,3.103944375783214e-10
z,9.098862642165074,2.1854540278487777e-10
z,9.105111861012714,3.2026750674983415e-11
z,9.111361079860355,9.054483351686162e-11
z,9.117610298707996,1.3145088004238875e-10
z,9.123859517555637,2.8067862609158916e-11
z,9.130108736403278,1.2710179314311173e-14
z,9.136357955250919,1.6237960490013587e-12
z,9.14260717409856,1.905139233487125e-11
z,9.1488563929462,2.9141824895111316e-11
z,9.155105611793841,8.727858430359123e-12
z,9.161354830641482,6.777692115124907e-12
z,9.167604049489123,5.690593339016568e-11
z,9.173853268336764,1.271229115155679e-10
z,9.180102487184405,2.8586465667009976e-11
z,9.186351706032045,9.124147363232182e-11
z,9.192600924879686,3.565137251867718e-11
z,9.198850143727327,5.335292804475009e-11
z,9.205099362574968,2.3791879425617753e-10
z,9.211348581422609,4.68061600969599e-10
z,9.21759780027025,4.121233043648598e-10
z,9.22384701911789,7.295927785721304e-11
z,9.230096237965531,8.720201112205288e-11
z,9.236345456813172,2.8174882649215e-11
z,9.242594675660813,3.585070712733219e-11
z,9.248843894508454,1.2942911861732001e-11
z,9.255093113356095,3.289887925818313e-11
z,9.261342332203736,8.787390788521384e-11
z,9.267591551051376,2.6610344086389183e-11
z,9.273840769899017,1.618088116731219e-11
z,9.280089988746658,4.677247353862403e-11
z,9.286339207594299,6.916391439953926e-11
z,9.29258842644194,5.844574502077615e-11
z,9.29883764528958,9.489503154261481e-11
z,9.305086864137222,2.542196716548058e-11
z,9.311336082984862,9.196425461381788e-12
z,9.317585301832503,8.205582894488821e-11
z,9.323834520680144,9.756352559966379e-11
z,9.330083739527785,4.688762784259257e-11
z,9.336332958375426,2.749369734697366e-12
z,9.342582177223067,4.691895921437895e-12
z,9.348831396070707,9.599534574711485e-13
z,9.355080614918348,3.156617022074126e-11
z,9.36132983376599,6.29662554660699e-11
z,9.36757905261363,3.272775624046607e-11
z,9.37382827146127,1.1577108762433148e-10
z,9.380077490308912,2.950166731513113e-11
z,9.386326709156553,5.961706264117999e-11
z,9.392575928004193,1.2757730975711775e-10
z,9.398825146851834,5.968403302851602e-11
z,9.405074365699475,1.1981965385085941e-10
z,9.411323584547116,9.780378227947988e-11
z,9.417572803394757,5.528150782786176e-12
z,9.423822022242398,7.98878471855962e-11
z,9.430071241090038,1.0254597097741284e-10
z,9.43632045993768,8.26008899543716e-11
z,9.44256967878532,1.3486150649158094e-10
z,9.448818897632961,5.3561397386951535e-11
z,9.455068116480602,4.370052398334908e-13
z,9.461317335328243,6.974045041627434e-11
z,9.467566554175884,2.667676539781444e-11
z,9.473815773023524,3.4634180025420364e-10
z,9.480064991871165,5.278546360262632e-10
z,9.486314210718806,1.8213204265595288e-10
z,9.492563429566447,2.0738864688099822e-10
z,9.498812648414088,5.035764133190134e-11
z,9.505061867261729,7.561005947061044e-11
z,9.51131108610937,1.6912261314574763e-10
z,9.51756030495701,4.602615030880731e-11
z,9.523809523804651,1.0171051604784105e-10
z,9.530058742652292,2.4649479135655256e-10
z,9.536307961499933,1.3742890554648545e-10
z,9.542557180347574,7.201127224590076e-12
z,9.548806399195215,1.5277783615943433e-11
z,9.555055618042855,1.847109883763262e-12
z,9.561304836890496,6.267539717719695e-11
z,9.567554055738137,1.25635621143998e-10
z,9.573803274585778,3.2736545596216474e-11
z,9.580052493433419,3.8098827389171984e-11
z,9.58630171228106,3.393579487165349e-11
z,9.5925509311287,1.511252102796092e-10
z,9.598800149976341,2.967365648944948e-10
z,9.605049368823982,8.829953422463528e-11
z,9.611298587671623,5.0620397806104023e-11
z,9.617547806519264,1.1531199893531651e-12
z,9.623797025366905,1.0651099458896137e-11
z,9.630046244214546,5.795370686329215e-11
z,9.636295463062186,3.0410267622233724e-11
z,9.642544681909827,2.8873868401358395e-11
z,9.648793900757468,5.096969179452747e-11
z,9.655043119605109,3.0895695217716383e-12
z,9.66129233845275,4.94495385443568e-11
z,9.66754155730039,7.876927331876377e-11
z,9.673790776148032,2.2476697829760233e-11
z,9.680039994995672,8.098843190393457e-11
z,9.686289213843313,7.784587951565994e-11
z,9.692538432690954,1.8900920151362477e-11
z,9.698787651538595,1.2995407190523343e-11
z,9.705036870386236,7.344773970373917e-11
z,9.711286089233877,1.7566754892832278e-10
z,9.717535308081517,2.497429872744761e-10
z,9.723784526929158,3.100694729879597e-11
z,9.7300337457768,3.9636983052701294e-11
z,9.73628296462444,8.159573983694855e-11
z,9.74253218347208,5.3523610478640216e-12
z,9.748781402319722,7.073628910133423e-11
z,9.755030621167363,2.2414581253154617e-10
z,9.761279840015003,2.926986364095273e-10
z,9.767529058862644,4.5457057568640723e-10
z,9.773778277710285,3.8182691233621965e-10
z,9.780027496557926,8.181226043942153e-09
z,9.786276715405567,1.1784159164405835e-08
z,9.792525934253208,1.0237835743088714e-09
z,9.798775153100848,3.084239626469782e-10
z,9.80502437194849,1.2212747408422022e-10
z,9.81127359079613,5.238277636326622e-11
z,9.817522809643771,6.829345677086533e-11
z,9.823772028491412,1.3266316308773704e-11
z,9.830021247339053,8.021441089532259e-12
z,9.836270466186694,6.911453822849654e-12
z,9.842519685034334,3.4049646755516716e-12
z,9.848768903881975,2.5306569919003788e-11
z,9.855018122729616,1.4871182132737334e-11
z,9.861267341577257,2.5955101373840927e-12
z,9.867516560424898,1.0930437291745726e-12
z,9.873765779272539,1.2496259394630429e-12
z,9.88001499812018,4.4657868289287914e-13
z,9.88626421696782,1.858973310847474e-12
z,9.892513435815461,2.9991162660844706e-13
z,9.898762654663102,4.4811337901607504e-13
z,9.905011873510743,5.977781094505696e-13
z,9.911261092358384,3.6127892776120294e-13
z,9.917510311206025,6.983782242094434e-13
z,9.923759530053665,3.0893466983990466e-13
z,9.930008748901306,1.8409984194257063e-13
z,9.936257967748947,1.1385450330541944e-12
z,9.942507186596588,9.836119913115685e-13
z,9.948756405444229,7.133009114968662e-13
z,9.95500562429187,2.369558723865888e-12
z,9.96125484313951,1.4492604063611242e-12
z,9.967504061987151,2.0935807392898937e-12
z,9.973753280834792,2.971426564015801e-12
z,9.980002499682433,1.3957600637885779e-12
z,9.986251718530074,4.100841716335966e-13
z,9.992500937377715,1.4135192054884734e-15
z,9.998750156225356,2.691160430575046e-13
z,10.004999375072996,4.09678680772522e-13
z,10.011248593920637,2.4276073884389444e-13
z,10.017497812768278,7.143483334911752e-13
z,10.023747031615919,1.9375638124592333e-14
z,10.02999625046356,3.220197145489104e-13
z,10.0362454693112,1.3741192515813817e-12
z,10.042494688158841,2.4140437168639264e-12
z,10.048743907006482,4.243421980382472e-12
z,10.054993125854123,6.283567003604583e-12
z,10.061242344701764,7.651001316294413e-12
z,10.067491563549405,2.6828287891530763e-12
z,10.073740782397046,2.660295089432743e-12
z,10.079990001244687,3.716035197191058e-12
z,10.086239220092327,7.210042199437866e-12
z,10.092488438939968,6.365418415266602e-12
z,10.09873765778761,3.2856307726068353e-12
z,10.10498687663525,9.807744999747492e-12
z,10.11123609548289,1.7808262209421343e-12
z,10.117485314330532,6.83176857639001e-13
z,10.123734533178173,1.8491952203996495e-12
z,10.129983752025813,2.9161723284795754e-12
z,10.136232970873454,4.64292281284627e-12
z,10.142482189721095,5.218479241264454e-12
z,10.148731408568736,3.593485703525715e-12
z,10.154980627416377,8.645314648991844e-13
z,10.161229846264018,1.4702029690400654e-12
z,10.167479065111658,1.7323854625405636e-12
z,10.1737282839593,2.125595510742923e-12
z,10.17997750280694,1.3087790087661193e-12
z,10.186226721654581,6.024968478371914e-14
z,10.192475940502222,2.310336429112295e-12
z,10.198725159349863,1.322592282062484e-12
z,10.204974378197504,2.314748911211018e-12
z,10.211223597045144,3.3513356272437355e-12
z,10.217472815892785,2.710172052791212e-13
z,10.223722034740426,6.774371073945958e-13
z,10.229971253588067,8.357134054579751e-13
z,10.236220472435708,4.760589654330766e-14
z,10.242469691283349,1.494759351686428e-12
z,10.24871891013099,1.8605286070202346e-12
z,10.25496812897863,2.580260097891611e-12
z,10.261217347826271,4.2460637263380843e-13
z,10.267466566673912,1.9840221389947653e-12
z,10.273715785521553,1.3017515175358088e-12
z,10.279965004369194,1.8866019384416113e-13
z,10.286214223216835,9.541029572814448e-13
z,10.292463442064475,2.1665265251308366e-13
z,10.298712660912116,1.0601421621097509e-13
z,10.304961879759757,6.596421358996638e-13
z,10.311211098607398,1.5220567655816866e-12
z,10.317460317455039,2.3278282074686282e-12
z,10.32370953630268,8.017038621691527e-13
z,10.32995875515032,2.1497531764130907e-12
z,10.336207973997961,4.865061049998766e-12
z,10.342457192845602,8.0866230700845e-13
z,10.348706411693243,1.2664462033628931e-11
z,10.354955630540884,2.3883440320508936e-11
z,10.361204849388525,6.627867270992267e-12
z,10.367454068236166,1.48068298262063e-12
z,10.373703287083806,9.017473007432473e-13
z,10.379952505931447,6.819737515020681e-13
z,10.386201724779088,1.056815392619506e-12
z,10.392450943626729,2.923714889379306e-12
z,10.39870016247437,9.887808474618194e-13
z,10.40494938132201,1.567680092315345e-14
z,10.411198600169651,1.1926379862713505e-13
z,10.417447819017292,3.1753707523969413e-12
z,10.423697037864933,8.125498172176668e-12
z,10.429946256712574,2.0798294859811556e-12
z,10.436195475560215,9.446100572434498e-13
z,10.442444694407856,1.828934388137239e-13
z,10.448693913255497,1.471732991266363e-12
z,10.454943132103137,3.3636158383942915e-12
z,10.461192350950778,1.2809031359199472e-12
z,10.467441569798419,6.805977793231973e-12
z,10.47369078864606,1.595940244304556e-11
z,10.4799400074937,9.851589332437788e-12
z,10.486189226341342,1.1380638342099002e-11
z,10.492438445188982,1.3162721112202733e-11
z,10.498687664036623,6.572609623755583e-12
z,10.504936882884264,1.8172693363530715e-12
z,10.511186101731905,1.964375669341702e-12
z,10.517435320579546,2.479908914330423e-13
z,10.523684539427187,5.549392036373746e-13
z,10.529933758274828,4.600617639952521e-13
z,10.536182977122468,1.2241084817559218e-11
z,10.54243219597011,1.5751840507874582e-11
z,10.54868141481775,5.106896198781268e-12
z,10.554930633665391,4.812993518397879e-12
z,10.561179852513032,2.9767552415090302e-12
z,10.567429071360673,1.7162151237584392e-12
z,10.573678290208314,1.3812319229968647e-11
z,10.579927509055954,5.5052055184441255e-12
z,10.586176727903595,9.501176467127023e-12
z,10.592425946751236,2.5152375697079574e-11
z,10.598675165598877,1.4993059830898544e-11
z,10.604924384446518,6.080593063399705e-12
z,10.611173603294159,3.1061495473815087e-12
z,10.6174228221418,5.003082329195208e-12
z,10.62367204098944,2.9805686048233033e-11
z,10.629921259837081,5.503412963557559e-11
z,10.636170478684722,2.4635569804447527e-11
z,10.642419697532363,5.5880157710998965e-11
z,10.648668916380004,3.231931432869247e-11
z,10.654918135227645,2.212290743722659e-11
z,10.661167354075285,4.369341684701668e-11
z,10.667416572922926,1.223996172697398e-11
z,10.673665791770567,2.861298912542715e-11
z,10.679915010618208,6.866978753359421e-11
z,10.686164229465849,1.3305355440814099e-11
z,10.69241344831349,2.8781819908147333e-12
z,10.69866266716113,1.7943108771803208e-12
z,10.704911886008771,6.735310120497932e-11
z,10.711161104856412,2.0727743417749726e-10
z,10.717410323704053,4.989128043407075e-11
z,10.723659542551694,3.122468868518094e-11
z,10.729908761399335,7.494291937145479e-11
z,10.736157980246976,8.409634524844641e-11
z,10.742407199094616,1.0074541285093718e-10
z,10.748656417942257,1.2854731710339727e-10
z,10.754905636789898,4.6774948407867067e-11
z,10.761154855637539,1.8516176803019814e-10
z,10.76740407448518,1.0567820568133515e-10
z,10.77365329333282,2.253950213635916e-10
z,10.779902512180461,2.8260968646908596e-10
z,10.786151731028102,3.779601410295685e-11
z,10.792400949875743,1.282513323140121e-10
z,10.798650168723384,2.597106881863588e-10
z,10.804899387571025,2.2058949329412766e-11
z,10.811148606418666,6.864390250508461e-11
z,10.817397825266307,6.954957637382283e-11
z,10.823647044113947,1.0248857722209369e-10
z,10.829896262961588,4.768532545662454e-11
z,10.836145481809229,1.4342338389551492e-11
z,10.84239470065687,3.835161148533806e-11
z,10.84864391950451,1.0763944969446486e-13
z,10.854893138352152,3.000526571159183e-11
z,10.861142357199792,6.545906979840167e-11
z,10.867391576047433,7.623020098075033e-11
z,10.873640794895074,1.4411570504181765e-11
z,10.879890013742715,6.29824415183454e-11
z,10.886139232590356,2.0767749451960238e-11
z,10.892388451437997,2.3218046937713215e-12
z,10.898637670285638,2.1519904154532066e-11
z,10.904886889133278,4.038224421733747e-11
z,10.91113610798092,4.894839192085589e-11
z,10.91738532682856,5.2312583399930934e-11
z,10.923634545676201,3.648757614273246e-11
z,10.929883764523842,1.417612543502101e-11
z,10.936132983371483,8.522825850709068e-12
z,10.942382202219123,2.627785573907843e-13
z,10.948631421066764,1.106474821260669e-11
z,10.954880639914405,6.985424031455217e-12
z,10.961129858762046,1.2900213939546225e-11
z,10.967379077609687,9.344249465864837e-12
z,10.973628296457328,4.300891851861478e-12
z,10.979877515304969,8.734398141712394e-12
z,10.98612673415261,9.813920731752137e-12
z,10.99237595300025,9.079959941940536e-12
z,10.998625171847891,1.028664824339399e-11
z,11.004874390695532,3.1075189296328204e-12
z,11.011123609543173,6.688120297610632e-13
z,11.017372828390814,5.394221259444401e-13
z,11.023622047238455,3.070295924375849e-12
z,11.029871266086095,1.1127147289311987e-11
z,11.036120484933736,1.1668068234510295e-11
z,11.042369703781377,1.8622724102590266e-11
z,11.048618922629018,2.8602887065387622e-11
z,11.054868141476659,2.5611863042945698e-11
z,11.0611173603243,3.816425028928806e-12
z,11.06736657917194,8.498707006951386e-12
z,11.073615798019581,1.5669136229221094e-11
z,11.079865016867222,4.754819191514887e-12
z,11.086114235714863,1.1936749578334274e-13
z,11.092363454562504,2.8209887403556086e-13
z,11.098612673410145,1.000867078086312e-12
z,11.104861892257786,2.622298576787242e-12
z,11.111111111105426,5.263664704737519e-13
z,11.117360329953067,7.459628177394599e-13
z,11.123609548800708,4.784719351796693e-12
z,11.129858767648349,1.2408741696695345e-11
z,11.13610798649599,5.146858987560903e-12
z,11.14235720534363,8.26793674346442e-12
z,11.148606424191271,6.5713346894465385e-12
z,11.154855643038912,3.671159037784385e-12
z,11.161104861886553,2.1483981029432615e-11
z,11.167354080734194,4.1321695038728954e-11
z,11.173603299581835,4.125600486917087e-11
z,11.179852518429476,9.205492430241389e-12
z,11.186101737277117,1.2432563839926691e-11
z,11.192350956124757,2.0704959640761836e-12
z,11.198600174972398,4.67687571142582e-12
z,11.204849393820039,7.720515785709152e-13
z,11.21109861266768,2.511121050896883e-12
z,11.21734783151532,9.029132526832398e-12
z,11.223597050362962,4.103489586017843e-12
z,11.229846269210602,1.3934861727478974e-12
z,11.236095488058243,5.442168272561388e-12
z,11.242344706905884,8.310294603588677e-12
z,11.248593925753525,5.868406986698023e-12
z,11.254843144601166,9.303682158390491e-12
z,11.261092363448807,4.047032769257053e-12
z,11.267341582296448,2.0235358880182983e-13
z,11.273590801144088,7.2250296931961775e-12
z,11.27984001999173,1.0946855576866396e-11
z,11.28608923883937,6.8349487216556685e-12
z,11.292338457687011,2.798677542414617e-13
z,11.298587676534652,7.995089494494523e-13
z,11.304836895382293,2.639849554949583e-13
z,11.311086114229933,2.057824112236032e-12
z,11.317335333077574,7.226876804882435e-12
z,11.323584551925215,3.497402095952293e-12
z,11.329833770772856,1.2594372626010687e-11
z,11.336082989620497,5.436453242698383e-12
z,11.342332208468138,4.681609049529159e-12
z,11.348581427315779,1.519482434958552e-11
z,11.35483064616342,7.0012133151823655e-12
z,11.36107986501106,1.1844881381102203e-11
z,11.367329083858701,1.6396712839825314e-11
z,11.373578302706342,6.28615202737426e-14
z,11.379827521553983,6.605174935546364e-12
z,11.386076740401624,1.1827353285256698e-11
z,11.392325959249264,9.613406471514604e-12
z,11.398575178096905,1.540364559819781e-11
z,11.404824396944546,8.086961324840946e-12
z,11.411073615792187,4.286790689115435e-13
z,11.417322834639828,5.089100341152539e-12
z,11.423572053487469,3.1664085041222945e-12
z,11.42982127233511,3.3958716328196025e-11
z,11.43607049118275,6.980369234630501e-11
z,11.442319710030391,2.4698453170524952e-11
z,11.448568928878032,2.3937235424930368e-11
z,11.454818147725673,9.287559874643455e-12
z,11.461067366573314,5.5075006468832324e-12
z,11.467316585420955,2.2142274551956567e-11
z,11.473565804268596,5.0580805215754126e-12
z,11.479815023116236,1.1257616593426731e-11
z,11.486064241963877,3.1169956430289475e-11
z,11.492313460811518,2.185187077246453e-11
z,11.498562679659159,1.331969497281799e-12
z,11.5048118985068,1.4965298531783191e-12
z,11.51106111735444,4.704201370424613e-13
z,11.517310336202081,6.3143064659819865e-12
z,11.523559555049722,1.8663543382885097e-11
z,11.529808773897363,5.747912306282234e-12
z,11.536057992745004,4.883355248490115e-12
z,11.542307211592645,5.703959349901834e-12
z,11.548556430440286,1.499962422143898e-11
z,11.554805649287927,3.9021172259200466e-11
z,11.561054868135567,1.3022843397440671e-11
z,11.567304086983208,5.92927531932094e-12
z,11.573553305830849,3.343252082259067e-13
z,11.57980252467849,8.374155408272542e-13
z,11.58605174352613,5.985090166203034e-12
z,11.592300962373772,5.2752323853121554e-12
z,11.598550181221412,2.4138977623240496e-12
z,11.604799400069053,7.15215398531625e-12
z,11.611048618916694,7.609778494276975e-13
z,11.617297837764335,5.144733599645675e-12
z,11.623547056611976,1.0490157901733016e-11
z,11.629796275459617,2.8581839202235155e-12
z,11.636045494307258,8.182455242824877e-12
z,11.642294713154898,1.0201058683801782e-11
z,11.64854393200254,3.3362052729558134e-12
z,11.65479315085018,1.337819377689967e-12
z,11.661042369697821,7.89525508286367e-12
z,11.667291588545462,1.7071879034675267e-11
z,11.673540807393103,2.7990813184844076e-11
z,11.679790026240743,4.9730456557228745e-12
z,11.686039245088384,3.9632462107211355e-12
z,11.692288463936025,9.696005652688784e-12
z,11.698537682783666,1.3540614444146219e-12
z,11.704786901631307,5.314284408200614e-12
z,11.711036120478948,1.973491370485476e-11
z,11.717285339326589,3.3556407733833486e-11
z,11.72353455817423,3.899225611451413e-11
z,11.72978377702187,2.9830171529268165e-11
z,11.736032995869511,4.0394038080079747e-10
z,11.742282214717152,8.192262991601632e-10
z,11.748531433564793,1.0956692152217526e-10
z,11.754780652412434,2.786684705649498e-11
z,11.761029871260074,1.1103129289660995e-11
z,11.767279090107715,4.487046069396438e-12
z,11.773528308955356,5.8842326147340276e-12
z,11.779777527802997,1.8361289129170064e-12
z,11.786026746650638,5.073154527154171e-13
z,11.792275965498279,6.697093747429914e-13
z,11.79852518434592,1.2322534206802706e-13
z,11.80477440319356,1.7820798396703823e-12
z,11.811023622041201,1.1602683575398075e-12
z,11.817272840888842,2.1088466901938103e-13
z,11.823522059736483,1.174487655132726e-13
z,11.829771278584124,1.6140286046927219e-13
z,11.836020497431765,2.3357897259226296e-14
z,11.842269716279406,2.3824054350294973e-13
z,11.848518935127046,6.19676222617141e-14
z,11.854768153974687,6.54157703593303e-14
z,11.861017372822328,1.0115631466668733e-13
z,11.867266591669969,8.395948385125125e-14
z,11.87351581051761,1.3713866255232046e-13
z,11.87976502936525,7.352065548273983e-14
z,11.886014248212891,1.3114940438393053e-14
z,11.892263467060532,2.350402835772401e-13
z,11.898512685908173,2.0822967739925012e-13
z,11.904761904755814,2.3617452117853627e-13
z,11.911011123603455,4.911655135216404e-13
z,11.917260342451096,3.731747355562101e-13
z,11.923509561298737,3.5195682109524654e-13
z,11.929758780146377,6.5264059716651e-13
z,11.936007998994018,3.9446352628787203e-13
z,11.942257217841659,1.3831578869427803e-13
z,11.9485064366893,6.509734872109311e-15
z,11.95475565553694,3.170825221426802e-14
z,11.961004874384582,7.34918026145162e-14
z,11.967254093232222,4.9455175232644556e-14
z,11.973503312079863,1.4585065817116848e-13
z,11.979752530927504,9.304774087691048e-15
z,11.986001749775145,6.087756461023917e-14
z,11.992250968622786,1.9520311881860283e-13
z,11.998500187470427,5.11264381918749e-13
z,12.004749406318068,9.439420461893052e-13
z,12.010998625165708,1.3808333271652967e-12
z,12.01724784401335,1.7051349621645767e-12
z,12.02349706286099,8.586604396330221e-13
z,12.029746281708631,4.0277481834974396e-13
z,12.035995500556272,7.980152631494555e-13
z,12.042244719403913,1.365982017722985e-12
z,12.048493938251553,1.4176204526423455e-12
z,12.054743157099194,6.377787295096227e-13
z,12.060992375946835,2.2710383160412194e-12
z,12.067241594794476,6.842164341552539e-13
z,12.073490813642117,1.2399010675577772e-13
z,12.079740032489758,3.00487659676575e-13
z,12.085989251337399,6.154435850884149e-13
z,12.09223847018504,1.0787563143221378e-12
z,12.09848768903268,1.1159914938123288e-12
z,12.104736907880321,9.373510930373137e-13
z,12.110986126727962,2.919208667254247e-13
z,12.117235345575603,2.76429126493648e-13
z,12.123484564423244,3.464674304084714e-13
z,12.129733783270884,4.1147347984215693e-13
z,12.135983002118525,2.8736291752212073e-13
z,12.142232220966166,3.4533629262583035e-16
z,12.148481439813807,4.3469386639768267e-13
z,12.154730658661448,3.292870254211321e-13
z,12.160979877509089,4.4194073770946517e-13
z,12.16722909635673,8.103840348218882e-13
z,12.17347831520437,1.0369667606896306e-13
z,12.179727534052011,1.6465954852846848e-13
z,12.185976752899652,2.0075713676947985e-13
z,12.192225971747293,1.4355042733924624e-15
z,12.198475190594934,2.7256476630547483e-13
z,12.204724409442575,3.4301941214913946e-13
z,12.210973628290215,5.670914460328478e-13
z,12.217222847137856,1.4359358489248273e-13
z,12.223472065985497,3.0891772040113733e-13
z,12.229721284833138,2.9117034806618603e-13
z,12.235970503680779,2.122117596771487e-14
z,12.24221972252842,1.932117523838364e-13
z,12.24846894137606,5.821174557053755e-14
z,12.254718160223701,1.1908130072621216e-14
z,12.260967379071342,7.994848561914e-14
z,12.267216597918983,2.30917010916206e-13
z,12.273465816766624,4.297260726044262e-13
z,12.279715035614265,2.1398373366199661e-13
z,12.285964254461906,3.4129025698014466e-13
z,12.292213473309547,8.905232927785715e-13
z,12.298462692157187,3.4847060006367576e-13
z,12.304711911004828,1.4500553990407148e-12
z,12.310961129852469,3.981468370225044e-12
z,12.31721034870011,1.2514315510985784e-12
z,12.32345956754775,2.1612157185106373e-13
z,12.329708786395392,2.08745140570568e-13
z,12.335958005243032,5.9346525656694e-14
z,12.342207224090673,2.2673920614227797e-13
z,12.348456442938314,3.479250285733009e-13
z,12.354705661785955,1.8326698975953877e-13
z,12.360954880633596,2.0285505114570475e-15
z,12.367204099481237,6.287513174329223e-15
z,12.373453318328878,3.338152217735363e-13
z,12.379702537176518,1.1874828717504056e-12
z,12.38595175602416,4.000170927053028e-13
z,12.3922009748718,2.0780714850604123e-13
z,12.398450193719441,9.240705623562667e-15
z,12.404699412567082,1.4191376051487404e-13
z,12.410948631414723,4.0662620259225947e-13
z,12.417197850262363,2.0862482863809428e-13
z,12.423447069110004,6.602346206389718e-13
z,12.429696287957645,1.947691503756238e-12
z,12.435945506805286,1.2681399179967263e-12
z,12.442194725652927,1.301513886178395e-12
z,12.448443944500568,1.6754632084913122e-12
z,12.454693163348209,1.0166627443949208e-12
z,12.46094238219585,2.0625752592284837e-13
z,12.46719160104349,3.405504091082375e-13
z,12.473440819891131,3.6171708220124435e-15
z,12.479690038738772,4.943265992984403e-14
z,12.485939257586413,3.662633372843134e-14
z,12.492188476434054,1.194429102599485e-12
z,12.498437695281694,1.903003629332363e-12
z,12.504686914129335,5.647318259680433e-13
z,12.510936132976976,4.576743683836341e-13
z,12.517185351824617,3.129560224343454e-13
z,12.523434570672258,1.2794249811542262e-13
z,12.529683789519899,1.5426763592029386e-12
z,12.53593300836754,8.618296412536901e-13
z,12.54218222721518,7.748192160558127e-13
z,12.548431446062821,2.6012057837054006e-12
z,12.554680664910462,1.646823929466169e-12
z,12.560929883758103,4.07290969529077e-13
z,12.567179102605744,3.2665913520776095e-13
z,12.573428321453385,8.304190641643427e-13
z,12.579677540301025,2.647257267469834e-12
z,12.585926759148666,6.331672409245472e-12
z,12.592175977996307,2.967222497249408e-12
z,12.598425196843948,5.230687715887902e-12
z,12.604674415691589,4.114398037293057e-12
z,12.61092363453923,1.7567831817712717e-12
z,12.61717285338687,4.6107417606751915e-12
z,12.623422072234511,1.6883692924851948e-12
z,12.629671291082152,2.6403795007963877e-12
z,12.635920509929793,7.81364092666467e-12
z,12.642169728777434,1.676687259203527e-12
z,12.648418947625075,1.7646042546776307e-13
z,12.654668166472716,2.6014944800281523e-14
z,12.660917385320356,5.053577990585991e-12
z,12.667166604167997,2.176601120276212e-11
z,12.673415823015638,8.65077556242938e-12
z,12.679665041863279,1.4143671313069471e-12
z,12.68591426071092,6.90274771193655e-12
z,12.69216347955856,9.263637261909078e-12
z,12.698412698406202,1.0054788288567795e-11
z,12.704661917253842,1.202054775027815e-11
z,12.710911136101483,5.287364508674775e-12
z,12.717160354949124,1.695196506554945e-11
z,12.723409573796765,1.3985783483821584e-11
z,12.729658792644406,2.037900627602595e-11
z,12.735908011492047,3.4996708942117916e-11
z,12.742157230339688,5.329154413957536e-12
z,12.748406449187328,1.1094153010505878e-11
z,12.75465566803497,3.074270412035319e-11
z,12.76090488688261,5.158210080383375e-12
z,12.767154105730251,4.788818910448196e-12
z,12.773403324577892,6.380480184762125e-12
z,12.779652543425533,1.1464130116058848e-11
z,12.785901762273173,6.537984127311639e-12
z,12.792150981120814,1.1250327908962496e-12
z,12.798400199968455,3.897175826198319e-12
z,12.804649418816096,7.473343150932886e-14
z,12.810898637663737,3.2426389696834802e-12
z,12.817147856511378,6.790020275612824e-12
z,12.823397075359019,9.2204914538714e-12
z,12.82964629420666,1.556814878854116e-12
z,12.8358955130543,5.851858425257852e-12
z,12.842144731901941,2.6168606514503148e-12
z,12.848393950749582,2.432407962107008e-13
z,12.854643169597223,1.7398960011617536e-12
z,12.860892388444864,4.771844072295102e-12
z,12.867141607292504,6.1306275872824256e-12
z,12.873390826140145,5.689895163608123e-12
z,12.879640044987786,4.14884123999458e-12
z,12.885889263835427,1.341492566377408e-12
z,12.892138482683068,7.455852421493626e-13
z,12.898387701530709,7.04355660315784e-14
z,12.90463692037835,1.0148940523708623e-12
z,12.91088613922599,9.150601255679892e-13
z,12.917135358073631,1.404374869593586e-12
z,12.923384576921272,9.948201564946638e-13
z,12.929633795768913,3.7655763561739116e-13
z,12.935883014616554,6.938249456252391e-13
z,12.942132233464195,9.076188912686894e-13
z,12.948381452311835,9.47703069075629e-13
z,12.954630671159476,1.3459857357464334e-12
z,12.960879890007117,3.730175747960161e-13
z,12.967129108854758,5.607670845876666e-14
z,12.973378327702399,5.626186396406596e-14
z,12.97962754655004,2.1674801416044353e-13
z,12.98587676539768,1.0615803146429327e-12
z,12.992125984245321,1.0679080922035292e-12
z,12.998375203092962,1.845276844751938e-12
z,13.004624421940603,2.7584021666162257e-12
z,13.010873640788244,3.071539507032166e-12
z,13.017122859635885,5.364884533035753e-13
z,13.023372078483526,8.457714508899113e-13
z,13.029621297331166,1.8767624740348927e-12
z,13.035870516178807,8.117794076872604e-13
z,13.042119735026448,5.3034348291046604e-14
z,13.048368953874089,3.0925049983014034e-14
z,13.05461817272173,6.227600934810341e-14
z,13.06086739156937,2.2699216934835535e-13
z,13.067116610417012,2.694462135995818e-14
z,13.073365829264652,8.296312105349235e-14
z,13.079615048112293,4.0617180901451486e-13
z,13.085864266959934,1.2551326702395031e-12
z,13.092113485807575,8.118898985331036e-13
z,13.098362704655216,7.172612771711348e-13
z,13.104611923502857,1.066691405230704e-12
z,13.110861142350497,2.3226937857273167e-13
z,13.117110361198138,2.0010818826081876e-12
z,13.12335958004578,3.84555785853603e-12
z,13.12960879889342,4.130024678728604e-12
z,13.13585801774106,1.150577302801747e-12
z,13.142107236588702,1.6848465171456427e-12
z,13.148356455436343,2.519509829099749e-13
z,13.154605674283983,5.717907421349115e-13
z,13.160854893131624,4.261217200264852e-14
z,13.167104111979265,1.8927508201365842e-13
z,13.173353330826906,9.276145662502597e-13
z,13.179602549674547,6.237374706456315e-13
z,13.185851768522188,1.1005957437643804e-13
z,13.192100987369829,6.619973675348494e-13
z,13.19835020621747,1.024597543778531e-12
z,13.20459942506511,6.679243264059173e-13
z,13.210848643912751,9.044032942953267e-13
z,13.217097862760392,5.933877487487472e-13
z,13.223347081608033,9.231368240316802e-15
z,13.229596300455674,6.082964463573158e-13
z,13.235845519303314,1.2520025663678458e-12
z,13.242094738150955,9.682757823640679e-13
z,13.248343956998596,8.926824132783579e-14
z,13.254593175846237,1.1356271425108165e-13
z,13.260842394693878,5.2201540352709715e-14
z,13.267091613541519,1.1435355429667702e-13
z,13.27334083238916,8.299038841283996e-13
z,13.2795900512368,4.4185431451183396e-13
z,13.285839270084441,1.4023637047123646e-12
z,13.292088488932082,9.311376307571977e-13
z,13.298337707779723,3.3081651144170783e-13
z,13.304586926627364,1.8861191327388635e-12
z,13.310836145475005,8.868748852281418e-13
z,13.317085364322645,1.1528304998903704e-12
z,13.323334583170286,2.622611291711732e-12
z,13.329583802017927,5.98590581891075e-14
z,13.335833020865568,5.169704680006451e-13
z,13.342082239713209,1.3884828620315215e-12
z,13.34833145856085,1.2296282733002286e-12
z,13.35458067740849,1.8168960239112e-12
z,13.360829896256131,1.230230078201265e-12
z,13.367079115103772,1.235809487325073e-13
z,13.373328333951413,3.3899356044898234e-13
z,13.379577552799054,4.2810490022427653e-13
z,13.385826771646695,3.3188430973013796e-12
z,13.392075990494336,9.521990961817114e-12
z,13.398325209341976,3.723506734019633e-12
z,13.404574428189617,2.817009180832451e-12
z,13.410823647037258,1.6342011463126824e-12
z,13.417072865884899,3.7257993621655635e-13
z,13.42332208473254,3.0876091605443685e-12
z,13.42957130358018,6.781569495141425e-13
z,13.435820522427822,1.2863967626734204e-12
z,13.442069741275462,4.113217730723342e-12
z,13.448318960123103,3.5455267490694144e-12
z,13.454568178970744,2.8401603391814075e-13
z,13.460817397818385,1.519529814977239e-13
z,13.467066616666026,1.0689898702644607e-13
z,13.473315835513667,6.262217002954895e-13
z,13.479565054361307,2.8309088595886254e-12
z,13.485814273208948,1.0641981808352972e-12
z,13.49206349205659,6.478416699240038e-13
z,13.49831271090423,1.0085895151502198e-12
z,13.50456192975187,1.5620251305672704e-12
z,13.510811148599512,5.2763402931817666e-12
z,13.517060367447153,2.1209683470452626e-12
z,13.523309586294793,7.169451186485986e-13
z,13.529558805142434,9.219180511624251e-14
z,13.535808023990075,5.558805413511396e-14
z,13.542057242837716,6.300550238739914e-13
z,13.548306461685357,8.747488814289938e-13
z,13.554555680532998,1.8064074977481243e-13
z,13.560804899380638,1.0506366091353992e-12
z,13.56705411822828,1.6448595370333175e-13
z,13.57330333707592,5.643407808275664e-13
z,13.579552555923561,1.4436109295409922e-12
z,13.585801774771202,4.2944707969932896e-13
z,13.592050993618843,8.483131693502905e-13
z,13.598300212466484,1.3673489029448815e-12
z,13.604549431314124,5.934277120365166e-13
z,13.610798650161765,1.6722022221175358e-13
z,13.617047869009406,8.915651293817686e-13
z,13.623297087857047,1.802803435365178e-12
z,13.629546306704688,3.2641239458349827e-12
z,13.635795525552329,7.952850696785146e-13
z,13.64204474439997,4.3062177344823623e-13
z,13.64829396324761,1.190459403365626e-12
z,13.654543182095251,3.1052405635188154e-13
z,13.660792400942892,3.9603834817069407e-13
z,13.667041619790533,1.759125071817842e-12
z,13.673290838638174,3.990602052986488e-12
z,13.679540057485815,3.5688970086754773e-12
z,13.685789276333455,3.269508929348055e-12
z,13.692038495181096,2.057598552739729e-11
z,13.698287714028737,5.930580808199387e-11
z,13.704536932876378,1.1853385900700725e-11
z,13.710786151724019,2.4701257662154304e-12
z,13.71703537057166,1.0701314847435004e-12
z,13.7232845894193,3.8311713606188587e-13
z,13.729533808266941,4.881520842313011e-13
z,13.735783027114582,2.433975689971485e-13
z,13.742032245962223,3.2706500177212136e-14
z,13.748281464809864,6.317398748835754e-14
z,13.754530683657505,4.2283689847155075e-15
z,13.760779902505146,1.6052409138078493e-13
z,13.767029121352786,1.2292724379713858e-13
z,13.773278340200427,2.413278136055987e-14
z,13.779527559048068,1.557934316576664e-14
z,13.785776777895709,2.6758126350436353e-14
z,13.79202599674335,3.4235923250669116e-15
z,13.79827521559099,4.589218083988704e-14
z,13.804524434438632,2.0996065787844417e-14
z,13.810773653286272,1.0518268348462608e-14
z,13.817022872133913,1.9481303579448108e-14
z,13.823272090981554,2.164965618149162e-14
z,13.829521309829195,2.991797175565822e-14
z,13.835770528676836,1.7621662332564963e-14
z,13.842019747524477,8.097900578765058e-16
z,13.848268966372117,4.459594399663624e-14
z,13.854518185219758,3.9775486270161725e-14
z,13.8607674040674,6.499906119201267e-14
z,13.86701662291504,9.020348871800027e-14
z,13.87326584176268,8.783773901811897e-14
z,13.879515060610322,4.884565788872143e-14
z,13.885764279457963,1.1933472186544255e-13
z,13.892013498305603,9.609133443270635e-14
z,13.898262717153244,4.217833542455223e-14
z,13.904511936000885,4.524140972590151e-15
z,13.910761154848526,3.1469358391874577e-15
z,13.917010373696167,1.0390467300263607e-14
z,13.923259592543808,9.368219659933227e-15
z,13.929508811391448,2.469434272065573e-14
z,13.93575803023909,3.3360808923128504e-15
z,13.94200724908673,1.335254041295874e-14
z,13.948256467934371,2.0033441428035592e-14
z,13.954505686782012,9.408124224602224e-14
z,13.960754905629653,1.8436242570080484e-13
z,13.967004124477294,2.7430076365279345e-13
z,13.973253343324934,3.2882935753566865e-13
z,13.979502562172575,2.25470347130783e-13
z,13.985751781020216,4.639225577791347e-14
z,13.992000999867857,1.5629147149567503e-13
z,13.998250218715498,2.373845044726514e-13
z,14.004499437563139,2.7476981041757497e-13
z,14.01074865641078,1.1444178146237896e-13
z,14.01699787525842,4.5201988057243917e-13
z,14.023247094106061,2.0760998054298706e-13
z,14.029496312953702,1.9047661629620584e-14
z,14.035745531801343,4.7130053773328935e-14
z,14.041994750648984,1.1197006889691815e-13
z,14.048243969496625,2.2476097558683807e-13
z,14.054493188344265,2.1895457387590162e-13
z,14.060742407191906,2.113681626089912e-13
z,14.066991626039547,8.430744720698844e-14
z,14.073240844887188,5.054038956061539e-14
z,14.079490063734829,6.340282665862624e-14
z,14.08573928258247,7.243145375247787e-14
z,14.09198850143011,5.4086491159106234e-14
z,14.098237720277751,1.8259158678529875e-15
z,14.104486939125392,7.027293400562912e-14
z,14.110736157973033,7.51154849881395e-14
z,14.116985376820674,7.952780623780026e-14
z,14.123234595668315,1.7622743168968722e-13
z,14.129483814515956,3.601506602748186e-14
z,14.135733033363596,3.7008854448769536e-14
z,14.141982252211237,4.43564567680671e-14
z,14.148231471058878,2.6454429130941287e-15
z,14.154480689906519,4.6366604565839e-14
z,14.16072990875416,6.099198678815861e-14
z,14.1669791276018,1.1491419588089944e-13
z,14.173228346449442,4.6139931505598176e-14
z,14.179477565297082,4.426875871463211e-14
z,14.185726784144723,6.330895830503904e-14
z,14.191976002992364,1.994114278002829e-15
z,14.198225221840005,3.976242551647263e-14
z,14.204474440687646,1.5829084193639646e-14
z,14.210723659535287,1.9058363913175765e-15
z,14.216972878382927,9.068326658124999e-15
z,14.223222097230568,3.502832620330302e-14
z,14.22947131607821,8.21979266009934e-14
z,14.23572053492585,5.9549954997712e-14
z,14.24196975377349,5.644971182129266e-14
z,14.248218972621132,1.8058161619583113e-13
z,14.254468191468773,1.1520457908408928e-13
z,14.260717410316413,1.6574572240449814e-13
z,14.266966629164054,7.323129682348808e-13
z,14.273215848011695,2.7672646311710314e-13
z,14.279465066859336,3.8160373939744956e-14
z,14.285714285706977,4.591031616381935e-14
z,14.291963504554618,9.074175784866878e-15
z,14.298212723402258,5.117489520608631e-14
z,14.3044619422499,4.8813782270745125e-14
z,14.31071116109754,3.9491257878299725e-14
z,14.316960379945181,9.192047560880105e-16
z,14.323209598792822,8.817233990345082e-17
z,14.329458817640463,4.1152621308256374e-14
z,14.335708036488104,1.9988120708214177e-13
z,14.341957255335744,9.072263113761916e-14
z,14.348206474183385,4.598447527827046e-14
z,14.354455693031026,3.3123701600904636e-15
z,14.360704911878667,1.574334876080756e-14
z,14.366954130726308,5.490513934550313e-14
z,14.373203349573949,3.9726900984803283e-14
z,14.37945256842159,7.695117230760612e-14
z,14.38570178726923,2.8317174598806164e-13
z,14.391951006116871,2.0226595428535322e-13
z,14.398200224964512,1.7445003013275647e-13
z,14.404449443812153,2.548154127940543e-13
z,14.410698662659794,1.8011717656497458e-13
z,14.416947881507435,3.160549187164889e-14
z,14.423197100355075,6.3507934655435e-14
z,14.429446319202716,5.760531380393612e-16
z,14.435695538050357,4.841806040030914e-15
z,14.441944756897998,3.434808667999247e-15
z,14.448193975745639,1.3116707211502449e-13
z,14.45444319459328,2.5795354954450763e-13
z,14.46069241344092,7.298520848631022e-14
z,14.466941632288561,4.7656008035805085e-14
z,14.473190851136202,3.556216561709949e-14
z,14.479440069983843,1.0113538280670362e-14
z,14.485689288831484,1.8859949897312854e-13
z,14.491938507679125,1.4078502960890225e-13
z,14.498187726526766,6.869621362662523e-14
z,14.504436945374406,2.90787121447987e-13
z,14.510686164222047,2.029156966259068e-13
z,14.516935383069688,2.874126461417104e-14
z,14.523184601917329,3.3792176838914994e-14
z,14.52943382076497,1.4312546129062347e-13
z,14.53568303961261,2.5822891278334074e-13
z,14.541932258460252,7.52379669840205e-13
z,14.548181477307892,4.033391340276138e-13
z,14.554430696155533,5.228011369000348e-13
z,14.560679915003174,5.373768279532903e-13
z,14.566929133850815,1.5474593846693837e-13
z,14.573178352698456,5.092120239212738e-13
z,14.579427571546097,2.436762353162743e-13
z,14.585676790393737,2.488994310732896e-13
z,14.591926009241378,9.301074220400104e-13
z,14.59817522808902,2.384329712305174e-13
z,14.60442444693666,8.518906887372203e-15
z,14.6106736657843,5.366159095392328e-15
z,14.616922884631942,3.713403341856026e-13
z,14.623172103479583,2.3312062320883364e-12
z,14.629421322327223,1.3745112581838456e-12
z,14.635670541174864,2.991090686509426e-14
z,14.641919760022505,6.267534764847397e-13
z,14.648168978870146,1.060762203928531e-12
z,14.654418197717787,1.111662114999786e-12
z,14.660667416565428,1.1388342810762635e-12
z,14.666916635413068,6.692275047850083e-13
z,14.67316585426071,1.5572185759831416e-12
z,14.67941507310835,1.8577855174505642e-12
z,14.685664291955991,1.881215377706353e-12
z,14.691913510803632,4.411766421351706e-12
z,14.698162729651273,8.291889858611142e-13
z,14.704411948498914,9.546806685160665e-13
z,14.710661167346554,3.675382876997398e-12
z,14.716910386194195,9.86058438096179e-13
z,14.723159605041836,3.007078102462249e-13
z,14.729408823889477,5.854806183736326e-13
z,14.735658042737118,1.2619513851640887e-12
z,14.741907261584759,9.153361131923574e-13
z,14.7481564804324,1.015227411709779e-13
z,14.75440569928004,3.961715556196623e-13
z,14.760654918127681,2.408899310384126e-14
z,14.766904136975322,3.6186444863377236e-13
z,14.773153355822963,7.509161397312514e-13
z,14.779402574670604,1.1286471159518554e-12
z,14.785651793518245,2.3275450819392373e-13
z,14.791901012365885,5.319425557061913e-13
z,14.798150231213526,3.249941850834764e-13
z,14.804399450061167,5.792171732009377e-14
z,14.810648668908808,1.3146974042981382e-13
z,14.816897887756449,5.577816414149628e-13
z,14.82314710660409,7.923057410328001e-13
z,14.82939632545173,6.485547024187116e-13
z,14.835645544299371,4.830807081248872e-13
z,14.841894763147012,1.3575403441609322e-13
z,14.848143981994653,6.120342540222143e-14
z,14.854393200842294,1.4213595508997403e-14
z,14.860642419689935,8.983238806741885e-14
z,14.866891638537576,1.198180307261013e-13
z,14.873140857385216,1.5970335830158193e-13
z,14.879390076232857,1.1303150210319369e-13
z,14.885639295080498,3.186853597089899e-14
z,14.891888513928139,5.6587615830798406e-14
z,14.89813773277578,8.018104469508235e-14
z,14.90438695162342,9.722513720797138e-14
z,14.910636170471061,1.7100175483177537e-13
z,14.916885389318702,4.752823331200376e-14
z,14.923134608166343,4.7562303086874715e-15
z,14.929383827013984,5.8577088998190965e-15
z,14.935633045861625,1.6052634977466198e-14
z,14.941882264709266,1.0037619976420092e-13
z,14.948131483556907,1.0217095367959614e-13
z,14.954380702404547,1.8329852563556957e-13
z,14.960629921252188,2.702104502946125e-13
z,14.96687914009983,3.6457105062184007e-13
z,14.97312835894747,8.197792704478343e-14
z,14.97937757779511,8.720075455475617e-14
z,14.985626796642752,2.1864767065860365e-13
z,14.991876015490393,1.3366163809709164e-13
z,14.998125234338033,1.4693677257388724e-14
z,15.004374453185674,2.1500841194612183e-15
z,15.010623672033315,6.4544903339875195e-15
z,15.016872890880956,1.808510981585377e-14
z,15.023122109728597,1.0843909084788047e-15
z,15.029371328576238,8.587856505200831e-15
z,15.035620547423878,3.316745236719322e-14
z,15.04186976627152,1.2877781313491278e-13
z,15.04811898511916,1.1509069873391136e-13
z,15.054368203966801,5.965151614471002e-14
z,15.060617422814442,1.5196934454769754e-13
z,15.066866641662083,1.4205779560571726e-14
z,15.073115860509724,1.828309756537496e-13
z,15.079365079357364,3.6574679225080915e-13
z,15.085614298205005,4.0009180958418875e-13
z,15.091863517052646,1.3537476566590736e-13
z,15.098112735900287,2.120879030119177e-13
z,15.104361954747928,4.787383820242635e-14
z,15.110611173595569,6.325378499303089e-14
z,15.11686039244321,2.30703134077604e-15
z,15.12310961129085,1.4019435693148838e-14
z,15.129358830138491,9.176354809088332e-14
z,15.135608048986132,9.111144279917687e-14
z,15.141857267833773,6.955079316155192e-15
z,15.148106486681414,8.09541604570387e-14
z,15.154355705529055,1.2573665427188126e-13
z,15.160604924376695,8.236311559884329e-14
z,15.166854143224336,8.450152620261152e-14
z,15.173103362071977,7.990762131699854e-14
z,15.179352580919618,7.977085448054832e-15
z,15.185601799767259,4.570647562135856e-14
z,15.1918510186149,1.4098817632600333e-13
z,15.19810023746254,1.3114816366941364e-13
z,15.204349456310181,2.615083703385826e-14
z,15.210598675157822,1.3332539789617218e-14
z,15.216847894005463,9.291885051377568e-15
z,15.223097112853104,4.3838424181658205e-15
z,15.229346331700745,9.191742600004536e-14
z,15.235595550548386,6.247391492915261e-14
z,15.241844769396026,1.56220009379889e-13
z,15.248093988243667,1.4986773193428678e-13
z,15.254343207091308,1.8125768659661104e-14
z,15.260592425938949,2.3539797081547325e-13
z,15.26684164478659,1.1751599419452274e-13
z,15.27309086363423,1.0767954225851096e-13
z,15.279340082481871,3.9717262752175286e-13
z,15.285589301329512,3.344904518944962e-14
z,15.291838520177153,3.619906342023182e-14
z,15.298087739024794,1.5837353840087972e-13
z,15.304336957872435,1.66952606090868e-13
z,15.310586176720076,2.1848991355816574e-13
z,15.316835395567717,1.83550162628233e-13
z,15.323084614415357,2.6540370994937462e-14
z,15.329333833262998,2.0380829055893168e-14
z,15.335583052110639,5.894278926610498e-14
z,15.34183227095828,3.1111555338259204e-13
z,15.34808148980592,1.3031547478850465e-12
z,15.354330708653562,5.965986091519625e-13
z,15.360579927501202,3.332572766401032e-13
z,15.366829146348843,2.684019232424278e-13
z,15.373078365196484,2.813715787179942e-14
z,15.379327584044125,4.443912628437863e-13
z,15.385576802891766,1.140211941222742e-13
z,15.391826021739407,1.453797584398872e-13
z,15.398075240587048,5.551056269714573e-13
z,15.404324459434688,5.754822828227196e-13
z,15.41057367828233,6.214168018479652e-14
z,15.41682289712997,1.587019806807944e-14
z,15.423072115977611,2.1795280773969708e-14
z,15.429321334825252,6.003967268780325e-14
z,15.435570553672893,4.275219803570357e-13
z,15.441819772520534,2.00682750662118e-13
z,15.448068991368174,8.981778850082873e-14
z,15.454318210215815,1.7591813386220954e-13
z,15.460567429063456,1.7362949862704846e-13
z,15.466816647911097,7.15903426598221e-13
z,15.473065866758738,3.6208167519126084e-13
z,15.479315085606379,8.899096112182552e-14
z,15.48556430445402,1.9997887337151718e-14
z,15.49181352330166,2.8683356627673307e-15
z,15.498062742149301,6.557692274820489e-14
z,15.504311960996942,1.3875061405282863e-13
z,15.510561179844583,1.0773351235095897e-14
z,15.516810398692224,1.5602291942753968e-13
z,15.523059617539865,3.3764921723701004e-14
z,15.529308836387505,6.449613561618424e-14
z,15.535558055235146,2.0131581214181012e-13
z,15.541807274082787,6.992955080370693e-14
z,15.548056492930428,8.826297008327038e-14
z,15.554305711778069,1.8328602851366586e-13
z,15.56055493062571,1.0454564181686504e-13
z,15.56680414947335,2.6020807760783142e-14
z,15.573053368320991,1.0140656493553478e-13
z,15.579302587168632,2.0557787755453046e-13
z,15.585551806016273,3.866941063484914e-13
z,15.591801024863914,1.259303689320293e-13
z,15.598050243711555,4.9853397859514536e-14
z,15.604299462559196,1.4893743423949733e-13
z,15.610548681406836,6.110725709405201e-14
z,15.616797900254477,3.001425015130421e-14
z,15.623047119102118,1.5268799867615075e-13
z,15.629296337949759,4.763015656481403e-13
z,15.6355455567974,3.5209456897826886e-13
z,15.64179477564504,3.804493708847072e-13
z,15.648043994492681,1.024403646046915e-12
z,15.654293213340322,4.261559677259422e-12
z,15.660542432187963,1.244275968950295e-12
z,15.666791651035604,2.1112669158257984e-13
z,15.673040869883245,1.0236720581345339e-13
z,15.679290088730886,3.064820179005532e-14
z,15.685539307578527,3.7998657381805173e-14
z,15.691788526426167,3.128979223769217e-14
z,15.698037745273808,2.919553494415567e-15
z,15.704286964121449,6.860020918129029e-15
z,15.71053618296909,3.1786885121944173e-16
z,15.71678540181673,2.2343649420966186e-14
z,15.723034620664372,2.169556842341648e-14
z,15.729283839512012,4.7427470720472145e-15
z,15.735533058359653,2.6436082267418797e-15
z,15.741782277207294,5.43504762459013e-15
z,15.748031496054935,1.121818129425314e-15
z,15.754280714902576,8.501511993971243e-15
z,15.760529933750217,6.616100636717186e-15
z,15.766779152597858,1.4039054906376349e-15
z,15.773028371445498,3.5073018033751553e-15
z,15.77927759029314,5.247923488198902e-15
z,15.78552680914078,6.332249280395453e-15
z,15.791776027988421,3.93315963746512e-15
z,15.798025246836062,2.4950862633392187e-16
z,15.804274465683703,7.387160738149273e-15
z,15.810523684531343,7.205603474511034e-15
z,15.816772903378984,1.5301930797854552e-14
z,15.823022122226625,1.5119089178407523e-14
z,15.829271341074266,1.9038281500520933e-14
z,15.835520559921907,5.995534428123794e-15
z,15.841769778769548,1.8502231853862475e-14
z,15.848018997617189,2.0616954692043026e-14
z,15.85426821646483,1.142898817558323e-14
z,15.86051743531247,1.9431798029879087e-15
z,15.866766654160111,3.922918638218298e-16
z,15.873015873007752,1.1687940831606174e-15
z,15.879265091855393,1.6620970968867534e-15
z,15.885514310703034,3.730973695566987e-15
z,15.891763529550675,9.343790839507308e-16
z,15.898012748398315,2.9318196985833017e-15
z,15.904261967245956,1.2749941771374852e-15
z,15.910511186093597,1.5659122747729477e-14
z,15.916760404941238,3.275699401406331e-14
z,15.923009623788879,5.1256599741469526e-14
z,15.92925884263652,5.77659593120773e-14
z,15.93550806148416,5.069043826727365e-14
z,15.941757280331801,4.165538818637252e-15
z,15.948006499179442,2.860498736100853e-14
z,15.954255718027083,3.9895179346925144e-14
z,15.960504936874724,4.8455411498090015e-14
z,15.966754155722365,1.9956536005249386e-14
z,15.973003374570006,8.049373736919623e-14
z,15.979252593417646,5.3445714261384716e-14
z,15.985501812265287,2.6785908009774344e-15
z,15.991751031112928,8.328334088669276e-15
z,15.998000249960569,1.7748013602437477e-14
z,16.00424946880821,4.288843109235468e-14
z,16.01049868765585,4.1506152591317894e-14
z,16.01674790650349,4.251698276232863e-14
z,16.022997125351132,2.0982824426615008e-14
z,16.029246344198775,9.984781016819887e-15
z,16.035495563046414,1.088428013640961e-14
z,16.041744781894053,1.17869340130249e-14
z,16.047994000741696,8.993730121041794e-15
z,16.05424321958934,1.1508991648219874e-15
z,16.060492438436977,9.674480682203461e-15
z,16.066741657284616,1.562577855891098e-14
z,16.07299087613226,1.3668042260890385e-14
z,16.0792400949799,3.482488421823671e-14
z,16.08548931382754,1.084704504966053e-14
z,16.09173853267518,7.465618617375586e-15
z,16.097987751522822,9.204762081761652e-15
z,16.104236970370465,1.5787934456134284e-15
z,16.110486189218104,7.101618652615756e-15
z,16.116735408065743,1.0604379491045694e-14
z,16.122984626913386,2.0853310553892337e-14
z,16.12923384576103,1.28790947125017e-14
z,16.135483064608668,5.45292610691016e-15
z,16.141732283456307,1.2715618819322629e-14
z,16.14798150230395,1.7593933129673087e-16
z,16.154230721151592,7.817645737097171e-15
z,16.16047993999923,4.059062138931114e-15
z,16.16672915884687,4.749483813673855e-16
z,16.172978377694513,8.008985710059369e-16
z,16.179227596542155,4.8617445697872694e-15
z,16.185476815389794,1.4897797070061824e-14
z,16.191726034237433,1.507035779373018e-14
z,16.197975253085076,9.3069879344587e-15
z,16.20422447193272,3.628750398213434e-14
z,16.210473690780358,3.1934940007738053e-14
z,16.216722909627997,1.5803054659085946e-14
z,16.22297212847564,1.3169622044510186e-13
z,16.229221347323282,6.255144458889282e-14
z,16.23547056617092,7.500826531574116e-15
z,16.24171978501856,9.304105488050841e-15
z,16.247969003866203,2.756761274054745e-15
z,16.254218222713845,1.0888031196050252e-14
z,16.260467441561484,7.774159510335358e-15
z,16.266716660409124,8.342614749905252e-15
z,16.272965879256766,4.1316891744852107e-16
z,16.27921509810441,9.387773910598149e-17
z,16.285464316952048,5.439939832441118e-15
z,16.291713535799687,3.507464799146536e-14
z,16.29796275464733,2.1815929916003687e-14
z,16.304211973494972,9.900397666947588e-15
z,16.31046119234261,1.9619241790898188e-15
z,16.31671041119025,1.8044998454023814e-15
z,16.322959630037893,7.638164420063955e-15
z,16.329208848885536,7.889718742012867e-15
z,16.335458067733175,1.012484945622076e-14
z,16.341707286580814,4.549040674417372e-14
z,16.347956505428456,3.66205230477453e-14
z,16.3542057242761,2.6053623483897535e-14
z,16.360454943123738,4.323121904682196e-14
z,16.366704161971377,3.4937973389318886e-14
z,16.37295338081902,6.4907827367549036e-15
z,16.379202599666662,1.2255521455436823e-14
z,16.3854518185143,7.839993182497997e-16
z,16.39170103736194,6.346995577078553e-16
z,16.397950256209583,3.2426291445861574e-16
z,16.404199475057226,1.5799683887885797e-14
z,16.410448693904865,3.815543165102856e-14
z,16.416697912752504,1.0822644870411282e-14
z,16.422947131600147,5.278015323608377e-15
z,16.42919635044779,4.272754779342048e-15
z,16.435445569295428,8.131874625396905e-16
z,16.441694788143067,2.4864329570755674e-14
z,16.44794400699071,2.3704234950627484e-14
z,16.454193225838353,7.030333994932881e-15
z,16.46044244468599,3.442365779760509e-14
z,16.46669166353363,2.7326339477561282e-14
z,16.472940882381273,2.4546893020462624e-15
z,16.479190101228916,3.4537169351622618e-15
z,16.485439320076555,2.4445992832737407e-14
z,16.491688538924194,2.872130060570498e-14
z,16.497937757771837,9.143009270206831e-14
z,16.50418697661948,5.875725735579501e-14
z,16.51043619546712,5.594013442780793e-14
z,16.516685414314757,7.12296621071916e-14
z,16.5229346331624,1.6049189846477185e-14
z,16.529183852010043,5.796826017136303e-14
z,16.53543307085768,3.5809169875140206e-14
z,16.54168228970532,2.379883387961819e-14
z,16.547931508552963,1.1296823173759626e-13
z,16.554180727400606,3.614594620201998e-14
z,16.560429946248245,1.550674929740883e-16
z,16.566679165095884,2.394692471351475e-15
z,16.572928383943527,2.6502980818930166e-14
z,16.57917760279117,2.504355665744734e-13
z,16.58542682163881,2.05305608254546e-13
z,16.591676040486448,4.981319718528773e-16
z,16.59792525933409,5.406578357012833e-14
z,16.604174478181733,1.2162280713922637e-13
z,16.610423697029372,1.322869615724929e-13
z,16.61667291587701,1.0929593370532626e-13
z,16.622922134724654,8.631682738609815e-14
z,16.629171353572296,1.417959248576219e-13
z,16.635420572419935,2.402628528260718e-13
z,16.641669791267574,1.7843429806136876e-13
z,16.647919010115217,5.517403258386199e-13
z,16.65416822896286,1.3417744818887026e-13
z,16.6604174478105,7.933982708264813e-14
z,16.666666666658138,4.35052563778897e-13
z,16.67291588550578,1.6783405904987924e-13
z,16.679165104353423,1.542328073641564e-14
z,16.685414323201062,5.281278106097413e-14
z,16.6916635420487,1.328022768655362e-13
z,16.697912760896344,1.2685569580653508e-13
z,16.704161979743986,1.1897729757175026e-14
z,16.710411198591625,3.877572305197281e-14
z,16.716660417439265,5.759156727734253e-15
z,16.722909636286907,4.011228777255077e-14
z,16.72915885513455,8.639337186636629e-14
z,16.73540807398219,1.381680256014636e-13
z,16.741657292829828,3.96007950272001e-14
z,16.74790651167747,4.5897757737070816e-14
z,16.754155730525113,3.875517972335805e-14
z,16.760404949372752,1.255236628299473e-14
z,16.76665416822039,9.66070085314736e-15
z,16.772903387068034,6.288264063150524e-14
z,16.779152605915677,1.020888020759619e-13
z,16.785401824763316,7.718313588760773e-14
z,16.791651043610955,5.580562217064136e-14
z,16.797900262458597,1.452782678688027e-14
z,16.80414948130624,4.4971442644706195e-15
z,16.81039870015388,2.162255997507498e-15
z,16.816647919001518,7.4698246861382e-15
z,16.82289713784916,1.5293749410370685e-14
z,16.829146356696803,1.846381894851243e-14
z,16.835395575544442,1.3569580123432784e-14
z,16.84164479439208,2.4205647404619226e-15
z,16.847894013239724,4.7666542783564236e-15
z,16.854143232087367,6.685603508380094e-15
z,16.860392450935006,9.460461129781532e-15
z,16.866641669782645,2.0429913296651132e-14
z,16.872890888630288,6.192754193245284e-15
z,16.87914010747793,3.9143576599368586e-16
z,16.88538932632557,6.493461025456653e-16
z,16.89163854517321,1.2905994940050523e-15
z,16.89788776402085,9.139002075967155e-15
z,16.904136982868494,1.0073501104166103e-14
z,16.910386201716133,1.7723615137926635e-14
z,16.91663542056377,2.636172168304655e-14
z,16.922884639411414,4.193885869150608e-14
z,16.929133858259057,1.2759912948159923e-14
z,16.935383077106696,9.192879887494807e-15
z,16.941632295954335,2.4320091539691278e-14
z,16.947881514801978,2.0677762461177664e-14
z,16.95413073364962,3.32190291866206e-15
z,16.96037995249726,5.916251938198621e-17
z,16.9666291713449,9.246504861067528e-16
z,16.97287839019254,1.287273525649797e-15
z,16.979127609040184,5.461777203715843e-17
z,16.985376827887823,8.411641351954486e-16
z,16.991626046735462,2.508827715242947e-15
z,16.997875265583104,1.319708755273132e-14
z,17.004124484430747,1.4882751962178277e-14
z,17.010373703278386,5.1787895125209e-15
z,17.016622922126025,1.869194375563241e-14
z,17.022872140973668,1.3710997355275146e-15
z,17.02912135982131,1.5675197587699998e-14
z,17.03537057866895,3.453065920179056e-14
z,17.04161979751659,3.663382296363218e-14
z,17.04786901636423,1.4377042889334714e-14
z,17.054118235211874,2.4178446978454908e-14
z,17.060367454059513,9.251896493173489e-15
z,17.066616672907152,6.192074319710252e-15
z,17.072865891754795,1.6073462784094414e-16
z,17.079115110602437,1.09580906419307e-15
z,17.085364329450076,8.493787640045886e-15
z,17.091613548297715,1.2545389613775172e-14
z,17.097862767145358,2.585581588893046e-16
z,17.104111985993,9.624785302582476e-15
z,17.11036120484064,1.5038556502175375e-14
z,17.11661042368828,1.0469997801455547e-14
z,17.12285964253592,7.4498732315383e-15
z,17.129108861383564,9.81954871261851e-15
z,17.135358080231203,2.5461929051772743e-15
z,17.141607299078842,2.7730260699958923e-15
z,17.147856517926485,1.524379744187148e-14
z,17.154105736774127,1.682401860653868e-14
z,17.160354955621766,6.039369287845456e-15
z,17.166604174469406,1.2246320449224066e-15
z,17.172853393317048,1.6000520641541234e-15
z,17.17910261216469,5.909461687201794e-17
z,17.18535183101233,9.565929206289929e-15
z,17.19160104985997,9.254967680417472e-15
z,17.19785026870761,1.7303020971261568e-14
z,17.204099487555254,2.2758063518383842e-14
z,17.210348706402893,5.25841086898578e-16
z,17.216597925250532,2.8833491328591766e-14
z,17.222847144098175,1.5993909229927625e-14
z,17.229096362945818,9.587371464534664e-15
z,17.235345581793457,5.667767860596514e-14
z,17.241594800641096,1.0609288093240739e-14
z,17.24784401948874,2.1542270413860243e-15
z,17.25409323833638,1.6896154451121387e-14
z,17.26034245718402,2.336862336028692e-14
z,17.26659167603166,2.681142817001132e-14
z,17.2728408948793,2.6498133360572936e-14
z,17.279090113726944,5.17002632071036e-15
z,17.285339332574583,1.4841188283269658e-15
z,17.291588551422223,7.776303388655425e-15
z,17.297837770269865,2.7060504149906882e-14
z,17.304086989117508,1.7598791970950144e-13
z,17.310336207965147,9.813368007768406e-14
z,17.316585426812786,3.979700133487462e-14
z,17.32283464566043,4.108044177151845e-14
z,17.32908386450807,4.358222908521379e-15
z,17.33533308335571,6.487567936127309e-14
z,17.34158230220335,2.2631567927358292e-14
z,17.347831521050992,1.555418142173899e-14
z,17.354080739898635,7.57057127737571e-14
z,17.360329958746274,9.258665627324353e-14
z,17.366579177593913,1.3353319214080664e-14
z,17.372828396441555,1.7147430679381398e-15
z,17.379077615289198,4.12941872513601e-15
z,17.385326834136837,5.795251917900591e-15
z,17.391576052984476,6.327944804725309e-14
z,17.39782527183212,3.7819733372974e-14
z,17.40407449067976,1.334527579878344e-14
z,17.4103237095274,2.9593140329893906e-14
z,17.41657292837504,2.1728315038166198e-14
z,17.422822147222682,9.612802141062974e-14
z,17.429071366070325,6.265495973059521e-14
z,17.435320584917964,1.1556832928089381e-14
z,17.441569803765603,3.675450472904054e-15
z,17.447819022613245,3.169637206829462e-16
z,17.454068241460888,6.574544330821622e-15
z,17.460317460308527,2.1059444193178186e-14
z,17.466566679156166,5.093976121085452e-16
z,17.47281589800381,2.291501157039847e-14
z,17.47906511685145,6.798097263111392e-15
z,17.48531433569909,7.669666095412397e-15
z,17.49156355454673,2.8170905743631577e-14
z,17.497812773394372,1.1679434866304379e-14
z,17.504061992242015,9.114874131832677e-15
z,17.510311211089654,2.4264614611034348e-14
z,17.516560429937293,1.8079786631897592e-14
z,17.522809648784936,4.825857594415784e-15
z,17.52905886763258,1.1257562440504555e-14
z,17.535308086480217,2.5236135303131248e-14
z,17.541557305327856,4.608005747966636e-14
z,17.5478065241755,1.9668969372253448e-14
z,17.55405574302314,6.070545792613817e-15
z,17.56030496187078,1.8904616131241276e-14
z,17.56655418071842,1.0845092338432321e-14
z,17.572803399566062,2.758000416509296e-15
z,17.579052618413705,1.2441333716770683e-14
z,17.585301837261344,5.614963463898371e-14
z,17.591551056108983,3.834896329753384e-14
z,17.597800274956626,4.2828374437078395e-14
z,17.60404949380427,4.8143529772661154e-14
z,17.610298712651907,2.9300078186751094e-13
z,17.616547931499547,1.2265493031615555e-13
z,17.62279715034719,1.7596488246539026e-14
z,17.629046369194832,8.962101302580649e-15
z,17.63529558804247,2.1481953256744155e-15
z,17.64154480689011,2.7690523104812224e-15
z,17.647794025737753,4.045620554043653e-15
z,17.654043244585395,5.397245749252176e-16
z,17.660292463433034,1.135537113810332e-15
z,17.666541682280673,9.567524511551251e-17
z,17.672790901128316,4.066350105708195e-15
z,17.67904011997596,4.9318757536374305e-15
z,17.685289338823598,1.1906618889472249e-15
z,17.691538557671237,5.257325056777654e-16
z,17.69778777651888,1.1967138170376125e-15
z,17.704036995366522,4.154573623476146e-16
z,17.71028621421416,1.3231407495261396e-15
z,17.7165354330618,1.7695506476041644e-15
z,17.722784651909443,1.4551340644666418e-16
z,17.729033870757085,5.651296109232365e-16
z,17.735283089604724,1.1503749304024361e-15
z,17.741532308452364,1.288681142209065e-15
z,17.747781527300006,8.345394907604917e-16
z,17.75403074614765,1.080286984682691e-16
z,17.760279964995288,1.0653379944690523e-15
z,17.766529183842927,1.2983207563049446e-15
z,17.77277840269057,3.147720248386097e-15
z,17.779027621538212,2.396905925915061e-15
z,17.78527684038585,3.831281121337703e-15
z,17.79152605923349,7.222156860922152e-16
z,17.797775278081133,2.4253149932335983e-15
z,17.804024496928776,3.946801619834515e-15
z,17.810273715776415,2.7736668432701165e-15
z,17.816522934624054,6.507379364800481e-16
z,17.822772153471696,9.882328173868167e-17
z,17.82902137231934,9.945266403321171e-17
z,17.835270591166978,2.6730734815411546e-16
z,17.841519810014617,5.442049666053185e-16
z,17.84776902886226,2.237194511466574e-16
z,17.854018247709902,5.827721508450092e-16
z,17.86026746655754,1.9780218613358745e-17
z,17.86651668540518,2.395385525833387e-15
z,17.872765904252823,5.362475338762007e-15
z,17.879015123100466,9.146598183762576e-15
z,17.885264341948105,9.547716618370468e-15
z,17.891513560795744,1.0030431609444947e-14
z,17.897762779643386,4.0420096526902185e-16
z,17.90401199849103,4.909096500804544e-15
z,17.910261217338668,6.689697558308355e-15
z,17.916510436186307,7.964261025396808e-15
z,17.92275965503395,3.450743629058899e-15
z,17.929008873881592,1.3103373927206295e-14
z,17.93525809272923,1.2118372288268284e-14
z,17.94150731157687,4.651210253350893e-16
z,17.947756530424513,1.705983459228564e-15
z,17.954005749272156,2.4217836416043954e-15
z,17.960254968119795,7.560989486150286e-15
z,17.966504186967434,7.810650954591563e-15
z,17.972753405815077,7.769198844032548e-15
z,17.97900262466272,4.625108317940557e-15
z,17.98525184351036,2.165419346250678e-15
z,17.991501062357997,1.8102734948608093e-15
z,17.99775028120564,1.807390707047559e-15
z,18.003999500053283,1.351045774086194e-15
z,18.01024871890092,3.6863807075325854e-16
z,18.01649793774856,1.1126450782693072e-15
z,18.022747156596203,2.964298501679405e-15
z,18.028996375443846,2.2923399992623154e-15
z,18.035245594291485,6.346539538025176e-15
z,18.041494813139124,2.8738643076383742e-15
z,18.047744031986767,1.3618976213684713e-15
z,18.05399325083441,1.8515727305819318e-15
z,18.06024246968205,5.604781443955765e-16
z,18.066491688529688,9.566199960344297e-16
z,18.07274090737733,1.8639338946505453e-15
z,18.078990126224973,3.410497939746503e-15
z,18.085239345072612,3.142580799541545e-15
z,18.09148856392025,5.67752895727152e-16
z,18.097737782767894,2.3522255401772933e-15
z,18.103987001615536,3.2998461741694765e-17
z,18.110236220463175,1.4481309970253161e-15
z,18.116485439310814,9.728297190740283e-16
z,18.122734658158457,1.4617394462670012e-16
z,18.1289838770061,4.160824528209384e-17
z,18.13523309585374,6.051983372367405e-16
z,18.141482314701378,2.5155568994334152e-15
z,18.14773153354902,3.3829326590319882e-15
z,18.153980752396663,1.640740697080909e-15
z,18.160229971244302,6.9483616893399274e-15
z,18.16647919009194,7.720705042220937e-15
z,18.172728408939584,1.0659478806394695e-15
z,18.178977627787226,2.2119530078016072e-14
z,18.185226846634865,1.3721083415840582e-14
z,18.191476065482505,1.5712956214623098e-15
z,18.197725284330147,1.7469021816413896e-15
z,18.20397450317779,9.266243694900273e-16
z,18.21022372202543,2.095543568512501e-15
z,18.216472940873068,1.469619565149338e-15
z,18.22272215972071,1.6175410309739104e-15
z,18.228971378568353,1.656547399889884e-16
z,18.235220597415992,9.633448519139909e-17
z,18.24146981626363,7.337136448444566e-16
z,18.247719035111274,6.0500618516560825e-15
z,18.253968253958917,5.142310141839239e-15
z,18.260217472806556,2.056373063530019e-15
z,18.266466691654195,8.200349540111258e-16
z,18.272715910501837,1.8959358983364522e-16
z,18.27896512934948,1.0355708845044727e-15
z,18.28521434819712,1.537450193882504e-15
z,18.291463567044758,1.4453080155877165e-15
z,18.2977127858924,7.584703796546087e-15
z,18.303962004740043,7.000000459180157e-15
z,18.310211223587682,4.142090939013505e-15
z,18.31646044243532,7.651740119618707e-15
z,18.322709661282964,7.051888811674751e-15
z,18.328958880130607,1.5949938048330863e-15
z,18.335208098978246,2.3564600182959567e-15
z,18.341457317825885,3.6673797467978527e-16
z,18.347706536673527,1.4911771071294491e-16
z,18.35395575552117,2.1656354324917073e-17
z,18.36020497436881,2.02284078737986e-15
z,18.36645419321645,5.977782571919258e-15
z,18.37270341206409,1.8059341077089158e-15
z,18.378952630911733,6.001094520759195e-16
z,18.385201849759373,5.295829635778389e-16
z,18.39145106860701,6.3603576529609e-17
z,18.397700287454654,3.46989819223507e-15
z,18.403949506302297,4.091756702881737e-15
z,18.410198725149936,9.276871967983049e-16
z,18.416447943997575,4.2179156514024595e-15
z,18.422697162845218,3.94862342675965e-15
z,18.42894638169286,3.0887018463975813e-16
z,18.4351956005405,3.817582498883401e-16
z,18.44144481938814,4.100802385666247e-15
z,18.44769403823578,3.809561892123406e-15
z,18.453943257083424,1.1322581079432855e-14
z,18.460192475931063,8.891669225364121e-15
z,18.466441694778702,6.4943843936245165e-15
z,18.472690913626344,9.559363971984509e-15
z,18.478940132473987,2.08077144870283e-15
z,18.485189351321626,6.755070650071098e-15
z,18.491438570169265,5.286468423153698e-15
z,18.497687789016908,2.380059623727729e-15
z,18.50393700786455,1.3733390748926425e-14
z,18.51018622671219,5.625690283058296e-15
z,18.51643544555983,1.942513659122217e-17
z,18.52268466440747,5.94137806321781e-16
z,18.528933883255114,1.98125315033457e-15
z,18.535183102102753,2.67365700689925e-14
z,18.541432320950392,2.9239743020478374e-14
z,18.547681539798035,1.2856978819455497e-15
z,18.553930758645677,4.2338799354067604e-15
z,18.560179977493316,1.356639087266666e-14
z,18.566429196340955,1.6540143553351595e-14
z,18.572678415188598,1.0825685131036158e-14
z,18.57892763403624,1.0753935624021163e-14
z,18.58517685288388,1.2899926703118708e-14
z,18.59142607173152,2.9780627046476606e-14
z,18.59767529057916,1.7949106093713452e-14
z,18.603924509426804,6.728906129112048e-14
z,18.610173728274443,2.1753720818132272e-14
z,18.616422947122082,6.1785412931961774e-15
z,18.622672165969725,5.025692537658152e-14
z,18.628921384817367,2.6287319284522102e-14
z,18.635170603665006,5.964937411897585e-16
z,18.641419822512646,4.667909320527049e-15
z,18.647669041360288,1.3036574162087426e-14
z,18.65391826020793,1.699715979298359e-14
z,18.66016747905557,1.7895977182822575e-15
z,18.66641669790321,3.5341040163306072e-15
z,18.67266591675085,1.1553632088965705e-15
z,18.678915135598494,4.254607895201236e-15
z,18.685164354446133,1.006237528917432e-14
z,18.691413573293772,1.6834662924497327e-14
z,18.697662792141415,6.725146598032059e-15
z,18.703912010989058,3.663955433997904e-15
z,18.710161229836697,4.363748777176156e-15
z,18.716410448684336,2.2303760470011276e-15
z,18.72265966753198,8.961255975084085e-16
z,18.72890888637962,6.666429283733686e-15
z,18.73515810522726,1.2782227349234847e-14
z,18.7414073240749,9.557045590018263e-15
z,18.74765654292254,6.270909587408653e-15
z,18.753905761770184,1.623900877082492e-15
z,18.760154980617823,2.720080603844167e-16
z,18.766404199465462,2.6517590518039533e-16
z,18.772653418313105,5.78318282638264e-16
z,18.778902637160748,1.8808095627611003e-15
z,18.785151856008387,2.111466481515309e-15
z,18.791401074856026,1.6880424520008517e-15
z,18.79765029370367,1.5476223441086121e-16
z,18.80389951255131,4.328450276633349e-16
z,18.81014873139895,5.417891943410059e-16
z,18.81639795024659,8.396471396706387e-16
z,18.822647169094232,2.238076062273109e-15
z,18.828896387941874,7.822332037221885e-16
z,18.835145606789514,3.311925524803286e-17
z,18.841394825637153,8.227550383772783e-17
z,18.847644044484795,1.1707547878653634e-16
z,18.853893263332438,7.876495506464913e-16
z,18.860142482180077,1.0103075253669522e-15
z,18.866391701027716,1.633331797608419e-15
z,18.87264091987536,2.5149774094774362e-15
z,18.878890138723,4.587059080426133e-15
z,18.88513935757064,1.9266542484160027e-15
z,18.89138857641828,9.902719221473138e-16
z,18.897637795265922,2.55760044903892e-15
z,18.903887014113565,2.9584446702823913e-15
z,18.910136232961204,6.651756826110707e-16
z,18.916385451808843,1.4768802836412588e-18
z,18.922634670656485,1.195289009800314e-16
z,18.928883889504128,8.173786902175881e-17
z,18.935133108351767,1.0613410198982426e-17
z,18.941382327199406,9.286515200477867e-17
z,18.94763154604705,1.6873318770825805e-16
z,18.95388076489469,1.3361373259219362e-15
z,18.96012998374233,1.7642610902989603e-15
z,18.96637920258997,5.424821772504197e-16
z,18.972628421437612,1.9122158135266963e-15
z,18.978877640285255,2.4178148429409076e-16
z,18.985126859132894,1.192313013972982e-15
z,18.991376077980533,3.111910163105874e-15
z,18.997625296828176,3.0885976692321293e-15
z,19.003874515675818,1.3045070620825389e-15
z,19.010123734523457,2.3949478397285514e-15
z,19.016372953371096,1.5225819756706712e-15
z,19.02262217221874,5.317989546989177e-16
z,19.02887139106638,1.3067461112630432e-17
z,19.03512060991402,1.058561652824292e-16
z,19.04136982876166,7.117197426354156e-16
z,19.047619047609302,1.598443351732294e-15
z,19.053868266456945,3.649022426311687e-18
z,19.060117485304584,1.0676534071542577e-15
z,19.066366704152223,1.7178210128199071e-15
z,19.072615922999866,1.3051714263633605e-15
z,19.07886514184751,6.192835656832433e-16
z,19.085114360695147,1.0893228249051947e-15
z,19.091363579542787,5.407863618658007e-16
z,19.09761279839043,1.082796263760587e-16
z,19.10386201723807,1.5455426205326519e-15
z,19.11011123608571,2.0299352435354644e-15
z,19.11636045493335,1.1566638885078393e-15
z,19.122609673780993,7.841210294914035e-17
z,19.128858892628635,2.6543030495563954e-16
z,19.135108111476274,1.0672208636461305e-17
z,19.141357330323913,9.146742245533812e-16
z,19.147606549171556,1.3609218996620592e-15
z,19.1538557680192,1.9177926240823693e-15
z,19.160104986866838,3.2701431571661984e-15
z,19.166354205714477,2.08562183889705e-17
z,19.17260342456212,3.402978595167364e-15
z,19.178852643409762,2.2072648257021065e-15
z,19.1851018622574,8.300688167352264e-16
z,19.19135108110504,7.600192634931593e-15
z,19.197600299952683,2.6205553521081497e-15
z,19.203849518800325,1.132877361749264e-16
z,19.210098737647964,1.6243400088503848e-15
z,19.216347956495603,3.2768850004975886e-15
z,19.222597175343246,3.3870742114661075e-15
z,19.22884639419089,3.676097489322742e-15
z,19.235095613038528,9.736952674930287e-16
z,19.241344831886167,2.250586718482261e-16
z,19.24759405073381,9.620066617806808e-16
z,19.253843269581452,2.115114433965412e-15
z,19.26009248842909,2.3191608841642094e-14
z,19.26634170727673,1.6170901529659738e-14
z,19.272590926124373,4.906086835235646e-15
z,19.278840144972015,5.854751771878059e-15
z,19.285089363819655,1.1156400886134268e-15
z,19.291338582667294,9.529142440960291e-15
z,19.297587801514936,4.788464664196357e-15
z,19.30383702036258,1.4828259433970216e-15
z,19.310086239210218,1.0344747173498122e-14
z,19.316335458057857,1.4686812455246685e-14
z,19.3225846769055,2.7768769131597895e-15
z,19.328833895753142,1.9618086847058537e-16
z,19.33508311460078,7.4345065138187315e-16
z,19.34133233344842,6.574899476144523e-16
z,19.347581552296063,9.084833655525811e-15
z,19.353830771143706,7.029444126927019e-15
z,19.360079989991345,2.1747424016108183e-15
z,19.366329208838984,4.7650760311970345e-15
z,19.372578427686626,3.2042172768932633e-15
z,19.37882764653427,1.2664264484209473e-14
z,19.385076865381908,1.0744292914206931e-14
z,19.391326084229547,1.6368725820063739e-15
z,19.39757530307719,5.970563474839283e-16
z,19.403824521924832,1.2970999961835187e-16
z,19.41007374077247,6.149701412718377e-16
z,19.41632295962011,3.0596682508845842e-15
z,19.422572178467753,8.114650517980134e-17
z,19.428821397315396,3.274998508077113e-15
z,19.435070616163035,1.3481311990950514e-15
z,19.441319835010674,9.505669834629264e-16
z,19.447569053858317,3.934406912539179e-15
z,19.45381827270596,1.9421746297508668e-15
z,19.4600674915536,9.333405663679237e-16
z,19.466316710401237,3.1347216749051236e-15
z,19.47256592924888,3.0505918241089443e-15
z,19.478815148096523,9.77377492208253e-16
z,19.48506436694416,1.1841671174664614e-15
z,19.4913135857918,3.2913649557080052e-15
z,19.497562804639443,5.512275761428214e-15
z,19.503812023487086,3.027210431736624e-15
z,19.510061242334725,7.683053956552371e-16
z,19.516310461182364,2.420840920897744e-15
z,19.522559680030007,1.78913092962052e-15
z,19.52880889887765,3.9296655257305974e-16
z,19.53505811772529,8.996128887271395e-16
z,19.541307336572928,6.475764236336593e-15
z,19.54755655542057,4.632578496498556e-15
z,19.553805774268213,4.581505528559116e-15
z,19.560054993115852,2.1849114612644166e-15
z,19.56630421196349,1.8494922423648708e-14
z,19.572553430811134,1.0952472745910445e-14
z,19.578802649658776,1.477692264233591e-15
z,19.585051868506415,6.398644231147971e-16
z,19.591301087354054,1.2066956783165147e-16
z,19.597550306201697,1.9623609115664664e-16
z,19.60379952504934,5.52001776004319e-16
z,19.61004874389698,1.4492099257802684e-16
z,19.616297962744618,2.617101392076305e-16
z,19.62254718159226,4.972533845237766e-17
z,19.628796400439903,7.501322790599486e-16
z,19.635045619287542,1.1045957757830703e-15
z,19.64129483813518,2.907002467009848e-16
z,19.647544056982824,1.0861117180772957e-16
z,19.653793275830466,2.5385915930236874e-16
z,19.660042494678105,1.3295214788369694e-16
z,19.666291713525744,1.6655965333283776e-16
z,19.672540932373387,4.0470154672581927e-16
z,19.67879015122103,1.17219792976871e-17
z,19.68503937006867,8.307367510738708e-17
z,19.691288588916308,2.232111704030026e-16
z,19.69753780776395,2.512519660610583e-16
z,19.703787026611593,1.7060804576615333e-16
z,19.710036245459232,3.3776460776569306e-17
z,19.71628546430687,1.3275825404623446e-16
z,19.722534683154514,2.3671180354461506e-16
z,19.728783902002156,5.675294942135362e-16
z,19.735033120849796,3.7429104313323617e-16
z,19.741282339697435,7.151282262397125e-16
z,19.747531558545077,9.971111610680346e-17
z,19.75378077739272,2.6282224337503325e-16
z,19.76002999624036,6.774976024347921e-16
z,19.766279215087998,6.045677315258999e-16
z,19.77252843393564,1.8347853831170345e-16
z,19.778777652783283,3.342964812579788e-17
z,19.785026871630922,5.081521955661177e-18
z,19.79127609047856,3.707289084750466e-17
z,19.797525309326204,8.39653382888565e-17
z,19.803774528173847,5.0737128849969346e-17
z,19.810023747021486,1.0254996410150715e-16
z,19.816272965869125,4.4974374013207375e-18
z,19.822522184716767,3.361326994236106e-16
z,19.82877140356441,8.094050622907121e-16
z,19.83502062241205,1.5610499311145897e-15
z,19.841269841259688,1.5369737415915229e-15
z,19.84751906010733,1.7793949043197757e-15
z,19.853768278954973,9.443418875184278e-17
z,19.860017497802612,7.93663169492605e-16
z,19.86626671665025,1.1337037905215853e-15
z,19.872515935497894,1.2442054034243791e-15
z,19.878765154345537,5.893129868239952e-16
z,19.885014373193176,1.976570454969933e-15
z,19.891263592040815,2.487007396710325e-15
z,19.897512810888458,1.3006697006752407e-16
z,19.9037620297361,3.5947638596787394e-16
z,19.91001124858374,2.7599528939958057e-16
z,19.91626046743138,1.2281470245574944e-15
z,19.92250968627902,1.4518162027605437e-15
z,19.928758905126664,1.3028046655064228e-15
z,19.935008123974303,9.142065277256434e-16
z,19.94125734282194,4.712749553422652e-16
z,19.947506561669584,3.0919861317411983e-16
z,19.953755780517227,2.712242184124787e-16
z,19.960004999364866,1.9323571118485246e-16
z,19.966254218212505,8.220397431295493e-17
z,19.972503437060148,1.0342481173706224e-16
z,19.97875265590779,5.126684520472369e-16
z,19.98500187475543,3.801809862003885e-16
z,19.99125109360307,1.0801946003486715e-15
z,19.99750031245071,6.812353370381151e-16
z,20.003749531298354,2.301878429296406e-16
z,20.009998750145993,3.6851691103912006e-16
z,20.016247968993632,1.569710187643231e-16
z,20.022497187841275,1.1038560012836317e-16
z,20.028746406688917,3.362914372794946e-16
z,20.034995625536556,5.065104845717914e-16
z,20.041244844384195,6.866984732381576e-16
z,20.047494063231838,5.870465865561214e-17
z,20.05374328207948,3.963821102933623e-16
z,20.05999250092712,1.1162466815469848e-17
z,20.06624171977476,2.5583712292669867e-16
z,20.0724909386224,2.2195885071491256e-16
z,20.078740157470044,4.682829972674617e-17
z,20.084989376317683,2.073625289964866e-18
z,20.091238595165322,6.944788420318014e-17
z,20.097487814012965,4.0593943619525138e-16
z,20.103737032860607,6.816976299006736e-16
z,20.109986251708246,3.3024749589624445e-16
z,20.116235470555885,1.2595371464338851e-15
z,20.122484689403528,1.6770817698529868e-15
z,20.12873390825117,5.609928718585316e-17
z,20.13498312709881,3.4070920194209772e-15
z,20.14123234594645,2.8705761531300945e-15
z,20.14748156479409,3.446449733455483e-16
z,20.153730783641734,3.1321168736504725e-16
z,20.159980002489373,2.688917098305709e-16
z,20.166229221337012,3.615019871671167e-16
z,20.172478440184655,3.2970071109398336e-16
z,20.178727659032297,2.788371586068205e-16
z,20.184976877879937,5.800082531460491e-17
z,20.191226096727576,4.64028299936368e-17
z,20.19747531557522,1.0190237532309698e-16
z,20.20372453442286,1.0049584637925625e-15
z,20.2099737532705,1.1465029594517398e-15
z,20.21622297211814,4.156840668382861e-16
z,20.22247219096578,2.6991742053227623e-16
z,20.228721409813424,1.6925305420109046e-17
z,20.234970628661063,1.3546312721094797e-16
z,20.241219847508702,2.8507635772175166e-16
z,20.247469066356345,2.2199886937138634e-16
z,20.253718285203988,1.2626973248801524e-15
z,20.259967504051627,1.3558173085177496e-15
z,20.266216722899266,6.863250174743194e-16
z,20.27246594174691,1.3379411771271334e-15
z,20.27871516059455,1.4180524266813184e-15
z,20.28496437944219,4.054466213142575e-16
z,20.29121359828983,4.382973258523281e-16
z,20.297462817137472,1.1907264680465421e-16
z,20.303712035985114,4.6813647717725295e-17
z,20.309961254832753,1.2818739755885905e-19
z,20.316210473680393,2.6186588944142845e-16
z,20.322459692528035,9.769024382762647e-16
z,20.328708911375678,3.3750375918329613e-16
z,20.334958130223317,6.657677159221371e-17
z,20.341207349070956,6.388929498036337e-17
z,20.3474565679186,4.859335375570204e-18
z,20.35370578676624,5.009740278350713e-16
z,20.35995500561388,7.2141718154926e-16
z,20.36620422446152,1.6053638207321693e-16
z,20.372453443309162,5.263494056329705e-16
z,20.378702662156805,5.990777584846164e-16
z,20.384951881004444,5.147478455674331e-17
z,20.391201099852083,5.351257928207414e-17
z,20.397450318699725,6.744008047981604e-16
z,20.403699537547368,6.024794392632538e-16
z,20.409948756395007,1.4225521105779915e-15
z,20.416197975242646,1.370723164790151e-15
z,20.42244719409029,8.266363871170504e-16
z,20.42869641293793,1.3009073982830223e-15
z,20.43494563178557,3.2949599233486406e-16
z,20.44119485063321,8.068650767420012e-16
z,20.447444069480852,7.783909871199166e-16
z,20.453693288328495,2.6188434416396717e-16
z,20.459942507176134,1.639908915398555e-15
z,20.466191726023773,8.771578611688484e-16
z,20.472440944871416,2.14697063616178e-17
z,20.478690163719058,1.1445976596720442e-16
z,20.484939382566697,1.9322817816442075e-16
z,20.491188601414336,2.8155496968556208e-15
z,20.49743782026198,4.004042354757962e-15
z,20.50368703910962,4.960887420197862e-16
z,20.50993625795726,2.757470363101774e-16
z,20.5161854768049,1.4348249249720018e-15
z,20.522434695652542,2.1156349953471397e-15
z,20.528683914500185,1.138932055933873e-15
z,20.534933133347824,1.2618752470370441e-15
z,20.541182352195463,1.2062365901022765e-15
z,20.547431571043106,3.495280624645514e-15
z,20.55368078989075,1.9878318739336394e-15
z,20.559930008738387,7.895154189515849e-15
z,20.566179227586026,3.43067925938627e-15
z,20.57242844643367,4.3428511849165017e-16
z,20.57867766528131,5.5721941437564385e-15
z,20.58492688412895,3.8106376531451036e-15
z,20.59117610297659,4.301315148096175e-17
z,20.597425321824232,4.07050614518016e-16
z,20.603674540671875,1.1628578460318416e-15
z,20.609923759519514,2.1536425628302858e-15
z,20.616172978367153,2.896991402562654e-16
z,20.622422197214796,2.907650381254951e-16
z,20.62867141606244,2.0614303851838477e-16
z,20.634920634910078,4.1062417056429414e-16
z,20.641169853757717,1.1481519468194075e-15
z,20.64741907260536,2.0388314361746768e-15
z,20.653668291453002,1.0883928061495672e-15
z,20.65991751030064,2.702380690654205e-16
z,20.66616672914828,4.607150290287981e-16
z,20.672415947995923,3.2766540007470596e-16
z,20.678665166843565,1.3258915390669823e-16
z,20.684914385691204,6.431248433433151e-16
z,20.691163604538843,1.5064013692034465e-15
z,20.697412823386486,1.2064631341801305e-15
z,20.70366204223413,6.860829095993852e-16
z,20.709911261081768,1.871264745664904e-16
z,20.716160479929407,1.0319302391562457e-17
z,20.72240969877705,2.793711737430382e-17
z,20.728658917624692,4.0194246031998935e-17
z,20.73490813647233,2.257241717563251e-16
z,20.74115735531997,2.2504232389506164e-16
z,20.747406574167613,2.033669389312149e-16
z,20.753655793015255,1.0368973197403136e-17
z,20.759905011862894,4.7394782314864e-17
z,20.766154230710534,5.0478223573762726e-17
z,20.772403449558176,6.135002011363047e-17
z,20.77865266840582,2.226499771595977e-16
z,20.784901887253458,9.367830177777403e-17
z,20.791151106101097,4.3991457117394206e-18
z,20.79740032494874,1.3002630000888975e-17
z,20.803649543796382,1.1763358476820967e-17
z,20.80989876264402,6.398602540900498e-17
z,20.81614798149166,1.055534711755878e-16
z,20.822397200339303,1.4373005315107107e-16
z,20.828646419186946,2.2929019468075513e-16
z,20.834895638034585,4.576512097210492e-16
z,20.841144856882224,2.6073557886236493e-16
z,20.847394075729866,1.1358403808883004e-16
z,20.85364329457751,2.5841417933335537e-16
z,20.859892513425148,3.962165160101718e-16
z,20.866141732272787,1.25625249695072e-16
z,20.87239095112043,5.015269881161738e-18
z,20.878640169968072,1.0232388202671895e-17
z,20.88488938881571,3.987593823963157e-18
z,20.89113860766335,2.635134043562296e-18
z,20.897387826510993,1.2004490223792087e-17
z,20.903637045358636,1.1892455487277504e-17
z,20.909886264206275,1.3640966061539206e-16
z,20.916135483053914,1.8875193928416354e-16
z,20.922384701901557,5.913694394970846e-17
z,20.9286339207492,1.5204425919195693e-16
z,20.934883139596838,3.706172287295137e-17
z,20.941132358444477,7.411640919134521e-17
z,20.94738157729212,2.4397655441786024e-16
z,20.953630796139763,2.23084770447891e-16
z,20.9598800149874,8.792628708104806e-17
z,20.96612923383504,1.906614833079566e-16
z,20.972378452682683,1.99831672496694e-16
z,20.978627671530326,4.1238210286113325e-17
z,20.984876890377965,9.153345349559975e-19
z,20.991126109225604,1.2239760962847889e-17
z,20.997375328073247,4.9805543446113113e-17
z,21.00362454692089,1.8120184344742072e-16
z,21.00987376576853,3.672879341160287e-18
z,21.016122984616167,1.0349920318946318e-16
z,21.02237220346381,1.7591826941036692e-16
z,21.028621422311453,1.5081323857932734e-16
z,21.03487064115909,5.137968436977303e-17
z,21.04111986000673,1.1052801095671265e-16
z,21.047369078854373,9.223023562755033e-17
z,21.053618297702016,7.134824365667759e-19
z,21.059867516549655,1.423929594480356e-16
z,21.066116735397294,2.2664211305475315e-16
z,21.072365954244937,1.8774414239152368e-16
z,21.07861517309258,3.917644397999455e-18
z,21.08486439194022,4.0932976319082954e-17
z,21.091113610787858,5.489032514991344e-18
z,21.0973628296355,7.727156735599473e-17
z,21.103612048483143,1.9051021342470293e-16
z,21.109861267330782,2.1549550756189363e-16
z,21.11611048617842,4.467391413704116e-16
z,21.122359705026064,2.081723043808745e-17
z,21.128608923873706,3.8090677897387675e-16
z,21.134858142721345,3.071419721673848e-16
z,21.141107361568984,7.450075336462726e-17
z,21.147356580416627,9.563674475736128e-16
z,21.15360579926427,5.560569994782531e-16
z,21.15985501811191,1.016690249004132e-17
z,21.166104236959548,1.3316091633197755e-16
z,21.17235345580719,4.474294305561737e-16
z,21.178602674654833,4.4319969838139236e-16
z,21.184851893502472,4.891776784601611e-16
z,21.19110111235011,1.7624194269020861e-16
z,21.197350331197754,4.686716961118175e-17
z,21.203599550045396,1.1318567819801086e-16
z,21.209848768893035,1.4814370106717377e-16
z,21.216097987740675,2.9606679154714793e-15
z,21.222347206588317,2.6290060201066217e-15
z,21.22859642543596,6.447438543966248e-16
z,21.2348456442836,7.772144923903731e-16
z,21.241094863131238,2.746052617375159e-16
z,21.24734408197888,1.4023682769307912e-15
z,21.253593300826523,1.0035655380776017e-15
z,21.259842519674162,1.1384366205495823e-16
z,21.2660917385218,1.410376335559416e-15
z,21.272340957369444,2.2876035579339943e-15
z,21.278590176217087,5.535691829680563e-16
z,21.284839395064726,2.4575828904180774e-17
z,21.291088613912365,1.2881295360932875e-16
z,21.297337832760007,1.063308304840039e-16
z,21.30358705160765,1.2558347999467989e-15
z,21.30983627045529,1.2801717841571164e-15
z,21.316085489302928,3.901396578634542e-16
z,21.32233470815057,7.356786409608222e-16
z,21.328583926998213,5.469279445937061e-16
z,21.334833145845852,1.617006255774279e-15
z,21.34108236469349,1.7972374157696932e-15
z,21.347331583541134,2.619094386086996e-16
z,21.353580802388777,8.876833731257845e-17
z,21.359830021236416,4.4214588368454494e-17
z,21.366079240084055,5.1367847886252655e-17
z,21.372328458931698,4.25181174946639e-16
z,21.37857767777934,3.288229031663396e-17
z,21.38482689662698,4.488883170754379e-16
z,21.39107611547462,2.619897538690481e-16
z,21.39732533432226,1.2549437263064096e-16
z,21.403574553169904,5.434295992297025e-16
z,21.409823772017543,3.2024606060056676e-16
z,21.41607299086518,9.6184504573651e-17
z,21.422322209712824,3.8662070712928737e-16
z,21.428571428560467,4.948894424303015e-16
z,21.434820647408106,2.0170990588002573e-16
z,21.441069866255745,1.149416920379203e-16
z,21.447319085103388,4.419000184890181e-16
z,21.45356830395103,6.692942169245287e-16
z,21.45981752279867,4.603633210256842e-16
z,21.46606674164631,1.0237186895003367e-16
z,21.47231596049395,3.0604684639142303e-16
z,21.478565179341594,2.7016124008940196e-16
z,21.484814398189233,7.525300377076175e-17
z,21.491063617036872,5.252980264430002e-17
z,21.497312835884514,7.163952735663383e-16
z,21.503562054732157,6.010981669107174e-16
z,21.509811273579796,4.766704733462473e-16
z,21.516060492427435,1.2541834765052871e-16
z,21.522309711275078,1.0347517358644815e-15
z,21.52855893012272,8.618229715363099e-16
z,21.53480814897036,1.3288766610727187e-16
z,21.541057367818,3.2227826216031075e-17
z,21.54730658666564,7.150444132507436e-18
z,21.553555805513284,1.5462424265268777e-17
z,21.559805024360923,8.14744040112284e-17
z,21.566054243208562,3.9796463199710603e-17
z,21.572303462056205,6.460489182061055e-17
z,21.578552680903847,2.1845360888625282e-17
z,21.584801899751486,1.243692552295566e-16
z,21.591051118599125,2.1063223109874973e-16
z,21.597300337446768,5.824574320145477e-17
z,21.60354955629441,2.082590445884135e-17
z,21.60979877514205,4.0983638201748007e-17
z,21.61604799398969,3.206788653452801e-17
z,21.62229721283733,1.732085403534488e-17
z,21.628546431684974,7.511889724814691e-17
z,21.634795650532613,1.19410979696946e-18
z,21.641044869380252,1.2376191541228747e-17
z,21.647294088227895,3.4551823905894304e-17
z,21.653543307075537,4.2564732642944074e-17
z,21.659792525923176,3.170462756458973e-17
z,21.666041744770816,9.634298143085793e-18
z,21.672290963618458,1.2887295837352714e-17
z,21.6785401824661,4.2293717002100106e-17
z,21.68478940131374,8.395601875103417e-17
z,21.69103862016138,5.753929527558639e-17
z,21.69728783900902,1.2015999808265219e-16
z,21.703537057856664,1.6211969117762285e-17
z,21.709786276704303,2.226965284736654e-17
z,21.716035495551942,1.0421077815027878e-16
z,21.722284714399585,1.1374996900276701e-16
z,21.728533933247228,4.3356692612833285e-17
z,21.734783152094867,1.2186675374106276e-17
z,21.741032370942506,3.010857196703187e-19
z,21.74728158979015,3.7824674143117315e-18
z,21.75353080863779,1.45400445400613e-17
z,21.75978002748543,1.2450661473139162e-17
z,21.76602924633307,1.3859325945579065e-17
z,21.77227846518071,3.5845096466630755e-18
z,21.778527684028354,4.2165568528640095e-17
z,21.784776902875993,1.0762642546759128e-16
z,21.791026121723633,2.5237211001542126e-16
z,21.797275340571275,2.5542550003400687e-16
z,21.803524559418918,2.9253258696722836e-16
z,21.809773778266557,2.978056759682891e-17
z,21.816022997114196,1.250624974486731e-16
z,21.82227221596184,1.9333410035887445e-16
z,21.82852143480948,1.8779047720071996e-16
z,21.83477065365712,9.736363018992223e-17
z,21.84101987250476,2.778767635080262e-16
z,21.847269091352402,4.842532732037708e-16
z,21.853518310200045,4.8109631163010643e-17
z,21.859767529047684,6.733293145415596e-17
z,21.866016747895323,2.4675871692575884e-17
z,21.872265966742965,1.7657186867597044e-16
z,21.878515185590608,2.516614050880487e-16
z,21.884764404438247,2.0122899757105956e-16
z,21.891013623285886,1.523425506495952e-16
z,21.89726284213353,8.657010613194587e-17
z,21.90351206098117,5.790749845803224e-17
z,21.90976127982881,4.7909978657095866e-17
z,21.91601049867645,3.464523838628009e-17
z,21.922259717524092,1.2913864431422024e-17
z,21.928508936371735,8.504962457745514e-18
z,21.934758155219374,8.361652596972921e-17
z,21.941007374067013,6.30823321328725e-17
z,21.947256592914655,1.7331665462551297e-16
z,21.953505811762298,1.4742526409567185e-16
z,21.959755030609937,3.7532640944858774e-17
z,21.966004249457576,7.725310523369094e-17
z,21.97225346830522,4.2935344582457526e-17
z,21.97850268715286,1.057718975386549e-17
z,21.9847519060005,6.485666281499937e-17
z,21.99100112484814,6.638193497990721e-17
z,21.997250343695782,1.3969412601699017e-16
z,22.003499562543425,1.3599852856071363e-17
z,22.009748781391064,5.680057719649295e-17
z,22.015998000238703,2.282377403286028e-18
z,22.022247219086346,4.656856745405051e-17
z,22.02849643793399,5.4240060411412615e-17
z,22.034745656781627,2.0233319049083875e-17
z,22.040994875629266,2.8220089361660207e-18
z,22.04724409447691,8.74758476362356e-18
z,22.05349331332455,7.403396538576069e-17
z,22.05974253217219,1.31885435819896e-16
z,22.06599175101983,7.003921314780172e-17
z,22.072240969867472,2.253051290307455e-16
z,22.078490188715115,3.388922799825193e-16
z,22.084739407562754,1.8088105805932706e-17
z,22.090988626410393,4.763163681643055e-16
z,22.097237845258036,5.733764234223123e-16
z,22.10348706410568,8.191406064929902e-17
z,22.109736282953317,5.873651831799929e-17
z,22.115985501800957,6.446475453819111e-17
z,22.1222347206486,5.5323987766954895e-17
z,22.128483939496242,8.234788611426455e-17
z,22.13473315834388,4.1444262206764906e-17
z,22.14098237719152,1.7394156921546412e-17
z,22.147231596039163,1.838829291954698e-17
z,22.153480814886805,1.5619492834903468e-17
z,22.159730033734444,1.662090244639704e-16
z,22.165979252582083,2.404558131320939e-16
z,22.172228471429726,8.385056718749361e-17
z,22.17847769027737,7.496727553668379e-17
z,22.184726909125008,3.1976878174177895e-18
z,22.190976127972647,1.9125227736306432e-17
z,22.19722534682029,5.214089499929445e-17
z,22.203474565667932,3.5966974107274196e-17
z,22.20972378451557,2.0567960856587702e-16
z,22.21597300336321,2.6402756283215345e-16
z,22.222222222210853,1.2096551283392849e-16
z,22.228471441058495,2.193413024359923e-16
z,22.234720659906134,2.648158371975479e-16
z,22.240969878753774,9.209406465398707e-17
z,22.247219097601416,7.526362903397194e-17
z,22.25346831644906,2.588687076433638e-17
z,22.259717535296698,1.1404806527593128e-17
z,22.265966754144337,7.818187716810854e-19
z,22.27221597299198,2.963416262241986e-17
z,22.278465191839622,1.7342317531167888e-16
z,22.28471441068726,8.157204049984865e-17
z,22.2909636295349,6.5189063859074085e-18
z,22.297212848382543,5.326048103359928e-18
z,22.303462067230186,9.374755413718655e-19
z,22.309711286077825,7.412941250137056e-17
z,22.315960504925464,1.312681055792298e-16
z,22.322209723773106,3.09810372310131e-17
z,22.32845894262075,7.318073989436506e-17
z,22.334708161468388,9.659478536911022e-17
z,22.340957380316027,6.187251713887698e-18
z,22.34720659916367,8.647798466677931e-18
z,22.353455818011312,1.0644241700805259e-16
z,22.35970503685895,1.059210824856491e-16
z,22.36595425570659,1.7718676729168756e-16
z,22.372203474554233,2.1095962782955623e-16
z,22.378452693401876,1.146579277869214e-16
z,22.384701912249515,1.7874017925682808e-16
z,22.390951131097154,5.860657366489168e-17
z,22.397200349944796,1.0265191374690466e-16
z,22.40344956879244,1.1093917996196999e-16
z,22.409698787640078,2.8473980664298266e-17
z,22.415948006487717,1.8642229656375324e-16
z,22.42219722533536,1.3284067405697505e-16
z,22.428446444183002,7.198391435298912e-18
z,22.43469566303064,1.7294449588664415e-17
z,22.44094488187828,2.7193762889647267e-17
z,22.447194100725923,2.803920142486243e-16
z,22.453443319573566,5.278064556715797e-16
z,22.459692538421205,1.2169156082668326e-16
z,22.465941757268844,1.1495119004884744e-17
z,22.472190976116487,1.364119198307379e-16
z,22.47844019496413,2.6222822885646067e-16
z,22.48468941381177,1.2498493675152573e-16
z,22.490938632659407,1.4060966461754785e-16
z,22.49718785150705,1.1715705000339612e-16
z,22.503437070354693,3.7688262544833085e-16
z,22.50968628920233,2.4537834799763984e-16
z,22.51593550804997,8.661789292982135e-16
z,22.522184726897613,5.005546510955372e-16
z,22.528433945745256,2.5313651071348955e-17
z,22.534683164592895,5.661654667771736e-16
z,22.540932383440534,4.800863114097602e-16
z,22.547181602288177,1.2318327310268332e-17
z,22.55343082113582,3.319209196711986e-17
z,22.55968003998346,9.452026109456907e-17
z,22.565929258831098,2.4783239260585723e-16
z,22.57217847767874,4.047542458826241e-17
z,22.578427696526383,2.2320773554052517e-17
z,22.584676915374022,3.55190072131504e-17
z,22.59092613422166,3.061187305893885e-17
z,22.597175353069304,1.2627864641431502e-16
z,22.603424571916946,2.491697021255239e-16
z,22.609673790764585,1.6992894415099755e-16
z,22.615923009612224,2.2343538419575066e-17
z,22.622172228459867,5.111031898487322e-17
z,22.62842144730751,3.127544372574705e-17
z,22.63467066615515,1.8255784640162116e-17
z,22.640919885002788,5.372627921433009e-17
z,22.64716910385043,1.506438679577688e-16
z,22.653418322698073,1.3971056618469506e-16
z,22.659667541545712,7.615256533389271e-17
z,22.66591676039335,2.493798585210523e-17
z,22.672165979240994,1.1641860205641218e-18
z,22.678415198088636,5.181878204580775e-18
z,22.684664416936275,1.2494088697499076e-18
z,22.690913635783915,2.7109612268608102e-17
z,22.697162854631557,1.7258101184404363e-17
z,22.7034120734792,1.5532850119531663e-17
z,22.70966129232684,6.688913215526025e-19
z,22.715910511174478,7.775848468181121e-18
z,22.72215973002212,1.040579580902656e-17
z,22.728408948869763,1.2535187405366116e-18
z,22.734658167717402,2.1642792385142122e-17
z,22.74090738656504,1.5436111106592744e-17
z,22.747156605412684,2.654352634644506e-18
z,22.753405824260327,3.3469395728918407e-18
z,22.759655043107966,9.141271781965402e-19
z,22.765904261955605,5.320627697457344e-18
z,22.772153480803247,1.4414248070900094e-17
z,22.77840269965089,1.4314185231053837e-17
z,22.78465191849853,2.1618692607457026e-17
z,22.790901137346168,3.3903592555850964e-17
z,22.79715035619381,2.00086520145372e-17
z,22.803399575041453,1.8424363961830162e-17
z,22.809648793889092,3.252660435569102e-17
z,22.81589801273673,5.955191809082626e-17
z,22.822147231584374,3.25140988146777e-17
z,22.828396450432017,5.800514066522323e-18
z,22.834645669279656,1.0997579530645702e-19
z,22.840894888127295,8.326005992203477e-20
z,22.847144106974937,6.150047816115411e-19
z,22.85339332582258,9.127172054995858e-19
z,22.85964254467022,8.562046567424472e-18
z,22.86589176351786,2.1030364682138173e-17
z,22.8721409823655,1.6271950332267253e-17
z,22.878390201213143,5.281592469929814e-19
z,22.884639420060783,1.3520821392259021e-17
z,22.89088863890842,3.863577474098055e-18
z,22.897137857756064,4.331549492422929e-18
z,22.903387076603707,1.037349287758135e-17
z,22.909636295451346,1.0910757945928943e-17
z,22.915885514298985,5.61956707614381e-18
z,22.922134733146628,9.732869806447551e-18
z,22.92838395199427,2.008951807735398e-17
z,22.93463317084191,2.30295766991034e-18
z,22.94088238968955,4.1150410656605874e-19
z,22.94713160853719,5.369977720219392e-19
z,22.953380827384834,1.38682628093194e-18
z,22.959630046232473,1.5199149032905626e-17
z,22.965879265080112,1.1033394033335248e-18
z,22.972128483927754,7.002340588794097e-18
z,22.978377702775397,1.1214798835377864e-17
z,22.984626921623036,1.377163360222305e-17
z,22.990876140470675,5.5989282322982425e-18
z,22.997125359318318,1.37587758253502e-17
z,23.00337457816596,1.479762635108454e-17
z,23.0096237970136,8.484126476677686e-19
z,23.01587301586124,1.045077801265043e-17
z,23.02212223470888,2.1346158652145785e-17
z,23.028371453556524,2.2957519053689497e-17
z,23.034620672404163,1.1372569732224348e-18
z,23.040869891251802,5.406565719977023e-18
z,23.047119110099445,1.002236546225915e-18
z,23.053368328947087,5.146233675390763e-18
z,23.059617547794726,2.1865811154547264e-17
z,23.065866766642365,2.3648564167346424e-17
z,23.072115985490008,5.733041974326105e-17
z,23.07836520433765,8.176981940693511e-18
z,23.08461442318529,4.116469052500384e-17
z,23.09086364203293,4.3706789091024635e-17
z,23.09711286088057,8.048472849581886e-18
z,23.103362079728214,1.1040071248281627e-16
z,23.109611298575853,1.0296913812621935e-16
z,23.115860517423492,2.141064622146336e-18
z,23.122109736271135,7.973602979002397e-18
z,23.128358955118777,5.525724627593079e-17
z,23.134608173966416,5.886827106431874e-17
z,23.140857392814056,6.064946517153628e-17
z,23.147106611661698,2.8706976450433845e-17
z,23.15335583050934,8.213329245636625e-18
z,23.15960504935698,1.425492716234357e-17
z,23.16585426820462,1.0607596034335041e-17
z,23.17210348705226,3.663644692244922e-16
z,23.178352705899904,4.1149769625231324e-16
z,23.184601924747543,9.096824047553228e-17
z,23.190851143595182,9.560934811057433e-17
z,23.197100362442825,5.997794900606301e-17
z,23.203349581290468,2.0571490520625848e-16
z,23.209598800138107,1.9489494299913556e-16
z,23.215848018985746,6.1788770750990944e-18
z,23.22209723783339,1.9413075720855304e-16
z,23.22834645668103,3.4796369423528096e-16
z,23.23459567552867,1.0154938960241857e-16
z,23.24084489437631,3.5280722828000266e-18
z,23.24709411322395,2.1833672762514525e-17
z,23.253343332071594,2.2288443195596596e-17
z,23.259592550919233,1.6685902833987685e-16
z,23.265841769766872,2.3109059750836263e-16
z,23.272090988614515,7.947079777504612e-17
z,23.278340207462158,1.1328372120359122e-16
z,23.284589426309797,9.997891382582228e-17
z,23.290838645157436,1.87107043042385e-16
z,23.29708786400508,2.8261676627649644e-16
z,23.30333708285272,4.7165048979545805e-17
z,23.30958630170036,1.3679493738856464e-17
z,23.315835520548,1.2756887313765874e-17
z,23.322084739395642,3.8732151606506e-18
z,23.328333958243284,5.51069590805455e-17
z,23.334583177090924,1.0304689657086091e-17
z,23.340832395938563,5.936840236202878e-17
z,23.347081614786205,5.02985345333682e-17
z,23.353330833633848,1.909859949226221e-17
z,23.359580052481487,7.177227005199332e-17
z,23.365829271329126,5.44712879629045e-17
z,23.37207849017677,1.0907540726677244e-17
z,23.37832770902441,4.208581450660654e-17
z,23.38457692787205,6.95839437979801e-17
z,23.39082614671969,3.9224680500306335e-17
z,23.397075365567332,9.716146473760896e-18
z,23.403324584414975,5.752202276810187e-17
z,23.409573803262614,8.555502070164019e-17
z,23.415823022110253,6.997388853587116e-17
z,23.422072240957895,1.6985425708839022e-17
z,23.428321459805538,3.6992070256477516e-17
z,23.434570678653177,2.7179624933498177e-17
z,23.440819897500816,1.0028114850970979e-17
z,23.44706911634846,3.3467430152825718e-18
z,23.4533183351961,6.6262473185699e-17
z,23.45956755404374,7.301370886060539e-17
z,23.46581677289138,5.615270785052538e-17
z,23.472065991739022,1.5311964356669048e-17
z,23.478315210586665,6.611237673916446e-17
z,23.484564429434304,7.60829555323262e-17
z,23.490813648281943,1.7940793075913072e-17
z,23.497062867129586,2.0581346118464174e-18
z,23.503312085977228,3.556356514703711e-18
z,23.509561304824867,2.134254592964667e-18
z,23.515810523672506,1.0724398834666235e-17
z,23.52205974252015,1.1307828459581793e-17
z,23.52830896136779,1.7392853104009723e-17
z,23.53455818021543,6.6808919937920696e-18
z,23.54080739906307,1.666346260460102e-17
z,23.547056617910712,1.6370483780459196e-17
z,23.553305836758355,3.6981507816386685e-18
z,23.559555055605994,2.6315298747042466e-18
z,23.565804274453633,6.510247505231034e-19
z,23.572053493301276,5.496137352826764e-18
z,23.57830271214892,7.165968096164974e-18
z,23.584551930996557,7.869956729468657e-18
z,23.590801149844197,2.9794826658648555e-19
z,23.59705036869184,4.757584726186118e-18
z,23.60329958753948,1.3056003724356393e-18
z,23.60954880638712,3.399219677561236e-18
z,23.61579802523476,3.5689936322326576e-18
z,23.622047244082403,3.3307142164652536e-18
z,23.628296462930045,2.7336896890044505e-18
z,23.634545681777684,1.2773778757949933e-17
z,23.640794900625323,3.9604515375600016e-18
z,23.647044119472966,7.655111233662248e-18
z,23.65329333832061,1.5434626383120803e-17
z,23.659542557168248,1.94309933897638e-18
z,23.665791776015887,2.934525244824927e-18
z,23.67204099486353,1.482037819193479e-17
z,23.678290213711172,1.4006512393501748e-17
z,23.68453943255881,8.103602576238157e-18
z,23.69078865140645,7.474604552870711e-18
z,23.697037870254093,2.081290958775575e-18
z,23.703287089101735,2.679832438719802e-18
z,23.709536307949374,4.513121244684548e-18
z,23.715785526797013,7.269341535958483e-18
z,23.722034745644656,7.566882567076981e-19
z,23.7282839644923,2.245455703380051e-18
z,23.734533183339938,5.2002900626226555e-18
z,23.740782402187577,9.42677365028868e-18
z,23.74703162103522,3.498220191477586e-17
z,23.753280839882862,5.258727131887409e-17
z,23.7595300587305,5.274182801613771e-17
z,23.76577927757814,6.938146126360685e-18
z,23.772028496425783,2.6230430792802892e-17
z,23.778277715273425,3.383620841023811e-17
z,23.784526934121065,2.7442032234035065e-17
z,23.790776152968704,1.3918837239432494e-17
z,23.797025371816346,3.614067175745491e-17
z,23.80327459066399,1.057632430992038e-16
z,23.809523809511628,2.7004242583686086e-17
z,23.815773028359267,7.88146404981015e-18
z,23.82202224720691,2.1865437348514645e-18
z,23.828271466054552,1.687433834723103e-17
z,23.83452068490219,3.2195627045548704e-17
z,23.84076990374983,2.768688762278875e-17
z,23.847019122597473,1.4506476468158377e-17
z,23.853268341445116,7.952715117935468e-18
z,23.859517560292755,1.4602013136289623e-17
z,23.865766779140394,1.767549608006447e-17
z,23.872015997988036,2.1031439913975257e-17
z,23.87826521683568,4.7896666178527564e-18
z,23.884514435683318,2.159896142785909e-18
z,23.890763654530957,1.6897128403665155e-17
z,23.8970128733786,1.1863516504217582e-17
z,23.903262092226242,2.666753733631186e-17
z,23.90951131107388,3.2904686231651973e-17
z,23.91576052992152,9.243507850591813e-18
z,23.922009748769163,2.6458413815692446e-17
z,23.928258967616806,1.9521436146463268e-17
z,23.934508186464445,1.4118639562979697e-18
z,23.940757405312084,1.6658213385534888e-17
z,23.947006624159727,6.947361239546362e-18
z,23.95325584300737,2.7899146965004315e-17
z,23.95950506185501,1.1685925092557562e-17
z,23.965754280702647,4.899824134585716e-18
z,23.97200349955029,5.854801635681575e-19
z,23.978252718397933,1.3394740542259069e-17
z,23.98450193724557,2.1711559939477774e-17
z,23.99075115609321,2.883755209120399e-17
z,23.997000374940853,7.888877985490892e-18
z,24.003249593788496,3.170531245182562e-18
z,24.009498812636135,3.2425130049411794e-17
z,24.015748031483774,3.696636095902722e-17
z,24.021997250331417,1.3706748640774389e-17
z,24.02824646917906,5.0329132042333e-17
z,24.0344956880267,7.31263211050442e-17
z,24.040744906874338,8.05949197391708e-18
z,24.04699412572198,6.003247971296397e-17
z,24.053243344569623,1.1450844432446187e-16
z,24.059492563417262,2.6566663057223872e-17
z,24.0657417822649,1.5775942341211816e-17
z,24.071991001112544,1.1177583247796234e-17
z,24.078240219960186,5.9254424285605485e-18
z,24.084489438807825,2.432189196030593e-17
z,24.090738657655464,9.805696952599927e-18
z,24.096987876503107,4.179319588238041e-18
z,24.10323709535075,1.017377431971638e-17
z,24.10948631419839,2.9668104861975832e-18
z,24.115735533046028,3.464147689651967e-17
z,24.12198475189367,5.179448437088719e-17
z,24.128233970741313,1.7987937330010273e-17
z,24.134483189588952,2.2896150898329845e-17
z,24.14073240843659,5.113663795720801e-18
z,24.146981627284234,5.737406253573764e-18
z,24.153230846131876,1.3617284661537687e-17
z,24.159480064979515,6.09176069604139e-18
z,24.165729283827154,3.1386246169459885e-17
z,24.171978502674797,5.673364245024423e-17
z,24.17822772152244,2.7621962679195505e-17
z,24.18447694037008,3.2664212173523594e-17
z,24.190726159217718,3.496991027602598e-17
z,24.19697537806536,1.2165681299993134e-17
z,24.203224596913003,1.2564014865148902e-17
z,24.209473815760642,2.0614627130243524e-18
z,24.21572303460828,1.4206966746017617e-19
z,24.221972253455924,1.1731087907165407e-18
z,24.228221472303566,6.316577919491552e-19
z,24.234470691151206,4.300091997499479e-17
z,24.240719909998845,4.6793848639585785e-17
z,24.246969128846487,4.145625517949887e-18
z,24.25321834769413,5.783377399352395e-19
z,24.25946756654177,3.93367707718289e-18
z,24.265716785389408,1.5606681339890092e-17
z,24.27196600423705,2.966602656412621e-17
z,24.278215223084693,5.6306377150205265e-18
z,24.284464441932332,2.370530945540261e-17
z,24.29071366077997,2.813352275316123e-17
z,24.296962879627614,1.941588191014263e-18
z,24.303212098475257,1.182603418642815e-19
z,24.309461317322896,1.470953302334348e-17
z,24.315710536170535,1.761359668607527e-17
z,24.321959755018177,1.8336117164970702e-17
z,24.32820897386582,3.2203183350240217e-17
z,24.33445819271346,1.6553346283311766e-17
z,24.340707411561098,2.4072720655819205e-17
z,24.34695663040874,1.0989559357796166e-17
z,24.353205849256383,1.7049106419272172e-17
z,24.359455068104023,1.392869302732925e-17
z,24.36570428695166,3.0525308579836225e-19
z,24.371953505799304,1.9475834330581744e-17
z,24.378202724646947,1.8021355446442324e-17
z,24.384451943494586,1.0162116576692008e-18
z,24.390701162342225,1.623231673983049e-18
z,24.396950381189868,4.16669872849224e-18
z,24.40319960003751,1.7506229946930582e-17
z,24.40944881888515,6.53280878181476e-17
z,24.41569803773279,2.2232498199859328e-17
z,24.42194725658043,1.0450496438945906e-18
z,24.428196475428074,8.75101383515686e-18
z,24.434445694275713,2.420782430628546e-17
z,24.44069491312335,9.837689560725489e-18
z,24.446944131970994,1.7117490100734484e-17
z,24.453193350818637,1.0045421084279082e-17
z,24.459442569666276,3.005683815694053e-17
z,24.465691788513915,3.447800898528373e-17
z,24.471941007361558,7.647187998215048e-17
z,24.4781902262092,5.364331672793056e-17
z,24.48443944505684,5.891878216412936e-19
z,24.49068866390448,3.890022355833619e-17
z,24.49693788275212,2.959839315220868e-17
z,24.503187101599764,3.713111846585563e-18
z,24.509436320447403,2.5491729543342435e-18
z,24.515685539295042,1.2633076432639054e-17
z,24.521934758142685,2.4999107800548255e-17
z,24.528183976990327,3.2434125450676883e-18
z,24.534433195837966,2.5487106492233532e-18
z,24.540682414685605,7.811902664039891e-18
z,24.546931633533248,7.650467644730496e-19
z,24.55318085238089,1.7746184406388608e-17
z,24.55943007122853,4.4788453049392555e-17
z,24.56567929007617,3.5282431014204246e-17
z,24.57192850892381,6.086756426704575e-18
z,24.578177727771454,1.6997829699297854e-17
z,24.584426946619093,2.6035282803318133e-18
z,24.590676165466732,8.942303798567786e-19
z,24.596925384314375,4.457161222260244e-18
z,24.603174603162017,6.3086517556592676e-18
z,24.609423822009656,6.375103556751584e-18
z,24.615673040857295,1.2606720550622225e-17
z,24.621922259704938,8.11532731633737e-18
z,24.62817147855258,1.0821269663570939e-17
z,24.63442069740022,1.2812841661528959e-17
z,24.64066991624786,5.39984148147857e-18
z,24.6469191350955,3.565543724013352e-18
z,24.653168353943144,5.065048264281317e-18
z,24.659417572790783,2.8278695650824646e-18
z,24.665666791638422,2.3092228612170082e-18
z,24.671916010486065,3.308905572645166e-18
z,24.678165229333707,1.256480533020999e-17
z,24.684414448181347,6.573284061618233e-18
z,24.690663667028986,5.884321825670958e-18
z,24.69691288587663,1.2932153687758017e-17
z,24.70316210472427,8.638702522918091e-18
z,24.70941132357191,3.286909871893998e-18
z,24.71566054241955,5.6700742686559574e-18
z,24.72190976126719,8.2726807603357165e-19
z,24.728158980114834,6.0787181679005345e-18
z,24.734408198962473,4.601608147561027e-18
z,24.740657417810112,1.1017867905313344e-17
z,24.746906636657755,3.440094943452517e-17
z,24.753155855505398,9.68413941761293e-18
z,24.759405074353037,2.0665456445344828e-17
z,24.765654293200676,2.3564727101098848e-17
z,24.77190351204832,2.8272903696664525e-17
z,24.77815273089596,4.7641548393554637e-17
z,24.7844019497436,2.3045751874043756e-17
z,24.79065116859124,4.143439660200291e-18
z,24.796900387438882,3.3212736385111876e-18
z,24.803149606286524,6.5973678393708225e-19
z,24.809398825134164,1.3977782509450353e-17
z,24.815648043981803,5.1067124730287763e-17
z,24.821897262829445,3.173144022419748e-17
z,24.828146481677088,8.443264113573724e-19
z,24.834395700524727,2.621811702845214e-17
z,24.840644919372366,3.121828660996129e-17
z,24.84689413822001,1.1132032279315617e-17
z,24.85314335706765,1.0740330211713456e-17
z,24.85939257591529,1.013172988851574e-17
z,24.86564179476293,5.3886291416182814e-17
z,24.871891013610572,4.2970452417336896e-17
z,24.878140232458215,8.993565425279768e-19
z,24.884389451305854,4.087540298802137e-18
z,24.890638670153493,4.166833538947535e-19
z,24.896887889001135,3.508714567503417e-18
z,24.903137107848778,5.3652232901348335e-18
z,24.909386326696417,6.1247444030439065e-18
z,24.915635545544056,4.386986779935346e-18
z,24.9218847643917,3.5479237110827633e-20
z,24.92813398323934,2.502563010823715e-19
z,24.93438320208698,1.2943572679331823e-17
z,24.94063242093462,1.007978329449668e-17
z,24.946881639782262,2.1616808055084468e-18
z,24.953130858629905,8.995140707652246e-18
z,24.959380077477544,6.989551846437759e-18
z,24.965629296325183,2.540866797911834e-18
z,24.971878515172826,6.168067104256027e-18
z,24.978127734020468,2.591543375766952e-18
z,24.984376952868107,1.4731967461139855e-18
z,24.990626171715746,5.627946790711947e-19
z,24.99687539056339,4.663639199861193e-19
